capa,circuito,codigo_gobierno_local,localidad,poblacion_localidad_2022,pct_poblacion_del_circuito_en_la_localidad,poblacion_estimada_circuito,origen
2003,0001,820147,Santa Fe,405264,100.0,6620,espacial
2003,0002,820147,Santa Fe,405264,100.0,5741,espacial
2003,0003,820147,Santa Fe,405264,100.0,3476,espacial
2003,0004,820147,Santa Fe,405264,100.0,6044,espacial
2003,0005,820147,Santa Fe,405264,100.0,5113,espacial
2003,0006,820147,Santa Fe,405264,100.0,6130,espacial
2003,0007,820147,Santa Fe,405264,100.0,15437,espacial
2003,0008,820147,Santa Fe,405264,100.0,9089,espacial
2003,0009,820147,Santa Fe,405264,100.0,10447,espacial
2003,0010,820147,Santa Fe,405264,100.0,11040,espacial
2003,0011,820147,Santa Fe,405264,100.0,10058,espacial
2003,0011A,820147,Santa Fe,405264,100.0,10747,espacial
2003,0012,820147,Santa Fe,405264,100.0,10825,espacial
2003,0013,820147,Santa Fe,405264,100.0,20033,espacial
2003,0014,820147,Santa Fe,405264,100.0,26397,espacial
2003,0015,820147,Santa Fe,405264,100.0,22140,espacial
2003,0016,820147,Santa Fe,405264,100.0,90883,espacial
2003,0017,820147,Santa Fe,405264,100.0,17269,espacial
2003,0018,820147,Santa Fe,405264,100.0,8956,espacial
2003,0019,820147,Santa Fe,405264,100.0,33898,espacial
2003,0020,820154,Santo Tomé,75133,100.0,29957,espacial
2003,0021,820147,Santa Fe,405264,100.0,11784,espacial
2003,0022,820143,San José del Rincón,13998,99.8,14005,espacial
2003,0023,820142,Recreo,19016,100.0,19018,espacial
2003,0024,823001,Monte Vera,9953,100.0,7401,espacial
2003,0025,822980,Candioti,1155,100.0,1155,espacial
2003,0026,822952,Arroyo Aguiar,1628,100.0,1628,espacial
2003,0027,820140,Laguna Paiva,13639,100.0,13639,espacial
2003,0028,822973,Campo Andino,442,100.0,442,espacial
2003,0029,823008,Nelson,4966,100.0,4967,espacial
2003,0030,822994,Llambí Campbell,2685,100.0,2685,espacial
2003,0031,822987,Emilia,1028,100.0,1028,espacial
2003,0032,820147,Santa Fe,405264,100.0,36090,espacial
2003,0033,820158,Sauce Viejo,14393,100.0,14380,espacial
2003,0034,820147,Santa Fe,405264,100.0,2083,espacial
2003,0035,820147,Santa Fe,405264,99.4,9954,espacial
2003,0036,820147,Santa Fe,405264,100.0,9932,espacial
2003,0037,822966,Cabal,128,99.9,128,espacial
2003,0038,820147,Santa Fe,405264,100.0,5114,espacial
2003,0039,823001,Monte Vera,9953,99.9,2553,espacial
2003,0040,822959,Arroyo Leyes,4831,99.5,4825,espacial
2003,0041,823092,Hipatía,550,99.9,550,espacial
2003,0042,823141,Matilde,966,100.0,966,espacial
2003,0043,823211,San Carlos Sud,2607,99.7,2612,espacial
2003,0044,820168,San Carlos Centro,12322,100.0,12317,espacial
2003,0045,823204,San Carlos Norte,1288,100.0,1288,espacial
2003,0046,823239,Santa Clara de Buena Vista,3115,100.0,3115,espacial
2003,0047,823232,San Mariano,380,100.0,380,espacial
2003,0048,823190,Sa Pereira,1590,100.0,1590,espacial
2003,0049,823197,San Agustín,1147,100.0,1147,espacial
2003,0050,823113,Jacinto L. Aráuz,186,100.0,186,espacial
2003,0051,823218,San Jerónimo del Sauce,993,100.0,993,espacial
2003,0052,820171,San Jerónimo Norte,7312,100.0,7312,espacial
2003,0053,823078,Franck,6406,100.0,6406,espacial
2003,0054,823127,Las Tunas,489,100.0,489,espacial
2003,0055,820161,Esperanza,46757,100.0,46186,espacial
2003,0055A,820161,Esperanza,46757,100.0,247,espacial
2003,0055B,820161,Esperanza,46757,99.9,77,espacial
2003,0055C,820161,Esperanza,46757,100.0,23,espacial
2003,0055D,820161,Esperanza,46757,100.0,223,espacial
2003,0056,823099,Humboldt,5320,100.0,5320,espacial
2003,0057,823155,Pilar,5310,100.0,5310,espacial
2003,0058,823148,Nuevo Torino,763,100.0,763,espacial
2003,0059,823036,Cavour,405,99.9,405,espacial
2003,0060,823071,Felicia,3158,100.0,2542,espacial
2003,0061,823085,Grutly,875,100.0,875,espacial
2003,0062,823260,Santo Domingo,1795,100.0,1795,espacial
2003,0063,823162,Progreso,2773,100.0,2773,espacial
2003,0064,823267,Sarmiento,1145,65.0,1761,espacial
2003,0065,823134,María Luisa,760,100.0,760,espacial
2003,0066,823169,Providencia,902,100.0,902,espacial
2003,0067,823120,La Pelada,1440,100.0,1440,espacial
2003,0068,823057,Elisa,1828,100.0,1828,espacial
2003,0069,823064,Empalme San Carlos,346,95.5,362,espacial
2003,0070,823183,Rivadavia,221,99.9,221,espacial
2003,0071,823050,Cululú,296,99.9,296,espacial
2003,0072,823246,Santa María Centro,152,99.9,152,espacial
2003,0073,823043,San José,272,99.9,272,espacial
2003,0074,823253,Santa María Norte,164,99.8,164,espacial
2003,0075,823176,Pujato Norte,495,100.0,495,espacial
2003,0076,823274,Soutomayor,120,99.8,120,espacial
2003,0077,823106,Ituzaingó,82,99.9,82,espacial
2003,0079,820245,Coronda,19499,99.9,19526,espacial
2003,0080,823799,Larrechea,687,99.9,688,espacial
2003,0081,823785,Gessler,1158,100.0,1158,espacial
2003,0082,823813,López,1580,100.0,1580,espacial
2003,0083,820252,Gálvez,20124,100.0,20124,espacial
2003,0084,823722,Arocena,2134,100.0,2134,espacial
2003,0085,823792,Irigoyen,1003,100.0,1003,espacial
2003,0085A,823834,San Eugenio,124,100.0,124,espacial
2003,0086,823736,Bernardo de Irigoyen,1658,100.0,1658,espacial
2003,0087,823729,Barrancas,5611,100.0,4914,espacial
2003,0088,823757,Centeno,3092,100.0,3092,espacial
2003,0089,820256,San Genaro,9620,100.0,9620,espacial
2003,0091,823771,Díaz,1780,100.0,1780,espacial
2003,0092,823827,Monje,2400,100.0,2400,espacial
2003,0093,823820,Maciel,5975,100.0,5921,espacial
2003,0094,823778,Gaboto,3672,99.7,3684,espacial
2003,0095,823841,San Fabián,1099,100.0,1099,espacial
2003,0096,823764,Desvío Arijón,2933,100.0,1739,espacial
2003,0096A,823764,Desvío Arijón,2933,100.0,1166,espacial
2003,0097,823806,Loma Alta,202,100.0,202,espacial
2003,0098,823729,Barrancas,5611,100.0,697,espacial
2003,0100,823743,Campo Piaggio,87,100.0,87,espacial
2003,0101,823750,Casalegno,179,99.9,179,espacial
2003,0104,822546,Colonia Mascías,1044,99.8,221,espacial
2003,0105,822560,Saladero Mariano Cabal,918,100.0,918,espacial
2003,0106,822553,Helvecia,10164,100.0,8933,espacial
2003,0106A,822553,Helvecia,10164,100.0,275,espacial
2003,0106B,822553,Helvecia,10164,100.0,35,espacial
2003,0107,822539,Cayastá,4897,100.0,4897,espacial
2003,0108,822567,Santa Rosa de Calchines,7830,100.0,7829,espacial
2003,0109,822546,Colonia Mascías,1044,100.0,823,espacial
2003,0110,822553,Helvecia,10164,100.0,921,espacial
2003,0111,822154,Colonia Bicha,375,100.0,375,espacial
2003,0112,822252,Galisteo,253,100.0,253,espacial
2003,0113,822378,Tacurales,448,100.0,448,espacial
2003,0114,822399,Virginia,258,100.0,258,espacial
2003,0115,822371,Tacural,1553,100.0,1553,espacial
2003,0116,822196,Colonia Raquel,457,100.0,457,espacial
2003,0117,822273,Humberto Primo,5848,100.0,5848,espacial
2003,0118,820049,Sunchales,23397,100.0,23397,espacial
2003,0119,822231,Eusebia y Carolina,1048,100.0,1048,espacial
2003,0120,822147,Colonia Aldao,2015,100.0,2015,espacial
2003,0120A,822161,Colonia Bigand,176,100.0,176,espacial
2003,0120B,822266,Hugentobler,157,100.0,157,espacial
2003,0121,822119,Ataliva,2292,100.0,2292,espacial
2003,0122,822210,Egusquiza,366,100.0,366,espacial
2003,0123,822287,Lehmann,3574,100.0,3574,espacial
2003,0124,822329,Ramona,2062,100.0,2062,espacial
2003,0125,822385,Vila,1586,100.0,1586,espacial
2003,0126,822168,Castellanos,285,99.9,282,espacial
2003,0127,822315,Presidente Roca,1035,100.0,1035,espacial
2003,0128A,820042,Rafaela,101699,100.0,37989,espacial
2003,0128B,820042,Rafaela,101699,100.0,19798,espacial
2003,0129,822133,Bauer y Sigel,313,100.0,313,espacial
2003,0130,822357,Santa Clara de Saguier,2057,100.0,2057,espacial
2003,0131,822336,Saguier,506,100.0,506,espacial
2003,0132,822364,Susana,1834,100.0,1834,espacial
2003,0133,822126,Aurelia,208,100.0,208,espacial
2003,0134,822280,Josefina,2738,85.6,3134,espacial
2003,0134A,820035,Frontera,9967,100.0,9187,espacial
2003,0135,822175,Colonia Cello,215,100.0,215,espacial
2003,0136,822308,Plaza Clucellas,1948,100.0,1948,espacial
2003,0136A,822182,Colonia Iturraspe,88,100.0,88,espacial
2003,0137,822112,Angélica,1475,100.0,1475,espacial
2003,0138,822406,Zenón Pereyra,2123,99.7,2129,espacial
2003,0139,822217,Esmeralda,705,100.0,699,espacial
2003,0140,822294,María Juana,4910,100.0,4864,espacial
2003,0141,822189,Colonia Margarita,351,100.0,351,espacial
2003,0142,820045,San Vicente,6240,100.0,6240,espacial
2003,0143,822140,Bella Italia,1936,100.0,1935,espacial
2003,0144,822224,Estación Clucellas,1006,100.0,1006,espacial
2003,0145,822343,San Antonio,323,99.0,326,espacial
2003,0146,822392,Villa San José,426,100.0,426,espacial
2003,0147,822259,Garibaldi,288,100.0,288,espacial
2003,0148,822322,Pueblo Marini,164,100.0,164,espacial
2003,0149,822238,Eustolia,107,69.9,153,espacial
2003,0150,822245,Fidela,179,100.0,179,espacial
2003,0151,822203,Coronel Fraga,393,100.0,393,espacial
2003,0152,822301,Colonia Maua,80,100.0,80,espacial
2003,0153,824065,Castelar,755,100.0,755,espacial
2003,0154,824079,Crispi,454,100.0,454,espacial
2003,0155,820322,Sastre y Ortiz,5855,100.0,5855,espacial
2003,0156,824128,San Martín de las Escobas,3047,100.0,3047,espacial
2003,0157,824072,Colonia Belgrano,1414,100.0,1414,espacial
2003,0158,820315,San Jorge,19524,100.0,19524,espacial
2003,0159,824086,Landeta,1502,100.0,1498,espacial
2003,0160,824051,Carlos Pellegrini,5961,100.0,5961,espacial
2003,0161,824044,Cañada Rosquín,5616,100.0,5616,espacial
2003,0162,824058,Casas,777,100.0,777,espacial
2003,0163,824093,Las Bandurrias,308,100.0,308,espacial
2003,0164,824121,Piamonte,3622,100.0,3622,espacial
2003,0165,820308,El Trébol,12424,100.0,12424,espacial
2003,0166,824114,María Susana,3569,100.0,3569,espacial
2003,0167,824107,Los Cardos,1333,100.0,1333,espacial
2003,0168,824135,Traill,186,99.9,186,espacial
2003,0169,824100,Las Petacas,952,100.0,952,espacial
2003,0174,823540,Dos Rosas y La Legua,504,100.0,448,espacial
2003,0175,823561,La Cabral,246,100.0,246,espacial
2003,0176,823498,Capivara,352,100.0,352,espacial
2003,0177,823477,Aguará Grande,384,100.0,384,espacial
2003,0178,820224,Ceres,16360,100.0,16354,espacial
2003,0179,823547,Hersilia,3449,100.0,3448,espacial
2003,0180,823484,Ambrosetti,1326,100.0,1326,espacial
2003,0181,823554,Huanqueros,864,100.0,864,espacial
2003,0181A,823589,Las Avispas,127,100.0,127,espacial
2003,0182,823652,Santurce,58,100.0,58,espacial
2003,0183,823680,Villa Trinidad,3939,100.0,3935,espacial
2003,0184,823491,Arrufo,2301,100.0,2301,espacial
2003,0185,820231,San Cristóbal,15363,100.0,15363,espacial
2003,0186,823624,Ñanducita,212,100.0,212,espacial
2003,0187,823519,Colonia Rosa,1069,100.0,1067,espacial
2003,0188,820233,San Guillermo,9315,100.0,9315,espacial
2003,0189,823610,Monigotes,426,100.0,426,espacial
2003,0191,820235,Suardi,7761,100.0,7745,espacial
2003,0192,823526,Constanza,256,100.0,256,espacial
2003,0193,823603,Moisés Ville,2415,100.0,2415,espacial
2003,0194,823631,Palacios,515,100.0,515,espacial
2003,0195,823659,Soledad,1125,100.0,1125,espacial
2003,0196,823673,Villa Saralegui,635,100.0,606,espacial
2003,0196A,823673,Villa Saralegui,635,99.7,19,espacial
2003,0196B,823673,Villa Saralegui,635,99.9,10,espacial
2003,0197,823617,Monte Oscuridad,705,100.0,426,espacial
2003,0198,823638,Portugalete,145,100.0,145,espacial
2003,0199,823568,Colonia Clara,144,100.0,144,espacial
2003,0200,823596,Las Palmeras,652,100.0,652,espacial
2003,0201,823582,La Rubia,543,100.0,543,espacial
2003,0202,823533,Curupaity,387,100.0,387,espacial
2003,0203,823512,Colonia Bossi,461,100.0,461,espacial
2003,0204,823505,Colonia Ana,289,99.9,288,espacial
2003,0205,823575,La Lucila,265,100.0,265,espacial
2003,0207,823869,Cayastacito,501,100.0,501,espacial
2003,0208,823974,Videla,2505,100.0,2491,espacial
2003,0208A,823925,Naré,336,99.8,6,espacial
2003,0208B,823883,Esther,79,100.0,79,espacial
2003,0208C,823862,Angeloni,272,95.0,286,espacial
2003,0209,823925,Naré,336,100.0,330,espacial
2003,0210,820259,San Justo,26366,100.0,26329,espacial
2003,0210A,823946,San Bernardo,81,99.9,81,espacial
2003,0211,823939,Ramayón,693,99.9,694,espacial
2003,0212,823918,Marcelino Escalada,2042,100.0,2042,espacial
2003,0212A,823960,Silva,452,100.0,452,espacial
2003,0213,823890,Gobernador Crespo,6451,100.0,6451,espacial
2003,0214,823953,San Martín Norte,954,100.0,954,espacial
2003,0214A,823876,Colonia Dolores,761,100.0,761,espacial
2003,0215,823967,Vera y Pintado,1343,100.0,1343,espacial
2003,0215A,823897,La Camila,111,99.9,93,espacial
2003,0216,823904,La Criolla,2502,100.0,2431,espacial
2003,0216A,823904,La Criolla,2502,100.0,71,espacial
2003,0217,823911,La Penca y Caraguatá,380,100.0,380,espacial
2003,0218,823932,Pedro Gómez Cello,657,97.4,675,espacial
2003,0219,820259,San Justo,26366,99.9,36,espacial
2003,0220,820112,Reconquista,87986,100.0,205,espacial
2003,0221,820105,Malabrigo,8708,100.0,8649,espacial
2003,0221A,820105,Malabrigo,8708,99.9,59,espacial
2003,0222,822770,Berna,938,100.0,890,espacial
2003,0222A,822770,Berna,938,99.8,48,espacial
2003,0223,822847,Nicanor Molinas,543,100.0,450,espacial
2003,0223A,822847,Nicanor Molinas,543,99.9,93,espacial
2003,0224,820112,Reconquista,87986,100.0,24443,espacial
2003,0224A,820112,Reconquista,87986,100.0,1157,espacial
2003,0224B,820112,Reconquista,87986,100.0,1362,espacial
2003,0225,820091,Avellaneda,29299,99.9,28065,espacial
2003,0225A,820091,Avellaneda,29299,100.0,541,espacial
2003,0226,820091,Avellaneda,29299,100.0,705,espacial
2003,0227,822826,Lanteri,2569,100.0,2512,espacial
2003,0227A,822812,Ingeniero Chanourdie,989,100.0,953,espacial
2003,0227B,822826,Lanteri,2569,100.0,24,espacial
2003,0228,822833,Las Garzas,1728,100.0,1728,espacial
2003,0229,822791,El Sombrerito,746,100.0,746,espacial
2003,0230,822868,Villa Ana,3331,100.0,3296,espacial
2003,0231,820119,Villa Ocampo,19628,100.0,218,espacial
2003,0232,820119,Villa Ocampo,19628,99.3,19550,espacial
2003,0232A,822868,Villa Ana,3331,100.0,34,espacial
2003,0233,822861,Tacuarendi,2941,100.0,2801,espacial
2003,0234,822854,San Antonio de Obligado,3167,100.0,3110,espacial
2003,0235,820098,Las Toscas,14397,99.6,12901,espacial
2003,0237,822875,Villa Guillermina,3921,71.6,5474,espacial
2003,0238,822784,El Rabón,1421,74.6,1896,espacial
2003,0239,820095,Florencia,7454,95.5,7558,espacial
2003,0239A,822808,Hardy,877,100.0,53,espacial
2003,0240,820095,Florencia,7454,100.0,236,espacial
2003,0241,822812,Ingeniero Chanourdie,989,100.0,36,espacial
2003,0242,822805,Guadalupe Norte,1700,100.0,1700,espacial
2003,0243,822868,Villa Ana,3331,100.0,2,espacial
2003,0244,822819,La Sarita,1494,99.9,117,espacial
2003,0244A,822819,La Sarita,1494,100.0,652,espacial
2003,0244B,822819,La Sarita,1494,100.0,590,espacial
2003,0245,822763,Arroyo Ceibal,1422,100.0,1422,espacial
2003,0246,822840,Los Laureles,1487,100.0,1431,espacial
2003,0246A,822840,Los Laureles,1487,100.0,56,espacial
2003,0247,822777,El Araza,787,100.0,787,espacial
2003,0248,822826,Lanteri,2569,99.7,33,espacial
2003,0249,822819,La Sarita,1494,99.8,136,espacial
2003,0251,820329,Calchaquí,12788,100.0,12788,espacial
2003,0252,824191,Margarita,4566,100.0,4566,espacial
2003,0253,824177,La Gallareta,2719,100.0,2719,espacial
2003,0254,820336,Vera,22747,99.8,22289,espacial
2003,0254A,820336,Vera,22747,100.0,269,espacial
2003,0255,820336,Vera,22747,78.1,77,espacial
2003,0256,824205,Toba,924,100.0,645,espacial
2003,0256A,824205,Toba,924,99.9,108,espacial
2003,0257,824156,Garabato,1912,100.0,1459,espacial
2003,0259,824170,Intiyaco,1408,100.0,1391,espacial
2003,0260,824198,Tartagal,1848,100.0,1848,espacial
2003,0261,824163,Golondrina,443,81.6,543,espacial
2003,0262,824142,Cañada Ombú,914,100.0,914,espacial
2003,0263,824184,Los Amores,1206,100.0,1206,espacial
2003,0264,820336,Vera,22747,99.9,31,espacial
2003,0267,820336,Vera,22747,99.3,102,espacial
2003,0268,824149,Fortín Olmos,3493,100.0,3482,espacial
2003,0268A,824156,Garabato,1912,100.0,453,espacial
2003,0268B,824149,Fortín Olmos,3493,100.0,11,espacial
2003,0269,824188,Los Tábanos,495,100.0,395,espacial
2003,0270,820336,Vera,22747,56.2,63,espacial
2003,0271,824205,Toba,924,100.0,86,espacial
2003,0274,823694,Cacique Ariacaiquín,373,100.0,373,espacial
2003,0275,820238,San Javier,17452,99.1,17546,espacial
2003,0275A,823704,Colonia Teresa,701,90.0,607,espacial
2003,0276,823687,Alejandra,4406,100.0,3986,espacial
2003,0276A,823687,Alejandra,4406,99.9,164,espacial
2003,0276B,823687,Alejandra,4406,100.0,228,espacial
2003,0277,820237,Romang,9168,100.0,9052,espacial
2003,0277A,820237,Romang,9168,100.0,29,espacial
2003,0277B,820237,Romang,9168,100.0,29,espacial
2003,0278,823701,Colonia Durán,466,99.9,24,espacial
2003,0279,823708,La Brava,614,100.0,614,espacial
2003,0280,823701,Colonia Durán,466,100.0,442,espacial
2003,0281,820237,Romang,9168,99.9,87,espacial
2003,0283,823281,Esteban Rams,307,100.0,307,espacial
2003,0284,823309,Logroño,810,100.0,810,espacial
2003,0285,820175,Tostado,17006,100.0,16937,espacial
2003,0285A,823323,Pozo Borrado,1030,100.0,1030,espacial
2003,0285B,823323,Pozo Borrado,1030,100.0,1030,espacial
2003,0286,820175,Tostado,17006,100.0,63,espacial
2003,0287,823330,San Bernardo,744,100.0,744,espacial
2003,0289,823295,Gregoria Pérez de Denis,1967,100.0,1965,espacial
2003,0290,823316,Montefiore,292,100.0,292,espacial
2003,0291,823344,Villa Minetti,6529,100.0,6524,espacial
2003,0292,823288,Gato Colorado,1106,100.0,1106,espacial
2003,0293,823337,Santa Margarita,1103,100.0,1103,espacial
2003,0294,823302,Juan de Garay,48,99.9,48,espacial
2003,0301,820210,Rosario,1030069,100.0,8032,espacial
2003,0302,820210,Rosario,1030069,100.0,10708,espacial
2003,0303,820210,Rosario,1030069,100.0,5191,espacial
2003,0304,820210,Rosario,1030069,100.0,7417,espacial
2003,0305,820210,Rosario,1030069,100.0,5587,espacial
2003,0306,820210,Rosario,1030069,100.0,5836,espacial
2003,0307,820210,Rosario,1030069,100.0,8719,espacial
2003,0308,820210,Rosario,1030069,100.0,5608,espacial
2003,0309,820210,Rosario,1030069,100.0,3007,espacial
2003,0310,820210,Rosario,1030069,100.0,3486,espacial
2003,0311,820210,Rosario,1030069,100.0,2383,espacial
2003,0312,820210,Rosario,1030069,100.0,7310,espacial
2003,0313,820210,Rosario,1030069,100.0,7984,espacial
2003,0314,820210,Rosario,1030069,100.0,6191,espacial
2003,0315,820210,Rosario,1030069,100.0,5635,espacial
2003,0316,820210,Rosario,1030069,100.0,9827,espacial
2003,0317,820210,Rosario,1030069,100.0,7461,espacial
2003,0318,820210,Rosario,1030069,100.0,8404,espacial
2003,0319,820210,Rosario,1030069,100.0,6063,espacial
2003,0320,820210,Rosario,1030069,100.0,7567,espacial
2003,0321,820210,Rosario,1030069,100.0,6427,espacial
2003,0322,820210,Rosario,1030069,100.0,4473,espacial
2003,0323,820210,Rosario,1030069,100.0,11150,espacial
2003,0324,820210,Rosario,1030069,100.0,5273,espacial
2003,0325,820210,Rosario,1030069,100.0,5283,espacial
2003,0326,820210,Rosario,1030069,100.0,7630,espacial
2003,0327,820210,Rosario,1030069,100.0,8034,espacial
2003,0328,820210,Rosario,1030069,100.0,8408,espacial
2003,0329,820210,Rosario,1030069,100.0,16928,espacial
2003,0330,820210,Rosario,1030069,100.0,11948,espacial
2003,0331,820210,Rosario,1030069,100.0,10006,espacial
2003,0332,820210,Rosario,1030069,100.0,9206,espacial
2003,0333,820210,Rosario,1030069,100.0,14626,espacial
2003,0334,820210,Rosario,1030069,100.0,14956,espacial
2003,0335,820210,Rosario,1030069,100.0,3799,espacial
2003,0336,820210,Rosario,1030069,100.0,7027,espacial
2003,0337,820210,Rosario,1030069,100.0,5409,espacial
2003,0338,820210,Rosario,1030069,100.0,7210,espacial
2003,0339,820210,Rosario,1030069,100.0,8762,espacial
2003,0340,820210,Rosario,1030069,100.0,9247,espacial
2003,0341,823351,Acebal,5648,100.0,5648,espacial
2003,0341A,823435,Pueblo Muñoz,567,100.0,567,espacial
2003,0341B,823379,Arminda,303,100.0,303,espacial
2003,0342,820210,Rosario,1030069,100.0,38201,espacial
2003,0342A,820210,Rosario,1030069,99.4,25432,espacial
2003,0342B,820210,Rosario,1030069,99.9,25008,espacial
2003,0343,823365,Álvarez,7930,99.8,7942,espacial
2003,0343A,823421,Piñero,2484,98.5,2522,espacial
2003,0344,820210,Rosario,1030069,100.0,19211,espacial
2003,0344A,820210,Rosario,1030069,100.0,29570,espacial
2003,0345,820182,Arroyo Seco,24472,100.0,24444,espacial
2003,0345A,823400,Fighiera,5960,99.9,5944,espacial
2003,0347,820210,Rosario,1030069,100.0,86651,espacial
2003,0347A,820210,Rosario,1030069,99.9,28241,espacial
2003,0348,820210,Rosario,1030069,100.0,63211,espacial
2003,0349,820210,Rosario,1030069,100.0,38053,espacial
2003,0349A,820210,Rosario,1030069,100.0,69698,espacial
2003,0349B,820210,Rosario,1030069,100.0,36205,espacial
2003,0349C,820210,Rosario,1030069,100.0,6618,espacial
2003,0349D,820210,Rosario,1030069,100.0,769,espacial
2003,0350,823386,Carmen del Sauce,1002,100.0,1002,espacial
2003,0350A,823449,Uranga,884,100.0,884,espacial
2003,0351,823393,Coronel Bogado,2448,100.0,2448,espacial
2003,0351A,823358,Albarellos,366,100.0,366,espacial
2003,0352,820189,Funes,38284,99.6,38419,espacial
2003,0353,820210,Rosario,1030069,100.0,36027,espacial
2003,0353A,820210,Rosario,1030069,100.0,49677,espacial
2003,0354,820210,Rosario,1030069,100.0,23555,espacial
2003,0354A,820210,Rosario,1030069,100.0,11669,espacial
2003,0355,820196,Granadero Baigorria,44188,99.9,44030,espacial
2003,0355A,823414,Ibarlucea,8903,99.9,8859,espacial
2003,0356,820203,Pérez,32389,100.0,20533,espacial
2003,0356A,820203,Pérez,32389,99.8,11866,espacial
2003,0357,823442,Soldini,4286,99.9,4286,espacial
2003,0358,820210,Rosario,1030069,100.0,18944,espacial
2003,0359,820210,Rosario,1030069,100.0,66175,espacial
2003,0359A,820210,Rosario,1030069,100.0,47973,espacial
2003,0360,823456,Villa Amelia,1843,98.8,1846,espacial
2003,0360A,823470,Coronel Domínguez,1175,100.0,1175,espacial
2003,0362A,820217,Villa Gobernador Gálvez,92147,99.9,33232,espacial
2003,0362B,823372,Alvear,8349,99.7,8318,espacial
2003,0362C,823407,General Lagos,5072,100.0,5026,espacial
2003,0362D,820207,Pueblo Esther,12666,100.0,12625,espacial
2003,0363,823463,Zavalla,6722,100.0,6722,espacial
2003,0364,822028,Arequito,7319,100.0,7319,espacial
2003,0365,822035,Arteaga,3414,100.0,3413,espacial
2003,0366,822042,Berabevú,2104,100.0,2104,espacial
2003,0367,822049,Bigand,5599,100.0,5599,espacial
2003,0368A,820028,Casilda,38594,100.0,38594,espacial
2003,0368B,820028,Casilda,38594,100.0,38594,espacial
2003,0368C,820028,Casilda,38594,100.0,38594,espacial
2003,0368D,820028,Casilda,38594,100.0,38594,espacial
2003,0369,822105,Villada,1259,100.0,1259,espacial
2003,0370,822056,Chabas,7444,100.0,7444,espacial
2003,0371,822063,Chañar Ladeado,5385,100.0,5385,espacial
2003,0372,822070,Gödeken,1908,100.0,1908,espacial
2003,0373,822077,Los Molinos,2022,100.0,2022,espacial
2003,0374,822084,Los Quirquinchos,2268,100.0,2268,espacial
2003,0375,822091,San José de la Esquina,6869,100.0,6715,espacial
2003,0375A,822091,San José de la Esquina,6869,100.0,154,espacial
2003,0376,822098,Sanford,2033,100.0,2033,espacial
2003,0377A,822413,Alcorta,7680,100.0,7684,espacial
2003,0377B,822420,Bombal,3510,100.0,3510,espacial
2003,0377C,822469,Juncal,996,100.0,996,espacial
2003,0378,822476,La Vanguardia,383,100.0,383,espacial
2003,0378A,822455,Godoy,1374,100.0,1374,espacial
2003,0378B,822434,Cepeda,351,100.0,351,espacial
2003,0378C,822525,Sargento Cabral,1023,100.0,1023,espacial
2003,0378D,822511,Rueda,628,100.0,628,espacial
2003,0379A,822462,Juan B. Molina,1310,100.0,1310,espacial
2003,0379B,822448,General Gelly,651,100.0,651,espacial
2003,0379C,822427,Cañada Rica,679,100.0,679,espacial
2003,0380,822483,Máximo Paz,3204,100.0,3204,espacial
2003,0381,822497,Pavón Arriba,2110,100.0,2110,espacial
2003,0382,822504,Peyrano,2473,100.0,2473,espacial
2003,0383,822518,Santa Teresa,3243,100.0,3243,espacial
2003,0384,820056,Villa Constitución,52576,100.0,52477,espacial
2003,0384A,822441,Empalme Villa Constitución,7148,100.0,7148,espacial
2003,0384B,822490,Pavón,3083,100.0,3083,espacial
2003,0384C,822532,Theobald,541,100.0,541,espacial
2003,0385A,822588,Cafferata,1108,100.0,1108,espacial
2003,0385B,822721,San Francisco de Santa Fe,313,100.0,313,espacial
2003,0385C,822658,La Chispa,569,100.0,569,espacial
2003,0386,822602,Carmen,1756,100.0,1756,espacial
2003,0386A,822616,Chapuy,874,100.0,874,espacial
2003,0386B,822707,Murphy,4039,100.0,4039,espacial
2003,0387,822609,Carreras,1954,100.0,1950,espacial
2003,0388A,822637,Diego de Alvear,2047,100.0,2047,espacial
2003,0388B,822574,Aarón Castellanos,401,100.0,367,espacial
2003,0389,822644,Elortondo,5938,100.0,5938,espacial
2003,0390A,820063,Firmat,20536,100.0,20536,espacial
2003,0390B,822623,Chovet,2131,100.0,2131,espacial
2003,0390C,822595,Cañada del Ucle,973,100.0,973,espacial
2003,0390D,822700,Miguel Torres,522,100.0,521,espacial
2003,0391,822672,Lazzarino,426,92.6,460,espacial
2003,0391A,822581,Amenábar,1965,100.0,1965,espacial
2003,0392,822679,Maggiolo,2068,100.0,2068,espacial
2003,0393,822693,Melincué,2461,100.0,2461,espacial
2003,0393A,822665,Labordeboy,1155,100.0,1155,espacial
2003,0394,820070,Rufino,19172,100.0,19172,espacial
2003,0395A,822714,San Eduardo,1154,100.0,1154,espacial
2003,0395B,822735,Sancti Spiritu,3688,100.0,3688,espacial
2003,0396,822728,San Gregorio,5400,100.0,5399,espacial
2003,0396A,822630,Christophersen,898,100.0,898,espacial
2003,0397,822742,Santa Isabel,4735,100.0,4735,espacial
2003,0397A,822686,María Teresa,4073,100.0,4073,espacial
2003,0398,822749,Teodelina,6651,100.0,6650,espacial
2003,0399,820077,Venado Tuerto,82839,100.0,26120,espacial
2003,0400,820084,Villa Cañás,9757,100.0,9757,espacial
2003,0401A,822756,Wheelwright,6140,100.0,6140,espacial
2003,0401B,822651,Hughes,4792,100.0,4792,espacial
2003,0402,820007,Armstrong,12939,100.0,12939,espacial
2003,0403,820014,Las Parejas,14514,100.0,14514,espacial
2003,0404A,820021,Las Rosas,14371,100.0,14370,espacial
2003,0404B,822007,Bouquet,1375,100.0,1375,espacial
2003,0405,822014,Montes de Oca,2857,100.0,2857,espacial
2003,0406,822021,Tortugas,2488,100.0,2488,espacial
2003,0407,822882,Bustinza,1344,100.0,1344,espacial
2003,0408,820126,Cañada de Gómez,32108,100.0,32108,espacial
2003,0409,822889,Carrizales,1206,100.0,1206,espacial
2003,0410,822903,Correa,6212,99.8,6224,espacial
2003,0411A,822931,Salto Grande,2529,100.0,2529,espacial
2003,0411B,822910,Lucio V. López,505,100.0,505,espacial
2003,0412,822917,Oliveros,5671,99.2,5699,espacial
2003,0413A,820133,Totoras,11676,100.0,11582,espacial
2003,0413B,822896,Classon,924,100.0,924,espacial
2003,0413C,820133,Totoras,11676,100.0,94,espacial
2003,0414,822938,Serodino,4087,100.0,4087,espacial
2003,0414A,822924,Pueblo Andino,4142,99.7,4147,espacial
2003,0415,822945,Villa Eloísa,3232,100.0,3232,espacial
2003,0416,820273,Carcarañá,17354,100.0,17342,espacial
2003,0417,824037,Villa Mugueta,2254,100.0,36,espacial
2003,0417A,823995,Fuentes,2729,100.0,2729,espacial
2003,0417B,824037,Villa Mugueta,2254,100.0,2218,espacial
2003,0418A,824030,Timbúes,6437,99.9,6439,espacial
2003,0418B,823981,Aldao,802,99.4,807,espacial
2003,0419,824002,Luis Palacios,1543,99.1,1558,espacial
2003,0420,820280,Fray Luis Beltrán,18498,98.4,18768,espacial
2003,0420A,820266,Capitán Bermúdez,30792,99.7,30651,espacial
2003,0421,820287,Puerto General San Martín,17969,100.0,17624,espacial
2003,0422,824009,Pujato,3566,100.0,3566,espacial
2003,0422A,823988,Coronel Arnold,990,100.0,990,espacial
2003,0422B,823988,Coronel Arnold,990,100.0,990,espacial
2003,0423,820294,Roldán,30680,100.0,30671,espacial
2003,0424,824023,San Jerónimo Sud,3067,100.0,3067,espacial
2003,0425A,820301,San Lorenzo,50942,100.0,50580,espacial
2003,0425B,824016,Ricardone,5964,100.0,5966,espacial
2007,0001,820147,Santa Fe,405264,100.0,6620,espacial
2007,0002,820147,Santa Fe,405264,100.0,5741,espacial
2007,0003,820147,Santa Fe,405264,100.0,3476,espacial
2007,0004,820147,Santa Fe,405264,100.0,6044,espacial
2007,0005,820147,Santa Fe,405264,100.0,5113,espacial
2007,0006,820147,Santa Fe,405264,100.0,6130,espacial
2007,0007,820147,Santa Fe,405264,100.0,15437,espacial
2007,0008,820147,Santa Fe,405264,100.0,9089,espacial
2007,0009,820147,Santa Fe,405264,100.0,10447,espacial
2007,0010,820147,Santa Fe,405264,100.0,11040,espacial
2007,0011,820147,Santa Fe,405264,100.0,10058,espacial
2007,0011A,820147,Santa Fe,405264,100.0,10747,espacial
2007,0012,820147,Santa Fe,405264,100.0,10825,espacial
2007,0013,820147,Santa Fe,405264,100.0,20033,espacial
2007,0014,820147,Santa Fe,405264,100.0,26397,espacial
2007,0015,820147,Santa Fe,405264,100.0,22140,espacial
2007,0016,820147,Santa Fe,405264,100.0,90883,espacial
2007,0017,820147,Santa Fe,405264,100.0,17269,espacial
2007,0018,820147,Santa Fe,405264,100.0,8956,espacial
2007,0019,820147,Santa Fe,405264,100.0,33898,espacial
2007,0020,820154,Santo Tomé,75133,100.0,29957,espacial
2007,0020A,820154,Santo Tomé,75133,100.0,31633,espacial
2007,0020B,820154,Santo Tomé,75133,100.0,13546,espacial
2007,0021,820147,Santa Fe,405264,100.0,11784,espacial
2007,0022,820143,San José del Rincón,13998,99.8,14005,espacial
2007,0023,820142,Recreo,19016,100.0,19018,espacial
2007,0024,823001,Monte Vera,9953,100.0,7401,espacial
2007,0025,822980,Candioti,1155,100.0,1155,espacial
2007,0026,822952,Arroyo Aguiar,1628,100.0,1628,espacial
2007,0027,820140,Laguna Paiva,13639,100.0,13639,espacial
2007,0028,822973,Campo Andino,442,100.0,442,espacial
2007,0029,823008,Nelson,4966,100.0,4967,espacial
2007,0030,822994,Llambí Campbell,2685,100.0,2685,espacial
2007,0031,822987,Emilia,1028,100.0,1028,espacial
2007,0032,820147,Santa Fe,405264,100.0,36090,espacial
2007,0033,820158,Sauce Viejo,14393,100.0,14380,espacial
2007,0034,820147,Santa Fe,405264,100.0,2083,espacial
2007,0035,820147,Santa Fe,405264,99.4,9954,espacial
2007,0036,820147,Santa Fe,405264,100.0,9932,espacial
2007,0037,822966,Cabal,128,99.9,128,espacial
2007,0038,820147,Santa Fe,405264,100.0,5114,espacial
2007,0039,823001,Monte Vera,9953,99.9,2553,espacial
2007,0040,822959,Arroyo Leyes,4831,99.5,4825,espacial
2007,0041,823092,Hipatía,550,99.9,550,espacial
2007,0042,823141,Matilde,966,100.0,966,espacial
2007,0043,823211,San Carlos Sud,2607,99.7,2612,nomenclador
2007,0044,820168,San Carlos Centro,12322,100.0,12317,nomenclador
2007,0045,823204,San Carlos Norte,1288,100.0,1288,espacial
2007,0046,823239,Santa Clara de Buena Vista,3115,100.0,3115,nomenclador
2007,0047,823232,San Mariano,380,100.0,380,espacial
2007,0048,823190,Sa Pereira,1590,100.0,1590,espacial
2007,0049,823197,San Agustín,1147,100.0,1147,espacial
2007,0050,823113,Jacinto L. Aráuz,186,100.0,186,espacial
2007,0051,823218,San Jerónimo del Sauce,993,100.0,993,espacial
2007,0052,820171,San Jerónimo Norte,7312,100.0,7312,nomenclador
2007,0053,823078,Franck,6406,100.0,6406,nomenclador
2007,0054,823127,Las Tunas,489,100.0,489,espacial
2007,0055,820161,Esperanza,46757,100.0,46186,nomenclador
2007,0055A,820161,Esperanza,46757,100.0,247,espacial
2007,0055B,820161,Esperanza,46757,99.9,77,espacial
2007,0055C,820161,Esperanza,46757,100.0,23,espacial
2007,0055D,820161,Esperanza,46757,100.0,223,espacial
2007,0056,823099,Humboldt,5320,100.0,5320,nomenclador
2007,0057,823155,Pilar,5310,100.0,5310,nomenclador
2007,0058,823148,Nuevo Torino,763,100.0,763,espacial
2007,0059,823036,Cavour,405,99.9,405,espacial
2007,0060,823071,Felicia,3158,100.0,2542,nomenclador
2007,0061,823085,Grutly,875,100.0,875,espacial
2007,0062,823260,Santo Domingo,1795,100.0,1795,espacial
2007,0063,823162,Progreso,2773,100.0,2773,nomenclador
2007,0064,823267,Sarmiento,1145,65.0,1761,espacial
2007,0065,823134,María Luisa,760,100.0,760,espacial
2007,0066,823169,Providencia,902,100.0,902,espacial
2007,0067,823120,La Pelada,1440,100.0,1440,espacial
2007,0068,823057,Elisa,1828,100.0,1828,espacial
2007,0069,823064,Empalme San Carlos,346,95.5,362,espacial
2007,0070,823183,Rivadavia,221,99.9,221,espacial
2007,0071,823050,Cululú,296,99.9,296,espacial
2007,0072,823246,Santa María Centro,152,99.9,152,espacial
2007,0073,823043,San José,272,99.9,272,espacial
2007,0074,823253,Santa María Norte,164,99.8,164,espacial
2007,0075,823176,Pujato Norte,495,100.0,495,espacial
2007,0076,823274,Soutomayor,120,99.8,120,espacial
2007,0077,823106,Ituzaingó,82,99.9,82,espacial
2007,0079,820245,Coronda,19499,99.9,19526,espacial
2007,0080,823799,Larrechea,687,99.9,688,espacial
2007,0081,823785,Gessler,1158,100.0,1158,espacial
2007,0082,823813,López,1580,100.0,1580,espacial
2007,0083,820252,Gálvez,20124,100.0,20124,espacial
2007,0084,823722,Arocena,2134,100.0,2134,espacial
2007,0085,823792,Irigoyen,1003,100.0,1003,espacial
2007,0085A,823834,San Eugenio,124,100.0,124,espacial
2007,0086,823736,Bernardo de Irigoyen,1658,100.0,1658,espacial
2007,0087,823729,Barrancas,5611,100.0,4914,espacial
2007,0088,823757,Centeno,3092,100.0,3092,espacial
2007,0089,820256,San Genaro,9620,100.0,9620,espacial
2007,0091,823771,Díaz,1780,100.0,1780,espacial
2007,0092,823827,Monje,2400,100.0,2400,espacial
2007,0093,823820,Maciel,5975,100.0,5921,espacial
2007,0094,823778,Gaboto,3672,99.7,3684,espacial
2007,0095,823841,San Fabián,1099,100.0,1099,espacial
2007,0096,823764,Desvío Arijón,2933,100.0,1739,espacial
2007,0096A,823764,Desvío Arijón,2933,100.0,1166,espacial
2007,0097,823806,Loma Alta,202,100.0,202,espacial
2007,0098,823729,Barrancas,5611,100.0,697,espacial
2007,0100,823743,Campo Piaggio,87,100.0,87,espacial
2007,0101,823750,Casalegno,179,99.9,179,espacial
2007,0104,822546,Colonia Mascías,1044,99.8,221,espacial
2007,0105,822560,Saladero Mariano Cabal,918,100.0,918,espacial
2007,0106,822553,Helvecia,10164,100.0,8933,espacial
2007,0106A,822553,Helvecia,10164,100.0,275,espacial
2007,0106B,822553,Helvecia,10164,100.0,35,espacial
2007,0107,822539,Cayastá,4897,100.0,4897,espacial
2007,0108,822567,Santa Rosa de Calchines,7830,100.0,7829,espacial
2007,0109,822546,Colonia Mascías,1044,100.0,823,espacial
2007,0110,822553,Helvecia,10164,100.0,921,espacial
2007,0111,822154,Colonia Bicha,375,100.0,375,espacial
2007,0112,822252,Galisteo,253,100.0,253,espacial
2007,0113,822378,Tacurales,448,100.0,448,espacial
2007,0114,822399,Virginia,258,100.0,258,espacial
2007,0115,822371,Tacural,1553,100.0,1553,espacial
2007,0116,822196,Colonia Raquel,457,100.0,457,espacial
2007,0117,822273,Humberto Primo,5848,100.0,5848,nomenclador
2007,0118,820049,Sunchales,23397,100.0,23397,nomenclador
2007,0119,822231,Eusebia y Carolina,1048,100.0,1048,espacial
2007,0120,822147,Colonia Aldao,2015,100.0,2015,nomenclador
2007,0120A,822161,Colonia Bigand,176,100.0,176,espacial
2007,0120B,822266,Hugentobler,157,100.0,157,espacial
2007,0121,822119,Ataliva,2292,100.0,2292,nomenclador
2007,0122,822210,Egusquiza,366,100.0,366,espacial
2007,0123,822287,Lehmann,3574,100.0,3574,nomenclador
2007,0124,822329,Ramona,2062,100.0,2062,nomenclador
2007,0125,822385,Vila,1586,100.0,1586,espacial
2007,0126,822168,Castellanos,285,99.9,282,espacial
2007,0127,822315,Presidente Roca,1035,100.0,1035,espacial
2007,0128A,820042,Rafaela,101699,100.0,37989,espacial
2007,0128B,820042,Rafaela,101699,100.0,19798,espacial
2007,0129,822133,Bauer y Sigel,313,100.0,313,espacial
2007,0130,822357,Santa Clara de Saguier,2057,100.0,2057,nomenclador
2007,0131,822336,Saguier,506,100.0,506,espacial
2007,0132,822364,Susana,1834,100.0,1834,espacial
2007,0133,822126,Aurelia,208,100.0,208,espacial
2007,0134,822280,Josefina,2738,85.6,3134,nomenclador
2007,0134A,820035,Frontera,9967,100.0,9187,nomenclador
2007,0135,822175,Colonia Cello,215,100.0,215,espacial
2007,0136,822308,Plaza Clucellas,1948,100.0,1948,espacial
2007,0136A,822182,Colonia Iturraspe,88,100.0,88,espacial
2007,0137,822112,Angélica,1475,100.0,1475,espacial
2007,0138,822406,Zenón Pereyra,2123,99.7,2129,nomenclador
2007,0139,822217,Esmeralda,705,100.0,699,espacial
2007,0140,822294,María Juana,4910,100.0,4864,nomenclador
2007,0141,822189,Colonia Margarita,351,100.0,351,espacial
2007,0142,820045,San Vicente,6240,100.0,6240,nomenclador
2007,0143,822140,Bella Italia,1936,100.0,1935,espacial
2007,0144,822224,Estación Clucellas,1006,100.0,1006,espacial
2007,0145,822343,San Antonio,323,99.0,326,espacial
2007,0146,822392,Villa San José,426,100.0,426,espacial
2007,0147,822259,Garibaldi,288,100.0,288,espacial
2007,0148,822322,Pueblo Marini,164,100.0,164,espacial
2007,0149,822238,Eustolia,107,69.9,153,espacial
2007,0150,822245,Fidela,179,100.0,179,espacial
2007,0151,822203,Coronel Fraga,393,100.0,393,espacial
2007,0152,822301,Colonia Maua,80,100.0,80,espacial
2007,0153,824065,Castelar,755,100.0,755,espacial
2007,0154,824079,Crispi,454,100.0,454,espacial
2007,0155,820322,Sastre y Ortiz,5855,100.0,5855,nomenclador
2007,0156,824128,San Martín de las Escobas,3047,100.0,3047,nomenclador
2007,0157,824072,Colonia Belgrano,1414,100.0,1414,espacial
2007,0158,820315,San Jorge,19524,100.0,19524,nomenclador
2007,0159,824086,Landeta,1502,100.0,1498,espacial
2007,0160,824051,Carlos Pellegrini,5961,100.0,5961,nomenclador
2007,0161,824044,Cañada Rosquín,5616,100.0,5616,nomenclador
2007,0162,824058,Casas,777,100.0,777,espacial
2007,0163,824093,Las Bandurrias,308,100.0,308,espacial
2007,0164,824121,Piamonte,3622,100.0,3622,nomenclador
2007,0165,820308,El Trébol,12424,100.0,12424,nomenclador
2007,0166,824114,María Susana,3569,100.0,3569,nomenclador
2007,0167,824107,Los Cardos,1333,100.0,1333,espacial
2007,0168,824135,Traill,186,99.9,186,espacial
2007,0169,824100,Las Petacas,952,100.0,952,espacial
2007,0174,823540,Dos Rosas y La Legua,504,100.0,448,espacial
2007,0175,823561,La Cabral,246,100.0,246,espacial
2007,0176,823498,Capivara,352,100.0,352,espacial
2007,0177,823477,Aguará Grande,384,100.0,384,espacial
2007,0178,820224,Ceres,16360,100.0,16354,espacial
2007,0179,823547,Hersilia,3449,100.0,3448,espacial
2007,0180,823484,Ambrosetti,1326,100.0,1326,espacial
2007,0181,823554,Huanqueros,864,100.0,864,espacial
2007,0181A,823589,Las Avispas,127,100.0,127,espacial
2007,0182,823652,Santurce,58,100.0,58,espacial
2007,0183,823680,Villa Trinidad,3939,100.0,3935,espacial
2007,0184,823491,Arrufo,2301,100.0,2301,espacial
2007,0185,820231,San Cristóbal,15363,100.0,15363,espacial
2007,0186,823624,Ñanducita,212,100.0,212,espacial
2007,0187,823519,Colonia Rosa,1069,100.0,1067,espacial
2007,0188,820233,San Guillermo,9315,100.0,9315,espacial
2007,0189,823610,Monigotes,426,100.0,426,espacial
2007,0191,820235,Suardi,7761,100.0,7745,espacial
2007,0192,823526,Constanza,256,100.0,256,espacial
2007,0193,823603,Moisés Ville,2415,100.0,2415,espacial
2007,0194,823631,Palacios,515,100.0,515,espacial
2007,0195,823659,Soledad,1125,100.0,1125,espacial
2007,0196,823673,Villa Saralegui,635,100.0,606,espacial
2007,0196A,823673,Villa Saralegui,635,99.7,19,espacial
2007,0196B,823673,Villa Saralegui,635,99.9,10,espacial
2007,0197,823617,Monte Oscuridad,705,100.0,426,espacial
2007,0198,823638,Portugalete,145,100.0,145,espacial
2007,0199,823568,Colonia Clara,144,100.0,144,espacial
2007,0200,823596,Las Palmeras,652,100.0,652,espacial
2007,0201,823582,La Rubia,543,100.0,543,espacial
2007,0202,823533,Curupaity,387,100.0,387,espacial
2007,0203,823512,Colonia Bossi,461,100.0,461,espacial
2007,0204,823505,Colonia Ana,289,99.9,288,espacial
2007,0205,823575,La Lucila,265,100.0,265,espacial
2007,0207,823869,Cayastacito,501,100.0,501,espacial
2007,0208,823974,Videla,2505,100.0,2491,espacial
2007,0208A,823925,Naré,336,99.8,6,espacial
2007,0208B,823883,Esther,79,100.0,79,espacial
2007,0208C,823862,Angeloni,272,95.0,286,espacial
2007,0209,823925,Naré,336,100.0,330,espacial
2007,0210,820259,San Justo,26366,100.0,26329,espacial
2007,0210A,823946,San Bernardo,81,99.9,81,espacial
2007,0211,823939,Ramayón,693,99.9,694,espacial
2007,0212,823918,Marcelino Escalada,2042,100.0,2042,espacial
2007,0212A,823960,Silva,452,100.0,452,espacial
2007,0213,823890,Gobernador Crespo,6451,100.0,6451,espacial
2007,0214,823953,San Martín Norte,954,100.0,954,espacial
2007,0214A,823876,Colonia Dolores,761,100.0,761,espacial
2007,0215,823967,Vera y Pintado,1343,100.0,1343,espacial
2007,0215A,823897,La Camila,111,99.9,93,espacial
2007,0216,823904,La Criolla,2502,100.0,2431,espacial
2007,0216A,823904,La Criolla,2502,100.0,71,espacial
2007,0217,823911,La Penca y Caraguatá,380,100.0,380,espacial
2007,0218,823932,Pedro Gómez Cello,657,97.4,675,espacial
2007,0219,820259,San Justo,26366,99.9,36,espacial
2007,0220,820112,Reconquista,87986,100.0,205,espacial
2007,0221,820105,Malabrigo,8708,100.0,8649,espacial
2007,0221A,820105,Malabrigo,8708,99.9,59,espacial
2007,0222,822770,Berna,938,100.0,890,espacial
2007,0222A,822770,Berna,938,99.8,48,espacial
2007,0223,822847,Nicanor Molinas,543,100.0,450,espacial
2007,0223A,822847,Nicanor Molinas,543,99.9,93,espacial
2007,0224,820112,Reconquista,87986,100.0,24443,espacial
2007,0224A,820112,Reconquista,87986,100.0,1157,espacial
2007,0224B,820112,Reconquista,87986,100.0,1362,espacial
2007,0224C,820112,Reconquista,87986,100.0,9638,espacial
2007,0224D,820112,Reconquista,87986,100.0,17132,espacial
2007,0224E,820112,Reconquista,87986,100.0,34036,espacial
2007,0225,820091,Avellaneda,29299,99.9,28065,espacial
2007,0225A,820091,Avellaneda,29299,100.0,541,espacial
2007,0226,820091,Avellaneda,29299,100.0,705,espacial
2007,0227,822826,Lanteri,2569,100.0,2512,espacial
2007,0227A,822812,Ingeniero Chanourdie,989,100.0,953,espacial
2007,0227B,822826,Lanteri,2569,100.0,24,espacial
2007,0228,822833,Las Garzas,1728,100.0,1728,espacial
2007,0229,822791,El Sombrerito,746,100.0,746,espacial
2007,0230,822868,Villa Ana,3331,100.0,3296,espacial
2007,0231,820119,Villa Ocampo,19628,100.0,218,espacial
2007,0232,820119,Villa Ocampo,19628,99.3,19550,espacial
2007,0232A,822868,Villa Ana,3331,100.0,34,espacial
2007,0233,822861,Tacuarendi,2941,100.0,2801,espacial
2007,0234,822854,San Antonio de Obligado,3167,100.0,3110,espacial
2007,0235,820098,Las Toscas,14397,99.6,12901,espacial
2007,0237,822875,Villa Guillermina,3921,71.6,5474,espacial
2007,0238,822784,El Rabón,1421,74.6,1896,espacial
2007,0239,820095,Florencia,7454,95.5,7558,espacial
2007,0239A,822808,Hardy,877,100.0,53,espacial
2007,0240,820095,Florencia,7454,100.0,236,espacial
2007,0241,822812,Ingeniero Chanourdie,989,100.0,36,espacial
2007,0242,822805,Guadalupe Norte,1700,100.0,1700,espacial
2007,0243,822868,Villa Ana,3331,100.0,2,espacial
2007,0244,822819,La Sarita,1494,99.9,117,espacial
2007,0244A,822819,La Sarita,1494,100.0,652,espacial
2007,0244B,822819,La Sarita,1494,100.0,590,espacial
2007,0245,822763,Arroyo Ceibal,1422,100.0,1422,espacial
2007,0246,822840,Los Laureles,1487,100.0,1431,espacial
2007,0246A,822840,Los Laureles,1487,100.0,56,espacial
2007,0247,822777,El Araza,787,100.0,787,espacial
2007,0248,822826,Lanteri,2569,99.7,33,espacial
2007,0249,822819,La Sarita,1494,99.8,136,espacial
2007,0251,820329,Calchaquí,12788,100.0,12788,espacial
2007,0252,824191,Margarita,4566,100.0,4566,espacial
2007,0253,824177,La Gallareta,2719,100.0,2719,espacial
2007,0254,820336,Vera,22747,99.8,22289,espacial
2007,0254A,820336,Vera,22747,100.0,269,espacial
2007,0255,820336,Vera,22747,78.1,77,espacial
2007,0256,824205,Toba,924,100.0,645,espacial
2007,0256A,824205,Toba,924,99.9,108,espacial
2007,0257,824156,Garabato,1912,100.0,1459,espacial
2007,0259,824170,Intiyaco,1408,100.0,1391,espacial
2007,0260,824198,Tartagal,1848,100.0,1848,espacial
2007,0261,824163,Golondrina,443,81.6,543,espacial
2007,0262,824142,Cañada Ombú,914,100.0,914,espacial
2007,0263,824184,Los Amores,1206,100.0,1206,espacial
2007,0264,820336,Vera,22747,99.9,31,espacial
2007,0267,820336,Vera,22747,99.3,102,espacial
2007,0268,824149,Fortín Olmos,3493,100.0,3482,espacial
2007,0268A,824156,Garabato,1912,100.0,453,espacial
2007,0268B,824149,Fortín Olmos,3493,100.0,11,espacial
2007,0269,824188,Los Tábanos,495,100.0,395,espacial
2007,0270,820336,Vera,22747,56.2,63,espacial
2007,0271,824205,Toba,924,100.0,86,espacial
2007,0274,823694,Cacique Ariacaiquín,373,100.0,373,espacial
2007,0275,820238,San Javier,17452,99.1,17546,espacial
2007,0275A,823704,Colonia Teresa,701,90.0,607,espacial
2007,0276,823687,Alejandra,4406,100.0,3986,espacial
2007,0276A,823687,Alejandra,4406,99.9,164,espacial
2007,0276B,823687,Alejandra,4406,100.0,228,espacial
2007,0277,820237,Romang,9168,100.0,9052,espacial
2007,0277A,820237,Romang,9168,100.0,29,espacial
2007,0277B,820237,Romang,9168,100.0,29,espacial
2007,0278,823701,Colonia Durán,466,99.9,24,espacial
2007,0279,823708,La Brava,614,100.0,614,espacial
2007,0280,823701,Colonia Durán,466,100.0,442,espacial
2007,0281,820237,Romang,9168,99.9,87,espacial
2007,0283,823281,Esteban Rams,307,100.0,307,espacial
2007,0284,823309,Logroño,810,100.0,810,espacial
2007,0285,820175,Tostado,17006,100.0,16937,espacial
2007,0285A,823323,Pozo Borrado,1030,100.0,1030,espacial
2007,0285B,823323,Pozo Borrado,1030,100.0,1030,espacial
2007,0286,820175,Tostado,17006,100.0,63,espacial
2007,0287,823330,San Bernardo,744,100.0,744,espacial
2007,0289,823295,Gregoria Pérez de Denis,1967,100.0,1965,espacial
2007,0290,823316,Montefiore,292,100.0,292,espacial
2007,0291,823344,Villa Minetti,6529,100.0,6524,espacial
2007,0292,823288,Gato Colorado,1106,100.0,1106,espacial
2007,0293,823337,Santa Margarita,1103,100.0,1103,espacial
2007,0294,823302,Juan de Garay,48,99.9,48,espacial
2007,0301,820210,Rosario,1030069,100.0,8032,espacial
2007,0302,820210,Rosario,1030069,100.0,10708,espacial
2007,0303,820210,Rosario,1030069,100.0,5191,espacial
2007,0304,820210,Rosario,1030069,100.0,7417,espacial
2007,0305,820210,Rosario,1030069,100.0,5587,espacial
2007,0306,820210,Rosario,1030069,100.0,5836,espacial
2007,0307,820210,Rosario,1030069,100.0,8719,espacial
2007,0308,820210,Rosario,1030069,100.0,5608,espacial
2007,0309,820210,Rosario,1030069,100.0,3007,espacial
2007,0310,820210,Rosario,1030069,100.0,3486,espacial
2007,0311,820210,Rosario,1030069,100.0,2383,espacial
2007,0312,820210,Rosario,1030069,100.0,7310,espacial
2007,0313,820210,Rosario,1030069,100.0,7984,espacial
2007,0314,820210,Rosario,1030069,100.0,6191,espacial
2007,0315,820210,Rosario,1030069,100.0,5635,espacial
2007,0316,820210,Rosario,1030069,100.0,9827,espacial
2007,0317,820210,Rosario,1030069,100.0,7461,espacial
2007,0318,820210,Rosario,1030069,100.0,8404,espacial
2007,0319,820210,Rosario,1030069,100.0,6063,espacial
2007,0320,820210,Rosario,1030069,100.0,7567,espacial
2007,0321,820210,Rosario,1030069,100.0,6427,espacial
2007,0322,820210,Rosario,1030069,100.0,4473,espacial
2007,0323,820210,Rosario,1030069,100.0,11150,espacial
2007,0324,820210,Rosario,1030069,100.0,5273,espacial
2007,0325,820210,Rosario,1030069,100.0,5283,espacial
2007,0326,820210,Rosario,1030069,100.0,7630,espacial
2007,0327,820210,Rosario,1030069,100.0,8034,espacial
2007,0328,820210,Rosario,1030069,100.0,8408,espacial
2007,0329,820210,Rosario,1030069,100.0,16928,espacial
2007,0330,820210,Rosario,1030069,100.0,11948,espacial
2007,0331,820210,Rosario,1030069,100.0,10006,espacial
2007,0332,820210,Rosario,1030069,100.0,9206,espacial
2007,0333,820210,Rosario,1030069,100.0,14626,espacial
2007,0334,820210,Rosario,1030069,100.0,14956,espacial
2007,0335,820210,Rosario,1030069,100.0,3799,espacial
2007,0336,820210,Rosario,1030069,100.0,7027,espacial
2007,0337,820210,Rosario,1030069,100.0,5409,espacial
2007,0338,820210,Rosario,1030069,100.0,7210,espacial
2007,0339,820210,Rosario,1030069,100.0,8762,espacial
2007,0340,820210,Rosario,1030069,100.0,9247,espacial
2007,0341,823351,Acebal,5648,100.0,5648,espacial
2007,0341A,823435,Pueblo Muñoz,567,100.0,567,espacial
2007,0341B,823379,Arminda,303,100.0,303,espacial
2007,0342,820210,Rosario,1030069,100.0,38201,espacial
2007,0342A,820210,Rosario,1030069,99.4,25432,espacial
2007,0342B,820210,Rosario,1030069,99.9,25008,espacial
2007,0343,823365,Álvarez,7930,99.8,7942,espacial
2007,0343A,823421,Piñero,2484,98.5,2522,espacial
2007,0344,820210,Rosario,1030069,100.0,19211,espacial
2007,0344A,820210,Rosario,1030069,100.0,29570,espacial
2007,0345,820182,Arroyo Seco,24472,100.0,24444,espacial
2007,0345A,823400,Fighiera,5960,99.9,5944,espacial
2007,0347,820210,Rosario,1030069,100.0,86651,espacial
2007,0347A,820210,Rosario,1030069,99.9,28241,espacial
2007,0348,820210,Rosario,1030069,100.0,63211,espacial
2007,0349,820210,Rosario,1030069,100.0,38053,espacial
2007,0349A,820210,Rosario,1030069,100.0,69698,espacial
2007,0349B,820210,Rosario,1030069,100.0,36205,espacial
2007,0349C,820210,Rosario,1030069,100.0,6618,espacial
2007,0349D,820210,Rosario,1030069,100.0,769,espacial
2007,0350,823386,Carmen del Sauce,1002,100.0,1002,espacial
2007,0350A,823449,Uranga,884,100.0,884,espacial
2007,0351,823393,Coronel Bogado,2448,100.0,2448,espacial
2007,0351A,823358,Albarellos,366,100.0,366,espacial
2007,0352,820189,Funes,38284,99.6,38419,espacial
2007,0353,820210,Rosario,1030069,100.0,36027,espacial
2007,0353A,820210,Rosario,1030069,100.0,49677,espacial
2007,0354,820210,Rosario,1030069,100.0,23555,espacial
2007,0354A,820210,Rosario,1030069,100.0,11669,espacial
2007,0355,820196,Granadero Baigorria,44188,99.9,44030,espacial
2007,0355A,823414,Ibarlucea,8903,99.9,8859,espacial
2007,0356,820203,Pérez,32389,100.0,20533,espacial
2007,0356A,820203,Pérez,32389,99.8,11866,espacial
2007,0357,823442,Soldini,4286,99.9,4286,espacial
2007,0358,820210,Rosario,1030069,100.0,18944,espacial
2007,0359,820210,Rosario,1030069,100.0,66175,espacial
2007,0359A,820210,Rosario,1030069,100.0,47973,espacial
2007,0360,823456,Villa Amelia,1843,98.8,1846,espacial
2007,0360A,823470,Coronel Domínguez,1175,100.0,1175,espacial
2007,0362A,820217,Villa Gobernador Gálvez,92147,99.9,33232,espacial
2007,0362B,823372,Alvear,8349,99.7,8318,espacial
2007,0362C,823407,General Lagos,5072,100.0,5026,espacial
2007,0362D,820207,Pueblo Esther,12666,100.0,12625,espacial
2007,0363,823463,Zavalla,6722,100.0,6722,espacial
2007,0364,822028,Arequito,7319,100.0,7319,espacial
2007,0365,822035,Arteaga,3414,100.0,3413,espacial
2007,0366,822042,Berabevú,2104,100.0,2104,espacial
2007,0367,822049,Bigand,5599,100.0,5599,espacial
2007,0368A,820028,Casilda,38594,100.0,38594,espacial
2007,0368B,820028,Casilda,38594,100.0,38594,espacial
2007,0368C,820028,Casilda,38594,100.0,38594,espacial
2007,0368D,820028,Casilda,38594,100.0,38594,espacial
2007,0369,822105,Villada,1259,100.0,1259,espacial
2007,0370,822056,Chabas,7444,100.0,7444,espacial
2007,0371,822063,Chañar Ladeado,5385,100.0,5385,espacial
2007,0372,822070,Gödeken,1908,100.0,1908,espacial
2007,0373,822077,Los Molinos,2022,100.0,2022,espacial
2007,0374,822084,Los Quirquinchos,2268,100.0,2268,espacial
2007,0375,822091,San José de la Esquina,6869,100.0,6715,espacial
2007,0375A,822091,San José de la Esquina,6869,100.0,154,espacial
2007,0376,822098,Sanford,2033,100.0,2033,espacial
2007,0377A,822413,Alcorta,7680,100.0,7684,espacial
2007,0377B,822420,Bombal,3510,100.0,3510,espacial
2007,0377C,822469,Juncal,996,100.0,996,espacial
2007,0378,822476,La Vanguardia,383,100.0,383,espacial
2007,0378A,822455,Godoy,1374,100.0,1374,espacial
2007,0378B,822434,Cepeda,351,100.0,351,espacial
2007,0378C,822525,Sargento Cabral,1023,100.0,1023,espacial
2007,0378D,822511,Rueda,628,100.0,628,espacial
2007,0379A,822462,Juan B. Molina,1310,100.0,1310,espacial
2007,0379B,822448,General Gelly,651,100.0,651,espacial
2007,0379C,822427,Cañada Rica,679,100.0,679,espacial
2007,0380,822483,Máximo Paz,3204,100.0,3204,espacial
2007,0381,822497,Pavón Arriba,2110,100.0,2110,espacial
2007,0382,822504,Peyrano,2473,100.0,2473,espacial
2007,0383,822518,Santa Teresa,3243,100.0,3243,espacial
2007,0384,820056,Villa Constitución,52576,100.0,52477,espacial
2007,0384A,822441,Empalme Villa Constitución,7148,100.0,7148,espacial
2007,0384B,822490,Pavón,3083,100.0,3083,espacial
2007,0384C,822532,Theobald,541,100.0,541,espacial
2007,0385A,822588,Cafferata,1108,100.0,1108,espacial
2007,0385B,822721,San Francisco de Santa Fe,313,100.0,313,espacial
2007,0385C,822658,La Chispa,569,100.0,569,espacial
2007,0386,822602,Carmen,1756,100.0,1756,espacial
2007,0386A,822616,Chapuy,874,100.0,874,espacial
2007,0386B,822707,Murphy,4039,100.0,4039,espacial
2007,0387,822609,Carreras,1954,100.0,1950,espacial
2007,0388A,822637,Diego de Alvear,2047,100.0,2047,espacial
2007,0388B,822574,Aarón Castellanos,401,100.0,367,espacial
2007,0389,822644,Elortondo,5938,100.0,5938,espacial
2007,0390A,820063,Firmat,20536,100.0,20536,espacial
2007,0390B,822623,Chovet,2131,100.0,2131,espacial
2007,0390C,822595,Cañada del Ucle,973,100.0,973,espacial
2007,0390D,822700,Miguel Torres,522,100.0,521,espacial
2007,0391,822672,Lazzarino,426,92.6,460,espacial
2007,0391A,822581,Amenábar,1965,100.0,1965,espacial
2007,0392,822679,Maggiolo,2068,100.0,2068,espacial
2007,0393,822693,Melincué,2461,100.0,2461,espacial
2007,0393A,822665,Labordeboy,1155,100.0,1155,espacial
2007,0394,820070,Rufino,19172,100.0,19172,espacial
2007,0395A,822714,San Eduardo,1154,100.0,1154,espacial
2007,0395B,822735,Sancti Spiritu,3688,100.0,3688,espacial
2007,0396,822728,San Gregorio,5400,100.0,5399,espacial
2007,0396A,822630,Christophersen,898,100.0,898,espacial
2007,0397,822742,Santa Isabel,4735,100.0,4735,espacial
2007,0397A,822686,María Teresa,4073,100.0,4073,espacial
2007,0398,822749,Teodelina,6651,100.0,6650,espacial
2007,0399,820077,Venado Tuerto,82839,100.0,26120,espacial
2007,0400,820084,Villa Cañás,9757,100.0,9757,espacial
2007,0401A,822756,Wheelwright,6140,100.0,6140,espacial
2007,0401B,822651,Hughes,4792,100.0,4792,espacial
2007,0402,820007,Armstrong,12939,100.0,12939,espacial
2007,0403,820014,Las Parejas,14514,100.0,14514,espacial
2007,0404A,820021,Las Rosas,14371,100.0,14370,espacial
2007,0404B,822007,Bouquet,1375,100.0,1375,espacial
2007,0405,822014,Montes de Oca,2857,100.0,2857,espacial
2007,0406,822021,Tortugas,2488,100.0,2488,espacial
2007,0407,822882,Bustinza,1344,100.0,1344,espacial
2007,0408,820126,Cañada de Gómez,32108,100.0,32108,espacial
2007,0409,822889,Carrizales,1206,100.0,1206,espacial
2007,0410,822903,Correa,6212,99.8,6224,espacial
2007,0411A,822931,Salto Grande,2529,100.0,2529,espacial
2007,0411B,822910,Lucio V. López,505,100.0,505,espacial
2007,0412,822917,Oliveros,5671,99.2,5699,espacial
2007,0413A,820133,Totoras,11676,100.0,11582,espacial
2007,0413B,822896,Classon,924,100.0,924,espacial
2007,0413C,820133,Totoras,11676,100.0,94,espacial
2007,0414,822938,Serodino,4087,100.0,4087,espacial
2007,0414A,822924,Pueblo Andino,4142,99.7,4147,espacial
2007,0415,822945,Villa Eloísa,3232,100.0,3232,espacial
2007,0416,820273,Carcarañá,17354,100.0,17342,espacial
2007,0417,824037,Villa Mugueta,2254,100.0,36,espacial
2007,0417A,823995,Fuentes,2729,100.0,2729,espacial
2007,0417B,824037,Villa Mugueta,2254,100.0,2218,espacial
2007,0418A,824030,Timbúes,6437,99.9,6439,espacial
2007,0418B,823981,Aldao,802,99.4,807,espacial
2007,0419,824002,Luis Palacios,1543,99.1,1558,espacial
2007,0420,820280,Fray Luis Beltrán,18498,98.4,18768,espacial
2007,0420A,820266,Capitán Bermúdez,30792,99.7,30651,espacial
2007,0421,820287,Puerto General San Martín,17969,100.0,17624,espacial
2007,0422,824009,Pujato,3566,100.0,3566,espacial
2007,0422A,823988,Coronel Arnold,990,100.0,990,espacial
2007,0422B,823988,Coronel Arnold,990,100.0,990,espacial
2007,0423,820294,Roldán,30680,100.0,30671,espacial
2007,0424,824023,San Jerónimo Sud,3067,100.0,3067,espacial
2007,0425A,820301,San Lorenzo,50942,100.0,50580,espacial
2007,0425B,824016,Ricardone,5964,100.0,5966,espacial
2011,0001,820147,Santa Fe,405264,100.0,6620,espacial
2011,0002,820147,Santa Fe,405264,100.0,5741,espacial
2011,0003,820147,Santa Fe,405264,100.0,3476,espacial
2011,0004,820147,Santa Fe,405264,100.0,6044,espacial
2011,0005,820147,Santa Fe,405264,100.0,5113,espacial
2011,0006,820147,Santa Fe,405264,100.0,6130,espacial
2011,0007,820147,Santa Fe,405264,100.0,15437,espacial
2011,0008,820147,Santa Fe,405264,100.0,9089,espacial
2011,0009,820147,Santa Fe,405264,100.0,10447,espacial
2011,0010,820147,Santa Fe,405264,100.0,11040,espacial
2011,0011,820147,Santa Fe,405264,100.0,10058,espacial
2011,0011A,820147,Santa Fe,405264,100.0,10747,espacial
2011,0012,820147,Santa Fe,405264,100.0,10825,espacial
2011,0013,820147,Santa Fe,405264,100.0,20033,espacial
2011,0014,820147,Santa Fe,405264,100.0,26397,espacial
2011,0015,820147,Santa Fe,405264,100.0,22140,espacial
2011,0016,820147,Santa Fe,405264,100.0,90883,espacial
2011,0017,820147,Santa Fe,405264,100.0,17269,espacial
2011,0018,820147,Santa Fe,405264,100.0,8956,espacial
2011,0019,820147,Santa Fe,405264,100.0,33898,espacial
2011,0020,820154,Santo Tomé,75133,100.0,29957,espacial
2011,0020A,820154,Santo Tomé,75133,100.0,31633,espacial
2011,0020B,820154,Santo Tomé,75133,100.0,13546,espacial
2011,0021,820147,Santa Fe,405264,100.0,11784,espacial
2011,0022,820143,San José del Rincón,13998,99.8,14005,espacial
2011,0023,820142,Recreo,19016,100.0,19018,espacial
2011,0024,823001,Monte Vera,9953,100.0,7401,espacial
2011,0025,822980,Candioti,1155,100.0,1155,espacial
2011,0026,822952,Arroyo Aguiar,1628,100.0,1628,espacial
2011,0027,820140,Laguna Paiva,13639,100.0,13639,espacial
2011,0028,822973,Campo Andino,442,100.0,442,espacial
2011,0029,823008,Nelson,4966,100.0,4967,espacial
2011,0030,822994,Llambí Campbell,2685,100.0,2685,espacial
2011,0031,822987,Emilia,1028,100.0,1028,espacial
2011,0032,820147,Santa Fe,405264,100.0,36090,espacial
2011,0033,820158,Sauce Viejo,14393,100.0,14380,espacial
2011,0034,820147,Santa Fe,405264,100.0,2083,espacial
2011,0035,820147,Santa Fe,405264,99.4,9954,espacial
2011,0036,820147,Santa Fe,405264,100.0,9932,espacial
2011,0037,822966,Cabal,128,99.9,128,espacial
2011,0038,820147,Santa Fe,405264,100.0,5114,espacial
2011,0039,823001,Monte Vera,9953,99.9,2553,espacial
2011,0040,822959,Arroyo Leyes,4831,99.5,4825,espacial
2011,0041,823092,Hipatía,550,99.9,550,espacial
2011,0042,823141,Matilde,966,100.0,966,espacial
2011,0043,823211,San Carlos Sud,2607,99.7,2612,nomenclador
2011,0044,820168,San Carlos Centro,12322,100.0,12317,nomenclador
2011,0045,823204,San Carlos Norte,1288,100.0,1288,espacial
2011,0046,823239,Santa Clara de Buena Vista,3115,100.0,3115,nomenclador
2011,0047,823232,San Mariano,380,100.0,380,espacial
2011,0048,823190,Sa Pereira,1590,100.0,1590,espacial
2011,0049,823197,San Agustín,1147,100.0,1147,espacial
2011,0050,823113,Jacinto L. Aráuz,186,100.0,186,espacial
2011,0051,823218,San Jerónimo del Sauce,993,100.0,993,espacial
2011,0052,820171,San Jerónimo Norte,7312,100.0,7312,nomenclador
2011,0053,823078,Franck,6406,100.0,6406,nomenclador
2011,0054,823127,Las Tunas,489,100.0,489,espacial
2011,0055,820161,Esperanza,46757,100.0,46186,nomenclador
2011,0055A,820161,Esperanza,46757,100.0,247,espacial
2011,0055B,820161,Esperanza,46757,99.9,77,espacial
2011,0055C,820161,Esperanza,46757,100.0,23,espacial
2011,0055D,820161,Esperanza,46757,100.0,223,espacial
2011,0056,823099,Humboldt,5320,100.0,5320,nomenclador
2011,0057,823155,Pilar,5310,100.0,5310,nomenclador
2011,0058,823148,Nuevo Torino,763,100.0,763,espacial
2011,0059,823036,Cavour,405,99.9,405,espacial
2011,0060,823071,Felicia,3158,100.0,2542,nomenclador
2011,0061,823085,Grutly,875,100.0,875,espacial
2011,0062,823260,Santo Domingo,1795,100.0,1795,espacial
2011,0063,823162,Progreso,2773,100.0,2773,nomenclador
2011,0064,823267,Sarmiento,1145,65.0,1761,espacial
2011,0065,823134,María Luisa,760,100.0,760,espacial
2011,0066,823169,Providencia,902,100.0,902,espacial
2011,0067,823120,La Pelada,1440,100.0,1440,espacial
2011,0068,823057,Elisa,1828,100.0,1828,espacial
2011,0069,823064,Empalme San Carlos,346,95.5,362,espacial
2011,0070,823183,Rivadavia,221,99.9,221,espacial
2011,0071,823050,Cululú,296,99.9,296,espacial
2011,0072,823246,Santa María Centro,152,99.9,152,espacial
2011,0073,823043,San José,272,99.9,272,espacial
2011,0074,823253,Santa María Norte,164,99.8,164,espacial
2011,0075,823176,Pujato Norte,495,100.0,495,espacial
2011,0076,823274,Soutomayor,120,99.8,120,espacial
2011,0077,823106,Ituzaingó,82,99.9,82,espacial
2011,0079,820245,Coronda,19499,99.9,19526,espacial
2011,0080,823799,Larrechea,687,99.9,688,espacial
2011,0081,823785,Gessler,1158,100.0,1158,espacial
2011,0082,823813,López,1580,100.0,1580,espacial
2011,0083,820252,Gálvez,20124,100.0,20124,espacial
2011,0084,823722,Arocena,2134,100.0,2134,espacial
2011,0085,823792,Irigoyen,1003,100.0,1003,espacial
2011,0085A,823834,San Eugenio,124,100.0,124,espacial
2011,0086,823736,Bernardo de Irigoyen,1658,100.0,1658,espacial
2011,0087,823729,Barrancas,5611,100.0,4914,espacial
2011,0088,823757,Centeno,3092,100.0,3092,espacial
2011,0089,820256,San Genaro,9620,100.0,9620,espacial
2011,0091,823771,Díaz,1780,100.0,1780,espacial
2011,0092,823827,Monje,2400,100.0,2400,espacial
2011,0093,823820,Maciel,5975,100.0,5921,espacial
2011,0094,823778,Gaboto,3672,99.7,3684,espacial
2011,0095,823841,San Fabián,1099,100.0,1099,espacial
2011,0096,823764,Desvío Arijón,2933,100.0,1739,espacial
2011,0096A,823764,Desvío Arijón,2933,100.0,1166,espacial
2011,0097,823806,Loma Alta,202,100.0,202,espacial
2011,0098,823729,Barrancas,5611,100.0,697,espacial
2011,0100,823743,Campo Piaggio,87,100.0,87,espacial
2011,0101,823750,Casalegno,179,99.9,179,espacial
2011,0104,822546,Colonia Mascías,1044,99.8,221,espacial
2011,0105,822560,Saladero Mariano Cabal,918,100.0,918,espacial
2011,0106,822553,Helvecia,10164,100.0,8933,espacial
2011,0106A,822553,Helvecia,10164,100.0,275,espacial
2011,0106B,822553,Helvecia,10164,100.0,35,espacial
2011,0107,822539,Cayastá,4897,100.0,4897,espacial
2011,0108,822567,Santa Rosa de Calchines,7830,100.0,7829,espacial
2011,0109,822546,Colonia Mascías,1044,100.0,823,espacial
2011,0110,822553,Helvecia,10164,100.0,921,espacial
2011,0111,822154,Colonia Bicha,375,100.0,375,espacial
2011,0112,822252,Galisteo,253,100.0,253,espacial
2011,0113,822378,Tacurales,448,100.0,448,espacial
2011,0114,822399,Virginia,258,100.0,258,espacial
2011,0115,822371,Tacural,1553,100.0,1553,espacial
2011,0116,822196,Colonia Raquel,457,100.0,457,espacial
2011,0117,822273,Humberto Primo,5848,100.0,5848,nomenclador
2011,0118,820049,Sunchales,23397,100.0,23397,nomenclador
2011,0119,822231,Eusebia y Carolina,1048,100.0,1048,espacial
2011,0120,822147,Colonia Aldao,2015,100.0,2015,nomenclador
2011,0120A,822161,Colonia Bigand,176,100.0,176,espacial
2011,0120B,822266,Hugentobler,157,100.0,157,espacial
2011,0121,822119,Ataliva,2292,100.0,2292,nomenclador
2011,0122,822210,Egusquiza,366,100.0,366,espacial
2011,0123,822287,Lehmann,3574,100.0,3574,nomenclador
2011,0124,822329,Ramona,2062,100.0,2062,nomenclador
2011,0125,822385,Vila,1586,100.0,1586,espacial
2011,0126,822168,Castellanos,285,99.9,282,espacial
2011,0127,822315,Presidente Roca,1035,100.0,1035,espacial
2011,0128A,820042,Rafaela,101699,100.0,37989,espacial
2011,0128B,820042,Rafaela,101699,100.0,19798,espacial
2011,0128C,820042,Rafaela,101699,100.0,21016,espacial
2011,0128D,820042,Rafaela,101699,100.0,22897,espacial
2011,0129,822133,Bauer y Sigel,313,100.0,313,espacial
2011,0130,822357,Santa Clara de Saguier,2057,100.0,2057,nomenclador
2011,0131,822336,Saguier,506,100.0,506,espacial
2011,0132,822364,Susana,1834,100.0,1834,espacial
2011,0133,822126,Aurelia,208,100.0,208,espacial
2011,0134,822280,Josefina,2738,85.6,3134,nomenclador
2011,0134A,820035,Frontera,9967,100.0,9187,nomenclador
2011,0135,822175,Colonia Cello,215,100.0,215,espacial
2011,0136,822308,Plaza Clucellas,1948,100.0,1948,espacial
2011,0136A,822182,Colonia Iturraspe,88,100.0,88,espacial
2011,0137,822112,Angélica,1475,100.0,1475,espacial
2011,0138,822406,Zenón Pereyra,2123,99.7,2129,nomenclador
2011,0139,822217,Esmeralda,705,100.0,699,espacial
2011,0140,822294,María Juana,4910,100.0,4864,nomenclador
2011,0141,822189,Colonia Margarita,351,100.0,351,espacial
2011,0142,820045,San Vicente,6240,100.0,6240,nomenclador
2011,0143,822140,Bella Italia,1936,100.0,1935,espacial
2011,0144,822224,Estación Clucellas,1006,100.0,1006,espacial
2011,0145,822343,San Antonio,323,99.0,326,espacial
2011,0146,822392,Villa San José,426,100.0,426,espacial
2011,0147,822259,Garibaldi,288,100.0,288,espacial
2011,0148,822322,Pueblo Marini,164,100.0,164,espacial
2011,0149,822238,Eustolia,107,69.9,153,espacial
2011,0150,822245,Fidela,179,100.0,179,espacial
2011,0151,822203,Coronel Fraga,393,100.0,393,espacial
2011,0152,822301,Colonia Maua,80,100.0,80,espacial
2011,0153,824065,Castelar,755,100.0,755,espacial
2011,0154,824079,Crispi,454,100.0,454,espacial
2011,0155,820322,Sastre y Ortiz,5855,100.0,5855,nomenclador
2011,0156,824128,San Martín de las Escobas,3047,100.0,3047,nomenclador
2011,0157,824072,Colonia Belgrano,1414,100.0,1414,espacial
2011,0158,820315,San Jorge,19524,100.0,19524,nomenclador
2011,0159,824086,Landeta,1502,100.0,1498,espacial
2011,0160,824051,Carlos Pellegrini,5961,100.0,5961,nomenclador
2011,0161,824044,Cañada Rosquín,5616,100.0,5616,nomenclador
2011,0162,824058,Casas,777,100.0,777,espacial
2011,0163,824093,Las Bandurrias,308,100.0,308,espacial
2011,0164,824121,Piamonte,3622,100.0,3622,nomenclador
2011,0165,820308,El Trébol,12424,100.0,12424,nomenclador
2011,0166,824114,María Susana,3569,100.0,3569,nomenclador
2011,0167,824107,Los Cardos,1333,100.0,1333,espacial
2011,0168,824135,Traill,186,99.9,186,espacial
2011,0169,824100,Las Petacas,952,100.0,952,espacial
2011,0174,823540,Dos Rosas y La Legua,504,100.0,448,espacial
2011,0175,823561,La Cabral,246,100.0,246,espacial
2011,0176,823498,Capivara,352,100.0,352,espacial
2011,0177,823477,Aguará Grande,384,100.0,384,espacial
2011,0178,820224,Ceres,16360,100.0,16354,espacial
2011,0179,823547,Hersilia,3449,100.0,3448,espacial
2011,0180,823484,Ambrosetti,1326,100.0,1326,espacial
2011,0181,823554,Huanqueros,864,100.0,864,espacial
2011,0181A,823589,Las Avispas,127,100.0,127,espacial
2011,0182,823652,Santurce,58,100.0,58,espacial
2011,0183,823680,Villa Trinidad,3939,100.0,3935,espacial
2011,0184,823491,Arrufo,2301,100.0,2301,espacial
2011,0185,820231,San Cristóbal,15363,100.0,15363,espacial
2011,0186,823624,Ñanducita,212,100.0,212,espacial
2011,0187,823519,Colonia Rosa,1069,100.0,1067,espacial
2011,0188,820233,San Guillermo,9315,100.0,9315,espacial
2011,0189,823610,Monigotes,426,100.0,426,espacial
2011,0191,820235,Suardi,7761,100.0,7745,espacial
2011,0192,823526,Constanza,256,100.0,256,espacial
2011,0193,823603,Moisés Ville,2415,100.0,2415,espacial
2011,0194,823631,Palacios,515,100.0,515,espacial
2011,0195,823659,Soledad,1125,100.0,1125,espacial
2011,0196,823673,Villa Saralegui,635,100.0,606,espacial
2011,0196A,823673,Villa Saralegui,635,99.7,19,espacial
2011,0196B,823673,Villa Saralegui,635,99.9,10,espacial
2011,0197,823617,Monte Oscuridad,705,100.0,426,espacial
2011,0198,823638,Portugalete,145,100.0,145,espacial
2011,0199,823568,Colonia Clara,144,100.0,144,espacial
2011,0200,823596,Las Palmeras,652,100.0,652,espacial
2011,0201,823582,La Rubia,543,100.0,543,espacial
2011,0202,823533,Curupaity,387,100.0,387,espacial
2011,0203,823512,Colonia Bossi,461,100.0,461,espacial
2011,0204,823505,Colonia Ana,289,99.9,288,espacial
2011,0205,823575,La Lucila,265,100.0,265,espacial
2011,0207,823869,Cayastacito,501,100.0,501,espacial
2011,0208,823974,Videla,2505,100.0,2491,espacial
2011,0208A,823925,Naré,336,99.8,6,espacial
2011,0208B,823883,Esther,79,100.0,79,espacial
2011,0208C,823862,Angeloni,272,95.0,286,espacial
2011,0209,823925,Naré,336,100.0,330,espacial
2011,0210,820259,San Justo,26366,100.0,26329,espacial
2011,0210A,823946,San Bernardo,81,99.9,81,espacial
2011,0211,823939,Ramayón,693,99.9,694,espacial
2011,0212,823918,Marcelino Escalada,2042,100.0,2042,espacial
2011,0212A,823960,Silva,452,100.0,452,espacial
2011,0213,823890,Gobernador Crespo,6451,100.0,6451,espacial
2011,0214,823953,San Martín Norte,954,100.0,954,espacial
2011,0214A,823876,Colonia Dolores,761,100.0,761,espacial
2011,0215,823967,Vera y Pintado,1343,100.0,1343,espacial
2011,0215A,823897,La Camila,111,99.9,93,espacial
2011,0216,823904,La Criolla,2502,100.0,2431,espacial
2011,0216A,823904,La Criolla,2502,100.0,71,espacial
2011,0217,823911,La Penca y Caraguatá,380,100.0,380,espacial
2011,0218,823932,Pedro Gómez Cello,657,97.4,675,espacial
2011,0219,820259,San Justo,26366,99.9,36,espacial
2011,0220,820112,Reconquista,87986,100.0,205,espacial
2011,0221,820105,Malabrigo,8708,100.0,8649,espacial
2011,0221A,820105,Malabrigo,8708,99.9,59,espacial
2011,0222,822770,Berna,938,100.0,890,espacial
2011,0222A,822770,Berna,938,99.8,48,espacial
2011,0223,822847,Nicanor Molinas,543,100.0,450,espacial
2011,0223A,822847,Nicanor Molinas,543,99.9,93,espacial
2011,0224,820112,Reconquista,87986,100.0,24443,espacial
2011,0224A,820112,Reconquista,87986,100.0,1157,espacial
2011,0224B,820112,Reconquista,87986,100.0,1362,espacial
2011,0224C,820112,Reconquista,87986,100.0,9638,espacial
2011,0224D,820112,Reconquista,87986,100.0,17132,espacial
2011,0224E,820112,Reconquista,87986,100.0,34036,espacial
2011,0225,820091,Avellaneda,29299,99.9,28065,espacial
2011,0225A,820091,Avellaneda,29299,100.0,541,espacial
2011,0226,820091,Avellaneda,29299,100.0,705,espacial
2011,0227,822826,Lanteri,2569,100.0,2512,espacial
2011,0227A,822812,Ingeniero Chanourdie,989,100.0,953,espacial
2011,0227B,822826,Lanteri,2569,100.0,24,espacial
2011,0228,822833,Las Garzas,1728,100.0,1728,espacial
2011,0229,822791,El Sombrerito,746,100.0,746,espacial
2011,0230,822868,Villa Ana,3331,100.0,3296,espacial
2011,0231,820119,Villa Ocampo,19628,100.0,218,espacial
2011,0232,820119,Villa Ocampo,19628,99.3,19550,espacial
2011,0232A,822868,Villa Ana,3331,100.0,34,espacial
2011,0233,822861,Tacuarendi,2941,100.0,2801,espacial
2011,0234,822854,San Antonio de Obligado,3167,100.0,3110,espacial
2011,0235,820098,Las Toscas,14397,99.6,12901,espacial
2011,0237,822875,Villa Guillermina,3921,71.6,5474,espacial
2011,0238,822784,El Rabón,1421,74.6,1896,espacial
2011,0239,820095,Florencia,7454,95.5,7558,espacial
2011,0239A,822808,Hardy,877,100.0,53,espacial
2011,0240,820095,Florencia,7454,100.0,236,espacial
2011,0241,822812,Ingeniero Chanourdie,989,100.0,36,espacial
2011,0242,822805,Guadalupe Norte,1700,100.0,1700,espacial
2011,0243,822868,Villa Ana,3331,100.0,2,espacial
2011,0244,822819,La Sarita,1494,99.9,117,espacial
2011,0244A,822819,La Sarita,1494,100.0,652,espacial
2011,0244B,822819,La Sarita,1494,100.0,590,espacial
2011,0245,822763,Arroyo Ceibal,1422,100.0,1422,espacial
2011,0246,822840,Los Laureles,1487,100.0,1431,espacial
2011,0246A,822840,Los Laureles,1487,100.0,56,espacial
2011,0247,822777,El Araza,787,100.0,787,espacial
2011,0248,822826,Lanteri,2569,99.7,33,espacial
2011,0249,822819,La Sarita,1494,99.8,136,espacial
2011,0251,820329,Calchaquí,12788,100.0,12788,espacial
2011,0252,824191,Margarita,4566,100.0,4566,espacial
2011,0253,824177,La Gallareta,2719,100.0,2719,espacial
2011,0254,820336,Vera,22747,99.8,22289,espacial
2011,0254A,820336,Vera,22747,100.0,269,espacial
2011,0255,820336,Vera,22747,78.1,77,espacial
2011,0256,824205,Toba,924,100.0,645,espacial
2011,0256A,824205,Toba,924,99.9,108,espacial
2011,0257,824156,Garabato,1912,100.0,1459,espacial
2011,0259,824170,Intiyaco,1408,100.0,1391,espacial
2011,0260,824198,Tartagal,1848,100.0,1848,espacial
2011,0261,824163,Golondrina,443,81.6,543,espacial
2011,0262,824142,Cañada Ombú,914,100.0,914,espacial
2011,0263,824184,Los Amores,1206,100.0,1206,espacial
2011,0264,820336,Vera,22747,99.9,31,espacial
2011,0267,820336,Vera,22747,99.3,102,espacial
2011,0268,824149,Fortín Olmos,3493,100.0,3482,espacial
2011,0268A,824156,Garabato,1912,100.0,453,espacial
2011,0268B,824149,Fortín Olmos,3493,100.0,11,espacial
2011,0269,824188,Los Tábanos,495,100.0,395,espacial
2011,0270,820336,Vera,22747,56.2,63,espacial
2011,0271,824205,Toba,924,100.0,86,espacial
2011,0274,823694,Cacique Ariacaiquín,373,100.0,373,espacial
2011,0275,820238,San Javier,17452,99.1,17546,espacial
2011,0275A,823704,Colonia Teresa,701,90.0,607,espacial
2011,0276,823687,Alejandra,4406,100.0,3986,espacial
2011,0276A,823687,Alejandra,4406,99.9,164,espacial
2011,0276B,823687,Alejandra,4406,100.0,228,espacial
2011,0277,820237,Romang,9168,100.0,9052,espacial
2011,0277A,820237,Romang,9168,100.0,29,espacial
2011,0277B,820237,Romang,9168,100.0,29,espacial
2011,0278,823701,Colonia Durán,466,99.9,24,espacial
2011,0279,823708,La Brava,614,100.0,614,espacial
2011,0280,823701,Colonia Durán,466,100.0,442,espacial
2011,0281,820237,Romang,9168,99.9,87,espacial
2011,0283,823281,Esteban Rams,307,100.0,307,espacial
2011,0284,823309,Logroño,810,100.0,810,espacial
2011,0285,820175,Tostado,17006,100.0,16937,espacial
2011,0285A,823323,Pozo Borrado,1030,100.0,1030,espacial
2011,0285B,823323,Pozo Borrado,1030,100.0,1030,espacial
2011,0286,820175,Tostado,17006,100.0,63,espacial
2011,0287,823330,San Bernardo,744,100.0,744,espacial
2011,0289,823295,Gregoria Pérez de Denis,1967,100.0,1965,espacial
2011,0290,823316,Montefiore,292,100.0,292,espacial
2011,0291,823344,Villa Minetti,6529,100.0,6524,espacial
2011,0292,823288,Gato Colorado,1106,100.0,1106,espacial
2011,0293,823337,Santa Margarita,1103,100.0,1103,espacial
2011,0294,823302,Juan de Garay,48,99.9,48,espacial
2011,0301,820210,Rosario,1030069,100.0,8032,espacial
2011,0302,820210,Rosario,1030069,100.0,10708,espacial
2011,0303,820210,Rosario,1030069,100.0,5191,espacial
2011,0304,820210,Rosario,1030069,100.0,7417,espacial
2011,0305,820210,Rosario,1030069,100.0,5587,espacial
2011,0306,820210,Rosario,1030069,100.0,5836,espacial
2011,0307,820210,Rosario,1030069,100.0,8719,espacial
2011,0308,820210,Rosario,1030069,100.0,5608,espacial
2011,0309,820210,Rosario,1030069,100.0,3007,espacial
2011,0310,820210,Rosario,1030069,100.0,3486,espacial
2011,0311,820210,Rosario,1030069,100.0,2383,espacial
2011,0312,820210,Rosario,1030069,100.0,7310,espacial
2011,0313,820210,Rosario,1030069,100.0,7984,espacial
2011,0314,820210,Rosario,1030069,100.0,6191,espacial
2011,0315,820210,Rosario,1030069,100.0,5635,espacial
2011,0316,820210,Rosario,1030069,100.0,9827,espacial
2011,0317,820210,Rosario,1030069,100.0,7461,espacial
2011,0318,820210,Rosario,1030069,100.0,8404,espacial
2011,0319,820210,Rosario,1030069,100.0,6063,espacial
2011,0320,820210,Rosario,1030069,100.0,7567,espacial
2011,0321,820210,Rosario,1030069,100.0,6427,espacial
2011,0322,820210,Rosario,1030069,100.0,4473,espacial
2011,0323,820210,Rosario,1030069,100.0,11150,espacial
2011,0324,820210,Rosario,1030069,100.0,5273,espacial
2011,0325,820210,Rosario,1030069,100.0,5283,espacial
2011,0326,820210,Rosario,1030069,100.0,7630,espacial
2011,0327,820210,Rosario,1030069,100.0,8034,espacial
2011,0328,820210,Rosario,1030069,100.0,8408,espacial
2011,0329,820210,Rosario,1030069,100.0,16928,espacial
2011,0330,820210,Rosario,1030069,100.0,11948,espacial
2011,0331,820210,Rosario,1030069,100.0,10006,espacial
2011,0332,820210,Rosario,1030069,100.0,9206,espacial
2011,0333,820210,Rosario,1030069,100.0,14626,espacial
2011,0334,820210,Rosario,1030069,100.0,14956,espacial
2011,0335,820210,Rosario,1030069,100.0,3799,espacial
2011,0336,820210,Rosario,1030069,100.0,7027,espacial
2011,0337,820210,Rosario,1030069,100.0,5409,espacial
2011,0338,820210,Rosario,1030069,100.0,7210,espacial
2011,0339,820210,Rosario,1030069,100.0,8762,espacial
2011,0340,820210,Rosario,1030069,100.0,9247,espacial
2011,0341,823351,Acebal,5648,100.0,5648,espacial
2011,0341A,823435,Pueblo Muñoz,567,100.0,567,espacial
2011,0341B,823379,Arminda,303,100.0,303,espacial
2011,0342,820210,Rosario,1030069,100.0,38201,espacial
2011,0342A,820210,Rosario,1030069,99.4,25432,espacial
2011,0342B,820210,Rosario,1030069,99.9,25008,espacial
2011,0343,823365,Álvarez,7930,99.8,7942,espacial
2011,0343A,823421,Piñero,2484,98.5,2522,espacial
2011,0344,820210,Rosario,1030069,100.0,19211,espacial
2011,0344A,820210,Rosario,1030069,100.0,29570,espacial
2011,0345,820182,Arroyo Seco,24472,100.0,24444,espacial
2011,0345A,823400,Fighiera,5960,99.9,5944,espacial
2011,0347,820210,Rosario,1030069,100.0,86651,espacial
2011,0347A,820210,Rosario,1030069,99.9,28241,espacial
2011,0348,820210,Rosario,1030069,100.0,63211,espacial
2011,0349,820210,Rosario,1030069,100.0,38053,espacial
2011,0349A,820210,Rosario,1030069,100.0,69698,espacial
2011,0349B,820210,Rosario,1030069,100.0,36205,espacial
2011,0349C,820210,Rosario,1030069,100.0,6618,espacial
2011,0349D,820210,Rosario,1030069,100.0,769,espacial
2011,0350,823386,Carmen del Sauce,1002,100.0,1002,espacial
2011,0350A,823449,Uranga,884,100.0,884,espacial
2011,0351,823393,Coronel Bogado,2448,100.0,2448,espacial
2011,0351A,823358,Albarellos,366,100.0,366,espacial
2011,0352,820189,Funes,38284,99.6,38419,espacial
2011,0353,820210,Rosario,1030069,100.0,36027,espacial
2011,0353A,820210,Rosario,1030069,100.0,49677,espacial
2011,0354,820210,Rosario,1030069,100.0,23555,espacial
2011,0354A,820210,Rosario,1030069,100.0,11669,espacial
2011,0355,820196,Granadero Baigorria,44188,99.9,44030,espacial
2011,0355A,823414,Ibarlucea,8903,99.9,8859,espacial
2011,0356,820203,Pérez,32389,100.0,20533,espacial
2011,0356A,820203,Pérez,32389,99.8,11866,espacial
2011,0357,823442,Soldini,4286,99.9,4286,espacial
2011,0358,820210,Rosario,1030069,100.0,18944,espacial
2011,0359,820210,Rosario,1030069,100.0,66175,espacial
2011,0359A,820210,Rosario,1030069,100.0,47973,espacial
2011,0360,823456,Villa Amelia,1843,98.8,1846,espacial
2011,0360A,823470,Coronel Domínguez,1175,100.0,1175,espacial
2011,0362A,820217,Villa Gobernador Gálvez,92147,99.9,33232,espacial
2011,0362B,823372,Alvear,8349,99.7,8318,espacial
2011,0362C,823407,General Lagos,5072,100.0,5026,espacial
2011,0362D,820207,Pueblo Esther,12666,100.0,12625,espacial
2011,0363,823463,Zavalla,6722,100.0,6722,espacial
2011,0364,822028,Arequito,7319,100.0,7319,espacial
2011,0365,822035,Arteaga,3414,100.0,3413,espacial
2011,0366,822042,Berabevú,2104,100.0,2104,espacial
2011,0367,822049,Bigand,5599,100.0,5599,espacial
2011,0368A,820028,Casilda,38594,100.0,38594,espacial
2011,0368B,820028,Casilda,38594,100.0,38594,espacial
2011,0368C,820028,Casilda,38594,100.0,38594,espacial
2011,0368D,820028,Casilda,38594,100.0,38594,espacial
2011,0369,822105,Villada,1259,100.0,1259,espacial
2011,0370,822056,Chabas,7444,100.0,7444,espacial
2011,0371,822063,Chañar Ladeado,5385,100.0,5385,espacial
2011,0372,822070,Gödeken,1908,100.0,1908,espacial
2011,0373,822077,Los Molinos,2022,100.0,2022,espacial
2011,0374,822084,Los Quirquinchos,2268,100.0,2268,espacial
2011,0375,822091,San José de la Esquina,6869,100.0,6715,espacial
2011,0375A,822091,San José de la Esquina,6869,100.0,154,espacial
2011,0376,822098,Sanford,2033,100.0,2033,espacial
2011,0377A,822413,Alcorta,7680,100.0,7684,espacial
2011,0377B,822420,Bombal,3510,100.0,3510,espacial
2011,0377C,822469,Juncal,996,100.0,996,espacial
2011,0378,822476,La Vanguardia,383,100.0,383,espacial
2011,0378A,822455,Godoy,1374,100.0,1374,espacial
2011,0378B,822434,Cepeda,351,100.0,351,espacial
2011,0378C,822525,Sargento Cabral,1023,100.0,1023,espacial
2011,0378D,822511,Rueda,628,100.0,628,espacial
2011,0379A,822462,Juan B. Molina,1310,100.0,1310,espacial
2011,0379B,822448,General Gelly,651,100.0,651,espacial
2011,0379C,822427,Cañada Rica,679,100.0,679,espacial
2011,0380,822483,Máximo Paz,3204,100.0,3204,espacial
2011,0381,822497,Pavón Arriba,2110,100.0,2110,espacial
2011,0382,822504,Peyrano,2473,100.0,2473,espacial
2011,0383,822518,Santa Teresa,3243,100.0,3243,espacial
2011,0384,820056,Villa Constitución,52576,100.0,52477,espacial
2011,0384A,822441,Empalme Villa Constitución,7148,100.0,7148,espacial
2011,0384B,822490,Pavón,3083,100.0,3083,espacial
2011,0384C,822532,Theobald,541,100.0,541,espacial
2011,0385A,822588,Cafferata,1108,100.0,1108,espacial
2011,0385B,822721,San Francisco de Santa Fe,313,100.0,313,espacial
2011,0385C,822658,La Chispa,569,100.0,569,espacial
2011,0386,822602,Carmen,1756,100.0,1756,espacial
2011,0386A,822616,Chapuy,874,100.0,874,espacial
2011,0386B,822707,Murphy,4039,100.0,4039,espacial
2011,0387,822609,Carreras,1954,100.0,1950,espacial
2011,0388A,822637,Diego de Alvear,2047,100.0,2047,espacial
2011,0388B,822574,Aarón Castellanos,401,100.0,367,espacial
2011,0389,822644,Elortondo,5938,100.0,5938,espacial
2011,0390A,820063,Firmat,20536,100.0,20536,espacial
2011,0390B,822623,Chovet,2131,100.0,2131,espacial
2011,0390C,822595,Cañada del Ucle,973,100.0,973,espacial
2011,0390D,822700,Miguel Torres,522,100.0,521,espacial
2011,0391,822672,Lazzarino,426,92.6,460,espacial
2011,0391A,822581,Amenábar,1965,100.0,1965,espacial
2011,0392,822679,Maggiolo,2068,100.0,2068,espacial
2011,0393,822693,Melincué,2461,100.0,2461,espacial
2011,0393A,822665,Labordeboy,1155,100.0,1155,espacial
2011,0394,820070,Rufino,19172,100.0,19172,espacial
2011,0395A,822714,San Eduardo,1154,100.0,1154,espacial
2011,0395B,822735,Sancti Spiritu,3688,100.0,3688,espacial
2011,0396,822728,San Gregorio,5400,100.0,5399,espacial
2011,0396A,822630,Christophersen,898,100.0,898,espacial
2011,0397,822742,Santa Isabel,4735,100.0,4735,espacial
2011,0397A,822686,María Teresa,4073,100.0,4073,espacial
2011,0398,822749,Teodelina,6651,100.0,6650,espacial
2011,0399,820077,Venado Tuerto,82839,100.0,26120,espacial
2011,0400,820084,Villa Cañás,9757,100.0,9757,espacial
2011,0401A,822756,Wheelwright,6140,100.0,6140,espacial
2011,0401B,822651,Hughes,4792,100.0,4792,espacial
2011,0402,820007,Armstrong,12939,100.0,12939,espacial
2011,0403,820014,Las Parejas,14514,100.0,14514,espacial
2011,0404A,820021,Las Rosas,14371,100.0,14370,espacial
2011,0404B,822007,Bouquet,1375,100.0,1375,espacial
2011,0405,822014,Montes de Oca,2857,100.0,2857,espacial
2011,0406,822021,Tortugas,2488,100.0,2488,espacial
2011,0407,822882,Bustinza,1344,100.0,1344,espacial
2011,0408,820126,Cañada de Gómez,32108,100.0,32108,espacial
2011,0409,822889,Carrizales,1206,100.0,1206,espacial
2011,0410,822903,Correa,6212,99.8,6224,espacial
2011,0411A,822931,Salto Grande,2529,100.0,2529,espacial
2011,0411B,822910,Lucio V. López,505,100.0,505,espacial
2011,0412,822917,Oliveros,5671,99.2,5699,espacial
2011,0413A,820133,Totoras,11676,100.0,11582,espacial
2011,0413B,822896,Classon,924,100.0,924,espacial
2011,0413C,820133,Totoras,11676,100.0,94,espacial
2011,0414,822938,Serodino,4087,100.0,4087,espacial
2011,0414A,822924,Pueblo Andino,4142,99.7,4147,espacial
2011,0415,822945,Villa Eloísa,3232,100.0,3232,espacial
2011,0416,820273,Carcarañá,17354,100.0,17342,espacial
2011,0417,824037,Villa Mugueta,2254,100.0,36,espacial
2011,0417A,823995,Fuentes,2729,100.0,2729,espacial
2011,0417B,824037,Villa Mugueta,2254,100.0,2218,espacial
2011,0418A,824030,Timbúes,6437,99.9,6439,espacial
2011,0418B,823981,Aldao,802,99.4,807,espacial
2011,0419,824002,Luis Palacios,1543,99.1,1558,espacial
2011,0420,820280,Fray Luis Beltrán,18498,98.4,18768,espacial
2011,0420A,820266,Capitán Bermúdez,30792,99.7,30651,espacial
2011,0421,820287,Puerto General San Martín,17969,100.0,17624,espacial
2011,0422,824009,Pujato,3566,100.0,3566,espacial
2011,0422A,823988,Coronel Arnold,990,100.0,990,espacial
2011,0422B,823988,Coronel Arnold,990,100.0,990,espacial
2011,0423,820294,Roldán,30680,100.0,30671,espacial
2011,0424,824023,San Jerónimo Sud,3067,100.0,3067,espacial
2011,0425A,820301,San Lorenzo,50942,100.0,50580,espacial
2011,0425B,824016,Ricardone,5964,100.0,5966,espacial
2015,0001,820147,Santa Fe,405264,100.0,6620,espacial
2015,0002,820147,Santa Fe,405264,100.0,5741,espacial
2015,0003,820147,Santa Fe,405264,100.0,3476,espacial
2015,0004,820147,Santa Fe,405264,100.0,6044,espacial
2015,0005,820147,Santa Fe,405264,100.0,5113,espacial
2015,0006,820147,Santa Fe,405264,100.0,6130,espacial
2015,0007,820147,Santa Fe,405264,100.0,15437,espacial
2015,0008,820147,Santa Fe,405264,100.0,9089,espacial
2015,0009,820147,Santa Fe,405264,100.0,10447,espacial
2015,0010,820147,Santa Fe,405264,100.0,11040,espacial
2015,0011,820147,Santa Fe,405264,100.0,10058,espacial
2015,0011A,820147,Santa Fe,405264,100.0,10747,espacial
2015,0012,820147,Santa Fe,405264,100.0,10825,espacial
2015,0013,820147,Santa Fe,405264,100.0,20033,espacial
2015,0014,820147,Santa Fe,405264,100.0,26397,espacial
2015,0015,820147,Santa Fe,405264,100.0,22140,espacial
2015,0016,820147,Santa Fe,405264,100.0,90883,espacial
2015,0017,820147,Santa Fe,405264,100.0,17269,espacial
2015,0018,820147,Santa Fe,405264,100.0,8956,espacial
2015,0019,820147,Santa Fe,405264,100.0,33898,espacial
2015,0020,820154,Santo Tomé,75133,100.0,29957,espacial
2015,0020A,820154,Santo Tomé,75133,100.0,31633,espacial
2015,0020B,820154,Santo Tomé,75133,100.0,13546,espacial
2015,0021,820147,Santa Fe,405264,100.0,11784,espacial
2015,0022,820143,San José del Rincón,13998,99.8,14005,espacial
2015,0023,820142,Recreo,19016,100.0,19018,espacial
2015,0024,823001,Monte Vera,9953,100.0,7401,espacial
2015,0025,822980,Candioti,1155,100.0,1155,espacial
2015,0026,822952,Arroyo Aguiar,1628,100.0,1628,espacial
2015,0027,820140,Laguna Paiva,13639,100.0,13639,espacial
2015,0028,822973,Campo Andino,442,100.0,442,espacial
2015,0029,823008,Nelson,4966,100.0,4967,espacial
2015,0030,822994,Llambí Campbell,2685,100.0,2685,espacial
2015,0031,822987,Emilia,1028,100.0,1028,espacial
2015,0032,820147,Santa Fe,405264,100.0,36090,espacial
2015,0033,820158,Sauce Viejo,14393,100.0,14380,espacial
2015,0034,820147,Santa Fe,405264,100.0,2083,espacial
2015,0035,820147,Santa Fe,405264,99.4,9954,espacial
2015,0036,820147,Santa Fe,405264,100.0,9932,espacial
2015,0037,822966,Cabal,128,99.9,128,espacial
2015,0038,820147,Santa Fe,405264,100.0,5114,espacial
2015,0039,823001,Monte Vera,9953,99.9,2553,espacial
2015,0040,822959,Arroyo Leyes,4831,99.5,4825,espacial
2015,0041,823092,Hipatía,550,99.9,550,espacial
2015,0042,823141,Matilde,966,100.0,966,espacial
2015,0043,823211,San Carlos Sud,2607,99.7,2612,nomenclador
2015,0044,820168,San Carlos Centro,12322,100.0,12317,nomenclador
2015,0045,823204,San Carlos Norte,1288,100.0,1288,espacial
2015,0046,823239,Santa Clara de Buena Vista,3115,100.0,3115,nomenclador
2015,0047,823232,San Mariano,380,100.0,380,espacial
2015,0048,823190,Sa Pereira,1590,100.0,1590,espacial
2015,0049,823197,San Agustín,1147,100.0,1147,espacial
2015,0050,823113,Jacinto L. Aráuz,186,100.0,186,espacial
2015,0051,823218,San Jerónimo del Sauce,993,100.0,993,espacial
2015,0052,820171,San Jerónimo Norte,7312,100.0,7312,nomenclador
2015,0053,823078,Franck,6406,100.0,6406,nomenclador
2015,0054,823127,Las Tunas,489,100.0,489,espacial
2015,0055,820161,Esperanza,46757,100.0,46186,nomenclador
2015,0055A,820161,Esperanza,46757,100.0,247,espacial
2015,0055B,820161,Esperanza,46757,99.9,77,espacial
2015,0055C,820161,Esperanza,46757,100.0,23,espacial
2015,0055D,820161,Esperanza,46757,100.0,223,espacial
2015,0056,823099,Humboldt,5320,100.0,5320,nomenclador
2015,0057,823155,Pilar,5310,100.0,5310,nomenclador
2015,0058,823148,Nuevo Torino,763,100.0,763,espacial
2015,0059,823036,Cavour,405,99.9,405,espacial
2015,0060,823071,Felicia,3158,100.0,2542,nomenclador
2015,0061,823085,Grutly,875,100.0,875,espacial
2015,0062,823260,Santo Domingo,1795,100.0,1795,espacial
2015,0063,823162,Progreso,2773,100.0,2773,nomenclador
2015,0064,823267,Sarmiento,1145,65.0,1761,espacial
2015,0065,823134,María Luisa,760,100.0,760,espacial
2015,0066,823169,Providencia,902,100.0,902,espacial
2015,0067,823120,La Pelada,1440,100.0,1440,espacial
2015,0068,823057,Elisa,1828,100.0,1828,espacial
2015,0069,823064,Empalme San Carlos,346,95.5,362,espacial
2015,0070,823183,Rivadavia,221,99.9,221,espacial
2015,0071,823050,Cululú,296,99.9,296,espacial
2015,0072,823246,Santa María Centro,152,99.9,152,espacial
2015,0073,823043,San José,272,99.9,272,espacial
2015,0074,823253,Santa María Norte,164,99.8,164,espacial
2015,0075,823176,Pujato Norte,495,100.0,495,espacial
2015,0076,823274,Soutomayor,120,99.8,120,espacial
2015,0077,823106,Ituzaingó,82,99.9,82,espacial
2015,0079,820245,Coronda,19499,99.9,19526,espacial
2015,0080,823799,Larrechea,687,99.9,688,espacial
2015,0081,823785,Gessler,1158,100.0,1158,espacial
2015,0082,823813,López,1580,100.0,1580,espacial
2015,0083,820252,Gálvez,20124,100.0,20124,espacial
2015,0084,823722,Arocena,2134,100.0,2134,espacial
2015,0085,823792,Irigoyen,1003,100.0,1003,espacial
2015,0085A,823834,San Eugenio,124,100.0,124,espacial
2015,0086,823736,Bernardo de Irigoyen,1658,100.0,1658,espacial
2015,0087,823729,Barrancas,5611,100.0,4914,espacial
2015,0088,823757,Centeno,3092,100.0,3092,espacial
2015,0089,820256,San Genaro,9620,100.0,9620,espacial
2015,0091,823771,Díaz,1780,100.0,1780,espacial
2015,0092,823827,Monje,2400,100.0,2400,espacial
2015,0093,823820,Maciel,5975,100.0,5921,espacial
2015,0094,823778,Gaboto,3672,99.7,3684,espacial
2015,0095,823841,San Fabián,1099,100.0,1099,espacial
2015,0096,823764,Desvío Arijón,2933,100.0,1739,espacial
2015,0096A,823764,Desvío Arijón,2933,100.0,1166,espacial
2015,0097,823806,Loma Alta,202,100.0,202,espacial
2015,0098,823729,Barrancas,5611,100.0,697,espacial
2015,0100,823743,Campo Piaggio,87,100.0,87,espacial
2015,0101,823750,Casalegno,179,99.9,179,espacial
2015,0104,822546,Colonia Mascías,1044,99.8,221,espacial
2015,0105,822560,Saladero Mariano Cabal,918,100.0,918,espacial
2015,0106,822553,Helvecia,10164,100.0,8933,espacial
2015,0106A,822553,Helvecia,10164,100.0,275,espacial
2015,0106B,822553,Helvecia,10164,100.0,35,espacial
2015,0107,822539,Cayastá,4897,100.0,4897,espacial
2015,0108,822567,Santa Rosa de Calchines,7830,100.0,7829,espacial
2015,0109,822546,Colonia Mascías,1044,100.0,823,espacial
2015,0110,822553,Helvecia,10164,100.0,921,espacial
2015,0111,822154,Colonia Bicha,375,100.0,375,espacial
2015,0112,822252,Galisteo,253,100.0,253,espacial
2015,0113,822378,Tacurales,448,100.0,448,espacial
2015,0114,822399,Virginia,258,100.0,258,espacial
2015,0115,822371,Tacural,1553,100.0,1553,espacial
2015,0116,822196,Colonia Raquel,457,100.0,457,espacial
2015,0117,822273,Humberto Primo,5848,100.0,5848,nomenclador
2015,0118,820049,Sunchales,23397,100.0,23397,nomenclador
2015,0119,822231,Eusebia y Carolina,1048,100.0,1048,espacial
2015,0120,822147,Colonia Aldao,2015,100.0,2015,nomenclador
2015,0120A,822161,Colonia Bigand,176,100.0,176,espacial
2015,0120B,822266,Hugentobler,157,100.0,157,espacial
2015,0121,822119,Ataliva,2292,100.0,2292,nomenclador
2015,0122,822210,Egusquiza,366,100.0,366,espacial
2015,0123,822287,Lehmann,3574,100.0,3574,nomenclador
2015,0124,822329,Ramona,2062,100.0,2062,nomenclador
2015,0125,822385,Vila,1586,100.0,1586,espacial
2015,0126,822168,Castellanos,285,99.9,282,espacial
2015,0127,822315,Presidente Roca,1035,100.0,1035,espacial
2015,0128A,820042,Rafaela,101699,100.0,37989,espacial
2015,0128B,820042,Rafaela,101699,100.0,19798,espacial
2015,0128C,820042,Rafaela,101699,100.0,21016,espacial
2015,0128D,820042,Rafaela,101699,100.0,22897,espacial
2015,0129,822133,Bauer y Sigel,313,100.0,313,espacial
2015,0130,822357,Santa Clara de Saguier,2057,100.0,2057,nomenclador
2015,0131,822336,Saguier,506,100.0,506,espacial
2015,0132,822364,Susana,1834,100.0,1834,espacial
2015,0133,822126,Aurelia,208,100.0,208,espacial
2015,0134,822280,Josefina,2738,85.6,3134,nomenclador
2015,0134A,820035,Frontera,9967,100.0,9187,nomenclador
2015,0135,822175,Colonia Cello,215,100.0,215,espacial
2015,0136,822308,Plaza Clucellas,1948,100.0,1948,espacial
2015,0136A,822182,Colonia Iturraspe,88,100.0,88,espacial
2015,0137,822112,Angélica,1475,100.0,1475,espacial
2015,0138,822406,Zenón Pereyra,2123,99.7,2129,nomenclador
2015,0139,822217,Esmeralda,705,100.0,699,espacial
2015,0140,822294,María Juana,4910,100.0,4864,nomenclador
2015,0141,822189,Colonia Margarita,351,100.0,351,espacial
2015,0142,820045,San Vicente,6240,100.0,6240,nomenclador
2015,0143,822140,Bella Italia,1936,100.0,1935,espacial
2015,0144,822224,Estación Clucellas,1006,100.0,1006,espacial
2015,0145,822343,San Antonio,323,99.0,326,espacial
2015,0146,822392,Villa San José,426,100.0,426,espacial
2015,0147,822259,Garibaldi,288,100.0,288,espacial
2015,0148,822322,Pueblo Marini,164,100.0,164,espacial
2015,0149,822238,Eustolia,107,69.9,153,espacial
2015,0150,822245,Fidela,179,100.0,179,espacial
2015,0151,822203,Coronel Fraga,393,100.0,393,espacial
2015,0152,822301,Colonia Maua,80,100.0,80,espacial
2015,0153,824065,Castelar,755,100.0,755,espacial
2015,0154,824079,Crispi,454,100.0,454,espacial
2015,0155,820322,Sastre y Ortiz,5855,100.0,5855,nomenclador
2015,0156,824128,San Martín de las Escobas,3047,100.0,3047,nomenclador
2015,0157,824072,Colonia Belgrano,1414,100.0,1414,espacial
2015,0158,820315,San Jorge,19524,100.0,19524,nomenclador
2015,0159,824086,Landeta,1502,100.0,1498,espacial
2015,0160,824051,Carlos Pellegrini,5961,100.0,5961,nomenclador
2015,0161,824044,Cañada Rosquín,5616,100.0,5616,nomenclador
2015,0162,824058,Casas,777,100.0,777,espacial
2015,0163,824093,Las Bandurrias,308,100.0,308,espacial
2015,0164,824121,Piamonte,3622,100.0,3622,nomenclador
2015,0165,820308,El Trébol,12424,100.0,12424,nomenclador
2015,0166,824114,María Susana,3569,100.0,3569,nomenclador
2015,0167,824107,Los Cardos,1333,100.0,1333,espacial
2015,0168,824135,Traill,186,99.9,186,espacial
2015,0169,824100,Las Petacas,952,100.0,952,espacial
2015,0174,823540,Dos Rosas y La Legua,504,100.0,448,espacial
2015,0175,823561,La Cabral,246,100.0,246,espacial
2015,0176,823498,Capivara,352,100.0,352,espacial
2015,0177,823477,Aguará Grande,384,100.0,384,espacial
2015,0178,820224,Ceres,16360,100.0,16354,espacial
2015,0179,823547,Hersilia,3449,100.0,3448,espacial
2015,0180,823484,Ambrosetti,1326,100.0,1326,espacial
2015,0181,823554,Huanqueros,864,100.0,864,espacial
2015,0181A,823589,Las Avispas,127,100.0,127,espacial
2015,0182,823652,Santurce,58,100.0,58,espacial
2015,0183,823680,Villa Trinidad,3939,100.0,3935,espacial
2015,0184,823491,Arrufo,2301,100.0,2301,espacial
2015,0185,820231,San Cristóbal,15363,100.0,15363,espacial
2015,0186,823624,Ñanducita,212,100.0,212,espacial
2015,0187,823519,Colonia Rosa,1069,100.0,1067,espacial
2015,0188,820233,San Guillermo,9315,100.0,9315,espacial
2015,0189,823610,Monigotes,426,100.0,426,espacial
2015,0191,820235,Suardi,7761,100.0,7745,espacial
2015,0192,823526,Constanza,256,100.0,256,espacial
2015,0193,823603,Moisés Ville,2415,100.0,2415,espacial
2015,0194,823631,Palacios,515,100.0,515,espacial
2015,0195,823659,Soledad,1125,100.0,1125,espacial
2015,0196,823673,Villa Saralegui,635,100.0,606,espacial
2015,0196A,823673,Villa Saralegui,635,99.7,19,espacial
2015,0196B,823673,Villa Saralegui,635,99.9,10,espacial
2015,0197,823617,Monte Oscuridad,705,100.0,426,espacial
2015,0198,823638,Portugalete,145,100.0,145,espacial
2015,0199,823568,Colonia Clara,144,100.0,144,espacial
2015,0200,823596,Las Palmeras,652,100.0,652,espacial
2015,0201,823582,La Rubia,543,100.0,543,espacial
2015,0202,823533,Curupaity,387,100.0,387,espacial
2015,0203,823512,Colonia Bossi,461,100.0,461,espacial
2015,0204,823505,Colonia Ana,289,99.9,288,espacial
2015,0205,823575,La Lucila,265,100.0,265,espacial
2015,0207,823869,Cayastacito,501,100.0,501,espacial
2015,0208,823974,Videla,2505,100.0,2491,espacial
2015,0208A,823925,Naré,336,99.8,6,espacial
2015,0208B,823883,Esther,79,100.0,79,espacial
2015,0208C,823862,Angeloni,272,95.0,286,espacial
2015,0209,823925,Naré,336,100.0,330,espacial
2015,0210,820259,San Justo,26366,100.0,26329,espacial
2015,0210A,823946,San Bernardo,81,99.9,81,espacial
2015,0211,823939,Ramayón,693,99.9,694,espacial
2015,0212,823918,Marcelino Escalada,2042,100.0,2042,espacial
2015,0212A,823960,Silva,452,100.0,452,espacial
2015,0213,823890,Gobernador Crespo,6451,100.0,6451,espacial
2015,0214,823953,San Martín Norte,954,100.0,954,espacial
2015,0214A,823876,Colonia Dolores,761,100.0,761,espacial
2015,0215,823967,Vera y Pintado,1343,100.0,1343,espacial
2015,0215A,823897,La Camila,111,99.9,93,espacial
2015,0216,823904,La Criolla,2502,100.0,2431,espacial
2015,0216A,823904,La Criolla,2502,100.0,71,espacial
2015,0217,823911,La Penca y Caraguatá,380,100.0,380,espacial
2015,0218,823932,Pedro Gómez Cello,657,97.4,675,espacial
2015,0219,820259,San Justo,26366,99.9,36,espacial
2015,0220,820112,Reconquista,87986,100.0,205,espacial
2015,0221,820105,Malabrigo,8708,100.0,8649,espacial
2015,0221A,820105,Malabrigo,8708,99.9,59,espacial
2015,0222,822770,Berna,938,100.0,890,espacial
2015,0222A,822770,Berna,938,99.8,48,espacial
2015,0223,822847,Nicanor Molinas,543,100.0,450,espacial
2015,0223A,822847,Nicanor Molinas,543,99.9,93,espacial
2015,0224,820112,Reconquista,87986,100.0,24443,espacial
2015,0224A,820112,Reconquista,87986,100.0,1157,espacial
2015,0224B,820112,Reconquista,87986,100.0,1362,espacial
2015,0224C,820112,Reconquista,87986,100.0,9638,espacial
2015,0224D,820112,Reconquista,87986,100.0,17132,espacial
2015,0224E,820112,Reconquista,87986,100.0,34036,espacial
2015,0225,820091,Avellaneda,29299,99.9,28065,espacial
2015,0225A,820091,Avellaneda,29299,100.0,541,espacial
2015,0226,820091,Avellaneda,29299,100.0,705,espacial
2015,0227,822826,Lanteri,2569,100.0,2512,espacial
2015,0227A,822812,Ingeniero Chanourdie,989,100.0,953,espacial
2015,0227B,822826,Lanteri,2569,100.0,24,espacial
2015,0228,822833,Las Garzas,1728,100.0,1728,espacial
2015,0229,822791,El Sombrerito,746,100.0,746,espacial
2015,0230,822868,Villa Ana,3331,100.0,3296,espacial
2015,0231,820119,Villa Ocampo,19628,100.0,218,espacial
2015,0232,820119,Villa Ocampo,19628,99.3,19550,espacial
2015,0232A,822868,Villa Ana,3331,100.0,34,espacial
2015,0233,822861,Tacuarendi,2941,100.0,2801,espacial
2015,0234,822854,San Antonio de Obligado,3167,100.0,3110,espacial
2015,0235,820098,Las Toscas,14397,99.6,12901,espacial
2015,0237,822875,Villa Guillermina,3921,71.6,5474,espacial
2015,0238,822784,El Rabón,1421,74.6,1896,espacial
2015,0239,820095,Florencia,7454,95.5,7558,espacial
2015,0239A,822808,Hardy,877,100.0,53,espacial
2015,0240,820095,Florencia,7454,100.0,236,espacial
2015,0241,822812,Ingeniero Chanourdie,989,100.0,36,espacial
2015,0242,822805,Guadalupe Norte,1700,100.0,1700,espacial
2015,0243,822868,Villa Ana,3331,100.0,2,espacial
2015,0244,822819,La Sarita,1494,99.9,117,espacial
2015,0244A,822819,La Sarita,1494,100.0,652,espacial
2015,0244B,822819,La Sarita,1494,100.0,590,espacial
2015,0245,822763,Arroyo Ceibal,1422,100.0,1422,espacial
2015,0246,822840,Los Laureles,1487,100.0,1431,espacial
2015,0246A,822840,Los Laureles,1487,100.0,56,espacial
2015,0247,822777,El Araza,787,100.0,787,espacial
2015,0248,822826,Lanteri,2569,99.7,33,espacial
2015,0249,822819,La Sarita,1494,99.8,136,espacial
2015,0251,820329,Calchaquí,12788,100.0,12788,espacial
2015,0252,824191,Margarita,4566,100.0,4566,espacial
2015,0253,824177,La Gallareta,2719,100.0,2719,espacial
2015,0254,820336,Vera,22747,99.8,22289,espacial
2015,0254A,820336,Vera,22747,100.0,269,espacial
2015,0255,820336,Vera,22747,78.1,77,espacial
2015,0256,824205,Toba,924,100.0,645,espacial
2015,0256A,824205,Toba,924,99.9,108,espacial
2015,0257,824156,Garabato,1912,100.0,1459,espacial
2015,0259,824170,Intiyaco,1408,100.0,1391,espacial
2015,0260,824198,Tartagal,1848,100.0,1848,espacial
2015,0261,824163,Golondrina,443,81.6,543,espacial
2015,0262,824142,Cañada Ombú,914,100.0,914,espacial
2015,0263,824184,Los Amores,1206,100.0,1206,espacial
2015,0264,820336,Vera,22747,99.9,31,espacial
2015,0267,820336,Vera,22747,99.3,102,espacial
2015,0268,824149,Fortín Olmos,3493,100.0,3482,espacial
2015,0268A,824156,Garabato,1912,100.0,453,espacial
2015,0268B,824149,Fortín Olmos,3493,100.0,11,espacial
2015,0269,824188,Los Tábanos,495,100.0,395,espacial
2015,0270,820336,Vera,22747,56.2,63,espacial
2015,0271,824205,Toba,924,100.0,86,espacial
2015,0274,823694,Cacique Ariacaiquín,373,100.0,373,espacial
2015,0275,820238,San Javier,17452,99.1,17546,espacial
2015,0275A,823704,Colonia Teresa,701,90.0,607,espacial
2015,0276,823687,Alejandra,4406,100.0,3986,espacial
2015,0276A,823687,Alejandra,4406,99.9,164,espacial
2015,0276B,823687,Alejandra,4406,100.0,228,espacial
2015,0277,820237,Romang,9168,100.0,9052,espacial
2015,0277A,820237,Romang,9168,100.0,29,espacial
2015,0277B,820237,Romang,9168,100.0,29,espacial
2015,0278,823701,Colonia Durán,466,99.9,24,espacial
2015,0279,823708,La Brava,614,100.0,614,espacial
2015,0280,823701,Colonia Durán,466,100.0,442,espacial
2015,0281,820237,Romang,9168,99.9,87,espacial
2015,0283,823281,Esteban Rams,307,100.0,307,espacial
2015,0284,823309,Logroño,810,100.0,810,espacial
2015,0285,820175,Tostado,17006,100.0,16937,espacial
2015,0285A,823323,Pozo Borrado,1030,100.0,1030,espacial
2015,0285B,823323,Pozo Borrado,1030,100.0,1030,espacial
2015,0286,820175,Tostado,17006,100.0,63,espacial
2015,0287,823330,San Bernardo,744,100.0,744,espacial
2015,0289,823295,Gregoria Pérez de Denis,1967,100.0,1965,espacial
2015,0290,823316,Montefiore,292,100.0,292,espacial
2015,0291,823344,Villa Minetti,6529,100.0,6524,espacial
2015,0292,823288,Gato Colorado,1106,100.0,1106,espacial
2015,0293,823337,Santa Margarita,1103,100.0,1103,espacial
2015,0294,823302,Juan de Garay,48,99.9,48,espacial
2015,0301,820210,Rosario,1030069,100.0,8032,espacial
2015,0302,820210,Rosario,1030069,100.0,10708,espacial
2015,0303,820210,Rosario,1030069,100.0,5191,espacial
2015,0304,820210,Rosario,1030069,100.0,7417,espacial
2015,0305,820210,Rosario,1030069,100.0,5587,espacial
2015,0306,820210,Rosario,1030069,100.0,5836,espacial
2015,0307,820210,Rosario,1030069,100.0,8719,espacial
2015,0308,820210,Rosario,1030069,100.0,5608,espacial
2015,0309,820210,Rosario,1030069,100.0,3007,espacial
2015,0310,820210,Rosario,1030069,100.0,3486,espacial
2015,0311,820210,Rosario,1030069,100.0,2383,espacial
2015,0312,820210,Rosario,1030069,100.0,7310,espacial
2015,0313,820210,Rosario,1030069,100.0,7984,espacial
2015,0314,820210,Rosario,1030069,100.0,6191,espacial
2015,0315,820210,Rosario,1030069,100.0,5635,espacial
2015,0316,820210,Rosario,1030069,100.0,9827,espacial
2015,0317,820210,Rosario,1030069,100.0,7461,espacial
2015,0318,820210,Rosario,1030069,100.0,8404,espacial
2015,0319,820210,Rosario,1030069,100.0,6063,espacial
2015,0320,820210,Rosario,1030069,100.0,7567,espacial
2015,0321,820210,Rosario,1030069,100.0,6427,espacial
2015,0322,820210,Rosario,1030069,100.0,4473,espacial
2015,0323,820210,Rosario,1030069,100.0,11150,espacial
2015,0324,820210,Rosario,1030069,100.0,5273,espacial
2015,0325,820210,Rosario,1030069,100.0,5283,espacial
2015,0326,820210,Rosario,1030069,100.0,7630,espacial
2015,0327,820210,Rosario,1030069,100.0,8034,espacial
2015,0328,820210,Rosario,1030069,100.0,8408,espacial
2015,0329,820210,Rosario,1030069,100.0,16928,espacial
2015,0330,820210,Rosario,1030069,100.0,11948,espacial
2015,0331,820210,Rosario,1030069,100.0,10006,espacial
2015,0332,820210,Rosario,1030069,100.0,9206,espacial
2015,0333,820210,Rosario,1030069,100.0,14626,espacial
2015,0334,820210,Rosario,1030069,100.0,14956,espacial
2015,0335,820210,Rosario,1030069,100.0,3799,espacial
2015,0336,820210,Rosario,1030069,100.0,7027,espacial
2015,0337,820210,Rosario,1030069,100.0,5409,espacial
2015,0338,820210,Rosario,1030069,100.0,7210,espacial
2015,0339,820210,Rosario,1030069,100.0,8762,espacial
2015,0340,820210,Rosario,1030069,100.0,9247,espacial
2015,0341,823351,Acebal,5648,100.0,5648,espacial
2015,0341A,823435,Pueblo Muñoz,567,100.0,567,espacial
2015,0341B,823379,Arminda,303,100.0,303,espacial
2015,0342,820210,Rosario,1030069,100.0,38201,espacial
2015,0342A,820210,Rosario,1030069,99.4,25432,espacial
2015,0342B,820210,Rosario,1030069,99.9,25008,espacial
2015,0343,823365,Álvarez,7930,99.8,7942,espacial
2015,0343A,823421,Piñero,2484,98.5,2522,espacial
2015,0344,820210,Rosario,1030069,100.0,19211,espacial
2015,0344A,820210,Rosario,1030069,100.0,29570,espacial
2015,0345,820182,Arroyo Seco,24472,100.0,24444,espacial
2015,0345A,823400,Fighiera,5960,99.9,5944,espacial
2015,0347,820210,Rosario,1030069,100.0,86651,espacial
2015,0347A,820210,Rosario,1030069,99.9,28241,espacial
2015,0348,820210,Rosario,1030069,100.0,63211,espacial
2015,0349,820210,Rosario,1030069,100.0,38053,espacial
2015,0349A,820210,Rosario,1030069,100.0,69698,espacial
2015,0349B,820210,Rosario,1030069,100.0,36205,espacial
2015,0349C,820210,Rosario,1030069,100.0,6618,espacial
2015,0349D,820210,Rosario,1030069,100.0,769,espacial
2015,0350,823386,Carmen del Sauce,1002,100.0,1002,espacial
2015,0350A,823449,Uranga,884,100.0,884,espacial
2015,0351,823393,Coronel Bogado,2448,100.0,2448,espacial
2015,0351A,823358,Albarellos,366,100.0,366,espacial
2015,0352,820189,Funes,38284,99.6,38419,espacial
2015,0353,820210,Rosario,1030069,100.0,36027,espacial
2015,0353A,820210,Rosario,1030069,100.0,49677,espacial
2015,0354,820210,Rosario,1030069,100.0,23555,espacial
2015,0354A,820210,Rosario,1030069,100.0,11669,espacial
2015,0355,820196,Granadero Baigorria,44188,99.9,44030,espacial
2015,0355A,823414,Ibarlucea,8903,99.9,8859,espacial
2015,0356,820203,Pérez,32389,100.0,20533,espacial
2015,0356A,820203,Pérez,32389,99.8,11866,espacial
2015,0357,823442,Soldini,4286,99.9,4286,espacial
2015,0358,820210,Rosario,1030069,100.0,18944,espacial
2015,0359,820210,Rosario,1030069,100.0,66175,espacial
2015,0359A,820210,Rosario,1030069,100.0,47973,espacial
2015,0360,823456,Villa Amelia,1843,98.8,1846,espacial
2015,0360A,823470,Coronel Domínguez,1175,100.0,1175,espacial
2015,0362A,820217,Villa Gobernador Gálvez,92147,99.9,33232,espacial
2015,0362B,823372,Alvear,8349,99.7,8318,espacial
2015,0362C,823407,General Lagos,5072,100.0,5026,espacial
2015,0362D,820207,Pueblo Esther,12666,100.0,12625,espacial
2015,0362E,820217,Villa Gobernador Gálvez,92147,100.0,31708,espacial
2015,0362F,820217,Villa Gobernador Gálvez,92147,100.0,26803,espacial
2015,0363,823463,Zavalla,6722,100.0,6722,espacial
2015,0364,822028,Arequito,7319,100.0,7319,espacial
2015,0365,822035,Arteaga,3414,100.0,3413,espacial
2015,0366,822042,Berabevú,2104,100.0,2104,espacial
2015,0367,822049,Bigand,5599,100.0,5599,espacial
2015,0368A,820028,Casilda,38594,100.0,38594,espacial
2015,0368B,820028,Casilda,38594,100.0,38594,espacial
2015,0368C,820028,Casilda,38594,100.0,38594,espacial
2015,0368D,820028,Casilda,38594,100.0,38594,espacial
2015,0369,822105,Villada,1259,100.0,1259,espacial
2015,0370,822056,Chabas,7444,100.0,7444,espacial
2015,0371,822063,Chañar Ladeado,5385,100.0,5385,espacial
2015,0372,822070,Gödeken,1908,100.0,1908,espacial
2015,0373,822077,Los Molinos,2022,100.0,2022,espacial
2015,0374,822084,Los Quirquinchos,2268,100.0,2268,espacial
2015,0375,822091,San José de la Esquina,6869,100.0,6715,espacial
2015,0375A,822091,San José de la Esquina,6869,100.0,154,espacial
2015,0376,822098,Sanford,2033,100.0,2033,espacial
2015,0377A,822413,Alcorta,7680,100.0,7684,espacial
2015,0377B,822420,Bombal,3510,100.0,3510,espacial
2015,0377C,822469,Juncal,996,100.0,996,espacial
2015,0378,822476,La Vanguardia,383,100.0,383,espacial
2015,0378A,822455,Godoy,1374,100.0,1374,espacial
2015,0378B,822434,Cepeda,351,100.0,351,espacial
2015,0378C,822525,Sargento Cabral,1023,100.0,1023,espacial
2015,0378D,822511,Rueda,628,100.0,628,espacial
2015,0379A,822462,Juan B. Molina,1310,100.0,1310,espacial
2015,0379B,822448,General Gelly,651,100.0,651,espacial
2015,0379C,822427,Cañada Rica,679,100.0,679,espacial
2015,0380,822483,Máximo Paz,3204,100.0,3204,espacial
2015,0381,822497,Pavón Arriba,2110,100.0,2110,espacial
2015,0382,822504,Peyrano,2473,100.0,2473,espacial
2015,0383,822518,Santa Teresa,3243,100.0,3243,espacial
2015,0384,820056,Villa Constitución,52576,100.0,52477,espacial
2015,0384A,822441,Empalme Villa Constitución,7148,100.0,7148,espacial
2015,0384B,822490,Pavón,3083,100.0,3083,espacial
2015,0384C,822532,Theobald,541,100.0,541,espacial
2015,0385A,822588,Cafferata,1108,100.0,1108,espacial
2015,0385B,822721,San Francisco de Santa Fe,313,100.0,313,espacial
2015,0385C,822658,La Chispa,569,100.0,569,espacial
2015,0386,822602,Carmen,1756,100.0,1756,espacial
2015,0386A,822616,Chapuy,874,100.0,874,espacial
2015,0386B,822707,Murphy,4039,100.0,4039,espacial
2015,0387,822609,Carreras,1954,100.0,1950,espacial
2015,0388A,822637,Diego de Alvear,2047,100.0,2047,espacial
2015,0388B,822574,Aarón Castellanos,401,100.0,367,espacial
2015,0389,822644,Elortondo,5938,100.0,5938,espacial
2015,0390A,820063,Firmat,20536,100.0,20536,espacial
2015,0390B,822623,Chovet,2131,100.0,2131,espacial
2015,0390C,822595,Cañada del Ucle,973,100.0,973,espacial
2015,0390D,822700,Miguel Torres,522,100.0,521,espacial
2015,0391,822672,Lazzarino,426,92.6,460,espacial
2015,0391A,822581,Amenábar,1965,100.0,1965,espacial
2015,0392,822679,Maggiolo,2068,100.0,2068,espacial
2015,0393,822693,Melincué,2461,100.0,2461,espacial
2015,0393A,822665,Labordeboy,1155,100.0,1155,espacial
2015,0394,820070,Rufino,19172,100.0,19172,espacial
2015,0395A,822714,San Eduardo,1154,100.0,1154,espacial
2015,0395B,822735,Sancti Spiritu,3688,100.0,3688,espacial
2015,0396,822728,San Gregorio,5400,100.0,5399,espacial
2015,0396A,822630,Christophersen,898,100.0,898,espacial
2015,0397,822742,Santa Isabel,4735,100.0,4735,espacial
2015,0397A,822686,María Teresa,4073,100.0,4073,espacial
2015,0398,822749,Teodelina,6651,100.0,6650,espacial
2015,0399,820077,Venado Tuerto,82839,100.0,26120,espacial
2015,0400,820084,Villa Cañás,9757,100.0,9757,espacial
2015,0401A,822756,Wheelwright,6140,100.0,6140,espacial
2015,0401B,822651,Hughes,4792,100.0,4792,espacial
2015,0402,820007,Armstrong,12939,100.0,12939,espacial
2015,0403,820014,Las Parejas,14514,100.0,14514,espacial
2015,0404A,820021,Las Rosas,14371,100.0,14370,espacial
2015,0404B,822007,Bouquet,1375,100.0,1375,espacial
2015,0405,822014,Montes de Oca,2857,100.0,2857,espacial
2015,0406,822021,Tortugas,2488,100.0,2488,espacial
2015,0407,822882,Bustinza,1344,100.0,1344,espacial
2015,0408,820126,Cañada de Gómez,32108,100.0,32108,espacial
2015,0409,822889,Carrizales,1206,100.0,1206,espacial
2015,0410,822903,Correa,6212,99.8,6224,espacial
2015,0411A,822931,Salto Grande,2529,100.0,2529,espacial
2015,0411B,822910,Lucio V. López,505,100.0,505,espacial
2015,0412,822917,Oliveros,5671,99.2,5699,espacial
2015,0413A,820133,Totoras,11676,100.0,11582,espacial
2015,0413B,822896,Classon,924,100.0,924,espacial
2015,0413C,820133,Totoras,11676,100.0,94,espacial
2015,0414,822938,Serodino,4087,100.0,4087,espacial
2015,0414A,822924,Pueblo Andino,4142,99.7,4147,espacial
2015,0415,822945,Villa Eloísa,3232,100.0,3232,espacial
2015,0416,820273,Carcarañá,17354,100.0,17342,espacial
2015,0417,824037,Villa Mugueta,2254,100.0,36,espacial
2015,0417A,823995,Fuentes,2729,100.0,2729,espacial
2015,0417B,824037,Villa Mugueta,2254,100.0,2218,espacial
2015,0418A,824030,Timbúes,6437,99.9,6439,espacial
2015,0418B,823981,Aldao,802,99.4,807,espacial
2015,0419,824002,Luis Palacios,1543,99.1,1558,espacial
2015,0420,820280,Fray Luis Beltrán,18498,98.4,18768,espacial
2015,0420A,820266,Capitán Bermúdez,30792,99.7,30651,espacial
2015,0421,820287,Puerto General San Martín,17969,100.0,17624,espacial
2015,0422,824009,Pujato,3566,100.0,3566,espacial
2015,0422A,823988,Coronel Arnold,990,100.0,990,espacial
2015,0422B,823988,Coronel Arnold,990,100.0,990,espacial
2015,0423,820294,Roldán,30680,100.0,30671,espacial
2015,0424,824023,San Jerónimo Sud,3067,100.0,3067,espacial
2015,0425A,820301,San Lorenzo,50942,100.0,50580,espacial
2015,0425B,824016,Ricardone,5964,100.0,5966,espacial
2019,00001,820147,Santa Fe,405264,100.0,6620,espacial
2019,00002,820147,Santa Fe,405264,100.0,5741,espacial
2019,00003,820147,Santa Fe,405264,100.0,3476,espacial
2019,00004,820147,Santa Fe,405264,100.0,6044,espacial
2019,00005,820147,Santa Fe,405264,100.0,5113,espacial
2019,00006,820147,Santa Fe,405264,100.0,6130,espacial
2019,00007,820147,Santa Fe,405264,100.0,15437,espacial
2019,00008,820147,Santa Fe,405264,100.0,9089,espacial
2019,00009,820147,Santa Fe,405264,100.0,10447,espacial
2019,00010,820147,Santa Fe,405264,100.0,11040,espacial
2019,00011,820147,Santa Fe,405264,100.0,10058,espacial
2019,00012,820147,Santa Fe,405264,100.0,10825,espacial
2019,00013,820147,Santa Fe,405264,100.0,20033,espacial
2019,00014,820147,Santa Fe,405264,100.0,26397,espacial
2019,00015,820147,Santa Fe,405264,100.0,22140,espacial
2019,00016,820147,Santa Fe,405264,100.0,90883,espacial
2019,00017,820147,Santa Fe,405264,100.0,17269,espacial
2019,00018,820147,Santa Fe,405264,100.0,8956,espacial
2019,00019,820147,Santa Fe,405264,100.0,33898,espacial
2019,00020,820154,Santo Tomé,75133,100.0,29957,espacial
2019,00021,820147,Santa Fe,405264,100.0,11784,espacial
2019,00022,820143,San José del Rincón,13998,99.8,14005,espacial
2019,00023,820142,Recreo,19016,100.0,19018,espacial
2019,00024,823001,Monte Vera,9953,100.0,7401,espacial
2019,00025,822980,Candioti,1155,100.0,1155,espacial
2019,00026,822952,Arroyo Aguiar,1628,100.0,1628,espacial
2019,00027,820140,Laguna Paiva,13639,100.0,13639,espacial
2019,00028,822973,Campo Andino,442,100.0,442,espacial
2019,00029,823008,Nelson,4966,100.0,4967,espacial
2019,00030,822994,Llambí Campbell,2685,100.0,2685,espacial
2019,00031,822987,Emilia,1028,100.0,1028,espacial
2019,00032,820147,Santa Fe,405264,100.0,36090,espacial
2019,00033,820158,Sauce Viejo,14393,100.0,14380,espacial
2019,00034,820147,Santa Fe,405264,100.0,2083,espacial
2019,00035,820147,Santa Fe,405264,99.4,9954,espacial
2019,00036,820147,Santa Fe,405264,100.0,9932,espacial
2019,00037,822966,Cabal,128,99.9,128,espacial
2019,00038,820147,Santa Fe,405264,100.0,5114,espacial
2019,00039,823001,Monte Vera,9953,99.9,2553,espacial
2019,00040,822959,Arroyo Leyes,4831,99.5,4825,espacial
2019,00041,823092,Hipatía,550,99.9,550,espacial
2019,00042,823141,Matilde,966,100.0,966,espacial
2019,00043,823211,San Carlos Sud,2607,99.7,2612,nomenclador
2019,00044,820168,San Carlos Centro,12322,100.0,12317,nomenclador
2019,00045,823204,San Carlos Norte,1288,100.0,1288,espacial
2019,00046,823239,Santa Clara de Buena Vista,3115,100.0,3115,nomenclador
2019,00047,823232,San Mariano,380,100.0,380,espacial
2019,00048,823190,Sa Pereira,1590,100.0,1590,espacial
2019,00049,823197,San Agustín,1147,100.0,1147,espacial
2019,00050,823113,Jacinto L. Aráuz,186,100.0,186,espacial
2019,00051,823218,San Jerónimo del Sauce,993,100.0,993,espacial
2019,00052,820171,San Jerónimo Norte,7312,100.0,7312,nomenclador
2019,00053,823078,Franck,6406,100.0,6406,nomenclador
2019,00054,823127,Las Tunas,489,100.0,489,espacial
2019,00055,820161,Esperanza,46757,100.0,46186,nomenclador
2019,00056,823099,Humboldt,5320,100.0,5320,nomenclador
2019,00057,823155,Pilar,5310,100.0,5310,nomenclador
2019,00058,823148,Nuevo Torino,763,100.0,763,espacial
2019,00059,823036,Cavour,405,99.9,405,espacial
2019,00060,823071,Felicia,3158,100.0,2542,nomenclador
2019,00061,823085,Grutly,875,100.0,875,espacial
2019,00062,823260,Santo Domingo,1795,100.0,1795,espacial
2019,00063,823162,Progreso,2773,100.0,2773,nomenclador
2019,00064,823267,Sarmiento,1145,65.0,1761,espacial
2019,00065,823134,María Luisa,760,100.0,760,espacial
2019,00066,823169,Providencia,902,100.0,902,espacial
2019,00067,823120,La Pelada,1440,100.0,1440,espacial
2019,00068,823057,Elisa,1828,100.0,1828,espacial
2019,00069,823064,Empalme San Carlos,346,95.5,362,espacial
2019,00070,823183,Rivadavia,221,99.9,221,espacial
2019,00071,823050,Cululú,296,99.9,296,espacial
2019,00072,823246,Santa María Centro,152,99.9,152,espacial
2019,00073,823043,San José,272,99.9,272,espacial
2019,00074,823253,Santa María Norte,164,99.8,164,espacial
2019,00075,823176,Pujato Norte,495,100.0,495,espacial
2019,00076,823274,Soutomayor,120,99.8,120,espacial
2019,00077,823106,Ituzaingó,82,99.9,82,espacial
2019,00079,820245,Coronda,19499,99.9,19526,espacial
2019,00080,823799,Larrechea,687,99.9,688,espacial
2019,00081,823785,Gessler,1158,100.0,1158,espacial
2019,00082,823813,López,1580,100.0,1580,espacial
2019,00083,820252,Gálvez,20124,100.0,20124,espacial
2019,00084,823722,Arocena,2134,100.0,2134,espacial
2019,00085,823792,Irigoyen,1003,100.0,1003,espacial
2019,00086,823736,Bernardo de Irigoyen,1658,100.0,1658,espacial
2019,00087,823729,Barrancas,5611,100.0,4914,espacial
2019,00088,823757,Centeno,3092,100.0,3092,espacial
2019,00089,820256,San Genaro,9620,100.0,9620,espacial
2019,00091,823771,Díaz,1780,100.0,1780,espacial
2019,00092,823827,Monje,2400,100.0,2400,espacial
2019,00093,823820,Maciel,5975,100.0,5921,espacial
2019,00094,823778,Gaboto,3672,99.7,3684,espacial
2019,00095,823841,San Fabián,1099,100.0,1099,espacial
2019,00096,823764,Desvío Arijón,2933,100.0,1739,espacial
2019,00097,823806,Loma Alta,202,100.0,202,espacial
2019,00098,823729,Barrancas,5611,100.0,697,espacial
2019,00100,823743,Campo Piaggio,87,100.0,87,espacial
2019,00101,823750,Casalegno,179,99.9,179,espacial
2019,00104,822546,Colonia Mascías,1044,99.8,221,espacial
2019,00105,822560,Saladero Mariano Cabal,918,100.0,918,espacial
2019,00106,822553,Helvecia,10164,100.0,8933,espacial
2019,00107,822539,Cayastá,4897,100.0,4897,espacial
2019,00108,822567,Santa Rosa de Calchines,7830,100.0,7829,espacial
2019,00109,822546,Colonia Mascías,1044,100.0,823,espacial
2019,00110,822553,Helvecia,10164,100.0,921,espacial
2019,00111,822154,Colonia Bicha,375,100.0,375,espacial
2019,00112,822252,Galisteo,253,100.0,253,espacial
2019,00113,822378,Tacurales,448,100.0,448,espacial
2019,00114,822399,Virginia,258,100.0,258,espacial
2019,00115,822371,Tacural,1553,100.0,1553,espacial
2019,00116,822196,Colonia Raquel,457,100.0,457,espacial
2019,00117,822273,Humberto Primo,5848,100.0,5848,nomenclador
2019,00118,820049,Sunchales,23397,100.0,23397,nomenclador
2019,00119,822231,Eusebia y Carolina,1048,100.0,1048,espacial
2019,0011A,820147,Santa Fe,405264,100.0,10747,espacial
2019,00120,822147,Colonia Aldao,2015,100.0,2015,nomenclador
2019,00121,822119,Ataliva,2292,100.0,2292,nomenclador
2019,00122,822210,Egusquiza,366,100.0,366,espacial
2019,00123,822287,Lehmann,3574,100.0,3574,nomenclador
2019,00124,822329,Ramona,2062,100.0,2062,nomenclador
2019,00125,822385,Vila,1586,100.0,1586,espacial
2019,00126,822168,Castellanos,285,99.9,282,espacial
2019,00127,822315,Presidente Roca,1035,100.0,1035,espacial
2019,00129,822133,Bauer y Sigel,313,100.0,313,espacial
2019,00130,822357,Santa Clara de Saguier,2057,100.0,2057,nomenclador
2019,00131,822336,Saguier,506,100.0,506,espacial
2019,00132,822364,Susana,1834,100.0,1834,espacial
2019,00133,822126,Aurelia,208,100.0,208,espacial
2019,00134,822280,Josefina,2738,85.6,3134,nomenclador
2019,00135,822175,Colonia Cello,215,100.0,215,espacial
2019,00136,822308,Plaza Clucellas,1948,100.0,1948,espacial
2019,00137,822112,Angélica,1475,100.0,1475,espacial
2019,00138,822406,Zenón Pereyra,2123,99.7,2129,nomenclador
2019,00139,822217,Esmeralda,705,100.0,699,espacial
2019,00140,822294,María Juana,4910,100.0,4864,nomenclador
2019,00141,822189,Colonia Margarita,351,100.0,351,espacial
2019,00142,820045,San Vicente,6240,100.0,6240,nomenclador
2019,00143,822140,Bella Italia,1936,100.0,1935,espacial
2019,00144,822224,Estación Clucellas,1006,100.0,1006,espacial
2019,00145,822343,San Antonio,323,99.0,326,espacial
2019,00146,822392,Villa San José,426,100.0,426,espacial
2019,00147,822259,Garibaldi,288,100.0,288,espacial
2019,00148,822322,Pueblo Marini,164,100.0,164,espacial
2019,00149,822238,Eustolia,107,69.9,153,espacial
2019,00150,822245,Fidela,179,100.0,179,espacial
2019,00151,822203,Coronel Fraga,393,100.0,393,espacial
2019,00152,822301,Colonia Maua,80,100.0,80,espacial
2019,00153,824065,Castelar,755,100.0,755,espacial
2019,00154,824079,Crispi,454,100.0,454,espacial
2019,00155,820322,Sastre y Ortiz,5855,100.0,5855,nomenclador
2019,00156,824128,San Martín de las Escobas,3047,100.0,3047,nomenclador
2019,00157,824072,Colonia Belgrano,1414,100.0,1414,espacial
2019,00158,820315,San Jorge,19524,100.0,19524,nomenclador
2019,00159,824086,Landeta,1502,100.0,1498,espacial
2019,00160,824051,Carlos Pellegrini,5961,100.0,5961,nomenclador
2019,00161,824044,Cañada Rosquín,5616,100.0,5616,nomenclador
2019,00162,824058,Casas,777,100.0,777,espacial
2019,00163,824093,Las Bandurrias,308,100.0,308,espacial
2019,00164,824121,Piamonte,3622,100.0,3622,nomenclador
2019,00165,820308,El Trébol,12424,100.0,12424,nomenclador
2019,00166,824114,María Susana,3569,100.0,3569,nomenclador
2019,00167,824107,Los Cardos,1333,100.0,1333,espacial
2019,00168,824135,Traill,186,99.9,186,espacial
2019,00169,824100,Las Petacas,952,100.0,952,espacial
2019,00174,823540,Dos Rosas y La Legua,504,100.0,448,espacial
2019,00175,823561,La Cabral,246,100.0,246,espacial
2019,00176,823498,Capivara,352,100.0,352,espacial
2019,00177,823477,Aguará Grande,384,100.0,384,espacial
2019,00178,820224,Ceres,16360,100.0,16354,espacial
2019,00179,823547,Hersilia,3449,100.0,3448,espacial
2019,00180,823484,Ambrosetti,1326,100.0,1326,espacial
2019,00181,823554,Huanqueros,864,100.0,864,espacial
2019,00182,823652,Santurce,58,100.0,58,espacial
2019,00183,823680,Villa Trinidad,3939,100.0,3935,espacial
2019,00184,823491,Arrufo,2301,100.0,2301,espacial
2019,00185,820231,San Cristóbal,15363,100.0,15363,espacial
2019,00186,823624,Ñanducita,212,100.0,212,espacial
2019,00187,823519,Colonia Rosa,1069,100.0,1067,espacial
2019,00188,820233,San Guillermo,9315,100.0,9315,espacial
2019,00189,823610,Monigotes,426,100.0,426,espacial
2019,00191,820235,Suardi,7761,100.0,7745,espacial
2019,00192,823526,Constanza,256,100.0,256,espacial
2019,00193,823603,Moisés Ville,2415,100.0,2415,espacial
2019,00194,823631,Palacios,515,100.0,515,espacial
2019,00195,823659,Soledad,1125,100.0,1125,espacial
2019,00196,823673,Villa Saralegui,635,100.0,606,espacial
2019,00197,823617,Monte Oscuridad,705,100.0,426,espacial
2019,00198,823638,Portugalete,145,100.0,145,espacial
2019,00199,823568,Colonia Clara,144,100.0,144,espacial
2019,00200,823596,Las Palmeras,652,100.0,652,espacial
2019,00201,823582,La Rubia,543,100.0,543,espacial
2019,00202,823533,Curupaity,387,100.0,387,espacial
2019,00203,823512,Colonia Bossi,461,100.0,461,espacial
2019,00204,823505,Colonia Ana,289,99.9,288,espacial
2019,00205,823575,La Lucila,265,100.0,265,espacial
2019,00207,823869,Cayastacito,501,100.0,501,espacial
2019,00208,823974,Videla,2505,100.0,2491,espacial
2019,00209,823925,Naré,336,100.0,330,espacial
2019,0020A,820154,Santo Tomé,75133,100.0,31633,espacial
2019,0020B,820154,Santo Tomé,75133,100.0,13546,espacial
2019,00210,820259,San Justo,26366,100.0,26329,espacial
2019,00211,823939,Ramayón,693,99.9,694,espacial
2019,00212,823918,Marcelino Escalada,2042,100.0,2042,espacial
2019,00213,823890,Gobernador Crespo,6451,100.0,6451,espacial
2019,00214,823953,San Martín Norte,954,100.0,954,espacial
2019,00215,823967,Vera y Pintado,1343,100.0,1343,espacial
2019,00216,823904,La Criolla,2502,100.0,2431,espacial
2019,00217,823911,La Penca y Caraguatá,380,100.0,380,espacial
2019,00218,823932,Pedro Gómez Cello,657,97.4,675,espacial
2019,00219,820259,San Justo,26366,99.9,36,espacial
2019,00220,820112,Reconquista,87986,100.0,205,espacial
2019,00221,820105,Malabrigo,8708,100.0,8649,espacial
2019,00222,822770,Berna,938,100.0,890,espacial
2019,00223,822847,Nicanor Molinas,543,100.0,450,espacial
2019,00224,820112,Reconquista,87986,100.0,24443,espacial
2019,00225,820091,Avellaneda,29299,99.9,28065,espacial
2019,00226,820091,Avellaneda,29299,100.0,705,espacial
2019,00227,822826,Lanteri,2569,100.0,2512,espacial
2019,00228,822833,Las Garzas,1728,100.0,1728,espacial
2019,00229,822791,El Sombrerito,746,100.0,746,espacial
2019,00230,822868,Villa Ana,3331,100.0,3296,espacial
2019,00231,820119,Villa Ocampo,19628,100.0,218,espacial
2019,00232,820119,Villa Ocampo,19628,99.3,19550,espacial
2019,00233,822861,Tacuarendi,2941,100.0,2801,espacial
2019,00234,822854,San Antonio de Obligado,3167,100.0,3110,espacial
2019,00235,820098,Las Toscas,14397,99.6,12901,espacial
2019,00237,822875,Villa Guillermina,3921,71.6,5474,espacial
2019,00238,822784,El Rabón,1421,74.6,1896,espacial
2019,00239,820095,Florencia,7454,95.5,7558,espacial
2019,00240,820095,Florencia,7454,100.0,236,espacial
2019,00241,822812,Ingeniero Chanourdie,989,100.0,36,espacial
2019,00242,822805,Guadalupe Norte,1700,100.0,1700,espacial
2019,00243,822868,Villa Ana,3331,100.0,2,espacial
2019,00244,822819,La Sarita,1494,99.9,117,espacial
2019,00245,822763,Arroyo Ceibal,1422,100.0,1422,espacial
2019,00246,822840,Los Laureles,1487,100.0,1431,espacial
2019,00247,822777,El Araza,787,100.0,787,espacial
2019,00248,822826,Lanteri,2569,99.7,33,espacial
2019,00249,822819,La Sarita,1494,99.8,136,espacial
2019,00251,820329,Calchaquí,12788,100.0,12788,espacial
2019,00252,824191,Margarita,4566,100.0,4566,espacial
2019,00253,824177,La Gallareta,2719,100.0,2719,espacial
2019,00254,820336,Vera,22747,99.8,22289,espacial
2019,00255,820336,Vera,22747,78.1,77,espacial
2019,00256,824205,Toba,924,100.0,645,espacial
2019,00257,824156,Garabato,1912,100.0,1459,espacial
2019,00258,820336,Vera,22747,48.6,45933,espacial
2019,00259,824170,Intiyaco,1408,100.0,1391,espacial
2019,00260,824198,Tartagal,1848,100.0,1848,espacial
2019,00261,824163,Golondrina,443,81.6,543,espacial
2019,00262,824142,Cañada Ombú,914,100.0,914,espacial
2019,00263,824184,Los Amores,1206,100.0,1206,espacial
2019,00264,820336,Vera,22747,99.9,31,espacial
2019,00267,820336,Vera,22747,99.3,102,espacial
2019,00268,824149,Fortín Olmos,3493,100.0,3482,espacial
2019,00269,824188,Los Tábanos,495,100.0,395,espacial
2019,00270,820336,Vera,22747,56.2,63,espacial
2019,00271,824205,Toba,924,100.0,86,espacial
2019,00274,823694,Cacique Ariacaiquín,373,100.0,373,espacial
2019,00275,820238,San Javier,17452,99.1,17546,espacial
2019,00276,823687,Alejandra,4406,100.0,3986,espacial
2019,00277,820237,Romang,9168,100.0,9052,espacial
2019,00278,823701,Colonia Durán,466,99.9,24,espacial
2019,00279,823708,La Brava,614,100.0,614,espacial
2019,00280,823701,Colonia Durán,466,100.0,442,espacial
2019,00281,820237,Romang,9168,99.9,87,espacial
2019,00283,823281,Esteban Rams,307,100.0,307,espacial
2019,00284,823309,Logroño,810,100.0,810,espacial
2019,00285,820175,Tostado,17006,100.0,16937,espacial
2019,00286,820175,Tostado,17006,100.0,63,espacial
2019,00287,823330,San Bernardo,744,100.0,744,espacial
2019,00289,823295,Gregoria Pérez de Denis,1967,100.0,1965,espacial
2019,00290,823316,Montefiore,292,100.0,292,espacial
2019,00291,823344,Villa Minetti,6529,100.0,6524,espacial
2019,00292,823288,Gato Colorado,1106,100.0,1106,espacial
2019,00293,823337,Santa Margarita,1103,100.0,1103,espacial
2019,00294,823302,Juan de Garay,48,99.9,48,espacial
2019,00301,820210,Rosario,1030069,100.0,8032,espacial
2019,00302,820210,Rosario,1030069,100.0,10708,espacial
2019,00303,820210,Rosario,1030069,100.0,5191,espacial
2019,00304,820210,Rosario,1030069,100.0,7417,espacial
2019,00305,820210,Rosario,1030069,100.0,5587,espacial
2019,00306,820210,Rosario,1030069,100.0,5836,espacial
2019,00307,820210,Rosario,1030069,100.0,8719,espacial
2019,00308,820210,Rosario,1030069,100.0,5608,espacial
2019,00309,820210,Rosario,1030069,100.0,3007,espacial
2019,00310,820210,Rosario,1030069,100.0,3486,espacial
2019,00311,820210,Rosario,1030069,100.0,2383,espacial
2019,00312,820210,Rosario,1030069,100.0,7310,espacial
2019,00313,820210,Rosario,1030069,100.0,7984,espacial
2019,00314,820210,Rosario,1030069,100.0,6191,espacial
2019,00315,820210,Rosario,1030069,100.0,5635,espacial
2019,00316,820210,Rosario,1030069,100.0,9827,espacial
2019,00317,820210,Rosario,1030069,100.0,7461,espacial
2019,00318,820210,Rosario,1030069,100.0,8404,espacial
2019,00319,820210,Rosario,1030069,100.0,6063,espacial
2019,00320,820210,Rosario,1030069,100.0,7567,espacial
2019,00321,820210,Rosario,1030069,100.0,6427,espacial
2019,00322,820210,Rosario,1030069,100.0,4473,espacial
2019,00323,820210,Rosario,1030069,100.0,11150,espacial
2019,00324,820210,Rosario,1030069,100.0,5273,espacial
2019,00325,820210,Rosario,1030069,100.0,5283,espacial
2019,00326,820210,Rosario,1030069,100.0,7630,espacial
2019,00327,820210,Rosario,1030069,100.0,8034,espacial
2019,00328,820210,Rosario,1030069,100.0,8408,espacial
2019,00329,820210,Rosario,1030069,100.0,16928,espacial
2019,00330,820210,Rosario,1030069,100.0,11948,espacial
2019,00331,820210,Rosario,1030069,100.0,10006,espacial
2019,00332,820210,Rosario,1030069,100.0,9206,espacial
2019,00333,820210,Rosario,1030069,100.0,14626,espacial
2019,00334,820210,Rosario,1030069,100.0,14956,espacial
2019,00335,820210,Rosario,1030069,100.0,3799,espacial
2019,00336,820210,Rosario,1030069,100.0,7027,espacial
2019,00337,820210,Rosario,1030069,100.0,5409,espacial
2019,00338,820210,Rosario,1030069,100.0,7210,espacial
2019,00339,820210,Rosario,1030069,100.0,8762,espacial
2019,00340,820210,Rosario,1030069,100.0,9247,espacial
2019,00341,823351,Acebal,5648,100.0,5648,espacial
2019,00342,820210,Rosario,1030069,100.0,38201,espacial
2019,00343,823365,Álvarez,7930,99.8,7942,espacial
2019,00344,820210,Rosario,1030069,100.0,19211,espacial
2019,00345,820182,Arroyo Seco,24472,100.0,24444,espacial
2019,00347,820210,Rosario,1030069,100.0,86651,espacial
2019,00348,820210,Rosario,1030069,100.0,63211,espacial
2019,00349,820210,Rosario,1030069,100.0,38053,espacial
2019,00350,823386,Carmen del Sauce,1002,100.0,1002,espacial
2019,00351,823393,Coronel Bogado,2448,100.0,2448,espacial
2019,00352,820189,Funes,38284,99.6,38419,espacial
2019,00353,820210,Rosario,1030069,100.0,36027,espacial
2019,00354,820210,Rosario,1030069,100.0,23555,espacial
2019,00355,820196,Granadero Baigorria,44188,99.9,44030,espacial
2019,00356,820203,Pérez,32389,100.0,20533,espacial
2019,00357,823442,Soldini,4286,99.9,4286,espacial
2019,00358,820210,Rosario,1030069,100.0,18944,espacial
2019,00359,820210,Rosario,1030069,100.0,66175,espacial
2019,00360,823456,Villa Amelia,1843,98.8,1846,espacial
2019,00363,823463,Zavalla,6722,100.0,6722,espacial
2019,00364,822028,Arequito,7319,100.0,7319,espacial
2019,00365,822035,Arteaga,3414,100.0,3413,espacial
2019,00366,822042,Berabevú,2104,100.0,2104,espacial
2019,00367,822049,Bigand,5599,100.0,5599,espacial
2019,00369,822105,Villada,1259,100.0,1259,espacial
2019,00370,822056,Chabas,7444,100.0,7444,espacial
2019,00371,822063,Chañar Ladeado,5385,100.0,5385,espacial
2019,00372,822070,Gödeken,1908,100.0,1908,espacial
2019,00373,822077,Los Molinos,2022,100.0,2022,espacial
2019,00374,822084,Los Quirquinchos,2268,100.0,2268,espacial
2019,00375,822091,San José de la Esquina,6869,100.0,6715,espacial
2019,00376,822098,Sanford,2033,100.0,2033,espacial
2019,00378,822476,La Vanguardia,383,100.0,383,espacial
2019,00380,822483,Máximo Paz,3204,100.0,3204,espacial
2019,00381,822497,Pavón Arriba,2110,100.0,2110,espacial
2019,00382,822504,Peyrano,2473,100.0,2473,espacial
2019,00383,822518,Santa Teresa,3243,100.0,3243,espacial
2019,00384,820056,Villa Constitución,52576,100.0,52477,espacial
2019,00386,822602,Carmen,1756,100.0,1756,espacial
2019,00387,822609,Carreras,1954,100.0,1950,espacial
2019,00389,822644,Elortondo,5938,100.0,5938,espacial
2019,00391,822672,Lazzarino,426,92.6,460,espacial
2019,00392,822679,Maggiolo,2068,100.0,2068,espacial
2019,00393,822693,Melincué,2461,100.0,2461,espacial
2019,00394,820070,Rufino,19172,100.0,19172,espacial
2019,00396,822728,San Gregorio,5400,100.0,5399,espacial
2019,00397,822742,Santa Isabel,4735,100.0,4735,espacial
2019,00398,822749,Teodelina,6651,100.0,6650,espacial
2019,00399,820077,Venado Tuerto,82839,100.0,26120,espacial
2019,00400,820084,Villa Cañás,9757,100.0,9757,espacial
2019,00402,820007,Armstrong,12939,100.0,12939,espacial
2019,00403,820014,Las Parejas,14514,100.0,14514,espacial
2019,00405,822014,Montes de Oca,2857,100.0,2857,espacial
2019,00406,822021,Tortugas,2488,100.0,2488,espacial
2019,00407,822882,Bustinza,1344,100.0,1344,espacial
2019,00408,820126,Cañada de Gómez,32108,100.0,32108,espacial
2019,00409,822889,Carrizales,1206,100.0,1206,espacial
2019,00410,822903,Correa,6212,99.8,6224,espacial
2019,00412,822917,Oliveros,5671,99.2,5699,espacial
2019,00414,822938,Serodino,4087,100.0,4087,espacial
2019,00415,822945,Villa Eloísa,3232,100.0,3232,espacial
2019,00416,820273,Carcarañá,17354,100.0,17342,espacial
2019,00417,824037,Villa Mugueta,2254,100.0,36,espacial
2019,00419,824002,Luis Palacios,1543,99.1,1558,espacial
2019,00420,820280,Fray Luis Beltrán,18498,98.4,18768,espacial
2019,00421,820287,Puerto General San Martín,17969,100.0,17624,espacial
2019,00422,824009,Pujato,3566,100.0,3566,espacial
2019,00423,820294,Roldán,30680,100.0,30671,espacial
2019,00424,824023,San Jerónimo Sud,3067,100.0,3067,espacial
2019,0055A,820161,Esperanza,46757,100.0,247,espacial
2019,0055B,820161,Esperanza,46757,99.9,77,espacial
2019,0055C,820161,Esperanza,46757,100.0,23,espacial
2019,0055D,820161,Esperanza,46757,100.0,223,espacial
2019,0085A,823834,San Eugenio,124,100.0,124,espacial
2019,0096A,823764,Desvío Arijón,2933,100.0,1166,espacial
2019,0106A,822553,Helvecia,10164,100.0,275,espacial
2019,0106B,822553,Helvecia,10164,100.0,35,espacial
2019,0120A,822161,Colonia Bigand,176,100.0,176,espacial
2019,0120B,822266,Hugentobler,157,100.0,157,espacial
2019,0128A,820042,Rafaela,101699,100.0,37989,espacial
2019,0128B,820042,Rafaela,101699,100.0,19798,espacial
2019,0128C,820042,Rafaela,101699,100.0,21016,espacial
2019,0128D,820042,Rafaela,101699,100.0,22897,espacial
2019,0134A,820035,Frontera,9967,100.0,9187,nomenclador
2019,0134B,820035,Frontera,9967,100.0,9187,espacial
2019,0136A,822182,Colonia Iturraspe,88,100.0,88,espacial
2019,0181A,823589,Las Avispas,127,100.0,127,espacial
2019,0196A,823673,Villa Saralegui,635,99.7,19,espacial
2019,0196B,823673,Villa Saralegui,635,99.9,10,espacial
2019,0208A,823925,Naré,336,99.8,6,espacial
2019,0208B,823883,Esther,79,100.0,79,espacial
2019,0208C,823862,Angeloni,272,95.0,286,espacial
2019,0210A,823946,San Bernardo,81,99.9,81,espacial
2019,0212A,823960,Silva,452,100.0,452,espacial
2019,0214A,823876,Colonia Dolores,761,100.0,761,espacial
2019,0215A,823897,La Camila,111,99.9,93,espacial
2019,0216A,823904,La Criolla,2502,100.0,71,espacial
2019,0221A,820105,Malabrigo,8708,99.9,59,espacial
2019,0222A,822770,Berna,938,99.8,48,espacial
2019,0223A,822847,Nicanor Molinas,543,99.9,93,espacial
2019,0224A,820112,Reconquista,87986,100.0,1157,espacial
2019,0224B,820112,Reconquista,87986,100.0,1362,espacial
2019,0224C,820112,Reconquista,87986,100.0,9638,espacial
2019,0224D,820112,Reconquista,87986,100.0,17132,espacial
2019,0224E,820112,Reconquista,87986,100.0,34036,espacial
2019,0225A,820091,Avellaneda,29299,100.0,541,espacial
2019,0227A,822812,Ingeniero Chanourdie,989,100.0,953,espacial
2019,0227B,822826,Lanteri,2569,100.0,24,espacial
2019,0232A,822868,Villa Ana,3331,100.0,34,espacial
2019,0239A,822808,Hardy,877,100.0,53,espacial
2019,0244A,822819,La Sarita,1494,100.0,652,espacial
2019,0244B,822819,La Sarita,1494,100.0,590,espacial
2019,0246A,822840,Los Laureles,1487,100.0,56,espacial
2019,0254A,820336,Vera,22747,100.0,269,espacial
2019,0256A,824205,Toba,924,99.9,108,espacial
2019,0268A,824156,Garabato,1912,100.0,453,espacial
2019,0268B,824149,Fortín Olmos,3493,100.0,11,espacial
2019,0275A,823704,Colonia Teresa,701,90.0,607,espacial
2019,0276A,823687,Alejandra,4406,99.9,164,espacial
2019,0276B,823687,Alejandra,4406,100.0,228,espacial
2019,0277A,820237,Romang,9168,100.0,29,espacial
2019,0277B,820237,Romang,9168,100.0,29,espacial
2019,0285A,823323,Pozo Borrado,1030,100.0,1030,espacial
2019,0285B,823323,Pozo Borrado,1030,100.0,1030,espacial
2019,0341A,823435,Pueblo Muñoz,567,100.0,567,espacial
2019,0341B,823379,Arminda,303,100.0,303,espacial
2019,0342A,820210,Rosario,1030069,99.4,25432,espacial
2019,0342B,820210,Rosario,1030069,99.9,25008,espacial
2019,0343A,823421,Piñero,2484,98.5,2522,espacial
2019,0344A,820210,Rosario,1030069,100.0,29570,espacial
2019,0345A,823400,Fighiera,5960,99.9,5944,espacial
2019,0347A,820210,Rosario,1030069,99.9,28241,espacial
2019,0349A,820210,Rosario,1030069,100.0,69698,espacial
2019,0349B,820210,Rosario,1030069,100.0,36205,espacial
2019,0349C,820210,Rosario,1030069,100.0,6618,espacial
2019,0349D,820210,Rosario,1030069,100.0,769,espacial
2019,0350A,823449,Uranga,884,100.0,884,espacial
2019,0351A,823358,Albarellos,366,100.0,366,espacial
2019,0353A,820210,Rosario,1030069,100.0,49677,espacial
2019,0354A,820210,Rosario,1030069,100.0,11669,espacial
2019,0355A,823414,Ibarlucea,8903,99.9,8859,espacial
2019,0356A,820203,Pérez,32389,99.8,11866,espacial
2019,0359A,820210,Rosario,1030069,100.0,47973,espacial
2019,0360A,823470,Coronel Domínguez,1175,100.0,1175,espacial
2019,0362A,820217,Villa Gobernador Gálvez,92147,99.9,33232,espacial
2019,0362B,823372,Alvear,8349,99.7,8318,espacial
2019,0362C,823407,General Lagos,5072,100.0,5026,espacial
2019,0362D,820207,Pueblo Esther,12666,100.0,12625,espacial
2019,0362E,820217,Villa Gobernador Gálvez,92147,100.0,31708,espacial
2019,0362F,820217,Villa Gobernador Gálvez,92147,100.0,26803,espacial
2019,0368A,820028,Casilda,38594,100.0,38594,espacial
2019,0368B,820028,Casilda,38594,100.0,38594,espacial
2019,0368C,820028,Casilda,38594,100.0,38594,espacial
2019,0368D,820028,Casilda,38594,100.0,38594,espacial
2019,0375A,822091,San José de la Esquina,6869,100.0,154,espacial
2019,0377A,822413,Alcorta,7680,100.0,7684,espacial
2019,0377B,822420,Bombal,3510,100.0,3510,espacial
2019,0377C,822469,Juncal,996,100.0,996,espacial
2019,0378A,822455,Godoy,1374,100.0,1374,espacial
2019,0378B,822434,Cepeda,351,100.0,351,espacial
2019,0378C,822525,Sargento Cabral,1023,100.0,1023,espacial
2019,0378D,822511,Rueda,628,100.0,628,espacial
2019,0379A,822462,Juan B. Molina,1310,100.0,1310,espacial
2019,0379B,822448,General Gelly,651,100.0,651,espacial
2019,0379C,822427,Cañada Rica,679,100.0,679,espacial
2019,0384A,822441,Empalme Villa Constitución,7148,100.0,7148,espacial
2019,0384B,822490,Pavón,3083,100.0,3083,espacial
2019,0384C,822532,Theobald,541,100.0,541,espacial
2019,0385A,822588,Cafferata,1108,100.0,1108,espacial
2019,0385B,822721,San Francisco de Santa Fe,313,100.0,313,espacial
2019,0385C,822658,La Chispa,569,100.0,569,espacial
2019,0386A,822616,Chapuy,874,100.0,874,espacial
2019,0386B,822707,Murphy,4039,100.0,4039,espacial
2019,0388A,822637,Diego de Alvear,2047,100.0,2047,espacial
2019,0388B,822574,Aarón Castellanos,401,100.0,367,espacial
2019,0390A,820063,Firmat,20536,100.0,20536,espacial
2019,0390B,822623,Chovet,2131,100.0,2131,espacial
2019,0390C,822595,Cañada del Ucle,973,100.0,973,espacial
2019,0390D,822700,Miguel Torres,522,100.0,521,espacial
2019,0391A,822581,Amenábar,1965,100.0,1965,espacial
2019,0393A,822665,Labordeboy,1155,100.0,1155,espacial
2019,0395A,822714,San Eduardo,1154,100.0,1154,espacial
2019,0395B,822735,Sancti Spiritu,3688,100.0,3688,espacial
2019,0396A,822630,Christophersen,898,100.0,898,espacial
2019,0397A,822686,María Teresa,4073,100.0,4073,espacial
2019,0399A,820077,Venado Tuerto,82839,100.0,22902,espacial
2019,0399B,820077,Venado Tuerto,82839,100.0,19302,espacial
2019,0399C,820077,Venado Tuerto,82839,100.0,14515,espacial
2019,0401A,822756,Wheelwright,6140,100.0,6140,espacial
2019,0401B,822651,Hughes,4792,100.0,4792,espacial
2019,0404A,820021,Las Rosas,14371,100.0,14370,espacial
2019,0404B,822007,Bouquet,1375,100.0,1375,espacial
2019,0411A,822931,Salto Grande,2529,100.0,2529,espacial
2019,0411B,822910,Lucio V. López,505,100.0,505,espacial
2019,0413A,820133,Totoras,11676,100.0,11582,espacial
2019,0413B,822896,Classon,924,100.0,924,espacial
2019,0413C,820133,Totoras,11676,100.0,94,espacial
2019,0414A,822924,Pueblo Andino,4142,99.7,4147,espacial
2019,0417A,823995,Fuentes,2729,100.0,2729,espacial
2019,0417B,824037,Villa Mugueta,2254,100.0,2218,espacial
2019,0418A,824030,Timbúes,6437,99.9,6439,espacial
2019,0418B,823981,Aldao,802,99.4,807,espacial
2019,0420A,820266,Capitán Bermúdez,30792,99.7,30651,espacial
2019,0422A,823988,Coronel Arnold,990,100.0,990,espacial
2019,0422B,823988,Coronel Arnold,990,100.0,990,espacial
2019,0425A,820301,San Lorenzo,50942,100.0,50580,espacial
2019,0425B,824016,Ricardone,5964,100.0,5966,espacial
2023,00010,820147,Santa Fe,405264,100.0,6604,espacial
2023,00020,820147,Santa Fe,405264,100.0,5795,espacial
2023,00030,820147,Santa Fe,405264,100.0,3419,espacial
2023,00040,820147,Santa Fe,405264,100.0,5985,espacial
2023,00050,820147,Santa Fe,405264,100.0,5148,espacial
2023,00060,820147,Santa Fe,405264,100.0,6153,espacial
2023,00070,820147,Santa Fe,405264,100.0,15419,espacial
2023,00080,820147,Santa Fe,405264,100.0,9092,espacial
2023,00090,820147,Santa Fe,405264,100.0,10441,espacial
2023,00100,820147,Santa Fe,405264,100.0,11046,espacial
2023,00110,820147,Santa Fe,405264,100.0,10100,espacial
2023,00115,820147,Santa Fe,405264,100.0,10712,espacial
2023,00120,820147,Santa Fe,405264,100.0,10820,espacial
2023,00130,820147,Santa Fe,405264,100.0,20043,espacial
2023,00140,820147,Santa Fe,405264,100.0,17553,espacial
2023,00142,820147,Santa Fe,405264,100.0,8788,espacial
2023,00150,820147,Santa Fe,405264,100.0,22174,espacial
2023,00152,820147,Santa Fe,405264,100.0,8904,espacial
2023,00160,820147,Santa Fe,405264,100.0,26066,espacial
2023,00161,820147,Santa Fe,405264,100.0,33948,espacial
2023,00162,820147,Santa Fe,405264,100.0,21955,espacial
2023,00165,820147,Santa Fe,405264,100.0,17315,espacial
2023,00170,820147,Santa Fe,405264,100.0,10371,espacial
2023,00171,820147,Santa Fe,405264,100.0,13928,espacial
2023,00172,820147,Santa Fe,405264,100.0,9620,espacial
2023,00175,820147,Santa Fe,405264,100.0,36079,espacial
2023,00180,820147,Santa Fe,405264,100.0,9897,espacial
2023,00185,820147,Santa Fe,405264,100.0,9940,espacial
2023,00190,820147,Santa Fe,405264,100.0,5114,espacial
2023,00192,820147,Santa Fe,405264,100.0,8979,espacial
2023,00194,820147,Santa Fe,405264,100.0,11759,espacial
2023,00196,820147,Santa Fe,405264,100.0,2091,espacial
2023,00200,820154,Santo Tomé,75133,100.0,29952,espacial
2023,00202,820154,Santo Tomé,75133,100.0,31618,espacial
2023,00204,820154,Santo Tomé,75133,99.9,13574,espacial
2023,00220,820143,San José del Rincón,13998,99.8,14002,espacial
2023,00230,820142,Recreo,19016,100.0,19011,espacial
2023,00240,823001,Monte Vera,9953,100.0,7401,espacial
2023,00250,822980,Candioti,1155,99.9,1156,espacial
2023,00260,822952,Arroyo Aguiar,1628,100.0,1628,espacial
2023,00270,820140,Laguna Paiva,13639,100.0,13639,espacial
2023,00280,822973,Campo Andino,442,100.0,442,espacial
2023,00290,823008,Nelson,4966,100.0,4967,espacial
2023,00300,822994,Llambí Campbell,2685,100.0,2685,espacial
2023,00310,822987,Emilia,1028,100.0,1028,espacial
2023,00330,820158,Sauce Viejo,14393,100.0,14375,espacial
2023,00370,822966,Cabal,128,100.0,128,espacial
2023,00390,823001,Monte Vera,9953,99.8,2556,espacial
2023,00400,822959,Arroyo Leyes,4831,99.5,4830,espacial
2023,00410,823092,Hipatía,550,100.0,550,espacial
2023,00420,823141,Matilde,966,100.0,965,espacial
2023,00430,823211,San Carlos Sud,2607,99.6,2618,nomenclador
2023,00440,820168,San Carlos Centro,12322,100.0,12311,nomenclador
2023,00450,823204,San Carlos Norte,1288,100.0,1288,espacial
2023,00460,823239,Santa Clara de Buena Vista,3115,100.0,3115,nomenclador
2023,00470,823232,San Mariano,380,100.0,380,espacial
2023,00480,823190,Sa Pereira,1590,100.0,1590,espacial
2023,00490,823197,San Agustín,1147,100.0,1147,espacial
2023,00500,823113,Jacinto L. Aráuz,186,100.0,186,espacial
2023,00510,823218,San Jerónimo del Sauce,993,100.0,993,espacial
2023,00520,820171,San Jerónimo Norte,7312,100.0,7312,nomenclador
2023,00530,823078,Franck,6406,100.0,6406,nomenclador
2023,00540,823127,Las Tunas,489,100.0,489,espacial
2023,00550,820161,Esperanza,46757,100.0,46757,nomenclador
2023,00557,820161,Esperanza,46757,99.9,77,espacial
2023,00559,820161,Esperanza,46757,100.0,224,espacial
2023,00560,823099,Humboldt,5320,100.0,5320,nomenclador
2023,00570,823155,Pilar,5310,100.0,5310,nomenclador
2023,00580,823148,Nuevo Torino,763,100.0,763,espacial
2023,00590,823036,Cavour,405,100.0,405,espacial
2023,00600,823071,Felicia,3158,100.0,2542,nomenclador
2023,00610,823085,Grutly,875,100.0,875,espacial
2023,00620,823260,Santo Domingo,1795,100.0,1795,espacial
2023,00630,823162,Progreso,2773,100.0,2773,nomenclador
2023,00640,823267,Sarmiento,1145,65.0,1761,espacial
2023,00650,823134,María Luisa,760,100.0,760,espacial
2023,00660,823169,Providencia,902,100.0,902,espacial
2023,00670,823120,La Pelada,1440,100.0,1440,espacial
2023,00680,823057,Elisa,1828,100.0,1828,espacial
2023,00690,823064,Empalme San Carlos,346,95.6,362,espacial
2023,00700,823183,Rivadavia,221,100.0,221,espacial
2023,00710,823050,Cululú,296,100.0,296,espacial
2023,00720,823246,Santa María Centro,152,100.0,152,espacial
2023,00730,823043,San José,272,100.0,272,espacial
2023,00740,823253,Santa María Norte,164,100.0,164,espacial
2023,00750,823176,Pujato Norte,495,100.0,495,espacial
2023,00760,823274,Soutomayor,120,99.8,120,espacial
2023,00770,823106,Ituzaingó,82,100.0,82,espacial
2023,00790,820245,Coronda,19499,99.9,19526,espacial
2023,00800,823799,Larrechea,687,99.9,688,espacial
2023,00810,823785,Gessler,1158,100.0,1158,espacial
2023,00820,823813,López,1580,100.0,1580,espacial
2023,00830,820252,Gálvez,20124,100.0,20124,espacial
2023,00840,823722,Arocena,2134,100.0,2134,espacial
2023,00850,823792,Irigoyen,1003,100.0,1003,espacial
2023,00855,823834,San Eugenio,124,100.0,124,espacial
2023,00860,823736,Bernardo de Irigoyen,1658,100.0,1658,espacial
2023,00870,823729,Barrancas,5611,100.0,4914,espacial
2023,00880,823757,Centeno,3092,100.0,3092,espacial
2023,00890,820256,San Genaro,9620,100.0,9620,espacial
2023,00910,823771,Díaz,1780,100.0,1780,espacial
2023,00920,823827,Monje,2400,100.0,2400,espacial
2023,00930,823820,Maciel,5975,100.0,5932,espacial
2023,00940,823778,Gaboto,3672,99.8,3678,espacial
2023,00950,823841,San Fabián,1099,100.0,1099,espacial
2023,00960,823764,Desvío Arijón,2933,100.0,1740,espacial
2023,00965,823764,Desvío Arijón,2933,100.0,1166,espacial
2023,00970,823806,Loma Alta,202,100.0,202,espacial
2023,00980,823729,Barrancas,5611,100.0,697,espacial
2023,01000,823743,Campo Piaggio,87,100.0,87,espacial
2023,01010,823750,Casalegno,179,99.9,179,espacial
2023,01040,822546,Colonia Mascías,1044,99.9,221,espacial
2023,01050,822560,Saladero Mariano Cabal,918,100.0,918,espacial
2023,01060,822553,Helvecia,10164,100.0,8933,espacial
2023,01064,822553,Helvecia,10164,100.0,275,espacial
2023,01066,822553,Helvecia,10164,99.9,35,espacial
2023,01070,822539,Cayastá,4897,99.8,4904,espacial
2023,01080,822567,Santa Rosa de Calchines,7830,99.9,6028,espacial
2023,01085,822567,Santa Rosa de Calchines,7830,100.0,1794,espacial
2023,01090,822546,Colonia Mascías,1044,100.0,823,espacial
2023,01100,822553,Helvecia,10164,100.0,921,espacial
2023,01110,822154,Colonia Bicha,375,100.0,374,espacial
2023,01120,822252,Galisteo,253,100.0,253,espacial
2023,01130,822378,Tacurales,448,100.0,447,espacial
2023,01140,822399,Virginia,258,100.0,258,espacial
2023,01150,822371,Tacural,1553,100.0,1553,espacial
2023,01160,822196,Colonia Raquel,457,100.0,457,espacial
2023,01170,822273,Humberto Primo,5848,100.0,5848,nomenclador
2023,01180,820049,Sunchales,23397,100.0,23397,nomenclador
2023,01190,822231,Eusebia y Carolina,1048,100.0,1047,espacial
2023,01200,822147,Colonia Aldao,2015,100.0,2015,nomenclador
2023,01202,822161,Colonia Bigand,176,100.0,176,espacial
2023,01204,822266,Hugentobler,157,100.0,157,espacial
2023,01210,822119,Ataliva,2292,100.0,2292,nomenclador
2023,01220,822210,Egusquiza,366,100.0,366,espacial
2023,01230,822287,Lehmann,3574,100.0,3574,nomenclador
2023,01240,822329,Ramona,2062,100.0,2061,nomenclador
2023,01250,822385,Vila,1586,100.0,1586,espacial
2023,01260,822168,Castellanos,285,99.9,283,espacial
2023,01270,822315,Presidente Roca,1035,100.0,1035,espacial
2023,01280,820042,Rafaela,101699,100.0,37986,espacial
2023,01282,820042,Rafaela,101699,100.0,19788,espacial
2023,01284,820042,Rafaela,101699,100.0,21013,espacial
2023,01286,820042,Rafaela,101699,100.0,22913,espacial
2023,01290,822133,Bauer y Sigel,313,100.0,313,espacial
2023,01300,822357,Santa Clara de Saguier,2057,100.0,2057,nomenclador
2023,01310,822336,Saguier,506,100.0,506,espacial
2023,01320,822364,Susana,1834,100.0,1834,espacial
2023,01330,822126,Aurelia,208,100.0,208,espacial
2023,01340,822280,Josefina,2738,100.0,1755,nomenclador
2023,01342,820035,Frontera,9967,100.0,9466,espacial
2023,01345,820035,Frontera,9967,98.5,923,nomenclador
2023,01350,822175,Colonia Cello,215,100.0,215,espacial
2023,01360,822308,Plaza Clucellas,1948,100.0,1948,espacial
2023,01365,822182,Colonia Iturraspe,88,100.0,88,espacial
2023,01370,822112,Angélica,1475,100.0,1475,espacial
2023,01380,822406,Zenón Pereyra,2123,100.0,2123,nomenclador
2023,01390,822217,Esmeralda,705,100.0,704,espacial
2023,01400,822294,María Juana,4910,100.0,4864,nomenclador
2023,01410,822189,Colonia Margarita,351,100.0,351,espacial
2023,01420,820045,San Vicente,6240,100.0,6240,nomenclador
2023,01430,822140,Bella Italia,1936,100.0,1935,espacial
2023,01440,822224,Estación Clucellas,1006,100.0,1006,espacial
2023,01450,822343,San Antonio,323,99.3,325,espacial
2023,01460,822392,Villa San José,426,100.0,426,espacial
2023,01470,822259,Garibaldi,288,100.0,288,espacial
2023,01480,822322,Pueblo Marini,164,100.0,164,espacial
2023,01490,822238,Eustolia,107,69.9,153,espacial
2023,01500,822245,Fidela,179,100.0,179,espacial
2023,01510,822203,Coronel Fraga,393,100.0,393,espacial
2023,01520,822301,Colonia Maua,80,100.0,80,espacial
2023,01530,824065,Castelar,755,100.0,751,espacial
2023,01540,824079,Crispi,454,100.0,454,espacial
2023,01550,820322,Sastre y Ortiz,5855,100.0,5855,nomenclador
2023,01560,824128,San Martín de las Escobas,3047,100.0,3047,nomenclador
2023,01570,824072,Colonia Belgrano,1414,100.0,1414,espacial
2023,01580,820315,San Jorge,19524,100.0,19524,nomenclador
2023,01590,824086,Landeta,1502,100.0,1502,espacial
2023,01600,824051,Carlos Pellegrini,5961,100.0,5961,nomenclador
2023,01610,824044,Cañada Rosquín,5616,100.0,5616,nomenclador
2023,01620,824058,Casas,777,100.0,777,espacial
2023,01630,824093,Las Bandurrias,308,100.0,308,espacial
2023,01640,824121,Piamonte,3622,100.0,3622,nomenclador
2023,01650,820308,El Trébol,12424,100.0,12424,nomenclador
2023,01660,824114,María Susana,3569,100.0,3569,nomenclador
2023,01670,824107,Los Cardos,1333,100.0,1333,espacial
2023,01680,824135,Traill,186,100.0,186,espacial
2023,01690,824100,Las Petacas,952,100.0,952,espacial
2023,01740,823540,Dos Rosas y La Legua,504,100.0,487,espacial
2023,01750,823561,La Cabral,246,100.0,246,espacial
2023,01760,823498,Capivara,352,100.0,352,espacial
2023,01770,823477,Aguará Grande,384,100.0,384,espacial
2023,01780,820224,Ceres,16360,100.0,16354,espacial
2023,01790,823547,Hersilia,3449,100.0,3449,espacial
2023,01800,823484,Ambrosetti,1326,100.0,1326,espacial
2023,01810,823554,Huanqueros,864,100.0,864,espacial
2023,01815,823589,Las Avispas,127,100.0,127,espacial
2023,01820,823652,Santurce,58,100.0,58,espacial
2023,01830,823680,Villa Trinidad,3939,100.0,3936,espacial
2023,01840,823491,Arrufo,2301,100.0,2301,espacial
2023,01850,820231,San Cristóbal,15363,100.0,15363,espacial
2023,01860,823624,Ñanducita,212,100.0,212,espacial
2023,01870,823519,Colonia Rosa,1069,100.0,1068,espacial
2023,01880,820233,San Guillermo,9315,100.0,9315,espacial
2023,01890,823610,Monigotes,426,100.0,426,espacial
2023,01910,820235,Suardi,7761,100.0,7760,espacial
2023,01920,823526,Constanza,256,100.0,256,espacial
2023,01930,823603,Moisés Ville,2415,100.0,2415,espacial
2023,01940,823631,Palacios,515,100.0,515,espacial
2023,01950,823659,Soledad,1125,100.0,1125,espacial
2023,01960,823673,Villa Saralegui,635,100.0,625,espacial
2023,01964,823673,Villa Saralegui,635,100.0,10,espacial
2023,01970,823617,Monte Oscuridad,705,99.9,612,espacial
2023,01980,823638,Portugalete,145,100.0,145,espacial
2023,01990,823568,Colonia Clara,144,100.0,144,espacial
2023,02000,823596,Las Palmeras,652,100.0,652,espacial
2023,02010,823582,La Rubia,543,100.0,543,espacial
2023,02020,823533,Curupaity,387,100.0,387,espacial
2023,02030,823512,Colonia Bossi,461,100.0,461,espacial
2023,02040,823505,Colonia Ana,289,100.0,288,espacial
2023,02050,823575,La Lucila,265,100.0,265,espacial
2023,02070,823869,Cayastacito,501,100.0,501,espacial
2023,02080,823974,Videla,2505,100.0,2493,espacial
2023,02084,823883,Esther,79,100.0,79,espacial
2023,02086,823862,Angeloni,272,95.8,284,espacial
2023,02090,823925,Naré,336,100.0,336,espacial
2023,02100,820259,San Justo,26366,100.0,26329,espacial
2023,02105,823946,San Bernardo,81,100.0,81,espacial
2023,02110,823939,Ramayón,693,99.9,694,espacial
2023,02120,823918,Marcelino Escalada,2042,100.0,2042,espacial
2023,02125,823960,Silva,452,100.0,452,espacial
2023,02130,823890,Gobernador Crespo,6451,100.0,6451,espacial
2023,02140,823953,San Martín Norte,954,100.0,954,espacial
2023,02145,823876,Colonia Dolores,761,100.0,761,espacial
2023,02150,823967,Vera y Pintado,1343,100.0,1343,espacial
2023,02155,823897,La Camila,111,100.0,93,espacial
2023,02160,823904,La Criolla,2502,100.0,2431,espacial
2023,02165,823904,La Criolla,2502,100.0,71,espacial
2023,02170,823911,La Penca y Caraguatá,380,100.0,380,espacial
2023,02180,823932,Pedro Gómez Cello,657,97.4,675,espacial
2023,02190,820259,San Justo,26366,100.0,36,espacial
2023,02200,820112,Reconquista,87986,100.0,205,espacial
2023,02210,820105,Malabrigo,8708,100.0,8649,espacial
2023,02215,820105,Malabrigo,8708,100.0,59,espacial
2023,02220,822770,Berna,938,100.0,938,espacial
2023,02230,822847,Nicanor Molinas,543,100.0,450,espacial
2023,02235,822847,Nicanor Molinas,543,100.0,93,espacial
2023,02240,820112,Reconquista,87986,100.0,24468,espacial
2023,02242,820112,Reconquista,87986,100.0,1157,espacial
2023,02244,820112,Reconquista,87986,100.0,1361,espacial
2023,02246,820112,Reconquista,87986,100.0,9660,espacial
2023,02248,820112,Reconquista,87986,100.0,17113,espacial
2023,02249,820112,Reconquista,87986,100.0,34010,espacial
2023,02250,820091,Avellaneda,29299,99.9,28065,espacial
2023,02255,820091,Avellaneda,29299,100.0,542,espacial
2023,02260,820091,Avellaneda,29299,100.0,705,espacial
2023,02270,822826,Lanteri,2569,100.0,2512,espacial
2023,02272,822812,Ingeniero Chanourdie,989,100.0,953,espacial
2023,02274,822826,Lanteri,2569,100.0,24,espacial
2023,02280,822833,Las Garzas,1728,99.9,1729,espacial
2023,02290,822791,El Sombrerito,746,100.0,744,espacial
2023,02300,822868,Villa Ana,3331,100.0,3170,espacial
2023,02305,822868,Villa Ana,3331,100.0,127,espacial
2023,02310,820119,Villa Ocampo,19628,100.0,218,espacial
2023,02320,820119,Villa Ocampo,19628,99.3,19549,espacial
2023,02325,822868,Villa Ana,3331,100.0,34,espacial
2023,02330,822861,Tacuarendi,2941,100.0,2801,espacial
2023,02340,822854,San Antonio de Obligado,3167,100.0,3109,espacial
2023,02350,820098,Las Toscas,14397,99.6,12902,espacial
2023,02370,822875,Villa Guillermina,3921,71.6,5476,espacial
2023,02380,822784,El Rabón,1421,99.4,1406,espacial
2023,02390,820095,Florencia,7454,100.0,7215,espacial
2023,02395,822808,Hardy,877,97.8,884,espacial
2023,02400,820095,Florencia,7454,100.0,236,espacial
2023,02410,822812,Ingeniero Chanourdie,989,100.0,36,espacial
2023,02420,822805,Guadalupe Norte,1700,100.0,1699,espacial
2023,02440,822819,La Sarita,1494,100.0,117,espacial
2023,02444,822819,La Sarita,1494,100.0,652,espacial
2023,02446,822819,La Sarita,1494,100.0,590,espacial
2023,02450,822763,Arroyo Ceibal,1422,99.9,1424,espacial
2023,02460,822840,Los Laureles,1487,100.0,1431,espacial
2023,02465,822840,Los Laureles,1487,100.0,56,espacial
2023,02470,822777,El Araza,787,100.0,787,espacial
2023,02480,822826,Lanteri,2569,99.9,33,espacial
2023,02490,822819,La Sarita,1494,100.0,135,espacial
2023,02510,820329,Calchaquí,12788,100.0,12788,espacial
2023,02520,824191,Margarita,4566,100.0,4150,espacial
2023,02530,824177,La Gallareta,2719,100.0,2719,espacial
2023,02540,820336,Vera,22747,100.0,22250,espacial
2023,02545,820336,Vera,22747,100.0,270,espacial
2023,02550,820336,Vera,22747,78.7,77,espacial
2023,02560,824205,Toba,924,100.0,793,espacial
2023,02570,824156,Garabato,1912,100.0,1459,espacial
2023,02580,824170,Intiyaco,1408,100.0,271,espacial
2023,02590,824170,Intiyaco,1408,100.0,1137,espacial
2023,02600,824198,Tartagal,1848,100.0,1848,espacial
2023,02610,824163,Golondrina,443,81.6,543,espacial
2023,02620,824142,Cañada Ombú,914,100.0,914,espacial
2023,02630,824184,Los Amores,1206,100.0,1206,espacial
2023,02640,820336,Vera,22747,99.9,31,espacial
2023,02670,820336,Vera,22747,100.0,101,espacial
2023,02680,824149,Fortín Olmos,3493,100.0,3482,espacial
2023,02682,824156,Garabato,1912,100.0,453,espacial
2023,02684,824149,Fortín Olmos,3493,100.0,11,espacial
2023,02690,824188,Los Tábanos,495,100.0,395,espacial
2023,02700,820336,Vera,22747,56.2,63,espacial
2023,02710,824205,Toba,924,100.0,86,espacial
2023,02740,823694,Cacique Ariacaiquín,373,100.0,373,espacial
2023,02750,820238,San Javier,17452,99.1,16881,espacial
2023,02755,823704,Colonia Teresa,701,98.0,558,espacial
2023,02758,820238,San Javier,17452,100.0,714,espacial
2023,02760,823687,Alejandra,4406,100.0,3985,espacial
2023,02762,823687,Alejandra,4406,96.8,169,espacial
2023,02764,823687,Alejandra,4406,100.0,203,espacial
2023,02766,823687,Alejandra,4406,100.0,25,espacial
2023,02770,820237,Romang,9168,100.0,9029,espacial
2023,02772,820237,Romang,9168,100.0,29,espacial
2023,02774,820237,Romang,9168,100.0,22,espacial
2023,02780,823701,Colonia Durán,466,100.0,24,espacial
2023,02790,823708,La Brava,614,100.0,614,espacial
2023,02800,823701,Colonia Durán,466,98.7,448,espacial
2023,02810,820237,Romang,9168,100.0,87,espacial
2023,02830,823281,Esteban Rams,307,100.0,307,espacial
2023,02840,823309,Logroño,810,100.0,810,espacial
2023,02850,820175,Tostado,17006,100.0,13573,espacial
2023,02852,823323,Pozo Borrado,1030,100.0,1030,espacial
2023,02854,820175,Tostado,17006,100.0,3364,espacial
2023,02860,820175,Tostado,17006,100.0,63,espacial
2023,02870,823330,San Bernardo,744,100.0,744,espacial
2023,02890,823295,Gregoria Pérez de Denis,1967,100.0,1965,espacial
2023,02900,823316,Montefiore,292,100.0,292,espacial
2023,02910,823344,Villa Minetti,6529,100.0,6524,espacial
2023,02920,823288,Gato Colorado,1106,100.0,1106,espacial
2023,02930,823337,Santa Margarita,1103,100.0,1103,espacial
2023,02940,823302,Juan de Garay,48,100.0,48,espacial
2023,03010,820210,Rosario,1030069,100.0,8078,espacial
2023,03015,820210,Rosario,1030069,100.0,10659,espacial
2023,03020,820210,Rosario,1030069,100.0,5177,espacial
2023,03025,820210,Rosario,1030069,100.0,7425,espacial
2023,03030,820210,Rosario,1030069,100.0,5618,espacial
2023,03035,820210,Rosario,1030069,100.0,5801,espacial
2023,03040,820210,Rosario,1030069,100.0,8856,espacial
2023,03045,820210,Rosario,1030069,100.0,5482,espacial
2023,03050,820210,Rosario,1030069,100.0,2980,espacial
2023,03055,820210,Rosario,1030069,100.0,3480,espacial
2023,03060,820210,Rosario,1030069,100.0,2399,espacial
2023,03065,820210,Rosario,1030069,100.0,7346,espacial
2023,03070,820210,Rosario,1030069,100.0,7928,espacial
2023,03075,820210,Rosario,1030069,100.0,6334,espacial
2023,03080,820210,Rosario,1030069,100.0,5613,espacial
2023,03085,820210,Rosario,1030069,100.0,9872,espacial
2023,03090,820210,Rosario,1030069,100.0,7337,espacial
2023,03095,820210,Rosario,1030069,100.0,8495,espacial
2023,03100,820210,Rosario,1030069,100.0,6072,espacial
2023,03105,820210,Rosario,1030069,100.0,7526,espacial
2023,03110,820210,Rosario,1030069,100.0,6425,espacial
2023,03115,820210,Rosario,1030069,100.0,4547,espacial
2023,03120,820210,Rosario,1030069,100.0,11097,espacial
2023,03125,820210,Rosario,1030069,100.0,5297,espacial
2023,03130,820210,Rosario,1030069,100.0,5227,espacial
2023,03135,820210,Rosario,1030069,100.0,7627,espacial
2023,03140,820210,Rosario,1030069,100.0,7993,espacial
2023,03145,820210,Rosario,1030069,100.0,8354,espacial
2023,03150,820210,Rosario,1030069,100.0,16937,espacial
2023,03155,820210,Rosario,1030069,100.0,11962,espacial
2023,03160,820210,Rosario,1030069,100.0,10013,espacial
2023,03165,820210,Rosario,1030069,100.0,9253,espacial
2023,03170,820210,Rosario,1030069,100.0,14555,espacial
2023,03175,820210,Rosario,1030069,100.0,15018,espacial
2023,03180,820210,Rosario,1030069,100.0,3831,espacial
2023,03185,820210,Rosario,1030069,100.0,7023,espacial
2023,03190,820210,Rosario,1030069,100.0,5328,espacial
2023,03195,820210,Rosario,1030069,100.0,7242,espacial
2023,03200,820210,Rosario,1030069,100.0,8765,espacial
2023,03205,820210,Rosario,1030069,100.0,9148,espacial
2023,03210,820210,Rosario,1030069,100.0,38812,espacial
2023,03220,820210,Rosario,1030069,99.7,25495,espacial
2023,03230,820210,Rosario,1030069,99.9,25331,espacial
2023,03240,820210,Rosario,1030069,100.0,19398,espacial
2023,03250,820210,Rosario,1030069,100.0,29743,espacial
2023,03260,820210,Rosario,1030069,100.0,86444,espacial
2023,03270,820210,Rosario,1030069,99.9,28731,espacial
2023,03280,820210,Rosario,1030069,99.9,63205,espacial
2023,03290,820210,Rosario,1030069,100.0,37474,espacial
2023,03300,820210,Rosario,1030069,100.0,70131,espacial
2023,03310,820210,Rosario,1030069,100.0,36516,espacial
2023,03320,820210,Rosario,1030069,100.0,6906,espacial
2023,03340,820210,Rosario,1030069,100.0,35700,espacial
2023,03350,820210,Rosario,1030069,99.9,49386,espacial
2023,03360,820210,Rosario,1030069,100.0,23454,espacial
2023,03370,820210,Rosario,1030069,100.0,11679,espacial
2023,03380,820210,Rosario,1030069,100.0,19189,espacial
2023,03390,820210,Rosario,1030069,100.0,66238,espacial
2023,03400,820210,Rosario,1030069,99.9,48092,espacial
2023,03410,823351,Acebal,5648,100.0,5648,espacial
2023,03415,823435,Pueblo Muñoz,567,100.0,567,espacial
2023,03420,823379,Arminda,303,100.0,303,espacial
2023,03430,823365,Álvarez,7930,99.8,7942,espacial
2023,03435,823421,Piñero,2484,98.7,2517,espacial
2023,03450,820182,Arroyo Seco,24472,100.0,24444,espacial
2023,03455,823400,Fighiera,5960,99.9,5943,espacial
2023,03500,823386,Carmen del Sauce,1002,100.0,1002,espacial
2023,03505,823449,Uranga,884,100.0,884,espacial
2023,03510,823393,Coronel Bogado,2448,100.0,2448,espacial
2023,03515,823358,Albarellos,366,100.0,366,espacial
2023,03520,820189,Funes,38284,99.6,38410,espacial
2023,03550,820196,Granadero Baigorria,44188,99.9,44072,espacial
2023,03555,823414,Ibarlucea,8903,99.8,8880,espacial
2023,03560,820203,Pérez,32389,100.0,20534,espacial
2023,03565,820203,Pérez,32389,99.9,11850,espacial
2023,03570,823442,Soldini,4286,100.0,4285,espacial
2023,03580,823456,Villa Amelia,1843,98.8,1845,espacial
2023,03585,823470,Coronel Domínguez,1175,100.0,1175,espacial
2023,03600,820217,Villa Gobernador Gálvez,92147,99.8,33212,espacial
2023,03602,820217,Villa Gobernador Gálvez,92147,100.0,31783,espacial
2023,03604,820217,Villa Gobernador Gálvez,92147,100.0,26712,espacial
2023,03610,823372,Alvear,8349,99.8,8315,espacial
2023,03615,823407,General Lagos,5072,100.0,5027,espacial
2023,03620,820207,Pueblo Esther,12666,100.0,12626,espacial
2023,03625,823463,Zavalla,6722,100.0,6722,espacial
2023,03640,822028,Arequito,7319,100.0,7319,espacial
2023,03650,822035,Arteaga,3414,100.0,3412,espacial
2023,03660,822042,Berabevú,2104,100.0,2104,espacial
2023,03670,822049,Bigand,5599,100.0,5599,espacial
2023,03680,820028,Casilda,38594,100.0,38594,espacial
2023,03690,822105,Villada,1259,100.0,1259,espacial
2023,03700,822056,Chabas,7444,100.0,7444,espacial
2023,03710,822063,Chañar Ladeado,5385,100.0,5384,espacial
2023,03720,822070,Gödeken,1908,100.0,1908,espacial
2023,03730,822077,Los Molinos,2022,100.0,2022,espacial
2023,03740,822084,Los Quirquinchos,2268,100.0,2268,espacial
2023,03750,822091,San José de la Esquina,6869,100.0,6715,espacial
2023,03755,822091,San José de la Esquina,6869,100.0,154,espacial
2023,03760,822098,Sanford,2033,100.0,2033,espacial
2023,03770,822413,Alcorta,7680,100.0,7682,espacial
2023,03772,822420,Bombal,3510,100.0,3510,espacial
2023,03774,822469,Juncal,996,100.0,996,espacial
2023,03780,822476,La Vanguardia,383,100.0,383,espacial
2023,03782,822455,Godoy,1374,100.0,1374,espacial
2023,03784,822434,Cepeda,351,100.0,351,espacial
2023,03786,822525,Sargento Cabral,1023,100.0,1023,espacial
2023,03788,822511,Rueda,628,100.0,628,espacial
2023,03790,822462,Juan B. Molina,1310,100.0,1310,espacial
2023,03792,822448,General Gelly,651,100.0,651,espacial
2023,03794,822427,Cañada Rica,679,100.0,679,espacial
2023,03800,822483,Máximo Paz,3204,100.0,3204,espacial
2023,03810,822497,Pavón Arriba,2110,100.0,2110,espacial
2023,03820,822504,Peyrano,2473,100.0,2473,espacial
2023,03830,822518,Santa Teresa,3243,100.0,3243,espacial
2023,03840,820056,Villa Constitución,52576,83.0,63250,espacial
2023,03845,822441,Empalme Villa Constitución,7148,100.0,7148,espacial
2023,03846,822490,Pavón,3083,100.0,3084,espacial
2023,03848,822532,Theobald,541,100.0,541,espacial
2023,03850,822588,Cafferata,1108,100.0,1108,espacial
2023,03852,822721,San Francisco de Santa Fe,313,100.0,313,espacial
2023,03854,822658,La Chispa,569,100.0,569,espacial
2023,03860,822602,Carmen,1756,100.0,1756,espacial
2023,03862,822616,Chapuy,874,100.0,874,espacial
2023,03864,822707,Murphy,4039,100.0,4039,espacial
2023,03870,822609,Carreras,1954,100.0,1952,espacial
2023,03880,822637,Diego de Alvear,2047,100.0,2047,espacial
2023,03885,822574,Aarón Castellanos,401,100.0,367,espacial
2023,03890,822644,Elortondo,5938,100.0,5938,espacial
2023,03900,820063,Firmat,20536,100.0,20536,espacial
2023,03904,822623,Chovet,2131,100.0,2131,espacial
2023,03906,822595,Cañada del Ucle,973,100.0,973,espacial
2023,03908,822700,Miguel Torres,522,100.0,521,espacial
2023,03910,822672,Lazzarino,426,92.6,460,espacial
2023,03915,822581,Amenábar,1965,100.0,1965,espacial
2023,03920,822679,Maggiolo,2068,100.0,2068,espacial
2023,03930,822693,Melincué,2461,100.0,2461,espacial
2023,03935,822665,Labordeboy,1155,100.0,1155,espacial
2023,03940,820070,Rufino,19172,100.0,19172,espacial
2023,03950,822714,San Eduardo,1154,100.0,1154,espacial
2023,03955,822735,Sancti Spiritu,3688,100.0,3688,espacial
2023,03960,822728,San Gregorio,5400,100.0,5399,espacial
2023,03965,822630,Christophersen,898,100.0,898,espacial
2023,03970,822742,Santa Isabel,4735,100.0,4735,espacial
2023,03975,822686,María Teresa,4073,100.0,4073,espacial
2023,03980,822749,Teodelina,6651,100.0,6650,espacial
2023,03990,820077,Venado Tuerto,82839,100.0,26164,espacial
2023,03992,820077,Venado Tuerto,82839,100.0,22915,espacial
2023,03994,820077,Venado Tuerto,82839,100.0,19259,espacial
2023,03996,820077,Venado Tuerto,82839,100.0,14501,espacial
2023,04000,820084,Villa Cañás,9757,100.0,9757,espacial
2023,04010,822756,Wheelwright,6140,100.0,6140,espacial
2023,04015,822651,Hughes,4792,100.0,4792,espacial
2023,04020,820007,Armstrong,12939,100.0,12940,espacial
2023,04030,820014,Las Parejas,14514,100.0,14514,espacial
2023,04040,820021,Las Rosas,14371,100.0,14370,espacial
2023,04045,822007,Bouquet,1375,100.0,1375,espacial
2023,04050,822014,Montes de Oca,2857,100.0,2857,espacial
2023,04060,822021,Tortugas,2488,100.0,2488,espacial
2023,04070,822882,Bustinza,1344,100.0,1344,espacial
2023,04080,820126,Cañada de Gómez,32108,100.0,32108,espacial
2023,04090,822889,Carrizales,1206,100.0,1206,espacial
2023,04100,822903,Correa,6212,99.9,6215,espacial
2023,04110,822931,Salto Grande,2529,100.0,2529,espacial
2023,04115,822910,Lucio V. López,505,100.0,505,espacial
2023,04120,822917,Oliveros,5671,99.3,5698,espacial
2023,04130,820133,Totoras,11676,100.0,11582,espacial
2023,04132,822896,Classon,924,100.0,924,espacial
2023,04134,820133,Totoras,11676,100.0,94,espacial
2023,04140,822938,Serodino,4087,100.0,4087,espacial
2023,04145,822924,Pueblo Andino,4142,99.7,4152,espacial
2023,04150,822945,Villa Eloísa,3232,100.0,3232,espacial
2023,04160,820273,Carcarañá,17354,100.0,17351,espacial
2023,04170,824037,Villa Mugueta,2254,100.0,36,espacial
2023,04172,823995,Fuentes,2729,100.0,2729,espacial
2023,04174,824037,Villa Mugueta,2254,100.0,2218,espacial
2023,04180,824030,Timbúes,6437,100.0,6434,espacial
2023,04185,823981,Aldao,802,100.0,802,espacial
2023,04190,824002,Luis Palacios,1543,99.0,1558,espacial
2023,04200,820280,Fray Luis Beltrán,18498,98.5,18739,espacial
2023,04205,820266,Capitán Bermúdez,30792,99.7,30664,espacial
2023,04210,820287,Puerto General San Martín,17969,100.0,17626,espacial
2023,04220,824009,Pujato,3566,100.0,3566,espacial
2023,04224,823988,Coronel Arnold,990,100.0,990,espacial
2023,04230,820294,Roldán,30680,100.0,30680,espacial
2023,04240,824023,San Jerónimo Sud,3067,100.0,3067,espacial
2023,04245,820301,San Lorenzo,50942,100.0,50590,espacial
2023,04250,820301,San Lorenzo,50942,100.0,5965,padron
