anio,instancia,fecha,cargo,distrito_id,distrito,seccion_id,seccion,circuito_id,localidad,agrupacion,tipo_registro,votos,recuento_tipo,archivo_origen
2023,BALOTAJE,2023-11-19,PRESIDENTE Y VICE,21,Santa Fe,1,La Capital,00010,,EN BLANCO,blancos,88,PROVISORIO,2023_BALOTAJE_santafe_presidente_mesa.csv
2023,BALOTAJE,2023-11-19,PRESIDENTE Y VICE,21,Santa Fe,1,La Capital,00010,,IMPUGNADO,impugnados,0,PROVISORIO,2023_BALOTAJE_santafe_presidente_mesa.csv
2023,BALOTAJE,2023-11-19,PRESIDENTE Y VICE,21,Santa Fe,1,La Capital,00010,,LA LIBERTAD AVANZA,agrupacion,2012,PROVISORIO,2023_BALOTAJE_santafe_presidente_mesa.csv
2023,BALOTAJE,2023-11-19,PRESIDENTE Y VICE,21,Santa Fe,1,La Capital,00010,,NULO,nulos,50,PROVISORIO,2023_BALOTAJE_santafe_presidente_mesa.csv
2023,BALOTAJE,2023-11-19,PRESIDENTE Y VICE,21,Santa Fe,1,La Capital,00010,,RECURRIDO,recurridos,0,PROVISORIO,2023_BALOTAJE_santafe_presidente_mesa.csv
2023,BALOTAJE,2023-11-19,PRESIDENTE Y VICE,21,Santa Fe,1,La Capital,00010,,UNION POR LA PATRIA,agrupacion,879,PROVISORIO,2023_BALOTAJE_santafe_presidente_mesa.csv
2023,BALOTAJE,2023-11-19,PRESIDENTE Y VICE,21,Santa Fe,1,La Capital,00020,,EN BLANCO,blancos,104,PROVISORIO,2023_BALOTAJE_santafe_presidente_mesa.csv
2023,BALOTAJE,2023-11-19,PRESIDENTE Y VICE,21,Santa Fe,1,La Capital,00020,,IMPUGNADO,impugnados,0,PROVISORIO,2023_BALOTAJE_santafe_presidente_mesa.csv
2023,BALOTAJE,2023-11-19,PRESIDENTE Y VICE,21,Santa Fe,1,La Capital,00020,,LA LIBERTAD AVANZA,agrupacion,1961,PROVISORIO,2023_BALOTAJE_santafe_presidente_mesa.csv
2023,BALOTAJE,2023-11-19,PRESIDENTE Y VICE,21,Santa Fe,1,La Capital,00020,,NULO,nulos,58,PROVISORIO,2023_BALOTAJE_santafe_presidente_mesa.csv
2023,BALOTAJE,2023-11-19,PRESIDENTE Y VICE,21,Santa Fe,1,La Capital,00020,,RECURRIDO,recurridos,4,PROVISORIO,2023_BALOTAJE_santafe_presidente_mesa.csv
2023,BALOTAJE,2023-11-19,PRESIDENTE Y VICE,21,Santa Fe,1,La Capital,00020,,UNION POR LA PATRIA,agrupacion,776,PROVISORIO,2023_BALOTAJE_santafe_presidente_mesa.csv
2023,BALOTAJE,2023-11-19,PRESIDENTE Y VICE,21,Santa Fe,1,La Capital,00030,,EN BLANCO,blancos,57,PROVISORIO,2023_BALOTAJE_santafe_presidente_mesa.csv
2023,BALOTAJE,2023-11-19,PRESIDENTE Y VICE,21,Santa Fe,1,La Capital,00030,,IMPUGNADO,impugnados,0,PROVISORIO,2023_BALOTAJE_santafe_presidente_mesa.csv
2023,BALOTAJE,2023-11-19,PRESIDENTE Y VICE,21,Santa Fe,1,La Capital,00030,,LA LIBERTAD AVANZA,agrupacion,1021,PROVISORIO,2023_BALOTAJE_santafe_presidente_mesa.csv
2023,BALOTAJE,2023-11-19,PRESIDENTE Y VICE,21,Santa Fe,1,La Capital,00030,,NULO,nulos,25,PROVISORIO,2023_BALOTAJE_santafe_presidente_mesa.csv
2023,BALOTAJE,2023-11-19,PRESIDENTE Y VICE,21,Santa Fe,1,La Capital,00030,,RECURRIDO,recurridos,0,PROVISORIO,2023_BALOTAJE_santafe_presidente_mesa.csv
2023,BALOTAJE,2023-11-19,PRESIDENTE Y VICE,21,Santa Fe,1,La Capital,00030,,UNION POR LA PATRIA,agrupacion,418,PROVISORIO,2023_BALOTAJE_santafe_presidente_mesa.csv
2023,BALOTAJE,2023-11-19,PRESIDENTE Y VICE,21,Santa Fe,1,La Capital,00040,,EN BLANCO,blancos,82,PROVISORIO,2023_BALOTAJE_santafe_presidente_mesa.csv
2023,BALOTAJE,2023-11-19,PRESIDENTE Y VICE,21,Santa Fe,1,La Capital,00040,,IMPUGNADO,impugnados,0,PROVISORIO,2023_BALOTAJE_santafe_presidente_mesa.csv
2023,BALOTAJE,2023-11-19,PRESIDENTE Y VICE,21,Santa Fe,1,La Capital,00040,,LA LIBERTAD AVANZA,agrupacion,1720,PROVISORIO,2023_BALOTAJE_santafe_presidente_mesa.csv
2023,BALOTAJE,2023-11-19,PRESIDENTE Y VICE,21,Santa Fe,1,La Capital,00040,,NULO,nulos,47,PROVISORIO,2023_BALOTAJE_santafe_presidente_mesa.csv
2023,BALOTAJE,2023-11-19,PRESIDENTE Y VICE,21,Santa Fe,1,La Capital,00040,,RECURRIDO,recurridos,0,PROVISORIO,2023_BALOTAJE_santafe_presidente_mesa.csv
2023,BALOTAJE,2023-11-19,PRESIDENTE Y VICE,21,Santa Fe,1,La Capital,00040,,UNION POR LA PATRIA,agrupacion,680,PROVISORIO,2023_BALOTAJE_santafe_presidente_mesa.csv
2023,BALOTAJE,2023-11-19,PRESIDENTE Y VICE,21,Santa Fe,1,La Capital,00050,,EN BLANCO,blancos,64,PROVISORIO,2023_BALOTAJE_santafe_presidente_mesa.csv
2023,BALOTAJE,2023-11-19,PRESIDENTE Y VICE,21,Santa Fe,1,La Capital,00050,,IMPUGNADO,impugnados,0,PROVISORIO,2023_BALOTAJE_santafe_presidente_mesa.csv
2023,BALOTAJE,2023-11-19,PRESIDENTE Y VICE,21,Santa Fe,1,La Capital,00050,,LA LIBERTAD AVANZA,agrupacion,1609,PROVISORIO,2023_BALOTAJE_santafe_presidente_mesa.csv
2023,BALOTAJE,2023-11-19,PRESIDENTE Y VICE,21,Santa Fe,1,La Capital,00050,,NULO,nulos,42,PROVISORIO,2023_BALOTAJE_santafe_presidente_mesa.csv
2023,BALOTAJE,2023-11-19,PRESIDENTE Y VICE,21,Santa Fe,1,La Capital,00050,,RECURRIDO,recurridos,0,PROVISORIO,2023_BALOTAJE_santafe_presidente_mesa.csv
2023,BALOTAJE,2023-11-19,PRESIDENTE Y VICE,21,Santa Fe,1,La Capital,00050,,UNION POR LA PATRIA,agrupacion,672,PROVISORIO,2023_BALOTAJE_santafe_presidente_mesa.csv
2023,BALOTAJE,2023-11-19,PRESIDENTE Y VICE,21,Santa Fe,1,La Capital,00060,,EN BLANCO,blancos,88,PROVISORIO,2023_BALOTAJE_santafe_presidente_mesa.csv
2023,BALOTAJE,2023-11-19,PRESIDENTE Y VICE,21,Santa Fe,1,La Capital,00060,,IMPUGNADO,impugnados,0,PROVISORIO,2023_BALOTAJE_santafe_presidente_mesa.csv
2023,BALOTAJE,2023-11-19,PRESIDENTE Y VICE,21,Santa Fe,1,La Capital,00060,,LA LIBERTAD AVANZA,agrupacion,1533,PROVISORIO,2023_BALOTAJE_santafe_presidente_mesa.csv
2023,BALOTAJE,2023-11-19,PRESIDENTE Y VICE,21,Santa Fe,1,La Capital,00060,,NULO,nulos,56,PROVISORIO,2023_BALOTAJE_santafe_presidente_mesa.csv
2023,BALOTAJE,2023-11-19,PRESIDENTE Y VICE,21,Santa Fe,1,La Capital,00060,,RECURRIDO,recurridos,5,PROVISORIO,2023_BALOTAJE_santafe_presidente_mesa.csv
2023,BALOTAJE,2023-11-19,PRESIDENTE Y VICE,21,Santa Fe,1,La Capital,00060,,UNION POR LA PATRIA,agrupacion,783,PROVISORIO,2023_BALOTAJE_santafe_presidente_mesa.csv
2023,BALOTAJE,2023-11-19,PRESIDENTE Y VICE,21,Santa Fe,1,La Capital,00070,,EN BLANCO,blancos,159,PROVISORIO,2023_BALOTAJE_santafe_presidente_mesa.csv
2023,BALOTAJE,2023-11-19,PRESIDENTE Y VICE,21,Santa Fe,1,La Capital,00070,,IMPUGNADO,impugnados,0,PROVISORIO,2023_BALOTAJE_santafe_presidente_mesa.csv
2023,BALOTAJE,2023-11-19,PRESIDENTE Y VICE,21,Santa Fe,1,La Capital,00070,,LA LIBERTAD AVANZA,agrupacion,4599,PROVISORIO,2023_BALOTAJE_santafe_presidente_mesa.csv
2023,BALOTAJE,2023-11-19,PRESIDENTE Y VICE,21,Santa Fe,1,La Capital,00070,,NULO,nulos,268,PROVISORIO,2023_BALOTAJE_santafe_presidente_mesa.csv
2023,BALOTAJE,2023-11-19,PRESIDENTE Y VICE,21,Santa Fe,1,La Capital,00070,,RECURRIDO,recurridos,1,PROVISORIO,2023_BALOTAJE_santafe_presidente_mesa.csv
2023,BALOTAJE,2023-11-19,PRESIDENTE Y VICE,21,Santa Fe,1,La Capital,00070,,UNION POR LA PATRIA,agrupacion,4089,PROVISORIO,2023_BALOTAJE_santafe_presidente_mesa.csv
2023,BALOTAJE,2023-11-19,PRESIDENTE Y VICE,21,Santa Fe,1,La Capital,00080,,EN BLANCO,blancos,111,PROVISORIO,2023_BALOTAJE_santafe_presidente_mesa.csv
2023,BALOTAJE,2023-11-19,PRESIDENTE Y VICE,21,Santa Fe,1,La Capital,00080,,IMPUGNADO,impugnados,0,PROVISORIO,2023_BALOTAJE_santafe_presidente_mesa.csv
2023,BALOTAJE,2023-11-19,PRESIDENTE Y VICE,21,Santa Fe,1,La Capital,00080,,LA LIBERTAD AVANZA,agrupacion,3056,PROVISORIO,2023_BALOTAJE_santafe_presidente_mesa.csv
2023,BALOTAJE,2023-11-19,PRESIDENTE Y VICE,21,Santa Fe,1,La Capital,00080,,NULO,nulos,125,PROVISORIO,2023_BALOTAJE_santafe_presidente_mesa.csv
2023,BALOTAJE,2023-11-19,PRESIDENTE Y VICE,21,Santa Fe,1,La Capital,00080,,RECURRIDO,recurridos,2,PROVISORIO,2023_BALOTAJE_santafe_presidente_mesa.csv
2023,BALOTAJE,2023-11-19,PRESIDENTE Y VICE,21,Santa Fe,1,La Capital,00080,,UNION POR LA PATRIA,agrupacion,2139,PROVISORIO,2023_BALOTAJE_santafe_presidente_mesa.csv
2023,BALOTAJE,2023-11-19,PRESIDENTE Y VICE,21,Santa Fe,1,La Capital,00090,,EN BLANCO,blancos,214,PROVISORIO,2023_BALOTAJE_santafe_presidente_mesa.csv
2023,BALOTAJE,2023-11-19,PRESIDENTE Y VICE,21,Santa Fe,1,La Capital,00090,,IMPUGNADO,impugnados,0,PROVISORIO,2023_BALOTAJE_santafe_presidente_mesa.csv
2023,BALOTAJE,2023-11-19,PRESIDENTE Y VICE,21,Santa Fe,1,La Capital,00090,,LA LIBERTAD AVANZA,agrupacion,4269,PROVISORIO,2023_BALOTAJE_santafe_presidente_mesa.csv
2023,BALOTAJE,2023-11-19,PRESIDENTE Y VICE,21,Santa Fe,1,La Capital,00090,,NULO,nulos,143,PROVISORIO,2023_BALOTAJE_santafe_presidente_mesa.csv
2023,BALOTAJE,2023-11-19,PRESIDENTE Y VICE,21,Santa Fe,1,La Capital,00090,,RECURRIDO,recurridos,14,PROVISORIO,2023_BALOTAJE_santafe_presidente_mesa.csv
2023,BALOTAJE,2023-11-19,PRESIDENTE Y VICE,21,Santa Fe,1,La Capital,00090,,UNION POR LA PATRIA,agrupacion,1902,PROVISORIO,2023_BALOTAJE_santafe_presidente_mesa.csv
2023,BALOTAJE,2023-11-19,PRESIDENTE Y VICE,21,Santa Fe,1,La Capital,00100,,EN BLANCO,blancos,237,PROVISORIO,2023_BALOTAJE_santafe_presidente_mesa.csv
2023,BALOTAJE,2023-11-19,PRESIDENTE Y VICE,21,Santa Fe,1,La Capital,00100,,IMPUGNADO,impugnados,0,PROVISORIO,2023_BALOTAJE_santafe_presidente_mesa.csv
2023,BALOTAJE,2023-11-19,PRESIDENTE Y VICE,21,Santa Fe,1,La Capital,00100,,LA LIBERTAD AVANZA,agrupacion,4412,PROVISORIO,2023_BALOTAJE_santafe_presidente_mesa.csv
2023,BALOTAJE,2023-11-19,PRESIDENTE Y VICE,21,Santa Fe,1,La Capital,00100,,NULO,nulos,148,PROVISORIO,2023_BALOTAJE_santafe_presidente_mesa.csv
2023,BALOTAJE,2023-11-19,PRESIDENTE Y VICE,21,Santa Fe,1,La Capital,00100,,RECURRIDO,recurridos,1,PROVISORIO,2023_BALOTAJE_santafe_presidente_mesa.csv
2023,BALOTAJE,2023-11-19,PRESIDENTE Y VICE,21,Santa Fe,1,La Capital,00100,,UNION POR LA PATRIA,agrupacion,2371,PROVISORIO,2023_BALOTAJE_santafe_presidente_mesa.csv
2023,BALOTAJE,2023-11-19,PRESIDENTE Y VICE,21,Santa Fe,1,La Capital,00110,,EN BLANCO,blancos,154,PROVISORIO,2023_BALOTAJE_santafe_presidente_mesa.csv
2023,BALOTAJE,2023-11-19,PRESIDENTE Y VICE,21,Santa Fe,1,La Capital,00110,,IMPUGNADO,impugnados,0,PROVISORIO,2023_BALOTAJE_santafe_presidente_mesa.csv
2023,BALOTAJE,2023-11-19,PRESIDENTE Y VICE,21,Santa Fe,1,La Capital,00110,,LA LIBERTAD AVANZA,agrupacion,3656,PROVISORIO,2023_BALOTAJE_santafe_presidente_mesa.csv
2023,BALOTAJE,2023-11-19,PRESIDENTE Y VICE,21,Santa Fe,1,La Capital,00110,,NULO,nulos,95,PROVISORIO,2023_BALOTAJE_santafe_presidente_mesa.csv
2023,BALOTAJE,2023-11-19,PRESIDENTE Y VICE,21,Santa Fe,1,La Capital,00110,,RECURRIDO,recurridos,1,PROVISORIO,2023_BALOTAJE_santafe_presidente_mesa.csv
2023,BALOTAJE,2023-11-19,PRESIDENTE Y VICE,21,Santa Fe,1,La Capital,00110,,UNION POR LA PATRIA,agrupacion,1965,PROVISORIO,2023_BALOTAJE_santafe_presidente_mesa.csv
2023,BALOTAJE,2023-11-19,PRESIDENTE Y VICE,21,Santa Fe,1,La Capital,00115,,EN BLANCO,blancos,64,PROVISORIO,2023_BALOTAJE_santafe_presidente_mesa.csv
2023,BALOTAJE,2023-11-19,PRESIDENTE Y VICE,21,Santa Fe,1,La Capital,00115,,IMPUGNADO,impugnados,0,PROVISORIO,2023_BALOTAJE_santafe_presidente_mesa.csv
2023,BALOTAJE,2023-11-19,PRESIDENTE Y VICE,21,Santa Fe,1,La Capital,00115,,LA LIBERTAD AVANZA,agrupacion,2592,PROVISORIO,2023_BALOTAJE_santafe_presidente_mesa.csv
2023,BALOTAJE,2023-11-19,PRESIDENTE Y VICE,21,Santa Fe,1,La Capital,00115,,NULO,nulos,137,PROVISORIO,2023_BALOTAJE_santafe_presidente_mesa.csv
2023,BALOTAJE,2023-11-19,PRESIDENTE Y VICE,21,Santa Fe,1,La Capital,00115,,RECURRIDO,recurridos,1,PROVISORIO,2023_BALOTAJE_santafe_presidente_mesa.csv
2023,BALOTAJE,2023-11-19,PRESIDENTE Y VICE,21,Santa Fe,1,La Capital,00115,,UNION POR LA PATRIA,agrupacion,3901,PROVISORIO,2023_BALOTAJE_santafe_presidente_mesa.csv
2023,BALOTAJE,2023-11-19,PRESIDENTE Y VICE,21,Santa Fe,1,La Capital,00120,,EN BLANCO,blancos,163,PROVISORIO,2023_BALOTAJE_santafe_presidente_mesa.csv
2023,BALOTAJE,2023-11-19,PRESIDENTE Y VICE,21,Santa Fe,1,La Capital,00120,,IMPUGNADO,impugnados,2,PROVISORIO,2023_BALOTAJE_santafe_presidente_mesa.csv
2023,BALOTAJE,2023-11-19,PRESIDENTE Y VICE,21,Santa Fe,1,La Capital,00120,,LA LIBERTAD AVANZA,agrupacion,4178,PROVISORIO,2023_BALOTAJE_santafe_presidente_mesa.csv
2023,BALOTAJE,2023-11-19,PRESIDENTE Y VICE,21,Santa Fe,1,La Capital,00120,,NULO,nulos,119,PROVISORIO,2023_BALOTAJE_santafe_presidente_mesa.csv
2023,BALOTAJE,2023-11-19,PRESIDENTE Y VICE,21,Santa Fe,1,La Capital,00120,,RECURRIDO,recurridos,6,PROVISORIO,2023_BALOTAJE_santafe_presidente_mesa.csv
2023,BALOTAJE,2023-11-19,PRESIDENTE Y VICE,21,Santa Fe,1,La Capital,00120,,UNION POR LA PATRIA,agrupacion,2031,PROVISORIO,2023_BALOTAJE_santafe_presidente_mesa.csv
2023,BALOTAJE,2023-11-19,PRESIDENTE Y VICE,21,Santa Fe,1,La Capital,00130,,EN BLANCO,blancos,275,PROVISORIO,2023_BALOTAJE_santafe_presidente_mesa.csv
2023,BALOTAJE,2023-11-19,PRESIDENTE Y VICE,21,Santa Fe,1,La Capital,00130,,IMPUGNADO,impugnados,0,PROVISORIO,2023_BALOTAJE_santafe_presidente_mesa.csv
2023,BALOTAJE,2023-11-19,PRESIDENTE Y VICE,21,Santa Fe,1,La Capital,00130,,LA LIBERTAD AVANZA,agrupacion,7832,PROVISORIO,2023_BALOTAJE_santafe_presidente_mesa.csv
2023,BALOTAJE,2023-11-19,PRESIDENTE Y VICE,21,Santa Fe,1,La Capital,00130,,NULO,nulos,312,PROVISORIO,2023_BALOTAJE_santafe_presidente_mesa.csv
2023,BALOTAJE,2023-11-19,PRESIDENTE Y VICE,21,Santa Fe,1,La Capital,00130,,RECURRIDO,recurridos,6,PROVISORIO,2023_BALOTAJE_santafe_presidente_mesa.csv
2023,BALOTAJE,2023-11-19,PRESIDENTE Y VICE,21,Santa Fe,1,La Capital,00130,,UNION POR LA PATRIA,agrupacion,4199,PROVISORIO,2023_BALOTAJE_santafe_presidente_mesa.csv
2023,BALOTAJE,2023-11-19,PRESIDENTE Y VICE,21,Santa Fe,1,La Capital,00140,,EN BLANCO,blancos,165,PROVISORIO,2023_BALOTAJE_santafe_presidente_mesa.csv
2023,BALOTAJE,2023-11-19,PRESIDENTE Y VICE,21,Santa Fe,1,La Capital,00140,,IMPUGNADO,impugnados,2,PROVISORIO,2023_BALOTAJE_santafe_presidente_mesa.csv
2023,BALOTAJE,2023-11-19,PRESIDENTE Y VICE,21,Santa Fe,1,La Capital,00140,,LA LIBERTAD AVANZA,agrupacion,6624,PROVISORIO,2023_BALOTAJE_santafe_presidente_mesa.csv
2023,BALOTAJE,2023-11-19,PRESIDENTE Y VICE,21,Santa Fe,1,La Capital,00140,,NULO,nulos,257,PROVISORIO,2023_BALOTAJE_santafe_presidente_mesa.csv
2023,BALOTAJE,2023-11-19,PRESIDENTE Y VICE,21,Santa Fe,1,La Capital,00140,,RECURRIDO,recurridos,5,PROVISORIO,2023_BALOTAJE_santafe_presidente_mesa.csv
2023,BALOTAJE,2023-11-19,PRESIDENTE Y VICE,21,Santa Fe,1,La Capital,00140,,UNION POR LA PATRIA,agrupacion,4056,PROVISORIO,2023_BALOTAJE_santafe_presidente_mesa.csv
2023,BALOTAJE,2023-11-19,PRESIDENTE Y VICE,21,Santa Fe,1,La Capital,00142,,EN BLANCO,blancos,53,PROVISORIO,2023_BALOTAJE_santafe_presidente_mesa.csv
2023,BALOTAJE,2023-11-19,PRESIDENTE Y VICE,21,Santa Fe,1,La Capital,00142,,IMPUGNADO,impugnados,0,PROVISORIO,2023_BALOTAJE_santafe_presidente_mesa.csv
2023,BALOTAJE,2023-11-19,PRESIDENTE Y VICE,21,Santa Fe,1,La Capital,00142,,LA LIBERTAD AVANZA,agrupacion,2464,PROVISORIO,2023_BALOTAJE_santafe_presidente_mesa.csv
2023,BALOTAJE,2023-11-19,PRESIDENTE Y VICE,21,Santa Fe,1,La Capital,00142,,NULO,nulos,94,PROVISORIO,2023_BALOTAJE_santafe_presidente_mesa.csv
2023,BALOTAJE,2023-11-19,PRESIDENTE Y VICE,21,Santa Fe,1,La Capital,00142,,RECURRIDO,recurridos,0,PROVISORIO,2023_BALOTAJE_santafe_presidente_mesa.csv
2023,BALOTAJE,2023-11-19,PRESIDENTE Y VICE,21,Santa Fe,1,La Capital,00142,,UNION POR LA PATRIA,agrupacion,3412,PROVISORIO,2023_BALOTAJE_santafe_presidente_mesa.csv
2023,BALOTAJE,2023-11-19,PRESIDENTE Y VICE,21,Santa Fe,1,La Capital,00150,,EN BLANCO,blancos,126,PROVISORIO,2023_BALOTAJE_santafe_presidente_mesa.csv
2023,BALOTAJE,2023-11-19,PRESIDENTE Y VICE,21,Santa Fe,1,La Capital,00150,,IMPUGNADO,impugnados,1,PROVISORIO,2023_BALOTAJE_santafe_presidente_mesa.csv
2023,BALOTAJE,2023-11-19,PRESIDENTE Y VICE,21,Santa Fe,1,La Capital,00150,,LA LIBERTAD AVANZA,agrupacion,5921,PROVISORIO,2023_BALOTAJE_santafe_presidente_mesa.csv
2023,BALOTAJE,2023-11-19,PRESIDENTE Y VICE,21,Santa Fe,1,La Capital,00150,,NULO,nulos,279,PROVISORIO,2023_BALOTAJE_santafe_presidente_mesa.csv
2023,BALOTAJE,2023-11-19,PRESIDENTE Y VICE,21,Santa Fe,1,La Capital,00150,,RECURRIDO,recurridos,0,PROVISORIO,2023_BALOTAJE_santafe_presidente_mesa.csv
2023,BALOTAJE,2023-11-19,PRESIDENTE Y VICE,21,Santa Fe,1,La Capital,00150,,UNION POR LA PATRIA,agrupacion,6692,PROVISORIO,2023_BALOTAJE_santafe_presidente_mesa.csv
2023,BALOTAJE,2023-11-19,PRESIDENTE Y VICE,21,Santa Fe,1,La Capital,00152,,EN BLANCO,blancos,48,PROVISORIO,2023_BALOTAJE_santafe_presidente_mesa.csv
2023,BALOTAJE,2023-11-19,PRESIDENTE Y VICE,21,Santa Fe,1,La Capital,00152,,IMPUGNADO,impugnados,0,PROVISORIO,2023_BALOTAJE_santafe_presidente_mesa.csv
2023,BALOTAJE,2023-11-19,PRESIDENTE Y VICE,21,Santa Fe,1,La Capital,00152,,LA LIBERTAD AVANZA,agrupacion,2743,PROVISORIO,2023_BALOTAJE_santafe_presidente_mesa.csv
2023,BALOTAJE,2023-11-19,PRESIDENTE Y VICE,21,Santa Fe,1,La Capital,00152,,NULO,nulos,117,PROVISORIO,2023_BALOTAJE_santafe_presidente_mesa.csv
2023,BALOTAJE,2023-11-19,PRESIDENTE Y VICE,21,Santa Fe,1,La Capital,00152,,RECURRIDO,recurridos,1,PROVISORIO,2023_BALOTAJE_santafe_presidente_mesa.csv
2023,BALOTAJE,2023-11-19,PRESIDENTE Y VICE,21,Santa Fe,1,La Capital,00152,,UNION POR LA PATRIA,agrupacion,2035,PROVISORIO,2023_BALOTAJE_santafe_presidente_mesa.csv
2023,BALOTAJE,2023-11-19,PRESIDENTE Y VICE,21,Santa Fe,1,La Capital,00160,,EN BLANCO,blancos,199,PROVISORIO,2023_BALOTAJE_santafe_presidente_mesa.csv
2023,BALOTAJE,2023-11-19,PRESIDENTE Y VICE,21,Santa Fe,1,La Capital,00160,,IMPUGNADO,impugnados,1,PROVISORIO,2023_BALOTAJE_santafe_presidente_mesa.csv
2023,BALOTAJE,2023-11-19,PRESIDENTE Y VICE,21,Santa Fe,1,La Capital,00160,,LA LIBERTAD AVANZA,agrupacion,9678,PROVISORIO,2023_BALOTAJE_santafe_presidente_mesa.csv
2023,BALOTAJE,2023-11-19,PRESIDENTE Y VICE,21,Santa Fe,1,La Capital,00160,,NULO,nulos,384,PROVISORIO,2023_BALOTAJE_santafe_presidente_mesa.csv
2023,BALOTAJE,2023-11-19,PRESIDENTE Y VICE,21,Santa Fe,1,La Capital,00160,,RECURRIDO,recurridos,6,PROVISORIO,2023_BALOTAJE_santafe_presidente_mesa.csv
2023,BALOTAJE,2023-11-19,PRESIDENTE Y VICE,21,Santa Fe,1,La Capital,00160,,UNION POR LA PATRIA,agrupacion,6061,PROVISORIO,2023_BALOTAJE_santafe_presidente_mesa.csv
2023,BALOTAJE,2023-11-19,PRESIDENTE Y VICE,21,Santa Fe,1,La Capital,00161,,EN BLANCO,blancos,161,PROVISORIO,2023_BALOTAJE_santafe_presidente_mesa.csv
2023,BALOTAJE,2023-11-19,PRESIDENTE Y VICE,21,Santa Fe,1,La Capital,00161,,IMPUGNADO,impugnados,5,PROVISORIO,2023_BALOTAJE_santafe_presidente_mesa.csv
2023,BALOTAJE,2023-11-19,PRESIDENTE Y VICE,21,Santa Fe,1,La Capital,00161,,LA LIBERTAD AVANZA,agrupacion,9055,PROVISORIO,2023_BALOTAJE_santafe_presidente_mesa.csv
2023,BALOTAJE,2023-11-19,PRESIDENTE Y VICE,21,Santa Fe,1,La Capital,00161,,NULO,nulos,494,PROVISORIO,2023_BALOTAJE_santafe_presidente_mesa.csv
2023,BALOTAJE,2023-11-19,PRESIDENTE Y VICE,21,Santa Fe,1,La Capital,00161,,RECURRIDO,recurridos,6,PROVISORIO,2023_BALOTAJE_santafe_presidente_mesa.csv
2023,BALOTAJE,2023-11-19,PRESIDENTE Y VICE,21,Santa Fe,1,La Capital,00161,,UNION POR LA PATRIA,agrupacion,8885,PROVISORIO,2023_BALOTAJE_santafe_presidente_mesa.csv
2023,BALOTAJE,2023-11-19,PRESIDENTE Y VICE,21,Santa Fe,1,La Capital,00162,,EN BLANCO,blancos,138,PROVISORIO,2023_BALOTAJE_santafe_presidente_mesa.csv
2023,BALOTAJE,2023-11-19,PRESIDENTE Y VICE,21,Santa Fe,1,La Capital,00162,,IMPUGNADO,impugnados,0,PROVISORIO,2023_BALOTAJE_santafe_presidente_mesa.csv
2023,BALOTAJE,2023-11-19,PRESIDENTE Y VICE,21,Santa Fe,1,La Capital,00162,,LA LIBERTAD AVANZA,agrupacion,7543,PROVISORIO,2023_BALOTAJE_santafe_presidente_mesa.csv
2023,BALOTAJE,2023-11-19,PRESIDENTE Y VICE,21,Santa Fe,1,La Capital,00162,,NULO,nulos,257,PROVISORIO,2023_BALOTAJE_santafe_presidente_mesa.csv
2023,BALOTAJE,2023-11-19,PRESIDENTE Y VICE,21,Santa Fe,1,La Capital,00162,,RECURRIDO,recurridos,0,PROVISORIO,2023_BALOTAJE_santafe_presidente_mesa.csv
2023,BALOTAJE,2023-11-19,PRESIDENTE Y VICE,21,Santa Fe,1,La Capital,00162,,UNION POR LA PATRIA,agrupacion,4395,PROVISORIO,2023_BALOTAJE_santafe_presidente_mesa.csv
2023,BALOTAJE,2023-11-19,PRESIDENTE Y VICE,21,Santa Fe,1,La Capital,00165,,EN BLANCO,blancos,175,PROVISORIO,2023_BALOTAJE_santafe_presidente_mesa.csv
2023,BALOTAJE,2023-11-19,PRESIDENTE Y VICE,21,Santa Fe,1,La Capital,00165,,IMPUGNADO,impugnados,0,PROVISORIO,2023_BALOTAJE_santafe_presidente_mesa.csv
2023,BALOTAJE,2023-11-19,PRESIDENTE Y VICE,21,Santa Fe,1,La Capital,00165,,LA LIBERTAD AVANZA,agrupacion,6689,PROVISORIO,2023_BALOTAJE_santafe_presidente_mesa.csv
2023,BALOTAJE,2023-11-19,PRESIDENTE Y VICE,21,Santa Fe,1,La Capital,00165,,NULO,nulos,243,PROVISORIO,2023_BALOTAJE_santafe_presidente_mesa.csv
2023,BALOTAJE,2023-11-19,PRESIDENTE Y VICE,21,Santa Fe,1,La Capital,00165,,RECURRIDO,recurridos,3,PROVISORIO,2023_BALOTAJE_santafe_presidente_mesa.csv
2023,BALOTAJE,2023-11-19,PRESIDENTE Y VICE,21,Santa Fe,1,La Capital,00165,,UNION POR LA PATRIA,agrupacion,3578,PROVISORIO,2023_BALOTAJE_santafe_presidente_mesa.csv
2023,BALOTAJE,2023-11-19,PRESIDENTE Y VICE,21,Santa Fe,1,La Capital,00170,,EN BLANCO,blancos,206,PROVISORIO,2023_BALOTAJE_santafe_presidente_mesa.csv
2023,BALOTAJE,2023-11-19,PRESIDENTE Y VICE,21,Santa Fe,1,La Capital,00170,,IMPUGNADO,impugnados,0,PROVISORIO,2023_BALOTAJE_santafe_presidente_mesa.csv
2023,BALOTAJE,2023-11-19,PRESIDENTE Y VICE,21,Santa Fe,1,La Capital,00170,,LA LIBERTAD AVANZA,agrupacion,4621,PROVISORIO,2023_BALOTAJE_santafe_presidente_mesa.csv
2023,BALOTAJE,2023-11-19,PRESIDENTE Y VICE,21,Santa Fe,1,La Capital,00170,,NULO,nulos,133,PROVISORIO,2023_BALOTAJE_santafe_presidente_mesa.csv
2023,BALOTAJE,2023-11-19,PRESIDENTE Y VICE,21,Santa Fe,1,La Capital,00170,,RECURRIDO,recurridos,1,PROVISORIO,2023_BALOTAJE_santafe_presidente_mesa.csv
2023,BALOTAJE,2023-11-19,PRESIDENTE Y VICE,21,Santa Fe,1,La Capital,00170,,UNION POR LA PATRIA,agrupacion,1994,PROVISORIO,2023_BALOTAJE_santafe_presidente_mesa.csv
2023,BALOTAJE,2023-11-19,PRESIDENTE Y VICE,21,Santa Fe,1,La Capital,00171,,EN BLANCO,blancos,120,PROVISORIO,2023_BALOTAJE_santafe_presidente_mesa.csv
2023,BALOTAJE,2023-11-19,PRESIDENTE Y VICE,21,Santa Fe,1,La Capital,00171,,IMPUGNADO,impugnados,7,PROVISORIO,2023_BALOTAJE_santafe_presidente_mesa.csv
2023,BALOTAJE,2023-11-19,PRESIDENTE Y VICE,21,Santa Fe,1,La Capital,00171,,LA LIBERTAD AVANZA,agrupacion,5212,PROVISORIO,2023_BALOTAJE_santafe_presidente_mesa.csv
2023,BALOTAJE,2023-11-19,PRESIDENTE Y VICE,21,Santa Fe,1,La Capital,00171,,NULO,nulos,210,PROVISORIO,2023_BALOTAJE_santafe_presidente_mesa.csv
2023,BALOTAJE,2023-11-19,PRESIDENTE Y VICE,21,Santa Fe,1,La Capital,00171,,RECURRIDO,recurridos,4,PROVISORIO,2023_BALOTAJE_santafe_presidente_mesa.csv
2023,BALOTAJE,2023-11-19,PRESIDENTE Y VICE,21,Santa Fe,1,La Capital,00171,,UNION POR LA PATRIA,agrupacion,3324,PROVISORIO,2023_BALOTAJE_santafe_presidente_mesa.csv
2023,BALOTAJE,2023-11-19,PRESIDENTE Y VICE,21,Santa Fe,1,La Capital,00172,,EN BLANCO,blancos,87,PROVISORIO,2023_BALOTAJE_santafe_presidente_mesa.csv
2023,BALOTAJE,2023-11-19,PRESIDENTE Y VICE,21,Santa Fe,1,La Capital,00172,,IMPUGNADO,impugnados,0,PROVISORIO,2023_BALOTAJE_santafe_presidente_mesa.csv
2023,BALOTAJE,2023-11-19,PRESIDENTE Y VICE,21,Santa Fe,1,La Capital,00172,,LA LIBERTAD AVANZA,agrupacion,3377,PROVISORIO,2023_BALOTAJE_santafe_presidente_mesa.csv
2023,BALOTAJE,2023-11-19,PRESIDENTE Y VICE,21,Santa Fe,1,La Capital,00172,,NULO,nulos,151,PROVISORIO,2023_BALOTAJE_santafe_presidente_mesa.csv
2023,BALOTAJE,2023-11-19,PRESIDENTE Y VICE,21,Santa Fe,1,La Capital,00172,,RECURRIDO,recurridos,6,PROVISORIO,2023_BALOTAJE_santafe_presidente_mesa.csv
2023,BALOTAJE,2023-11-19,PRESIDENTE Y VICE,21,Santa Fe,1,La Capital,00172,,UNION POR LA PATRIA,agrupacion,1967,PROVISORIO,2023_BALOTAJE_santafe_presidente_mesa.csv
2023,BALOTAJE,2023-11-19,PRESIDENTE Y VICE,21,Santa Fe,1,La Capital,00175,,EN BLANCO,blancos,350,PROVISORIO,2023_BALOTAJE_santafe_presidente_mesa.csv
2023,BALOTAJE,2023-11-19,PRESIDENTE Y VICE,21,Santa Fe,1,La Capital,00175,,IMPUGNADO,impugnados,2,PROVISORIO,2023_BALOTAJE_santafe_presidente_mesa.csv
2023,BALOTAJE,2023-11-19,PRESIDENTE Y VICE,21,Santa Fe,1,La Capital,00175,,LA LIBERTAD AVANZA,agrupacion,13880,PROVISORIO,2023_BALOTAJE_santafe_presidente_mesa.csv
2023,BALOTAJE,2023-11-19,PRESIDENTE Y VICE,21,Santa Fe,1,La Capital,00175,,NULO,nulos,572,PROVISORIO,2023_BALOTAJE_santafe_presidente_mesa.csv
2023,BALOTAJE,2023-11-19,PRESIDENTE Y VICE,21,Santa Fe,1,La Capital,00175,,RECURRIDO,recurridos,6,PROVISORIO,2023_BALOTAJE_santafe_presidente_mesa.csv
2023,BALOTAJE,2023-11-19,PRESIDENTE Y VICE,21,Santa Fe,1,La Capital,00175,,UNION POR LA PATRIA,agrupacion,7902,PROVISORIO,2023_BALOTAJE_santafe_presidente_mesa.csv
2023,BALOTAJE,2023-11-19,PRESIDENTE Y VICE,21,Santa Fe,1,La Capital,00180,,EN BLANCO,blancos,67,PROVISORIO,2023_BALOTAJE_santafe_presidente_mesa.csv
2023,BALOTAJE,2023-11-19,PRESIDENTE Y VICE,21,Santa Fe,1,La Capital,00180,,IMPUGNADO,impugnados,1,PROVISORIO,2023_BALOTAJE_santafe_presidente_mesa.csv
2023,BALOTAJE,2023-11-19,PRESIDENTE Y VICE,21,Santa Fe,1,La Capital,00180,,LA LIBERTAD AVANZA,agrupacion,3122,PROVISORIO,2023_BALOTAJE_santafe_presidente_mesa.csv
2023,BALOTAJE,2023-11-19,PRESIDENTE Y VICE,21,Santa Fe,1,La Capital,00180,,NULO,nulos,153,PROVISORIO,2023_BALOTAJE_santafe_presidente_mesa.csv
2023,BALOTAJE,2023-11-19,PRESIDENTE Y VICE,21,Santa Fe,1,La Capital,00180,,RECURRIDO,recurridos,2,PROVISORIO,2023_BALOTAJE_santafe_presidente_mesa.csv
2023,BALOTAJE,2023-11-19,PRESIDENTE Y VICE,21,Santa Fe,1,La Capital,00180,,UNION POR LA PATRIA,agrupacion,2968,PROVISORIO,2023_BALOTAJE_santafe_presidente_mesa.csv
2023,BALOTAJE,2023-11-19,PRESIDENTE Y VICE,21,Santa Fe,1,La Capital,00185,,EN BLANCO,blancos,154,PROVISORIO,2023_BALOTAJE_santafe_presidente_mesa.csv
2023,BALOTAJE,2023-11-19,PRESIDENTE Y VICE,21,Santa Fe,1,La Capital,00185,,IMPUGNADO,impugnados,0,PROVISORIO,2023_BALOTAJE_santafe_presidente_mesa.csv
2023,BALOTAJE,2023-11-19,PRESIDENTE Y VICE,21,Santa Fe,1,La Capital,00185,,LA LIBERTAD AVANZA,agrupacion,3643,PROVISORIO,2023_BALOTAJE_santafe_presidente_mesa.csv
2023,BALOTAJE,2023-11-19,PRESIDENTE Y VICE,21,Santa Fe,1,La Capital,00185,,NULO,nulos,125,PROVISORIO,2023_BALOTAJE_santafe_presidente_mesa.csv
2023,BALOTAJE,2023-11-19,PRESIDENTE Y VICE,21,Santa Fe,1,La Capital,00185,,RECURRIDO,recurridos,1,PROVISORIO,2023_BALOTAJE_santafe_presidente_mesa.csv
2023,BALOTAJE,2023-11-19,PRESIDENTE Y VICE,21,Santa Fe,1,La Capital,00185,,UNION POR LA PATRIA,agrupacion,1820,PROVISORIO,2023_BALOTAJE_santafe_presidente_mesa.csv
2023,BALOTAJE,2023-11-19,PRESIDENTE Y VICE,21,Santa Fe,1,La Capital,00190,,EN BLANCO,blancos,40,PROVISORIO,2023_BALOTAJE_santafe_presidente_mesa.csv
2023,BALOTAJE,2023-11-19,PRESIDENTE Y VICE,21,Santa Fe,1,La Capital,00190,,IMPUGNADO,impugnados,0,PROVISORIO,2023_BALOTAJE_santafe_presidente_mesa.csv
2023,BALOTAJE,2023-11-19,PRESIDENTE Y VICE,21,Santa Fe,1,La Capital,00190,,LA LIBERTAD AVANZA,agrupacion,1823,PROVISORIO,2023_BALOTAJE_santafe_presidente_mesa.csv
2023,BALOTAJE,2023-11-19,PRESIDENTE Y VICE,21,Santa Fe,1,La Capital,00190,,NULO,nulos,78,PROVISORIO,2023_BALOTAJE_santafe_presidente_mesa.csv
2023,BALOTAJE,2023-11-19,PRESIDENTE Y VICE,21,Santa Fe,1,La Capital,00190,,RECURRIDO,recurridos,0,PROVISORIO,2023_BALOTAJE_santafe_presidente_mesa.csv
2023,BALOTAJE,2023-11-19,PRESIDENTE Y VICE,21,Santa Fe,1,La Capital,00190,,UNION POR LA PATRIA,agrupacion,1508,PROVISORIO,2023_BALOTAJE_santafe_presidente_mesa.csv
2023,BALOTAJE,2023-11-19,PRESIDENTE Y VICE,21,Santa Fe,1,La Capital,00192,,EN BLANCO,blancos,48,PROVISORIO,2023_BALOTAJE_santafe_presidente_mesa.csv
2023,BALOTAJE,2023-11-19,PRESIDENTE Y VICE,21,Santa Fe,1,La Capital,00192,,IMPUGNADO,impugnados,0,PROVISORIO,2023_BALOTAJE_santafe_presidente_mesa.csv
2023,BALOTAJE,2023-11-19,PRESIDENTE Y VICE,21,Santa Fe,1,La Capital,00192,,LA LIBERTAD AVANZA,agrupacion,1766,PROVISORIO,2023_BALOTAJE_santafe_presidente_mesa.csv
2023,BALOTAJE,2023-11-19,PRESIDENTE Y VICE,21,Santa Fe,1,La Capital,00192,,NULO,nulos,99,PROVISORIO,2023_BALOTAJE_santafe_presidente_mesa.csv
2023,BALOTAJE,2023-11-19,PRESIDENTE Y VICE,21,Santa Fe,1,La Capital,00192,,RECURRIDO,recurridos,2,PROVISORIO,2023_BALOTAJE_santafe_presidente_mesa.csv
2023,BALOTAJE,2023-11-19,PRESIDENTE Y VICE,21,Santa Fe,1,La Capital,00192,,UNION POR LA PATRIA,agrupacion,2781,PROVISORIO,2023_BALOTAJE_santafe_presidente_mesa.csv
2023,BALOTAJE,2023-11-19,PRESIDENTE Y VICE,21,Santa Fe,1,La Capital,00194,,EN BLANCO,blancos,105,PROVISORIO,2023_BALOTAJE_santafe_presidente_mesa.csv
2023,BALOTAJE,2023-11-19,PRESIDENTE Y VICE,21,Santa Fe,1,La Capital,00194,,IMPUGNADO,impugnados,0,PROVISORIO,2023_BALOTAJE_santafe_presidente_mesa.csv
2023,BALOTAJE,2023-11-19,PRESIDENTE Y VICE,21,Santa Fe,1,La Capital,00194,,LA LIBERTAD AVANZA,agrupacion,2719,PROVISORIO,2023_BALOTAJE_santafe_presidente_mesa.csv
2023,BALOTAJE,2023-11-19,PRESIDENTE Y VICE,21,Santa Fe,1,La Capital,00194,,NULO,nulos,118,PROVISORIO,2023_BALOTAJE_santafe_presidente_mesa.csv
2023,BALOTAJE,2023-11-19,PRESIDENTE Y VICE,21,Santa Fe,1,La Capital,00194,,RECURRIDO,recurridos,1,PROVISORIO,2023_BALOTAJE_santafe_presidente_mesa.csv
2023,BALOTAJE,2023-11-19,PRESIDENTE Y VICE,21,Santa Fe,1,La Capital,00194,,UNION POR LA PATRIA,agrupacion,1860,PROVISORIO,2023_BALOTAJE_santafe_presidente_mesa.csv
2023,BALOTAJE,2023-11-19,PRESIDENTE Y VICE,21,Santa Fe,1,La Capital,00196,,EN BLANCO,blancos,9,PROVISORIO,2023_BALOTAJE_santafe_presidente_mesa.csv
2023,BALOTAJE,2023-11-19,PRESIDENTE Y VICE,21,Santa Fe,1,La Capital,00196,,IMPUGNADO,impugnados,0,PROVISORIO,2023_BALOTAJE_santafe_presidente_mesa.csv
2023,BALOTAJE,2023-11-19,PRESIDENTE Y VICE,21,Santa Fe,1,La Capital,00196,,LA LIBERTAD AVANZA,agrupacion,623,PROVISORIO,2023_BALOTAJE_santafe_presidente_mesa.csv
2023,BALOTAJE,2023-11-19,PRESIDENTE Y VICE,21,Santa Fe,1,La Capital,00196,,NULO,nulos,27,PROVISORIO,2023_BALOTAJE_santafe_presidente_mesa.csv
2023,BALOTAJE,2023-11-19,PRESIDENTE Y VICE,21,Santa Fe,1,La Capital,00196,,RECURRIDO,recurridos,0,PROVISORIO,2023_BALOTAJE_santafe_presidente_mesa.csv
2023,BALOTAJE,2023-11-19,PRESIDENTE Y VICE,21,Santa Fe,1,La Capital,00196,,UNION POR LA PATRIA,agrupacion,764,PROVISORIO,2023_BALOTAJE_santafe_presidente_mesa.csv
2023,BALOTAJE,2023-11-19,PRESIDENTE Y VICE,21,Santa Fe,1,La Capital,00200,,EN BLANCO,blancos,290,PROVISORIO,2023_BALOTAJE_santafe_presidente_mesa.csv
2023,BALOTAJE,2023-11-19,PRESIDENTE Y VICE,21,Santa Fe,1,La Capital,00200,,IMPUGNADO,impugnados,0,PROVISORIO,2023_BALOTAJE_santafe_presidente_mesa.csv
2023,BALOTAJE,2023-11-19,PRESIDENTE Y VICE,21,Santa Fe,1,La Capital,00200,,LA LIBERTAD AVANZA,agrupacion,10995,PROVISORIO,2023_BALOTAJE_santafe_presidente_mesa.csv
2023,BALOTAJE,2023-11-19,PRESIDENTE Y VICE,21,Santa Fe,1,La Capital,00200,,NULO,nulos,377,PROVISORIO,2023_BALOTAJE_santafe_presidente_mesa.csv
2023,BALOTAJE,2023-11-19,PRESIDENTE Y VICE,21,Santa Fe,1,La Capital,00200,,RECURRIDO,recurridos,10,PROVISORIO,2023_BALOTAJE_santafe_presidente_mesa.csv
2023,BALOTAJE,2023-11-19,PRESIDENTE Y VICE,21,Santa Fe,1,La Capital,00200,,UNION POR LA PATRIA,agrupacion,5579,PROVISORIO,2023_BALOTAJE_santafe_presidente_mesa.csv
2023,BALOTAJE,2023-11-19,PRESIDENTE Y VICE,21,Santa Fe,1,La Capital,00202,,EN BLANCO,blancos,353,PROVISORIO,2023_BALOTAJE_santafe_presidente_mesa.csv
2023,BALOTAJE,2023-11-19,PRESIDENTE Y VICE,21,Santa Fe,1,La Capital,00202,,IMPUGNADO,impugnados,1,PROVISORIO,2023_BALOTAJE_santafe_presidente_mesa.csv
2023,BALOTAJE,2023-11-19,PRESIDENTE Y VICE,21,Santa Fe,1,La Capital,00202,,LA LIBERTAD AVANZA,agrupacion,12490,PROVISORIO,2023_BALOTAJE_santafe_presidente_mesa.csv
2023,BALOTAJE,2023-11-19,PRESIDENTE Y VICE,21,Santa Fe,1,La Capital,00202,,NULO,nulos,461,PROVISORIO,2023_BALOTAJE_santafe_presidente_mesa.csv
2023,BALOTAJE,2023-11-19,PRESIDENTE Y VICE,21,Santa Fe,1,La Capital,00202,,RECURRIDO,recurridos,11,PROVISORIO,2023_BALOTAJE_santafe_presidente_mesa.csv
2023,BALOTAJE,2023-11-19,PRESIDENTE Y VICE,21,Santa Fe,1,La Capital,00202,,UNION POR LA PATRIA,agrupacion,5855,PROVISORIO,2023_BALOTAJE_santafe_presidente_mesa.csv
2023,BALOTAJE,2023-11-19,PRESIDENTE Y VICE,21,Santa Fe,1,La Capital,00204,,EN BLANCO,blancos,99,PROVISORIO,2023_BALOTAJE_santafe_presidente_mesa.csv
2023,BALOTAJE,2023-11-19,PRESIDENTE Y VICE,21,Santa Fe,1,La Capital,00204,,IMPUGNADO,impugnados,0,PROVISORIO,2023_BALOTAJE_santafe_presidente_mesa.csv
2023,BALOTAJE,2023-11-19,PRESIDENTE Y VICE,21,Santa Fe,1,La Capital,00204,,LA LIBERTAD AVANZA,agrupacion,4802,PROVISORIO,2023_BALOTAJE_santafe_presidente_mesa.csv
2023,BALOTAJE,2023-11-19,PRESIDENTE Y VICE,21,Santa Fe,1,La Capital,00204,,NULO,nulos,254,PROVISORIO,2023_BALOTAJE_santafe_presidente_mesa.csv
2023,BALOTAJE,2023-11-19,PRESIDENTE Y VICE,21,Santa Fe,1,La Capital,00204,,RECURRIDO,recurridos,6,PROVISORIO,2023_BALOTAJE_santafe_presidente_mesa.csv
2023,BALOTAJE,2023-11-19,PRESIDENTE Y VICE,21,Santa Fe,1,La Capital,00204,,UNION POR LA PATRIA,agrupacion,2779,PROVISORIO,2023_BALOTAJE_santafe_presidente_mesa.csv
2023,BALOTAJE,2023-11-19,PRESIDENTE Y VICE,21,Santa Fe,1,La Capital,00220,,EN BLANCO,blancos,123,PROVISORIO,2023_BALOTAJE_santafe_presidente_mesa.csv
2023,BALOTAJE,2023-11-19,PRESIDENTE Y VICE,21,Santa Fe,1,La Capital,00220,,IMPUGNADO,impugnados,1,PROVISORIO,2023_BALOTAJE_santafe_presidente_mesa.csv
2023,BALOTAJE,2023-11-19,PRESIDENTE Y VICE,21,Santa Fe,1,La Capital,00220,,LA LIBERTAD AVANZA,agrupacion,4525,PROVISORIO,2023_BALOTAJE_santafe_presidente_mesa.csv
2023,BALOTAJE,2023-11-19,PRESIDENTE Y VICE,21,Santa Fe,1,La Capital,00220,,NULO,nulos,153,PROVISORIO,2023_BALOTAJE_santafe_presidente_mesa.csv
2023,BALOTAJE,2023-11-19,PRESIDENTE Y VICE,21,Santa Fe,1,La Capital,00220,,RECURRIDO,recurridos,3,PROVISORIO,2023_BALOTAJE_santafe_presidente_mesa.csv
2023,BALOTAJE,2023-11-19,PRESIDENTE Y VICE,21,Santa Fe,1,La Capital,00220,,UNION POR LA PATRIA,agrupacion,3671,PROVISORIO,2023_BALOTAJE_santafe_presidente_mesa.csv
2023,BALOTAJE,2023-11-19,PRESIDENTE Y VICE,21,Santa Fe,1,La Capital,00230,,EN BLANCO,blancos,90,PROVISORIO,2023_BALOTAJE_santafe_presidente_mesa.csv
2023,BALOTAJE,2023-11-19,PRESIDENTE Y VICE,21,Santa Fe,1,La Capital,00230,,IMPUGNADO,impugnados,0,PROVISORIO,2023_BALOTAJE_santafe_presidente_mesa.csv
2023,BALOTAJE,2023-11-19,PRESIDENTE Y VICE,21,Santa Fe,1,La Capital,00230,,LA LIBERTAD AVANZA,agrupacion,6868,PROVISORIO,2023_BALOTAJE_santafe_presidente_mesa.csv
2023,BALOTAJE,2023-11-19,PRESIDENTE Y VICE,21,Santa Fe,1,La Capital,00230,,NULO,nulos,235,PROVISORIO,2023_BALOTAJE_santafe_presidente_mesa.csv
2023,BALOTAJE,2023-11-19,PRESIDENTE Y VICE,21,Santa Fe,1,La Capital,00230,,RECURRIDO,recurridos,1,PROVISORIO,2023_BALOTAJE_santafe_presidente_mesa.csv
2023,BALOTAJE,2023-11-19,PRESIDENTE Y VICE,21,Santa Fe,1,La Capital,00230,,UNION POR LA PATRIA,agrupacion,3564,PROVISORIO,2023_BALOTAJE_santafe_presidente_mesa.csv
2023,BALOTAJE,2023-11-19,PRESIDENTE Y VICE,21,Santa Fe,1,La Capital,00240,,EN BLANCO,blancos,44,PROVISORIO,2023_BALOTAJE_santafe_presidente_mesa.csv
2023,BALOTAJE,2023-11-19,PRESIDENTE Y VICE,21,Santa Fe,1,La Capital,00240,,IMPUGNADO,impugnados,0,PROVISORIO,2023_BALOTAJE_santafe_presidente_mesa.csv
2023,BALOTAJE,2023-11-19,PRESIDENTE Y VICE,21,Santa Fe,1,La Capital,00240,,LA LIBERTAD AVANZA,agrupacion,3601,PROVISORIO,2023_BALOTAJE_santafe_presidente_mesa.csv
2023,BALOTAJE,2023-11-19,PRESIDENTE Y VICE,21,Santa Fe,1,La Capital,00240,,NULO,nulos,125,PROVISORIO,2023_BALOTAJE_santafe_presidente_mesa.csv
2023,BALOTAJE,2023-11-19,PRESIDENTE Y VICE,21,Santa Fe,1,La Capital,00240,,RECURRIDO,recurridos,0,PROVISORIO,2023_BALOTAJE_santafe_presidente_mesa.csv
2023,BALOTAJE,2023-11-19,PRESIDENTE Y VICE,21,Santa Fe,1,La Capital,00240,,UNION POR LA PATRIA,agrupacion,1718,PROVISORIO,2023_BALOTAJE_santafe_presidente_mesa.csv
2023,BALOTAJE,2023-11-19,PRESIDENTE Y VICE,21,Santa Fe,1,La Capital,00250,,EN BLANCO,blancos,16,PROVISORIO,2023_BALOTAJE_santafe_presidente_mesa.csv
2023,BALOTAJE,2023-11-19,PRESIDENTE Y VICE,21,Santa Fe,1,La Capital,00250,,IMPUGNADO,impugnados,0,PROVISORIO,2023_BALOTAJE_santafe_presidente_mesa.csv
2023,BALOTAJE,2023-11-19,PRESIDENTE Y VICE,21,Santa Fe,1,La Capital,00250,,LA LIBERTAD AVANZA,agrupacion,481,PROVISORIO,2023_BALOTAJE_santafe_presidente_mesa.csv
2023,BALOTAJE,2023-11-19,PRESIDENTE Y VICE,21,Santa Fe,1,La Capital,00250,,NULO,nulos,7,PROVISORIO,2023_BALOTAJE_santafe_presidente_mesa.csv
2023,BALOTAJE,2023-11-19,PRESIDENTE Y VICE,21,Santa Fe,1,La Capital,00250,,RECURRIDO,recurridos,0,PROVISORIO,2023_BALOTAJE_santafe_presidente_mesa.csv
2023,BALOTAJE,2023-11-19,PRESIDENTE Y VICE,21,Santa Fe,1,La Capital,00250,,UNION POR LA PATRIA,agrupacion,187,PROVISORIO,2023_BALOTAJE_santafe_presidente_mesa.csv
2023,BALOTAJE,2023-11-19,PRESIDENTE Y VICE,21,Santa Fe,1,La Capital,00260,,EN BLANCO,blancos,10,PROVISORIO,2023_BALOTAJE_santafe_presidente_mesa.csv
2023,BALOTAJE,2023-11-19,PRESIDENTE Y VICE,21,Santa Fe,1,La Capital,00260,,IMPUGNADO,impugnados,0,PROVISORIO,2023_BALOTAJE_santafe_presidente_mesa.csv
2023,BALOTAJE,2023-11-19,PRESIDENTE Y VICE,21,Santa Fe,1,La Capital,00260,,LA LIBERTAD AVANZA,agrupacion,586,PROVISORIO,2023_BALOTAJE_santafe_presidente_mesa.csv
2023,BALOTAJE,2023-11-19,PRESIDENTE Y VICE,21,Santa Fe,1,La Capital,00260,,NULO,nulos,24,PROVISORIO,2023_BALOTAJE_santafe_presidente_mesa.csv
2023,BALOTAJE,2023-11-19,PRESIDENTE Y VICE,21,Santa Fe,1,La Capital,00260,,RECURRIDO,recurridos,0,PROVISORIO,2023_BALOTAJE_santafe_presidente_mesa.csv
2023,BALOTAJE,2023-11-19,PRESIDENTE Y VICE,21,Santa Fe,1,La Capital,00260,,UNION POR LA PATRIA,agrupacion,438,PROVISORIO,2023_BALOTAJE_santafe_presidente_mesa.csv
2023,BALOTAJE,2023-11-19,PRESIDENTE Y VICE,21,Santa Fe,1,La Capital,00270,,EN BLANCO,blancos,104,PROVISORIO,2023_BALOTAJE_santafe_presidente_mesa.csv
2023,BALOTAJE,2023-11-19,PRESIDENTE Y VICE,21,Santa Fe,1,La Capital,00270,,IMPUGNADO,impugnados,0,PROVISORIO,2023_BALOTAJE_santafe_presidente_mesa.csv
2023,BALOTAJE,2023-11-19,PRESIDENTE Y VICE,21,Santa Fe,1,La Capital,00270,,LA LIBERTAD AVANZA,agrupacion,4961,PROVISORIO,2023_BALOTAJE_santafe_presidente_mesa.csv
2023,BALOTAJE,2023-11-19,PRESIDENTE Y VICE,21,Santa Fe,1,La Capital,00270,,NULO,nulos,171,PROVISORIO,2023_BALOTAJE_santafe_presidente_mesa.csv
2023,BALOTAJE,2023-11-19,PRESIDENTE Y VICE,21,Santa Fe,1,La Capital,00270,,RECURRIDO,recurridos,0,PROVISORIO,2023_BALOTAJE_santafe_presidente_mesa.csv
2023,BALOTAJE,2023-11-19,PRESIDENTE Y VICE,21,Santa Fe,1,La Capital,00270,,UNION POR LA PATRIA,agrupacion,3145,PROVISORIO,2023_BALOTAJE_santafe_presidente_mesa.csv
2023,BALOTAJE,2023-11-19,PRESIDENTE Y VICE,21,Santa Fe,1,La Capital,00280,,EN BLANCO,blancos,2,PROVISORIO,2023_BALOTAJE_santafe_presidente_mesa.csv
2023,BALOTAJE,2023-11-19,PRESIDENTE Y VICE,21,Santa Fe,1,La Capital,00280,,IMPUGNADO,impugnados,0,PROVISORIO,2023_BALOTAJE_santafe_presidente_mesa.csv
2023,BALOTAJE,2023-11-19,PRESIDENTE Y VICE,21,Santa Fe,1,La Capital,00280,,LA LIBERTAD AVANZA,agrupacion,152,PROVISORIO,2023_BALOTAJE_santafe_presidente_mesa.csv
2023,BALOTAJE,2023-11-19,PRESIDENTE Y VICE,21,Santa Fe,1,La Capital,00280,,NULO,nulos,2,PROVISORIO,2023_BALOTAJE_santafe_presidente_mesa.csv
2023,BALOTAJE,2023-11-19,PRESIDENTE Y VICE,21,Santa Fe,1,La Capital,00280,,RECURRIDO,recurridos,0,PROVISORIO,2023_BALOTAJE_santafe_presidente_mesa.csv
2023,BALOTAJE,2023-11-19,PRESIDENTE Y VICE,21,Santa Fe,1,La Capital,00280,,UNION POR LA PATRIA,agrupacion,78,PROVISORIO,2023_BALOTAJE_santafe_presidente_mesa.csv
2023,BALOTAJE,2023-11-19,PRESIDENTE Y VICE,21,Santa Fe,1,La Capital,00290,,EN BLANCO,blancos,58,PROVISORIO,2023_BALOTAJE_santafe_presidente_mesa.csv
2023,BALOTAJE,2023-11-19,PRESIDENTE Y VICE,21,Santa Fe,1,La Capital,00290,,IMPUGNADO,impugnados,0,PROVISORIO,2023_BALOTAJE_santafe_presidente_mesa.csv
2023,BALOTAJE,2023-11-19,PRESIDENTE Y VICE,21,Santa Fe,1,La Capital,00290,,LA LIBERTAD AVANZA,agrupacion,1993,PROVISORIO,2023_BALOTAJE_santafe_presidente_mesa.csv
2023,BALOTAJE,2023-11-19,PRESIDENTE Y VICE,21,Santa Fe,1,La Capital,00290,,NULO,nulos,76,PROVISORIO,2023_BALOTAJE_santafe_presidente_mesa.csv
2023,BALOTAJE,2023-11-19,PRESIDENTE Y VICE,21,Santa Fe,1,La Capital,00290,,RECURRIDO,recurridos,1,PROVISORIO,2023_BALOTAJE_santafe_presidente_mesa.csv
2023,BALOTAJE,2023-11-19,PRESIDENTE Y VICE,21,Santa Fe,1,La Capital,00290,,UNION POR LA PATRIA,agrupacion,1151,PROVISORIO,2023_BALOTAJE_santafe_presidente_mesa.csv
2023,BALOTAJE,2023-11-19,PRESIDENTE Y VICE,21,Santa Fe,1,La Capital,00300,,EN BLANCO,blancos,40,PROVISORIO,2023_BALOTAJE_santafe_presidente_mesa.csv
2023,BALOTAJE,2023-11-19,PRESIDENTE Y VICE,21,Santa Fe,1,La Capital,00300,,IMPUGNADO,impugnados,0,PROVISORIO,2023_BALOTAJE_santafe_presidente_mesa.csv
2023,BALOTAJE,2023-11-19,PRESIDENTE Y VICE,21,Santa Fe,1,La Capital,00300,,LA LIBERTAD AVANZA,agrupacion,1409,PROVISORIO,2023_BALOTAJE_santafe_presidente_mesa.csv
2023,BALOTAJE,2023-11-19,PRESIDENTE Y VICE,21,Santa Fe,1,La Capital,00300,,NULO,nulos,20,PROVISORIO,2023_BALOTAJE_santafe_presidente_mesa.csv
2023,BALOTAJE,2023-11-19,PRESIDENTE Y VICE,21,Santa Fe,1,La Capital,00300,,RECURRIDO,recurridos,1,PROVISORIO,2023_BALOTAJE_santafe_presidente_mesa.csv
2023,BALOTAJE,2023-11-19,PRESIDENTE Y VICE,21,Santa Fe,1,La Capital,00300,,UNION POR LA PATRIA,agrupacion,447,PROVISORIO,2023_BALOTAJE_santafe_presidente_mesa.csv
2023,BALOTAJE,2023-11-19,PRESIDENTE Y VICE,21,Santa Fe,1,La Capital,00310,,EN BLANCO,blancos,11,PROVISORIO,2023_BALOTAJE_santafe_presidente_mesa.csv
2023,BALOTAJE,2023-11-19,PRESIDENTE Y VICE,21,Santa Fe,1,La Capital,00310,,IMPUGNADO,impugnados,0,PROVISORIO,2023_BALOTAJE_santafe_presidente_mesa.csv
2023,BALOTAJE,2023-11-19,PRESIDENTE Y VICE,21,Santa Fe,1,La Capital,00310,,LA LIBERTAD AVANZA,agrupacion,546,PROVISORIO,2023_BALOTAJE_santafe_presidente_mesa.csv
2023,BALOTAJE,2023-11-19,PRESIDENTE Y VICE,21,Santa Fe,1,La Capital,00310,,NULO,nulos,0,PROVISORIO,2023_BALOTAJE_santafe_presidente_mesa.csv
2023,BALOTAJE,2023-11-19,PRESIDENTE Y VICE,21,Santa Fe,1,La Capital,00310,,RECURRIDO,recurridos,0,PROVISORIO,2023_BALOTAJE_santafe_presidente_mesa.csv
2023,BALOTAJE,2023-11-19,PRESIDENTE Y VICE,21,Santa Fe,1,La Capital,00310,,UNION POR LA PATRIA,agrupacion,192,PROVISORIO,2023_BALOTAJE_santafe_presidente_mesa.csv
2023,BALOTAJE,2023-11-19,PRESIDENTE Y VICE,21,Santa Fe,1,La Capital,00330,,EN BLANCO,blancos,101,PROVISORIO,2023_BALOTAJE_santafe_presidente_mesa.csv
2023,BALOTAJE,2023-11-19,PRESIDENTE Y VICE,21,Santa Fe,1,La Capital,00330,,IMPUGNADO,impugnados,0,PROVISORIO,2023_BALOTAJE_santafe_presidente_mesa.csv
2023,BALOTAJE,2023-11-19,PRESIDENTE Y VICE,21,Santa Fe,1,La Capital,00330,,LA LIBERTAD AVANZA,agrupacion,6041,PROVISORIO,2023_BALOTAJE_santafe_presidente_mesa.csv
2023,BALOTAJE,2023-11-19,PRESIDENTE Y VICE,21,Santa Fe,1,La Capital,00330,,NULO,nulos,203,PROVISORIO,2023_BALOTAJE_santafe_presidente_mesa.csv
2023,BALOTAJE,2023-11-19,PRESIDENTE Y VICE,21,Santa Fe,1,La Capital,00330,,RECURRIDO,recurridos,2,PROVISORIO,2023_BALOTAJE_santafe_presidente_mesa.csv
2023,BALOTAJE,2023-11-19,PRESIDENTE Y VICE,21,Santa Fe,1,La Capital,00330,,UNION POR LA PATRIA,agrupacion,3487,PROVISORIO,2023_BALOTAJE_santafe_presidente_mesa.csv
2023,BALOTAJE,2023-11-19,PRESIDENTE Y VICE,21,Santa Fe,1,La Capital,00370,,EN BLANCO,blancos,5,PROVISORIO,2023_BALOTAJE_santafe_presidente_mesa.csv
2023,BALOTAJE,2023-11-19,PRESIDENTE Y VICE,21,Santa Fe,1,La Capital,00370,,IMPUGNADO,impugnados,0,PROVISORIO,2023_BALOTAJE_santafe_presidente_mesa.csv
2023,BALOTAJE,2023-11-19,PRESIDENTE Y VICE,21,Santa Fe,1,La Capital,00370,,LA LIBERTAD AVANZA,agrupacion,56,PROVISORIO,2023_BALOTAJE_santafe_presidente_mesa.csv
2023,BALOTAJE,2023-11-19,PRESIDENTE Y VICE,21,Santa Fe,1,La Capital,00370,,NULO,nulos,4,PROVISORIO,2023_BALOTAJE_santafe_presidente_mesa.csv
2023,BALOTAJE,2023-11-19,PRESIDENTE Y VICE,21,Santa Fe,1,La Capital,00370,,RECURRIDO,recurridos,0,PROVISORIO,2023_BALOTAJE_santafe_presidente_mesa.csv
2023,BALOTAJE,2023-11-19,PRESIDENTE Y VICE,21,Santa Fe,1,La Capital,00370,,UNION POR LA PATRIA,agrupacion,30,PROVISORIO,2023_BALOTAJE_santafe_presidente_mesa.csv
2023,BALOTAJE,2023-11-19,PRESIDENTE Y VICE,21,Santa Fe,1,La Capital,00390,,EN BLANCO,blancos,16,PROVISORIO,2023_BALOTAJE_santafe_presidente_mesa.csv
2023,BALOTAJE,2023-11-19,PRESIDENTE Y VICE,21,Santa Fe,1,La Capital,00390,,IMPUGNADO,impugnados,0,PROVISORIO,2023_BALOTAJE_santafe_presidente_mesa.csv
2023,BALOTAJE,2023-11-19,PRESIDENTE Y VICE,21,Santa Fe,1,La Capital,00390,,LA LIBERTAD AVANZA,agrupacion,895,PROVISORIO,2023_BALOTAJE_santafe_presidente_mesa.csv
2023,BALOTAJE,2023-11-19,PRESIDENTE Y VICE,21,Santa Fe,1,La Capital,00390,,NULO,nulos,30,PROVISORIO,2023_BALOTAJE_santafe_presidente_mesa.csv
2023,BALOTAJE,2023-11-19,PRESIDENTE Y VICE,21,Santa Fe,1,La Capital,00390,,RECURRIDO,recurridos,0,PROVISORIO,2023_BALOTAJE_santafe_presidente_mesa.csv
2023,BALOTAJE,2023-11-19,PRESIDENTE Y VICE,21,Santa Fe,1,La Capital,00390,,UNION POR LA PATRIA,agrupacion,551,PROVISORIO,2023_BALOTAJE_santafe_presidente_mesa.csv
2023,BALOTAJE,2023-11-19,PRESIDENTE Y VICE,21,Santa Fe,1,La Capital,00400,,EN BLANCO,blancos,35,PROVISORIO,2023_BALOTAJE_santafe_presidente_mesa.csv
2023,BALOTAJE,2023-11-19,PRESIDENTE Y VICE,21,Santa Fe,1,La Capital,00400,,IMPUGNADO,impugnados,0,PROVISORIO,2023_BALOTAJE_santafe_presidente_mesa.csv
2023,BALOTAJE,2023-11-19,PRESIDENTE Y VICE,21,Santa Fe,1,La Capital,00400,,LA LIBERTAD AVANZA,agrupacion,1580,PROVISORIO,2023_BALOTAJE_santafe_presidente_mesa.csv
2023,BALOTAJE,2023-11-19,PRESIDENTE Y VICE,21,Santa Fe,1,La Capital,00400,,NULO,nulos,59,PROVISORIO,2023_BALOTAJE_santafe_presidente_mesa.csv
2023,BALOTAJE,2023-11-19,PRESIDENTE Y VICE,21,Santa Fe,1,La Capital,00400,,RECURRIDO,recurridos,0,PROVISORIO,2023_BALOTAJE_santafe_presidente_mesa.csv
2023,BALOTAJE,2023-11-19,PRESIDENTE Y VICE,21,Santa Fe,1,La Capital,00400,,UNION POR LA PATRIA,agrupacion,1141,PROVISORIO,2023_BALOTAJE_santafe_presidente_mesa.csv
2023,BALOTAJE,2023-11-19,PRESIDENTE Y VICE,21,Santa Fe,2,Las Colonias,00410,,EN BLANCO,blancos,3,PROVISORIO,2023_BALOTAJE_santafe_presidente_mesa.csv
2023,BALOTAJE,2023-11-19,PRESIDENTE Y VICE,21,Santa Fe,2,Las Colonias,00410,,IMPUGNADO,impugnados,0,PROVISORIO,2023_BALOTAJE_santafe_presidente_mesa.csv
2023,BALOTAJE,2023-11-19,PRESIDENTE Y VICE,21,Santa Fe,2,Las Colonias,00410,,LA LIBERTAD AVANZA,agrupacion,177,PROVISORIO,2023_BALOTAJE_santafe_presidente_mesa.csv
2023,BALOTAJE,2023-11-19,PRESIDENTE Y VICE,21,Santa Fe,2,Las Colonias,00410,,NULO,nulos,4,PROVISORIO,2023_BALOTAJE_santafe_presidente_mesa.csv
2023,BALOTAJE,2023-11-19,PRESIDENTE Y VICE,21,Santa Fe,2,Las Colonias,00410,,RECURRIDO,recurridos,0,PROVISORIO,2023_BALOTAJE_santafe_presidente_mesa.csv
2023,BALOTAJE,2023-11-19,PRESIDENTE Y VICE,21,Santa Fe,2,Las Colonias,00410,,UNION POR LA PATRIA,agrupacion,86,PROVISORIO,2023_BALOTAJE_santafe_presidente_mesa.csv
2023,BALOTAJE,2023-11-19,PRESIDENTE Y VICE,21,Santa Fe,2,Las Colonias,00420,,EN BLANCO,blancos,12,PROVISORIO,2023_BALOTAJE_santafe_presidente_mesa.csv
2023,BALOTAJE,2023-11-19,PRESIDENTE Y VICE,21,Santa Fe,2,Las Colonias,00420,,IMPUGNADO,impugnados,0,PROVISORIO,2023_BALOTAJE_santafe_presidente_mesa.csv
2023,BALOTAJE,2023-11-19,PRESIDENTE Y VICE,21,Santa Fe,2,Las Colonias,00420,,LA LIBERTAD AVANZA,agrupacion,463,PROVISORIO,2023_BALOTAJE_santafe_presidente_mesa.csv
2023,BALOTAJE,2023-11-19,PRESIDENTE Y VICE,21,Santa Fe,2,Las Colonias,00420,,NULO,nulos,9,PROVISORIO,2023_BALOTAJE_santafe_presidente_mesa.csv
2023,BALOTAJE,2023-11-19,PRESIDENTE Y VICE,21,Santa Fe,2,Las Colonias,00420,,RECURRIDO,recurridos,0,PROVISORIO,2023_BALOTAJE_santafe_presidente_mesa.csv
2023,BALOTAJE,2023-11-19,PRESIDENTE Y VICE,21,Santa Fe,2,Las Colonias,00420,,UNION POR LA PATRIA,agrupacion,113,PROVISORIO,2023_BALOTAJE_santafe_presidente_mesa.csv
2023,BALOTAJE,2023-11-19,PRESIDENTE Y VICE,21,Santa Fe,2,Las Colonias,00430,San Carlos Sud,EN BLANCO,blancos,29,PROVISORIO,2023_BALOTAJE_santafe_presidente_mesa.csv
2023,BALOTAJE,2023-11-19,PRESIDENTE Y VICE,21,Santa Fe,2,Las Colonias,00430,San Carlos Sud,IMPUGNADO,impugnados,0,PROVISORIO,2023_BALOTAJE_santafe_presidente_mesa.csv
2023,BALOTAJE,2023-11-19,PRESIDENTE Y VICE,21,Santa Fe,2,Las Colonias,00430,San Carlos Sud,LA LIBERTAD AVANZA,agrupacion,1096,PROVISORIO,2023_BALOTAJE_santafe_presidente_mesa.csv
2023,BALOTAJE,2023-11-19,PRESIDENTE Y VICE,21,Santa Fe,2,Las Colonias,00430,San Carlos Sud,NULO,nulos,18,PROVISORIO,2023_BALOTAJE_santafe_presidente_mesa.csv
2023,BALOTAJE,2023-11-19,PRESIDENTE Y VICE,21,Santa Fe,2,Las Colonias,00430,San Carlos Sud,RECURRIDO,recurridos,0,PROVISORIO,2023_BALOTAJE_santafe_presidente_mesa.csv
2023,BALOTAJE,2023-11-19,PRESIDENTE Y VICE,21,Santa Fe,2,Las Colonias,00430,San Carlos Sud,UNION POR LA PATRIA,agrupacion,479,PROVISORIO,2023_BALOTAJE_santafe_presidente_mesa.csv
2023,BALOTAJE,2023-11-19,PRESIDENTE Y VICE,21,Santa Fe,2,Las Colonias,00440,San Carlos Centro,EN BLANCO,blancos,178,PROVISORIO,2023_BALOTAJE_santafe_presidente_mesa.csv
2023,BALOTAJE,2023-11-19,PRESIDENTE Y VICE,21,Santa Fe,2,Las Colonias,00440,San Carlos Centro,IMPUGNADO,impugnados,0,PROVISORIO,2023_BALOTAJE_santafe_presidente_mesa.csv
2023,BALOTAJE,2023-11-19,PRESIDENTE Y VICE,21,Santa Fe,2,Las Colonias,00440,San Carlos Centro,LA LIBERTAD AVANZA,agrupacion,5374,PROVISORIO,2023_BALOTAJE_santafe_presidente_mesa.csv
2023,BALOTAJE,2023-11-19,PRESIDENTE Y VICE,21,Santa Fe,2,Las Colonias,00440,San Carlos Centro,NULO,nulos,161,PROVISORIO,2023_BALOTAJE_santafe_presidente_mesa.csv
2023,BALOTAJE,2023-11-19,PRESIDENTE Y VICE,21,Santa Fe,2,Las Colonias,00440,San Carlos Centro,RECURRIDO,recurridos,0,PROVISORIO,2023_BALOTAJE_santafe_presidente_mesa.csv
2023,BALOTAJE,2023-11-19,PRESIDENTE Y VICE,21,Santa Fe,2,Las Colonias,00440,San Carlos Centro,UNION POR LA PATRIA,agrupacion,2294,PROVISORIO,2023_BALOTAJE_santafe_presidente_mesa.csv
2023,BALOTAJE,2023-11-19,PRESIDENTE Y VICE,21,Santa Fe,2,Las Colonias,00450,,EN BLANCO,blancos,9,PROVISORIO,2023_BALOTAJE_santafe_presidente_mesa.csv
2023,BALOTAJE,2023-11-19,PRESIDENTE Y VICE,21,Santa Fe,2,Las Colonias,00450,,IMPUGNADO,impugnados,0,PROVISORIO,2023_BALOTAJE_santafe_presidente_mesa.csv
2023,BALOTAJE,2023-11-19,PRESIDENTE Y VICE,21,Santa Fe,2,Las Colonias,00450,,LA LIBERTAD AVANZA,agrupacion,572,PROVISORIO,2023_BALOTAJE_santafe_presidente_mesa.csv
2023,BALOTAJE,2023-11-19,PRESIDENTE Y VICE,21,Santa Fe,2,Las Colonias,00450,,NULO,nulos,13,PROVISORIO,2023_BALOTAJE_santafe_presidente_mesa.csv
2023,BALOTAJE,2023-11-19,PRESIDENTE Y VICE,21,Santa Fe,2,Las Colonias,00450,,RECURRIDO,recurridos,0,PROVISORIO,2023_BALOTAJE_santafe_presidente_mesa.csv
2023,BALOTAJE,2023-11-19,PRESIDENTE Y VICE,21,Santa Fe,2,Las Colonias,00450,,UNION POR LA PATRIA,agrupacion,184,PROVISORIO,2023_BALOTAJE_santafe_presidente_mesa.csv
2023,BALOTAJE,2023-11-19,PRESIDENTE Y VICE,21,Santa Fe,2,Las Colonias,00460,Santa Clara de Buena Vista,EN BLANCO,blancos,35,PROVISORIO,2023_BALOTAJE_santafe_presidente_mesa.csv
2023,BALOTAJE,2023-11-19,PRESIDENTE Y VICE,21,Santa Fe,2,Las Colonias,00460,Santa Clara de Buena Vista,IMPUGNADO,impugnados,0,PROVISORIO,2023_BALOTAJE_santafe_presidente_mesa.csv
2023,BALOTAJE,2023-11-19,PRESIDENTE Y VICE,21,Santa Fe,2,Las Colonias,00460,Santa Clara de Buena Vista,LA LIBERTAD AVANZA,agrupacion,1380,PROVISORIO,2023_BALOTAJE_santafe_presidente_mesa.csv
2023,BALOTAJE,2023-11-19,PRESIDENTE Y VICE,21,Santa Fe,2,Las Colonias,00460,Santa Clara de Buena Vista,NULO,nulos,32,PROVISORIO,2023_BALOTAJE_santafe_presidente_mesa.csv
2023,BALOTAJE,2023-11-19,PRESIDENTE Y VICE,21,Santa Fe,2,Las Colonias,00460,Santa Clara de Buena Vista,RECURRIDO,recurridos,0,PROVISORIO,2023_BALOTAJE_santafe_presidente_mesa.csv
2023,BALOTAJE,2023-11-19,PRESIDENTE Y VICE,21,Santa Fe,2,Las Colonias,00460,Santa Clara de Buena Vista,UNION POR LA PATRIA,agrupacion,553,PROVISORIO,2023_BALOTAJE_santafe_presidente_mesa.csv
2023,BALOTAJE,2023-11-19,PRESIDENTE Y VICE,21,Santa Fe,2,Las Colonias,00470,,EN BLANCO,blancos,1,PROVISORIO,2023_BALOTAJE_santafe_presidente_mesa.csv
2023,BALOTAJE,2023-11-19,PRESIDENTE Y VICE,21,Santa Fe,2,Las Colonias,00470,,IMPUGNADO,impugnados,0,PROVISORIO,2023_BALOTAJE_santafe_presidente_mesa.csv
2023,BALOTAJE,2023-11-19,PRESIDENTE Y VICE,21,Santa Fe,2,Las Colonias,00470,,LA LIBERTAD AVANZA,agrupacion,150,PROVISORIO,2023_BALOTAJE_santafe_presidente_mesa.csv
2023,BALOTAJE,2023-11-19,PRESIDENTE Y VICE,21,Santa Fe,2,Las Colonias,00470,,NULO,nulos,3,PROVISORIO,2023_BALOTAJE_santafe_presidente_mesa.csv
2023,BALOTAJE,2023-11-19,PRESIDENTE Y VICE,21,Santa Fe,2,Las Colonias,00470,,RECURRIDO,recurridos,0,PROVISORIO,2023_BALOTAJE_santafe_presidente_mesa.csv
2023,BALOTAJE,2023-11-19,PRESIDENTE Y VICE,21,Santa Fe,2,Las Colonias,00470,,UNION POR LA PATRIA,agrupacion,99,PROVISORIO,2023_BALOTAJE_santafe_presidente_mesa.csv
2023,BALOTAJE,2023-11-19,PRESIDENTE Y VICE,21,Santa Fe,2,Las Colonias,00480,,EN BLANCO,blancos,35,PROVISORIO,2023_BALOTAJE_santafe_presidente_mesa.csv
2023,BALOTAJE,2023-11-19,PRESIDENTE Y VICE,21,Santa Fe,2,Las Colonias,00480,,IMPUGNADO,impugnados,3,PROVISORIO,2023_BALOTAJE_santafe_presidente_mesa.csv
2023,BALOTAJE,2023-11-19,PRESIDENTE Y VICE,21,Santa Fe,2,Las Colonias,00480,,LA LIBERTAD AVANZA,agrupacion,763,PROVISORIO,2023_BALOTAJE_santafe_presidente_mesa.csv
2023,BALOTAJE,2023-11-19,PRESIDENTE Y VICE,21,Santa Fe,2,Las Colonias,00480,,NULO,nulos,6,PROVISORIO,2023_BALOTAJE_santafe_presidente_mesa.csv
2023,BALOTAJE,2023-11-19,PRESIDENTE Y VICE,21,Santa Fe,2,Las Colonias,00480,,RECURRIDO,recurridos,0,PROVISORIO,2023_BALOTAJE_santafe_presidente_mesa.csv
2023,BALOTAJE,2023-11-19,PRESIDENTE Y VICE,21,Santa Fe,2,Las Colonias,00480,,UNION POR LA PATRIA,agrupacion,279,PROVISORIO,2023_BALOTAJE_santafe_presidente_mesa.csv
2023,BALOTAJE,2023-11-19,PRESIDENTE Y VICE,21,Santa Fe,2,Las Colonias,00490,,EN BLANCO,blancos,8,PROVISORIO,2023_BALOTAJE_santafe_presidente_mesa.csv
2023,BALOTAJE,2023-11-19,PRESIDENTE Y VICE,21,Santa Fe,2,Las Colonias,00490,,IMPUGNADO,impugnados,0,PROVISORIO,2023_BALOTAJE_santafe_presidente_mesa.csv
2023,BALOTAJE,2023-11-19,PRESIDENTE Y VICE,21,Santa Fe,2,Las Colonias,00490,,LA LIBERTAD AVANZA,agrupacion,487,PROVISORIO,2023_BALOTAJE_santafe_presidente_mesa.csv
2023,BALOTAJE,2023-11-19,PRESIDENTE Y VICE,21,Santa Fe,2,Las Colonias,00490,,NULO,nulos,13,PROVISORIO,2023_BALOTAJE_santafe_presidente_mesa.csv
2023,BALOTAJE,2023-11-19,PRESIDENTE Y VICE,21,Santa Fe,2,Las Colonias,00490,,RECURRIDO,recurridos,0,PROVISORIO,2023_BALOTAJE_santafe_presidente_mesa.csv
2023,BALOTAJE,2023-11-19,PRESIDENTE Y VICE,21,Santa Fe,2,Las Colonias,00490,,UNION POR LA PATRIA,agrupacion,226,PROVISORIO,2023_BALOTAJE_santafe_presidente_mesa.csv
2023,BALOTAJE,2023-11-19,PRESIDENTE Y VICE,21,Santa Fe,2,Las Colonias,00500,,EN BLANCO,blancos,4,PROVISORIO,2023_BALOTAJE_santafe_presidente_mesa.csv
2023,BALOTAJE,2023-11-19,PRESIDENTE Y VICE,21,Santa Fe,2,Las Colonias,00500,,IMPUGNADO,impugnados,0,PROVISORIO,2023_BALOTAJE_santafe_presidente_mesa.csv
2023,BALOTAJE,2023-11-19,PRESIDENTE Y VICE,21,Santa Fe,2,Las Colonias,00500,,LA LIBERTAD AVANZA,agrupacion,80,PROVISORIO,2023_BALOTAJE_santafe_presidente_mesa.csv
2023,BALOTAJE,2023-11-19,PRESIDENTE Y VICE,21,Santa Fe,2,Las Colonias,00500,,NULO,nulos,5,PROVISORIO,2023_BALOTAJE_santafe_presidente_mesa.csv
2023,BALOTAJE,2023-11-19,PRESIDENTE Y VICE,21,Santa Fe,2,Las Colonias,00500,,RECURRIDO,recurridos,0,PROVISORIO,2023_BALOTAJE_santafe_presidente_mesa.csv
2023,BALOTAJE,2023-11-19,PRESIDENTE Y VICE,21,Santa Fe,2,Las Colonias,00500,,UNION POR LA PATRIA,agrupacion,32,PROVISORIO,2023_BALOTAJE_santafe_presidente_mesa.csv
2023,BALOTAJE,2023-11-19,PRESIDENTE Y VICE,21,Santa Fe,2,Las Colonias,00510,,EN BLANCO,blancos,17,PROVISORIO,2023_BALOTAJE_santafe_presidente_mesa.csv
2023,BALOTAJE,2023-11-19,PRESIDENTE Y VICE,21,Santa Fe,2,Las Colonias,00510,,IMPUGNADO,impugnados,0,PROVISORIO,2023_BALOTAJE_santafe_presidente_mesa.csv
2023,BALOTAJE,2023-11-19,PRESIDENTE Y VICE,21,Santa Fe,2,Las Colonias,00510,,LA LIBERTAD AVANZA,agrupacion,356,PROVISORIO,2023_BALOTAJE_santafe_presidente_mesa.csv
2023,BALOTAJE,2023-11-19,PRESIDENTE Y VICE,21,Santa Fe,2,Las Colonias,00510,,NULO,nulos,15,PROVISORIO,2023_BALOTAJE_santafe_presidente_mesa.csv
2023,BALOTAJE,2023-11-19,PRESIDENTE Y VICE,21,Santa Fe,2,Las Colonias,00510,,RECURRIDO,recurridos,0,PROVISORIO,2023_BALOTAJE_santafe_presidente_mesa.csv
2023,BALOTAJE,2023-11-19,PRESIDENTE Y VICE,21,Santa Fe,2,Las Colonias,00510,,UNION POR LA PATRIA,agrupacion,228,PROVISORIO,2023_BALOTAJE_santafe_presidente_mesa.csv
2023,BALOTAJE,2023-11-19,PRESIDENTE Y VICE,21,Santa Fe,2,Las Colonias,00520,San Jerónimo Norte,EN BLANCO,blancos,94,PROVISORIO,2023_BALOTAJE_santafe_presidente_mesa.csv
2023,BALOTAJE,2023-11-19,PRESIDENTE Y VICE,21,Santa Fe,2,Las Colonias,00520,San Jerónimo Norte,IMPUGNADO,impugnados,0,PROVISORIO,2023_BALOTAJE_santafe_presidente_mesa.csv
2023,BALOTAJE,2023-11-19,PRESIDENTE Y VICE,21,Santa Fe,2,Las Colonias,00520,San Jerónimo Norte,LA LIBERTAD AVANZA,agrupacion,3696,PROVISORIO,2023_BALOTAJE_santafe_presidente_mesa.csv
2023,BALOTAJE,2023-11-19,PRESIDENTE Y VICE,21,Santa Fe,2,Las Colonias,00520,San Jerónimo Norte,NULO,nulos,99,PROVISORIO,2023_BALOTAJE_santafe_presidente_mesa.csv
2023,BALOTAJE,2023-11-19,PRESIDENTE Y VICE,21,Santa Fe,2,Las Colonias,00520,San Jerónimo Norte,RECURRIDO,recurridos,0,PROVISORIO,2023_BALOTAJE_santafe_presidente_mesa.csv
2023,BALOTAJE,2023-11-19,PRESIDENTE Y VICE,21,Santa Fe,2,Las Colonias,00520,San Jerónimo Norte,UNION POR LA PATRIA,agrupacion,852,PROVISORIO,2023_BALOTAJE_santafe_presidente_mesa.csv
2023,BALOTAJE,2023-11-19,PRESIDENTE Y VICE,21,Santa Fe,2,Las Colonias,00530,Franck,EN BLANCO,blancos,63,PROVISORIO,2023_BALOTAJE_santafe_presidente_mesa.csv
2023,BALOTAJE,2023-11-19,PRESIDENTE Y VICE,21,Santa Fe,2,Las Colonias,00530,Franck,IMPUGNADO,impugnados,0,PROVISORIO,2023_BALOTAJE_santafe_presidente_mesa.csv
2023,BALOTAJE,2023-11-19,PRESIDENTE Y VICE,21,Santa Fe,2,Las Colonias,00530,Franck,LA LIBERTAD AVANZA,agrupacion,3557,PROVISORIO,2023_BALOTAJE_santafe_presidente_mesa.csv
2023,BALOTAJE,2023-11-19,PRESIDENTE Y VICE,21,Santa Fe,2,Las Colonias,00530,Franck,NULO,nulos,89,PROVISORIO,2023_BALOTAJE_santafe_presidente_mesa.csv
2023,BALOTAJE,2023-11-19,PRESIDENTE Y VICE,21,Santa Fe,2,Las Colonias,00530,Franck,RECURRIDO,recurridos,0,PROVISORIO,2023_BALOTAJE_santafe_presidente_mesa.csv
2023,BALOTAJE,2023-11-19,PRESIDENTE Y VICE,21,Santa Fe,2,Las Colonias,00530,Franck,UNION POR LA PATRIA,agrupacion,685,PROVISORIO,2023_BALOTAJE_santafe_presidente_mesa.csv
2023,BALOTAJE,2023-11-19,PRESIDENTE Y VICE,21,Santa Fe,2,Las Colonias,00540,,EN BLANCO,blancos,3,PROVISORIO,2023_BALOTAJE_santafe_presidente_mesa.csv
2023,BALOTAJE,2023-11-19,PRESIDENTE Y VICE,21,Santa Fe,2,Las Colonias,00540,,IMPUGNADO,impugnados,0,PROVISORIO,2023_BALOTAJE_santafe_presidente_mesa.csv
2023,BALOTAJE,2023-11-19,PRESIDENTE Y VICE,21,Santa Fe,2,Las Colonias,00540,,LA LIBERTAD AVANZA,agrupacion,333,PROVISORIO,2023_BALOTAJE_santafe_presidente_mesa.csv
2023,BALOTAJE,2023-11-19,PRESIDENTE Y VICE,21,Santa Fe,2,Las Colonias,00540,,NULO,nulos,1,PROVISORIO,2023_BALOTAJE_santafe_presidente_mesa.csv
2023,BALOTAJE,2023-11-19,PRESIDENTE Y VICE,21,Santa Fe,2,Las Colonias,00540,,RECURRIDO,recurridos,0,PROVISORIO,2023_BALOTAJE_santafe_presidente_mesa.csv
2023,BALOTAJE,2023-11-19,PRESIDENTE Y VICE,21,Santa Fe,2,Las Colonias,00540,,UNION POR LA PATRIA,agrupacion,63,PROVISORIO,2023_BALOTAJE_santafe_presidente_mesa.csv
2023,BALOTAJE,2023-11-19,PRESIDENTE Y VICE,21,Santa Fe,2,Las Colonias,00550,Esperanza,EN BLANCO,blancos,347,PROVISORIO,2023_BALOTAJE_santafe_presidente_mesa.csv
2023,BALOTAJE,2023-11-19,PRESIDENTE Y VICE,21,Santa Fe,2,Las Colonias,00550,Esperanza,IMPUGNADO,impugnados,0,PROVISORIO,2023_BALOTAJE_santafe_presidente_mesa.csv
2023,BALOTAJE,2023-11-19,PRESIDENTE Y VICE,21,Santa Fe,2,Las Colonias,00550,Esperanza,LA LIBERTAD AVANZA,agrupacion,20930,PROVISORIO,2023_BALOTAJE_santafe_presidente_mesa.csv
2023,BALOTAJE,2023-11-19,PRESIDENTE Y VICE,21,Santa Fe,2,Las Colonias,00550,Esperanza,NULO,nulos,585,PROVISORIO,2023_BALOTAJE_santafe_presidente_mesa.csv
2023,BALOTAJE,2023-11-19,PRESIDENTE Y VICE,21,Santa Fe,2,Las Colonias,00550,Esperanza,RECURRIDO,recurridos,6,PROVISORIO,2023_BALOTAJE_santafe_presidente_mesa.csv
2023,BALOTAJE,2023-11-19,PRESIDENTE Y VICE,21,Santa Fe,2,Las Colonias,00550,Esperanza,UNION POR LA PATRIA,agrupacion,5613,PROVISORIO,2023_BALOTAJE_santafe_presidente_mesa.csv
2023,BALOTAJE,2023-11-19,PRESIDENTE Y VICE,21,Santa Fe,2,Las Colonias,00557,,EN BLANCO,blancos,3,PROVISORIO,2023_BALOTAJE_santafe_presidente_mesa.csv
2023,BALOTAJE,2023-11-19,PRESIDENTE Y VICE,21,Santa Fe,2,Las Colonias,00557,,IMPUGNADO,impugnados,0,PROVISORIO,2023_BALOTAJE_santafe_presidente_mesa.csv
2023,BALOTAJE,2023-11-19,PRESIDENTE Y VICE,21,Santa Fe,2,Las Colonias,00557,,LA LIBERTAD AVANZA,agrupacion,66,PROVISORIO,2023_BALOTAJE_santafe_presidente_mesa.csv
2023,BALOTAJE,2023-11-19,PRESIDENTE Y VICE,21,Santa Fe,2,Las Colonias,00557,,NULO,nulos,0,PROVISORIO,2023_BALOTAJE_santafe_presidente_mesa.csv
2023,BALOTAJE,2023-11-19,PRESIDENTE Y VICE,21,Santa Fe,2,Las Colonias,00557,,RECURRIDO,recurridos,0,PROVISORIO,2023_BALOTAJE_santafe_presidente_mesa.csv
2023,BALOTAJE,2023-11-19,PRESIDENTE Y VICE,21,Santa Fe,2,Las Colonias,00557,,UNION POR LA PATRIA,agrupacion,12,PROVISORIO,2023_BALOTAJE_santafe_presidente_mesa.csv
2023,BALOTAJE,2023-11-19,PRESIDENTE Y VICE,21,Santa Fe,2,Las Colonias,00559,,EN BLANCO,blancos,0,PROVISORIO,2023_BALOTAJE_santafe_presidente_mesa.csv
2023,BALOTAJE,2023-11-19,PRESIDENTE Y VICE,21,Santa Fe,2,Las Colonias,00559,,IMPUGNADO,impugnados,0,PROVISORIO,2023_BALOTAJE_santafe_presidente_mesa.csv
2023,BALOTAJE,2023-11-19,PRESIDENTE Y VICE,21,Santa Fe,2,Las Colonias,00559,,LA LIBERTAD AVANZA,agrupacion,23,PROVISORIO,2023_BALOTAJE_santafe_presidente_mesa.csv
2023,BALOTAJE,2023-11-19,PRESIDENTE Y VICE,21,Santa Fe,2,Las Colonias,00559,,NULO,nulos,0,PROVISORIO,2023_BALOTAJE_santafe_presidente_mesa.csv
2023,BALOTAJE,2023-11-19,PRESIDENTE Y VICE,21,Santa Fe,2,Las Colonias,00559,,RECURRIDO,recurridos,0,PROVISORIO,2023_BALOTAJE_santafe_presidente_mesa.csv
2023,BALOTAJE,2023-11-19,PRESIDENTE Y VICE,21,Santa Fe,2,Las Colonias,00559,,UNION POR LA PATRIA,agrupacion,10,PROVISORIO,2023_BALOTAJE_santafe_presidente_mesa.csv
2023,BALOTAJE,2023-11-19,PRESIDENTE Y VICE,21,Santa Fe,2,Las Colonias,00560,Humboldt,EN BLANCO,blancos,61,PROVISORIO,2023_BALOTAJE_santafe_presidente_mesa.csv
2023,BALOTAJE,2023-11-19,PRESIDENTE Y VICE,21,Santa Fe,2,Las Colonias,00560,Humboldt,IMPUGNADO,impugnados,0,PROVISORIO,2023_BALOTAJE_santafe_presidente_mesa.csv
2023,BALOTAJE,2023-11-19,PRESIDENTE Y VICE,21,Santa Fe,2,Las Colonias,00560,Humboldt,LA LIBERTAD AVANZA,agrupacion,2776,PROVISORIO,2023_BALOTAJE_santafe_presidente_mesa.csv
2023,BALOTAJE,2023-11-19,PRESIDENTE Y VICE,21,Santa Fe,2,Las Colonias,00560,Humboldt,NULO,nulos,49,PROVISORIO,2023_BALOTAJE_santafe_presidente_mesa.csv
2023,BALOTAJE,2023-11-19,PRESIDENTE Y VICE,21,Santa Fe,2,Las Colonias,00560,Humboldt,RECURRIDO,recurridos,0,PROVISORIO,2023_BALOTAJE_santafe_presidente_mesa.csv
2023,BALOTAJE,2023-11-19,PRESIDENTE Y VICE,21,Santa Fe,2,Las Colonias,00560,Humboldt,UNION POR LA PATRIA,agrupacion,692,PROVISORIO,2023_BALOTAJE_santafe_presidente_mesa.csv
2023,BALOTAJE,2023-11-19,PRESIDENTE Y VICE,21,Santa Fe,2,Las Colonias,00570,Pilar,EN BLANCO,blancos,56,PROVISORIO,2023_BALOTAJE_santafe_presidente_mesa.csv
2023,BALOTAJE,2023-11-19,PRESIDENTE Y VICE,21,Santa Fe,2,Las Colonias,00570,Pilar,IMPUGNADO,impugnados,0,PROVISORIO,2023_BALOTAJE_santafe_presidente_mesa.csv
2023,BALOTAJE,2023-11-19,PRESIDENTE Y VICE,21,Santa Fe,2,Las Colonias,00570,Pilar,LA LIBERTAD AVANZA,agrupacion,2310,PROVISORIO,2023_BALOTAJE_santafe_presidente_mesa.csv
2023,BALOTAJE,2023-11-19,PRESIDENTE Y VICE,21,Santa Fe,2,Las Colonias,00570,Pilar,NULO,nulos,59,PROVISORIO,2023_BALOTAJE_santafe_presidente_mesa.csv
2023,BALOTAJE,2023-11-19,PRESIDENTE Y VICE,21,Santa Fe,2,Las Colonias,00570,Pilar,RECURRIDO,recurridos,0,PROVISORIO,2023_BALOTAJE_santafe_presidente_mesa.csv
2023,BALOTAJE,2023-11-19,PRESIDENTE Y VICE,21,Santa Fe,2,Las Colonias,00570,Pilar,UNION POR LA PATRIA,agrupacion,927,PROVISORIO,2023_BALOTAJE_santafe_presidente_mesa.csv
2023,BALOTAJE,2023-11-19,PRESIDENTE Y VICE,21,Santa Fe,2,Las Colonias,00580,,EN BLANCO,blancos,2,PROVISORIO,2023_BALOTAJE_santafe_presidente_mesa.csv
2023,BALOTAJE,2023-11-19,PRESIDENTE Y VICE,21,Santa Fe,2,Las Colonias,00580,,IMPUGNADO,impugnados,0,PROVISORIO,2023_BALOTAJE_santafe_presidente_mesa.csv
2023,BALOTAJE,2023-11-19,PRESIDENTE Y VICE,21,Santa Fe,2,Las Colonias,00580,,LA LIBERTAD AVANZA,agrupacion,360,PROVISORIO,2023_BALOTAJE_santafe_presidente_mesa.csv
2023,BALOTAJE,2023-11-19,PRESIDENTE Y VICE,21,Santa Fe,2,Las Colonias,00580,,NULO,nulos,7,PROVISORIO,2023_BALOTAJE_santafe_presidente_mesa.csv
2023,BALOTAJE,2023-11-19,PRESIDENTE Y VICE,21,Santa Fe,2,Las Colonias,00580,,RECURRIDO,recurridos,0,PROVISORIO,2023_BALOTAJE_santafe_presidente_mesa.csv
2023,BALOTAJE,2023-11-19,PRESIDENTE Y VICE,21,Santa Fe,2,Las Colonias,00580,,UNION POR LA PATRIA,agrupacion,81,PROVISORIO,2023_BALOTAJE_santafe_presidente_mesa.csv
2023,BALOTAJE,2023-11-19,PRESIDENTE Y VICE,21,Santa Fe,2,Las Colonias,00590,,EN BLANCO,blancos,5,PROVISORIO,2023_BALOTAJE_santafe_presidente_mesa.csv
2023,BALOTAJE,2023-11-19,PRESIDENTE Y VICE,21,Santa Fe,2,Las Colonias,00590,,IMPUGNADO,impugnados,0,PROVISORIO,2023_BALOTAJE_santafe_presidente_mesa.csv
2023,BALOTAJE,2023-11-19,PRESIDENTE Y VICE,21,Santa Fe,2,Las Colonias,00590,,LA LIBERTAD AVANZA,agrupacion,180,PROVISORIO,2023_BALOTAJE_santafe_presidente_mesa.csv
2023,BALOTAJE,2023-11-19,PRESIDENTE Y VICE,21,Santa Fe,2,Las Colonias,00590,,NULO,nulos,3,PROVISORIO,2023_BALOTAJE_santafe_presidente_mesa.csv
2023,BALOTAJE,2023-11-19,PRESIDENTE Y VICE,21,Santa Fe,2,Las Colonias,00590,,RECURRIDO,recurridos,0,PROVISORIO,2023_BALOTAJE_santafe_presidente_mesa.csv
2023,BALOTAJE,2023-11-19,PRESIDENTE Y VICE,21,Santa Fe,2,Las Colonias,00590,,UNION POR LA PATRIA,agrupacion,72,PROVISORIO,2023_BALOTAJE_santafe_presidente_mesa.csv
2023,BALOTAJE,2023-11-19,PRESIDENTE Y VICE,21,Santa Fe,2,Las Colonias,00600,Felicia,EN BLANCO,blancos,26,PROVISORIO,2023_BALOTAJE_santafe_presidente_mesa.csv
2023,BALOTAJE,2023-11-19,PRESIDENTE Y VICE,21,Santa Fe,2,Las Colonias,00600,Felicia,IMPUGNADO,impugnados,0,PROVISORIO,2023_BALOTAJE_santafe_presidente_mesa.csv
2023,BALOTAJE,2023-11-19,PRESIDENTE Y VICE,21,Santa Fe,2,Las Colonias,00600,Felicia,LA LIBERTAD AVANZA,agrupacion,1246,PROVISORIO,2023_BALOTAJE_santafe_presidente_mesa.csv
2023,BALOTAJE,2023-11-19,PRESIDENTE Y VICE,21,Santa Fe,2,Las Colonias,00600,Felicia,NULO,nulos,25,PROVISORIO,2023_BALOTAJE_santafe_presidente_mesa.csv
2023,BALOTAJE,2023-11-19,PRESIDENTE Y VICE,21,Santa Fe,2,Las Colonias,00600,Felicia,RECURRIDO,recurridos,0,PROVISORIO,2023_BALOTAJE_santafe_presidente_mesa.csv
2023,BALOTAJE,2023-11-19,PRESIDENTE Y VICE,21,Santa Fe,2,Las Colonias,00600,Felicia,UNION POR LA PATRIA,agrupacion,251,PROVISORIO,2023_BALOTAJE_santafe_presidente_mesa.csv
2023,BALOTAJE,2023-11-19,PRESIDENTE Y VICE,21,Santa Fe,2,Las Colonias,00610,,EN BLANCO,blancos,7,PROVISORIO,2023_BALOTAJE_santafe_presidente_mesa.csv
2023,BALOTAJE,2023-11-19,PRESIDENTE Y VICE,21,Santa Fe,2,Las Colonias,00610,,IMPUGNADO,impugnados,0,PROVISORIO,2023_BALOTAJE_santafe_presidente_mesa.csv
2023,BALOTAJE,2023-11-19,PRESIDENTE Y VICE,21,Santa Fe,2,Las Colonias,00610,,LA LIBERTAD AVANZA,agrupacion,388,PROVISORIO,2023_BALOTAJE_santafe_presidente_mesa.csv
2023,BALOTAJE,2023-11-19,PRESIDENTE Y VICE,21,Santa Fe,2,Las Colonias,00610,,NULO,nulos,16,PROVISORIO,2023_BALOTAJE_santafe_presidente_mesa.csv
2023,BALOTAJE,2023-11-19,PRESIDENTE Y VICE,21,Santa Fe,2,Las Colonias,00610,,RECURRIDO,recurridos,0,PROVISORIO,2023_BALOTAJE_santafe_presidente_mesa.csv
2023,BALOTAJE,2023-11-19,PRESIDENTE Y VICE,21,Santa Fe,2,Las Colonias,00610,,UNION POR LA PATRIA,agrupacion,186,PROVISORIO,2023_BALOTAJE_santafe_presidente_mesa.csv
2023,BALOTAJE,2023-11-19,PRESIDENTE Y VICE,21,Santa Fe,2,Las Colonias,00620,,EN BLANCO,blancos,17,PROVISORIO,2023_BALOTAJE_santafe_presidente_mesa.csv
2023,BALOTAJE,2023-11-19,PRESIDENTE Y VICE,21,Santa Fe,2,Las Colonias,00620,,IMPUGNADO,impugnados,0,PROVISORIO,2023_BALOTAJE_santafe_presidente_mesa.csv
2023,BALOTAJE,2023-11-19,PRESIDENTE Y VICE,21,Santa Fe,2,Las Colonias,00620,,LA LIBERTAD AVANZA,agrupacion,716,PROVISORIO,2023_BALOTAJE_santafe_presidente_mesa.csv
2023,BALOTAJE,2023-11-19,PRESIDENTE Y VICE,21,Santa Fe,2,Las Colonias,00620,,NULO,nulos,10,PROVISORIO,2023_BALOTAJE_santafe_presidente_mesa.csv
2023,BALOTAJE,2023-11-19,PRESIDENTE Y VICE,21,Santa Fe,2,Las Colonias,00620,,RECURRIDO,recurridos,0,PROVISORIO,2023_BALOTAJE_santafe_presidente_mesa.csv
2023,BALOTAJE,2023-11-19,PRESIDENTE Y VICE,21,Santa Fe,2,Las Colonias,00620,,UNION POR LA PATRIA,agrupacion,132,PROVISORIO,2023_BALOTAJE_santafe_presidente_mesa.csv
2023,BALOTAJE,2023-11-19,PRESIDENTE Y VICE,21,Santa Fe,2,Las Colonias,00630,Progreso,EN BLANCO,blancos,24,PROVISORIO,2023_BALOTAJE_santafe_presidente_mesa.csv
2023,BALOTAJE,2023-11-19,PRESIDENTE Y VICE,21,Santa Fe,2,Las Colonias,00630,Progreso,IMPUGNADO,impugnados,0,PROVISORIO,2023_BALOTAJE_santafe_presidente_mesa.csv
2023,BALOTAJE,2023-11-19,PRESIDENTE Y VICE,21,Santa Fe,2,Las Colonias,00630,Progreso,LA LIBERTAD AVANZA,agrupacion,1458,PROVISORIO,2023_BALOTAJE_santafe_presidente_mesa.csv
2023,BALOTAJE,2023-11-19,PRESIDENTE Y VICE,21,Santa Fe,2,Las Colonias,00630,Progreso,NULO,nulos,28,PROVISORIO,2023_BALOTAJE_santafe_presidente_mesa.csv
2023,BALOTAJE,2023-11-19,PRESIDENTE Y VICE,21,Santa Fe,2,Las Colonias,00630,Progreso,RECURRIDO,recurridos,0,PROVISORIO,2023_BALOTAJE_santafe_presidente_mesa.csv
2023,BALOTAJE,2023-11-19,PRESIDENTE Y VICE,21,Santa Fe,2,Las Colonias,00630,Progreso,UNION POR LA PATRIA,agrupacion,267,PROVISORIO,2023_BALOTAJE_santafe_presidente_mesa.csv
2023,BALOTAJE,2023-11-19,PRESIDENTE Y VICE,21,Santa Fe,2,Las Colonias,00640,,EN BLANCO,blancos,16,PROVISORIO,2023_BALOTAJE_santafe_presidente_mesa.csv
2023,BALOTAJE,2023-11-19,PRESIDENTE Y VICE,21,Santa Fe,2,Las Colonias,00640,,IMPUGNADO,impugnados,0,PROVISORIO,2023_BALOTAJE_santafe_presidente_mesa.csv
2023,BALOTAJE,2023-11-19,PRESIDENTE Y VICE,21,Santa Fe,2,Las Colonias,00640,,LA LIBERTAD AVANZA,agrupacion,906,PROVISORIO,2023_BALOTAJE_santafe_presidente_mesa.csv
2023,BALOTAJE,2023-11-19,PRESIDENTE Y VICE,21,Santa Fe,2,Las Colonias,00640,,NULO,nulos,15,PROVISORIO,2023_BALOTAJE_santafe_presidente_mesa.csv
2023,BALOTAJE,2023-11-19,PRESIDENTE Y VICE,21,Santa Fe,2,Las Colonias,00640,,RECURRIDO,recurridos,0,PROVISORIO,2023_BALOTAJE_santafe_presidente_mesa.csv
2023,BALOTAJE,2023-11-19,PRESIDENTE Y VICE,21,Santa Fe,2,Las Colonias,00640,,UNION POR LA PATRIA,agrupacion,189,PROVISORIO,2023_BALOTAJE_santafe_presidente_mesa.csv
2023,BALOTAJE,2023-11-19,PRESIDENTE Y VICE,21,Santa Fe,2,Las Colonias,00650,,EN BLANCO,blancos,3,PROVISORIO,2023_BALOTAJE_santafe_presidente_mesa.csv
2023,BALOTAJE,2023-11-19,PRESIDENTE Y VICE,21,Santa Fe,2,Las Colonias,00650,,IMPUGNADO,impugnados,0,PROVISORIO,2023_BALOTAJE_santafe_presidente_mesa.csv
2023,BALOTAJE,2023-11-19,PRESIDENTE Y VICE,21,Santa Fe,2,Las Colonias,00650,,LA LIBERTAD AVANZA,agrupacion,380,PROVISORIO,2023_BALOTAJE_santafe_presidente_mesa.csv
2023,BALOTAJE,2023-11-19,PRESIDENTE Y VICE,21,Santa Fe,2,Las Colonias,00650,,NULO,nulos,8,PROVISORIO,2023_BALOTAJE_santafe_presidente_mesa.csv
2023,BALOTAJE,2023-11-19,PRESIDENTE Y VICE,21,Santa Fe,2,Las Colonias,00650,,RECURRIDO,recurridos,0,PROVISORIO,2023_BALOTAJE_santafe_presidente_mesa.csv
2023,BALOTAJE,2023-11-19,PRESIDENTE Y VICE,21,Santa Fe,2,Las Colonias,00650,,UNION POR LA PATRIA,agrupacion,117,PROVISORIO,2023_BALOTAJE_santafe_presidente_mesa.csv
2023,BALOTAJE,2023-11-19,PRESIDENTE Y VICE,21,Santa Fe,2,Las Colonias,00660,,EN BLANCO,blancos,11,PROVISORIO,2023_BALOTAJE_santafe_presidente_mesa.csv
2023,BALOTAJE,2023-11-19,PRESIDENTE Y VICE,21,Santa Fe,2,Las Colonias,00660,,IMPUGNADO,impugnados,0,PROVISORIO,2023_BALOTAJE_santafe_presidente_mesa.csv
2023,BALOTAJE,2023-11-19,PRESIDENTE Y VICE,21,Santa Fe,2,Las Colonias,00660,,LA LIBERTAD AVANZA,agrupacion,353,PROVISORIO,2023_BALOTAJE_santafe_presidente_mesa.csv
2023,BALOTAJE,2023-11-19,PRESIDENTE Y VICE,21,Santa Fe,2,Las Colonias,00660,,NULO,nulos,13,PROVISORIO,2023_BALOTAJE_santafe_presidente_mesa.csv
2023,BALOTAJE,2023-11-19,PRESIDENTE Y VICE,21,Santa Fe,2,Las Colonias,00660,,RECURRIDO,recurridos,0,PROVISORIO,2023_BALOTAJE_santafe_presidente_mesa.csv
2023,BALOTAJE,2023-11-19,PRESIDENTE Y VICE,21,Santa Fe,2,Las Colonias,00660,,UNION POR LA PATRIA,agrupacion,188,PROVISORIO,2023_BALOTAJE_santafe_presidente_mesa.csv
2023,BALOTAJE,2023-11-19,PRESIDENTE Y VICE,21,Santa Fe,2,Las Colonias,00670,,EN BLANCO,blancos,14,PROVISORIO,2023_BALOTAJE_santafe_presidente_mesa.csv
2023,BALOTAJE,2023-11-19,PRESIDENTE Y VICE,21,Santa Fe,2,Las Colonias,00670,,IMPUGNADO,impugnados,0,PROVISORIO,2023_BALOTAJE_santafe_presidente_mesa.csv
2023,BALOTAJE,2023-11-19,PRESIDENTE Y VICE,21,Santa Fe,2,Las Colonias,00670,,LA LIBERTAD AVANZA,agrupacion,461,PROVISORIO,2023_BALOTAJE_santafe_presidente_mesa.csv
2023,BALOTAJE,2023-11-19,PRESIDENTE Y VICE,21,Santa Fe,2,Las Colonias,00670,,NULO,nulos,17,PROVISORIO,2023_BALOTAJE_santafe_presidente_mesa.csv
2023,BALOTAJE,2023-11-19,PRESIDENTE Y VICE,21,Santa Fe,2,Las Colonias,00670,,RECURRIDO,recurridos,0,PROVISORIO,2023_BALOTAJE_santafe_presidente_mesa.csv
2023,BALOTAJE,2023-11-19,PRESIDENTE Y VICE,21,Santa Fe,2,Las Colonias,00670,,UNION POR LA PATRIA,agrupacion,319,PROVISORIO,2023_BALOTAJE_santafe_presidente_mesa.csv
2023,BALOTAJE,2023-11-19,PRESIDENTE Y VICE,21,Santa Fe,2,Las Colonias,00680,,EN BLANCO,blancos,26,PROVISORIO,2023_BALOTAJE_santafe_presidente_mesa.csv
2023,BALOTAJE,2023-11-19,PRESIDENTE Y VICE,21,Santa Fe,2,Las Colonias,00680,,IMPUGNADO,impugnados,0,PROVISORIO,2023_BALOTAJE_santafe_presidente_mesa.csv
2023,BALOTAJE,2023-11-19,PRESIDENTE Y VICE,21,Santa Fe,2,Las Colonias,00680,,LA LIBERTAD AVANZA,agrupacion,882,PROVISORIO,2023_BALOTAJE_santafe_presidente_mesa.csv
2023,BALOTAJE,2023-11-19,PRESIDENTE Y VICE,21,Santa Fe,2,Las Colonias,00680,,NULO,nulos,21,PROVISORIO,2023_BALOTAJE_santafe_presidente_mesa.csv
2023,BALOTAJE,2023-11-19,PRESIDENTE Y VICE,21,Santa Fe,2,Las Colonias,00680,,RECURRIDO,recurridos,0,PROVISORIO,2023_BALOTAJE_santafe_presidente_mesa.csv
2023,BALOTAJE,2023-11-19,PRESIDENTE Y VICE,21,Santa Fe,2,Las Colonias,00680,,UNION POR LA PATRIA,agrupacion,245,PROVISORIO,2023_BALOTAJE_santafe_presidente_mesa.csv
2023,BALOTAJE,2023-11-19,PRESIDENTE Y VICE,21,Santa Fe,2,Las Colonias,00690,,EN BLANCO,blancos,0,PROVISORIO,2023_BALOTAJE_santafe_presidente_mesa.csv
2023,BALOTAJE,2023-11-19,PRESIDENTE Y VICE,21,Santa Fe,2,Las Colonias,00690,,IMPUGNADO,impugnados,0,PROVISORIO,2023_BALOTAJE_santafe_presidente_mesa.csv
2023,BALOTAJE,2023-11-19,PRESIDENTE Y VICE,21,Santa Fe,2,Las Colonias,00690,,LA LIBERTAD AVANZA,agrupacion,162,PROVISORIO,2023_BALOTAJE_santafe_presidente_mesa.csv
2023,BALOTAJE,2023-11-19,PRESIDENTE Y VICE,21,Santa Fe,2,Las Colonias,00690,,NULO,nulos,3,PROVISORIO,2023_BALOTAJE_santafe_presidente_mesa.csv
2023,BALOTAJE,2023-11-19,PRESIDENTE Y VICE,21,Santa Fe,2,Las Colonias,00690,,RECURRIDO,recurridos,0,PROVISORIO,2023_BALOTAJE_santafe_presidente_mesa.csv
2023,BALOTAJE,2023-11-19,PRESIDENTE Y VICE,21,Santa Fe,2,Las Colonias,00690,,UNION POR LA PATRIA,agrupacion,39,PROVISORIO,2023_BALOTAJE_santafe_presidente_mesa.csv
2023,BALOTAJE,2023-11-19,PRESIDENTE Y VICE,21,Santa Fe,2,Las Colonias,00700,,EN BLANCO,blancos,0,PROVISORIO,2023_BALOTAJE_santafe_presidente_mesa.csv
2023,BALOTAJE,2023-11-19,PRESIDENTE Y VICE,21,Santa Fe,2,Las Colonias,00700,,IMPUGNADO,impugnados,0,PROVISORIO,2023_BALOTAJE_santafe_presidente_mesa.csv
2023,BALOTAJE,2023-11-19,PRESIDENTE Y VICE,21,Santa Fe,2,Las Colonias,00700,,LA LIBERTAD AVANZA,agrupacion,52,PROVISORIO,2023_BALOTAJE_santafe_presidente_mesa.csv
2023,BALOTAJE,2023-11-19,PRESIDENTE Y VICE,21,Santa Fe,2,Las Colonias,00700,,NULO,nulos,0,PROVISORIO,2023_BALOTAJE_santafe_presidente_mesa.csv
2023,BALOTAJE,2023-11-19,PRESIDENTE Y VICE,21,Santa Fe,2,Las Colonias,00700,,RECURRIDO,recurridos,0,PROVISORIO,2023_BALOTAJE_santafe_presidente_mesa.csv
2023,BALOTAJE,2023-11-19,PRESIDENTE Y VICE,21,Santa Fe,2,Las Colonias,00700,,UNION POR LA PATRIA,agrupacion,5,PROVISORIO,2023_BALOTAJE_santafe_presidente_mesa.csv
2023,BALOTAJE,2023-11-19,PRESIDENTE Y VICE,21,Santa Fe,2,Las Colonias,00710,,EN BLANCO,blancos,2,PROVISORIO,2023_BALOTAJE_santafe_presidente_mesa.csv
2023,BALOTAJE,2023-11-19,PRESIDENTE Y VICE,21,Santa Fe,2,Las Colonias,00710,,IMPUGNADO,impugnados,0,PROVISORIO,2023_BALOTAJE_santafe_presidente_mesa.csv
2023,BALOTAJE,2023-11-19,PRESIDENTE Y VICE,21,Santa Fe,2,Las Colonias,00710,,LA LIBERTAD AVANZA,agrupacion,167,PROVISORIO,2023_BALOTAJE_santafe_presidente_mesa.csv
2023,BALOTAJE,2023-11-19,PRESIDENTE Y VICE,21,Santa Fe,2,Las Colonias,00710,,NULO,nulos,2,PROVISORIO,2023_BALOTAJE_santafe_presidente_mesa.csv
2023,BALOTAJE,2023-11-19,PRESIDENTE Y VICE,21,Santa Fe,2,Las Colonias,00710,,RECURRIDO,recurridos,0,PROVISORIO,2023_BALOTAJE_santafe_presidente_mesa.csv
2023,BALOTAJE,2023-11-19,PRESIDENTE Y VICE,21,Santa Fe,2,Las Colonias,00710,,UNION POR LA PATRIA,agrupacion,47,PROVISORIO,2023_BALOTAJE_santafe_presidente_mesa.csv
2023,BALOTAJE,2023-11-19,PRESIDENTE Y VICE,21,Santa Fe,2,Las Colonias,00720,,EN BLANCO,blancos,0,PROVISORIO,2023_BALOTAJE_santafe_presidente_mesa.csv
2023,BALOTAJE,2023-11-19,PRESIDENTE Y VICE,21,Santa Fe,2,Las Colonias,00720,,IMPUGNADO,impugnados,0,PROVISORIO,2023_BALOTAJE_santafe_presidente_mesa.csv
2023,BALOTAJE,2023-11-19,PRESIDENTE Y VICE,21,Santa Fe,2,Las Colonias,00720,,LA LIBERTAD AVANZA,agrupacion,29,PROVISORIO,2023_BALOTAJE_santafe_presidente_mesa.csv
2023,BALOTAJE,2023-11-19,PRESIDENTE Y VICE,21,Santa Fe,2,Las Colonias,00720,,NULO,nulos,0,PROVISORIO,2023_BALOTAJE_santafe_presidente_mesa.csv
2023,BALOTAJE,2023-11-19,PRESIDENTE Y VICE,21,Santa Fe,2,Las Colonias,00720,,RECURRIDO,recurridos,0,PROVISORIO,2023_BALOTAJE_santafe_presidente_mesa.csv
2023,BALOTAJE,2023-11-19,PRESIDENTE Y VICE,21,Santa Fe,2,Las Colonias,00720,,UNION POR LA PATRIA,agrupacion,4,PROVISORIO,2023_BALOTAJE_santafe_presidente_mesa.csv
2023,BALOTAJE,2023-11-19,PRESIDENTE Y VICE,21,Santa Fe,2,Las Colonias,00730,,EN BLANCO,blancos,2,PROVISORIO,2023_BALOTAJE_santafe_presidente_mesa.csv
2023,BALOTAJE,2023-11-19,PRESIDENTE Y VICE,21,Santa Fe,2,Las Colonias,00730,,IMPUGNADO,impugnados,0,PROVISORIO,2023_BALOTAJE_santafe_presidente_mesa.csv
2023,BALOTAJE,2023-11-19,PRESIDENTE Y VICE,21,Santa Fe,2,Las Colonias,00730,,LA LIBERTAD AVANZA,agrupacion,143,PROVISORIO,2023_BALOTAJE_santafe_presidente_mesa.csv
2023,BALOTAJE,2023-11-19,PRESIDENTE Y VICE,21,Santa Fe,2,Las Colonias,00730,,NULO,nulos,1,PROVISORIO,2023_BALOTAJE_santafe_presidente_mesa.csv
2023,BALOTAJE,2023-11-19,PRESIDENTE Y VICE,21,Santa Fe,2,Las Colonias,00730,,RECURRIDO,recurridos,0,PROVISORIO,2023_BALOTAJE_santafe_presidente_mesa.csv
2023,BALOTAJE,2023-11-19,PRESIDENTE Y VICE,21,Santa Fe,2,Las Colonias,00730,,UNION POR LA PATRIA,agrupacion,29,PROVISORIO,2023_BALOTAJE_santafe_presidente_mesa.csv
2023,BALOTAJE,2023-11-19,PRESIDENTE Y VICE,21,Santa Fe,2,Las Colonias,00740,,EN BLANCO,blancos,4,PROVISORIO,2023_BALOTAJE_santafe_presidente_mesa.csv
2023,BALOTAJE,2023-11-19,PRESIDENTE Y VICE,21,Santa Fe,2,Las Colonias,00740,,IMPUGNADO,impugnados,0,PROVISORIO,2023_BALOTAJE_santafe_presidente_mesa.csv
2023,BALOTAJE,2023-11-19,PRESIDENTE Y VICE,21,Santa Fe,2,Las Colonias,00740,,LA LIBERTAD AVANZA,agrupacion,81,PROVISORIO,2023_BALOTAJE_santafe_presidente_mesa.csv
2023,BALOTAJE,2023-11-19,PRESIDENTE Y VICE,21,Santa Fe,2,Las Colonias,00740,,NULO,nulos,0,PROVISORIO,2023_BALOTAJE_santafe_presidente_mesa.csv
2023,BALOTAJE,2023-11-19,PRESIDENTE Y VICE,21,Santa Fe,2,Las Colonias,00740,,RECURRIDO,recurridos,0,PROVISORIO,2023_BALOTAJE_santafe_presidente_mesa.csv
2023,BALOTAJE,2023-11-19,PRESIDENTE Y VICE,21,Santa Fe,2,Las Colonias,00740,,UNION POR LA PATRIA,agrupacion,5,PROVISORIO,2023_BALOTAJE_santafe_presidente_mesa.csv
2023,BALOTAJE,2023-11-19,PRESIDENTE Y VICE,21,Santa Fe,2,Las Colonias,00750,,EN BLANCO,blancos,1,PROVISORIO,2023_BALOTAJE_santafe_presidente_mesa.csv
2023,BALOTAJE,2023-11-19,PRESIDENTE Y VICE,21,Santa Fe,2,Las Colonias,00750,,IMPUGNADO,impugnados,0,PROVISORIO,2023_BALOTAJE_santafe_presidente_mesa.csv
2023,BALOTAJE,2023-11-19,PRESIDENTE Y VICE,21,Santa Fe,2,Las Colonias,00750,,LA LIBERTAD AVANZA,agrupacion,176,PROVISORIO,2023_BALOTAJE_santafe_presidente_mesa.csv
2023,BALOTAJE,2023-11-19,PRESIDENTE Y VICE,21,Santa Fe,2,Las Colonias,00750,,NULO,nulos,10,PROVISORIO,2023_BALOTAJE_santafe_presidente_mesa.csv
2023,BALOTAJE,2023-11-19,PRESIDENTE Y VICE,21,Santa Fe,2,Las Colonias,00750,,RECURRIDO,recurridos,0,PROVISORIO,2023_BALOTAJE_santafe_presidente_mesa.csv
2023,BALOTAJE,2023-11-19,PRESIDENTE Y VICE,21,Santa Fe,2,Las Colonias,00750,,UNION POR LA PATRIA,agrupacion,52,PROVISORIO,2023_BALOTAJE_santafe_presidente_mesa.csv
2023,BALOTAJE,2023-11-19,PRESIDENTE Y VICE,21,Santa Fe,2,Las Colonias,00760,,EN BLANCO,blancos,0,PROVISORIO,2023_BALOTAJE_santafe_presidente_mesa.csv
2023,BALOTAJE,2023-11-19,PRESIDENTE Y VICE,21,Santa Fe,2,Las Colonias,00760,,IMPUGNADO,impugnados,0,PROVISORIO,2023_BALOTAJE_santafe_presidente_mesa.csv
2023,BALOTAJE,2023-11-19,PRESIDENTE Y VICE,21,Santa Fe,2,Las Colonias,00760,,LA LIBERTAD AVANZA,agrupacion,43,PROVISORIO,2023_BALOTAJE_santafe_presidente_mesa.csv
2023,BALOTAJE,2023-11-19,PRESIDENTE Y VICE,21,Santa Fe,2,Las Colonias,00760,,NULO,nulos,0,PROVISORIO,2023_BALOTAJE_santafe_presidente_mesa.csv
2023,BALOTAJE,2023-11-19,PRESIDENTE Y VICE,21,Santa Fe,2,Las Colonias,00760,,RECURRIDO,recurridos,0,PROVISORIO,2023_BALOTAJE_santafe_presidente_mesa.csv
2023,BALOTAJE,2023-11-19,PRESIDENTE Y VICE,21,Santa Fe,2,Las Colonias,00760,,UNION POR LA PATRIA,agrupacion,13,PROVISORIO,2023_BALOTAJE_santafe_presidente_mesa.csv
2023,BALOTAJE,2023-11-19,PRESIDENTE Y VICE,21,Santa Fe,2,Las Colonias,00770,,EN BLANCO,blancos,0,PROVISORIO,2023_BALOTAJE_santafe_presidente_mesa.csv
2023,BALOTAJE,2023-11-19,PRESIDENTE Y VICE,21,Santa Fe,2,Las Colonias,00770,,IMPUGNADO,impugnados,0,PROVISORIO,2023_BALOTAJE_santafe_presidente_mesa.csv
2023,BALOTAJE,2023-11-19,PRESIDENTE Y VICE,21,Santa Fe,2,Las Colonias,00770,,LA LIBERTAD AVANZA,agrupacion,26,PROVISORIO,2023_BALOTAJE_santafe_presidente_mesa.csv
2023,BALOTAJE,2023-11-19,PRESIDENTE Y VICE,21,Santa Fe,2,Las Colonias,00770,,NULO,nulos,0,PROVISORIO,2023_BALOTAJE_santafe_presidente_mesa.csv
2023,BALOTAJE,2023-11-19,PRESIDENTE Y VICE,21,Santa Fe,2,Las Colonias,00770,,RECURRIDO,recurridos,0,PROVISORIO,2023_BALOTAJE_santafe_presidente_mesa.csv
2023,BALOTAJE,2023-11-19,PRESIDENTE Y VICE,21,Santa Fe,2,Las Colonias,00770,,UNION POR LA PATRIA,agrupacion,1,PROVISORIO,2023_BALOTAJE_santafe_presidente_mesa.csv
2023,BALOTAJE,2023-11-19,PRESIDENTE Y VICE,21,Santa Fe,3,San Jerónimo,00790,,EN BLANCO,blancos,139,PROVISORIO,2023_BALOTAJE_santafe_presidente_mesa.csv
2023,BALOTAJE,2023-11-19,PRESIDENTE Y VICE,21,Santa Fe,3,San Jerónimo,00790,,IMPUGNADO,impugnados,0,PROVISORIO,2023_BALOTAJE_santafe_presidente_mesa.csv
2023,BALOTAJE,2023-11-19,PRESIDENTE Y VICE,21,Santa Fe,3,San Jerónimo,00790,,LA LIBERTAD AVANZA,agrupacion,6811,PROVISORIO,2023_BALOTAJE_santafe_presidente_mesa.csv
2023,BALOTAJE,2023-11-19,PRESIDENTE Y VICE,21,Santa Fe,3,San Jerónimo,00790,,NULO,nulos,246,PROVISORIO,2023_BALOTAJE_santafe_presidente_mesa.csv
2023,BALOTAJE,2023-11-19,PRESIDENTE Y VICE,21,Santa Fe,3,San Jerónimo,00790,,RECURRIDO,recurridos,1,PROVISORIO,2023_BALOTAJE_santafe_presidente_mesa.csv
2023,BALOTAJE,2023-11-19,PRESIDENTE Y VICE,21,Santa Fe,3,San Jerónimo,00790,,UNION POR LA PATRIA,agrupacion,3840,PROVISORIO,2023_BALOTAJE_santafe_presidente_mesa.csv
2023,BALOTAJE,2023-11-19,PRESIDENTE Y VICE,21,Santa Fe,3,San Jerónimo,00800,,EN BLANCO,blancos,8,PROVISORIO,2023_BALOTAJE_santafe_presidente_mesa.csv
2023,BALOTAJE,2023-11-19,PRESIDENTE Y VICE,21,Santa Fe,3,San Jerónimo,00800,,IMPUGNADO,impugnados,0,PROVISORIO,2023_BALOTAJE_santafe_presidente_mesa.csv
2023,BALOTAJE,2023-11-19,PRESIDENTE Y VICE,21,Santa Fe,3,San Jerónimo,00800,,LA LIBERTAD AVANZA,agrupacion,238,PROVISORIO,2023_BALOTAJE_santafe_presidente_mesa.csv
2023,BALOTAJE,2023-11-19,PRESIDENTE Y VICE,21,Santa Fe,3,San Jerónimo,00800,,NULO,nulos,2,PROVISORIO,2023_BALOTAJE_santafe_presidente_mesa.csv
2023,BALOTAJE,2023-11-19,PRESIDENTE Y VICE,21,Santa Fe,3,San Jerónimo,00800,,RECURRIDO,recurridos,0,PROVISORIO,2023_BALOTAJE_santafe_presidente_mesa.csv
2023,BALOTAJE,2023-11-19,PRESIDENTE Y VICE,21,Santa Fe,3,San Jerónimo,00800,,UNION POR LA PATRIA,agrupacion,75,PROVISORIO,2023_BALOTAJE_santafe_presidente_mesa.csv
2023,BALOTAJE,2023-11-19,PRESIDENTE Y VICE,21,Santa Fe,3,San Jerónimo,00810,,EN BLANCO,blancos,7,PROVISORIO,2023_BALOTAJE_santafe_presidente_mesa.csv
2023,BALOTAJE,2023-11-19,PRESIDENTE Y VICE,21,Santa Fe,3,San Jerónimo,00810,,IMPUGNADO,impugnados,0,PROVISORIO,2023_BALOTAJE_santafe_presidente_mesa.csv
2023,BALOTAJE,2023-11-19,PRESIDENTE Y VICE,21,Santa Fe,3,San Jerónimo,00810,,LA LIBERTAD AVANZA,agrupacion,522,PROVISORIO,2023_BALOTAJE_santafe_presidente_mesa.csv
2023,BALOTAJE,2023-11-19,PRESIDENTE Y VICE,21,Santa Fe,3,San Jerónimo,00810,,NULO,nulos,14,PROVISORIO,2023_BALOTAJE_santafe_presidente_mesa.csv
2023,BALOTAJE,2023-11-19,PRESIDENTE Y VICE,21,Santa Fe,3,San Jerónimo,00810,,RECURRIDO,recurridos,0,PROVISORIO,2023_BALOTAJE_santafe_presidente_mesa.csv
2023,BALOTAJE,2023-11-19,PRESIDENTE Y VICE,21,Santa Fe,3,San Jerónimo,00810,,UNION POR LA PATRIA,agrupacion,168,PROVISORIO,2023_BALOTAJE_santafe_presidente_mesa.csv
2023,BALOTAJE,2023-11-19,PRESIDENTE Y VICE,21,Santa Fe,3,San Jerónimo,00820,,EN BLANCO,blancos,17,PROVISORIO,2023_BALOTAJE_santafe_presidente_mesa.csv
2023,BALOTAJE,2023-11-19,PRESIDENTE Y VICE,21,Santa Fe,3,San Jerónimo,00820,,IMPUGNADO,impugnados,0,PROVISORIO,2023_BALOTAJE_santafe_presidente_mesa.csv
2023,BALOTAJE,2023-11-19,PRESIDENTE Y VICE,21,Santa Fe,3,San Jerónimo,00820,,LA LIBERTAD AVANZA,agrupacion,816,PROVISORIO,2023_BALOTAJE_santafe_presidente_mesa.csv
2023,BALOTAJE,2023-11-19,PRESIDENTE Y VICE,21,Santa Fe,3,San Jerónimo,00820,,NULO,nulos,24,PROVISORIO,2023_BALOTAJE_santafe_presidente_mesa.csv
2023,BALOTAJE,2023-11-19,PRESIDENTE Y VICE,21,Santa Fe,3,San Jerónimo,00820,,RECURRIDO,recurridos,0,PROVISORIO,2023_BALOTAJE_santafe_presidente_mesa.csv
2023,BALOTAJE,2023-11-19,PRESIDENTE Y VICE,21,Santa Fe,3,San Jerónimo,00820,,UNION POR LA PATRIA,agrupacion,231,PROVISORIO,2023_BALOTAJE_santafe_presidente_mesa.csv
2023,BALOTAJE,2023-11-19,PRESIDENTE Y VICE,21,Santa Fe,3,San Jerónimo,00830,,EN BLANCO,blancos,198,PROVISORIO,2023_BALOTAJE_santafe_presidente_mesa.csv
2023,BALOTAJE,2023-11-19,PRESIDENTE Y VICE,21,Santa Fe,3,San Jerónimo,00830,,IMPUGNADO,impugnados,0,PROVISORIO,2023_BALOTAJE_santafe_presidente_mesa.csv
2023,BALOTAJE,2023-11-19,PRESIDENTE Y VICE,21,Santa Fe,3,San Jerónimo,00830,,LA LIBERTAD AVANZA,agrupacion,8090,PROVISORIO,2023_BALOTAJE_santafe_presidente_mesa.csv
2023,BALOTAJE,2023-11-19,PRESIDENTE Y VICE,21,Santa Fe,3,San Jerónimo,00830,,NULO,nulos,259,PROVISORIO,2023_BALOTAJE_santafe_presidente_mesa.csv
2023,BALOTAJE,2023-11-19,PRESIDENTE Y VICE,21,Santa Fe,3,San Jerónimo,00830,,RECURRIDO,recurridos,4,PROVISORIO,2023_BALOTAJE_santafe_presidente_mesa.csv
2023,BALOTAJE,2023-11-19,PRESIDENTE Y VICE,21,Santa Fe,3,San Jerónimo,00830,,UNION POR LA PATRIA,agrupacion,4566,PROVISORIO,2023_BALOTAJE_santafe_presidente_mesa.csv
2023,BALOTAJE,2023-11-19,PRESIDENTE Y VICE,21,Santa Fe,3,San Jerónimo,00840,,EN BLANCO,blancos,15,PROVISORIO,2023_BALOTAJE_santafe_presidente_mesa.csv
2023,BALOTAJE,2023-11-19,PRESIDENTE Y VICE,21,Santa Fe,3,San Jerónimo,00840,,IMPUGNADO,impugnados,0,PROVISORIO,2023_BALOTAJE_santafe_presidente_mesa.csv
2023,BALOTAJE,2023-11-19,PRESIDENTE Y VICE,21,Santa Fe,3,San Jerónimo,00840,,LA LIBERTAD AVANZA,agrupacion,737,PROVISORIO,2023_BALOTAJE_santafe_presidente_mesa.csv
2023,BALOTAJE,2023-11-19,PRESIDENTE Y VICE,21,Santa Fe,3,San Jerónimo,00840,,NULO,nulos,17,PROVISORIO,2023_BALOTAJE_santafe_presidente_mesa.csv
2023,BALOTAJE,2023-11-19,PRESIDENTE Y VICE,21,Santa Fe,3,San Jerónimo,00840,,RECURRIDO,recurridos,0,PROVISORIO,2023_BALOTAJE_santafe_presidente_mesa.csv
2023,BALOTAJE,2023-11-19,PRESIDENTE Y VICE,21,Santa Fe,3,San Jerónimo,00840,,UNION POR LA PATRIA,agrupacion,493,PROVISORIO,2023_BALOTAJE_santafe_presidente_mesa.csv
2023,BALOTAJE,2023-11-19,PRESIDENTE Y VICE,21,Santa Fe,3,San Jerónimo,00850,,EN BLANCO,blancos,5,PROVISORIO,2023_BALOTAJE_santafe_presidente_mesa.csv
2023,BALOTAJE,2023-11-19,PRESIDENTE Y VICE,21,Santa Fe,3,San Jerónimo,00850,,IMPUGNADO,impugnados,0,PROVISORIO,2023_BALOTAJE_santafe_presidente_mesa.csv
2023,BALOTAJE,2023-11-19,PRESIDENTE Y VICE,21,Santa Fe,3,San Jerónimo,00850,,LA LIBERTAD AVANZA,agrupacion,365,PROVISORIO,2023_BALOTAJE_santafe_presidente_mesa.csv
2023,BALOTAJE,2023-11-19,PRESIDENTE Y VICE,21,Santa Fe,3,San Jerónimo,00850,,NULO,nulos,19,PROVISORIO,2023_BALOTAJE_santafe_presidente_mesa.csv
2023,BALOTAJE,2023-11-19,PRESIDENTE Y VICE,21,Santa Fe,3,San Jerónimo,00850,,RECURRIDO,recurridos,0,PROVISORIO,2023_BALOTAJE_santafe_presidente_mesa.csv
2023,BALOTAJE,2023-11-19,PRESIDENTE Y VICE,21,Santa Fe,3,San Jerónimo,00850,,UNION POR LA PATRIA,agrupacion,217,PROVISORIO,2023_BALOTAJE_santafe_presidente_mesa.csv
2023,BALOTAJE,2023-11-19,PRESIDENTE Y VICE,21,Santa Fe,3,San Jerónimo,00855,,EN BLANCO,blancos,1,PROVISORIO,2023_BALOTAJE_santafe_presidente_mesa.csv
2023,BALOTAJE,2023-11-19,PRESIDENTE Y VICE,21,Santa Fe,3,San Jerónimo,00855,,IMPUGNADO,impugnados,0,PROVISORIO,2023_BALOTAJE_santafe_presidente_mesa.csv
2023,BALOTAJE,2023-11-19,PRESIDENTE Y VICE,21,Santa Fe,3,San Jerónimo,00855,,LA LIBERTAD AVANZA,agrupacion,65,PROVISORIO,2023_BALOTAJE_santafe_presidente_mesa.csv
2023,BALOTAJE,2023-11-19,PRESIDENTE Y VICE,21,Santa Fe,3,San Jerónimo,00855,,NULO,nulos,2,PROVISORIO,2023_BALOTAJE_santafe_presidente_mesa.csv
2023,BALOTAJE,2023-11-19,PRESIDENTE Y VICE,21,Santa Fe,3,San Jerónimo,00855,,RECURRIDO,recurridos,0,PROVISORIO,2023_BALOTAJE_santafe_presidente_mesa.csv
2023,BALOTAJE,2023-11-19,PRESIDENTE Y VICE,21,Santa Fe,3,San Jerónimo,00855,,UNION POR LA PATRIA,agrupacion,25,PROVISORIO,2023_BALOTAJE_santafe_presidente_mesa.csv
2023,BALOTAJE,2023-11-19,PRESIDENTE Y VICE,21,Santa Fe,3,San Jerónimo,00860,,EN BLANCO,blancos,28,PROVISORIO,2023_BALOTAJE_santafe_presidente_mesa.csv
2023,BALOTAJE,2023-11-19,PRESIDENTE Y VICE,21,Santa Fe,3,San Jerónimo,00860,,IMPUGNADO,impugnados,0,PROVISORIO,2023_BALOTAJE_santafe_presidente_mesa.csv
2023,BALOTAJE,2023-11-19,PRESIDENTE Y VICE,21,Santa Fe,3,San Jerónimo,00860,,LA LIBERTAD AVANZA,agrupacion,704,PROVISORIO,2023_BALOTAJE_santafe_presidente_mesa.csv
2023,BALOTAJE,2023-11-19,PRESIDENTE Y VICE,21,Santa Fe,3,San Jerónimo,00860,,NULO,nulos,13,PROVISORIO,2023_BALOTAJE_santafe_presidente_mesa.csv
2023,BALOTAJE,2023-11-19,PRESIDENTE Y VICE,21,Santa Fe,3,San Jerónimo,00860,,RECURRIDO,recurridos,0,PROVISORIO,2023_BALOTAJE_santafe_presidente_mesa.csv
2023,BALOTAJE,2023-11-19,PRESIDENTE Y VICE,21,Santa Fe,3,San Jerónimo,00860,,UNION POR LA PATRIA,agrupacion,336,PROVISORIO,2023_BALOTAJE_santafe_presidente_mesa.csv
2023,BALOTAJE,2023-11-19,PRESIDENTE Y VICE,21,Santa Fe,3,San Jerónimo,00870,,EN BLANCO,blancos,42,PROVISORIO,2023_BALOTAJE_santafe_presidente_mesa.csv
2023,BALOTAJE,2023-11-19,PRESIDENTE Y VICE,21,Santa Fe,3,San Jerónimo,00870,,IMPUGNADO,impugnados,0,PROVISORIO,2023_BALOTAJE_santafe_presidente_mesa.csv
2023,BALOTAJE,2023-11-19,PRESIDENTE Y VICE,21,Santa Fe,3,San Jerónimo,00870,,LA LIBERTAD AVANZA,agrupacion,2233,PROVISORIO,2023_BALOTAJE_santafe_presidente_mesa.csv
2023,BALOTAJE,2023-11-19,PRESIDENTE Y VICE,21,Santa Fe,3,San Jerónimo,00870,,NULO,nulos,74,PROVISORIO,2023_BALOTAJE_santafe_presidente_mesa.csv
2023,BALOTAJE,2023-11-19,PRESIDENTE Y VICE,21,Santa Fe,3,San Jerónimo,00870,,RECURRIDO,recurridos,0,PROVISORIO,2023_BALOTAJE_santafe_presidente_mesa.csv
2023,BALOTAJE,2023-11-19,PRESIDENTE Y VICE,21,Santa Fe,3,San Jerónimo,00870,,UNION POR LA PATRIA,agrupacion,957,PROVISORIO,2023_BALOTAJE_santafe_presidente_mesa.csv
2023,BALOTAJE,2023-11-19,PRESIDENTE Y VICE,21,Santa Fe,3,San Jerónimo,00880,,EN BLANCO,blancos,48,PROVISORIO,2023_BALOTAJE_santafe_presidente_mesa.csv
2023,BALOTAJE,2023-11-19,PRESIDENTE Y VICE,21,Santa Fe,3,San Jerónimo,00880,,IMPUGNADO,impugnados,0,PROVISORIO,2023_BALOTAJE_santafe_presidente_mesa.csv
2023,BALOTAJE,2023-11-19,PRESIDENTE Y VICE,21,Santa Fe,3,San Jerónimo,00880,,LA LIBERTAD AVANZA,agrupacion,1067,PROVISORIO,2023_BALOTAJE_santafe_presidente_mesa.csv
2023,BALOTAJE,2023-11-19,PRESIDENTE Y VICE,21,Santa Fe,3,San Jerónimo,00880,,NULO,nulos,22,PROVISORIO,2023_BALOTAJE_santafe_presidente_mesa.csv
2023,BALOTAJE,2023-11-19,PRESIDENTE Y VICE,21,Santa Fe,3,San Jerónimo,00880,,RECURRIDO,recurridos,0,PROVISORIO,2023_BALOTAJE_santafe_presidente_mesa.csv
2023,BALOTAJE,2023-11-19,PRESIDENTE Y VICE,21,Santa Fe,3,San Jerónimo,00880,,UNION POR LA PATRIA,agrupacion,994,PROVISORIO,2023_BALOTAJE_santafe_presidente_mesa.csv
2023,BALOTAJE,2023-11-19,PRESIDENTE Y VICE,21,Santa Fe,3,San Jerónimo,00890,,EN BLANCO,blancos,150,PROVISORIO,2023_BALOTAJE_santafe_presidente_mesa.csv
2023,BALOTAJE,2023-11-19,PRESIDENTE Y VICE,21,Santa Fe,3,San Jerónimo,00890,,IMPUGNADO,impugnados,0,PROVISORIO,2023_BALOTAJE_santafe_presidente_mesa.csv
2023,BALOTAJE,2023-11-19,PRESIDENTE Y VICE,21,Santa Fe,3,San Jerónimo,00890,,LA LIBERTAD AVANZA,agrupacion,4229,PROVISORIO,2023_BALOTAJE_santafe_presidente_mesa.csv
2023,BALOTAJE,2023-11-19,PRESIDENTE Y VICE,21,Santa Fe,3,San Jerónimo,00890,,NULO,nulos,90,PROVISORIO,2023_BALOTAJE_santafe_presidente_mesa.csv
2023,BALOTAJE,2023-11-19,PRESIDENTE Y VICE,21,Santa Fe,3,San Jerónimo,00890,,RECURRIDO,recurridos,0,PROVISORIO,2023_BALOTAJE_santafe_presidente_mesa.csv
2023,BALOTAJE,2023-11-19,PRESIDENTE Y VICE,21,Santa Fe,3,San Jerónimo,00890,,UNION POR LA PATRIA,agrupacion,1940,PROVISORIO,2023_BALOTAJE_santafe_presidente_mesa.csv
2023,BALOTAJE,2023-11-19,PRESIDENTE Y VICE,21,Santa Fe,3,San Jerónimo,00910,,EN BLANCO,blancos,15,PROVISORIO,2023_BALOTAJE_santafe_presidente_mesa.csv
2023,BALOTAJE,2023-11-19,PRESIDENTE Y VICE,21,Santa Fe,3,San Jerónimo,00910,,IMPUGNADO,impugnados,0,PROVISORIO,2023_BALOTAJE_santafe_presidente_mesa.csv
2023,BALOTAJE,2023-11-19,PRESIDENTE Y VICE,21,Santa Fe,3,San Jerónimo,00910,,LA LIBERTAD AVANZA,agrupacion,723,PROVISORIO,2023_BALOTAJE_santafe_presidente_mesa.csv
2023,BALOTAJE,2023-11-19,PRESIDENTE Y VICE,21,Santa Fe,3,San Jerónimo,00910,,NULO,nulos,22,PROVISORIO,2023_BALOTAJE_santafe_presidente_mesa.csv
2023,BALOTAJE,2023-11-19,PRESIDENTE Y VICE,21,Santa Fe,3,San Jerónimo,00910,,RECURRIDO,recurridos,0,PROVISORIO,2023_BALOTAJE_santafe_presidente_mesa.csv
2023,BALOTAJE,2023-11-19,PRESIDENTE Y VICE,21,Santa Fe,3,San Jerónimo,00910,,UNION POR LA PATRIA,agrupacion,442,PROVISORIO,2023_BALOTAJE_santafe_presidente_mesa.csv
2023,BALOTAJE,2023-11-19,PRESIDENTE Y VICE,21,Santa Fe,3,San Jerónimo,00920,,EN BLANCO,blancos,21,PROVISORIO,2023_BALOTAJE_santafe_presidente_mesa.csv
2023,BALOTAJE,2023-11-19,PRESIDENTE Y VICE,21,Santa Fe,3,San Jerónimo,00920,,IMPUGNADO,impugnados,0,PROVISORIO,2023_BALOTAJE_santafe_presidente_mesa.csv
2023,BALOTAJE,2023-11-19,PRESIDENTE Y VICE,21,Santa Fe,3,San Jerónimo,00920,,LA LIBERTAD AVANZA,agrupacion,1022,PROVISORIO,2023_BALOTAJE_santafe_presidente_mesa.csv
2023,BALOTAJE,2023-11-19,PRESIDENTE Y VICE,21,Santa Fe,3,San Jerónimo,00920,,NULO,nulos,37,PROVISORIO,2023_BALOTAJE_santafe_presidente_mesa.csv
2023,BALOTAJE,2023-11-19,PRESIDENTE Y VICE,21,Santa Fe,3,San Jerónimo,00920,,RECURRIDO,recurridos,0,PROVISORIO,2023_BALOTAJE_santafe_presidente_mesa.csv
2023,BALOTAJE,2023-11-19,PRESIDENTE Y VICE,21,Santa Fe,3,San Jerónimo,00920,,UNION POR LA PATRIA,agrupacion,468,PROVISORIO,2023_BALOTAJE_santafe_presidente_mesa.csv
2023,BALOTAJE,2023-11-19,PRESIDENTE Y VICE,21,Santa Fe,3,San Jerónimo,00930,,EN BLANCO,blancos,72,PROVISORIO,2023_BALOTAJE_santafe_presidente_mesa.csv
2023,BALOTAJE,2023-11-19,PRESIDENTE Y VICE,21,Santa Fe,3,San Jerónimo,00930,,IMPUGNADO,impugnados,0,PROVISORIO,2023_BALOTAJE_santafe_presidente_mesa.csv
2023,BALOTAJE,2023-11-19,PRESIDENTE Y VICE,21,Santa Fe,3,San Jerónimo,00930,,LA LIBERTAD AVANZA,agrupacion,2496,PROVISORIO,2023_BALOTAJE_santafe_presidente_mesa.csv
2023,BALOTAJE,2023-11-19,PRESIDENTE Y VICE,21,Santa Fe,3,San Jerónimo,00930,,NULO,nulos,91,PROVISORIO,2023_BALOTAJE_santafe_presidente_mesa.csv
2023,BALOTAJE,2023-11-19,PRESIDENTE Y VICE,21,Santa Fe,3,San Jerónimo,00930,,RECURRIDO,recurridos,0,PROVISORIO,2023_BALOTAJE_santafe_presidente_mesa.csv
2023,BALOTAJE,2023-11-19,PRESIDENTE Y VICE,21,Santa Fe,3,San Jerónimo,00930,,UNION POR LA PATRIA,agrupacion,1084,PROVISORIO,2023_BALOTAJE_santafe_presidente_mesa.csv
2023,BALOTAJE,2023-11-19,PRESIDENTE Y VICE,21,Santa Fe,3,San Jerónimo,00940,,EN BLANCO,blancos,44,PROVISORIO,2023_BALOTAJE_santafe_presidente_mesa.csv
2023,BALOTAJE,2023-11-19,PRESIDENTE Y VICE,21,Santa Fe,3,San Jerónimo,00940,,IMPUGNADO,impugnados,0,PROVISORIO,2023_BALOTAJE_santafe_presidente_mesa.csv
2023,BALOTAJE,2023-11-19,PRESIDENTE Y VICE,21,Santa Fe,3,San Jerónimo,00940,,LA LIBERTAD AVANZA,agrupacion,1026,PROVISORIO,2023_BALOTAJE_santafe_presidente_mesa.csv
2023,BALOTAJE,2023-11-19,PRESIDENTE Y VICE,21,Santa Fe,3,San Jerónimo,00940,,NULO,nulos,25,PROVISORIO,2023_BALOTAJE_santafe_presidente_mesa.csv
2023,BALOTAJE,2023-11-19,PRESIDENTE Y VICE,21,Santa Fe,3,San Jerónimo,00940,,RECURRIDO,recurridos,0,PROVISORIO,2023_BALOTAJE_santafe_presidente_mesa.csv
2023,BALOTAJE,2023-11-19,PRESIDENTE Y VICE,21,Santa Fe,3,San Jerónimo,00940,,UNION POR LA PATRIA,agrupacion,828,PROVISORIO,2023_BALOTAJE_santafe_presidente_mesa.csv
2023,BALOTAJE,2023-11-19,PRESIDENTE Y VICE,21,Santa Fe,3,San Jerónimo,00950,,EN BLANCO,blancos,4,PROVISORIO,2023_BALOTAJE_santafe_presidente_mesa.csv
2023,BALOTAJE,2023-11-19,PRESIDENTE Y VICE,21,Santa Fe,3,San Jerónimo,00950,,IMPUGNADO,impugnados,0,PROVISORIO,2023_BALOTAJE_santafe_presidente_mesa.csv
2023,BALOTAJE,2023-11-19,PRESIDENTE Y VICE,21,Santa Fe,3,San Jerónimo,00950,,LA LIBERTAD AVANZA,agrupacion,378,PROVISORIO,2023_BALOTAJE_santafe_presidente_mesa.csv
2023,BALOTAJE,2023-11-19,PRESIDENTE Y VICE,21,Santa Fe,3,San Jerónimo,00950,,NULO,nulos,10,PROVISORIO,2023_BALOTAJE_santafe_presidente_mesa.csv
2023,BALOTAJE,2023-11-19,PRESIDENTE Y VICE,21,Santa Fe,3,San Jerónimo,00950,,RECURRIDO,recurridos,0,PROVISORIO,2023_BALOTAJE_santafe_presidente_mesa.csv
2023,BALOTAJE,2023-11-19,PRESIDENTE Y VICE,21,Santa Fe,3,San Jerónimo,00950,,UNION POR LA PATRIA,agrupacion,195,PROVISORIO,2023_BALOTAJE_santafe_presidente_mesa.csv
2023,BALOTAJE,2023-11-19,PRESIDENTE Y VICE,21,Santa Fe,3,San Jerónimo,00960,,EN BLANCO,blancos,11,PROVISORIO,2023_BALOTAJE_santafe_presidente_mesa.csv
2023,BALOTAJE,2023-11-19,PRESIDENTE Y VICE,21,Santa Fe,3,San Jerónimo,00960,,IMPUGNADO,impugnados,0,PROVISORIO,2023_BALOTAJE_santafe_presidente_mesa.csv
2023,BALOTAJE,2023-11-19,PRESIDENTE Y VICE,21,Santa Fe,3,San Jerónimo,00960,,LA LIBERTAD AVANZA,agrupacion,698,PROVISORIO,2023_BALOTAJE_santafe_presidente_mesa.csv
2023,BALOTAJE,2023-11-19,PRESIDENTE Y VICE,21,Santa Fe,3,San Jerónimo,00960,,NULO,nulos,28,PROVISORIO,2023_BALOTAJE_santafe_presidente_mesa.csv
2023,BALOTAJE,2023-11-19,PRESIDENTE Y VICE,21,Santa Fe,3,San Jerónimo,00960,,RECURRIDO,recurridos,1,PROVISORIO,2023_BALOTAJE_santafe_presidente_mesa.csv
2023,BALOTAJE,2023-11-19,PRESIDENTE Y VICE,21,Santa Fe,3,San Jerónimo,00960,,UNION POR LA PATRIA,agrupacion,544,PROVISORIO,2023_BALOTAJE_santafe_presidente_mesa.csv
2023,BALOTAJE,2023-11-19,PRESIDENTE Y VICE,21,Santa Fe,3,San Jerónimo,00965,,EN BLANCO,blancos,11,PROVISORIO,2023_BALOTAJE_santafe_presidente_mesa.csv
2023,BALOTAJE,2023-11-19,PRESIDENTE Y VICE,21,Santa Fe,3,San Jerónimo,00965,,IMPUGNADO,impugnados,0,PROVISORIO,2023_BALOTAJE_santafe_presidente_mesa.csv
2023,BALOTAJE,2023-11-19,PRESIDENTE Y VICE,21,Santa Fe,3,San Jerónimo,00965,,LA LIBERTAD AVANZA,agrupacion,293,PROVISORIO,2023_BALOTAJE_santafe_presidente_mesa.csv
2023,BALOTAJE,2023-11-19,PRESIDENTE Y VICE,21,Santa Fe,3,San Jerónimo,00965,,NULO,nulos,4,PROVISORIO,2023_BALOTAJE_santafe_presidente_mesa.csv
2023,BALOTAJE,2023-11-19,PRESIDENTE Y VICE,21,Santa Fe,3,San Jerónimo,00965,,RECURRIDO,recurridos,0,PROVISORIO,2023_BALOTAJE_santafe_presidente_mesa.csv
2023,BALOTAJE,2023-11-19,PRESIDENTE Y VICE,21,Santa Fe,3,San Jerónimo,00965,,UNION POR LA PATRIA,agrupacion,296,PROVISORIO,2023_BALOTAJE_santafe_presidente_mesa.csv
2023,BALOTAJE,2023-11-19,PRESIDENTE Y VICE,21,Santa Fe,3,San Jerónimo,00970,,EN BLANCO,blancos,5,PROVISORIO,2023_BALOTAJE_santafe_presidente_mesa.csv
2023,BALOTAJE,2023-11-19,PRESIDENTE Y VICE,21,Santa Fe,3,San Jerónimo,00970,,IMPUGNADO,impugnados,0,PROVISORIO,2023_BALOTAJE_santafe_presidente_mesa.csv
2023,BALOTAJE,2023-11-19,PRESIDENTE Y VICE,21,Santa Fe,3,San Jerónimo,00970,,LA LIBERTAD AVANZA,agrupacion,105,PROVISORIO,2023_BALOTAJE_santafe_presidente_mesa.csv
2023,BALOTAJE,2023-11-19,PRESIDENTE Y VICE,21,Santa Fe,3,San Jerónimo,00970,,NULO,nulos,1,PROVISORIO,2023_BALOTAJE_santafe_presidente_mesa.csv
2023,BALOTAJE,2023-11-19,PRESIDENTE Y VICE,21,Santa Fe,3,San Jerónimo,00970,,RECURRIDO,recurridos,0,PROVISORIO,2023_BALOTAJE_santafe_presidente_mesa.csv
2023,BALOTAJE,2023-11-19,PRESIDENTE Y VICE,21,Santa Fe,3,San Jerónimo,00970,,UNION POR LA PATRIA,agrupacion,21,PROVISORIO,2023_BALOTAJE_santafe_presidente_mesa.csv
2023,BALOTAJE,2023-11-19,PRESIDENTE Y VICE,21,Santa Fe,3,San Jerónimo,00980,,EN BLANCO,blancos,1,PROVISORIO,2023_BALOTAJE_santafe_presidente_mesa.csv
2023,BALOTAJE,2023-11-19,PRESIDENTE Y VICE,21,Santa Fe,3,San Jerónimo,00980,,IMPUGNADO,impugnados,0,PROVISORIO,2023_BALOTAJE_santafe_presidente_mesa.csv
2023,BALOTAJE,2023-11-19,PRESIDENTE Y VICE,21,Santa Fe,3,San Jerónimo,00980,,LA LIBERTAD AVANZA,agrupacion,40,PROVISORIO,2023_BALOTAJE_santafe_presidente_mesa.csv
2023,BALOTAJE,2023-11-19,PRESIDENTE Y VICE,21,Santa Fe,3,San Jerónimo,00980,,NULO,nulos,1,PROVISORIO,2023_BALOTAJE_santafe_presidente_mesa.csv
2023,BALOTAJE,2023-11-19,PRESIDENTE Y VICE,21,Santa Fe,3,San Jerónimo,00980,,RECURRIDO,recurridos,0,PROVISORIO,2023_BALOTAJE_santafe_presidente_mesa.csv
2023,BALOTAJE,2023-11-19,PRESIDENTE Y VICE,21,Santa Fe,3,San Jerónimo,00980,,UNION POR LA PATRIA,agrupacion,47,PROVISORIO,2023_BALOTAJE_santafe_presidente_mesa.csv
2023,BALOTAJE,2023-11-19,PRESIDENTE Y VICE,21,Santa Fe,3,San Jerónimo,01000,,EN BLANCO,blancos,0,PROVISORIO,2023_BALOTAJE_santafe_presidente_mesa.csv
2023,BALOTAJE,2023-11-19,PRESIDENTE Y VICE,21,Santa Fe,3,San Jerónimo,01000,,IMPUGNADO,impugnados,0,PROVISORIO,2023_BALOTAJE_santafe_presidente_mesa.csv
2023,BALOTAJE,2023-11-19,PRESIDENTE Y VICE,21,Santa Fe,3,San Jerónimo,01000,,LA LIBERTAD AVANZA,agrupacion,43,PROVISORIO,2023_BALOTAJE_santafe_presidente_mesa.csv
2023,BALOTAJE,2023-11-19,PRESIDENTE Y VICE,21,Santa Fe,3,San Jerónimo,01000,,NULO,nulos,0,PROVISORIO,2023_BALOTAJE_santafe_presidente_mesa.csv
2023,BALOTAJE,2023-11-19,PRESIDENTE Y VICE,21,Santa Fe,3,San Jerónimo,01000,,RECURRIDO,recurridos,0,PROVISORIO,2023_BALOTAJE_santafe_presidente_mesa.csv
2023,BALOTAJE,2023-11-19,PRESIDENTE Y VICE,21,Santa Fe,3,San Jerónimo,01000,,UNION POR LA PATRIA,agrupacion,26,PROVISORIO,2023_BALOTAJE_santafe_presidente_mesa.csv
2023,BALOTAJE,2023-11-19,PRESIDENTE Y VICE,21,Santa Fe,3,San Jerónimo,01010,,EN BLANCO,blancos,1,PROVISORIO,2023_BALOTAJE_santafe_presidente_mesa.csv
2023,BALOTAJE,2023-11-19,PRESIDENTE Y VICE,21,Santa Fe,3,San Jerónimo,01010,,IMPUGNADO,impugnados,0,PROVISORIO,2023_BALOTAJE_santafe_presidente_mesa.csv
2023,BALOTAJE,2023-11-19,PRESIDENTE Y VICE,21,Santa Fe,3,San Jerónimo,01010,,LA LIBERTAD AVANZA,agrupacion,75,PROVISORIO,2023_BALOTAJE_santafe_presidente_mesa.csv
2023,BALOTAJE,2023-11-19,PRESIDENTE Y VICE,21,Santa Fe,3,San Jerónimo,01010,,NULO,nulos,0,PROVISORIO,2023_BALOTAJE_santafe_presidente_mesa.csv
2023,BALOTAJE,2023-11-19,PRESIDENTE Y VICE,21,Santa Fe,3,San Jerónimo,01010,,RECURRIDO,recurridos,0,PROVISORIO,2023_BALOTAJE_santafe_presidente_mesa.csv
2023,BALOTAJE,2023-11-19,PRESIDENTE Y VICE,21,Santa Fe,3,San Jerónimo,01010,,UNION POR LA PATRIA,agrupacion,59,PROVISORIO,2023_BALOTAJE_santafe_presidente_mesa.csv
2023,BALOTAJE,2023-11-19,PRESIDENTE Y VICE,21,Santa Fe,4,Garay,01040,,EN BLANCO,blancos,2,PROVISORIO,2023_BALOTAJE_santafe_presidente_mesa.csv
2023,BALOTAJE,2023-11-19,PRESIDENTE Y VICE,21,Santa Fe,4,Garay,01040,,IMPUGNADO,impugnados,0,PROVISORIO,2023_BALOTAJE_santafe_presidente_mesa.csv
2023,BALOTAJE,2023-11-19,PRESIDENTE Y VICE,21,Santa Fe,4,Garay,01040,,LA LIBERTAD AVANZA,agrupacion,122,PROVISORIO,2023_BALOTAJE_santafe_presidente_mesa.csv
2023,BALOTAJE,2023-11-19,PRESIDENTE Y VICE,21,Santa Fe,4,Garay,01040,,NULO,nulos,0,PROVISORIO,2023_BALOTAJE_santafe_presidente_mesa.csv
2023,BALOTAJE,2023-11-19,PRESIDENTE Y VICE,21,Santa Fe,4,Garay,01040,,RECURRIDO,recurridos,0,PROVISORIO,2023_BALOTAJE_santafe_presidente_mesa.csv
2023,BALOTAJE,2023-11-19,PRESIDENTE Y VICE,21,Santa Fe,4,Garay,01040,,UNION POR LA PATRIA,agrupacion,68,PROVISORIO,2023_BALOTAJE_santafe_presidente_mesa.csv
2023,BALOTAJE,2023-11-19,PRESIDENTE Y VICE,21,Santa Fe,4,Garay,01050,,EN BLANCO,blancos,6,PROVISORIO,2023_BALOTAJE_santafe_presidente_mesa.csv
2023,BALOTAJE,2023-11-19,PRESIDENTE Y VICE,21,Santa Fe,4,Garay,01050,,IMPUGNADO,impugnados,0,PROVISORIO,2023_BALOTAJE_santafe_presidente_mesa.csv
2023,BALOTAJE,2023-11-19,PRESIDENTE Y VICE,21,Santa Fe,4,Garay,01050,,LA LIBERTAD AVANZA,agrupacion,249,PROVISORIO,2023_BALOTAJE_santafe_presidente_mesa.csv
2023,BALOTAJE,2023-11-19,PRESIDENTE Y VICE,21,Santa Fe,4,Garay,01050,,NULO,nulos,9,PROVISORIO,2023_BALOTAJE_santafe_presidente_mesa.csv
2023,BALOTAJE,2023-11-19,PRESIDENTE Y VICE,21,Santa Fe,4,Garay,01050,,RECURRIDO,recurridos,0,PROVISORIO,2023_BALOTAJE_santafe_presidente_mesa.csv
2023,BALOTAJE,2023-11-19,PRESIDENTE Y VICE,21,Santa Fe,4,Garay,01050,,UNION POR LA PATRIA,agrupacion,188,PROVISORIO,2023_BALOTAJE_santafe_presidente_mesa.csv
2023,BALOTAJE,2023-11-19,PRESIDENTE Y VICE,21,Santa Fe,4,Garay,01060,,EN BLANCO,blancos,54,PROVISORIO,2023_BALOTAJE_santafe_presidente_mesa.csv
2023,BALOTAJE,2023-11-19,PRESIDENTE Y VICE,21,Santa Fe,4,Garay,01060,,IMPUGNADO,impugnados,0,PROVISORIO,2023_BALOTAJE_santafe_presidente_mesa.csv
2023,BALOTAJE,2023-11-19,PRESIDENTE Y VICE,21,Santa Fe,4,Garay,01060,,LA LIBERTAD AVANZA,agrupacion,3277,PROVISORIO,2023_BALOTAJE_santafe_presidente_mesa.csv
2023,BALOTAJE,2023-11-19,PRESIDENTE Y VICE,21,Santa Fe,4,Garay,01060,,NULO,nulos,92,PROVISORIO,2023_BALOTAJE_santafe_presidente_mesa.csv
2023,BALOTAJE,2023-11-19,PRESIDENTE Y VICE,21,Santa Fe,4,Garay,01060,,RECURRIDO,recurridos,0,PROVISORIO,2023_BALOTAJE_santafe_presidente_mesa.csv
2023,BALOTAJE,2023-11-19,PRESIDENTE Y VICE,21,Santa Fe,4,Garay,01060,,UNION POR LA PATRIA,agrupacion,2026,PROVISORIO,2023_BALOTAJE_santafe_presidente_mesa.csv
2023,BALOTAJE,2023-11-19,PRESIDENTE Y VICE,21,Santa Fe,4,Garay,01064,,EN BLANCO,blancos,0,PROVISORIO,2023_BALOTAJE_santafe_presidente_mesa.csv
2023,BALOTAJE,2023-11-19,PRESIDENTE Y VICE,21,Santa Fe,4,Garay,01064,,IMPUGNADO,impugnados,0,PROVISORIO,2023_BALOTAJE_santafe_presidente_mesa.csv
2023,BALOTAJE,2023-11-19,PRESIDENTE Y VICE,21,Santa Fe,4,Garay,01064,,LA LIBERTAD AVANZA,agrupacion,19,PROVISORIO,2023_BALOTAJE_santafe_presidente_mesa.csv
2023,BALOTAJE,2023-11-19,PRESIDENTE Y VICE,21,Santa Fe,4,Garay,01064,,NULO,nulos,0,PROVISORIO,2023_BALOTAJE_santafe_presidente_mesa.csv
2023,BALOTAJE,2023-11-19,PRESIDENTE Y VICE,21,Santa Fe,4,Garay,01064,,RECURRIDO,recurridos,0,PROVISORIO,2023_BALOTAJE_santafe_presidente_mesa.csv
2023,BALOTAJE,2023-11-19,PRESIDENTE Y VICE,21,Santa Fe,4,Garay,01064,,UNION POR LA PATRIA,agrupacion,1,PROVISORIO,2023_BALOTAJE_santafe_presidente_mesa.csv
2023,BALOTAJE,2023-11-19,PRESIDENTE Y VICE,21,Santa Fe,4,Garay,01066,,EN BLANCO,blancos,0,PROVISORIO,2023_BALOTAJE_santafe_presidente_mesa.csv
2023,BALOTAJE,2023-11-19,PRESIDENTE Y VICE,21,Santa Fe,4,Garay,01066,,IMPUGNADO,impugnados,0,PROVISORIO,2023_BALOTAJE_santafe_presidente_mesa.csv
2023,BALOTAJE,2023-11-19,PRESIDENTE Y VICE,21,Santa Fe,4,Garay,01066,,LA LIBERTAD AVANZA,agrupacion,18,PROVISORIO,2023_BALOTAJE_santafe_presidente_mesa.csv
2023,BALOTAJE,2023-11-19,PRESIDENTE Y VICE,21,Santa Fe,4,Garay,01066,,NULO,nulos,0,PROVISORIO,2023_BALOTAJE_santafe_presidente_mesa.csv
2023,BALOTAJE,2023-11-19,PRESIDENTE Y VICE,21,Santa Fe,4,Garay,01066,,RECURRIDO,recurridos,0,PROVISORIO,2023_BALOTAJE_santafe_presidente_mesa.csv
2023,BALOTAJE,2023-11-19,PRESIDENTE Y VICE,21,Santa Fe,4,Garay,01066,,UNION POR LA PATRIA,agrupacion,17,PROVISORIO,2023_BALOTAJE_santafe_presidente_mesa.csv
2023,BALOTAJE,2023-11-19,PRESIDENTE Y VICE,21,Santa Fe,4,Garay,01070,,EN BLANCO,blancos,20,PROVISORIO,2023_BALOTAJE_santafe_presidente_mesa.csv
2023,BALOTAJE,2023-11-19,PRESIDENTE Y VICE,21,Santa Fe,4,Garay,01070,,IMPUGNADO,impugnados,0,PROVISORIO,2023_BALOTAJE_santafe_presidente_mesa.csv
2023,BALOTAJE,2023-11-19,PRESIDENTE Y VICE,21,Santa Fe,4,Garay,01070,,LA LIBERTAD AVANZA,agrupacion,1793,PROVISORIO,2023_BALOTAJE_santafe_presidente_mesa.csv
2023,BALOTAJE,2023-11-19,PRESIDENTE Y VICE,21,Santa Fe,4,Garay,01070,,NULO,nulos,27,PROVISORIO,2023_BALOTAJE_santafe_presidente_mesa.csv
2023,BALOTAJE,2023-11-19,PRESIDENTE Y VICE,21,Santa Fe,4,Garay,01070,,RECURRIDO,recurridos,0,PROVISORIO,2023_BALOTAJE_santafe_presidente_mesa.csv
2023,BALOTAJE,2023-11-19,PRESIDENTE Y VICE,21,Santa Fe,4,Garay,01070,,UNION POR LA PATRIA,agrupacion,857,PROVISORIO,2023_BALOTAJE_santafe_presidente_mesa.csv
2023,BALOTAJE,2023-11-19,PRESIDENTE Y VICE,21,Santa Fe,4,Garay,01080,,EN BLANCO,blancos,31,PROVISORIO,2023_BALOTAJE_santafe_presidente_mesa.csv
2023,BALOTAJE,2023-11-19,PRESIDENTE Y VICE,21,Santa Fe,4,Garay,01080,,IMPUGNADO,impugnados,0,PROVISORIO,2023_BALOTAJE_santafe_presidente_mesa.csv
2023,BALOTAJE,2023-11-19,PRESIDENTE Y VICE,21,Santa Fe,4,Garay,01080,,LA LIBERTAD AVANZA,agrupacion,2267,PROVISORIO,2023_BALOTAJE_santafe_presidente_mesa.csv
2023,BALOTAJE,2023-11-19,PRESIDENTE Y VICE,21,Santa Fe,4,Garay,01080,,NULO,nulos,78,PROVISORIO,2023_BALOTAJE_santafe_presidente_mesa.csv
2023,BALOTAJE,2023-11-19,PRESIDENTE Y VICE,21,Santa Fe,4,Garay,01080,,RECURRIDO,recurridos,0,PROVISORIO,2023_BALOTAJE_santafe_presidente_mesa.csv
2023,BALOTAJE,2023-11-19,PRESIDENTE Y VICE,21,Santa Fe,4,Garay,01080,,UNION POR LA PATRIA,agrupacion,1545,PROVISORIO,2023_BALOTAJE_santafe_presidente_mesa.csv
2023,BALOTAJE,2023-11-19,PRESIDENTE Y VICE,21,Santa Fe,4,Garay,01085,,EN BLANCO,blancos,5,PROVISORIO,2023_BALOTAJE_santafe_presidente_mesa.csv
2023,BALOTAJE,2023-11-19,PRESIDENTE Y VICE,21,Santa Fe,4,Garay,01085,,IMPUGNADO,impugnados,0,PROVISORIO,2023_BALOTAJE_santafe_presidente_mesa.csv
2023,BALOTAJE,2023-11-19,PRESIDENTE Y VICE,21,Santa Fe,4,Garay,01085,,LA LIBERTAD AVANZA,agrupacion,343,PROVISORIO,2023_BALOTAJE_santafe_presidente_mesa.csv
2023,BALOTAJE,2023-11-19,PRESIDENTE Y VICE,21,Santa Fe,4,Garay,01085,,NULO,nulos,11,PROVISORIO,2023_BALOTAJE_santafe_presidente_mesa.csv
2023,BALOTAJE,2023-11-19,PRESIDENTE Y VICE,21,Santa Fe,4,Garay,01085,,RECURRIDO,recurridos,0,PROVISORIO,2023_BALOTAJE_santafe_presidente_mesa.csv
2023,BALOTAJE,2023-11-19,PRESIDENTE Y VICE,21,Santa Fe,4,Garay,01085,,UNION POR LA PATRIA,agrupacion,218,PROVISORIO,2023_BALOTAJE_santafe_presidente_mesa.csv
2023,BALOTAJE,2023-11-19,PRESIDENTE Y VICE,21,Santa Fe,4,Garay,01090,,EN BLANCO,blancos,2,PROVISORIO,2023_BALOTAJE_santafe_presidente_mesa.csv
2023,BALOTAJE,2023-11-19,PRESIDENTE Y VICE,21,Santa Fe,4,Garay,01090,,IMPUGNADO,impugnados,0,PROVISORIO,2023_BALOTAJE_santafe_presidente_mesa.csv
2023,BALOTAJE,2023-11-19,PRESIDENTE Y VICE,21,Santa Fe,4,Garay,01090,,LA LIBERTAD AVANZA,agrupacion,284,PROVISORIO,2023_BALOTAJE_santafe_presidente_mesa.csv
2023,BALOTAJE,2023-11-19,PRESIDENTE Y VICE,21,Santa Fe,4,Garay,01090,,NULO,nulos,2,PROVISORIO,2023_BALOTAJE_santafe_presidente_mesa.csv
2023,BALOTAJE,2023-11-19,PRESIDENTE Y VICE,21,Santa Fe,4,Garay,01090,,RECURRIDO,recurridos,0,PROVISORIO,2023_BALOTAJE_santafe_presidente_mesa.csv
2023,BALOTAJE,2023-11-19,PRESIDENTE Y VICE,21,Santa Fe,4,Garay,01090,,UNION POR LA PATRIA,agrupacion,213,PROVISORIO,2023_BALOTAJE_santafe_presidente_mesa.csv
2023,BALOTAJE,2023-11-19,PRESIDENTE Y VICE,21,Santa Fe,4,Garay,01100,,EN BLANCO,blancos,8,PROVISORIO,2023_BALOTAJE_santafe_presidente_mesa.csv
2023,BALOTAJE,2023-11-19,PRESIDENTE Y VICE,21,Santa Fe,4,Garay,01100,,IMPUGNADO,impugnados,0,PROVISORIO,2023_BALOTAJE_santafe_presidente_mesa.csv
2023,BALOTAJE,2023-11-19,PRESIDENTE Y VICE,21,Santa Fe,4,Garay,01100,,LA LIBERTAD AVANZA,agrupacion,194,PROVISORIO,2023_BALOTAJE_santafe_presidente_mesa.csv
2023,BALOTAJE,2023-11-19,PRESIDENTE Y VICE,21,Santa Fe,4,Garay,01100,,NULO,nulos,5,PROVISORIO,2023_BALOTAJE_santafe_presidente_mesa.csv
2023,BALOTAJE,2023-11-19,PRESIDENTE Y VICE,21,Santa Fe,4,Garay,01100,,RECURRIDO,recurridos,0,PROVISORIO,2023_BALOTAJE_santafe_presidente_mesa.csv
2023,BALOTAJE,2023-11-19,PRESIDENTE Y VICE,21,Santa Fe,4,Garay,01100,,UNION POR LA PATRIA,agrupacion,158,PROVISORIO,2023_BALOTAJE_santafe_presidente_mesa.csv
2023,BALOTAJE,2023-11-19,PRESIDENTE Y VICE,21,Santa Fe,5,Castellanos,01110,,EN BLANCO,blancos,0,PROVISORIO,2023_BALOTAJE_santafe_presidente_mesa.csv
2023,BALOTAJE,2023-11-19,PRESIDENTE Y VICE,21,Santa Fe,5,Castellanos,01110,,IMPUGNADO,impugnados,0,PROVISORIO,2023_BALOTAJE_santafe_presidente_mesa.csv
2023,BALOTAJE,2023-11-19,PRESIDENTE Y VICE,21,Santa Fe,5,Castellanos,01110,,LA LIBERTAD AVANZA,agrupacion,136,PROVISORIO,2023_BALOTAJE_santafe_presidente_mesa.csv
2023,BALOTAJE,2023-11-19,PRESIDENTE Y VICE,21,Santa Fe,5,Castellanos,01110,,NULO,nulos,3,PROVISORIO,2023_BALOTAJE_santafe_presidente_mesa.csv
2023,BALOTAJE,2023-11-19,PRESIDENTE Y VICE,21,Santa Fe,5,Castellanos,01110,,RECURRIDO,recurridos,0,PROVISORIO,2023_BALOTAJE_santafe_presidente_mesa.csv
2023,BALOTAJE,2023-11-19,PRESIDENTE Y VICE,21,Santa Fe,5,Castellanos,01110,,UNION POR LA PATRIA,agrupacion,10,PROVISORIO,2023_BALOTAJE_santafe_presidente_mesa.csv
2023,BALOTAJE,2023-11-19,PRESIDENTE Y VICE,21,Santa Fe,5,Castellanos,01120,,EN BLANCO,blancos,1,PROVISORIO,2023_BALOTAJE_santafe_presidente_mesa.csv
2023,BALOTAJE,2023-11-19,PRESIDENTE Y VICE,21,Santa Fe,5,Castellanos,01120,,IMPUGNADO,impugnados,0,PROVISORIO,2023_BALOTAJE_santafe_presidente_mesa.csv
2023,BALOTAJE,2023-11-19,PRESIDENTE Y VICE,21,Santa Fe,5,Castellanos,01120,,LA LIBERTAD AVANZA,agrupacion,103,PROVISORIO,2023_BALOTAJE_santafe_presidente_mesa.csv
2023,BALOTAJE,2023-11-19,PRESIDENTE Y VICE,21,Santa Fe,5,Castellanos,01120,,NULO,nulos,0,PROVISORIO,2023_BALOTAJE_santafe_presidente_mesa.csv
2023,BALOTAJE,2023-11-19,PRESIDENTE Y VICE,21,Santa Fe,5,Castellanos,01120,,RECURRIDO,recurridos,0,PROVISORIO,2023_BALOTAJE_santafe_presidente_mesa.csv
2023,BALOTAJE,2023-11-19,PRESIDENTE Y VICE,21,Santa Fe,5,Castellanos,01120,,UNION POR LA PATRIA,agrupacion,14,PROVISORIO,2023_BALOTAJE_santafe_presidente_mesa.csv
2023,BALOTAJE,2023-11-19,PRESIDENTE Y VICE,21,Santa Fe,5,Castellanos,01130,,EN BLANCO,blancos,3,PROVISORIO,2023_BALOTAJE_santafe_presidente_mesa.csv
2023,BALOTAJE,2023-11-19,PRESIDENTE Y VICE,21,Santa Fe,5,Castellanos,01130,,IMPUGNADO,impugnados,0,PROVISORIO,2023_BALOTAJE_santafe_presidente_mesa.csv
2023,BALOTAJE,2023-11-19,PRESIDENTE Y VICE,21,Santa Fe,5,Castellanos,01130,,LA LIBERTAD AVANZA,agrupacion,116,PROVISORIO,2023_BALOTAJE_santafe_presidente_mesa.csv
2023,BALOTAJE,2023-11-19,PRESIDENTE Y VICE,21,Santa Fe,5,Castellanos,01130,,NULO,nulos,0,PROVISORIO,2023_BALOTAJE_santafe_presidente_mesa.csv
2023,BALOTAJE,2023-11-19,PRESIDENTE Y VICE,21,Santa Fe,5,Castellanos,01130,,RECURRIDO,recurridos,0,PROVISORIO,2023_BALOTAJE_santafe_presidente_mesa.csv
2023,BALOTAJE,2023-11-19,PRESIDENTE Y VICE,21,Santa Fe,5,Castellanos,01130,,UNION POR LA PATRIA,agrupacion,10,PROVISORIO,2023_BALOTAJE_santafe_presidente_mesa.csv
2023,BALOTAJE,2023-11-19,PRESIDENTE Y VICE,21,Santa Fe,5,Castellanos,01140,,EN BLANCO,blancos,2,PROVISORIO,2023_BALOTAJE_santafe_presidente_mesa.csv
2023,BALOTAJE,2023-11-19,PRESIDENTE Y VICE,21,Santa Fe,5,Castellanos,01140,,IMPUGNADO,impugnados,0,PROVISORIO,2023_BALOTAJE_santafe_presidente_mesa.csv
2023,BALOTAJE,2023-11-19,PRESIDENTE Y VICE,21,Santa Fe,5,Castellanos,01140,,LA LIBERTAD AVANZA,agrupacion,70,PROVISORIO,2023_BALOTAJE_santafe_presidente_mesa.csv
2023,BALOTAJE,2023-11-19,PRESIDENTE Y VICE,21,Santa Fe,5,Castellanos,01140,,NULO,nulos,0,PROVISORIO,2023_BALOTAJE_santafe_presidente_mesa.csv
2023,BALOTAJE,2023-11-19,PRESIDENTE Y VICE,21,Santa Fe,5,Castellanos,01140,,RECURRIDO,recurridos,0,PROVISORIO,2023_BALOTAJE_santafe_presidente_mesa.csv
2023,BALOTAJE,2023-11-19,PRESIDENTE Y VICE,21,Santa Fe,5,Castellanos,01140,,UNION POR LA PATRIA,agrupacion,41,PROVISORIO,2023_BALOTAJE_santafe_presidente_mesa.csv
2023,BALOTAJE,2023-11-19,PRESIDENTE Y VICE,21,Santa Fe,5,Castellanos,01150,,EN BLANCO,blancos,7,PROVISORIO,2023_BALOTAJE_santafe_presidente_mesa.csv
2023,BALOTAJE,2023-11-19,PRESIDENTE Y VICE,21,Santa Fe,5,Castellanos,01150,,IMPUGNADO,impugnados,0,PROVISORIO,2023_BALOTAJE_santafe_presidente_mesa.csv
2023,BALOTAJE,2023-11-19,PRESIDENTE Y VICE,21,Santa Fe,5,Castellanos,01150,,LA LIBERTAD AVANZA,agrupacion,773,PROVISORIO,2023_BALOTAJE_santafe_presidente_mesa.csv
2023,BALOTAJE,2023-11-19,PRESIDENTE Y VICE,21,Santa Fe,5,Castellanos,01150,,NULO,nulos,16,PROVISORIO,2023_BALOTAJE_santafe_presidente_mesa.csv
2023,BALOTAJE,2023-11-19,PRESIDENTE Y VICE,21,Santa Fe,5,Castellanos,01150,,RECURRIDO,recurridos,0,PROVISORIO,2023_BALOTAJE_santafe_presidente_mesa.csv
2023,BALOTAJE,2023-11-19,PRESIDENTE Y VICE,21,Santa Fe,5,Castellanos,01150,,UNION POR LA PATRIA,agrupacion,213,PROVISORIO,2023_BALOTAJE_santafe_presidente_mesa.csv
2023,BALOTAJE,2023-11-19,PRESIDENTE Y VICE,21,Santa Fe,5,Castellanos,01160,,EN BLANCO,blancos,2,PROVISORIO,2023_BALOTAJE_santafe_presidente_mesa.csv
2023,BALOTAJE,2023-11-19,PRESIDENTE Y VICE,21,Santa Fe,5,Castellanos,01160,,IMPUGNADO,impugnados,0,PROVISORIO,2023_BALOTAJE_santafe_presidente_mesa.csv
2023,BALOTAJE,2023-11-19,PRESIDENTE Y VICE,21,Santa Fe,5,Castellanos,01160,,LA LIBERTAD AVANZA,agrupacion,201,PROVISORIO,2023_BALOTAJE_santafe_presidente_mesa.csv
2023,BALOTAJE,2023-11-19,PRESIDENTE Y VICE,21,Santa Fe,5,Castellanos,01160,,NULO,nulos,0,PROVISORIO,2023_BALOTAJE_santafe_presidente_mesa.csv
2023,BALOTAJE,2023-11-19,PRESIDENTE Y VICE,21,Santa Fe,5,Castellanos,01160,,RECURRIDO,recurridos,0,PROVISORIO,2023_BALOTAJE_santafe_presidente_mesa.csv
2023,BALOTAJE,2023-11-19,PRESIDENTE Y VICE,21,Santa Fe,5,Castellanos,01160,,UNION POR LA PATRIA,agrupacion,19,PROVISORIO,2023_BALOTAJE_santafe_presidente_mesa.csv
2023,BALOTAJE,2023-11-19,PRESIDENTE Y VICE,21,Santa Fe,5,Castellanos,01170,Humberto Primo,EN BLANCO,blancos,48,PROVISORIO,2023_BALOTAJE_santafe_presidente_mesa.csv
2023,BALOTAJE,2023-11-19,PRESIDENTE Y VICE,21,Santa Fe,5,Castellanos,01170,Humberto Primo,IMPUGNADO,impugnados,0,PROVISORIO,2023_BALOTAJE_santafe_presidente_mesa.csv
2023,BALOTAJE,2023-11-19,PRESIDENTE Y VICE,21,Santa Fe,5,Castellanos,01170,Humberto Primo,LA LIBERTAD AVANZA,agrupacion,2667,PROVISORIO,2023_BALOTAJE_santafe_presidente_mesa.csv
2023,BALOTAJE,2023-11-19,PRESIDENTE Y VICE,21,Santa Fe,5,Castellanos,01170,Humberto Primo,NULO,nulos,29,PROVISORIO,2023_BALOTAJE_santafe_presidente_mesa.csv
2023,BALOTAJE,2023-11-19,PRESIDENTE Y VICE,21,Santa Fe,5,Castellanos,01170,Humberto Primo,RECURRIDO,recurridos,1,PROVISORIO,2023_BALOTAJE_santafe_presidente_mesa.csv
2023,BALOTAJE,2023-11-19,PRESIDENTE Y VICE,21,Santa Fe,5,Castellanos,01170,Humberto Primo,UNION POR LA PATRIA,agrupacion,643,PROVISORIO,2023_BALOTAJE_santafe_presidente_mesa.csv
2023,BALOTAJE,2023-11-19,PRESIDENTE Y VICE,21,Santa Fe,5,Castellanos,01180,Sunchales,EN BLANCO,blancos,235,PROVISORIO,2023_BALOTAJE_santafe_presidente_mesa.csv
2023,BALOTAJE,2023-11-19,PRESIDENTE Y VICE,21,Santa Fe,5,Castellanos,01180,Sunchales,IMPUGNADO,impugnados,0,PROVISORIO,2023_BALOTAJE_santafe_presidente_mesa.csv
2023,BALOTAJE,2023-11-19,PRESIDENTE Y VICE,21,Santa Fe,5,Castellanos,01180,Sunchales,LA LIBERTAD AVANZA,agrupacion,10234,PROVISORIO,2023_BALOTAJE_santafe_presidente_mesa.csv
2023,BALOTAJE,2023-11-19,PRESIDENTE Y VICE,21,Santa Fe,5,Castellanos,01180,Sunchales,NULO,nulos,270,PROVISORIO,2023_BALOTAJE_santafe_presidente_mesa.csv
2023,BALOTAJE,2023-11-19,PRESIDENTE Y VICE,21,Santa Fe,5,Castellanos,01180,Sunchales,RECURRIDO,recurridos,0,PROVISORIO,2023_BALOTAJE_santafe_presidente_mesa.csv
2023,BALOTAJE,2023-11-19,PRESIDENTE Y VICE,21,Santa Fe,5,Castellanos,01180,Sunchales,UNION POR LA PATRIA,agrupacion,4091,PROVISORIO,2023_BALOTAJE_santafe_presidente_mesa.csv
2023,BALOTAJE,2023-11-19,PRESIDENTE Y VICE,21,Santa Fe,5,Castellanos,01190,,EN BLANCO,blancos,9,PROVISORIO,2023_BALOTAJE_santafe_presidente_mesa.csv
2023,BALOTAJE,2023-11-19,PRESIDENTE Y VICE,21,Santa Fe,5,Castellanos,01190,,IMPUGNADO,impugnados,0,PROVISORIO,2023_BALOTAJE_santafe_presidente_mesa.csv
2023,BALOTAJE,2023-11-19,PRESIDENTE Y VICE,21,Santa Fe,5,Castellanos,01190,,LA LIBERTAD AVANZA,agrupacion,406,PROVISORIO,2023_BALOTAJE_santafe_presidente_mesa.csv
2023,BALOTAJE,2023-11-19,PRESIDENTE Y VICE,21,Santa Fe,5,Castellanos,01190,,NULO,nulos,5,PROVISORIO,2023_BALOTAJE_santafe_presidente_mesa.csv
2023,BALOTAJE,2023-11-19,PRESIDENTE Y VICE,21,Santa Fe,5,Castellanos,01190,,RECURRIDO,recurridos,0,PROVISORIO,2023_BALOTAJE_santafe_presidente_mesa.csv
2023,BALOTAJE,2023-11-19,PRESIDENTE Y VICE,21,Santa Fe,5,Castellanos,01190,,UNION POR LA PATRIA,agrupacion,117,PROVISORIO,2023_BALOTAJE_santafe_presidente_mesa.csv
2023,BALOTAJE,2023-11-19,PRESIDENTE Y VICE,21,Santa Fe,5,Castellanos,01200,Colonia Aldao,EN BLANCO,blancos,15,PROVISORIO,2023_BALOTAJE_santafe_presidente_mesa.csv
2023,BALOTAJE,2023-11-19,PRESIDENTE Y VICE,21,Santa Fe,5,Castellanos,01200,Colonia Aldao,IMPUGNADO,impugnados,0,PROVISORIO,2023_BALOTAJE_santafe_presidente_mesa.csv
2023,BALOTAJE,2023-11-19,PRESIDENTE Y VICE,21,Santa Fe,5,Castellanos,01200,Colonia Aldao,LA LIBERTAD AVANZA,agrupacion,876,PROVISORIO,2023_BALOTAJE_santafe_presidente_mesa.csv
2023,BALOTAJE,2023-11-19,PRESIDENTE Y VICE,21,Santa Fe,5,Castellanos,01200,Colonia Aldao,NULO,nulos,25,PROVISORIO,2023_BALOTAJE_santafe_presidente_mesa.csv
2023,BALOTAJE,2023-11-19,PRESIDENTE Y VICE,21,Santa Fe,5,Castellanos,01200,Colonia Aldao,RECURRIDO,recurridos,0,PROVISORIO,2023_BALOTAJE_santafe_presidente_mesa.csv
2023,BALOTAJE,2023-11-19,PRESIDENTE Y VICE,21,Santa Fe,5,Castellanos,01200,Colonia Aldao,UNION POR LA PATRIA,agrupacion,293,PROVISORIO,2023_BALOTAJE_santafe_presidente_mesa.csv
2023,BALOTAJE,2023-11-19,PRESIDENTE Y VICE,21,Santa Fe,5,Castellanos,01202,,EN BLANCO,blancos,1,PROVISORIO,2023_BALOTAJE_santafe_presidente_mesa.csv
2023,BALOTAJE,2023-11-19,PRESIDENTE Y VICE,21,Santa Fe,5,Castellanos,01202,,IMPUGNADO,impugnados,0,PROVISORIO,2023_BALOTAJE_santafe_presidente_mesa.csv
2023,BALOTAJE,2023-11-19,PRESIDENTE Y VICE,21,Santa Fe,5,Castellanos,01202,,LA LIBERTAD AVANZA,agrupacion,20,PROVISORIO,2023_BALOTAJE_santafe_presidente_mesa.csv
2023,BALOTAJE,2023-11-19,PRESIDENTE Y VICE,21,Santa Fe,5,Castellanos,01202,,NULO,nulos,0,PROVISORIO,2023_BALOTAJE_santafe_presidente_mesa.csv
2023,BALOTAJE,2023-11-19,PRESIDENTE Y VICE,21,Santa Fe,5,Castellanos,01202,,RECURRIDO,recurridos,0,PROVISORIO,2023_BALOTAJE_santafe_presidente_mesa.csv
2023,BALOTAJE,2023-11-19,PRESIDENTE Y VICE,21,Santa Fe,5,Castellanos,01202,,UNION POR LA PATRIA,agrupacion,16,PROVISORIO,2023_BALOTAJE_santafe_presidente_mesa.csv
2023,BALOTAJE,2023-11-19,PRESIDENTE Y VICE,21,Santa Fe,5,Castellanos,01204,,EN BLANCO,blancos,0,PROVISORIO,2023_BALOTAJE_santafe_presidente_mesa.csv
2023,BALOTAJE,2023-11-19,PRESIDENTE Y VICE,21,Santa Fe,5,Castellanos,01204,,IMPUGNADO,impugnados,0,PROVISORIO,2023_BALOTAJE_santafe_presidente_mesa.csv
2023,BALOTAJE,2023-11-19,PRESIDENTE Y VICE,21,Santa Fe,5,Castellanos,01204,,LA LIBERTAD AVANZA,agrupacion,24,PROVISORIO,2023_BALOTAJE_santafe_presidente_mesa.csv
2023,BALOTAJE,2023-11-19,PRESIDENTE Y VICE,21,Santa Fe,5,Castellanos,01204,,NULO,nulos,0,PROVISORIO,2023_BALOTAJE_santafe_presidente_mesa.csv
2023,BALOTAJE,2023-11-19,PRESIDENTE Y VICE,21,Santa Fe,5,Castellanos,01204,,RECURRIDO,recurridos,0,PROVISORIO,2023_BALOTAJE_santafe_presidente_mesa.csv
2023,BALOTAJE,2023-11-19,PRESIDENTE Y VICE,21,Santa Fe,5,Castellanos,01204,,UNION POR LA PATRIA,agrupacion,12,PROVISORIO,2023_BALOTAJE_santafe_presidente_mesa.csv
2023,BALOTAJE,2023-11-19,PRESIDENTE Y VICE,21,Santa Fe,5,Castellanos,01210,Ataliva,EN BLANCO,blancos,13,PROVISORIO,2023_BALOTAJE_santafe_presidente_mesa.csv
2023,BALOTAJE,2023-11-19,PRESIDENTE Y VICE,21,Santa Fe,5,Castellanos,01210,Ataliva,IMPUGNADO,impugnados,0,PROVISORIO,2023_BALOTAJE_santafe_presidente_mesa.csv
2023,BALOTAJE,2023-11-19,PRESIDENTE Y VICE,21,Santa Fe,5,Castellanos,01210,Ataliva,LA LIBERTAD AVANZA,agrupacion,1062,PROVISORIO,2023_BALOTAJE_santafe_presidente_mesa.csv
2023,BALOTAJE,2023-11-19,PRESIDENTE Y VICE,21,Santa Fe,5,Castellanos,01210,Ataliva,NULO,nulos,24,PROVISORIO,2023_BALOTAJE_santafe_presidente_mesa.csv
2023,BALOTAJE,2023-11-19,PRESIDENTE Y VICE,21,Santa Fe,5,Castellanos,01210,Ataliva,RECURRIDO,recurridos,0,PROVISORIO,2023_BALOTAJE_santafe_presidente_mesa.csv
2023,BALOTAJE,2023-11-19,PRESIDENTE Y VICE,21,Santa Fe,5,Castellanos,01210,Ataliva,UNION POR LA PATRIA,agrupacion,240,PROVISORIO,2023_BALOTAJE_santafe_presidente_mesa.csv
2023,BALOTAJE,2023-11-19,PRESIDENTE Y VICE,21,Santa Fe,5,Castellanos,01220,,EN BLANCO,blancos,5,PROVISORIO,2023_BALOTAJE_santafe_presidente_mesa.csv
2023,BALOTAJE,2023-11-19,PRESIDENTE Y VICE,21,Santa Fe,5,Castellanos,01220,,IMPUGNADO,impugnados,0,PROVISORIO,2023_BALOTAJE_santafe_presidente_mesa.csv
2023,BALOTAJE,2023-11-19,PRESIDENTE Y VICE,21,Santa Fe,5,Castellanos,01220,,LA LIBERTAD AVANZA,agrupacion,242,PROVISORIO,2023_BALOTAJE_santafe_presidente_mesa.csv
2023,BALOTAJE,2023-11-19,PRESIDENTE Y VICE,21,Santa Fe,5,Castellanos,01220,,NULO,nulos,6,PROVISORIO,2023_BALOTAJE_santafe_presidente_mesa.csv
2023,BALOTAJE,2023-11-19,PRESIDENTE Y VICE,21,Santa Fe,5,Castellanos,01220,,RECURRIDO,recurridos,0,PROVISORIO,2023_BALOTAJE_santafe_presidente_mesa.csv
2023,BALOTAJE,2023-11-19,PRESIDENTE Y VICE,21,Santa Fe,5,Castellanos,01220,,UNION POR LA PATRIA,agrupacion,63,PROVISORIO,2023_BALOTAJE_santafe_presidente_mesa.csv
2023,BALOTAJE,2023-11-19,PRESIDENTE Y VICE,21,Santa Fe,5,Castellanos,01230,Lehmann,EN BLANCO,blancos,21,PROVISORIO,2023_BALOTAJE_santafe_presidente_mesa.csv
2023,BALOTAJE,2023-11-19,PRESIDENTE Y VICE,21,Santa Fe,5,Castellanos,01230,Lehmann,IMPUGNADO,impugnados,0,PROVISORIO,2023_BALOTAJE_santafe_presidente_mesa.csv
2023,BALOTAJE,2023-11-19,PRESIDENTE Y VICE,21,Santa Fe,5,Castellanos,01230,Lehmann,LA LIBERTAD AVANZA,agrupacion,1479,PROVISORIO,2023_BALOTAJE_santafe_presidente_mesa.csv
2023,BALOTAJE,2023-11-19,PRESIDENTE Y VICE,21,Santa Fe,5,Castellanos,01230,Lehmann,NULO,nulos,35,PROVISORIO,2023_BALOTAJE_santafe_presidente_mesa.csv
2023,BALOTAJE,2023-11-19,PRESIDENTE Y VICE,21,Santa Fe,5,Castellanos,01230,Lehmann,RECURRIDO,recurridos,0,PROVISORIO,2023_BALOTAJE_santafe_presidente_mesa.csv
2023,BALOTAJE,2023-11-19,PRESIDENTE Y VICE,21,Santa Fe,5,Castellanos,01230,Lehmann,UNION POR LA PATRIA,agrupacion,515,PROVISORIO,2023_BALOTAJE_santafe_presidente_mesa.csv
2023,BALOTAJE,2023-11-19,PRESIDENTE Y VICE,21,Santa Fe,5,Castellanos,01240,Ramona,EN BLANCO,blancos,21,PROVISORIO,2023_BALOTAJE_santafe_presidente_mesa.csv
2023,BALOTAJE,2023-11-19,PRESIDENTE Y VICE,21,Santa Fe,5,Castellanos,01240,Ramona,IMPUGNADO,impugnados,0,PROVISORIO,2023_BALOTAJE_santafe_presidente_mesa.csv
2023,BALOTAJE,2023-11-19,PRESIDENTE Y VICE,21,Santa Fe,5,Castellanos,01240,Ramona,LA LIBERTAD AVANZA,agrupacion,971,PROVISORIO,2023_BALOTAJE_santafe_presidente_mesa.csv
2023,BALOTAJE,2023-11-19,PRESIDENTE Y VICE,21,Santa Fe,5,Castellanos,01240,Ramona,NULO,nulos,32,PROVISORIO,2023_BALOTAJE_santafe_presidente_mesa.csv
2023,BALOTAJE,2023-11-19,PRESIDENTE Y VICE,21,Santa Fe,5,Castellanos,01240,Ramona,RECURRIDO,recurridos,0,PROVISORIO,2023_BALOTAJE_santafe_presidente_mesa.csv
2023,BALOTAJE,2023-11-19,PRESIDENTE Y VICE,21,Santa Fe,5,Castellanos,01240,Ramona,UNION POR LA PATRIA,agrupacion,289,PROVISORIO,2023_BALOTAJE_santafe_presidente_mesa.csv
2023,BALOTAJE,2023-11-19,PRESIDENTE Y VICE,21,Santa Fe,5,Castellanos,01250,,EN BLANCO,blancos,9,PROVISORIO,2023_BALOTAJE_santafe_presidente_mesa.csv
2023,BALOTAJE,2023-11-19,PRESIDENTE Y VICE,21,Santa Fe,5,Castellanos,01250,,IMPUGNADO,impugnados,0,PROVISORIO,2023_BALOTAJE_santafe_presidente_mesa.csv
2023,BALOTAJE,2023-11-19,PRESIDENTE Y VICE,21,Santa Fe,5,Castellanos,01250,,LA LIBERTAD AVANZA,agrupacion,719,PROVISORIO,2023_BALOTAJE_santafe_presidente_mesa.csv
2023,BALOTAJE,2023-11-19,PRESIDENTE Y VICE,21,Santa Fe,5,Castellanos,01250,,NULO,nulos,12,PROVISORIO,2023_BALOTAJE_santafe_presidente_mesa.csv
2023,BALOTAJE,2023-11-19,PRESIDENTE Y VICE,21,Santa Fe,5,Castellanos,01250,,RECURRIDO,recurridos,0,PROVISORIO,2023_BALOTAJE_santafe_presidente_mesa.csv
2023,BALOTAJE,2023-11-19,PRESIDENTE Y VICE,21,Santa Fe,5,Castellanos,01250,,UNION POR LA PATRIA,agrupacion,270,PROVISORIO,2023_BALOTAJE_santafe_presidente_mesa.csv
2023,BALOTAJE,2023-11-19,PRESIDENTE Y VICE,21,Santa Fe,5,Castellanos,01260,,EN BLANCO,blancos,4,PROVISORIO,2023_BALOTAJE_santafe_presidente_mesa.csv
2023,BALOTAJE,2023-11-19,PRESIDENTE Y VICE,21,Santa Fe,5,Castellanos,01260,,IMPUGNADO,impugnados,0,PROVISORIO,2023_BALOTAJE_santafe_presidente_mesa.csv
2023,BALOTAJE,2023-11-19,PRESIDENTE Y VICE,21,Santa Fe,5,Castellanos,01260,,LA LIBERTAD AVANZA,agrupacion,155,PROVISORIO,2023_BALOTAJE_santafe_presidente_mesa.csv
2023,BALOTAJE,2023-11-19,PRESIDENTE Y VICE,21,Santa Fe,5,Castellanos,01260,,NULO,nulos,1,PROVISORIO,2023_BALOTAJE_santafe_presidente_mesa.csv
2023,BALOTAJE,2023-11-19,PRESIDENTE Y VICE,21,Santa Fe,5,Castellanos,01260,,RECURRIDO,recurridos,0,PROVISORIO,2023_BALOTAJE_santafe_presidente_mesa.csv
2023,BALOTAJE,2023-11-19,PRESIDENTE Y VICE,21,Santa Fe,5,Castellanos,01260,,UNION POR LA PATRIA,agrupacion,62,PROVISORIO,2023_BALOTAJE_santafe_presidente_mesa.csv
2023,BALOTAJE,2023-11-19,PRESIDENTE Y VICE,21,Santa Fe,5,Castellanos,01270,,EN BLANCO,blancos,5,PROVISORIO,2023_BALOTAJE_santafe_presidente_mesa.csv
2023,BALOTAJE,2023-11-19,PRESIDENTE Y VICE,21,Santa Fe,5,Castellanos,01270,,IMPUGNADO,impugnados,0,PROVISORIO,2023_BALOTAJE_santafe_presidente_mesa.csv
2023,BALOTAJE,2023-11-19,PRESIDENTE Y VICE,21,Santa Fe,5,Castellanos,01270,,LA LIBERTAD AVANZA,agrupacion,520,PROVISORIO,2023_BALOTAJE_santafe_presidente_mesa.csv
2023,BALOTAJE,2023-11-19,PRESIDENTE Y VICE,21,Santa Fe,5,Castellanos,01270,,NULO,nulos,9,PROVISORIO,2023_BALOTAJE_santafe_presidente_mesa.csv
2023,BALOTAJE,2023-11-19,PRESIDENTE Y VICE,21,Santa Fe,5,Castellanos,01270,,RECURRIDO,recurridos,0,PROVISORIO,2023_BALOTAJE_santafe_presidente_mesa.csv
2023,BALOTAJE,2023-11-19,PRESIDENTE Y VICE,21,Santa Fe,5,Castellanos,01270,,UNION POR LA PATRIA,agrupacion,65,PROVISORIO,2023_BALOTAJE_santafe_presidente_mesa.csv
2023,BALOTAJE,2023-11-19,PRESIDENTE Y VICE,21,Santa Fe,5,Castellanos,01280,,EN BLANCO,blancos,326,PROVISORIO,2023_BALOTAJE_santafe_presidente_mesa.csv
2023,BALOTAJE,2023-11-19,PRESIDENTE Y VICE,21,Santa Fe,5,Castellanos,01280,,IMPUGNADO,impugnados,2,PROVISORIO,2023_BALOTAJE_santafe_presidente_mesa.csv
2023,BALOTAJE,2023-11-19,PRESIDENTE Y VICE,21,Santa Fe,5,Castellanos,01280,,LA LIBERTAD AVANZA,agrupacion,15740,PROVISORIO,2023_BALOTAJE_santafe_presidente_mesa.csv
2023,BALOTAJE,2023-11-19,PRESIDENTE Y VICE,21,Santa Fe,5,Castellanos,01280,,NULO,nulos,475,PROVISORIO,2023_BALOTAJE_santafe_presidente_mesa.csv
2023,BALOTAJE,2023-11-19,PRESIDENTE Y VICE,21,Santa Fe,5,Castellanos,01280,,RECURRIDO,recurridos,0,PROVISORIO,2023_BALOTAJE_santafe_presidente_mesa.csv
2023,BALOTAJE,2023-11-19,PRESIDENTE Y VICE,21,Santa Fe,5,Castellanos,01280,,UNION POR LA PATRIA,agrupacion,6669,PROVISORIO,2023_BALOTAJE_santafe_presidente_mesa.csv
2023,BALOTAJE,2023-11-19,PRESIDENTE Y VICE,21,Santa Fe,5,Castellanos,01282,,EN BLANCO,blancos,159,PROVISORIO,2023_BALOTAJE_santafe_presidente_mesa.csv
2023,BALOTAJE,2023-11-19,PRESIDENTE Y VICE,21,Santa Fe,5,Castellanos,01282,,IMPUGNADO,impugnados,1,PROVISORIO,2023_BALOTAJE_santafe_presidente_mesa.csv
2023,BALOTAJE,2023-11-19,PRESIDENTE Y VICE,21,Santa Fe,5,Castellanos,01282,,LA LIBERTAD AVANZA,agrupacion,8538,PROVISORIO,2023_BALOTAJE_santafe_presidente_mesa.csv
2023,BALOTAJE,2023-11-19,PRESIDENTE Y VICE,21,Santa Fe,5,Castellanos,01282,,NULO,nulos,270,PROVISORIO,2023_BALOTAJE_santafe_presidente_mesa.csv
2023,BALOTAJE,2023-11-19,PRESIDENTE Y VICE,21,Santa Fe,5,Castellanos,01282,,RECURRIDO,recurridos,7,PROVISORIO,2023_BALOTAJE_santafe_presidente_mesa.csv
2023,BALOTAJE,2023-11-19,PRESIDENTE Y VICE,21,Santa Fe,5,Castellanos,01282,,UNION POR LA PATRIA,agrupacion,2865,PROVISORIO,2023_BALOTAJE_santafe_presidente_mesa.csv
2023,BALOTAJE,2023-11-19,PRESIDENTE Y VICE,21,Santa Fe,5,Castellanos,01284,,EN BLANCO,blancos,217,PROVISORIO,2023_BALOTAJE_santafe_presidente_mesa.csv
2023,BALOTAJE,2023-11-19,PRESIDENTE Y VICE,21,Santa Fe,5,Castellanos,01284,,IMPUGNADO,impugnados,0,PROVISORIO,2023_BALOTAJE_santafe_presidente_mesa.csv
2023,BALOTAJE,2023-11-19,PRESIDENTE Y VICE,21,Santa Fe,5,Castellanos,01284,,LA LIBERTAD AVANZA,agrupacion,10932,PROVISORIO,2023_BALOTAJE_santafe_presidente_mesa.csv
2023,BALOTAJE,2023-11-19,PRESIDENTE Y VICE,21,Santa Fe,5,Castellanos,01284,,NULO,nulos,268,PROVISORIO,2023_BALOTAJE_santafe_presidente_mesa.csv
2023,BALOTAJE,2023-11-19,PRESIDENTE Y VICE,21,Santa Fe,5,Castellanos,01284,,RECURRIDO,recurridos,0,PROVISORIO,2023_BALOTAJE_santafe_presidente_mesa.csv
2023,BALOTAJE,2023-11-19,PRESIDENTE Y VICE,21,Santa Fe,5,Castellanos,01284,,UNION POR LA PATRIA,agrupacion,3190,PROVISORIO,2023_BALOTAJE_santafe_presidente_mesa.csv
2023,BALOTAJE,2023-11-19,PRESIDENTE Y VICE,21,Santa Fe,5,Castellanos,01286,,EN BLANCO,blancos,243,PROVISORIO,2023_BALOTAJE_santafe_presidente_mesa.csv
2023,BALOTAJE,2023-11-19,PRESIDENTE Y VICE,21,Santa Fe,5,Castellanos,01286,,IMPUGNADO,impugnados,0,PROVISORIO,2023_BALOTAJE_santafe_presidente_mesa.csv
2023,BALOTAJE,2023-11-19,PRESIDENTE Y VICE,21,Santa Fe,5,Castellanos,01286,,LA LIBERTAD AVANZA,agrupacion,9597,PROVISORIO,2023_BALOTAJE_santafe_presidente_mesa.csv
2023,BALOTAJE,2023-11-19,PRESIDENTE Y VICE,21,Santa Fe,5,Castellanos,01286,,NULO,nulos,253,PROVISORIO,2023_BALOTAJE_santafe_presidente_mesa.csv
2023,BALOTAJE,2023-11-19,PRESIDENTE Y VICE,21,Santa Fe,5,Castellanos,01286,,RECURRIDO,recurridos,2,PROVISORIO,2023_BALOTAJE_santafe_presidente_mesa.csv
2023,BALOTAJE,2023-11-19,PRESIDENTE Y VICE,21,Santa Fe,5,Castellanos,01286,,UNION POR LA PATRIA,agrupacion,3341,PROVISORIO,2023_BALOTAJE_santafe_presidente_mesa.csv
2023,BALOTAJE,2023-11-19,PRESIDENTE Y VICE,21,Santa Fe,5,Castellanos,01290,,EN BLANCO,blancos,4,PROVISORIO,2023_BALOTAJE_santafe_presidente_mesa.csv
2023,BALOTAJE,2023-11-19,PRESIDENTE Y VICE,21,Santa Fe,5,Castellanos,01290,,IMPUGNADO,impugnados,0,PROVISORIO,2023_BALOTAJE_santafe_presidente_mesa.csv
2023,BALOTAJE,2023-11-19,PRESIDENTE Y VICE,21,Santa Fe,5,Castellanos,01290,,LA LIBERTAD AVANZA,agrupacion,144,PROVISORIO,2023_BALOTAJE_santafe_presidente_mesa.csv
2023,BALOTAJE,2023-11-19,PRESIDENTE Y VICE,21,Santa Fe,5,Castellanos,01290,,NULO,nulos,1,PROVISORIO,2023_BALOTAJE_santafe_presidente_mesa.csv
2023,BALOTAJE,2023-11-19,PRESIDENTE Y VICE,21,Santa Fe,5,Castellanos,01290,,RECURRIDO,recurridos,0,PROVISORIO,2023_BALOTAJE_santafe_presidente_mesa.csv
2023,BALOTAJE,2023-11-19,PRESIDENTE Y VICE,21,Santa Fe,5,Castellanos,01290,,UNION POR LA PATRIA,agrupacion,34,PROVISORIO,2023_BALOTAJE_santafe_presidente_mesa.csv
2023,BALOTAJE,2023-11-19,PRESIDENTE Y VICE,21,Santa Fe,5,Castellanos,01300,Santa Clara de Saguier,EN BLANCO,blancos,21,PROVISORIO,2023_BALOTAJE_santafe_presidente_mesa.csv
2023,BALOTAJE,2023-11-19,PRESIDENTE Y VICE,21,Santa Fe,5,Castellanos,01300,Santa Clara de Saguier,IMPUGNADO,impugnados,0,PROVISORIO,2023_BALOTAJE_santafe_presidente_mesa.csv
2023,BALOTAJE,2023-11-19,PRESIDENTE Y VICE,21,Santa Fe,5,Castellanos,01300,Santa Clara de Saguier,LA LIBERTAD AVANZA,agrupacion,987,PROVISORIO,2023_BALOTAJE_santafe_presidente_mesa.csv
2023,BALOTAJE,2023-11-19,PRESIDENTE Y VICE,21,Santa Fe,5,Castellanos,01300,Santa Clara de Saguier,NULO,nulos,22,PROVISORIO,2023_BALOTAJE_santafe_presidente_mesa.csv
2023,BALOTAJE,2023-11-19,PRESIDENTE Y VICE,21,Santa Fe,5,Castellanos,01300,Santa Clara de Saguier,RECURRIDO,recurridos,0,PROVISORIO,2023_BALOTAJE_santafe_presidente_mesa.csv
2023,BALOTAJE,2023-11-19,PRESIDENTE Y VICE,21,Santa Fe,5,Castellanos,01300,Santa Clara de Saguier,UNION POR LA PATRIA,agrupacion,291,PROVISORIO,2023_BALOTAJE_santafe_presidente_mesa.csv
2023,BALOTAJE,2023-11-19,PRESIDENTE Y VICE,21,Santa Fe,5,Castellanos,01310,,EN BLANCO,blancos,6,PROVISORIO,2023_BALOTAJE_santafe_presidente_mesa.csv
2023,BALOTAJE,2023-11-19,PRESIDENTE Y VICE,21,Santa Fe,5,Castellanos,01310,,IMPUGNADO,impugnados,0,PROVISORIO,2023_BALOTAJE_santafe_presidente_mesa.csv
2023,BALOTAJE,2023-11-19,PRESIDENTE Y VICE,21,Santa Fe,5,Castellanos,01310,,LA LIBERTAD AVANZA,agrupacion,294,PROVISORIO,2023_BALOTAJE_santafe_presidente_mesa.csv
2023,BALOTAJE,2023-11-19,PRESIDENTE Y VICE,21,Santa Fe,5,Castellanos,01310,,NULO,nulos,0,PROVISORIO,2023_BALOTAJE_santafe_presidente_mesa.csv
2023,BALOTAJE,2023-11-19,PRESIDENTE Y VICE,21,Santa Fe,5,Castellanos,01310,,RECURRIDO,recurridos,0,PROVISORIO,2023_BALOTAJE_santafe_presidente_mesa.csv
2023,BALOTAJE,2023-11-19,PRESIDENTE Y VICE,21,Santa Fe,5,Castellanos,01310,,UNION POR LA PATRIA,agrupacion,127,PROVISORIO,2023_BALOTAJE_santafe_presidente_mesa.csv
2023,BALOTAJE,2023-11-19,PRESIDENTE Y VICE,21,Santa Fe,5,Castellanos,01320,,EN BLANCO,blancos,22,PROVISORIO,2023_BALOTAJE_santafe_presidente_mesa.csv
2023,BALOTAJE,2023-11-19,PRESIDENTE Y VICE,21,Santa Fe,5,Castellanos,01320,,IMPUGNADO,impugnados,0,PROVISORIO,2023_BALOTAJE_santafe_presidente_mesa.csv
2023,BALOTAJE,2023-11-19,PRESIDENTE Y VICE,21,Santa Fe,5,Castellanos,01320,,LA LIBERTAD AVANZA,agrupacion,789,PROVISORIO,2023_BALOTAJE_santafe_presidente_mesa.csv
2023,BALOTAJE,2023-11-19,PRESIDENTE Y VICE,21,Santa Fe,5,Castellanos,01320,,NULO,nulos,20,PROVISORIO,2023_BALOTAJE_santafe_presidente_mesa.csv
2023,BALOTAJE,2023-11-19,PRESIDENTE Y VICE,21,Santa Fe,5,Castellanos,01320,,RECURRIDO,recurridos,0,PROVISORIO,2023_BALOTAJE_santafe_presidente_mesa.csv
2023,BALOTAJE,2023-11-19,PRESIDENTE Y VICE,21,Santa Fe,5,Castellanos,01320,,UNION POR LA PATRIA,agrupacion,193,PROVISORIO,2023_BALOTAJE_santafe_presidente_mesa.csv
2023,BALOTAJE,2023-11-19,PRESIDENTE Y VICE,21,Santa Fe,5,Castellanos,01330,,EN BLANCO,blancos,0,PROVISORIO,2023_BALOTAJE_santafe_presidente_mesa.csv
2023,BALOTAJE,2023-11-19,PRESIDENTE Y VICE,21,Santa Fe,5,Castellanos,01330,,IMPUGNADO,impugnados,0,PROVISORIO,2023_BALOTAJE_santafe_presidente_mesa.csv
2023,BALOTAJE,2023-11-19,PRESIDENTE Y VICE,21,Santa Fe,5,Castellanos,01330,,LA LIBERTAD AVANZA,agrupacion,60,PROVISORIO,2023_BALOTAJE_santafe_presidente_mesa.csv
2023,BALOTAJE,2023-11-19,PRESIDENTE Y VICE,21,Santa Fe,5,Castellanos,01330,,NULO,nulos,4,PROVISORIO,2023_BALOTAJE_santafe_presidente_mesa.csv
2023,BALOTAJE,2023-11-19,PRESIDENTE Y VICE,21,Santa Fe,5,Castellanos,01330,,RECURRIDO,recurridos,0,PROVISORIO,2023_BALOTAJE_santafe_presidente_mesa.csv
2023,BALOTAJE,2023-11-19,PRESIDENTE Y VICE,21,Santa Fe,5,Castellanos,01330,,UNION POR LA PATRIA,agrupacion,36,PROVISORIO,2023_BALOTAJE_santafe_presidente_mesa.csv
2023,BALOTAJE,2023-11-19,PRESIDENTE Y VICE,21,Santa Fe,5,Castellanos,01340,Josefina,EN BLANCO,blancos,15,PROVISORIO,2023_BALOTAJE_santafe_presidente_mesa.csv
2023,BALOTAJE,2023-11-19,PRESIDENTE Y VICE,21,Santa Fe,5,Castellanos,01340,Josefina,IMPUGNADO,impugnados,0,PROVISORIO,2023_BALOTAJE_santafe_presidente_mesa.csv
2023,BALOTAJE,2023-11-19,PRESIDENTE Y VICE,21,Santa Fe,5,Castellanos,01340,Josefina,LA LIBERTAD AVANZA,agrupacion,465,PROVISORIO,2023_BALOTAJE_santafe_presidente_mesa.csv
2023,BALOTAJE,2023-11-19,PRESIDENTE Y VICE,21,Santa Fe,5,Castellanos,01340,Josefina,NULO,nulos,3,PROVISORIO,2023_BALOTAJE_santafe_presidente_mesa.csv
2023,BALOTAJE,2023-11-19,PRESIDENTE Y VICE,21,Santa Fe,5,Castellanos,01340,Josefina,RECURRIDO,recurridos,0,PROVISORIO,2023_BALOTAJE_santafe_presidente_mesa.csv
2023,BALOTAJE,2023-11-19,PRESIDENTE Y VICE,21,Santa Fe,5,Castellanos,01340,Josefina,UNION POR LA PATRIA,agrupacion,127,PROVISORIO,2023_BALOTAJE_santafe_presidente_mesa.csv
2023,BALOTAJE,2023-11-19,PRESIDENTE Y VICE,21,Santa Fe,5,Castellanos,01342,,EN BLANCO,blancos,7,PROVISORIO,2023_BALOTAJE_santafe_presidente_mesa.csv
2023,BALOTAJE,2023-11-19,PRESIDENTE Y VICE,21,Santa Fe,5,Castellanos,01342,,IMPUGNADO,impugnados,0,PROVISORIO,2023_BALOTAJE_santafe_presidente_mesa.csv
2023,BALOTAJE,2023-11-19,PRESIDENTE Y VICE,21,Santa Fe,5,Castellanos,01342,,LA LIBERTAD AVANZA,agrupacion,319,PROVISORIO,2023_BALOTAJE_santafe_presidente_mesa.csv
2023,BALOTAJE,2023-11-19,PRESIDENTE Y VICE,21,Santa Fe,5,Castellanos,01342,,NULO,nulos,7,PROVISORIO,2023_BALOTAJE_santafe_presidente_mesa.csv
2023,BALOTAJE,2023-11-19,PRESIDENTE Y VICE,21,Santa Fe,5,Castellanos,01342,,RECURRIDO,recurridos,0,PROVISORIO,2023_BALOTAJE_santafe_presidente_mesa.csv
2023,BALOTAJE,2023-11-19,PRESIDENTE Y VICE,21,Santa Fe,5,Castellanos,01342,,UNION POR LA PATRIA,agrupacion,251,PROVISORIO,2023_BALOTAJE_santafe_presidente_mesa.csv
2023,BALOTAJE,2023-11-19,PRESIDENTE Y VICE,21,Santa Fe,5,Castellanos,01345,Frontera,EN BLANCO,blancos,53,PROVISORIO,2023_BALOTAJE_santafe_presidente_mesa.csv
2023,BALOTAJE,2023-11-19,PRESIDENTE Y VICE,21,Santa Fe,5,Castellanos,01345,Frontera,IMPUGNADO,impugnados,0,PROVISORIO,2023_BALOTAJE_santafe_presidente_mesa.csv
2023,BALOTAJE,2023-11-19,PRESIDENTE Y VICE,21,Santa Fe,5,Castellanos,01345,Frontera,LA LIBERTAD AVANZA,agrupacion,3023,PROVISORIO,2023_BALOTAJE_santafe_presidente_mesa.csv
2023,BALOTAJE,2023-11-19,PRESIDENTE Y VICE,21,Santa Fe,5,Castellanos,01345,Frontera,NULO,nulos,132,PROVISORIO,2023_BALOTAJE_santafe_presidente_mesa.csv
2023,BALOTAJE,2023-11-19,PRESIDENTE Y VICE,21,Santa Fe,5,Castellanos,01345,Frontera,RECURRIDO,recurridos,0,PROVISORIO,2023_BALOTAJE_santafe_presidente_mesa.csv
2023,BALOTAJE,2023-11-19,PRESIDENTE Y VICE,21,Santa Fe,5,Castellanos,01345,Frontera,UNION POR LA PATRIA,agrupacion,1893,PROVISORIO,2023_BALOTAJE_santafe_presidente_mesa.csv
2023,BALOTAJE,2023-11-19,PRESIDENTE Y VICE,21,Santa Fe,5,Castellanos,01350,,EN BLANCO,blancos,4,PROVISORIO,2023_BALOTAJE_santafe_presidente_mesa.csv
2023,BALOTAJE,2023-11-19,PRESIDENTE Y VICE,21,Santa Fe,5,Castellanos,01350,,IMPUGNADO,impugnados,0,PROVISORIO,2023_BALOTAJE_santafe_presidente_mesa.csv
2023,BALOTAJE,2023-11-19,PRESIDENTE Y VICE,21,Santa Fe,5,Castellanos,01350,,LA LIBERTAD AVANZA,agrupacion,129,PROVISORIO,2023_BALOTAJE_santafe_presidente_mesa.csv
2023,BALOTAJE,2023-11-19,PRESIDENTE Y VICE,21,Santa Fe,5,Castellanos,01350,,NULO,nulos,0,PROVISORIO,2023_BALOTAJE_santafe_presidente_mesa.csv
2023,BALOTAJE,2023-11-19,PRESIDENTE Y VICE,21,Santa Fe,5,Castellanos,01350,,RECURRIDO,recurridos,0,PROVISORIO,2023_BALOTAJE_santafe_presidente_mesa.csv
2023,BALOTAJE,2023-11-19,PRESIDENTE Y VICE,21,Santa Fe,5,Castellanos,01350,,UNION POR LA PATRIA,agrupacion,10,PROVISORIO,2023_BALOTAJE_santafe_presidente_mesa.csv
2023,BALOTAJE,2023-11-19,PRESIDENTE Y VICE,21,Santa Fe,5,Castellanos,01360,,EN BLANCO,blancos,21,PROVISORIO,2023_BALOTAJE_santafe_presidente_mesa.csv
2023,BALOTAJE,2023-11-19,PRESIDENTE Y VICE,21,Santa Fe,5,Castellanos,01360,,IMPUGNADO,impugnados,0,PROVISORIO,2023_BALOTAJE_santafe_presidente_mesa.csv
2023,BALOTAJE,2023-11-19,PRESIDENTE Y VICE,21,Santa Fe,5,Castellanos,01360,,LA LIBERTAD AVANZA,agrupacion,695,PROVISORIO,2023_BALOTAJE_santafe_presidente_mesa.csv
2023,BALOTAJE,2023-11-19,PRESIDENTE Y VICE,21,Santa Fe,5,Castellanos,01360,,NULO,nulos,9,PROVISORIO,2023_BALOTAJE_santafe_presidente_mesa.csv
2023,BALOTAJE,2023-11-19,PRESIDENTE Y VICE,21,Santa Fe,5,Castellanos,01360,,RECURRIDO,recurridos,0,PROVISORIO,2023_BALOTAJE_santafe_presidente_mesa.csv
2023,BALOTAJE,2023-11-19,PRESIDENTE Y VICE,21,Santa Fe,5,Castellanos,01360,,UNION POR LA PATRIA,agrupacion,245,PROVISORIO,2023_BALOTAJE_santafe_presidente_mesa.csv
2023,BALOTAJE,2023-11-19,PRESIDENTE Y VICE,21,Santa Fe,5,Castellanos,01365,,EN BLANCO,blancos,0,PROVISORIO,2023_BALOTAJE_santafe_presidente_mesa.csv
2023,BALOTAJE,2023-11-19,PRESIDENTE Y VICE,21,Santa Fe,5,Castellanos,01365,,IMPUGNADO,impugnados,0,PROVISORIO,2023_BALOTAJE_santafe_presidente_mesa.csv
2023,BALOTAJE,2023-11-19,PRESIDENTE Y VICE,21,Santa Fe,5,Castellanos,01365,,LA LIBERTAD AVANZA,agrupacion,23,PROVISORIO,2023_BALOTAJE_santafe_presidente_mesa.csv
2023,BALOTAJE,2023-11-19,PRESIDENTE Y VICE,21,Santa Fe,5,Castellanos,01365,,NULO,nulos,5,PROVISORIO,2023_BALOTAJE_santafe_presidente_mesa.csv
2023,BALOTAJE,2023-11-19,PRESIDENTE Y VICE,21,Santa Fe,5,Castellanos,01365,,RECURRIDO,recurridos,0,PROVISORIO,2023_BALOTAJE_santafe_presidente_mesa.csv
2023,BALOTAJE,2023-11-19,PRESIDENTE Y VICE,21,Santa Fe,5,Castellanos,01365,,UNION POR LA PATRIA,agrupacion,11,PROVISORIO,2023_BALOTAJE_santafe_presidente_mesa.csv
2023,BALOTAJE,2023-11-19,PRESIDENTE Y VICE,21,Santa Fe,5,Castellanos,01370,,EN BLANCO,blancos,20,PROVISORIO,2023_BALOTAJE_santafe_presidente_mesa.csv
2023,BALOTAJE,2023-11-19,PRESIDENTE Y VICE,21,Santa Fe,5,Castellanos,01370,,IMPUGNADO,impugnados,0,PROVISORIO,2023_BALOTAJE_santafe_presidente_mesa.csv
2023,BALOTAJE,2023-11-19,PRESIDENTE Y VICE,21,Santa Fe,5,Castellanos,01370,,LA LIBERTAD AVANZA,agrupacion,576,PROVISORIO,2023_BALOTAJE_santafe_presidente_mesa.csv
2023,BALOTAJE,2023-11-19,PRESIDENTE Y VICE,21,Santa Fe,5,Castellanos,01370,,NULO,nulos,15,PROVISORIO,2023_BALOTAJE_santafe_presidente_mesa.csv
2023,BALOTAJE,2023-11-19,PRESIDENTE Y VICE,21,Santa Fe,5,Castellanos,01370,,RECURRIDO,recurridos,0,PROVISORIO,2023_BALOTAJE_santafe_presidente_mesa.csv
2023,BALOTAJE,2023-11-19,PRESIDENTE Y VICE,21,Santa Fe,5,Castellanos,01370,,UNION POR LA PATRIA,agrupacion,320,PROVISORIO,2023_BALOTAJE_santafe_presidente_mesa.csv
2023,BALOTAJE,2023-11-19,PRESIDENTE Y VICE,21,Santa Fe,5,Castellanos,01380,Zenón Pereyra,EN BLANCO,blancos,16,PROVISORIO,2023_BALOTAJE_santafe_presidente_mesa.csv
2023,BALOTAJE,2023-11-19,PRESIDENTE Y VICE,21,Santa Fe,5,Castellanos,01380,Zenón Pereyra,IMPUGNADO,impugnados,0,PROVISORIO,2023_BALOTAJE_santafe_presidente_mesa.csv
2023,BALOTAJE,2023-11-19,PRESIDENTE Y VICE,21,Santa Fe,5,Castellanos,01380,Zenón Pereyra,LA LIBERTAD AVANZA,agrupacion,926,PROVISORIO,2023_BALOTAJE_santafe_presidente_mesa.csv
2023,BALOTAJE,2023-11-19,PRESIDENTE Y VICE,21,Santa Fe,5,Castellanos,01380,Zenón Pereyra,NULO,nulos,26,PROVISORIO,2023_BALOTAJE_santafe_presidente_mesa.csv
2023,BALOTAJE,2023-11-19,PRESIDENTE Y VICE,21,Santa Fe,5,Castellanos,01380,Zenón Pereyra,RECURRIDO,recurridos,0,PROVISORIO,2023_BALOTAJE_santafe_presidente_mesa.csv
2023,BALOTAJE,2023-11-19,PRESIDENTE Y VICE,21,Santa Fe,5,Castellanos,01380,Zenón Pereyra,UNION POR LA PATRIA,agrupacion,199,PROVISORIO,2023_BALOTAJE_santafe_presidente_mesa.csv
2023,BALOTAJE,2023-11-19,PRESIDENTE Y VICE,21,Santa Fe,5,Castellanos,01390,,EN BLANCO,blancos,10,PROVISORIO,2023_BALOTAJE_santafe_presidente_mesa.csv
2023,BALOTAJE,2023-11-19,PRESIDENTE Y VICE,21,Santa Fe,5,Castellanos,01390,,IMPUGNADO,impugnados,0,PROVISORIO,2023_BALOTAJE_santafe_presidente_mesa.csv
2023,BALOTAJE,2023-11-19,PRESIDENTE Y VICE,21,Santa Fe,5,Castellanos,01390,,LA LIBERTAD AVANZA,agrupacion,302,PROVISORIO,2023_BALOTAJE_santafe_presidente_mesa.csv
2023,BALOTAJE,2023-11-19,PRESIDENTE Y VICE,21,Santa Fe,5,Castellanos,01390,,NULO,nulos,3,PROVISORIO,2023_BALOTAJE_santafe_presidente_mesa.csv
2023,BALOTAJE,2023-11-19,PRESIDENTE Y VICE,21,Santa Fe,5,Castellanos,01390,,RECURRIDO,recurridos,0,PROVISORIO,2023_BALOTAJE_santafe_presidente_mesa.csv
2023,BALOTAJE,2023-11-19,PRESIDENTE Y VICE,21,Santa Fe,5,Castellanos,01390,,UNION POR LA PATRIA,agrupacion,87,PROVISORIO,2023_BALOTAJE_santafe_presidente_mesa.csv
2023,BALOTAJE,2023-11-19,PRESIDENTE Y VICE,21,Santa Fe,5,Castellanos,01400,María Juana,EN BLANCO,blancos,74,PROVISORIO,2023_BALOTAJE_santafe_presidente_mesa.csv
2023,BALOTAJE,2023-11-19,PRESIDENTE Y VICE,21,Santa Fe,5,Castellanos,01400,María Juana,IMPUGNADO,impugnados,0,PROVISORIO,2023_BALOTAJE_santafe_presidente_mesa.csv
2023,BALOTAJE,2023-11-19,PRESIDENTE Y VICE,21,Santa Fe,5,Castellanos,01400,María Juana,LA LIBERTAD AVANZA,agrupacion,1999,PROVISORIO,2023_BALOTAJE_santafe_presidente_mesa.csv
2023,BALOTAJE,2023-11-19,PRESIDENTE Y VICE,21,Santa Fe,5,Castellanos,01400,María Juana,NULO,nulos,68,PROVISORIO,2023_BALOTAJE_santafe_presidente_mesa.csv
2023,BALOTAJE,2023-11-19,PRESIDENTE Y VICE,21,Santa Fe,5,Castellanos,01400,María Juana,RECURRIDO,recurridos,0,PROVISORIO,2023_BALOTAJE_santafe_presidente_mesa.csv
2023,BALOTAJE,2023-11-19,PRESIDENTE Y VICE,21,Santa Fe,5,Castellanos,01400,María Juana,UNION POR LA PATRIA,agrupacion,876,PROVISORIO,2023_BALOTAJE_santafe_presidente_mesa.csv
2023,BALOTAJE,2023-11-19,PRESIDENTE Y VICE,21,Santa Fe,5,Castellanos,01410,,EN BLANCO,blancos,3,PROVISORIO,2023_BALOTAJE_santafe_presidente_mesa.csv
2023,BALOTAJE,2023-11-19,PRESIDENTE Y VICE,21,Santa Fe,5,Castellanos,01410,,IMPUGNADO,impugnados,0,PROVISORIO,2023_BALOTAJE_santafe_presidente_mesa.csv
2023,BALOTAJE,2023-11-19,PRESIDENTE Y VICE,21,Santa Fe,5,Castellanos,01410,,LA LIBERTAD AVANZA,agrupacion,163,PROVISORIO,2023_BALOTAJE_santafe_presidente_mesa.csv
2023,BALOTAJE,2023-11-19,PRESIDENTE Y VICE,21,Santa Fe,5,Castellanos,01410,,NULO,nulos,5,PROVISORIO,2023_BALOTAJE_santafe_presidente_mesa.csv
2023,BALOTAJE,2023-11-19,PRESIDENTE Y VICE,21,Santa Fe,5,Castellanos,01410,,RECURRIDO,recurridos,0,PROVISORIO,2023_BALOTAJE_santafe_presidente_mesa.csv
2023,BALOTAJE,2023-11-19,PRESIDENTE Y VICE,21,Santa Fe,5,Castellanos,01410,,UNION POR LA PATRIA,agrupacion,59,PROVISORIO,2023_BALOTAJE_santafe_presidente_mesa.csv
2023,BALOTAJE,2023-11-19,PRESIDENTE Y VICE,21,Santa Fe,5,Castellanos,01420,San Vicente,EN BLANCO,blancos,75,PROVISORIO,2023_BALOTAJE_santafe_presidente_mesa.csv
2023,BALOTAJE,2023-11-19,PRESIDENTE Y VICE,21,Santa Fe,5,Castellanos,01420,San Vicente,IMPUGNADO,impugnados,0,PROVISORIO,2023_BALOTAJE_santafe_presidente_mesa.csv
2023,BALOTAJE,2023-11-19,PRESIDENTE Y VICE,21,Santa Fe,5,Castellanos,01420,San Vicente,LA LIBERTAD AVANZA,agrupacion,2906,PROVISORIO,2023_BALOTAJE_santafe_presidente_mesa.csv
2023,BALOTAJE,2023-11-19,PRESIDENTE Y VICE,21,Santa Fe,5,Castellanos,01420,San Vicente,NULO,nulos,94,PROVISORIO,2023_BALOTAJE_santafe_presidente_mesa.csv
2023,BALOTAJE,2023-11-19,PRESIDENTE Y VICE,21,Santa Fe,5,Castellanos,01420,San Vicente,RECURRIDO,recurridos,0,PROVISORIO,2023_BALOTAJE_santafe_presidente_mesa.csv
2023,BALOTAJE,2023-11-19,PRESIDENTE Y VICE,21,Santa Fe,5,Castellanos,01420,San Vicente,UNION POR LA PATRIA,agrupacion,1022,PROVISORIO,2023_BALOTAJE_santafe_presidente_mesa.csv
2023,BALOTAJE,2023-11-19,PRESIDENTE Y VICE,21,Santa Fe,5,Castellanos,01430,,EN BLANCO,blancos,18,PROVISORIO,2023_BALOTAJE_santafe_presidente_mesa.csv
2023,BALOTAJE,2023-11-19,PRESIDENTE Y VICE,21,Santa Fe,5,Castellanos,01430,,IMPUGNADO,impugnados,0,PROVISORIO,2023_BALOTAJE_santafe_presidente_mesa.csv
2023,BALOTAJE,2023-11-19,PRESIDENTE Y VICE,21,Santa Fe,5,Castellanos,01430,,LA LIBERTAD AVANZA,agrupacion,864,PROVISORIO,2023_BALOTAJE_santafe_presidente_mesa.csv
2023,BALOTAJE,2023-11-19,PRESIDENTE Y VICE,21,Santa Fe,5,Castellanos,01430,,NULO,nulos,13,PROVISORIO,2023_BALOTAJE_santafe_presidente_mesa.csv
2023,BALOTAJE,2023-11-19,PRESIDENTE Y VICE,21,Santa Fe,5,Castellanos,01430,,RECURRIDO,recurridos,0,PROVISORIO,2023_BALOTAJE_santafe_presidente_mesa.csv
2023,BALOTAJE,2023-11-19,PRESIDENTE Y VICE,21,Santa Fe,5,Castellanos,01430,,UNION POR LA PATRIA,agrupacion,285,PROVISORIO,2023_BALOTAJE_santafe_presidente_mesa.csv
2023,BALOTAJE,2023-11-19,PRESIDENTE Y VICE,21,Santa Fe,5,Castellanos,01440,,EN BLANCO,blancos,11,PROVISORIO,2023_BALOTAJE_santafe_presidente_mesa.csv
2023,BALOTAJE,2023-11-19,PRESIDENTE Y VICE,21,Santa Fe,5,Castellanos,01440,,IMPUGNADO,impugnados,0,PROVISORIO,2023_BALOTAJE_santafe_presidente_mesa.csv
2023,BALOTAJE,2023-11-19,PRESIDENTE Y VICE,21,Santa Fe,5,Castellanos,01440,,LA LIBERTAD AVANZA,agrupacion,491,PROVISORIO,2023_BALOTAJE_santafe_presidente_mesa.csv
2023,BALOTAJE,2023-11-19,PRESIDENTE Y VICE,21,Santa Fe,5,Castellanos,01440,,NULO,nulos,12,PROVISORIO,2023_BALOTAJE_santafe_presidente_mesa.csv
2023,BALOTAJE,2023-11-19,PRESIDENTE Y VICE,21,Santa Fe,5,Castellanos,01440,,RECURRIDO,recurridos,0,PROVISORIO,2023_BALOTAJE_santafe_presidente_mesa.csv
2023,BALOTAJE,2023-11-19,PRESIDENTE Y VICE,21,Santa Fe,5,Castellanos,01440,,UNION POR LA PATRIA,agrupacion,101,PROVISORIO,2023_BALOTAJE_santafe_presidente_mesa.csv
2023,BALOTAJE,2023-11-19,PRESIDENTE Y VICE,21,Santa Fe,5,Castellanos,01450,,EN BLANCO,blancos,4,PROVISORIO,2023_BALOTAJE_santafe_presidente_mesa.csv
2023,BALOTAJE,2023-11-19,PRESIDENTE Y VICE,21,Santa Fe,5,Castellanos,01450,,IMPUGNADO,impugnados,0,PROVISORIO,2023_BALOTAJE_santafe_presidente_mesa.csv
2023,BALOTAJE,2023-11-19,PRESIDENTE Y VICE,21,Santa Fe,5,Castellanos,01450,,LA LIBERTAD AVANZA,agrupacion,185,PROVISORIO,2023_BALOTAJE_santafe_presidente_mesa.csv
2023,BALOTAJE,2023-11-19,PRESIDENTE Y VICE,21,Santa Fe,5,Castellanos,01450,,NULO,nulos,3,PROVISORIO,2023_BALOTAJE_santafe_presidente_mesa.csv
2023,BALOTAJE,2023-11-19,PRESIDENTE Y VICE,21,Santa Fe,5,Castellanos,01450,,RECURRIDO,recurridos,0,PROVISORIO,2023_BALOTAJE_santafe_presidente_mesa.csv
2023,BALOTAJE,2023-11-19,PRESIDENTE Y VICE,21,Santa Fe,5,Castellanos,01450,,UNION POR LA PATRIA,agrupacion,50,PROVISORIO,2023_BALOTAJE_santafe_presidente_mesa.csv
2023,BALOTAJE,2023-11-19,PRESIDENTE Y VICE,21,Santa Fe,5,Castellanos,01460,,EN BLANCO,blancos,0,PROVISORIO,2023_BALOTAJE_santafe_presidente_mesa.csv
2023,BALOTAJE,2023-11-19,PRESIDENTE Y VICE,21,Santa Fe,5,Castellanos,01460,,IMPUGNADO,impugnados,0,PROVISORIO,2023_BALOTAJE_santafe_presidente_mesa.csv
2023,BALOTAJE,2023-11-19,PRESIDENTE Y VICE,21,Santa Fe,5,Castellanos,01460,,LA LIBERTAD AVANZA,agrupacion,279,PROVISORIO,2023_BALOTAJE_santafe_presidente_mesa.csv
2023,BALOTAJE,2023-11-19,PRESIDENTE Y VICE,21,Santa Fe,5,Castellanos,01460,,NULO,nulos,1,PROVISORIO,2023_BALOTAJE_santafe_presidente_mesa.csv
2023,BALOTAJE,2023-11-19,PRESIDENTE Y VICE,21,Santa Fe,5,Castellanos,01460,,RECURRIDO,recurridos,0,PROVISORIO,2023_BALOTAJE_santafe_presidente_mesa.csv
2023,BALOTAJE,2023-11-19,PRESIDENTE Y VICE,21,Santa Fe,5,Castellanos,01460,,UNION POR LA PATRIA,agrupacion,11,PROVISORIO,2023_BALOTAJE_santafe_presidente_mesa.csv
2023,BALOTAJE,2023-11-19,PRESIDENTE Y VICE,21,Santa Fe,5,Castellanos,01470,,EN BLANCO,blancos,1,PROVISORIO,2023_BALOTAJE_santafe_presidente_mesa.csv
2023,BALOTAJE,2023-11-19,PRESIDENTE Y VICE,21,Santa Fe,5,Castellanos,01470,,IMPUGNADO,impugnados,0,PROVISORIO,2023_BALOTAJE_santafe_presidente_mesa.csv
2023,BALOTAJE,2023-11-19,PRESIDENTE Y VICE,21,Santa Fe,5,Castellanos,01470,,LA LIBERTAD AVANZA,agrupacion,70,PROVISORIO,2023_BALOTAJE_santafe_presidente_mesa.csv
2023,BALOTAJE,2023-11-19,PRESIDENTE Y VICE,21,Santa Fe,5,Castellanos,01470,,NULO,nulos,1,PROVISORIO,2023_BALOTAJE_santafe_presidente_mesa.csv
2023,BALOTAJE,2023-11-19,PRESIDENTE Y VICE,21,Santa Fe,5,Castellanos,01470,,RECURRIDO,recurridos,0,PROVISORIO,2023_BALOTAJE_santafe_presidente_mesa.csv
2023,BALOTAJE,2023-11-19,PRESIDENTE Y VICE,21,Santa Fe,5,Castellanos,01470,,UNION POR LA PATRIA,agrupacion,51,PROVISORIO,2023_BALOTAJE_santafe_presidente_mesa.csv
2023,BALOTAJE,2023-11-19,PRESIDENTE Y VICE,21,Santa Fe,5,Castellanos,01480,,EN BLANCO,blancos,2,PROVISORIO,2023_BALOTAJE_santafe_presidente_mesa.csv
2023,BALOTAJE,2023-11-19,PRESIDENTE Y VICE,21,Santa Fe,5,Castellanos,01480,,IMPUGNADO,impugnados,0,PROVISORIO,2023_BALOTAJE_santafe_presidente_mesa.csv
2023,BALOTAJE,2023-11-19,PRESIDENTE Y VICE,21,Santa Fe,5,Castellanos,01480,,LA LIBERTAD AVANZA,agrupacion,63,PROVISORIO,2023_BALOTAJE_santafe_presidente_mesa.csv
2023,BALOTAJE,2023-11-19,PRESIDENTE Y VICE,21,Santa Fe,5,Castellanos,01480,,NULO,nulos,2,PROVISORIO,2023_BALOTAJE_santafe_presidente_mesa.csv
2023,BALOTAJE,2023-11-19,PRESIDENTE Y VICE,21,Santa Fe,5,Castellanos,01480,,RECURRIDO,recurridos,0,PROVISORIO,2023_BALOTAJE_santafe_presidente_mesa.csv
2023,BALOTAJE,2023-11-19,PRESIDENTE Y VICE,21,Santa Fe,5,Castellanos,01480,,UNION POR LA PATRIA,agrupacion,28,PROVISORIO,2023_BALOTAJE_santafe_presidente_mesa.csv
2023,BALOTAJE,2023-11-19,PRESIDENTE Y VICE,21,Santa Fe,5,Castellanos,01490,,EN BLANCO,blancos,0,PROVISORIO,2023_BALOTAJE_santafe_presidente_mesa.csv
2023,BALOTAJE,2023-11-19,PRESIDENTE Y VICE,21,Santa Fe,5,Castellanos,01490,,IMPUGNADO,impugnados,0,PROVISORIO,2023_BALOTAJE_santafe_presidente_mesa.csv
2023,BALOTAJE,2023-11-19,PRESIDENTE Y VICE,21,Santa Fe,5,Castellanos,01490,,LA LIBERTAD AVANZA,agrupacion,74,PROVISORIO,2023_BALOTAJE_santafe_presidente_mesa.csv
2023,BALOTAJE,2023-11-19,PRESIDENTE Y VICE,21,Santa Fe,5,Castellanos,01490,,NULO,nulos,0,PROVISORIO,2023_BALOTAJE_santafe_presidente_mesa.csv
2023,BALOTAJE,2023-11-19,PRESIDENTE Y VICE,21,Santa Fe,5,Castellanos,01490,,RECURRIDO,recurridos,0,PROVISORIO,2023_BALOTAJE_santafe_presidente_mesa.csv
2023,BALOTAJE,2023-11-19,PRESIDENTE Y VICE,21,Santa Fe,5,Castellanos,01490,,UNION POR LA PATRIA,agrupacion,24,PROVISORIO,2023_BALOTAJE_santafe_presidente_mesa.csv
2023,BALOTAJE,2023-11-19,PRESIDENTE Y VICE,21,Santa Fe,5,Castellanos,01500,,EN BLANCO,blancos,0,PROVISORIO,2023_BALOTAJE_santafe_presidente_mesa.csv
2023,BALOTAJE,2023-11-19,PRESIDENTE Y VICE,21,Santa Fe,5,Castellanos,01500,,IMPUGNADO,impugnados,0,PROVISORIO,2023_BALOTAJE_santafe_presidente_mesa.csv
2023,BALOTAJE,2023-11-19,PRESIDENTE Y VICE,21,Santa Fe,5,Castellanos,01500,,LA LIBERTAD AVANZA,agrupacion,62,PROVISORIO,2023_BALOTAJE_santafe_presidente_mesa.csv
2023,BALOTAJE,2023-11-19,PRESIDENTE Y VICE,21,Santa Fe,5,Castellanos,01500,,NULO,nulos,1,PROVISORIO,2023_BALOTAJE_santafe_presidente_mesa.csv
2023,BALOTAJE,2023-11-19,PRESIDENTE Y VICE,21,Santa Fe,5,Castellanos,01500,,RECURRIDO,recurridos,0,PROVISORIO,2023_BALOTAJE_santafe_presidente_mesa.csv
2023,BALOTAJE,2023-11-19,PRESIDENTE Y VICE,21,Santa Fe,5,Castellanos,01500,,UNION POR LA PATRIA,agrupacion,3,PROVISORIO,2023_BALOTAJE_santafe_presidente_mesa.csv
2023,BALOTAJE,2023-11-19,PRESIDENTE Y VICE,21,Santa Fe,5,Castellanos,01510,,EN BLANCO,blancos,3,PROVISORIO,2023_BALOTAJE_santafe_presidente_mesa.csv
2023,BALOTAJE,2023-11-19,PRESIDENTE Y VICE,21,Santa Fe,5,Castellanos,01510,,IMPUGNADO,impugnados,0,PROVISORIO,2023_BALOTAJE_santafe_presidente_mesa.csv
2023,BALOTAJE,2023-11-19,PRESIDENTE Y VICE,21,Santa Fe,5,Castellanos,01510,,LA LIBERTAD AVANZA,agrupacion,144,PROVISORIO,2023_BALOTAJE_santafe_presidente_mesa.csv
2023,BALOTAJE,2023-11-19,PRESIDENTE Y VICE,21,Santa Fe,5,Castellanos,01510,,NULO,nulos,4,PROVISORIO,2023_BALOTAJE_santafe_presidente_mesa.csv
2023,BALOTAJE,2023-11-19,PRESIDENTE Y VICE,21,Santa Fe,5,Castellanos,01510,,RECURRIDO,recurridos,0,PROVISORIO,2023_BALOTAJE_santafe_presidente_mesa.csv
2023,BALOTAJE,2023-11-19,PRESIDENTE Y VICE,21,Santa Fe,5,Castellanos,01510,,UNION POR LA PATRIA,agrupacion,70,PROVISORIO,2023_BALOTAJE_santafe_presidente_mesa.csv
2023,BALOTAJE,2023-11-19,PRESIDENTE Y VICE,21,Santa Fe,5,Castellanos,01520,,EN BLANCO,blancos,1,PROVISORIO,2023_BALOTAJE_santafe_presidente_mesa.csv
2023,BALOTAJE,2023-11-19,PRESIDENTE Y VICE,21,Santa Fe,5,Castellanos,01520,,IMPUGNADO,impugnados,0,PROVISORIO,2023_BALOTAJE_santafe_presidente_mesa.csv
2023,BALOTAJE,2023-11-19,PRESIDENTE Y VICE,21,Santa Fe,5,Castellanos,01520,,LA LIBERTAD AVANZA,agrupacion,32,PROVISORIO,2023_BALOTAJE_santafe_presidente_mesa.csv
2023,BALOTAJE,2023-11-19,PRESIDENTE Y VICE,21,Santa Fe,5,Castellanos,01520,,NULO,nulos,0,PROVISORIO,2023_BALOTAJE_santafe_presidente_mesa.csv
2023,BALOTAJE,2023-11-19,PRESIDENTE Y VICE,21,Santa Fe,5,Castellanos,01520,,RECURRIDO,recurridos,0,PROVISORIO,2023_BALOTAJE_santafe_presidente_mesa.csv
2023,BALOTAJE,2023-11-19,PRESIDENTE Y VICE,21,Santa Fe,5,Castellanos,01520,,UNION POR LA PATRIA,agrupacion,5,PROVISORIO,2023_BALOTAJE_santafe_presidente_mesa.csv
2023,BALOTAJE,2023-11-19,PRESIDENTE Y VICE,21,Santa Fe,6,San Martín,01530,,EN BLANCO,blancos,5,PROVISORIO,2023_BALOTAJE_santafe_presidente_mesa.csv
2023,BALOTAJE,2023-11-19,PRESIDENTE Y VICE,21,Santa Fe,6,San Martín,01530,,IMPUGNADO,impugnados,0,PROVISORIO,2023_BALOTAJE_santafe_presidente_mesa.csv
2023,BALOTAJE,2023-11-19,PRESIDENTE Y VICE,21,Santa Fe,6,San Martín,01530,,LA LIBERTAD AVANZA,agrupacion,322,PROVISORIO,2023_BALOTAJE_santafe_presidente_mesa.csv
2023,BALOTAJE,2023-11-19,PRESIDENTE Y VICE,21,Santa Fe,6,San Martín,01530,,NULO,nulos,4,PROVISORIO,2023_BALOTAJE_santafe_presidente_mesa.csv
2023,BALOTAJE,2023-11-19,PRESIDENTE Y VICE,21,Santa Fe,6,San Martín,01530,,RECURRIDO,recurridos,0,PROVISORIO,2023_BALOTAJE_santafe_presidente_mesa.csv
2023,BALOTAJE,2023-11-19,PRESIDENTE Y VICE,21,Santa Fe,6,San Martín,01530,,UNION POR LA PATRIA,agrupacion,84,PROVISORIO,2023_BALOTAJE_santafe_presidente_mesa.csv
2023,BALOTAJE,2023-11-19,PRESIDENTE Y VICE,21,Santa Fe,6,San Martín,01540,,EN BLANCO,blancos,1,PROVISORIO,2023_BALOTAJE_santafe_presidente_mesa.csv
2023,BALOTAJE,2023-11-19,PRESIDENTE Y VICE,21,Santa Fe,6,San Martín,01540,,IMPUGNADO,impugnados,0,PROVISORIO,2023_BALOTAJE_santafe_presidente_mesa.csv
2023,BALOTAJE,2023-11-19,PRESIDENTE Y VICE,21,Santa Fe,6,San Martín,01540,,LA LIBERTAD AVANZA,agrupacion,148,PROVISORIO,2023_BALOTAJE_santafe_presidente_mesa.csv
2023,BALOTAJE,2023-11-19,PRESIDENTE Y VICE,21,Santa Fe,6,San Martín,01540,,NULO,nulos,3,PROVISORIO,2023_BALOTAJE_santafe_presidente_mesa.csv
2023,BALOTAJE,2023-11-19,PRESIDENTE Y VICE,21,Santa Fe,6,San Martín,01540,,RECURRIDO,recurridos,0,PROVISORIO,2023_BALOTAJE_santafe_presidente_mesa.csv
2023,BALOTAJE,2023-11-19,PRESIDENTE Y VICE,21,Santa Fe,6,San Martín,01540,,UNION POR LA PATRIA,agrupacion,69,PROVISORIO,2023_BALOTAJE_santafe_presidente_mesa.csv
2023,BALOTAJE,2023-11-19,PRESIDENTE Y VICE,21,Santa Fe,6,San Martín,01550,Sastre y Ortiz,EN BLANCO,blancos,67,PROVISORIO,2023_BALOTAJE_santafe_presidente_mesa.csv
2023,BALOTAJE,2023-11-19,PRESIDENTE Y VICE,21,Santa Fe,6,San Martín,01550,Sastre y Ortiz,IMPUGNADO,impugnados,0,PROVISORIO,2023_BALOTAJE_santafe_presidente_mesa.csv
2023,BALOTAJE,2023-11-19,PRESIDENTE Y VICE,21,Santa Fe,6,San Martín,01550,Sastre y Ortiz,LA LIBERTAD AVANZA,agrupacion,2264,PROVISORIO,2023_BALOTAJE_santafe_presidente_mesa.csv
2023,BALOTAJE,2023-11-19,PRESIDENTE Y VICE,21,Santa Fe,6,San Martín,01550,Sastre y Ortiz,NULO,nulos,120,PROVISORIO,2023_BALOTAJE_santafe_presidente_mesa.csv
2023,BALOTAJE,2023-11-19,PRESIDENTE Y VICE,21,Santa Fe,6,San Martín,01550,Sastre y Ortiz,RECURRIDO,recurridos,0,PROVISORIO,2023_BALOTAJE_santafe_presidente_mesa.csv
2023,BALOTAJE,2023-11-19,PRESIDENTE Y VICE,21,Santa Fe,6,San Martín,01550,Sastre y Ortiz,UNION POR LA PATRIA,agrupacion,1443,PROVISORIO,2023_BALOTAJE_santafe_presidente_mesa.csv
2023,BALOTAJE,2023-11-19,PRESIDENTE Y VICE,21,Santa Fe,6,San Martín,01560,San Martín de las Escobas,EN BLANCO,blancos,43,PROVISORIO,2023_BALOTAJE_santafe_presidente_mesa.csv
2023,BALOTAJE,2023-11-19,PRESIDENTE Y VICE,21,Santa Fe,6,San Martín,01560,San Martín de las Escobas,IMPUGNADO,impugnados,0,PROVISORIO,2023_BALOTAJE_santafe_presidente_mesa.csv
2023,BALOTAJE,2023-11-19,PRESIDENTE Y VICE,21,Santa Fe,6,San Martín,01560,San Martín de las Escobas,LA LIBERTAD AVANZA,agrupacion,1489,PROVISORIO,2023_BALOTAJE_santafe_presidente_mesa.csv
2023,BALOTAJE,2023-11-19,PRESIDENTE Y VICE,21,Santa Fe,6,San Martín,01560,San Martín de las Escobas,NULO,nulos,29,PROVISORIO,2023_BALOTAJE_santafe_presidente_mesa.csv
2023,BALOTAJE,2023-11-19,PRESIDENTE Y VICE,21,Santa Fe,6,San Martín,01560,San Martín de las Escobas,RECURRIDO,recurridos,0,PROVISORIO,2023_BALOTAJE_santafe_presidente_mesa.csv
2023,BALOTAJE,2023-11-19,PRESIDENTE Y VICE,21,Santa Fe,6,San Martín,01560,San Martín de las Escobas,UNION POR LA PATRIA,agrupacion,340,PROVISORIO,2023_BALOTAJE_santafe_presidente_mesa.csv
2023,BALOTAJE,2023-11-19,PRESIDENTE Y VICE,21,Santa Fe,6,San Martín,01570,,EN BLANCO,blancos,16,PROVISORIO,2023_BALOTAJE_santafe_presidente_mesa.csv
2023,BALOTAJE,2023-11-19,PRESIDENTE Y VICE,21,Santa Fe,6,San Martín,01570,,IMPUGNADO,impugnados,0,PROVISORIO,2023_BALOTAJE_santafe_presidente_mesa.csv
2023,BALOTAJE,2023-11-19,PRESIDENTE Y VICE,21,Santa Fe,6,San Martín,01570,,LA LIBERTAD AVANZA,agrupacion,558,PROVISORIO,2023_BALOTAJE_santafe_presidente_mesa.csv
2023,BALOTAJE,2023-11-19,PRESIDENTE Y VICE,21,Santa Fe,6,San Martín,01570,,NULO,nulos,17,PROVISORIO,2023_BALOTAJE_santafe_presidente_mesa.csv
2023,BALOTAJE,2023-11-19,PRESIDENTE Y VICE,21,Santa Fe,6,San Martín,01570,,RECURRIDO,recurridos,0,PROVISORIO,2023_BALOTAJE_santafe_presidente_mesa.csv
2023,BALOTAJE,2023-11-19,PRESIDENTE Y VICE,21,Santa Fe,6,San Martín,01570,,UNION POR LA PATRIA,agrupacion,192,PROVISORIO,2023_BALOTAJE_santafe_presidente_mesa.csv
2023,BALOTAJE,2023-11-19,PRESIDENTE Y VICE,21,Santa Fe,6,San Martín,01580,San Jorge,EN BLANCO,blancos,179,PROVISORIO,2023_BALOTAJE_santafe_presidente_mesa.csv
2023,BALOTAJE,2023-11-19,PRESIDENTE Y VICE,21,Santa Fe,6,San Martín,01580,San Jorge,IMPUGNADO,impugnados,0,PROVISORIO,2023_BALOTAJE_santafe_presidente_mesa.csv
2023,BALOTAJE,2023-11-19,PRESIDENTE Y VICE,21,Santa Fe,6,San Martín,01580,San Jorge,LA LIBERTAD AVANZA,agrupacion,8755,PROVISORIO,2023_BALOTAJE_santafe_presidente_mesa.csv
2023,BALOTAJE,2023-11-19,PRESIDENTE Y VICE,21,Santa Fe,6,San Martín,01580,San Jorge,NULO,nulos,297,PROVISORIO,2023_BALOTAJE_santafe_presidente_mesa.csv
2023,BALOTAJE,2023-11-19,PRESIDENTE Y VICE,21,Santa Fe,6,San Martín,01580,San Jorge,RECURRIDO,recurridos,5,PROVISORIO,2023_BALOTAJE_santafe_presidente_mesa.csv
2023,BALOTAJE,2023-11-19,PRESIDENTE Y VICE,21,Santa Fe,6,San Martín,01580,San Jorge,UNION POR LA PATRIA,agrupacion,3392,PROVISORIO,2023_BALOTAJE_santafe_presidente_mesa.csv
2023,BALOTAJE,2023-11-19,PRESIDENTE Y VICE,21,Santa Fe,6,San Martín,01590,,EN BLANCO,blancos,11,PROVISORIO,2023_BALOTAJE_santafe_presidente_mesa.csv
2023,BALOTAJE,2023-11-19,PRESIDENTE Y VICE,21,Santa Fe,6,San Martín,01590,,IMPUGNADO,impugnados,0,PROVISORIO,2023_BALOTAJE_santafe_presidente_mesa.csv
2023,BALOTAJE,2023-11-19,PRESIDENTE Y VICE,21,Santa Fe,6,San Martín,01590,,LA LIBERTAD AVANZA,agrupacion,635,PROVISORIO,2023_BALOTAJE_santafe_presidente_mesa.csv
2023,BALOTAJE,2023-11-19,PRESIDENTE Y VICE,21,Santa Fe,6,San Martín,01590,,NULO,nulos,8,PROVISORIO,2023_BALOTAJE_santafe_presidente_mesa.csv
2023,BALOTAJE,2023-11-19,PRESIDENTE Y VICE,21,Santa Fe,6,San Martín,01590,,RECURRIDO,recurridos,0,PROVISORIO,2023_BALOTAJE_santafe_presidente_mesa.csv
2023,BALOTAJE,2023-11-19,PRESIDENTE Y VICE,21,Santa Fe,6,San Martín,01590,,UNION POR LA PATRIA,agrupacion,230,PROVISORIO,2023_BALOTAJE_santafe_presidente_mesa.csv
2023,BALOTAJE,2023-11-19,PRESIDENTE Y VICE,21,Santa Fe,6,San Martín,01600,Carlos Pellegrini,EN BLANCO,blancos,51,PROVISORIO,2023_BALOTAJE_santafe_presidente_mesa.csv
2023,BALOTAJE,2023-11-19,PRESIDENTE Y VICE,21,Santa Fe,6,San Martín,01600,Carlos Pellegrini,IMPUGNADO,impugnados,0,PROVISORIO,2023_BALOTAJE_santafe_presidente_mesa.csv
2023,BALOTAJE,2023-11-19,PRESIDENTE Y VICE,21,Santa Fe,6,San Martín,01600,Carlos Pellegrini,LA LIBERTAD AVANZA,agrupacion,2887,PROVISORIO,2023_BALOTAJE_santafe_presidente_mesa.csv
2023,BALOTAJE,2023-11-19,PRESIDENTE Y VICE,21,Santa Fe,6,San Martín,01600,Carlos Pellegrini,NULO,nulos,78,PROVISORIO,2023_BALOTAJE_santafe_presidente_mesa.csv
2023,BALOTAJE,2023-11-19,PRESIDENTE Y VICE,21,Santa Fe,6,San Martín,01600,Carlos Pellegrini,RECURRIDO,recurridos,0,PROVISORIO,2023_BALOTAJE_santafe_presidente_mesa.csv
2023,BALOTAJE,2023-11-19,PRESIDENTE Y VICE,21,Santa Fe,6,San Martín,01600,Carlos Pellegrini,UNION POR LA PATRIA,agrupacion,741,PROVISORIO,2023_BALOTAJE_santafe_presidente_mesa.csv
2023,BALOTAJE,2023-11-19,PRESIDENTE Y VICE,21,Santa Fe,6,San Martín,01610,Cañada Rosquín,EN BLANCO,blancos,41,PROVISORIO,2023_BALOTAJE_santafe_presidente_mesa.csv
2023,BALOTAJE,2023-11-19,PRESIDENTE Y VICE,21,Santa Fe,6,San Martín,01610,Cañada Rosquín,IMPUGNADO,impugnados,0,PROVISORIO,2023_BALOTAJE_santafe_presidente_mesa.csv
2023,BALOTAJE,2023-11-19,PRESIDENTE Y VICE,21,Santa Fe,6,San Martín,01610,Cañada Rosquín,LA LIBERTAD AVANZA,agrupacion,2471,PROVISORIO,2023_BALOTAJE_santafe_presidente_mesa.csv
2023,BALOTAJE,2023-11-19,PRESIDENTE Y VICE,21,Santa Fe,6,San Martín,01610,Cañada Rosquín,NULO,nulos,79,PROVISORIO,2023_BALOTAJE_santafe_presidente_mesa.csv
2023,BALOTAJE,2023-11-19,PRESIDENTE Y VICE,21,Santa Fe,6,San Martín,01610,Cañada Rosquín,RECURRIDO,recurridos,0,PROVISORIO,2023_BALOTAJE_santafe_presidente_mesa.csv
2023,BALOTAJE,2023-11-19,PRESIDENTE Y VICE,21,Santa Fe,6,San Martín,01610,Cañada Rosquín,UNION POR LA PATRIA,agrupacion,843,PROVISORIO,2023_BALOTAJE_santafe_presidente_mesa.csv
2023,BALOTAJE,2023-11-19,PRESIDENTE Y VICE,21,Santa Fe,6,San Martín,01620,,EN BLANCO,blancos,14,PROVISORIO,2023_BALOTAJE_santafe_presidente_mesa.csv
2023,BALOTAJE,2023-11-19,PRESIDENTE Y VICE,21,Santa Fe,6,San Martín,01620,,IMPUGNADO,impugnados,0,PROVISORIO,2023_BALOTAJE_santafe_presidente_mesa.csv
2023,BALOTAJE,2023-11-19,PRESIDENTE Y VICE,21,Santa Fe,6,San Martín,01620,,LA LIBERTAD AVANZA,agrupacion,254,PROVISORIO,2023_BALOTAJE_santafe_presidente_mesa.csv
2023,BALOTAJE,2023-11-19,PRESIDENTE Y VICE,21,Santa Fe,6,San Martín,01620,,NULO,nulos,5,PROVISORIO,2023_BALOTAJE_santafe_presidente_mesa.csv
2023,BALOTAJE,2023-11-19,PRESIDENTE Y VICE,21,Santa Fe,6,San Martín,01620,,RECURRIDO,recurridos,0,PROVISORIO,2023_BALOTAJE_santafe_presidente_mesa.csv
2023,BALOTAJE,2023-11-19,PRESIDENTE Y VICE,21,Santa Fe,6,San Martín,01620,,UNION POR LA PATRIA,agrupacion,218,PROVISORIO,2023_BALOTAJE_santafe_presidente_mesa.csv
2023,BALOTAJE,2023-11-19,PRESIDENTE Y VICE,21,Santa Fe,6,San Martín,01630,,EN BLANCO,blancos,2,PROVISORIO,2023_BALOTAJE_santafe_presidente_mesa.csv
2023,BALOTAJE,2023-11-19,PRESIDENTE Y VICE,21,Santa Fe,6,San Martín,01630,,IMPUGNADO,impugnados,0,PROVISORIO,2023_BALOTAJE_santafe_presidente_mesa.csv
2023,BALOTAJE,2023-11-19,PRESIDENTE Y VICE,21,Santa Fe,6,San Martín,01630,,LA LIBERTAD AVANZA,agrupacion,55,PROVISORIO,2023_BALOTAJE_santafe_presidente_mesa.csv
2023,BALOTAJE,2023-11-19,PRESIDENTE Y VICE,21,Santa Fe,6,San Martín,01630,,NULO,nulos,0,PROVISORIO,2023_BALOTAJE_santafe_presidente_mesa.csv
2023,BALOTAJE,2023-11-19,PRESIDENTE Y VICE,21,Santa Fe,6,San Martín,01630,,RECURRIDO,recurridos,0,PROVISORIO,2023_BALOTAJE_santafe_presidente_mesa.csv
2023,BALOTAJE,2023-11-19,PRESIDENTE Y VICE,21,Santa Fe,6,San Martín,01630,,UNION POR LA PATRIA,agrupacion,78,PROVISORIO,2023_BALOTAJE_santafe_presidente_mesa.csv
2023,BALOTAJE,2023-11-19,PRESIDENTE Y VICE,21,Santa Fe,6,San Martín,01640,Piamonte,EN BLANCO,blancos,44,PROVISORIO,2023_BALOTAJE_santafe_presidente_mesa.csv
2023,BALOTAJE,2023-11-19,PRESIDENTE Y VICE,21,Santa Fe,6,San Martín,01640,Piamonte,IMPUGNADO,impugnados,0,PROVISORIO,2023_BALOTAJE_santafe_presidente_mesa.csv
2023,BALOTAJE,2023-11-19,PRESIDENTE Y VICE,21,Santa Fe,6,San Martín,01640,Piamonte,LA LIBERTAD AVANZA,agrupacion,1587,PROVISORIO,2023_BALOTAJE_santafe_presidente_mesa.csv
2023,BALOTAJE,2023-11-19,PRESIDENTE Y VICE,21,Santa Fe,6,San Martín,01640,Piamonte,NULO,nulos,57,PROVISORIO,2023_BALOTAJE_santafe_presidente_mesa.csv
2023,BALOTAJE,2023-11-19,PRESIDENTE Y VICE,21,Santa Fe,6,San Martín,01640,Piamonte,RECURRIDO,recurridos,0,PROVISORIO,2023_BALOTAJE_santafe_presidente_mesa.csv
2023,BALOTAJE,2023-11-19,PRESIDENTE Y VICE,21,Santa Fe,6,San Martín,01640,Piamonte,UNION POR LA PATRIA,agrupacion,449,PROVISORIO,2023_BALOTAJE_santafe_presidente_mesa.csv
2023,BALOTAJE,2023-11-19,PRESIDENTE Y VICE,21,Santa Fe,6,San Martín,01650,El Trébol,EN BLANCO,blancos,144,PROVISORIO,2023_BALOTAJE_santafe_presidente_mesa.csv
2023,BALOTAJE,2023-11-19,PRESIDENTE Y VICE,21,Santa Fe,6,San Martín,01650,El Trébol,IMPUGNADO,impugnados,0,PROVISORIO,2023_BALOTAJE_santafe_presidente_mesa.csv
2023,BALOTAJE,2023-11-19,PRESIDENTE Y VICE,21,Santa Fe,6,San Martín,01650,El Trébol,LA LIBERTAD AVANZA,agrupacion,5702,PROVISORIO,2023_BALOTAJE_santafe_presidente_mesa.csv
2023,BALOTAJE,2023-11-19,PRESIDENTE Y VICE,21,Santa Fe,6,San Martín,01650,El Trébol,NULO,nulos,208,PROVISORIO,2023_BALOTAJE_santafe_presidente_mesa.csv
2023,BALOTAJE,2023-11-19,PRESIDENTE Y VICE,21,Santa Fe,6,San Martín,01650,El Trébol,RECURRIDO,recurridos,0,PROVISORIO,2023_BALOTAJE_santafe_presidente_mesa.csv
2023,BALOTAJE,2023-11-19,PRESIDENTE Y VICE,21,Santa Fe,6,San Martín,01650,El Trébol,UNION POR LA PATRIA,agrupacion,2078,PROVISORIO,2023_BALOTAJE_santafe_presidente_mesa.csv
2023,BALOTAJE,2023-11-19,PRESIDENTE Y VICE,21,Santa Fe,6,San Martín,01660,María Susana,EN BLANCO,blancos,22,PROVISORIO,2023_BALOTAJE_santafe_presidente_mesa.csv
2023,BALOTAJE,2023-11-19,PRESIDENTE Y VICE,21,Santa Fe,6,San Martín,01660,María Susana,IMPUGNADO,impugnados,0,PROVISORIO,2023_BALOTAJE_santafe_presidente_mesa.csv
2023,BALOTAJE,2023-11-19,PRESIDENTE Y VICE,21,Santa Fe,6,San Martín,01660,María Susana,LA LIBERTAD AVANZA,agrupacion,1762,PROVISORIO,2023_BALOTAJE_santafe_presidente_mesa.csv
2023,BALOTAJE,2023-11-19,PRESIDENTE Y VICE,21,Santa Fe,6,San Martín,01660,María Susana,NULO,nulos,48,PROVISORIO,2023_BALOTAJE_santafe_presidente_mesa.csv
2023,BALOTAJE,2023-11-19,PRESIDENTE Y VICE,21,Santa Fe,6,San Martín,01660,María Susana,RECURRIDO,recurridos,0,PROVISORIO,2023_BALOTAJE_santafe_presidente_mesa.csv
2023,BALOTAJE,2023-11-19,PRESIDENTE Y VICE,21,Santa Fe,6,San Martín,01660,María Susana,UNION POR LA PATRIA,agrupacion,339,PROVISORIO,2023_BALOTAJE_santafe_presidente_mesa.csv
2023,BALOTAJE,2023-11-19,PRESIDENTE Y VICE,21,Santa Fe,6,San Martín,01670,,EN BLANCO,blancos,14,PROVISORIO,2023_BALOTAJE_santafe_presidente_mesa.csv
2023,BALOTAJE,2023-11-19,PRESIDENTE Y VICE,21,Santa Fe,6,San Martín,01670,,IMPUGNADO,impugnados,0,PROVISORIO,2023_BALOTAJE_santafe_presidente_mesa.csv
2023,BALOTAJE,2023-11-19,PRESIDENTE Y VICE,21,Santa Fe,6,San Martín,01670,,LA LIBERTAD AVANZA,agrupacion,714,PROVISORIO,2023_BALOTAJE_santafe_presidente_mesa.csv
2023,BALOTAJE,2023-11-19,PRESIDENTE Y VICE,21,Santa Fe,6,San Martín,01670,,NULO,nulos,16,PROVISORIO,2023_BALOTAJE_santafe_presidente_mesa.csv
2023,BALOTAJE,2023-11-19,PRESIDENTE Y VICE,21,Santa Fe,6,San Martín,01670,,RECURRIDO,recurridos,0,PROVISORIO,2023_BALOTAJE_santafe_presidente_mesa.csv
2023,BALOTAJE,2023-11-19,PRESIDENTE Y VICE,21,Santa Fe,6,San Martín,01670,,UNION POR LA PATRIA,agrupacion,141,PROVISORIO,2023_BALOTAJE_santafe_presidente_mesa.csv
2023,BALOTAJE,2023-11-19,PRESIDENTE Y VICE,21,Santa Fe,6,San Martín,01680,,EN BLANCO,blancos,0,PROVISORIO,2023_BALOTAJE_santafe_presidente_mesa.csv
2023,BALOTAJE,2023-11-19,PRESIDENTE Y VICE,21,Santa Fe,6,San Martín,01680,,IMPUGNADO,impugnados,0,PROVISORIO,2023_BALOTAJE_santafe_presidente_mesa.csv
2023,BALOTAJE,2023-11-19,PRESIDENTE Y VICE,21,Santa Fe,6,San Martín,01680,,LA LIBERTAD AVANZA,agrupacion,46,PROVISORIO,2023_BALOTAJE_santafe_presidente_mesa.csv
2023,BALOTAJE,2023-11-19,PRESIDENTE Y VICE,21,Santa Fe,6,San Martín,01680,,NULO,nulos,0,PROVISORIO,2023_BALOTAJE_santafe_presidente_mesa.csv
2023,BALOTAJE,2023-11-19,PRESIDENTE Y VICE,21,Santa Fe,6,San Martín,01680,,RECURRIDO,recurridos,0,PROVISORIO,2023_BALOTAJE_santafe_presidente_mesa.csv
2023,BALOTAJE,2023-11-19,PRESIDENTE Y VICE,21,Santa Fe,6,San Martín,01680,,UNION POR LA PATRIA,agrupacion,36,PROVISORIO,2023_BALOTAJE_santafe_presidente_mesa.csv
2023,BALOTAJE,2023-11-19,PRESIDENTE Y VICE,21,Santa Fe,6,San Martín,01690,,EN BLANCO,blancos,22,PROVISORIO,2023_BALOTAJE_santafe_presidente_mesa.csv
2023,BALOTAJE,2023-11-19,PRESIDENTE Y VICE,21,Santa Fe,6,San Martín,01690,,IMPUGNADO,impugnados,0,PROVISORIO,2023_BALOTAJE_santafe_presidente_mesa.csv
2023,BALOTAJE,2023-11-19,PRESIDENTE Y VICE,21,Santa Fe,6,San Martín,01690,,LA LIBERTAD AVANZA,agrupacion,428,PROVISORIO,2023_BALOTAJE_santafe_presidente_mesa.csv
2023,BALOTAJE,2023-11-19,PRESIDENTE Y VICE,21,Santa Fe,6,San Martín,01690,,NULO,nulos,11,PROVISORIO,2023_BALOTAJE_santafe_presidente_mesa.csv
2023,BALOTAJE,2023-11-19,PRESIDENTE Y VICE,21,Santa Fe,6,San Martín,01690,,RECURRIDO,recurridos,0,PROVISORIO,2023_BALOTAJE_santafe_presidente_mesa.csv
2023,BALOTAJE,2023-11-19,PRESIDENTE Y VICE,21,Santa Fe,6,San Martín,01690,,UNION POR LA PATRIA,agrupacion,127,PROVISORIO,2023_BALOTAJE_santafe_presidente_mesa.csv
2023,BALOTAJE,2023-11-19,PRESIDENTE Y VICE,21,Santa Fe,7,San Cristóbal,01740,,EN BLANCO,blancos,1,PROVISORIO,2023_BALOTAJE_santafe_presidente_mesa.csv
2023,BALOTAJE,2023-11-19,PRESIDENTE Y VICE,21,Santa Fe,7,San Cristóbal,01740,,IMPUGNADO,impugnados,0,PROVISORIO,2023_BALOTAJE_santafe_presidente_mesa.csv
2023,BALOTAJE,2023-11-19,PRESIDENTE Y VICE,21,Santa Fe,7,San Cristóbal,01740,,LA LIBERTAD AVANZA,agrupacion,75,PROVISORIO,2023_BALOTAJE_santafe_presidente_mesa.csv
2023,BALOTAJE,2023-11-19,PRESIDENTE Y VICE,21,Santa Fe,7,San Cristóbal,01740,,NULO,nulos,1,PROVISORIO,2023_BALOTAJE_santafe_presidente_mesa.csv
2023,BALOTAJE,2023-11-19,PRESIDENTE Y VICE,21,Santa Fe,7,San Cristóbal,01740,,RECURRIDO,recurridos,0,PROVISORIO,2023_BALOTAJE_santafe_presidente_mesa.csv
2023,BALOTAJE,2023-11-19,PRESIDENTE Y VICE,21,Santa Fe,7,San Cristóbal,01740,,UNION POR LA PATRIA,agrupacion,22,PROVISORIO,2023_BALOTAJE_santafe_presidente_mesa.csv
2023,BALOTAJE,2023-11-19,PRESIDENTE Y VICE,21,Santa Fe,7,San Cristóbal,01750,,EN BLANCO,blancos,2,PROVISORIO,2023_BALOTAJE_santafe_presidente_mesa.csv
2023,BALOTAJE,2023-11-19,PRESIDENTE Y VICE,21,Santa Fe,7,San Cristóbal,01750,,IMPUGNADO,impugnados,0,PROVISORIO,2023_BALOTAJE_santafe_presidente_mesa.csv
2023,BALOTAJE,2023-11-19,PRESIDENTE Y VICE,21,Santa Fe,7,San Cristóbal,01750,,LA LIBERTAD AVANZA,agrupacion,68,PROVISORIO,2023_BALOTAJE_santafe_presidente_mesa.csv
2023,BALOTAJE,2023-11-19,PRESIDENTE Y VICE,21,Santa Fe,7,San Cristóbal,01750,,NULO,nulos,1,PROVISORIO,2023_BALOTAJE_santafe_presidente_mesa.csv
2023,BALOTAJE,2023-11-19,PRESIDENTE Y VICE,21,Santa Fe,7,San Cristóbal,01750,,RECURRIDO,recurridos,0,PROVISORIO,2023_BALOTAJE_santafe_presidente_mesa.csv
2023,BALOTAJE,2023-11-19,PRESIDENTE Y VICE,21,Santa Fe,7,San Cristóbal,01750,,UNION POR LA PATRIA,agrupacion,43,PROVISORIO,2023_BALOTAJE_santafe_presidente_mesa.csv
2023,BALOTAJE,2023-11-19,PRESIDENTE Y VICE,21,Santa Fe,7,San Cristóbal,01760,,EN BLANCO,blancos,2,PROVISORIO,2023_BALOTAJE_santafe_presidente_mesa.csv
2023,BALOTAJE,2023-11-19,PRESIDENTE Y VICE,21,Santa Fe,7,San Cristóbal,01760,,IMPUGNADO,impugnados,0,PROVISORIO,2023_BALOTAJE_santafe_presidente_mesa.csv
2023,BALOTAJE,2023-11-19,PRESIDENTE Y VICE,21,Santa Fe,7,San Cristóbal,01760,,LA LIBERTAD AVANZA,agrupacion,139,PROVISORIO,2023_BALOTAJE_santafe_presidente_mesa.csv
2023,BALOTAJE,2023-11-19,PRESIDENTE Y VICE,21,Santa Fe,7,San Cristóbal,01760,,NULO,nulos,3,PROVISORIO,2023_BALOTAJE_santafe_presidente_mesa.csv
2023,BALOTAJE,2023-11-19,PRESIDENTE Y VICE,21,Santa Fe,7,San Cristóbal,01760,,RECURRIDO,recurridos,0,PROVISORIO,2023_BALOTAJE_santafe_presidente_mesa.csv
2023,BALOTAJE,2023-11-19,PRESIDENTE Y VICE,21,Santa Fe,7,San Cristóbal,01760,,UNION POR LA PATRIA,agrupacion,69,PROVISORIO,2023_BALOTAJE_santafe_presidente_mesa.csv
2023,BALOTAJE,2023-11-19,PRESIDENTE Y VICE,21,Santa Fe,7,San Cristóbal,01770,,EN BLANCO,blancos,1,PROVISORIO,2023_BALOTAJE_santafe_presidente_mesa.csv
2023,BALOTAJE,2023-11-19,PRESIDENTE Y VICE,21,Santa Fe,7,San Cristóbal,01770,,IMPUGNADO,impugnados,0,PROVISORIO,2023_BALOTAJE_santafe_presidente_mesa.csv
2023,BALOTAJE,2023-11-19,PRESIDENTE Y VICE,21,Santa Fe,7,San Cristóbal,01770,,LA LIBERTAD AVANZA,agrupacion,91,PROVISORIO,2023_BALOTAJE_santafe_presidente_mesa.csv
2023,BALOTAJE,2023-11-19,PRESIDENTE Y VICE,21,Santa Fe,7,San Cristóbal,01770,,NULO,nulos,1,PROVISORIO,2023_BALOTAJE_santafe_presidente_mesa.csv
2023,BALOTAJE,2023-11-19,PRESIDENTE Y VICE,21,Santa Fe,7,San Cristóbal,01770,,RECURRIDO,recurridos,0,PROVISORIO,2023_BALOTAJE_santafe_presidente_mesa.csv
2023,BALOTAJE,2023-11-19,PRESIDENTE Y VICE,21,Santa Fe,7,San Cristóbal,01770,,UNION POR LA PATRIA,agrupacion,52,PROVISORIO,2023_BALOTAJE_santafe_presidente_mesa.csv
2023,BALOTAJE,2023-11-19,PRESIDENTE Y VICE,21,Santa Fe,7,San Cristóbal,01780,,EN BLANCO,blancos,109,PROVISORIO,2023_BALOTAJE_santafe_presidente_mesa.csv
2023,BALOTAJE,2023-11-19,PRESIDENTE Y VICE,21,Santa Fe,7,San Cristóbal,01780,,IMPUGNADO,impugnados,0,PROVISORIO,2023_BALOTAJE_santafe_presidente_mesa.csv
2023,BALOTAJE,2023-11-19,PRESIDENTE Y VICE,21,Santa Fe,7,San Cristóbal,01780,,LA LIBERTAD AVANZA,agrupacion,6606,PROVISORIO,2023_BALOTAJE_santafe_presidente_mesa.csv
2023,BALOTAJE,2023-11-19,PRESIDENTE Y VICE,21,Santa Fe,7,San Cristóbal,01780,,NULO,nulos,154,PROVISORIO,2023_BALOTAJE_santafe_presidente_mesa.csv
2023,BALOTAJE,2023-11-19,PRESIDENTE Y VICE,21,Santa Fe,7,San Cristóbal,01780,,RECURRIDO,recurridos,0,PROVISORIO,2023_BALOTAJE_santafe_presidente_mesa.csv
2023,BALOTAJE,2023-11-19,PRESIDENTE Y VICE,21,Santa Fe,7,San Cristóbal,01780,,UNION POR LA PATRIA,agrupacion,3660,PROVISORIO,2023_BALOTAJE_santafe_presidente_mesa.csv
2023,BALOTAJE,2023-11-19,PRESIDENTE Y VICE,21,Santa Fe,7,San Cristóbal,01790,,EN BLANCO,blancos,70,PROVISORIO,2023_BALOTAJE_santafe_presidente_mesa.csv
2023,BALOTAJE,2023-11-19,PRESIDENTE Y VICE,21,Santa Fe,7,San Cristóbal,01790,,IMPUGNADO,impugnados,0,PROVISORIO,2023_BALOTAJE_santafe_presidente_mesa.csv
2023,BALOTAJE,2023-11-19,PRESIDENTE Y VICE,21,Santa Fe,7,San Cristóbal,01790,,LA LIBERTAD AVANZA,agrupacion,1208,PROVISORIO,2023_BALOTAJE_santafe_presidente_mesa.csv
2023,BALOTAJE,2023-11-19,PRESIDENTE Y VICE,21,Santa Fe,7,San Cristóbal,01790,,NULO,nulos,37,PROVISORIO,2023_BALOTAJE_santafe_presidente_mesa.csv
2023,BALOTAJE,2023-11-19,PRESIDENTE Y VICE,21,Santa Fe,7,San Cristóbal,01790,,RECURRIDO,recurridos,0,PROVISORIO,2023_BALOTAJE_santafe_presidente_mesa.csv
2023,BALOTAJE,2023-11-19,PRESIDENTE Y VICE,21,Santa Fe,7,San Cristóbal,01790,,UNION POR LA PATRIA,agrupacion,627,PROVISORIO,2023_BALOTAJE_santafe_presidente_mesa.csv
2023,BALOTAJE,2023-11-19,PRESIDENTE Y VICE,21,Santa Fe,7,San Cristóbal,01800,,EN BLANCO,blancos,15,PROVISORIO,2023_BALOTAJE_santafe_presidente_mesa.csv
2023,BALOTAJE,2023-11-19,PRESIDENTE Y VICE,21,Santa Fe,7,San Cristóbal,01800,,IMPUGNADO,impugnados,0,PROVISORIO,2023_BALOTAJE_santafe_presidente_mesa.csv
2023,BALOTAJE,2023-11-19,PRESIDENTE Y VICE,21,Santa Fe,7,San Cristóbal,01800,,LA LIBERTAD AVANZA,agrupacion,488,PROVISORIO,2023_BALOTAJE_santafe_presidente_mesa.csv
2023,BALOTAJE,2023-11-19,PRESIDENTE Y VICE,21,Santa Fe,7,San Cristóbal,01800,,NULO,nulos,2,PROVISORIO,2023_BALOTAJE_santafe_presidente_mesa.csv
2023,BALOTAJE,2023-11-19,PRESIDENTE Y VICE,21,Santa Fe,7,San Cristóbal,01800,,RECURRIDO,recurridos,0,PROVISORIO,2023_BALOTAJE_santafe_presidente_mesa.csv
2023,BALOTAJE,2023-11-19,PRESIDENTE Y VICE,21,Santa Fe,7,San Cristóbal,01800,,UNION POR LA PATRIA,agrupacion,207,PROVISORIO,2023_BALOTAJE_santafe_presidente_mesa.csv
2023,BALOTAJE,2023-11-19,PRESIDENTE Y VICE,21,Santa Fe,7,San Cristóbal,01810,,EN BLANCO,blancos,2,PROVISORIO,2023_BALOTAJE_santafe_presidente_mesa.csv
2023,BALOTAJE,2023-11-19,PRESIDENTE Y VICE,21,Santa Fe,7,San Cristóbal,01810,,IMPUGNADO,impugnados,0,PROVISORIO,2023_BALOTAJE_santafe_presidente_mesa.csv
2023,BALOTAJE,2023-11-19,PRESIDENTE Y VICE,21,Santa Fe,7,San Cristóbal,01810,,LA LIBERTAD AVANZA,agrupacion,326,PROVISORIO,2023_BALOTAJE_santafe_presidente_mesa.csv
2023,BALOTAJE,2023-11-19,PRESIDENTE Y VICE,21,Santa Fe,7,San Cristóbal,01810,,NULO,nulos,10,PROVISORIO,2023_BALOTAJE_santafe_presidente_mesa.csv
2023,BALOTAJE,2023-11-19,PRESIDENTE Y VICE,21,Santa Fe,7,San Cristóbal,01810,,RECURRIDO,recurridos,0,PROVISORIO,2023_BALOTAJE_santafe_presidente_mesa.csv
2023,BALOTAJE,2023-11-19,PRESIDENTE Y VICE,21,Santa Fe,7,San Cristóbal,01810,,UNION POR LA PATRIA,agrupacion,103,PROVISORIO,2023_BALOTAJE_santafe_presidente_mesa.csv
2023,BALOTAJE,2023-11-19,PRESIDENTE Y VICE,21,Santa Fe,7,San Cristóbal,01815,,EN BLANCO,blancos,0,PROVISORIO,2023_BALOTAJE_santafe_presidente_mesa.csv
2023,BALOTAJE,2023-11-19,PRESIDENTE Y VICE,21,Santa Fe,7,San Cristóbal,01815,,IMPUGNADO,impugnados,0,PROVISORIO,2023_BALOTAJE_santafe_presidente_mesa.csv
2023,BALOTAJE,2023-11-19,PRESIDENTE Y VICE,21,Santa Fe,7,San Cristóbal,01815,,LA LIBERTAD AVANZA,agrupacion,53,PROVISORIO,2023_BALOTAJE_santafe_presidente_mesa.csv
2023,BALOTAJE,2023-11-19,PRESIDENTE Y VICE,21,Santa Fe,7,San Cristóbal,01815,,NULO,nulos,0,PROVISORIO,2023_BALOTAJE_santafe_presidente_mesa.csv
2023,BALOTAJE,2023-11-19,PRESIDENTE Y VICE,21,Santa Fe,7,San Cristóbal,01815,,RECURRIDO,recurridos,0,PROVISORIO,2023_BALOTAJE_santafe_presidente_mesa.csv
2023,BALOTAJE,2023-11-19,PRESIDENTE Y VICE,21,Santa Fe,7,San Cristóbal,01815,,UNION POR LA PATRIA,agrupacion,13,PROVISORIO,2023_BALOTAJE_santafe_presidente_mesa.csv
2023,BALOTAJE,2023-11-19,PRESIDENTE Y VICE,21,Santa Fe,7,San Cristóbal,01820,,EN BLANCO,blancos,2,PROVISORIO,2023_BALOTAJE_santafe_presidente_mesa.csv
2023,BALOTAJE,2023-11-19,PRESIDENTE Y VICE,21,Santa Fe,7,San Cristóbal,01820,,IMPUGNADO,impugnados,0,PROVISORIO,2023_BALOTAJE_santafe_presidente_mesa.csv
2023,BALOTAJE,2023-11-19,PRESIDENTE Y VICE,21,Santa Fe,7,San Cristóbal,01820,,LA LIBERTAD AVANZA,agrupacion,59,PROVISORIO,2023_BALOTAJE_santafe_presidente_mesa.csv
2023,BALOTAJE,2023-11-19,PRESIDENTE Y VICE,21,Santa Fe,7,San Cristóbal,01820,,NULO,nulos,2,PROVISORIO,2023_BALOTAJE_santafe_presidente_mesa.csv
2023,BALOTAJE,2023-11-19,PRESIDENTE Y VICE,21,Santa Fe,7,San Cristóbal,01820,,RECURRIDO,recurridos,0,PROVISORIO,2023_BALOTAJE_santafe_presidente_mesa.csv
2023,BALOTAJE,2023-11-19,PRESIDENTE Y VICE,21,Santa Fe,7,San Cristóbal,01820,,UNION POR LA PATRIA,agrupacion,21,PROVISORIO,2023_BALOTAJE_santafe_presidente_mesa.csv
2023,BALOTAJE,2023-11-19,PRESIDENTE Y VICE,21,Santa Fe,7,San Cristóbal,01830,,EN BLANCO,blancos,29,PROVISORIO,2023_BALOTAJE_santafe_presidente_mesa.csv
2023,BALOTAJE,2023-11-19,PRESIDENTE Y VICE,21,Santa Fe,7,San Cristóbal,01830,,IMPUGNADO,impugnados,0,PROVISORIO,2023_BALOTAJE_santafe_presidente_mesa.csv
2023,BALOTAJE,2023-11-19,PRESIDENTE Y VICE,21,Santa Fe,7,San Cristóbal,01830,,LA LIBERTAD AVANZA,agrupacion,1707,PROVISORIO,2023_BALOTAJE_santafe_presidente_mesa.csv
2023,BALOTAJE,2023-11-19,PRESIDENTE Y VICE,21,Santa Fe,7,San Cristóbal,01830,,NULO,nulos,38,PROVISORIO,2023_BALOTAJE_santafe_presidente_mesa.csv
2023,BALOTAJE,2023-11-19,PRESIDENTE Y VICE,21,Santa Fe,7,San Cristóbal,01830,,RECURRIDO,recurridos,0,PROVISORIO,2023_BALOTAJE_santafe_presidente_mesa.csv
2023,BALOTAJE,2023-11-19,PRESIDENTE Y VICE,21,Santa Fe,7,San Cristóbal,01830,,UNION POR LA PATRIA,agrupacion,512,PROVISORIO,2023_BALOTAJE_santafe_presidente_mesa.csv
2023,BALOTAJE,2023-11-19,PRESIDENTE Y VICE,21,Santa Fe,7,San Cristóbal,01840,,EN BLANCO,blancos,20,PROVISORIO,2023_BALOTAJE_santafe_presidente_mesa.csv
2023,BALOTAJE,2023-11-19,PRESIDENTE Y VICE,21,Santa Fe,7,San Cristóbal,01840,,IMPUGNADO,impugnados,0,PROVISORIO,2023_BALOTAJE_santafe_presidente_mesa.csv
2023,BALOTAJE,2023-11-19,PRESIDENTE Y VICE,21,Santa Fe,7,San Cristóbal,01840,,LA LIBERTAD AVANZA,agrupacion,929,PROVISORIO,2023_BALOTAJE_santafe_presidente_mesa.csv
2023,BALOTAJE,2023-11-19,PRESIDENTE Y VICE,21,Santa Fe,7,San Cristóbal,01840,,NULO,nulos,19,PROVISORIO,2023_BALOTAJE_santafe_presidente_mesa.csv
2023,BALOTAJE,2023-11-19,PRESIDENTE Y VICE,21,Santa Fe,7,San Cristóbal,01840,,RECURRIDO,recurridos,0,PROVISORIO,2023_BALOTAJE_santafe_presidente_mesa.csv
2023,BALOTAJE,2023-11-19,PRESIDENTE Y VICE,21,Santa Fe,7,San Cristóbal,01840,,UNION POR LA PATRIA,agrupacion,412,PROVISORIO,2023_BALOTAJE_santafe_presidente_mesa.csv
2023,BALOTAJE,2023-11-19,PRESIDENTE Y VICE,21,Santa Fe,7,San Cristóbal,01850,,EN BLANCO,blancos,92,PROVISORIO,2023_BALOTAJE_santafe_presidente_mesa.csv
2023,BALOTAJE,2023-11-19,PRESIDENTE Y VICE,21,Santa Fe,7,San Cristóbal,01850,,IMPUGNADO,impugnados,0,PROVISORIO,2023_BALOTAJE_santafe_presidente_mesa.csv
2023,BALOTAJE,2023-11-19,PRESIDENTE Y VICE,21,Santa Fe,7,San Cristóbal,01850,,LA LIBERTAD AVANZA,agrupacion,4912,PROVISORIO,2023_BALOTAJE_santafe_presidente_mesa.csv
2023,BALOTAJE,2023-11-19,PRESIDENTE Y VICE,21,Santa Fe,7,San Cristóbal,01850,,NULO,nulos,222,PROVISORIO,2023_BALOTAJE_santafe_presidente_mesa.csv
2023,BALOTAJE,2023-11-19,PRESIDENTE Y VICE,21,Santa Fe,7,San Cristóbal,01850,,RECURRIDO,recurridos,2,PROVISORIO,2023_BALOTAJE_santafe_presidente_mesa.csv
2023,BALOTAJE,2023-11-19,PRESIDENTE Y VICE,21,Santa Fe,7,San Cristóbal,01850,,UNION POR LA PATRIA,agrupacion,3726,PROVISORIO,2023_BALOTAJE_santafe_presidente_mesa.csv
2023,BALOTAJE,2023-11-19,PRESIDENTE Y VICE,21,Santa Fe,7,San Cristóbal,01860,,EN BLANCO,blancos,4,PROVISORIO,2023_BALOTAJE_santafe_presidente_mesa.csv
2023,BALOTAJE,2023-11-19,PRESIDENTE Y VICE,21,Santa Fe,7,San Cristóbal,01860,,IMPUGNADO,impugnados,0,PROVISORIO,2023_BALOTAJE_santafe_presidente_mesa.csv
2023,BALOTAJE,2023-11-19,PRESIDENTE Y VICE,21,Santa Fe,7,San Cristóbal,01860,,LA LIBERTAD AVANZA,agrupacion,121,PROVISORIO,2023_BALOTAJE_santafe_presidente_mesa.csv
2023,BALOTAJE,2023-11-19,PRESIDENTE Y VICE,21,Santa Fe,7,San Cristóbal,01860,,NULO,nulos,0,PROVISORIO,2023_BALOTAJE_santafe_presidente_mesa.csv
2023,BALOTAJE,2023-11-19,PRESIDENTE Y VICE,21,Santa Fe,7,San Cristóbal,01860,,RECURRIDO,recurridos,0,PROVISORIO,2023_BALOTAJE_santafe_presidente_mesa.csv
2023,BALOTAJE,2023-11-19,PRESIDENTE Y VICE,21,Santa Fe,7,San Cristóbal,01860,,UNION POR LA PATRIA,agrupacion,32,PROVISORIO,2023_BALOTAJE_santafe_presidente_mesa.csv
2023,BALOTAJE,2023-11-19,PRESIDENTE Y VICE,21,Santa Fe,7,San Cristóbal,01870,,EN BLANCO,blancos,8,PROVISORIO,2023_BALOTAJE_santafe_presidente_mesa.csv
2023,BALOTAJE,2023-11-19,PRESIDENTE Y VICE,21,Santa Fe,7,San Cristóbal,01870,,IMPUGNADO,impugnados,0,PROVISORIO,2023_BALOTAJE_santafe_presidente_mesa.csv
2023,BALOTAJE,2023-11-19,PRESIDENTE Y VICE,21,Santa Fe,7,San Cristóbal,01870,,LA LIBERTAD AVANZA,agrupacion,474,PROVISORIO,2023_BALOTAJE_santafe_presidente_mesa.csv
2023,BALOTAJE,2023-11-19,PRESIDENTE Y VICE,21,Santa Fe,7,San Cristóbal,01870,,NULO,nulos,3,PROVISORIO,2023_BALOTAJE_santafe_presidente_mesa.csv
2023,BALOTAJE,2023-11-19,PRESIDENTE Y VICE,21,Santa Fe,7,San Cristóbal,01870,,RECURRIDO,recurridos,0,PROVISORIO,2023_BALOTAJE_santafe_presidente_mesa.csv
2023,BALOTAJE,2023-11-19,PRESIDENTE Y VICE,21,Santa Fe,7,San Cristóbal,01870,,UNION POR LA PATRIA,agrupacion,114,PROVISORIO,2023_BALOTAJE_santafe_presidente_mesa.csv
2023,BALOTAJE,2023-11-19,PRESIDENTE Y VICE,21,Santa Fe,7,San Cristóbal,01880,,EN BLANCO,blancos,59,PROVISORIO,2023_BALOTAJE_santafe_presidente_mesa.csv
2023,BALOTAJE,2023-11-19,PRESIDENTE Y VICE,21,Santa Fe,7,San Cristóbal,01880,,IMPUGNADO,impugnados,0,PROVISORIO,2023_BALOTAJE_santafe_presidente_mesa.csv
2023,BALOTAJE,2023-11-19,PRESIDENTE Y VICE,21,Santa Fe,7,San Cristóbal,01880,,LA LIBERTAD AVANZA,agrupacion,4144,PROVISORIO,2023_BALOTAJE_santafe_presidente_mesa.csv
2023,BALOTAJE,2023-11-19,PRESIDENTE Y VICE,21,Santa Fe,7,San Cristóbal,01880,,NULO,nulos,106,PROVISORIO,2023_BALOTAJE_santafe_presidente_mesa.csv
2023,BALOTAJE,2023-11-19,PRESIDENTE Y VICE,21,Santa Fe,7,San Cristóbal,01880,,RECURRIDO,recurridos,0,PROVISORIO,2023_BALOTAJE_santafe_presidente_mesa.csv
2023,BALOTAJE,2023-11-19,PRESIDENTE Y VICE,21,Santa Fe,7,San Cristóbal,01880,,UNION POR LA PATRIA,agrupacion,1447,PROVISORIO,2023_BALOTAJE_santafe_presidente_mesa.csv
2023,BALOTAJE,2023-11-19,PRESIDENTE Y VICE,21,Santa Fe,7,San Cristóbal,01890,,EN BLANCO,blancos,4,PROVISORIO,2023_BALOTAJE_santafe_presidente_mesa.csv
2023,BALOTAJE,2023-11-19,PRESIDENTE Y VICE,21,Santa Fe,7,San Cristóbal,01890,,IMPUGNADO,impugnados,0,PROVISORIO,2023_BALOTAJE_santafe_presidente_mesa.csv
2023,BALOTAJE,2023-11-19,PRESIDENTE Y VICE,21,Santa Fe,7,San Cristóbal,01890,,LA LIBERTAD AVANZA,agrupacion,188,PROVISORIO,2023_BALOTAJE_santafe_presidente_mesa.csv
2023,BALOTAJE,2023-11-19,PRESIDENTE Y VICE,21,Santa Fe,7,San Cristóbal,01890,,NULO,nulos,0,PROVISORIO,2023_BALOTAJE_santafe_presidente_mesa.csv
2023,BALOTAJE,2023-11-19,PRESIDENTE Y VICE,21,Santa Fe,7,San Cristóbal,01890,,RECURRIDO,recurridos,0,PROVISORIO,2023_BALOTAJE_santafe_presidente_mesa.csv
2023,BALOTAJE,2023-11-19,PRESIDENTE Y VICE,21,Santa Fe,7,San Cristóbal,01890,,UNION POR LA PATRIA,agrupacion,110,PROVISORIO,2023_BALOTAJE_santafe_presidente_mesa.csv
2023,BALOTAJE,2023-11-19,PRESIDENTE Y VICE,21,Santa Fe,7,San Cristóbal,01910,,EN BLANCO,blancos,66,PROVISORIO,2023_BALOTAJE_santafe_presidente_mesa.csv
2023,BALOTAJE,2023-11-19,PRESIDENTE Y VICE,21,Santa Fe,7,San Cristóbal,01910,,IMPUGNADO,impugnados,0,PROVISORIO,2023_BALOTAJE_santafe_presidente_mesa.csv
2023,BALOTAJE,2023-11-19,PRESIDENTE Y VICE,21,Santa Fe,7,San Cristóbal,01910,,LA LIBERTAD AVANZA,agrupacion,3197,PROVISORIO,2023_BALOTAJE_santafe_presidente_mesa.csv
2023,BALOTAJE,2023-11-19,PRESIDENTE Y VICE,21,Santa Fe,7,San Cristóbal,01910,,NULO,nulos,94,PROVISORIO,2023_BALOTAJE_santafe_presidente_mesa.csv
2023,BALOTAJE,2023-11-19,PRESIDENTE Y VICE,21,Santa Fe,7,San Cristóbal,01910,,RECURRIDO,recurridos,0,PROVISORIO,2023_BALOTAJE_santafe_presidente_mesa.csv
2023,BALOTAJE,2023-11-19,PRESIDENTE Y VICE,21,Santa Fe,7,San Cristóbal,01910,,UNION POR LA PATRIA,agrupacion,927,PROVISORIO,2023_BALOTAJE_santafe_presidente_mesa.csv
2023,BALOTAJE,2023-11-19,PRESIDENTE Y VICE,21,Santa Fe,7,San Cristóbal,01920,,EN BLANCO,blancos,2,PROVISORIO,2023_BALOTAJE_santafe_presidente_mesa.csv
2023,BALOTAJE,2023-11-19,PRESIDENTE Y VICE,21,Santa Fe,7,San Cristóbal,01920,,IMPUGNADO,impugnados,0,PROVISORIO,2023_BALOTAJE_santafe_presidente_mesa.csv
2023,BALOTAJE,2023-11-19,PRESIDENTE Y VICE,21,Santa Fe,7,San Cristóbal,01920,,LA LIBERTAD AVANZA,agrupacion,90,PROVISORIO,2023_BALOTAJE_santafe_presidente_mesa.csv
2023,BALOTAJE,2023-11-19,PRESIDENTE Y VICE,21,Santa Fe,7,San Cristóbal,01920,,NULO,nulos,0,PROVISORIO,2023_BALOTAJE_santafe_presidente_mesa.csv
2023,BALOTAJE,2023-11-19,PRESIDENTE Y VICE,21,Santa Fe,7,San Cristóbal,01920,,RECURRIDO,recurridos,0,PROVISORIO,2023_BALOTAJE_santafe_presidente_mesa.csv
2023,BALOTAJE,2023-11-19,PRESIDENTE Y VICE,21,Santa Fe,7,San Cristóbal,01920,,UNION POR LA PATRIA,agrupacion,49,PROVISORIO,2023_BALOTAJE_santafe_presidente_mesa.csv
2023,BALOTAJE,2023-11-19,PRESIDENTE Y VICE,21,Santa Fe,7,San Cristóbal,01930,,EN BLANCO,blancos,12,PROVISORIO,2023_BALOTAJE_santafe_presidente_mesa.csv
2023,BALOTAJE,2023-11-19,PRESIDENTE Y VICE,21,Santa Fe,7,San Cristóbal,01930,,IMPUGNADO,impugnados,0,PROVISORIO,2023_BALOTAJE_santafe_presidente_mesa.csv
2023,BALOTAJE,2023-11-19,PRESIDENTE Y VICE,21,Santa Fe,7,San Cristóbal,01930,,LA LIBERTAD AVANZA,agrupacion,791,PROVISORIO,2023_BALOTAJE_santafe_presidente_mesa.csv
2023,BALOTAJE,2023-11-19,PRESIDENTE Y VICE,21,Santa Fe,7,San Cristóbal,01930,,NULO,nulos,18,PROVISORIO,2023_BALOTAJE_santafe_presidente_mesa.csv
2023,BALOTAJE,2023-11-19,PRESIDENTE Y VICE,21,Santa Fe,7,San Cristóbal,01930,,RECURRIDO,recurridos,0,PROVISORIO,2023_BALOTAJE_santafe_presidente_mesa.csv
2023,BALOTAJE,2023-11-19,PRESIDENTE Y VICE,21,Santa Fe,7,San Cristóbal,01930,,UNION POR LA PATRIA,agrupacion,540,PROVISORIO,2023_BALOTAJE_santafe_presidente_mesa.csv
2023,BALOTAJE,2023-11-19,PRESIDENTE Y VICE,21,Santa Fe,7,San Cristóbal,01940,,EN BLANCO,blancos,6,PROVISORIO,2023_BALOTAJE_santafe_presidente_mesa.csv
2023,BALOTAJE,2023-11-19,PRESIDENTE Y VICE,21,Santa Fe,7,San Cristóbal,01940,,IMPUGNADO,impugnados,0,PROVISORIO,2023_BALOTAJE_santafe_presidente_mesa.csv
2023,BALOTAJE,2023-11-19,PRESIDENTE Y VICE,21,Santa Fe,7,San Cristóbal,01940,,LA LIBERTAD AVANZA,agrupacion,236,PROVISORIO,2023_BALOTAJE_santafe_presidente_mesa.csv
2023,BALOTAJE,2023-11-19,PRESIDENTE Y VICE,21,Santa Fe,7,San Cristóbal,01940,,NULO,nulos,0,PROVISORIO,2023_BALOTAJE_santafe_presidente_mesa.csv
2023,BALOTAJE,2023-11-19,PRESIDENTE Y VICE,21,Santa Fe,7,San Cristóbal,01940,,RECURRIDO,recurridos,0,PROVISORIO,2023_BALOTAJE_santafe_presidente_mesa.csv
2023,BALOTAJE,2023-11-19,PRESIDENTE Y VICE,21,Santa Fe,7,San Cristóbal,01940,,UNION POR LA PATRIA,agrupacion,64,PROVISORIO,2023_BALOTAJE_santafe_presidente_mesa.csv
2023,BALOTAJE,2023-11-19,PRESIDENTE Y VICE,21,Santa Fe,7,San Cristóbal,01950,,EN BLANCO,blancos,11,PROVISORIO,2023_BALOTAJE_santafe_presidente_mesa.csv
2023,BALOTAJE,2023-11-19,PRESIDENTE Y VICE,21,Santa Fe,7,San Cristóbal,01950,,IMPUGNADO,impugnados,0,PROVISORIO,2023_BALOTAJE_santafe_presidente_mesa.csv
2023,BALOTAJE,2023-11-19,PRESIDENTE Y VICE,21,Santa Fe,7,San Cristóbal,01950,,LA LIBERTAD AVANZA,agrupacion,440,PROVISORIO,2023_BALOTAJE_santafe_presidente_mesa.csv
2023,BALOTAJE,2023-11-19,PRESIDENTE Y VICE,21,Santa Fe,7,San Cristóbal,01950,,NULO,nulos,12,PROVISORIO,2023_BALOTAJE_santafe_presidente_mesa.csv
2023,BALOTAJE,2023-11-19,PRESIDENTE Y VICE,21,Santa Fe,7,San Cristóbal,01950,,RECURRIDO,recurridos,0,PROVISORIO,2023_BALOTAJE_santafe_presidente_mesa.csv
2023,BALOTAJE,2023-11-19,PRESIDENTE Y VICE,21,Santa Fe,7,San Cristóbal,01950,,UNION POR LA PATRIA,agrupacion,256,PROVISORIO,2023_BALOTAJE_santafe_presidente_mesa.csv
2023,BALOTAJE,2023-11-19,PRESIDENTE Y VICE,21,Santa Fe,7,San Cristóbal,01960,,EN BLANCO,blancos,0,PROVISORIO,2023_BALOTAJE_santafe_presidente_mesa.csv
2023,BALOTAJE,2023-11-19,PRESIDENTE Y VICE,21,Santa Fe,7,San Cristóbal,01960,,IMPUGNADO,impugnados,0,PROVISORIO,2023_BALOTAJE_santafe_presidente_mesa.csv
2023,BALOTAJE,2023-11-19,PRESIDENTE Y VICE,21,Santa Fe,7,San Cristóbal,01960,,LA LIBERTAD AVANZA,agrupacion,203,PROVISORIO,2023_BALOTAJE_santafe_presidente_mesa.csv
2023,BALOTAJE,2023-11-19,PRESIDENTE Y VICE,21,Santa Fe,7,San Cristóbal,01960,,NULO,nulos,1,PROVISORIO,2023_BALOTAJE_santafe_presidente_mesa.csv
2023,BALOTAJE,2023-11-19,PRESIDENTE Y VICE,21,Santa Fe,7,San Cristóbal,01960,,RECURRIDO,recurridos,0,PROVISORIO,2023_BALOTAJE_santafe_presidente_mesa.csv
2023,BALOTAJE,2023-11-19,PRESIDENTE Y VICE,21,Santa Fe,7,San Cristóbal,01960,,UNION POR LA PATRIA,agrupacion,212,PROVISORIO,2023_BALOTAJE_santafe_presidente_mesa.csv
2023,BALOTAJE,2023-11-19,PRESIDENTE Y VICE,21,Santa Fe,7,San Cristóbal,01964,,EN BLANCO,blancos,0,PROVISORIO,2023_BALOTAJE_santafe_presidente_mesa.csv
2023,BALOTAJE,2023-11-19,PRESIDENTE Y VICE,21,Santa Fe,7,San Cristóbal,01964,,IMPUGNADO,impugnados,0,PROVISORIO,2023_BALOTAJE_santafe_presidente_mesa.csv
2023,BALOTAJE,2023-11-19,PRESIDENTE Y VICE,21,Santa Fe,7,San Cristóbal,01964,,LA LIBERTAD AVANZA,agrupacion,11,PROVISORIO,2023_BALOTAJE_santafe_presidente_mesa.csv
2023,BALOTAJE,2023-11-19,PRESIDENTE Y VICE,21,Santa Fe,7,San Cristóbal,01964,,NULO,nulos,0,PROVISORIO,2023_BALOTAJE_santafe_presidente_mesa.csv
2023,BALOTAJE,2023-11-19,PRESIDENTE Y VICE,21,Santa Fe,7,San Cristóbal,01964,,RECURRIDO,recurridos,0,PROVISORIO,2023_BALOTAJE_santafe_presidente_mesa.csv
2023,BALOTAJE,2023-11-19,PRESIDENTE Y VICE,21,Santa Fe,7,San Cristóbal,01964,,UNION POR LA PATRIA,agrupacion,2,PROVISORIO,2023_BALOTAJE_santafe_presidente_mesa.csv
2023,BALOTAJE,2023-11-19,PRESIDENTE Y VICE,21,Santa Fe,7,San Cristóbal,01970,,EN BLANCO,blancos,3,PROVISORIO,2023_BALOTAJE_santafe_presidente_mesa.csv
2023,BALOTAJE,2023-11-19,PRESIDENTE Y VICE,21,Santa Fe,7,San Cristóbal,01970,,IMPUGNADO,impugnados,0,PROVISORIO,2023_BALOTAJE_santafe_presidente_mesa.csv
2023,BALOTAJE,2023-11-19,PRESIDENTE Y VICE,21,Santa Fe,7,San Cristóbal,01970,,LA LIBERTAD AVANZA,agrupacion,181,PROVISORIO,2023_BALOTAJE_santafe_presidente_mesa.csv
2023,BALOTAJE,2023-11-19,PRESIDENTE Y VICE,21,Santa Fe,7,San Cristóbal,01970,,NULO,nulos,1,PROVISORIO,2023_BALOTAJE_santafe_presidente_mesa.csv
2023,BALOTAJE,2023-11-19,PRESIDENTE Y VICE,21,Santa Fe,7,San Cristóbal,01970,,RECURRIDO,recurridos,0,PROVISORIO,2023_BALOTAJE_santafe_presidente_mesa.csv
2023,BALOTAJE,2023-11-19,PRESIDENTE Y VICE,21,Santa Fe,7,San Cristóbal,01970,,UNION POR LA PATRIA,agrupacion,49,PROVISORIO,2023_BALOTAJE_santafe_presidente_mesa.csv
2023,BALOTAJE,2023-11-19,PRESIDENTE Y VICE,21,Santa Fe,7,San Cristóbal,01980,,EN BLANCO,blancos,1,PROVISORIO,2023_BALOTAJE_santafe_presidente_mesa.csv
2023,BALOTAJE,2023-11-19,PRESIDENTE Y VICE,21,Santa Fe,7,San Cristóbal,01980,,IMPUGNADO,impugnados,0,PROVISORIO,2023_BALOTAJE_santafe_presidente_mesa.csv
2023,BALOTAJE,2023-11-19,PRESIDENTE Y VICE,21,Santa Fe,7,San Cristóbal,01980,,LA LIBERTAD AVANZA,agrupacion,84,PROVISORIO,2023_BALOTAJE_santafe_presidente_mesa.csv
2023,BALOTAJE,2023-11-19,PRESIDENTE Y VICE,21,Santa Fe,7,San Cristóbal,01980,,NULO,nulos,1,PROVISORIO,2023_BALOTAJE_santafe_presidente_mesa.csv
2023,BALOTAJE,2023-11-19,PRESIDENTE Y VICE,21,Santa Fe,7,San Cristóbal,01980,,RECURRIDO,recurridos,0,PROVISORIO,2023_BALOTAJE_santafe_presidente_mesa.csv
2023,BALOTAJE,2023-11-19,PRESIDENTE Y VICE,21,Santa Fe,7,San Cristóbal,01980,,UNION POR LA PATRIA,agrupacion,54,PROVISORIO,2023_BALOTAJE_santafe_presidente_mesa.csv
2023,BALOTAJE,2023-11-19,PRESIDENTE Y VICE,21,Santa Fe,7,San Cristóbal,01990,,EN BLANCO,blancos,0,PROVISORIO,2023_BALOTAJE_santafe_presidente_mesa.csv
2023,BALOTAJE,2023-11-19,PRESIDENTE Y VICE,21,Santa Fe,7,San Cristóbal,01990,,IMPUGNADO,impugnados,0,PROVISORIO,2023_BALOTAJE_santafe_presidente_mesa.csv
2023,BALOTAJE,2023-11-19,PRESIDENTE Y VICE,21,Santa Fe,7,San Cristóbal,01990,,LA LIBERTAD AVANZA,agrupacion,54,PROVISORIO,2023_BALOTAJE_santafe_presidente_mesa.csv
2023,BALOTAJE,2023-11-19,PRESIDENTE Y VICE,21,Santa Fe,7,San Cristóbal,01990,,NULO,nulos,0,PROVISORIO,2023_BALOTAJE_santafe_presidente_mesa.csv
2023,BALOTAJE,2023-11-19,PRESIDENTE Y VICE,21,Santa Fe,7,San Cristóbal,01990,,RECURRIDO,recurridos,0,PROVISORIO,2023_BALOTAJE_santafe_presidente_mesa.csv
2023,BALOTAJE,2023-11-19,PRESIDENTE Y VICE,21,Santa Fe,7,San Cristóbal,01990,,UNION POR LA PATRIA,agrupacion,12,PROVISORIO,2023_BALOTAJE_santafe_presidente_mesa.csv
2023,BALOTAJE,2023-11-19,PRESIDENTE Y VICE,21,Santa Fe,7,San Cristóbal,02000,,EN BLANCO,blancos,2,PROVISORIO,2023_BALOTAJE_santafe_presidente_mesa.csv
2023,BALOTAJE,2023-11-19,PRESIDENTE Y VICE,21,Santa Fe,7,San Cristóbal,02000,,IMPUGNADO,impugnados,0,PROVISORIO,2023_BALOTAJE_santafe_presidente_mesa.csv
2023,BALOTAJE,2023-11-19,PRESIDENTE Y VICE,21,Santa Fe,7,San Cristóbal,02000,,LA LIBERTAD AVANZA,agrupacion,185,PROVISORIO,2023_BALOTAJE_santafe_presidente_mesa.csv
2023,BALOTAJE,2023-11-19,PRESIDENTE Y VICE,21,Santa Fe,7,San Cristóbal,02000,,NULO,nulos,4,PROVISORIO,2023_BALOTAJE_santafe_presidente_mesa.csv
2023,BALOTAJE,2023-11-19,PRESIDENTE Y VICE,21,Santa Fe,7,San Cristóbal,02000,,RECURRIDO,recurridos,0,PROVISORIO,2023_BALOTAJE_santafe_presidente_mesa.csv
2023,BALOTAJE,2023-11-19,PRESIDENTE Y VICE,21,Santa Fe,7,San Cristóbal,02000,,UNION POR LA PATRIA,agrupacion,133,PROVISORIO,2023_BALOTAJE_santafe_presidente_mesa.csv
2023,BALOTAJE,2023-11-19,PRESIDENTE Y VICE,21,Santa Fe,7,San Cristóbal,02010,,EN BLANCO,blancos,2,PROVISORIO,2023_BALOTAJE_santafe_presidente_mesa.csv
2023,BALOTAJE,2023-11-19,PRESIDENTE Y VICE,21,Santa Fe,7,San Cristóbal,02010,,IMPUGNADO,impugnados,0,PROVISORIO,2023_BALOTAJE_santafe_presidente_mesa.csv
2023,BALOTAJE,2023-11-19,PRESIDENTE Y VICE,21,Santa Fe,7,San Cristóbal,02010,,LA LIBERTAD AVANZA,agrupacion,176,PROVISORIO,2023_BALOTAJE_santafe_presidente_mesa.csv
2023,BALOTAJE,2023-11-19,PRESIDENTE Y VICE,21,Santa Fe,7,San Cristóbal,02010,,NULO,nulos,2,PROVISORIO,2023_BALOTAJE_santafe_presidente_mesa.csv
2023,BALOTAJE,2023-11-19,PRESIDENTE Y VICE,21,Santa Fe,7,San Cristóbal,02010,,RECURRIDO,recurridos,0,PROVISORIO,2023_BALOTAJE_santafe_presidente_mesa.csv
2023,BALOTAJE,2023-11-19,PRESIDENTE Y VICE,21,Santa Fe,7,San Cristóbal,02010,,UNION POR LA PATRIA,agrupacion,77,PROVISORIO,2023_BALOTAJE_santafe_presidente_mesa.csv
2023,BALOTAJE,2023-11-19,PRESIDENTE Y VICE,21,Santa Fe,7,San Cristóbal,02020,,EN BLANCO,blancos,3,PROVISORIO,2023_BALOTAJE_santafe_presidente_mesa.csv
2023,BALOTAJE,2023-11-19,PRESIDENTE Y VICE,21,Santa Fe,7,San Cristóbal,02020,,IMPUGNADO,impugnados,0,PROVISORIO,2023_BALOTAJE_santafe_presidente_mesa.csv
2023,BALOTAJE,2023-11-19,PRESIDENTE Y VICE,21,Santa Fe,7,San Cristóbal,02020,,LA LIBERTAD AVANZA,agrupacion,151,PROVISORIO,2023_BALOTAJE_santafe_presidente_mesa.csv
2023,BALOTAJE,2023-11-19,PRESIDENTE Y VICE,21,Santa Fe,7,San Cristóbal,02020,,NULO,nulos,2,PROVISORIO,2023_BALOTAJE_santafe_presidente_mesa.csv
2023,BALOTAJE,2023-11-19,PRESIDENTE Y VICE,21,Santa Fe,7,San Cristóbal,02020,,RECURRIDO,recurridos,0,PROVISORIO,2023_BALOTAJE_santafe_presidente_mesa.csv
2023,BALOTAJE,2023-11-19,PRESIDENTE Y VICE,21,Santa Fe,7,San Cristóbal,02020,,UNION POR LA PATRIA,agrupacion,66,PROVISORIO,2023_BALOTAJE_santafe_presidente_mesa.csv
2023,BALOTAJE,2023-11-19,PRESIDENTE Y VICE,21,Santa Fe,7,San Cristóbal,02030,,EN BLANCO,blancos,5,PROVISORIO,2023_BALOTAJE_santafe_presidente_mesa.csv
2023,BALOTAJE,2023-11-19,PRESIDENTE Y VICE,21,Santa Fe,7,San Cristóbal,02030,,IMPUGNADO,impugnados,0,PROVISORIO,2023_BALOTAJE_santafe_presidente_mesa.csv
2023,BALOTAJE,2023-11-19,PRESIDENTE Y VICE,21,Santa Fe,7,San Cristóbal,02030,,LA LIBERTAD AVANZA,agrupacion,186,PROVISORIO,2023_BALOTAJE_santafe_presidente_mesa.csv
2023,BALOTAJE,2023-11-19,PRESIDENTE Y VICE,21,Santa Fe,7,San Cristóbal,02030,,NULO,nulos,6,PROVISORIO,2023_BALOTAJE_santafe_presidente_mesa.csv
2023,BALOTAJE,2023-11-19,PRESIDENTE Y VICE,21,Santa Fe,7,San Cristóbal,02030,,RECURRIDO,recurridos,0,PROVISORIO,2023_BALOTAJE_santafe_presidente_mesa.csv
2023,BALOTAJE,2023-11-19,PRESIDENTE Y VICE,21,Santa Fe,7,San Cristóbal,02030,,UNION POR LA PATRIA,agrupacion,27,PROVISORIO,2023_BALOTAJE_santafe_presidente_mesa.csv
2023,BALOTAJE,2023-11-19,PRESIDENTE Y VICE,21,Santa Fe,7,San Cristóbal,02040,,EN BLANCO,blancos,0,PROVISORIO,2023_BALOTAJE_santafe_presidente_mesa.csv
2023,BALOTAJE,2023-11-19,PRESIDENTE Y VICE,21,Santa Fe,7,San Cristóbal,02040,,IMPUGNADO,impugnados,0,PROVISORIO,2023_BALOTAJE_santafe_presidente_mesa.csv
2023,BALOTAJE,2023-11-19,PRESIDENTE Y VICE,21,Santa Fe,7,San Cristóbal,02040,,LA LIBERTAD AVANZA,agrupacion,74,PROVISORIO,2023_BALOTAJE_santafe_presidente_mesa.csv
2023,BALOTAJE,2023-11-19,PRESIDENTE Y VICE,21,Santa Fe,7,San Cristóbal,02040,,NULO,nulos,0,PROVISORIO,2023_BALOTAJE_santafe_presidente_mesa.csv
2023,BALOTAJE,2023-11-19,PRESIDENTE Y VICE,21,Santa Fe,7,San Cristóbal,02040,,RECURRIDO,recurridos,0,PROVISORIO,2023_BALOTAJE_santafe_presidente_mesa.csv
2023,BALOTAJE,2023-11-19,PRESIDENTE Y VICE,21,Santa Fe,7,San Cristóbal,02040,,UNION POR LA PATRIA,agrupacion,17,PROVISORIO,2023_BALOTAJE_santafe_presidente_mesa.csv
2023,BALOTAJE,2023-11-19,PRESIDENTE Y VICE,21,Santa Fe,7,San Cristóbal,02050,,EN BLANCO,blancos,2,PROVISORIO,2023_BALOTAJE_santafe_presidente_mesa.csv
2023,BALOTAJE,2023-11-19,PRESIDENTE Y VICE,21,Santa Fe,7,San Cristóbal,02050,,IMPUGNADO,impugnados,0,PROVISORIO,2023_BALOTAJE_santafe_presidente_mesa.csv
2023,BALOTAJE,2023-11-19,PRESIDENTE Y VICE,21,Santa Fe,7,San Cristóbal,02050,,LA LIBERTAD AVANZA,agrupacion,128,PROVISORIO,2023_BALOTAJE_santafe_presidente_mesa.csv
2023,BALOTAJE,2023-11-19,PRESIDENTE Y VICE,21,Santa Fe,7,San Cristóbal,02050,,NULO,nulos,2,PROVISORIO,2023_BALOTAJE_santafe_presidente_mesa.csv
2023,BALOTAJE,2023-11-19,PRESIDENTE Y VICE,21,Santa Fe,7,San Cristóbal,02050,,RECURRIDO,recurridos,0,PROVISORIO,2023_BALOTAJE_santafe_presidente_mesa.csv
2023,BALOTAJE,2023-11-19,PRESIDENTE Y VICE,21,Santa Fe,7,San Cristóbal,02050,,UNION POR LA PATRIA,agrupacion,61,PROVISORIO,2023_BALOTAJE_santafe_presidente_mesa.csv
2023,BALOTAJE,2023-11-19,PRESIDENTE Y VICE,21,Santa Fe,8,San Justo,02070,,EN BLANCO,blancos,1,PROVISORIO,2023_BALOTAJE_santafe_presidente_mesa.csv
2023,BALOTAJE,2023-11-19,PRESIDENTE Y VICE,21,Santa Fe,8,San Justo,02070,,IMPUGNADO,impugnados,0,PROVISORIO,2023_BALOTAJE_santafe_presidente_mesa.csv
2023,BALOTAJE,2023-11-19,PRESIDENTE Y VICE,21,Santa Fe,8,San Justo,02070,,LA LIBERTAD AVANZA,agrupacion,144,PROVISORIO,2023_BALOTAJE_santafe_presidente_mesa.csv
2023,BALOTAJE,2023-11-19,PRESIDENTE Y VICE,21,Santa Fe,8,San Justo,02070,,NULO,nulos,2,PROVISORIO,2023_BALOTAJE_santafe_presidente_mesa.csv
2023,BALOTAJE,2023-11-19,PRESIDENTE Y VICE,21,Santa Fe,8,San Justo,02070,,RECURRIDO,recurridos,0,PROVISORIO,2023_BALOTAJE_santafe_presidente_mesa.csv
2023,BALOTAJE,2023-11-19,PRESIDENTE Y VICE,21,Santa Fe,8,San Justo,02070,,UNION POR LA PATRIA,agrupacion,157,PROVISORIO,2023_BALOTAJE_santafe_presidente_mesa.csv
2023,BALOTAJE,2023-11-19,PRESIDENTE Y VICE,21,Santa Fe,8,San Justo,02080,,EN BLANCO,blancos,23,PROVISORIO,2023_BALOTAJE_santafe_presidente_mesa.csv
2023,BALOTAJE,2023-11-19,PRESIDENTE Y VICE,21,Santa Fe,8,San Justo,02080,,IMPUGNADO,impugnados,0,PROVISORIO,2023_BALOTAJE_santafe_presidente_mesa.csv
2023,BALOTAJE,2023-11-19,PRESIDENTE Y VICE,21,Santa Fe,8,San Justo,02080,,LA LIBERTAD AVANZA,agrupacion,1019,PROVISORIO,2023_BALOTAJE_santafe_presidente_mesa.csv
2023,BALOTAJE,2023-11-19,PRESIDENTE Y VICE,21,Santa Fe,8,San Justo,02080,,NULO,nulos,25,PROVISORIO,2023_BALOTAJE_santafe_presidente_mesa.csv
2023,BALOTAJE,2023-11-19,PRESIDENTE Y VICE,21,Santa Fe,8,San Justo,02080,,RECURRIDO,recurridos,0,PROVISORIO,2023_BALOTAJE_santafe_presidente_mesa.csv
2023,BALOTAJE,2023-11-19,PRESIDENTE Y VICE,21,Santa Fe,8,San Justo,02080,,UNION POR LA PATRIA,agrupacion,451,PROVISORIO,2023_BALOTAJE_santafe_presidente_mesa.csv
2023,BALOTAJE,2023-11-19,PRESIDENTE Y VICE,21,Santa Fe,8,San Justo,02084,,EN BLANCO,blancos,0,PROVISORIO,2023_BALOTAJE_santafe_presidente_mesa.csv
2023,BALOTAJE,2023-11-19,PRESIDENTE Y VICE,21,Santa Fe,8,San Justo,02084,,IMPUGNADO,impugnados,0,PROVISORIO,2023_BALOTAJE_santafe_presidente_mesa.csv
2023,BALOTAJE,2023-11-19,PRESIDENTE Y VICE,21,Santa Fe,8,San Justo,02084,,LA LIBERTAD AVANZA,agrupacion,46,PROVISORIO,2023_BALOTAJE_santafe_presidente_mesa.csv
2023,BALOTAJE,2023-11-19,PRESIDENTE Y VICE,21,Santa Fe,8,San Justo,02084,,NULO,nulos,0,PROVISORIO,2023_BALOTAJE_santafe_presidente_mesa.csv
2023,BALOTAJE,2023-11-19,PRESIDENTE Y VICE,21,Santa Fe,8,San Justo,02084,,RECURRIDO,recurridos,0,PROVISORIO,2023_BALOTAJE_santafe_presidente_mesa.csv
2023,BALOTAJE,2023-11-19,PRESIDENTE Y VICE,21,Santa Fe,8,San Justo,02084,,UNION POR LA PATRIA,agrupacion,17,PROVISORIO,2023_BALOTAJE_santafe_presidente_mesa.csv
2023,BALOTAJE,2023-11-19,PRESIDENTE Y VICE,21,Santa Fe,8,San Justo,02086,,EN BLANCO,blancos,1,PROVISORIO,2023_BALOTAJE_santafe_presidente_mesa.csv
2023,BALOTAJE,2023-11-19,PRESIDENTE Y VICE,21,Santa Fe,8,San Justo,02086,,IMPUGNADO,impugnados,0,PROVISORIO,2023_BALOTAJE_santafe_presidente_mesa.csv
2023,BALOTAJE,2023-11-19,PRESIDENTE Y VICE,21,Santa Fe,8,San Justo,02086,,LA LIBERTAD AVANZA,agrupacion,108,PROVISORIO,2023_BALOTAJE_santafe_presidente_mesa.csv
2023,BALOTAJE,2023-11-19,PRESIDENTE Y VICE,21,Santa Fe,8,San Justo,02086,,NULO,nulos,3,PROVISORIO,2023_BALOTAJE_santafe_presidente_mesa.csv
2023,BALOTAJE,2023-11-19,PRESIDENTE Y VICE,21,Santa Fe,8,San Justo,02086,,RECURRIDO,recurridos,0,PROVISORIO,2023_BALOTAJE_santafe_presidente_mesa.csv
2023,BALOTAJE,2023-11-19,PRESIDENTE Y VICE,21,Santa Fe,8,San Justo,02086,,UNION POR LA PATRIA,agrupacion,35,PROVISORIO,2023_BALOTAJE_santafe_presidente_mesa.csv
2023,BALOTAJE,2023-11-19,PRESIDENTE Y VICE,21,Santa Fe,8,San Justo,02090,,EN BLANCO,blancos,2,PROVISORIO,2023_BALOTAJE_santafe_presidente_mesa.csv
2023,BALOTAJE,2023-11-19,PRESIDENTE Y VICE,21,Santa Fe,8,San Justo,02090,,IMPUGNADO,impugnados,0,PROVISORIO,2023_BALOTAJE_santafe_presidente_mesa.csv
2023,BALOTAJE,2023-11-19,PRESIDENTE Y VICE,21,Santa Fe,8,San Justo,02090,,LA LIBERTAD AVANZA,agrupacion,126,PROVISORIO,2023_BALOTAJE_santafe_presidente_mesa.csv
2023,BALOTAJE,2023-11-19,PRESIDENTE Y VICE,21,Santa Fe,8,San Justo,02090,,NULO,nulos,4,PROVISORIO,2023_BALOTAJE_santafe_presidente_mesa.csv
2023,BALOTAJE,2023-11-19,PRESIDENTE Y VICE,21,Santa Fe,8,San Justo,02090,,RECURRIDO,recurridos,0,PROVISORIO,2023_BALOTAJE_santafe_presidente_mesa.csv
2023,BALOTAJE,2023-11-19,PRESIDENTE Y VICE,21,Santa Fe,8,San Justo,02090,,UNION POR LA PATRIA,agrupacion,117,PROVISORIO,2023_BALOTAJE_santafe_presidente_mesa.csv
2023,BALOTAJE,2023-11-19,PRESIDENTE Y VICE,21,Santa Fe,8,San Justo,02100,,EN BLANCO,blancos,179,PROVISORIO,2023_BALOTAJE_santafe_presidente_mesa.csv
2023,BALOTAJE,2023-11-19,PRESIDENTE Y VICE,21,Santa Fe,8,San Justo,02100,,IMPUGNADO,impugnados,1,PROVISORIO,2023_BALOTAJE_santafe_presidente_mesa.csv
2023,BALOTAJE,2023-11-19,PRESIDENTE Y VICE,21,Santa Fe,8,San Justo,02100,,LA LIBERTAD AVANZA,agrupacion,10505,PROVISORIO,2023_BALOTAJE_santafe_presidente_mesa.csv
2023,BALOTAJE,2023-11-19,PRESIDENTE Y VICE,21,Santa Fe,8,San Justo,02100,,NULO,nulos,358,PROVISORIO,2023_BALOTAJE_santafe_presidente_mesa.csv
2023,BALOTAJE,2023-11-19,PRESIDENTE Y VICE,21,Santa Fe,8,San Justo,02100,,RECURRIDO,recurridos,2,PROVISORIO,2023_BALOTAJE_santafe_presidente_mesa.csv
2023,BALOTAJE,2023-11-19,PRESIDENTE Y VICE,21,Santa Fe,8,San Justo,02100,,UNION POR LA PATRIA,agrupacion,4273,PROVISORIO,2023_BALOTAJE_santafe_presidente_mesa.csv
2023,BALOTAJE,2023-11-19,PRESIDENTE Y VICE,21,Santa Fe,8,San Justo,02105,,EN BLANCO,blancos,0,PROVISORIO,2023_BALOTAJE_santafe_presidente_mesa.csv
2023,BALOTAJE,2023-11-19,PRESIDENTE Y VICE,21,Santa Fe,8,San Justo,02105,,IMPUGNADO,impugnados,0,PROVISORIO,2023_BALOTAJE_santafe_presidente_mesa.csv
2023,BALOTAJE,2023-11-19,PRESIDENTE Y VICE,21,Santa Fe,8,San Justo,02105,,LA LIBERTAD AVANZA,agrupacion,56,PROVISORIO,2023_BALOTAJE_santafe_presidente_mesa.csv
2023,BALOTAJE,2023-11-19,PRESIDENTE Y VICE,21,Santa Fe,8,San Justo,02105,,NULO,nulos,1,PROVISORIO,2023_BALOTAJE_santafe_presidente_mesa.csv
2023,BALOTAJE,2023-11-19,PRESIDENTE Y VICE,21,Santa Fe,8,San Justo,02105,,RECURRIDO,recurridos,0,PROVISORIO,2023_BALOTAJE_santafe_presidente_mesa.csv
2023,BALOTAJE,2023-11-19,PRESIDENTE Y VICE,21,Santa Fe,8,San Justo,02105,,UNION POR LA PATRIA,agrupacion,20,PROVISORIO,2023_BALOTAJE_santafe_presidente_mesa.csv
2023,BALOTAJE,2023-11-19,PRESIDENTE Y VICE,21,Santa Fe,8,San Justo,02110,,EN BLANCO,blancos,7,PROVISORIO,2023_BALOTAJE_santafe_presidente_mesa.csv
2023,BALOTAJE,2023-11-19,PRESIDENTE Y VICE,21,Santa Fe,8,San Justo,02110,,IMPUGNADO,impugnados,0,PROVISORIO,2023_BALOTAJE_santafe_presidente_mesa.csv
2023,BALOTAJE,2023-11-19,PRESIDENTE Y VICE,21,Santa Fe,8,San Justo,02110,,LA LIBERTAD AVANZA,agrupacion,347,PROVISORIO,2023_BALOTAJE_santafe_presidente_mesa.csv
2023,BALOTAJE,2023-11-19,PRESIDENTE Y VICE,21,Santa Fe,8,San Justo,02110,,NULO,nulos,11,PROVISORIO,2023_BALOTAJE_santafe_presidente_mesa.csv
2023,BALOTAJE,2023-11-19,PRESIDENTE Y VICE,21,Santa Fe,8,San Justo,02110,,RECURRIDO,recurridos,0,PROVISORIO,2023_BALOTAJE_santafe_presidente_mesa.csv
2023,BALOTAJE,2023-11-19,PRESIDENTE Y VICE,21,Santa Fe,8,San Justo,02110,,UNION POR LA PATRIA,agrupacion,128,PROVISORIO,2023_BALOTAJE_santafe_presidente_mesa.csv
2023,BALOTAJE,2023-11-19,PRESIDENTE Y VICE,21,Santa Fe,8,San Justo,02120,,EN BLANCO,blancos,6,PROVISORIO,2023_BALOTAJE_santafe_presidente_mesa.csv
2023,BALOTAJE,2023-11-19,PRESIDENTE Y VICE,21,Santa Fe,8,San Justo,02120,,IMPUGNADO,impugnados,0,PROVISORIO,2023_BALOTAJE_santafe_presidente_mesa.csv
2023,BALOTAJE,2023-11-19,PRESIDENTE Y VICE,21,Santa Fe,8,San Justo,02120,,LA LIBERTAD AVANZA,agrupacion,798,PROVISORIO,2023_BALOTAJE_santafe_presidente_mesa.csv
2023,BALOTAJE,2023-11-19,PRESIDENTE Y VICE,21,Santa Fe,8,San Justo,02120,,NULO,nulos,16,PROVISORIO,2023_BALOTAJE_santafe_presidente_mesa.csv
2023,BALOTAJE,2023-11-19,PRESIDENTE Y VICE,21,Santa Fe,8,San Justo,02120,,RECURRIDO,recurridos,0,PROVISORIO,2023_BALOTAJE_santafe_presidente_mesa.csv
2023,BALOTAJE,2023-11-19,PRESIDENTE Y VICE,21,Santa Fe,8,San Justo,02120,,UNION POR LA PATRIA,agrupacion,319,PROVISORIO,2023_BALOTAJE_santafe_presidente_mesa.csv
2023,BALOTAJE,2023-11-19,PRESIDENTE Y VICE,21,Santa Fe,8,San Justo,02125,,EN BLANCO,blancos,1,PROVISORIO,2023_BALOTAJE_santafe_presidente_mesa.csv
2023,BALOTAJE,2023-11-19,PRESIDENTE Y VICE,21,Santa Fe,8,San Justo,02125,,IMPUGNADO,impugnados,0,PROVISORIO,2023_BALOTAJE_santafe_presidente_mesa.csv
2023,BALOTAJE,2023-11-19,PRESIDENTE Y VICE,21,Santa Fe,8,San Justo,02125,,LA LIBERTAD AVANZA,agrupacion,233,PROVISORIO,2023_BALOTAJE_santafe_presidente_mesa.csv
2023,BALOTAJE,2023-11-19,PRESIDENTE Y VICE,21,Santa Fe,8,San Justo,02125,,NULO,nulos,5,PROVISORIO,2023_BALOTAJE_santafe_presidente_mesa.csv
2023,BALOTAJE,2023-11-19,PRESIDENTE Y VICE,21,Santa Fe,8,San Justo,02125,,RECURRIDO,recurridos,0,PROVISORIO,2023_BALOTAJE_santafe_presidente_mesa.csv
2023,BALOTAJE,2023-11-19,PRESIDENTE Y VICE,21,Santa Fe,8,San Justo,02125,,UNION POR LA PATRIA,agrupacion,106,PROVISORIO,2023_BALOTAJE_santafe_presidente_mesa.csv
2023,BALOTAJE,2023-11-19,PRESIDENTE Y VICE,21,Santa Fe,8,San Justo,02130,,EN BLANCO,blancos,48,PROVISORIO,2023_BALOTAJE_santafe_presidente_mesa.csv
2023,BALOTAJE,2023-11-19,PRESIDENTE Y VICE,21,Santa Fe,8,San Justo,02130,,IMPUGNADO,impugnados,0,PROVISORIO,2023_BALOTAJE_santafe_presidente_mesa.csv
2023,BALOTAJE,2023-11-19,PRESIDENTE Y VICE,21,Santa Fe,8,San Justo,02130,,LA LIBERTAD AVANZA,agrupacion,2968,PROVISORIO,2023_BALOTAJE_santafe_presidente_mesa.csv
2023,BALOTAJE,2023-11-19,PRESIDENTE Y VICE,21,Santa Fe,8,San Justo,02130,,NULO,nulos,76,PROVISORIO,2023_BALOTAJE_santafe_presidente_mesa.csv
2023,BALOTAJE,2023-11-19,PRESIDENTE Y VICE,21,Santa Fe,8,San Justo,02130,,RECURRIDO,recurridos,0,PROVISORIO,2023_BALOTAJE_santafe_presidente_mesa.csv
2023,BALOTAJE,2023-11-19,PRESIDENTE Y VICE,21,Santa Fe,8,San Justo,02130,,UNION POR LA PATRIA,agrupacion,1013,PROVISORIO,2023_BALOTAJE_santafe_presidente_mesa.csv
2023,BALOTAJE,2023-11-19,PRESIDENTE Y VICE,21,Santa Fe,8,San Justo,02140,,EN BLANCO,blancos,3,PROVISORIO,2023_BALOTAJE_santafe_presidente_mesa.csv
2023,BALOTAJE,2023-11-19,PRESIDENTE Y VICE,21,Santa Fe,8,San Justo,02140,,IMPUGNADO,impugnados,0,PROVISORIO,2023_BALOTAJE_santafe_presidente_mesa.csv
2023,BALOTAJE,2023-11-19,PRESIDENTE Y VICE,21,Santa Fe,8,San Justo,02140,,LA LIBERTAD AVANZA,agrupacion,228,PROVISORIO,2023_BALOTAJE_santafe_presidente_mesa.csv
2023,BALOTAJE,2023-11-19,PRESIDENTE Y VICE,21,Santa Fe,8,San Justo,02140,,NULO,nulos,7,PROVISORIO,2023_BALOTAJE_santafe_presidente_mesa.csv
2023,BALOTAJE,2023-11-19,PRESIDENTE Y VICE,21,Santa Fe,8,San Justo,02140,,RECURRIDO,recurridos,0,PROVISORIO,2023_BALOTAJE_santafe_presidente_mesa.csv
2023,BALOTAJE,2023-11-19,PRESIDENTE Y VICE,21,Santa Fe,8,San Justo,02140,,UNION POR LA PATRIA,agrupacion,268,PROVISORIO,2023_BALOTAJE_santafe_presidente_mesa.csv
2023,BALOTAJE,2023-11-19,PRESIDENTE Y VICE,21,Santa Fe,8,San Justo,02145,,EN BLANCO,blancos,2,PROVISORIO,2023_BALOTAJE_santafe_presidente_mesa.csv
2023,BALOTAJE,2023-11-19,PRESIDENTE Y VICE,21,Santa Fe,8,San Justo,02145,,IMPUGNADO,impugnados,0,PROVISORIO,2023_BALOTAJE_santafe_presidente_mesa.csv
2023,BALOTAJE,2023-11-19,PRESIDENTE Y VICE,21,Santa Fe,8,San Justo,02145,,LA LIBERTAD AVANZA,agrupacion,219,PROVISORIO,2023_BALOTAJE_santafe_presidente_mesa.csv
2023,BALOTAJE,2023-11-19,PRESIDENTE Y VICE,21,Santa Fe,8,San Justo,02145,,NULO,nulos,3,PROVISORIO,2023_BALOTAJE_santafe_presidente_mesa.csv
2023,BALOTAJE,2023-11-19,PRESIDENTE Y VICE,21,Santa Fe,8,San Justo,02145,,RECURRIDO,recurridos,0,PROVISORIO,2023_BALOTAJE_santafe_presidente_mesa.csv
2023,BALOTAJE,2023-11-19,PRESIDENTE Y VICE,21,Santa Fe,8,San Justo,02145,,UNION POR LA PATRIA,agrupacion,271,PROVISORIO,2023_BALOTAJE_santafe_presidente_mesa.csv
2023,BALOTAJE,2023-11-19,PRESIDENTE Y VICE,21,Santa Fe,8,San Justo,02150,,EN BLANCO,blancos,11,PROVISORIO,2023_BALOTAJE_santafe_presidente_mesa.csv
2023,BALOTAJE,2023-11-19,PRESIDENTE Y VICE,21,Santa Fe,8,San Justo,02150,,IMPUGNADO,impugnados,0,PROVISORIO,2023_BALOTAJE_santafe_presidente_mesa.csv
2023,BALOTAJE,2023-11-19,PRESIDENTE Y VICE,21,Santa Fe,8,San Justo,02150,,LA LIBERTAD AVANZA,agrupacion,454,PROVISORIO,2023_BALOTAJE_santafe_presidente_mesa.csv
2023,BALOTAJE,2023-11-19,PRESIDENTE Y VICE,21,Santa Fe,8,San Justo,02150,,NULO,nulos,13,PROVISORIO,2023_BALOTAJE_santafe_presidente_mesa.csv
2023,BALOTAJE,2023-11-19,PRESIDENTE Y VICE,21,Santa Fe,8,San Justo,02150,,RECURRIDO,recurridos,0,PROVISORIO,2023_BALOTAJE_santafe_presidente_mesa.csv
2023,BALOTAJE,2023-11-19,PRESIDENTE Y VICE,21,Santa Fe,8,San Justo,02150,,UNION POR LA PATRIA,agrupacion,357,PROVISORIO,2023_BALOTAJE_santafe_presidente_mesa.csv
2023,BALOTAJE,2023-11-19,PRESIDENTE Y VICE,21,Santa Fe,8,San Justo,02155,,EN BLANCO,blancos,2,PROVISORIO,2023_BALOTAJE_santafe_presidente_mesa.csv
2023,BALOTAJE,2023-11-19,PRESIDENTE Y VICE,21,Santa Fe,8,San Justo,02155,,IMPUGNADO,impugnados,0,PROVISORIO,2023_BALOTAJE_santafe_presidente_mesa.csv
2023,BALOTAJE,2023-11-19,PRESIDENTE Y VICE,21,Santa Fe,8,San Justo,02155,,LA LIBERTAD AVANZA,agrupacion,64,PROVISORIO,2023_BALOTAJE_santafe_presidente_mesa.csv
2023,BALOTAJE,2023-11-19,PRESIDENTE Y VICE,21,Santa Fe,8,San Justo,02155,,NULO,nulos,0,PROVISORIO,2023_BALOTAJE_santafe_presidente_mesa.csv
2023,BALOTAJE,2023-11-19,PRESIDENTE Y VICE,21,Santa Fe,8,San Justo,02155,,RECURRIDO,recurridos,0,PROVISORIO,2023_BALOTAJE_santafe_presidente_mesa.csv
2023,BALOTAJE,2023-11-19,PRESIDENTE Y VICE,21,Santa Fe,8,San Justo,02155,,UNION POR LA PATRIA,agrupacion,10,PROVISORIO,2023_BALOTAJE_santafe_presidente_mesa.csv
2023,BALOTAJE,2023-11-19,PRESIDENTE Y VICE,21,Santa Fe,8,San Justo,02160,,EN BLANCO,blancos,16,PROVISORIO,2023_BALOTAJE_santafe_presidente_mesa.csv
2023,BALOTAJE,2023-11-19,PRESIDENTE Y VICE,21,Santa Fe,8,San Justo,02160,,IMPUGNADO,impugnados,0,PROVISORIO,2023_BALOTAJE_santafe_presidente_mesa.csv
2023,BALOTAJE,2023-11-19,PRESIDENTE Y VICE,21,Santa Fe,8,San Justo,02160,,LA LIBERTAD AVANZA,agrupacion,1024,PROVISORIO,2023_BALOTAJE_santafe_presidente_mesa.csv
2023,BALOTAJE,2023-11-19,PRESIDENTE Y VICE,21,Santa Fe,8,San Justo,02160,,NULO,nulos,29,PROVISORIO,2023_BALOTAJE_santafe_presidente_mesa.csv
2023,BALOTAJE,2023-11-19,PRESIDENTE Y VICE,21,Santa Fe,8,San Justo,02160,,RECURRIDO,recurridos,0,PROVISORIO,2023_BALOTAJE_santafe_presidente_mesa.csv
2023,BALOTAJE,2023-11-19,PRESIDENTE Y VICE,21,Santa Fe,8,San Justo,02160,,UNION POR LA PATRIA,agrupacion,445,PROVISORIO,2023_BALOTAJE_santafe_presidente_mesa.csv
2023,BALOTAJE,2023-11-19,PRESIDENTE Y VICE,21,Santa Fe,8,San Justo,02165,,EN BLANCO,blancos,0,PROVISORIO,2023_BALOTAJE_santafe_presidente_mesa.csv
2023,BALOTAJE,2023-11-19,PRESIDENTE Y VICE,21,Santa Fe,8,San Justo,02165,,IMPUGNADO,impugnados,0,PROVISORIO,2023_BALOTAJE_santafe_presidente_mesa.csv
2023,BALOTAJE,2023-11-19,PRESIDENTE Y VICE,21,Santa Fe,8,San Justo,02165,,LA LIBERTAD AVANZA,agrupacion,26,PROVISORIO,2023_BALOTAJE_santafe_presidente_mesa.csv
2023,BALOTAJE,2023-11-19,PRESIDENTE Y VICE,21,Santa Fe,8,San Justo,02165,,NULO,nulos,1,PROVISORIO,2023_BALOTAJE_santafe_presidente_mesa.csv
2023,BALOTAJE,2023-11-19,PRESIDENTE Y VICE,21,Santa Fe,8,San Justo,02165,,RECURRIDO,recurridos,0,PROVISORIO,2023_BALOTAJE_santafe_presidente_mesa.csv
2023,BALOTAJE,2023-11-19,PRESIDENTE Y VICE,21,Santa Fe,8,San Justo,02165,,UNION POR LA PATRIA,agrupacion,12,PROVISORIO,2023_BALOTAJE_santafe_presidente_mesa.csv
2023,BALOTAJE,2023-11-19,PRESIDENTE Y VICE,21,Santa Fe,8,San Justo,02170,,EN BLANCO,blancos,5,PROVISORIO,2023_BALOTAJE_santafe_presidente_mesa.csv
2023,BALOTAJE,2023-11-19,PRESIDENTE Y VICE,21,Santa Fe,8,San Justo,02170,,IMPUGNADO,impugnados,0,PROVISORIO,2023_BALOTAJE_santafe_presidente_mesa.csv
2023,BALOTAJE,2023-11-19,PRESIDENTE Y VICE,21,Santa Fe,8,San Justo,02170,,LA LIBERTAD AVANZA,agrupacion,202,PROVISORIO,2023_BALOTAJE_santafe_presidente_mesa.csv
2023,BALOTAJE,2023-11-19,PRESIDENTE Y VICE,21,Santa Fe,8,San Justo,02170,,NULO,nulos,2,PROVISORIO,2023_BALOTAJE_santafe_presidente_mesa.csv
2023,BALOTAJE,2023-11-19,PRESIDENTE Y VICE,21,Santa Fe,8,San Justo,02170,,RECURRIDO,recurridos,0,PROVISORIO,2023_BALOTAJE_santafe_presidente_mesa.csv
2023,BALOTAJE,2023-11-19,PRESIDENTE Y VICE,21,Santa Fe,8,San Justo,02170,,UNION POR LA PATRIA,agrupacion,53,PROVISORIO,2023_BALOTAJE_santafe_presidente_mesa.csv
2023,BALOTAJE,2023-11-19,PRESIDENTE Y VICE,21,Santa Fe,8,San Justo,02180,,EN BLANCO,blancos,6,PROVISORIO,2023_BALOTAJE_santafe_presidente_mesa.csv
2023,BALOTAJE,2023-11-19,PRESIDENTE Y VICE,21,Santa Fe,8,San Justo,02180,,IMPUGNADO,impugnados,0,PROVISORIO,2023_BALOTAJE_santafe_presidente_mesa.csv
2023,BALOTAJE,2023-11-19,PRESIDENTE Y VICE,21,Santa Fe,8,San Justo,02180,,LA LIBERTAD AVANZA,agrupacion,223,PROVISORIO,2023_BALOTAJE_santafe_presidente_mesa.csv
2023,BALOTAJE,2023-11-19,PRESIDENTE Y VICE,21,Santa Fe,8,San Justo,02180,,NULO,nulos,5,PROVISORIO,2023_BALOTAJE_santafe_presidente_mesa.csv
2023,BALOTAJE,2023-11-19,PRESIDENTE Y VICE,21,Santa Fe,8,San Justo,02180,,RECURRIDO,recurridos,0,PROVISORIO,2023_BALOTAJE_santafe_presidente_mesa.csv
2023,BALOTAJE,2023-11-19,PRESIDENTE Y VICE,21,Santa Fe,8,San Justo,02180,,UNION POR LA PATRIA,agrupacion,198,PROVISORIO,2023_BALOTAJE_santafe_presidente_mesa.csv
2023,BALOTAJE,2023-11-19,PRESIDENTE Y VICE,21,Santa Fe,8,San Justo,02190,,EN BLANCO,blancos,0,PROVISORIO,2023_BALOTAJE_santafe_presidente_mesa.csv
2023,BALOTAJE,2023-11-19,PRESIDENTE Y VICE,21,Santa Fe,8,San Justo,02190,,IMPUGNADO,impugnados,0,PROVISORIO,2023_BALOTAJE_santafe_presidente_mesa.csv
2023,BALOTAJE,2023-11-19,PRESIDENTE Y VICE,21,Santa Fe,8,San Justo,02190,,LA LIBERTAD AVANZA,agrupacion,19,PROVISORIO,2023_BALOTAJE_santafe_presidente_mesa.csv
2023,BALOTAJE,2023-11-19,PRESIDENTE Y VICE,21,Santa Fe,8,San Justo,02190,,NULO,nulos,0,PROVISORIO,2023_BALOTAJE_santafe_presidente_mesa.csv
2023,BALOTAJE,2023-11-19,PRESIDENTE Y VICE,21,Santa Fe,8,San Justo,02190,,RECURRIDO,recurridos,0,PROVISORIO,2023_BALOTAJE_santafe_presidente_mesa.csv
2023,BALOTAJE,2023-11-19,PRESIDENTE Y VICE,21,Santa Fe,8,San Justo,02190,,UNION POR LA PATRIA,agrupacion,7,PROVISORIO,2023_BALOTAJE_santafe_presidente_mesa.csv
2023,BALOTAJE,2023-11-19,PRESIDENTE Y VICE,21,Santa Fe,9,General Obligado,02200,,EN BLANCO,blancos,1,PROVISORIO,2023_BALOTAJE_santafe_presidente_mesa.csv
2023,BALOTAJE,2023-11-19,PRESIDENTE Y VICE,21,Santa Fe,9,General Obligado,02200,,IMPUGNADO,impugnados,0,PROVISORIO,2023_BALOTAJE_santafe_presidente_mesa.csv
2023,BALOTAJE,2023-11-19,PRESIDENTE Y VICE,21,Santa Fe,9,General Obligado,02200,,LA LIBERTAD AVANZA,agrupacion,100,PROVISORIO,2023_BALOTAJE_santafe_presidente_mesa.csv
2023,BALOTAJE,2023-11-19,PRESIDENTE Y VICE,21,Santa Fe,9,General Obligado,02200,,NULO,nulos,0,PROVISORIO,2023_BALOTAJE_santafe_presidente_mesa.csv
2023,BALOTAJE,2023-11-19,PRESIDENTE Y VICE,21,Santa Fe,9,General Obligado,02200,,RECURRIDO,recurridos,0,PROVISORIO,2023_BALOTAJE_santafe_presidente_mesa.csv
2023,BALOTAJE,2023-11-19,PRESIDENTE Y VICE,21,Santa Fe,9,General Obligado,02200,,UNION POR LA PATRIA,agrupacion,189,PROVISORIO,2023_BALOTAJE_santafe_presidente_mesa.csv
2023,BALOTAJE,2023-11-19,PRESIDENTE Y VICE,21,Santa Fe,9,General Obligado,02210,,EN BLANCO,blancos,63,PROVISORIO,2023_BALOTAJE_santafe_presidente_mesa.csv
2023,BALOTAJE,2023-11-19,PRESIDENTE Y VICE,21,Santa Fe,9,General Obligado,02210,,IMPUGNADO,impugnados,0,PROVISORIO,2023_BALOTAJE_santafe_presidente_mesa.csv
2023,BALOTAJE,2023-11-19,PRESIDENTE Y VICE,21,Santa Fe,9,General Obligado,02210,,LA LIBERTAD AVANZA,agrupacion,3613,PROVISORIO,2023_BALOTAJE_santafe_presidente_mesa.csv
2023,BALOTAJE,2023-11-19,PRESIDENTE Y VICE,21,Santa Fe,9,General Obligado,02210,,NULO,nulos,85,PROVISORIO,2023_BALOTAJE_santafe_presidente_mesa.csv
2023,BALOTAJE,2023-11-19,PRESIDENTE Y VICE,21,Santa Fe,9,General Obligado,02210,,RECURRIDO,recurridos,1,PROVISORIO,2023_BALOTAJE_santafe_presidente_mesa.csv
2023,BALOTAJE,2023-11-19,PRESIDENTE Y VICE,21,Santa Fe,9,General Obligado,02210,,UNION POR LA PATRIA,agrupacion,1711,PROVISORIO,2023_BALOTAJE_santafe_presidente_mesa.csv
2023,BALOTAJE,2023-11-19,PRESIDENTE Y VICE,21,Santa Fe,9,General Obligado,02215,,EN BLANCO,blancos,2,PROVISORIO,2023_BALOTAJE_santafe_presidente_mesa.csv
2023,BALOTAJE,2023-11-19,PRESIDENTE Y VICE,21,Santa Fe,9,General Obligado,02215,,IMPUGNADO,impugnados,0,PROVISORIO,2023_BALOTAJE_santafe_presidente_mesa.csv
2023,BALOTAJE,2023-11-19,PRESIDENTE Y VICE,21,Santa Fe,9,General Obligado,02215,,LA LIBERTAD AVANZA,agrupacion,28,PROVISORIO,2023_BALOTAJE_santafe_presidente_mesa.csv
2023,BALOTAJE,2023-11-19,PRESIDENTE Y VICE,21,Santa Fe,9,General Obligado,02215,,NULO,nulos,0,PROVISORIO,2023_BALOTAJE_santafe_presidente_mesa.csv
2023,BALOTAJE,2023-11-19,PRESIDENTE Y VICE,21,Santa Fe,9,General Obligado,02215,,RECURRIDO,recurridos,0,PROVISORIO,2023_BALOTAJE_santafe_presidente_mesa.csv
2023,BALOTAJE,2023-11-19,PRESIDENTE Y VICE,21,Santa Fe,9,General Obligado,02215,,UNION POR LA PATRIA,agrupacion,5,PROVISORIO,2023_BALOTAJE_santafe_presidente_mesa.csv
2023,BALOTAJE,2023-11-19,PRESIDENTE Y VICE,21,Santa Fe,9,General Obligado,02220,,EN BLANCO,blancos,2,PROVISORIO,2023_BALOTAJE_santafe_presidente_mesa.csv
2023,BALOTAJE,2023-11-19,PRESIDENTE Y VICE,21,Santa Fe,9,General Obligado,02220,,IMPUGNADO,impugnados,0,PROVISORIO,2023_BALOTAJE_santafe_presidente_mesa.csv
2023,BALOTAJE,2023-11-19,PRESIDENTE Y VICE,21,Santa Fe,9,General Obligado,02220,,LA LIBERTAD AVANZA,agrupacion,235,PROVISORIO,2023_BALOTAJE_santafe_presidente_mesa.csv
2023,BALOTAJE,2023-11-19,PRESIDENTE Y VICE,21,Santa Fe,9,General Obligado,02220,,NULO,nulos,7,PROVISORIO,2023_BALOTAJE_santafe_presidente_mesa.csv
2023,BALOTAJE,2023-11-19,PRESIDENTE Y VICE,21,Santa Fe,9,General Obligado,02220,,RECURRIDO,recurridos,0,PROVISORIO,2023_BALOTAJE_santafe_presidente_mesa.csv
2023,BALOTAJE,2023-11-19,PRESIDENTE Y VICE,21,Santa Fe,9,General Obligado,02220,,UNION POR LA PATRIA,agrupacion,273,PROVISORIO,2023_BALOTAJE_santafe_presidente_mesa.csv
2023,BALOTAJE,2023-11-19,PRESIDENTE Y VICE,21,Santa Fe,9,General Obligado,02230,,EN BLANCO,blancos,1,PROVISORIO,2023_BALOTAJE_santafe_presidente_mesa.csv
2023,BALOTAJE,2023-11-19,PRESIDENTE Y VICE,21,Santa Fe,9,General Obligado,02230,,IMPUGNADO,impugnados,0,PROVISORIO,2023_BALOTAJE_santafe_presidente_mesa.csv
2023,BALOTAJE,2023-11-19,PRESIDENTE Y VICE,21,Santa Fe,9,General Obligado,02230,,LA LIBERTAD AVANZA,agrupacion,302,PROVISORIO,2023_BALOTAJE_santafe_presidente_mesa.csv
2023,BALOTAJE,2023-11-19,PRESIDENTE Y VICE,21,Santa Fe,9,General Obligado,02230,,NULO,nulos,2,PROVISORIO,2023_BALOTAJE_santafe_presidente_mesa.csv
2023,BALOTAJE,2023-11-19,PRESIDENTE Y VICE,21,Santa Fe,9,General Obligado,02230,,RECURRIDO,recurridos,0,PROVISORIO,2023_BALOTAJE_santafe_presidente_mesa.csv
2023,BALOTAJE,2023-11-19,PRESIDENTE Y VICE,21,Santa Fe,9,General Obligado,02230,,UNION POR LA PATRIA,agrupacion,77,PROVISORIO,2023_BALOTAJE_santafe_presidente_mesa.csv
2023,BALOTAJE,2023-11-19,PRESIDENTE Y VICE,21,Santa Fe,9,General Obligado,02235,,EN BLANCO,blancos,0,PROVISORIO,2023_BALOTAJE_santafe_presidente_mesa.csv
2023,BALOTAJE,2023-11-19,PRESIDENTE Y VICE,21,Santa Fe,9,General Obligado,02235,,IMPUGNADO,impugnados,0,PROVISORIO,2023_BALOTAJE_santafe_presidente_mesa.csv
2023,BALOTAJE,2023-11-19,PRESIDENTE Y VICE,21,Santa Fe,9,General Obligado,02235,,LA LIBERTAD AVANZA,agrupacion,53,PROVISORIO,2023_BALOTAJE_santafe_presidente_mesa.csv
2023,BALOTAJE,2023-11-19,PRESIDENTE Y VICE,21,Santa Fe,9,General Obligado,02235,,NULO,nulos,2,PROVISORIO,2023_BALOTAJE_santafe_presidente_mesa.csv
2023,BALOTAJE,2023-11-19,PRESIDENTE Y VICE,21,Santa Fe,9,General Obligado,02235,,RECURRIDO,recurridos,0,PROVISORIO,2023_BALOTAJE_santafe_presidente_mesa.csv
2023,BALOTAJE,2023-11-19,PRESIDENTE Y VICE,21,Santa Fe,9,General Obligado,02235,,UNION POR LA PATRIA,agrupacion,13,PROVISORIO,2023_BALOTAJE_santafe_presidente_mesa.csv
2023,BALOTAJE,2023-11-19,PRESIDENTE Y VICE,21,Santa Fe,9,General Obligado,02240,,EN BLANCO,blancos,180,PROVISORIO,2023_BALOTAJE_santafe_presidente_mesa.csv
2023,BALOTAJE,2023-11-19,PRESIDENTE Y VICE,21,Santa Fe,9,General Obligado,02240,,IMPUGNADO,impugnados,60,PROVISORIO,2023_BALOTAJE_santafe_presidente_mesa.csv
2023,BALOTAJE,2023-11-19,PRESIDENTE Y VICE,21,Santa Fe,9,General Obligado,02240,,LA LIBERTAD AVANZA,agrupacion,10011,PROVISORIO,2023_BALOTAJE_santafe_presidente_mesa.csv
2023,BALOTAJE,2023-11-19,PRESIDENTE Y VICE,21,Santa Fe,9,General Obligado,02240,,NULO,nulos,216,PROVISORIO,2023_BALOTAJE_santafe_presidente_mesa.csv
2023,BALOTAJE,2023-11-19,PRESIDENTE Y VICE,21,Santa Fe,9,General Obligado,02240,,RECURRIDO,recurridos,1,PROVISORIO,2023_BALOTAJE_santafe_presidente_mesa.csv
2023,BALOTAJE,2023-11-19,PRESIDENTE Y VICE,21,Santa Fe,9,General Obligado,02240,,UNION POR LA PATRIA,agrupacion,5021,PROVISORIO,2023_BALOTAJE_santafe_presidente_mesa.csv
2023,BALOTAJE,2023-11-19,PRESIDENTE Y VICE,21,Santa Fe,9,General Obligado,02242,,EN BLANCO,blancos,77,PROVISORIO,2023_BALOTAJE_santafe_presidente_mesa.csv
2023,BALOTAJE,2023-11-19,PRESIDENTE Y VICE,21,Santa Fe,9,General Obligado,02242,,IMPUGNADO,impugnados,0,PROVISORIO,2023_BALOTAJE_santafe_presidente_mesa.csv
2023,BALOTAJE,2023-11-19,PRESIDENTE Y VICE,21,Santa Fe,9,General Obligado,02242,,LA LIBERTAD AVANZA,agrupacion,4262,PROVISORIO,2023_BALOTAJE_santafe_presidente_mesa.csv
2023,BALOTAJE,2023-11-19,PRESIDENTE Y VICE,21,Santa Fe,9,General Obligado,02242,,NULO,nulos,75,PROVISORIO,2023_BALOTAJE_santafe_presidente_mesa.csv
2023,BALOTAJE,2023-11-19,PRESIDENTE Y VICE,21,Santa Fe,9,General Obligado,02242,,RECURRIDO,recurridos,3,PROVISORIO,2023_BALOTAJE_santafe_presidente_mesa.csv
2023,BALOTAJE,2023-11-19,PRESIDENTE Y VICE,21,Santa Fe,9,General Obligado,02242,,UNION POR LA PATRIA,agrupacion,1724,PROVISORIO,2023_BALOTAJE_santafe_presidente_mesa.csv
2023,BALOTAJE,2023-11-19,PRESIDENTE Y VICE,21,Santa Fe,9,General Obligado,02244,,EN BLANCO,blancos,52,PROVISORIO,2023_BALOTAJE_santafe_presidente_mesa.csv
2023,BALOTAJE,2023-11-19,PRESIDENTE Y VICE,21,Santa Fe,9,General Obligado,02244,,IMPUGNADO,impugnados,0,PROVISORIO,2023_BALOTAJE_santafe_presidente_mesa.csv
2023,BALOTAJE,2023-11-19,PRESIDENTE Y VICE,21,Santa Fe,9,General Obligado,02244,,LA LIBERTAD AVANZA,agrupacion,4605,PROVISORIO,2023_BALOTAJE_santafe_presidente_mesa.csv
2023,BALOTAJE,2023-11-19,PRESIDENTE Y VICE,21,Santa Fe,9,General Obligado,02244,,NULO,nulos,106,PROVISORIO,2023_BALOTAJE_santafe_presidente_mesa.csv
2023,BALOTAJE,2023-11-19,PRESIDENTE Y VICE,21,Santa Fe,9,General Obligado,02244,,RECURRIDO,recurridos,2,PROVISORIO,2023_BALOTAJE_santafe_presidente_mesa.csv
2023,BALOTAJE,2023-11-19,PRESIDENTE Y VICE,21,Santa Fe,9,General Obligado,02244,,UNION POR LA PATRIA,agrupacion,3375,PROVISORIO,2023_BALOTAJE_santafe_presidente_mesa.csv
2023,BALOTAJE,2023-11-19,PRESIDENTE Y VICE,21,Santa Fe,9,General Obligado,02246,,EN BLANCO,blancos,158,PROVISORIO,2023_BALOTAJE_santafe_presidente_mesa.csv
2023,BALOTAJE,2023-11-19,PRESIDENTE Y VICE,21,Santa Fe,9,General Obligado,02246,,IMPUGNADO,impugnados,0,PROVISORIO,2023_BALOTAJE_santafe_presidente_mesa.csv
2023,BALOTAJE,2023-11-19,PRESIDENTE Y VICE,21,Santa Fe,9,General Obligado,02246,,LA LIBERTAD AVANZA,agrupacion,11543,PROVISORIO,2023_BALOTAJE_santafe_presidente_mesa.csv
2023,BALOTAJE,2023-11-19,PRESIDENTE Y VICE,21,Santa Fe,9,General Obligado,02246,,NULO,nulos,278,PROVISORIO,2023_BALOTAJE_santafe_presidente_mesa.csv
2023,BALOTAJE,2023-11-19,PRESIDENTE Y VICE,21,Santa Fe,9,General Obligado,02246,,RECURRIDO,recurridos,0,PROVISORIO,2023_BALOTAJE_santafe_presidente_mesa.csv
2023,BALOTAJE,2023-11-19,PRESIDENTE Y VICE,21,Santa Fe,9,General Obligado,02246,,UNION POR LA PATRIA,agrupacion,6313,PROVISORIO,2023_BALOTAJE_santafe_presidente_mesa.csv
2023,BALOTAJE,2023-11-19,PRESIDENTE Y VICE,21,Santa Fe,9,General Obligado,02248,,EN BLANCO,blancos,3,PROVISORIO,2023_BALOTAJE_santafe_presidente_mesa.csv
2023,BALOTAJE,2023-11-19,PRESIDENTE Y VICE,21,Santa Fe,9,General Obligado,02248,,IMPUGNADO,impugnados,0,PROVISORIO,2023_BALOTAJE_santafe_presidente_mesa.csv
2023,BALOTAJE,2023-11-19,PRESIDENTE Y VICE,21,Santa Fe,9,General Obligado,02248,,LA LIBERTAD AVANZA,agrupacion,222,PROVISORIO,2023_BALOTAJE_santafe_presidente_mesa.csv
2023,BALOTAJE,2023-11-19,PRESIDENTE Y VICE,21,Santa Fe,9,General Obligado,02248,,NULO,nulos,2,PROVISORIO,2023_BALOTAJE_santafe_presidente_mesa.csv
2023,BALOTAJE,2023-11-19,PRESIDENTE Y VICE,21,Santa Fe,9,General Obligado,02248,,RECURRIDO,recurridos,0,PROVISORIO,2023_BALOTAJE_santafe_presidente_mesa.csv
2023,BALOTAJE,2023-11-19,PRESIDENTE Y VICE,21,Santa Fe,9,General Obligado,02248,,UNION POR LA PATRIA,agrupacion,543,PROVISORIO,2023_BALOTAJE_santafe_presidente_mesa.csv
2023,BALOTAJE,2023-11-19,PRESIDENTE Y VICE,21,Santa Fe,9,General Obligado,02249,,EN BLANCO,blancos,2,PROVISORIO,2023_BALOTAJE_santafe_presidente_mesa.csv
2023,BALOTAJE,2023-11-19,PRESIDENTE Y VICE,21,Santa Fe,9,General Obligado,02249,,IMPUGNADO,impugnados,0,PROVISORIO,2023_BALOTAJE_santafe_presidente_mesa.csv
2023,BALOTAJE,2023-11-19,PRESIDENTE Y VICE,21,Santa Fe,9,General Obligado,02249,,LA LIBERTAD AVANZA,agrupacion,88,PROVISORIO,2023_BALOTAJE_santafe_presidente_mesa.csv
2023,BALOTAJE,2023-11-19,PRESIDENTE Y VICE,21,Santa Fe,9,General Obligado,02249,,NULO,nulos,3,PROVISORIO,2023_BALOTAJE_santafe_presidente_mesa.csv
2023,BALOTAJE,2023-11-19,PRESIDENTE Y VICE,21,Santa Fe,9,General Obligado,02249,,RECURRIDO,recurridos,0,PROVISORIO,2023_BALOTAJE_santafe_presidente_mesa.csv
2023,BALOTAJE,2023-11-19,PRESIDENTE Y VICE,21,Santa Fe,9,General Obligado,02249,,UNION POR LA PATRIA,agrupacion,41,PROVISORIO,2023_BALOTAJE_santafe_presidente_mesa.csv
2023,BALOTAJE,2023-11-19,PRESIDENTE Y VICE,21,Santa Fe,9,General Obligado,02250,,EN BLANCO,blancos,147,PROVISORIO,2023_BALOTAJE_santafe_presidente_mesa.csv
2023,BALOTAJE,2023-11-19,PRESIDENTE Y VICE,21,Santa Fe,9,General Obligado,02250,,IMPUGNADO,impugnados,6,PROVISORIO,2023_BALOTAJE_santafe_presidente_mesa.csv
2023,BALOTAJE,2023-11-19,PRESIDENTE Y VICE,21,Santa Fe,9,General Obligado,02250,,LA LIBERTAD AVANZA,agrupacion,12719,PROVISORIO,2023_BALOTAJE_santafe_presidente_mesa.csv
2023,BALOTAJE,2023-11-19,PRESIDENTE Y VICE,21,Santa Fe,9,General Obligado,02250,,NULO,nulos,251,PROVISORIO,2023_BALOTAJE_santafe_presidente_mesa.csv
2023,BALOTAJE,2023-11-19,PRESIDENTE Y VICE,21,Santa Fe,9,General Obligado,02250,,RECURRIDO,recurridos,2,PROVISORIO,2023_BALOTAJE_santafe_presidente_mesa.csv
2023,BALOTAJE,2023-11-19,PRESIDENTE Y VICE,21,Santa Fe,9,General Obligado,02250,,UNION POR LA PATRIA,agrupacion,4723,PROVISORIO,2023_BALOTAJE_santafe_presidente_mesa.csv
2023,BALOTAJE,2023-11-19,PRESIDENTE Y VICE,21,Santa Fe,9,General Obligado,02255,,EN BLANCO,blancos,0,PROVISORIO,2023_BALOTAJE_santafe_presidente_mesa.csv
2023,BALOTAJE,2023-11-19,PRESIDENTE Y VICE,21,Santa Fe,9,General Obligado,02255,,IMPUGNADO,impugnados,0,PROVISORIO,2023_BALOTAJE_santafe_presidente_mesa.csv
2023,BALOTAJE,2023-11-19,PRESIDENTE Y VICE,21,Santa Fe,9,General Obligado,02255,,LA LIBERTAD AVANZA,agrupacion,49,PROVISORIO,2023_BALOTAJE_santafe_presidente_mesa.csv
2023,BALOTAJE,2023-11-19,PRESIDENTE Y VICE,21,Santa Fe,9,General Obligado,02255,,NULO,nulos,1,PROVISORIO,2023_BALOTAJE_santafe_presidente_mesa.csv
2023,BALOTAJE,2023-11-19,PRESIDENTE Y VICE,21,Santa Fe,9,General Obligado,02255,,RECURRIDO,recurridos,0,PROVISORIO,2023_BALOTAJE_santafe_presidente_mesa.csv
2023,BALOTAJE,2023-11-19,PRESIDENTE Y VICE,21,Santa Fe,9,General Obligado,02255,,UNION POR LA PATRIA,agrupacion,53,PROVISORIO,2023_BALOTAJE_santafe_presidente_mesa.csv
2023,BALOTAJE,2023-11-19,PRESIDENTE Y VICE,21,Santa Fe,9,General Obligado,02260,,EN BLANCO,blancos,1,PROVISORIO,2023_BALOTAJE_santafe_presidente_mesa.csv
2023,BALOTAJE,2023-11-19,PRESIDENTE Y VICE,21,Santa Fe,9,General Obligado,02260,,IMPUGNADO,impugnados,0,PROVISORIO,2023_BALOTAJE_santafe_presidente_mesa.csv
2023,BALOTAJE,2023-11-19,PRESIDENTE Y VICE,21,Santa Fe,9,General Obligado,02260,,LA LIBERTAD AVANZA,agrupacion,338,PROVISORIO,2023_BALOTAJE_santafe_presidente_mesa.csv
2023,BALOTAJE,2023-11-19,PRESIDENTE Y VICE,21,Santa Fe,9,General Obligado,02260,,NULO,nulos,7,PROVISORIO,2023_BALOTAJE_santafe_presidente_mesa.csv
2023,BALOTAJE,2023-11-19,PRESIDENTE Y VICE,21,Santa Fe,9,General Obligado,02260,,RECURRIDO,recurridos,0,PROVISORIO,2023_BALOTAJE_santafe_presidente_mesa.csv
2023,BALOTAJE,2023-11-19,PRESIDENTE Y VICE,21,Santa Fe,9,General Obligado,02260,,UNION POR LA PATRIA,agrupacion,172,PROVISORIO,2023_BALOTAJE_santafe_presidente_mesa.csv
2023,BALOTAJE,2023-11-19,PRESIDENTE Y VICE,21,Santa Fe,9,General Obligado,02270,,EN BLANCO,blancos,22,PROVISORIO,2023_BALOTAJE_santafe_presidente_mesa.csv
2023,BALOTAJE,2023-11-19,PRESIDENTE Y VICE,21,Santa Fe,9,General Obligado,02270,,IMPUGNADO,impugnados,0,PROVISORIO,2023_BALOTAJE_santafe_presidente_mesa.csv
2023,BALOTAJE,2023-11-19,PRESIDENTE Y VICE,21,Santa Fe,9,General Obligado,02270,,LA LIBERTAD AVANZA,agrupacion,1082,PROVISORIO,2023_BALOTAJE_santafe_presidente_mesa.csv
2023,BALOTAJE,2023-11-19,PRESIDENTE Y VICE,21,Santa Fe,9,General Obligado,02270,,NULO,nulos,9,PROVISORIO,2023_BALOTAJE_santafe_presidente_mesa.csv
2023,BALOTAJE,2023-11-19,PRESIDENTE Y VICE,21,Santa Fe,9,General Obligado,02270,,RECURRIDO,recurridos,3,PROVISORIO,2023_BALOTAJE_santafe_presidente_mesa.csv
2023,BALOTAJE,2023-11-19,PRESIDENTE Y VICE,21,Santa Fe,9,General Obligado,02270,,UNION POR LA PATRIA,agrupacion,467,PROVISORIO,2023_BALOTAJE_santafe_presidente_mesa.csv
2023,BALOTAJE,2023-11-19,PRESIDENTE Y VICE,21,Santa Fe,9,General Obligado,02272,,EN BLANCO,blancos,4,PROVISORIO,2023_BALOTAJE_santafe_presidente_mesa.csv
2023,BALOTAJE,2023-11-19,PRESIDENTE Y VICE,21,Santa Fe,9,General Obligado,02272,,IMPUGNADO,impugnados,0,PROVISORIO,2023_BALOTAJE_santafe_presidente_mesa.csv
2023,BALOTAJE,2023-11-19,PRESIDENTE Y VICE,21,Santa Fe,9,General Obligado,02272,,LA LIBERTAD AVANZA,agrupacion,334,PROVISORIO,2023_BALOTAJE_santafe_presidente_mesa.csv
2023,BALOTAJE,2023-11-19,PRESIDENTE Y VICE,21,Santa Fe,9,General Obligado,02272,,NULO,nulos,2,PROVISORIO,2023_BALOTAJE_santafe_presidente_mesa.csv
2023,BALOTAJE,2023-11-19,PRESIDENTE Y VICE,21,Santa Fe,9,General Obligado,02272,,RECURRIDO,recurridos,0,PROVISORIO,2023_BALOTAJE_santafe_presidente_mesa.csv
2023,BALOTAJE,2023-11-19,PRESIDENTE Y VICE,21,Santa Fe,9,General Obligado,02272,,UNION POR LA PATRIA,agrupacion,187,PROVISORIO,2023_BALOTAJE_santafe_presidente_mesa.csv
2023,BALOTAJE,2023-11-19,PRESIDENTE Y VICE,21,Santa Fe,9,General Obligado,02274,,EN BLANCO,blancos,0,PROVISORIO,2023_BALOTAJE_santafe_presidente_mesa.csv
2023,BALOTAJE,2023-11-19,PRESIDENTE Y VICE,21,Santa Fe,9,General Obligado,02274,,IMPUGNADO,impugnados,0,PROVISORIO,2023_BALOTAJE_santafe_presidente_mesa.csv
2023,BALOTAJE,2023-11-19,PRESIDENTE Y VICE,21,Santa Fe,9,General Obligado,02274,,LA LIBERTAD AVANZA,agrupacion,54,PROVISORIO,2023_BALOTAJE_santafe_presidente_mesa.csv
2023,BALOTAJE,2023-11-19,PRESIDENTE Y VICE,21,Santa Fe,9,General Obligado,02274,,NULO,nulos,0,PROVISORIO,2023_BALOTAJE_santafe_presidente_mesa.csv
2023,BALOTAJE,2023-11-19,PRESIDENTE Y VICE,21,Santa Fe,9,General Obligado,02274,,RECURRIDO,recurridos,0,PROVISORIO,2023_BALOTAJE_santafe_presidente_mesa.csv
2023,BALOTAJE,2023-11-19,PRESIDENTE Y VICE,21,Santa Fe,9,General Obligado,02274,,UNION POR LA PATRIA,agrupacion,13,PROVISORIO,2023_BALOTAJE_santafe_presidente_mesa.csv
2023,BALOTAJE,2023-11-19,PRESIDENTE Y VICE,21,Santa Fe,9,General Obligado,02280,,EN BLANCO,blancos,8,PROVISORIO,2023_BALOTAJE_santafe_presidente_mesa.csv
2023,BALOTAJE,2023-11-19,PRESIDENTE Y VICE,21,Santa Fe,9,General Obligado,02280,,IMPUGNADO,impugnados,0,PROVISORIO,2023_BALOTAJE_santafe_presidente_mesa.csv
2023,BALOTAJE,2023-11-19,PRESIDENTE Y VICE,21,Santa Fe,9,General Obligado,02280,,LA LIBERTAD AVANZA,agrupacion,534,PROVISORIO,2023_BALOTAJE_santafe_presidente_mesa.csv
2023,BALOTAJE,2023-11-19,PRESIDENTE Y VICE,21,Santa Fe,9,General Obligado,02280,,NULO,nulos,6,PROVISORIO,2023_BALOTAJE_santafe_presidente_mesa.csv
2023,BALOTAJE,2023-11-19,PRESIDENTE Y VICE,21,Santa Fe,9,General Obligado,02280,,RECURRIDO,recurridos,0,PROVISORIO,2023_BALOTAJE_santafe_presidente_mesa.csv
2023,BALOTAJE,2023-11-19,PRESIDENTE Y VICE,21,Santa Fe,9,General Obligado,02280,,UNION POR LA PATRIA,agrupacion,412,PROVISORIO,2023_BALOTAJE_santafe_presidente_mesa.csv
2023,BALOTAJE,2023-11-19,PRESIDENTE Y VICE,21,Santa Fe,9,General Obligado,02290,,EN BLANCO,blancos,6,PROVISORIO,2023_BALOTAJE_santafe_presidente_mesa.csv
2023,BALOTAJE,2023-11-19,PRESIDENTE Y VICE,21,Santa Fe,9,General Obligado,02290,,IMPUGNADO,impugnados,0,PROVISORIO,2023_BALOTAJE_santafe_presidente_mesa.csv
2023,BALOTAJE,2023-11-19,PRESIDENTE Y VICE,21,Santa Fe,9,General Obligado,02290,,LA LIBERTAD AVANZA,agrupacion,316,PROVISORIO,2023_BALOTAJE_santafe_presidente_mesa.csv
2023,BALOTAJE,2023-11-19,PRESIDENTE Y VICE,21,Santa Fe,9,General Obligado,02290,,NULO,nulos,3,PROVISORIO,2023_BALOTAJE_santafe_presidente_mesa.csv
2023,BALOTAJE,2023-11-19,PRESIDENTE Y VICE,21,Santa Fe,9,General Obligado,02290,,RECURRIDO,recurridos,0,PROVISORIO,2023_BALOTAJE_santafe_presidente_mesa.csv
2023,BALOTAJE,2023-11-19,PRESIDENTE Y VICE,21,Santa Fe,9,General Obligado,02290,,UNION POR LA PATRIA,agrupacion,292,PROVISORIO,2023_BALOTAJE_santafe_presidente_mesa.csv
2023,BALOTAJE,2023-11-19,PRESIDENTE Y VICE,21,Santa Fe,9,General Obligado,02300,,EN BLANCO,blancos,22,PROVISORIO,2023_BALOTAJE_santafe_presidente_mesa.csv
2023,BALOTAJE,2023-11-19,PRESIDENTE Y VICE,21,Santa Fe,9,General Obligado,02300,,IMPUGNADO,impugnados,0,PROVISORIO,2023_BALOTAJE_santafe_presidente_mesa.csv
2023,BALOTAJE,2023-11-19,PRESIDENTE Y VICE,21,Santa Fe,9,General Obligado,02300,,LA LIBERTAD AVANZA,agrupacion,829,PROVISORIO,2023_BALOTAJE_santafe_presidente_mesa.csv
2023,BALOTAJE,2023-11-19,PRESIDENTE Y VICE,21,Santa Fe,9,General Obligado,02300,,NULO,nulos,28,PROVISORIO,2023_BALOTAJE_santafe_presidente_mesa.csv
2023,BALOTAJE,2023-11-19,PRESIDENTE Y VICE,21,Santa Fe,9,General Obligado,02300,,RECURRIDO,recurridos,0,PROVISORIO,2023_BALOTAJE_santafe_presidente_mesa.csv
2023,BALOTAJE,2023-11-19,PRESIDENTE Y VICE,21,Santa Fe,9,General Obligado,02300,,UNION POR LA PATRIA,agrupacion,1077,PROVISORIO,2023_BALOTAJE_santafe_presidente_mesa.csv
2023,BALOTAJE,2023-11-19,PRESIDENTE Y VICE,21,Santa Fe,9,General Obligado,02305,,EN BLANCO,blancos,0,PROVISORIO,2023_BALOTAJE_santafe_presidente_mesa.csv
2023,BALOTAJE,2023-11-19,PRESIDENTE Y VICE,21,Santa Fe,9,General Obligado,02305,,IMPUGNADO,impugnados,0,PROVISORIO,2023_BALOTAJE_santafe_presidente_mesa.csv
2023,BALOTAJE,2023-11-19,PRESIDENTE Y VICE,21,Santa Fe,9,General Obligado,02305,,LA LIBERTAD AVANZA,agrupacion,6,PROVISORIO,2023_BALOTAJE_santafe_presidente_mesa.csv
2023,BALOTAJE,2023-11-19,PRESIDENTE Y VICE,21,Santa Fe,9,General Obligado,02305,,NULO,nulos,0,PROVISORIO,2023_BALOTAJE_santafe_presidente_mesa.csv
2023,BALOTAJE,2023-11-19,PRESIDENTE Y VICE,21,Santa Fe,9,General Obligado,02305,,RECURRIDO,recurridos,0,PROVISORIO,2023_BALOTAJE_santafe_presidente_mesa.csv
2023,BALOTAJE,2023-11-19,PRESIDENTE Y VICE,21,Santa Fe,9,General Obligado,02305,,UNION POR LA PATRIA,agrupacion,17,PROVISORIO,2023_BALOTAJE_santafe_presidente_mesa.csv
2023,BALOTAJE,2023-11-19,PRESIDENTE Y VICE,21,Santa Fe,9,General Obligado,02310,,EN BLANCO,blancos,4,PROVISORIO,2023_BALOTAJE_santafe_presidente_mesa.csv
2023,BALOTAJE,2023-11-19,PRESIDENTE Y VICE,21,Santa Fe,9,General Obligado,02310,,IMPUGNADO,impugnados,0,PROVISORIO,2023_BALOTAJE_santafe_presidente_mesa.csv
2023,BALOTAJE,2023-11-19,PRESIDENTE Y VICE,21,Santa Fe,9,General Obligado,02310,,LA LIBERTAD AVANZA,agrupacion,118,PROVISORIO,2023_BALOTAJE_santafe_presidente_mesa.csv
2023,BALOTAJE,2023-11-19,PRESIDENTE Y VICE,21,Santa Fe,9,General Obligado,02310,,NULO,nulos,4,PROVISORIO,2023_BALOTAJE_santafe_presidente_mesa.csv
2023,BALOTAJE,2023-11-19,PRESIDENTE Y VICE,21,Santa Fe,9,General Obligado,02310,,RECURRIDO,recurridos,0,PROVISORIO,2023_BALOTAJE_santafe_presidente_mesa.csv
2023,BALOTAJE,2023-11-19,PRESIDENTE Y VICE,21,Santa Fe,9,General Obligado,02310,,UNION POR LA PATRIA,agrupacion,143,PROVISORIO,2023_BALOTAJE_santafe_presidente_mesa.csv
2023,BALOTAJE,2023-11-19,PRESIDENTE Y VICE,21,Santa Fe,9,General Obligado,02320,,EN BLANCO,blancos,96,PROVISORIO,2023_BALOTAJE_santafe_presidente_mesa.csv
2023,BALOTAJE,2023-11-19,PRESIDENTE Y VICE,21,Santa Fe,9,General Obligado,02320,,IMPUGNADO,impugnados,0,PROVISORIO,2023_BALOTAJE_santafe_presidente_mesa.csv
2023,BALOTAJE,2023-11-19,PRESIDENTE Y VICE,21,Santa Fe,9,General Obligado,02320,,LA LIBERTAD AVANZA,agrupacion,6373,PROVISORIO,2023_BALOTAJE_santafe_presidente_mesa.csv
2023,BALOTAJE,2023-11-19,PRESIDENTE Y VICE,21,Santa Fe,9,General Obligado,02320,,NULO,nulos,228,PROVISORIO,2023_BALOTAJE_santafe_presidente_mesa.csv
2023,BALOTAJE,2023-11-19,PRESIDENTE Y VICE,21,Santa Fe,9,General Obligado,02320,,RECURRIDO,recurridos,0,PROVISORIO,2023_BALOTAJE_santafe_presidente_mesa.csv
2023,BALOTAJE,2023-11-19,PRESIDENTE Y VICE,21,Santa Fe,9,General Obligado,02320,,UNION POR LA PATRIA,agrupacion,4907,PROVISORIO,2023_BALOTAJE_santafe_presidente_mesa.csv
2023,BALOTAJE,2023-11-19,PRESIDENTE Y VICE,21,Santa Fe,9,General Obligado,02325,,EN BLANCO,blancos,2,PROVISORIO,2023_BALOTAJE_santafe_presidente_mesa.csv
2023,BALOTAJE,2023-11-19,PRESIDENTE Y VICE,21,Santa Fe,9,General Obligado,02325,,IMPUGNADO,impugnados,0,PROVISORIO,2023_BALOTAJE_santafe_presidente_mesa.csv
2023,BALOTAJE,2023-11-19,PRESIDENTE Y VICE,21,Santa Fe,9,General Obligado,02325,,LA LIBERTAD AVANZA,agrupacion,24,PROVISORIO,2023_BALOTAJE_santafe_presidente_mesa.csv
2023,BALOTAJE,2023-11-19,PRESIDENTE Y VICE,21,Santa Fe,9,General Obligado,02325,,NULO,nulos,1,PROVISORIO,2023_BALOTAJE_santafe_presidente_mesa.csv
2023,BALOTAJE,2023-11-19,PRESIDENTE Y VICE,21,Santa Fe,9,General Obligado,02325,,RECURRIDO,recurridos,0,PROVISORIO,2023_BALOTAJE_santafe_presidente_mesa.csv
2023,BALOTAJE,2023-11-19,PRESIDENTE Y VICE,21,Santa Fe,9,General Obligado,02325,,UNION POR LA PATRIA,agrupacion,32,PROVISORIO,2023_BALOTAJE_santafe_presidente_mesa.csv
2023,BALOTAJE,2023-11-19,PRESIDENTE Y VICE,21,Santa Fe,9,General Obligado,02330,,EN BLANCO,blancos,13,PROVISORIO,2023_BALOTAJE_santafe_presidente_mesa.csv
2023,BALOTAJE,2023-11-19,PRESIDENTE Y VICE,21,Santa Fe,9,General Obligado,02330,,IMPUGNADO,impugnados,0,PROVISORIO,2023_BALOTAJE_santafe_presidente_mesa.csv
2023,BALOTAJE,2023-11-19,PRESIDENTE Y VICE,21,Santa Fe,9,General Obligado,02330,,LA LIBERTAD AVANZA,agrupacion,882,PROVISORIO,2023_BALOTAJE_santafe_presidente_mesa.csv
2023,BALOTAJE,2023-11-19,PRESIDENTE Y VICE,21,Santa Fe,9,General Obligado,02330,,NULO,nulos,27,PROVISORIO,2023_BALOTAJE_santafe_presidente_mesa.csv
2023,BALOTAJE,2023-11-19,PRESIDENTE Y VICE,21,Santa Fe,9,General Obligado,02330,,RECURRIDO,recurridos,0,PROVISORIO,2023_BALOTAJE_santafe_presidente_mesa.csv
2023,BALOTAJE,2023-11-19,PRESIDENTE Y VICE,21,Santa Fe,9,General Obligado,02330,,UNION POR LA PATRIA,agrupacion,1022,PROVISORIO,2023_BALOTAJE_santafe_presidente_mesa.csv
2023,BALOTAJE,2023-11-19,PRESIDENTE Y VICE,21,Santa Fe,9,General Obligado,02340,,EN BLANCO,blancos,10,PROVISORIO,2023_BALOTAJE_santafe_presidente_mesa.csv
2023,BALOTAJE,2023-11-19,PRESIDENTE Y VICE,21,Santa Fe,9,General Obligado,02340,,IMPUGNADO,impugnados,0,PROVISORIO,2023_BALOTAJE_santafe_presidente_mesa.csv
2023,BALOTAJE,2023-11-19,PRESIDENTE Y VICE,21,Santa Fe,9,General Obligado,02340,,LA LIBERTAD AVANZA,agrupacion,781,PROVISORIO,2023_BALOTAJE_santafe_presidente_mesa.csv
2023,BALOTAJE,2023-11-19,PRESIDENTE Y VICE,21,Santa Fe,9,General Obligado,02340,,NULO,nulos,20,PROVISORIO,2023_BALOTAJE_santafe_presidente_mesa.csv
2023,BALOTAJE,2023-11-19,PRESIDENTE Y VICE,21,Santa Fe,9,General Obligado,02340,,RECURRIDO,recurridos,0,PROVISORIO,2023_BALOTAJE_santafe_presidente_mesa.csv
2023,BALOTAJE,2023-11-19,PRESIDENTE Y VICE,21,Santa Fe,9,General Obligado,02340,,UNION POR LA PATRIA,agrupacion,906,PROVISORIO,2023_BALOTAJE_santafe_presidente_mesa.csv
2023,BALOTAJE,2023-11-19,PRESIDENTE Y VICE,21,Santa Fe,9,General Obligado,02350,,EN BLANCO,blancos,51,PROVISORIO,2023_BALOTAJE_santafe_presidente_mesa.csv
2023,BALOTAJE,2023-11-19,PRESIDENTE Y VICE,21,Santa Fe,9,General Obligado,02350,,IMPUGNADO,impugnados,0,PROVISORIO,2023_BALOTAJE_santafe_presidente_mesa.csv
2023,BALOTAJE,2023-11-19,PRESIDENTE Y VICE,21,Santa Fe,9,General Obligado,02350,,LA LIBERTAD AVANZA,agrupacion,4246,PROVISORIO,2023_BALOTAJE_santafe_presidente_mesa.csv
2023,BALOTAJE,2023-11-19,PRESIDENTE Y VICE,21,Santa Fe,9,General Obligado,02350,,NULO,nulos,102,PROVISORIO,2023_BALOTAJE_santafe_presidente_mesa.csv
2023,BALOTAJE,2023-11-19,PRESIDENTE Y VICE,21,Santa Fe,9,General Obligado,02350,,RECURRIDO,recurridos,0,PROVISORIO,2023_BALOTAJE_santafe_presidente_mesa.csv
2023,BALOTAJE,2023-11-19,PRESIDENTE Y VICE,21,Santa Fe,9,General Obligado,02350,,UNION POR LA PATRIA,agrupacion,3425,PROVISORIO,2023_BALOTAJE_santafe_presidente_mesa.csv
2023,BALOTAJE,2023-11-19,PRESIDENTE Y VICE,21,Santa Fe,9,General Obligado,02370,,EN BLANCO,blancos,21,PROVISORIO,2023_BALOTAJE_santafe_presidente_mesa.csv
2023,BALOTAJE,2023-11-19,PRESIDENTE Y VICE,21,Santa Fe,9,General Obligado,02370,,IMPUGNADO,impugnados,0,PROVISORIO,2023_BALOTAJE_santafe_presidente_mesa.csv
2023,BALOTAJE,2023-11-19,PRESIDENTE Y VICE,21,Santa Fe,9,General Obligado,02370,,LA LIBERTAD AVANZA,agrupacion,1351,PROVISORIO,2023_BALOTAJE_santafe_presidente_mesa.csv
2023,BALOTAJE,2023-11-19,PRESIDENTE Y VICE,21,Santa Fe,9,General Obligado,02370,,NULO,nulos,34,PROVISORIO,2023_BALOTAJE_santafe_presidente_mesa.csv
2023,BALOTAJE,2023-11-19,PRESIDENTE Y VICE,21,Santa Fe,9,General Obligado,02370,,RECURRIDO,recurridos,0,PROVISORIO,2023_BALOTAJE_santafe_presidente_mesa.csv
2023,BALOTAJE,2023-11-19,PRESIDENTE Y VICE,21,Santa Fe,9,General Obligado,02370,,UNION POR LA PATRIA,agrupacion,1443,PROVISORIO,2023_BALOTAJE_santafe_presidente_mesa.csv
2023,BALOTAJE,2023-11-19,PRESIDENTE Y VICE,21,Santa Fe,9,General Obligado,02380,,EN BLANCO,blancos,2,PROVISORIO,2023_BALOTAJE_santafe_presidente_mesa.csv
2023,BALOTAJE,2023-11-19,PRESIDENTE Y VICE,21,Santa Fe,9,General Obligado,02380,,IMPUGNADO,impugnados,0,PROVISORIO,2023_BALOTAJE_santafe_presidente_mesa.csv
2023,BALOTAJE,2023-11-19,PRESIDENTE Y VICE,21,Santa Fe,9,General Obligado,02380,,LA LIBERTAD AVANZA,agrupacion,284,PROVISORIO,2023_BALOTAJE_santafe_presidente_mesa.csv
2023,BALOTAJE,2023-11-19,PRESIDENTE Y VICE,21,Santa Fe,9,General Obligado,02380,,NULO,nulos,4,PROVISORIO,2023_BALOTAJE_santafe_presidente_mesa.csv
2023,BALOTAJE,2023-11-19,PRESIDENTE Y VICE,21,Santa Fe,9,General Obligado,02380,,RECURRIDO,recurridos,0,PROVISORIO,2023_BALOTAJE_santafe_presidente_mesa.csv
2023,BALOTAJE,2023-11-19,PRESIDENTE Y VICE,21,Santa Fe,9,General Obligado,02380,,UNION POR LA PATRIA,agrupacion,421,PROVISORIO,2023_BALOTAJE_santafe_presidente_mesa.csv
2023,BALOTAJE,2023-11-19,PRESIDENTE Y VICE,21,Santa Fe,9,General Obligado,02390,,EN BLANCO,blancos,26,PROVISORIO,2023_BALOTAJE_santafe_presidente_mesa.csv
2023,BALOTAJE,2023-11-19,PRESIDENTE Y VICE,21,Santa Fe,9,General Obligado,02390,,IMPUGNADO,impugnados,0,PROVISORIO,2023_BALOTAJE_santafe_presidente_mesa.csv
2023,BALOTAJE,2023-11-19,PRESIDENTE Y VICE,21,Santa Fe,9,General Obligado,02390,,LA LIBERTAD AVANZA,agrupacion,1642,PROVISORIO,2023_BALOTAJE_santafe_presidente_mesa.csv
2023,BALOTAJE,2023-11-19,PRESIDENTE Y VICE,21,Santa Fe,9,General Obligado,02390,,NULO,nulos,27,PROVISORIO,2023_BALOTAJE_santafe_presidente_mesa.csv
2023,BALOTAJE,2023-11-19,PRESIDENTE Y VICE,21,Santa Fe,9,General Obligado,02390,,RECURRIDO,recurridos,0,PROVISORIO,2023_BALOTAJE_santafe_presidente_mesa.csv
2023,BALOTAJE,2023-11-19,PRESIDENTE Y VICE,21,Santa Fe,9,General Obligado,02390,,UNION POR LA PATRIA,agrupacion,2102,PROVISORIO,2023_BALOTAJE_santafe_presidente_mesa.csv
2023,BALOTAJE,2023-11-19,PRESIDENTE Y VICE,21,Santa Fe,9,General Obligado,02395,,EN BLANCO,blancos,3,PROVISORIO,2023_BALOTAJE_santafe_presidente_mesa.csv
2023,BALOTAJE,2023-11-19,PRESIDENTE Y VICE,21,Santa Fe,9,General Obligado,02395,,IMPUGNADO,impugnados,0,PROVISORIO,2023_BALOTAJE_santafe_presidente_mesa.csv
2023,BALOTAJE,2023-11-19,PRESIDENTE Y VICE,21,Santa Fe,9,General Obligado,02395,,LA LIBERTAD AVANZA,agrupacion,237,PROVISORIO,2023_BALOTAJE_santafe_presidente_mesa.csv
2023,BALOTAJE,2023-11-19,PRESIDENTE Y VICE,21,Santa Fe,9,General Obligado,02395,,NULO,nulos,0,PROVISORIO,2023_BALOTAJE_santafe_presidente_mesa.csv
2023,BALOTAJE,2023-11-19,PRESIDENTE Y VICE,21,Santa Fe,9,General Obligado,02395,,RECURRIDO,recurridos,0,PROVISORIO,2023_BALOTAJE_santafe_presidente_mesa.csv
2023,BALOTAJE,2023-11-19,PRESIDENTE Y VICE,21,Santa Fe,9,General Obligado,02395,,UNION POR LA PATRIA,agrupacion,290,PROVISORIO,2023_BALOTAJE_santafe_presidente_mesa.csv
2023,BALOTAJE,2023-11-19,PRESIDENTE Y VICE,21,Santa Fe,9,General Obligado,02400,,EN BLANCO,blancos,1,PROVISORIO,2023_BALOTAJE_santafe_presidente_mesa.csv
2023,BALOTAJE,2023-11-19,PRESIDENTE Y VICE,21,Santa Fe,9,General Obligado,02400,,IMPUGNADO,impugnados,0,PROVISORIO,2023_BALOTAJE_santafe_presidente_mesa.csv
2023,BALOTAJE,2023-11-19,PRESIDENTE Y VICE,21,Santa Fe,9,General Obligado,02400,,LA LIBERTAD AVANZA,agrupacion,35,PROVISORIO,2023_BALOTAJE_santafe_presidente_mesa.csv
2023,BALOTAJE,2023-11-19,PRESIDENTE Y VICE,21,Santa Fe,9,General Obligado,02400,,NULO,nulos,1,PROVISORIO,2023_BALOTAJE_santafe_presidente_mesa.csv
2023,BALOTAJE,2023-11-19,PRESIDENTE Y VICE,21,Santa Fe,9,General Obligado,02400,,RECURRIDO,recurridos,0,PROVISORIO,2023_BALOTAJE_santafe_presidente_mesa.csv
2023,BALOTAJE,2023-11-19,PRESIDENTE Y VICE,21,Santa Fe,9,General Obligado,02400,,UNION POR LA PATRIA,agrupacion,145,PROVISORIO,2023_BALOTAJE_santafe_presidente_mesa.csv
2023,BALOTAJE,2023-11-19,PRESIDENTE Y VICE,21,Santa Fe,9,General Obligado,02410,,EN BLANCO,blancos,0,PROVISORIO,2023_BALOTAJE_santafe_presidente_mesa.csv
2023,BALOTAJE,2023-11-19,PRESIDENTE Y VICE,21,Santa Fe,9,General Obligado,02410,,IMPUGNADO,impugnados,0,PROVISORIO,2023_BALOTAJE_santafe_presidente_mesa.csv
2023,BALOTAJE,2023-11-19,PRESIDENTE Y VICE,21,Santa Fe,9,General Obligado,02410,,LA LIBERTAD AVANZA,agrupacion,16,PROVISORIO,2023_BALOTAJE_santafe_presidente_mesa.csv
2023,BALOTAJE,2023-11-19,PRESIDENTE Y VICE,21,Santa Fe,9,General Obligado,02410,,NULO,nulos,0,PROVISORIO,2023_BALOTAJE_santafe_presidente_mesa.csv
2023,BALOTAJE,2023-11-19,PRESIDENTE Y VICE,21,Santa Fe,9,General Obligado,02410,,RECURRIDO,recurridos,0,PROVISORIO,2023_BALOTAJE_santafe_presidente_mesa.csv
2023,BALOTAJE,2023-11-19,PRESIDENTE Y VICE,21,Santa Fe,9,General Obligado,02410,,UNION POR LA PATRIA,agrupacion,10,PROVISORIO,2023_BALOTAJE_santafe_presidente_mesa.csv
2023,BALOTAJE,2023-11-19,PRESIDENTE Y VICE,21,Santa Fe,9,General Obligado,02420,,EN BLANCO,blancos,6,PROVISORIO,2023_BALOTAJE_santafe_presidente_mesa.csv
2023,BALOTAJE,2023-11-19,PRESIDENTE Y VICE,21,Santa Fe,9,General Obligado,02420,,IMPUGNADO,impugnados,0,PROVISORIO,2023_BALOTAJE_santafe_presidente_mesa.csv
2023,BALOTAJE,2023-11-19,PRESIDENTE Y VICE,21,Santa Fe,9,General Obligado,02420,,LA LIBERTAD AVANZA,agrupacion,651,PROVISORIO,2023_BALOTAJE_santafe_presidente_mesa.csv
2023,BALOTAJE,2023-11-19,PRESIDENTE Y VICE,21,Santa Fe,9,General Obligado,02420,,NULO,nulos,7,PROVISORIO,2023_BALOTAJE_santafe_presidente_mesa.csv
2023,BALOTAJE,2023-11-19,PRESIDENTE Y VICE,21,Santa Fe,9,General Obligado,02420,,RECURRIDO,recurridos,0,PROVISORIO,2023_BALOTAJE_santafe_presidente_mesa.csv
2023,BALOTAJE,2023-11-19,PRESIDENTE Y VICE,21,Santa Fe,9,General Obligado,02420,,UNION POR LA PATRIA,agrupacion,247,PROVISORIO,2023_BALOTAJE_santafe_presidente_mesa.csv
2023,BALOTAJE,2023-11-19,PRESIDENTE Y VICE,21,Santa Fe,9,General Obligado,02440,,EN BLANCO,blancos,3,PROVISORIO,2023_BALOTAJE_santafe_presidente_mesa.csv
2023,BALOTAJE,2023-11-19,PRESIDENTE Y VICE,21,Santa Fe,9,General Obligado,02440,,IMPUGNADO,impugnados,0,PROVISORIO,2023_BALOTAJE_santafe_presidente_mesa.csv
2023,BALOTAJE,2023-11-19,PRESIDENTE Y VICE,21,Santa Fe,9,General Obligado,02440,,LA LIBERTAD AVANZA,agrupacion,78,PROVISORIO,2023_BALOTAJE_santafe_presidente_mesa.csv
2023,BALOTAJE,2023-11-19,PRESIDENTE Y VICE,21,Santa Fe,9,General Obligado,02440,,NULO,nulos,3,PROVISORIO,2023_BALOTAJE_santafe_presidente_mesa.csv
2023,BALOTAJE,2023-11-19,PRESIDENTE Y VICE,21,Santa Fe,9,General Obligado,02440,,RECURRIDO,recurridos,0,PROVISORIO,2023_BALOTAJE_santafe_presidente_mesa.csv
2023,BALOTAJE,2023-11-19,PRESIDENTE Y VICE,21,Santa Fe,9,General Obligado,02440,,UNION POR LA PATRIA,agrupacion,20,PROVISORIO,2023_BALOTAJE_santafe_presidente_mesa.csv
2023,BALOTAJE,2023-11-19,PRESIDENTE Y VICE,21,Santa Fe,9,General Obligado,02444,,EN BLANCO,blancos,2,PROVISORIO,2023_BALOTAJE_santafe_presidente_mesa.csv
2023,BALOTAJE,2023-11-19,PRESIDENTE Y VICE,21,Santa Fe,9,General Obligado,02444,,IMPUGNADO,impugnados,0,PROVISORIO,2023_BALOTAJE_santafe_presidente_mesa.csv
2023,BALOTAJE,2023-11-19,PRESIDENTE Y VICE,21,Santa Fe,9,General Obligado,02444,,LA LIBERTAD AVANZA,agrupacion,292,PROVISORIO,2023_BALOTAJE_santafe_presidente_mesa.csv
2023,BALOTAJE,2023-11-19,PRESIDENTE Y VICE,21,Santa Fe,9,General Obligado,02444,,NULO,nulos,5,PROVISORIO,2023_BALOTAJE_santafe_presidente_mesa.csv
2023,BALOTAJE,2023-11-19,PRESIDENTE Y VICE,21,Santa Fe,9,General Obligado,02444,,RECURRIDO,recurridos,0,PROVISORIO,2023_BALOTAJE_santafe_presidente_mesa.csv
2023,BALOTAJE,2023-11-19,PRESIDENTE Y VICE,21,Santa Fe,9,General Obligado,02444,,UNION POR LA PATRIA,agrupacion,87,PROVISORIO,2023_BALOTAJE_santafe_presidente_mesa.csv
2023,BALOTAJE,2023-11-19,PRESIDENTE Y VICE,21,Santa Fe,9,General Obligado,02446,,EN BLANCO,blancos,1,PROVISORIO,2023_BALOTAJE_santafe_presidente_mesa.csv
2023,BALOTAJE,2023-11-19,PRESIDENTE Y VICE,21,Santa Fe,9,General Obligado,02446,,IMPUGNADO,impugnados,0,PROVISORIO,2023_BALOTAJE_santafe_presidente_mesa.csv
2023,BALOTAJE,2023-11-19,PRESIDENTE Y VICE,21,Santa Fe,9,General Obligado,02446,,LA LIBERTAD AVANZA,agrupacion,220,PROVISORIO,2023_BALOTAJE_santafe_presidente_mesa.csv
2023,BALOTAJE,2023-11-19,PRESIDENTE Y VICE,21,Santa Fe,9,General Obligado,02446,,NULO,nulos,2,PROVISORIO,2023_BALOTAJE_santafe_presidente_mesa.csv
2023,BALOTAJE,2023-11-19,PRESIDENTE Y VICE,21,Santa Fe,9,General Obligado,02446,,RECURRIDO,recurridos,0,PROVISORIO,2023_BALOTAJE_santafe_presidente_mesa.csv
2023,BALOTAJE,2023-11-19,PRESIDENTE Y VICE,21,Santa Fe,9,General Obligado,02446,,UNION POR LA PATRIA,agrupacion,138,PROVISORIO,2023_BALOTAJE_santafe_presidente_mesa.csv
2023,BALOTAJE,2023-11-19,PRESIDENTE Y VICE,21,Santa Fe,9,General Obligado,02450,,EN BLANCO,blancos,10,PROVISORIO,2023_BALOTAJE_santafe_presidente_mesa.csv
2023,BALOTAJE,2023-11-19,PRESIDENTE Y VICE,21,Santa Fe,9,General Obligado,02450,,IMPUGNADO,impugnados,0,PROVISORIO,2023_BALOTAJE_santafe_presidente_mesa.csv
2023,BALOTAJE,2023-11-19,PRESIDENTE Y VICE,21,Santa Fe,9,General Obligado,02450,,LA LIBERTAD AVANZA,agrupacion,559,PROVISORIO,2023_BALOTAJE_santafe_presidente_mesa.csv
2023,BALOTAJE,2023-11-19,PRESIDENTE Y VICE,21,Santa Fe,9,General Obligado,02450,,NULO,nulos,5,PROVISORIO,2023_BALOTAJE_santafe_presidente_mesa.csv
2023,BALOTAJE,2023-11-19,PRESIDENTE Y VICE,21,Santa Fe,9,General Obligado,02450,,RECURRIDO,recurridos,0,PROVISORIO,2023_BALOTAJE_santafe_presidente_mesa.csv
2023,BALOTAJE,2023-11-19,PRESIDENTE Y VICE,21,Santa Fe,9,General Obligado,02450,,UNION POR LA PATRIA,agrupacion,211,PROVISORIO,2023_BALOTAJE_santafe_presidente_mesa.csv
2023,BALOTAJE,2023-11-19,PRESIDENTE Y VICE,21,Santa Fe,9,General Obligado,02460,,EN BLANCO,blancos,4,PROVISORIO,2023_BALOTAJE_santafe_presidente_mesa.csv
2023,BALOTAJE,2023-11-19,PRESIDENTE Y VICE,21,Santa Fe,9,General Obligado,02460,,IMPUGNADO,impugnados,0,PROVISORIO,2023_BALOTAJE_santafe_presidente_mesa.csv
2023,BALOTAJE,2023-11-19,PRESIDENTE Y VICE,21,Santa Fe,9,General Obligado,02460,,LA LIBERTAD AVANZA,agrupacion,481,PROVISORIO,2023_BALOTAJE_santafe_presidente_mesa.csv
2023,BALOTAJE,2023-11-19,PRESIDENTE Y VICE,21,Santa Fe,9,General Obligado,02460,,NULO,nulos,4,PROVISORIO,2023_BALOTAJE_santafe_presidente_mesa.csv
2023,BALOTAJE,2023-11-19,PRESIDENTE Y VICE,21,Santa Fe,9,General Obligado,02460,,RECURRIDO,recurridos,0,PROVISORIO,2023_BALOTAJE_santafe_presidente_mesa.csv
2023,BALOTAJE,2023-11-19,PRESIDENTE Y VICE,21,Santa Fe,9,General Obligado,02460,,UNION POR LA PATRIA,agrupacion,359,PROVISORIO,2023_BALOTAJE_santafe_presidente_mesa.csv
2023,BALOTAJE,2023-11-19,PRESIDENTE Y VICE,21,Santa Fe,9,General Obligado,02465,,EN BLANCO,blancos,1,PROVISORIO,2023_BALOTAJE_santafe_presidente_mesa.csv
2023,BALOTAJE,2023-11-19,PRESIDENTE Y VICE,21,Santa Fe,9,General Obligado,02465,,IMPUGNADO,impugnados,0,PROVISORIO,2023_BALOTAJE_santafe_presidente_mesa.csv
2023,BALOTAJE,2023-11-19,PRESIDENTE Y VICE,21,Santa Fe,9,General Obligado,02465,,LA LIBERTAD AVANZA,agrupacion,42,PROVISORIO,2023_BALOTAJE_santafe_presidente_mesa.csv
2023,BALOTAJE,2023-11-19,PRESIDENTE Y VICE,21,Santa Fe,9,General Obligado,02465,,NULO,nulos,3,PROVISORIO,2023_BALOTAJE_santafe_presidente_mesa.csv
2023,BALOTAJE,2023-11-19,PRESIDENTE Y VICE,21,Santa Fe,9,General Obligado,02465,,RECURRIDO,recurridos,0,PROVISORIO,2023_BALOTAJE_santafe_presidente_mesa.csv
2023,BALOTAJE,2023-11-19,PRESIDENTE Y VICE,21,Santa Fe,9,General Obligado,02465,,UNION POR LA PATRIA,agrupacion,64,PROVISORIO,2023_BALOTAJE_santafe_presidente_mesa.csv
2023,BALOTAJE,2023-11-19,PRESIDENTE Y VICE,21,Santa Fe,9,General Obligado,02470,,EN BLANCO,blancos,5,PROVISORIO,2023_BALOTAJE_santafe_presidente_mesa.csv
2023,BALOTAJE,2023-11-19,PRESIDENTE Y VICE,21,Santa Fe,9,General Obligado,02470,,IMPUGNADO,impugnados,0,PROVISORIO,2023_BALOTAJE_santafe_presidente_mesa.csv
2023,BALOTAJE,2023-11-19,PRESIDENTE Y VICE,21,Santa Fe,9,General Obligado,02470,,LA LIBERTAD AVANZA,agrupacion,426,PROVISORIO,2023_BALOTAJE_santafe_presidente_mesa.csv
2023,BALOTAJE,2023-11-19,PRESIDENTE Y VICE,21,Santa Fe,9,General Obligado,02470,,NULO,nulos,10,PROVISORIO,2023_BALOTAJE_santafe_presidente_mesa.csv
2023,BALOTAJE,2023-11-19,PRESIDENTE Y VICE,21,Santa Fe,9,General Obligado,02470,,RECURRIDO,recurridos,0,PROVISORIO,2023_BALOTAJE_santafe_presidente_mesa.csv
2023,BALOTAJE,2023-11-19,PRESIDENTE Y VICE,21,Santa Fe,9,General Obligado,02470,,UNION POR LA PATRIA,agrupacion,119,PROVISORIO,2023_BALOTAJE_santafe_presidente_mesa.csv
2023,BALOTAJE,2023-11-19,PRESIDENTE Y VICE,21,Santa Fe,9,General Obligado,02480,,EN BLANCO,blancos,1,PROVISORIO,2023_BALOTAJE_santafe_presidente_mesa.csv
2023,BALOTAJE,2023-11-19,PRESIDENTE Y VICE,21,Santa Fe,9,General Obligado,02480,,IMPUGNADO,impugnados,0,PROVISORIO,2023_BALOTAJE_santafe_presidente_mesa.csv
2023,BALOTAJE,2023-11-19,PRESIDENTE Y VICE,21,Santa Fe,9,General Obligado,02480,,LA LIBERTAD AVANZA,agrupacion,84,PROVISORIO,2023_BALOTAJE_santafe_presidente_mesa.csv
2023,BALOTAJE,2023-11-19,PRESIDENTE Y VICE,21,Santa Fe,9,General Obligado,02480,,NULO,nulos,0,PROVISORIO,2023_BALOTAJE_santafe_presidente_mesa.csv
2023,BALOTAJE,2023-11-19,PRESIDENTE Y VICE,21,Santa Fe,9,General Obligado,02480,,RECURRIDO,recurridos,0,PROVISORIO,2023_BALOTAJE_santafe_presidente_mesa.csv
2023,BALOTAJE,2023-11-19,PRESIDENTE Y VICE,21,Santa Fe,9,General Obligado,02480,,UNION POR LA PATRIA,agrupacion,42,PROVISORIO,2023_BALOTAJE_santafe_presidente_mesa.csv
2023,BALOTAJE,2023-11-19,PRESIDENTE Y VICE,21,Santa Fe,9,General Obligado,02490,,EN BLANCO,blancos,2,PROVISORIO,2023_BALOTAJE_santafe_presidente_mesa.csv
2023,BALOTAJE,2023-11-19,PRESIDENTE Y VICE,21,Santa Fe,9,General Obligado,02490,,IMPUGNADO,impugnados,0,PROVISORIO,2023_BALOTAJE_santafe_presidente_mesa.csv
2023,BALOTAJE,2023-11-19,PRESIDENTE Y VICE,21,Santa Fe,9,General Obligado,02490,,LA LIBERTAD AVANZA,agrupacion,63,PROVISORIO,2023_BALOTAJE_santafe_presidente_mesa.csv
2023,BALOTAJE,2023-11-19,PRESIDENTE Y VICE,21,Santa Fe,9,General Obligado,02490,,NULO,nulos,0,PROVISORIO,2023_BALOTAJE_santafe_presidente_mesa.csv
2023,BALOTAJE,2023-11-19,PRESIDENTE Y VICE,21,Santa Fe,9,General Obligado,02490,,RECURRIDO,recurridos,0,PROVISORIO,2023_BALOTAJE_santafe_presidente_mesa.csv
2023,BALOTAJE,2023-11-19,PRESIDENTE Y VICE,21,Santa Fe,9,General Obligado,02490,,UNION POR LA PATRIA,agrupacion,33,PROVISORIO,2023_BALOTAJE_santafe_presidente_mesa.csv
2023,BALOTAJE,2023-11-19,PRESIDENTE Y VICE,21,Santa Fe,10,Vera,02510,,EN BLANCO,blancos,80,PROVISORIO,2023_BALOTAJE_santafe_presidente_mesa.csv
2023,BALOTAJE,2023-11-19,PRESIDENTE Y VICE,21,Santa Fe,10,Vera,02510,,IMPUGNADO,impugnados,0,PROVISORIO,2023_BALOTAJE_santafe_presidente_mesa.csv
2023,BALOTAJE,2023-11-19,PRESIDENTE Y VICE,21,Santa Fe,10,Vera,02510,,LA LIBERTAD AVANZA,agrupacion,4095,PROVISORIO,2023_BALOTAJE_santafe_presidente_mesa.csv
2023,BALOTAJE,2023-11-19,PRESIDENTE Y VICE,21,Santa Fe,10,Vera,02510,,NULO,nulos,115,PROVISORIO,2023_BALOTAJE_santafe_presidente_mesa.csv
2023,BALOTAJE,2023-11-19,PRESIDENTE Y VICE,21,Santa Fe,10,Vera,02510,,RECURRIDO,recurridos,0,PROVISORIO,2023_BALOTAJE_santafe_presidente_mesa.csv
2023,BALOTAJE,2023-11-19,PRESIDENTE Y VICE,21,Santa Fe,10,Vera,02510,,UNION POR LA PATRIA,agrupacion,3469,PROVISORIO,2023_BALOTAJE_santafe_presidente_mesa.csv
2023,BALOTAJE,2023-11-19,PRESIDENTE Y VICE,21,Santa Fe,10,Vera,02520,,EN BLANCO,blancos,25,PROVISORIO,2023_BALOTAJE_santafe_presidente_mesa.csv
2023,BALOTAJE,2023-11-19,PRESIDENTE Y VICE,21,Santa Fe,10,Vera,02520,,IMPUGNADO,impugnados,0,PROVISORIO,2023_BALOTAJE_santafe_presidente_mesa.csv
2023,BALOTAJE,2023-11-19,PRESIDENTE Y VICE,21,Santa Fe,10,Vera,02520,,LA LIBERTAD AVANZA,agrupacion,1515,PROVISORIO,2023_BALOTAJE_santafe_presidente_mesa.csv
2023,BALOTAJE,2023-11-19,PRESIDENTE Y VICE,21,Santa Fe,10,Vera,02520,,NULO,nulos,31,PROVISORIO,2023_BALOTAJE_santafe_presidente_mesa.csv
2023,BALOTAJE,2023-11-19,PRESIDENTE Y VICE,21,Santa Fe,10,Vera,02520,,RECURRIDO,recurridos,0,PROVISORIO,2023_BALOTAJE_santafe_presidente_mesa.csv
2023,BALOTAJE,2023-11-19,PRESIDENTE Y VICE,21,Santa Fe,10,Vera,02520,,UNION POR LA PATRIA,agrupacion,1139,PROVISORIO,2023_BALOTAJE_santafe_presidente_mesa.csv
2023,BALOTAJE,2023-11-19,PRESIDENTE Y VICE,21,Santa Fe,10,Vera,02530,,EN BLANCO,blancos,17,PROVISORIO,2023_BALOTAJE_santafe_presidente_mesa.csv
2023,BALOTAJE,2023-11-19,PRESIDENTE Y VICE,21,Santa Fe,10,Vera,02530,,IMPUGNADO,impugnados,0,PROVISORIO,2023_BALOTAJE_santafe_presidente_mesa.csv
2023,BALOTAJE,2023-11-19,PRESIDENTE Y VICE,21,Santa Fe,10,Vera,02530,,LA LIBERTAD AVANZA,agrupacion,692,PROVISORIO,2023_BALOTAJE_santafe_presidente_mesa.csv
2023,BALOTAJE,2023-11-19,PRESIDENTE Y VICE,21,Santa Fe,10,Vera,02530,,NULO,nulos,16,PROVISORIO,2023_BALOTAJE_santafe_presidente_mesa.csv
2023,BALOTAJE,2023-11-19,PRESIDENTE Y VICE,21,Santa Fe,10,Vera,02530,,RECURRIDO,recurridos,0,PROVISORIO,2023_BALOTAJE_santafe_presidente_mesa.csv
2023,BALOTAJE,2023-11-19,PRESIDENTE Y VICE,21,Santa Fe,10,Vera,02530,,UNION POR LA PATRIA,agrupacion,774,PROVISORIO,2023_BALOTAJE_santafe_presidente_mesa.csv
2023,BALOTAJE,2023-11-19,PRESIDENTE Y VICE,21,Santa Fe,10,Vera,02540,,EN BLANCO,blancos,140,PROVISORIO,2023_BALOTAJE_santafe_presidente_mesa.csv
2023,BALOTAJE,2023-11-19,PRESIDENTE Y VICE,21,Santa Fe,10,Vera,02540,,IMPUGNADO,impugnados,4,PROVISORIO,2023_BALOTAJE_santafe_presidente_mesa.csv
2023,BALOTAJE,2023-11-19,PRESIDENTE Y VICE,21,Santa Fe,10,Vera,02540,,LA LIBERTAD AVANZA,agrupacion,7478,PROVISORIO,2023_BALOTAJE_santafe_presidente_mesa.csv
2023,BALOTAJE,2023-11-19,PRESIDENTE Y VICE,21,Santa Fe,10,Vera,02540,,NULO,nulos,185,PROVISORIO,2023_BALOTAJE_santafe_presidente_mesa.csv
2023,BALOTAJE,2023-11-19,PRESIDENTE Y VICE,21,Santa Fe,10,Vera,02540,,RECURRIDO,recurridos,0,PROVISORIO,2023_BALOTAJE_santafe_presidente_mesa.csv
2023,BALOTAJE,2023-11-19,PRESIDENTE Y VICE,21,Santa Fe,10,Vera,02540,,UNION POR LA PATRIA,agrupacion,5021,PROVISORIO,2023_BALOTAJE_santafe_presidente_mesa.csv
2023,BALOTAJE,2023-11-19,PRESIDENTE Y VICE,21,Santa Fe,10,Vera,02545,,EN BLANCO,blancos,0,PROVISORIO,2023_BALOTAJE_santafe_presidente_mesa.csv
2023,BALOTAJE,2023-11-19,PRESIDENTE Y VICE,21,Santa Fe,10,Vera,02545,,IMPUGNADO,impugnados,0,PROVISORIO,2023_BALOTAJE_santafe_presidente_mesa.csv
2023,BALOTAJE,2023-11-19,PRESIDENTE Y VICE,21,Santa Fe,10,Vera,02545,,LA LIBERTAD AVANZA,agrupacion,63,PROVISORIO,2023_BALOTAJE_santafe_presidente_mesa.csv
2023,BALOTAJE,2023-11-19,PRESIDENTE Y VICE,21,Santa Fe,10,Vera,02545,,NULO,nulos,4,PROVISORIO,2023_BALOTAJE_santafe_presidente_mesa.csv
2023,BALOTAJE,2023-11-19,PRESIDENTE Y VICE,21,Santa Fe,10,Vera,02545,,RECURRIDO,recurridos,0,PROVISORIO,2023_BALOTAJE_santafe_presidente_mesa.csv
2023,BALOTAJE,2023-11-19,PRESIDENTE Y VICE,21,Santa Fe,10,Vera,02545,,UNION POR LA PATRIA,agrupacion,77,PROVISORIO,2023_BALOTAJE_santafe_presidente_mesa.csv
2023,BALOTAJE,2023-11-19,PRESIDENTE Y VICE,21,Santa Fe,10,Vera,02550,,EN BLANCO,blancos,0,PROVISORIO,2023_BALOTAJE_santafe_presidente_mesa.csv
2023,BALOTAJE,2023-11-19,PRESIDENTE Y VICE,21,Santa Fe,10,Vera,02550,,IMPUGNADO,impugnados,0,PROVISORIO,2023_BALOTAJE_santafe_presidente_mesa.csv
2023,BALOTAJE,2023-11-19,PRESIDENTE Y VICE,21,Santa Fe,10,Vera,02550,,LA LIBERTAD AVANZA,agrupacion,18,PROVISORIO,2023_BALOTAJE_santafe_presidente_mesa.csv
2023,BALOTAJE,2023-11-19,PRESIDENTE Y VICE,21,Santa Fe,10,Vera,02550,,NULO,nulos,0,PROVISORIO,2023_BALOTAJE_santafe_presidente_mesa.csv
2023,BALOTAJE,2023-11-19,PRESIDENTE Y VICE,21,Santa Fe,10,Vera,02550,,RECURRIDO,recurridos,0,PROVISORIO,2023_BALOTAJE_santafe_presidente_mesa.csv
2023,BALOTAJE,2023-11-19,PRESIDENTE Y VICE,21,Santa Fe,10,Vera,02550,,UNION POR LA PATRIA,agrupacion,22,PROVISORIO,2023_BALOTAJE_santafe_presidente_mesa.csv
2023,BALOTAJE,2023-11-19,PRESIDENTE Y VICE,21,Santa Fe,10,Vera,02560,,EN BLANCO,blancos,7,PROVISORIO,2023_BALOTAJE_santafe_presidente_mesa.csv
2023,BALOTAJE,2023-11-19,PRESIDENTE Y VICE,21,Santa Fe,10,Vera,02560,,IMPUGNADO,impugnados,0,PROVISORIO,2023_BALOTAJE_santafe_presidente_mesa.csv
2023,BALOTAJE,2023-11-19,PRESIDENTE Y VICE,21,Santa Fe,10,Vera,02560,,LA LIBERTAD AVANZA,agrupacion,184,PROVISORIO,2023_BALOTAJE_santafe_presidente_mesa.csv
2023,BALOTAJE,2023-11-19,PRESIDENTE Y VICE,21,Santa Fe,10,Vera,02560,,NULO,nulos,0,PROVISORIO,2023_BALOTAJE_santafe_presidente_mesa.csv
2023,BALOTAJE,2023-11-19,PRESIDENTE Y VICE,21,Santa Fe,10,Vera,02560,,RECURRIDO,recurridos,0,PROVISORIO,2023_BALOTAJE_santafe_presidente_mesa.csv
2023,BALOTAJE,2023-11-19,PRESIDENTE Y VICE,21,Santa Fe,10,Vera,02560,,UNION POR LA PATRIA,agrupacion,220,PROVISORIO,2023_BALOTAJE_santafe_presidente_mesa.csv
2023,BALOTAJE,2023-11-19,PRESIDENTE Y VICE,21,Santa Fe,10,Vera,02570,,EN BLANCO,blancos,5,PROVISORIO,2023_BALOTAJE_santafe_presidente_mesa.csv
2023,BALOTAJE,2023-11-19,PRESIDENTE Y VICE,21,Santa Fe,10,Vera,02570,,IMPUGNADO,impugnados,0,PROVISORIO,2023_BALOTAJE_santafe_presidente_mesa.csv
2023,BALOTAJE,2023-11-19,PRESIDENTE Y VICE,21,Santa Fe,10,Vera,02570,,LA LIBERTAD AVANZA,agrupacion,465,PROVISORIO,2023_BALOTAJE_santafe_presidente_mesa.csv
2023,BALOTAJE,2023-11-19,PRESIDENTE Y VICE,21,Santa Fe,10,Vera,02570,,NULO,nulos,11,PROVISORIO,2023_BALOTAJE_santafe_presidente_mesa.csv
2023,BALOTAJE,2023-11-19,PRESIDENTE Y VICE,21,Santa Fe,10,Vera,02570,,RECURRIDO,recurridos,0,PROVISORIO,2023_BALOTAJE_santafe_presidente_mesa.csv
2023,BALOTAJE,2023-11-19,PRESIDENTE Y VICE,21,Santa Fe,10,Vera,02570,,UNION POR LA PATRIA,agrupacion,522,PROVISORIO,2023_BALOTAJE_santafe_presidente_mesa.csv
2023,BALOTAJE,2023-11-19,PRESIDENTE Y VICE,21,Santa Fe,10,Vera,02580,,EN BLANCO,blancos,1,PROVISORIO,2023_BALOTAJE_santafe_presidente_mesa.csv
2023,BALOTAJE,2023-11-19,PRESIDENTE Y VICE,21,Santa Fe,10,Vera,02580,,IMPUGNADO,impugnados,0,PROVISORIO,2023_BALOTAJE_santafe_presidente_mesa.csv
2023,BALOTAJE,2023-11-19,PRESIDENTE Y VICE,21,Santa Fe,10,Vera,02580,,LA LIBERTAD AVANZA,agrupacion,31,PROVISORIO,2023_BALOTAJE_santafe_presidente_mesa.csv
2023,BALOTAJE,2023-11-19,PRESIDENTE Y VICE,21,Santa Fe,10,Vera,02580,,NULO,nulos,0,PROVISORIO,2023_BALOTAJE_santafe_presidente_mesa.csv
2023,BALOTAJE,2023-11-19,PRESIDENTE Y VICE,21,Santa Fe,10,Vera,02580,,RECURRIDO,recurridos,0,PROVISORIO,2023_BALOTAJE_santafe_presidente_mesa.csv
2023,BALOTAJE,2023-11-19,PRESIDENTE Y VICE,21,Santa Fe,10,Vera,02580,,UNION POR LA PATRIA,agrupacion,56,PROVISORIO,2023_BALOTAJE_santafe_presidente_mesa.csv
2023,BALOTAJE,2023-11-19,PRESIDENTE Y VICE,21,Santa Fe,10,Vera,02590,,EN BLANCO,blancos,8,PROVISORIO,2023_BALOTAJE_santafe_presidente_mesa.csv
2023,BALOTAJE,2023-11-19,PRESIDENTE Y VICE,21,Santa Fe,10,Vera,02590,,IMPUGNADO,impugnados,0,PROVISORIO,2023_BALOTAJE_santafe_presidente_mesa.csv
2023,BALOTAJE,2023-11-19,PRESIDENTE Y VICE,21,Santa Fe,10,Vera,02590,,LA LIBERTAD AVANZA,agrupacion,364,PROVISORIO,2023_BALOTAJE_santafe_presidente_mesa.csv
2023,BALOTAJE,2023-11-19,PRESIDENTE Y VICE,21,Santa Fe,10,Vera,02590,,NULO,nulos,5,PROVISORIO,2023_BALOTAJE_santafe_presidente_mesa.csv
2023,BALOTAJE,2023-11-19,PRESIDENTE Y VICE,21,Santa Fe,10,Vera,02590,,RECURRIDO,recurridos,0,PROVISORIO,2023_BALOTAJE_santafe_presidente_mesa.csv
2023,BALOTAJE,2023-11-19,PRESIDENTE Y VICE,21,Santa Fe,10,Vera,02590,,UNION POR LA PATRIA,agrupacion,370,PROVISORIO,2023_BALOTAJE_santafe_presidente_mesa.csv
2023,BALOTAJE,2023-11-19,PRESIDENTE Y VICE,21,Santa Fe,10,Vera,02600,,EN BLANCO,blancos,12,PROVISORIO,2023_BALOTAJE_santafe_presidente_mesa.csv
2023,BALOTAJE,2023-11-19,PRESIDENTE Y VICE,21,Santa Fe,10,Vera,02600,,IMPUGNADO,impugnados,2,PROVISORIO,2023_BALOTAJE_santafe_presidente_mesa.csv
2023,BALOTAJE,2023-11-19,PRESIDENTE Y VICE,21,Santa Fe,10,Vera,02600,,LA LIBERTAD AVANZA,agrupacion,579,PROVISORIO,2023_BALOTAJE_santafe_presidente_mesa.csv
2023,BALOTAJE,2023-11-19,PRESIDENTE Y VICE,21,Santa Fe,10,Vera,02600,,NULO,nulos,14,PROVISORIO,2023_BALOTAJE_santafe_presidente_mesa.csv
2023,BALOTAJE,2023-11-19,PRESIDENTE Y VICE,21,Santa Fe,10,Vera,02600,,RECURRIDO,recurridos,0,PROVISORIO,2023_BALOTAJE_santafe_presidente_mesa.csv
2023,BALOTAJE,2023-11-19,PRESIDENTE Y VICE,21,Santa Fe,10,Vera,02600,,UNION POR LA PATRIA,agrupacion,707,PROVISORIO,2023_BALOTAJE_santafe_presidente_mesa.csv
2023,BALOTAJE,2023-11-19,PRESIDENTE Y VICE,21,Santa Fe,10,Vera,02610,,EN BLANCO,blancos,4,PROVISORIO,2023_BALOTAJE_santafe_presidente_mesa.csv
2023,BALOTAJE,2023-11-19,PRESIDENTE Y VICE,21,Santa Fe,10,Vera,02610,,IMPUGNADO,impugnados,0,PROVISORIO,2023_BALOTAJE_santafe_presidente_mesa.csv
2023,BALOTAJE,2023-11-19,PRESIDENTE Y VICE,21,Santa Fe,10,Vera,02610,,LA LIBERTAD AVANZA,agrupacion,53,PROVISORIO,2023_BALOTAJE_santafe_presidente_mesa.csv
2023,BALOTAJE,2023-11-19,PRESIDENTE Y VICE,21,Santa Fe,10,Vera,02610,,NULO,nulos,2,PROVISORIO,2023_BALOTAJE_santafe_presidente_mesa.csv
2023,BALOTAJE,2023-11-19,PRESIDENTE Y VICE,21,Santa Fe,10,Vera,02610,,RECURRIDO,recurridos,0,PROVISORIO,2023_BALOTAJE_santafe_presidente_mesa.csv
2023,BALOTAJE,2023-11-19,PRESIDENTE Y VICE,21,Santa Fe,10,Vera,02610,,UNION POR LA PATRIA,agrupacion,53,PROVISORIO,2023_BALOTAJE_santafe_presidente_mesa.csv
2023,BALOTAJE,2023-11-19,PRESIDENTE Y VICE,21,Santa Fe,10,Vera,02620,,EN BLANCO,blancos,2,PROVISORIO,2023_BALOTAJE_santafe_presidente_mesa.csv
2023,BALOTAJE,2023-11-19,PRESIDENTE Y VICE,21,Santa Fe,10,Vera,02620,,IMPUGNADO,impugnados,0,PROVISORIO,2023_BALOTAJE_santafe_presidente_mesa.csv
2023,BALOTAJE,2023-11-19,PRESIDENTE Y VICE,21,Santa Fe,10,Vera,02620,,LA LIBERTAD AVANZA,agrupacion,141,PROVISORIO,2023_BALOTAJE_santafe_presidente_mesa.csv
2023,BALOTAJE,2023-11-19,PRESIDENTE Y VICE,21,Santa Fe,10,Vera,02620,,NULO,nulos,0,PROVISORIO,2023_BALOTAJE_santafe_presidente_mesa.csv
2023,BALOTAJE,2023-11-19,PRESIDENTE Y VICE,21,Santa Fe,10,Vera,02620,,RECURRIDO,recurridos,0,PROVISORIO,2023_BALOTAJE_santafe_presidente_mesa.csv
2023,BALOTAJE,2023-11-19,PRESIDENTE Y VICE,21,Santa Fe,10,Vera,02620,,UNION POR LA PATRIA,agrupacion,175,PROVISORIO,2023_BALOTAJE_santafe_presidente_mesa.csv
2023,BALOTAJE,2023-11-19,PRESIDENTE Y VICE,21,Santa Fe,10,Vera,02630,,EN BLANCO,blancos,10,PROVISORIO,2023_BALOTAJE_santafe_presidente_mesa.csv
2023,BALOTAJE,2023-11-19,PRESIDENTE Y VICE,21,Santa Fe,10,Vera,02630,,IMPUGNADO,impugnados,0,PROVISORIO,2023_BALOTAJE_santafe_presidente_mesa.csv
2023,BALOTAJE,2023-11-19,PRESIDENTE Y VICE,21,Santa Fe,10,Vera,02630,,LA LIBERTAD AVANZA,agrupacion,238,PROVISORIO,2023_BALOTAJE_santafe_presidente_mesa.csv
2023,BALOTAJE,2023-11-19,PRESIDENTE Y VICE,21,Santa Fe,10,Vera,02630,,NULO,nulos,10,PROVISORIO,2023_BALOTAJE_santafe_presidente_mesa.csv
2023,BALOTAJE,2023-11-19,PRESIDENTE Y VICE,21,Santa Fe,10,Vera,02630,,RECURRIDO,recurridos,0,PROVISORIO,2023_BALOTAJE_santafe_presidente_mesa.csv
2023,BALOTAJE,2023-11-19,PRESIDENTE Y VICE,21,Santa Fe,10,Vera,02630,,UNION POR LA PATRIA,agrupacion,467,PROVISORIO,2023_BALOTAJE_santafe_presidente_mesa.csv
2023,BALOTAJE,2023-11-19,PRESIDENTE Y VICE,21,Santa Fe,10,Vera,02640,,EN BLANCO,blancos,1,PROVISORIO,2023_BALOTAJE_santafe_presidente_mesa.csv
2023,BALOTAJE,2023-11-19,PRESIDENTE Y VICE,21,Santa Fe,10,Vera,02640,,IMPUGNADO,impugnados,0,PROVISORIO,2023_BALOTAJE_santafe_presidente_mesa.csv
2023,BALOTAJE,2023-11-19,PRESIDENTE Y VICE,21,Santa Fe,10,Vera,02640,,LA LIBERTAD AVANZA,agrupacion,75,PROVISORIO,2023_BALOTAJE_santafe_presidente_mesa.csv
2023,BALOTAJE,2023-11-19,PRESIDENTE Y VICE,21,Santa Fe,10,Vera,02640,,NULO,nulos,0,PROVISORIO,2023_BALOTAJE_santafe_presidente_mesa.csv
2023,BALOTAJE,2023-11-19,PRESIDENTE Y VICE,21,Santa Fe,10,Vera,02640,,RECURRIDO,recurridos,0,PROVISORIO,2023_BALOTAJE_santafe_presidente_mesa.csv
2023,BALOTAJE,2023-11-19,PRESIDENTE Y VICE,21,Santa Fe,10,Vera,02640,,UNION POR LA PATRIA,agrupacion,106,PROVISORIO,2023_BALOTAJE_santafe_presidente_mesa.csv
2023,BALOTAJE,2023-11-19,PRESIDENTE Y VICE,21,Santa Fe,10,Vera,02670,,EN BLANCO,blancos,0,PROVISORIO,2023_BALOTAJE_santafe_presidente_mesa.csv
2023,BALOTAJE,2023-11-19,PRESIDENTE Y VICE,21,Santa Fe,10,Vera,02670,,IMPUGNADO,impugnados,0,PROVISORIO,2023_BALOTAJE_santafe_presidente_mesa.csv
2023,BALOTAJE,2023-11-19,PRESIDENTE Y VICE,21,Santa Fe,10,Vera,02670,,LA LIBERTAD AVANZA,agrupacion,17,PROVISORIO,2023_BALOTAJE_santafe_presidente_mesa.csv
2023,BALOTAJE,2023-11-19,PRESIDENTE Y VICE,21,Santa Fe,10,Vera,02670,,NULO,nulos,1,PROVISORIO,2023_BALOTAJE_santafe_presidente_mesa.csv
2023,BALOTAJE,2023-11-19,PRESIDENTE Y VICE,21,Santa Fe,10,Vera,02670,,RECURRIDO,recurridos,0,PROVISORIO,2023_BALOTAJE_santafe_presidente_mesa.csv
2023,BALOTAJE,2023-11-19,PRESIDENTE Y VICE,21,Santa Fe,10,Vera,02670,,UNION POR LA PATRIA,agrupacion,20,PROVISORIO,2023_BALOTAJE_santafe_presidente_mesa.csv
2023,BALOTAJE,2023-11-19,PRESIDENTE Y VICE,21,Santa Fe,10,Vera,02680,,EN BLANCO,blancos,12,PROVISORIO,2023_BALOTAJE_santafe_presidente_mesa.csv
2023,BALOTAJE,2023-11-19,PRESIDENTE Y VICE,21,Santa Fe,10,Vera,02680,,IMPUGNADO,impugnados,1,PROVISORIO,2023_BALOTAJE_santafe_presidente_mesa.csv
2023,BALOTAJE,2023-11-19,PRESIDENTE Y VICE,21,Santa Fe,10,Vera,02680,,LA LIBERTAD AVANZA,agrupacion,773,PROVISORIO,2023_BALOTAJE_santafe_presidente_mesa.csv
2023,BALOTAJE,2023-11-19,PRESIDENTE Y VICE,21,Santa Fe,10,Vera,02680,,NULO,nulos,17,PROVISORIO,2023_BALOTAJE_santafe_presidente_mesa.csv
2023,BALOTAJE,2023-11-19,PRESIDENTE Y VICE,21,Santa Fe,10,Vera,02680,,RECURRIDO,recurridos,0,PROVISORIO,2023_BALOTAJE_santafe_presidente_mesa.csv
2023,BALOTAJE,2023-11-19,PRESIDENTE Y VICE,21,Santa Fe,10,Vera,02680,,UNION POR LA PATRIA,agrupacion,698,PROVISORIO,2023_BALOTAJE_santafe_presidente_mesa.csv
2023,BALOTAJE,2023-11-19,PRESIDENTE Y VICE,21,Santa Fe,10,Vera,02682,,EN BLANCO,blancos,1,PROVISORIO,2023_BALOTAJE_santafe_presidente_mesa.csv
2023,BALOTAJE,2023-11-19,PRESIDENTE Y VICE,21,Santa Fe,10,Vera,02682,,IMPUGNADO,impugnados,0,PROVISORIO,2023_BALOTAJE_santafe_presidente_mesa.csv
2023,BALOTAJE,2023-11-19,PRESIDENTE Y VICE,21,Santa Fe,10,Vera,02682,,LA LIBERTAD AVANZA,agrupacion,157,PROVISORIO,2023_BALOTAJE_santafe_presidente_mesa.csv
2023,BALOTAJE,2023-11-19,PRESIDENTE Y VICE,21,Santa Fe,10,Vera,02682,,NULO,nulos,0,PROVISORIO,2023_BALOTAJE_santafe_presidente_mesa.csv
2023,BALOTAJE,2023-11-19,PRESIDENTE Y VICE,21,Santa Fe,10,Vera,02682,,RECURRIDO,recurridos,0,PROVISORIO,2023_BALOTAJE_santafe_presidente_mesa.csv
2023,BALOTAJE,2023-11-19,PRESIDENTE Y VICE,21,Santa Fe,10,Vera,02682,,UNION POR LA PATRIA,agrupacion,151,PROVISORIO,2023_BALOTAJE_santafe_presidente_mesa.csv
2023,BALOTAJE,2023-11-19,PRESIDENTE Y VICE,21,Santa Fe,10,Vera,02684,,EN BLANCO,blancos,0,PROVISORIO,2023_BALOTAJE_santafe_presidente_mesa.csv
2023,BALOTAJE,2023-11-19,PRESIDENTE Y VICE,21,Santa Fe,10,Vera,02684,,IMPUGNADO,impugnados,0,PROVISORIO,2023_BALOTAJE_santafe_presidente_mesa.csv
2023,BALOTAJE,2023-11-19,PRESIDENTE Y VICE,21,Santa Fe,10,Vera,02684,,LA LIBERTAD AVANZA,agrupacion,50,PROVISORIO,2023_BALOTAJE_santafe_presidente_mesa.csv
2023,BALOTAJE,2023-11-19,PRESIDENTE Y VICE,21,Santa Fe,10,Vera,02684,,NULO,nulos,0,PROVISORIO,2023_BALOTAJE_santafe_presidente_mesa.csv
2023,BALOTAJE,2023-11-19,PRESIDENTE Y VICE,21,Santa Fe,10,Vera,02684,,RECURRIDO,recurridos,0,PROVISORIO,2023_BALOTAJE_santafe_presidente_mesa.csv
2023,BALOTAJE,2023-11-19,PRESIDENTE Y VICE,21,Santa Fe,10,Vera,02684,,UNION POR LA PATRIA,agrupacion,69,PROVISORIO,2023_BALOTAJE_santafe_presidente_mesa.csv
2023,BALOTAJE,2023-11-19,PRESIDENTE Y VICE,21,Santa Fe,10,Vera,02690,,EN BLANCO,blancos,1,PROVISORIO,2023_BALOTAJE_santafe_presidente_mesa.csv
2023,BALOTAJE,2023-11-19,PRESIDENTE Y VICE,21,Santa Fe,10,Vera,02690,,IMPUGNADO,impugnados,0,PROVISORIO,2023_BALOTAJE_santafe_presidente_mesa.csv
2023,BALOTAJE,2023-11-19,PRESIDENTE Y VICE,21,Santa Fe,10,Vera,02690,,LA LIBERTAD AVANZA,agrupacion,86,PROVISORIO,2023_BALOTAJE_santafe_presidente_mesa.csv
2023,BALOTAJE,2023-11-19,PRESIDENTE Y VICE,21,Santa Fe,10,Vera,02690,,NULO,nulos,2,PROVISORIO,2023_BALOTAJE_santafe_presidente_mesa.csv
2023,BALOTAJE,2023-11-19,PRESIDENTE Y VICE,21,Santa Fe,10,Vera,02690,,RECURRIDO,recurridos,0,PROVISORIO,2023_BALOTAJE_santafe_presidente_mesa.csv
2023,BALOTAJE,2023-11-19,PRESIDENTE Y VICE,21,Santa Fe,10,Vera,02690,,UNION POR LA PATRIA,agrupacion,88,PROVISORIO,2023_BALOTAJE_santafe_presidente_mesa.csv
2023,BALOTAJE,2023-11-19,PRESIDENTE Y VICE,21,Santa Fe,10,Vera,02700,,EN BLANCO,blancos,0,PROVISORIO,2023_BALOTAJE_santafe_presidente_mesa.csv
2023,BALOTAJE,2023-11-19,PRESIDENTE Y VICE,21,Santa Fe,10,Vera,02700,,IMPUGNADO,impugnados,0,PROVISORIO,2023_BALOTAJE_santafe_presidente_mesa.csv
2023,BALOTAJE,2023-11-19,PRESIDENTE Y VICE,21,Santa Fe,10,Vera,02700,,LA LIBERTAD AVANZA,agrupacion,17,PROVISORIO,2023_BALOTAJE_santafe_presidente_mesa.csv
2023,BALOTAJE,2023-11-19,PRESIDENTE Y VICE,21,Santa Fe,10,Vera,02700,,NULO,nulos,0,PROVISORIO,2023_BALOTAJE_santafe_presidente_mesa.csv
2023,BALOTAJE,2023-11-19,PRESIDENTE Y VICE,21,Santa Fe,10,Vera,02700,,RECURRIDO,recurridos,0,PROVISORIO,2023_BALOTAJE_santafe_presidente_mesa.csv
2023,BALOTAJE,2023-11-19,PRESIDENTE Y VICE,21,Santa Fe,10,Vera,02700,,UNION POR LA PATRIA,agrupacion,4,PROVISORIO,2023_BALOTAJE_santafe_presidente_mesa.csv
2023,BALOTAJE,2023-11-19,PRESIDENTE Y VICE,21,Santa Fe,10,Vera,02710,,EN BLANCO,blancos,0,PROVISORIO,2023_BALOTAJE_santafe_presidente_mesa.csv
2023,BALOTAJE,2023-11-19,PRESIDENTE Y VICE,21,Santa Fe,10,Vera,02710,,IMPUGNADO,impugnados,0,PROVISORIO,2023_BALOTAJE_santafe_presidente_mesa.csv
2023,BALOTAJE,2023-11-19,PRESIDENTE Y VICE,21,Santa Fe,10,Vera,02710,,LA LIBERTAD AVANZA,agrupacion,8,PROVISORIO,2023_BALOTAJE_santafe_presidente_mesa.csv
2023,BALOTAJE,2023-11-19,PRESIDENTE Y VICE,21,Santa Fe,10,Vera,02710,,NULO,nulos,0,PROVISORIO,2023_BALOTAJE_santafe_presidente_mesa.csv
2023,BALOTAJE,2023-11-19,PRESIDENTE Y VICE,21,Santa Fe,10,Vera,02710,,RECURRIDO,recurridos,0,PROVISORIO,2023_BALOTAJE_santafe_presidente_mesa.csv
2023,BALOTAJE,2023-11-19,PRESIDENTE Y VICE,21,Santa Fe,10,Vera,02710,,UNION POR LA PATRIA,agrupacion,1,PROVISORIO,2023_BALOTAJE_santafe_presidente_mesa.csv
2023,BALOTAJE,2023-11-19,PRESIDENTE Y VICE,21,Santa Fe,11,San Javier,02740,,EN BLANCO,blancos,2,PROVISORIO,2023_BALOTAJE_santafe_presidente_mesa.csv
2023,BALOTAJE,2023-11-19,PRESIDENTE Y VICE,21,Santa Fe,11,San Javier,02740,,IMPUGNADO,impugnados,0,PROVISORIO,2023_BALOTAJE_santafe_presidente_mesa.csv
2023,BALOTAJE,2023-11-19,PRESIDENTE Y VICE,21,Santa Fe,11,San Javier,02740,,LA LIBERTAD AVANZA,agrupacion,110,PROVISORIO,2023_BALOTAJE_santafe_presidente_mesa.csv
2023,BALOTAJE,2023-11-19,PRESIDENTE Y VICE,21,Santa Fe,11,San Javier,02740,,NULO,nulos,5,PROVISORIO,2023_BALOTAJE_santafe_presidente_mesa.csv
2023,BALOTAJE,2023-11-19,PRESIDENTE Y VICE,21,Santa Fe,11,San Javier,02740,,RECURRIDO,recurridos,0,PROVISORIO,2023_BALOTAJE_santafe_presidente_mesa.csv
2023,BALOTAJE,2023-11-19,PRESIDENTE Y VICE,21,Santa Fe,11,San Javier,02740,,UNION POR LA PATRIA,agrupacion,108,PROVISORIO,2023_BALOTAJE_santafe_presidente_mesa.csv
2023,BALOTAJE,2023-11-19,PRESIDENTE Y VICE,21,Santa Fe,11,San Javier,02750,,EN BLANCO,blancos,88,PROVISORIO,2023_BALOTAJE_santafe_presidente_mesa.csv
2023,BALOTAJE,2023-11-19,PRESIDENTE Y VICE,21,Santa Fe,11,San Javier,02750,,IMPUGNADO,impugnados,0,PROVISORIO,2023_BALOTAJE_santafe_presidente_mesa.csv
2023,BALOTAJE,2023-11-19,PRESIDENTE Y VICE,21,Santa Fe,11,San Javier,02750,,LA LIBERTAD AVANZA,agrupacion,5643,PROVISORIO,2023_BALOTAJE_santafe_presidente_mesa.csv
2023,BALOTAJE,2023-11-19,PRESIDENTE Y VICE,21,Santa Fe,11,San Javier,02750,,NULO,nulos,158,PROVISORIO,2023_BALOTAJE_santafe_presidente_mesa.csv
2023,BALOTAJE,2023-11-19,PRESIDENTE Y VICE,21,Santa Fe,11,San Javier,02750,,RECURRIDO,recurridos,8,PROVISORIO,2023_BALOTAJE_santafe_presidente_mesa.csv
2023,BALOTAJE,2023-11-19,PRESIDENTE Y VICE,21,Santa Fe,11,San Javier,02750,,UNION POR LA PATRIA,agrupacion,3848,PROVISORIO,2023_BALOTAJE_santafe_presidente_mesa.csv
2023,BALOTAJE,2023-11-19,PRESIDENTE Y VICE,21,Santa Fe,11,San Javier,02755,,EN BLANCO,blancos,0,PROVISORIO,2023_BALOTAJE_santafe_presidente_mesa.csv
2023,BALOTAJE,2023-11-19,PRESIDENTE Y VICE,21,Santa Fe,11,San Javier,02755,,IMPUGNADO,impugnados,0,PROVISORIO,2023_BALOTAJE_santafe_presidente_mesa.csv
2023,BALOTAJE,2023-11-19,PRESIDENTE Y VICE,21,Santa Fe,11,San Javier,02755,,LA LIBERTAD AVANZA,agrupacion,253,PROVISORIO,2023_BALOTAJE_santafe_presidente_mesa.csv
2023,BALOTAJE,2023-11-19,PRESIDENTE Y VICE,21,Santa Fe,11,San Javier,02755,,NULO,nulos,6,PROVISORIO,2023_BALOTAJE_santafe_presidente_mesa.csv
2023,BALOTAJE,2023-11-19,PRESIDENTE Y VICE,21,Santa Fe,11,San Javier,02755,,RECURRIDO,recurridos,0,PROVISORIO,2023_BALOTAJE_santafe_presidente_mesa.csv
2023,BALOTAJE,2023-11-19,PRESIDENTE Y VICE,21,Santa Fe,11,San Javier,02755,,UNION POR LA PATRIA,agrupacion,217,PROVISORIO,2023_BALOTAJE_santafe_presidente_mesa.csv
2023,BALOTAJE,2023-11-19,PRESIDENTE Y VICE,21,Santa Fe,11,San Javier,02758,,EN BLANCO,blancos,1,PROVISORIO,2023_BALOTAJE_santafe_presidente_mesa.csv
2023,BALOTAJE,2023-11-19,PRESIDENTE Y VICE,21,Santa Fe,11,San Javier,02758,,IMPUGNADO,impugnados,0,PROVISORIO,2023_BALOTAJE_santafe_presidente_mesa.csv
2023,BALOTAJE,2023-11-19,PRESIDENTE Y VICE,21,Santa Fe,11,San Javier,02758,,LA LIBERTAD AVANZA,agrupacion,223,PROVISORIO,2023_BALOTAJE_santafe_presidente_mesa.csv
2023,BALOTAJE,2023-11-19,PRESIDENTE Y VICE,21,Santa Fe,11,San Javier,02758,,NULO,nulos,7,PROVISORIO,2023_BALOTAJE_santafe_presidente_mesa.csv
2023,BALOTAJE,2023-11-19,PRESIDENTE Y VICE,21,Santa Fe,11,San Javier,02758,,RECURRIDO,recurridos,0,PROVISORIO,2023_BALOTAJE_santafe_presidente_mesa.csv
2023,BALOTAJE,2023-11-19,PRESIDENTE Y VICE,21,Santa Fe,11,San Javier,02758,,UNION POR LA PATRIA,agrupacion,255,PROVISORIO,2023_BALOTAJE_santafe_presidente_mesa.csv
2023,BALOTAJE,2023-11-19,PRESIDENTE Y VICE,21,Santa Fe,11,San Javier,02760,,EN BLANCO,blancos,20,PROVISORIO,2023_BALOTAJE_santafe_presidente_mesa.csv
2023,BALOTAJE,2023-11-19,PRESIDENTE Y VICE,21,Santa Fe,11,San Javier,02760,,IMPUGNADO,impugnados,0,PROVISORIO,2023_BALOTAJE_santafe_presidente_mesa.csv
2023,BALOTAJE,2023-11-19,PRESIDENTE Y VICE,21,Santa Fe,11,San Javier,02760,,LA LIBERTAD AVANZA,agrupacion,925,PROVISORIO,2023_BALOTAJE_santafe_presidente_mesa.csv
2023,BALOTAJE,2023-11-19,PRESIDENTE Y VICE,21,Santa Fe,11,San Javier,02760,,NULO,nulos,71,PROVISORIO,2023_BALOTAJE_santafe_presidente_mesa.csv
2023,BALOTAJE,2023-11-19,PRESIDENTE Y VICE,21,Santa Fe,11,San Javier,02760,,RECURRIDO,recurridos,0,PROVISORIO,2023_BALOTAJE_santafe_presidente_mesa.csv
2023,BALOTAJE,2023-11-19,PRESIDENTE Y VICE,21,Santa Fe,11,San Javier,02760,,UNION POR LA PATRIA,agrupacion,1050,PROVISORIO,2023_BALOTAJE_santafe_presidente_mesa.csv
2023,BALOTAJE,2023-11-19,PRESIDENTE Y VICE,21,Santa Fe,11,San Javier,02762,,EN BLANCO,blancos,0,PROVISORIO,2023_BALOTAJE_santafe_presidente_mesa.csv
2023,BALOTAJE,2023-11-19,PRESIDENTE Y VICE,21,Santa Fe,11,San Javier,02762,,IMPUGNADO,impugnados,0,PROVISORIO,2023_BALOTAJE_santafe_presidente_mesa.csv
2023,BALOTAJE,2023-11-19,PRESIDENTE Y VICE,21,Santa Fe,11,San Javier,02762,,LA LIBERTAD AVANZA,agrupacion,5,PROVISORIO,2023_BALOTAJE_santafe_presidente_mesa.csv
2023,BALOTAJE,2023-11-19,PRESIDENTE Y VICE,21,Santa Fe,11,San Javier,02762,,NULO,nulos,0,PROVISORIO,2023_BALOTAJE_santafe_presidente_mesa.csv
2023,BALOTAJE,2023-11-19,PRESIDENTE Y VICE,21,Santa Fe,11,San Javier,02762,,RECURRIDO,recurridos,0,PROVISORIO,2023_BALOTAJE_santafe_presidente_mesa.csv
2023,BALOTAJE,2023-11-19,PRESIDENTE Y VICE,21,Santa Fe,11,San Javier,02762,,UNION POR LA PATRIA,agrupacion,4,PROVISORIO,2023_BALOTAJE_santafe_presidente_mesa.csv
2023,BALOTAJE,2023-11-19,PRESIDENTE Y VICE,21,Santa Fe,11,San Javier,02764,,EN BLANCO,blancos,1,PROVISORIO,2023_BALOTAJE_santafe_presidente_mesa.csv
2023,BALOTAJE,2023-11-19,PRESIDENTE Y VICE,21,Santa Fe,11,San Javier,02764,,IMPUGNADO,impugnados,0,PROVISORIO,2023_BALOTAJE_santafe_presidente_mesa.csv
2023,BALOTAJE,2023-11-19,PRESIDENTE Y VICE,21,Santa Fe,11,San Javier,02764,,LA LIBERTAD AVANZA,agrupacion,11,PROVISORIO,2023_BALOTAJE_santafe_presidente_mesa.csv
2023,BALOTAJE,2023-11-19,PRESIDENTE Y VICE,21,Santa Fe,11,San Javier,02764,,NULO,nulos,0,PROVISORIO,2023_BALOTAJE_santafe_presidente_mesa.csv
2023,BALOTAJE,2023-11-19,PRESIDENTE Y VICE,21,Santa Fe,11,San Javier,02764,,RECURRIDO,recurridos,0,PROVISORIO,2023_BALOTAJE_santafe_presidente_mesa.csv
2023,BALOTAJE,2023-11-19,PRESIDENTE Y VICE,21,Santa Fe,11,San Javier,02764,,UNION POR LA PATRIA,agrupacion,8,PROVISORIO,2023_BALOTAJE_santafe_presidente_mesa.csv
2023,BALOTAJE,2023-11-19,PRESIDENTE Y VICE,21,Santa Fe,11,San Javier,02766,,EN BLANCO,blancos,1,PROVISORIO,2023_BALOTAJE_santafe_presidente_mesa.csv
2023,BALOTAJE,2023-11-19,PRESIDENTE Y VICE,21,Santa Fe,11,San Javier,02766,,IMPUGNADO,impugnados,0,PROVISORIO,2023_BALOTAJE_santafe_presidente_mesa.csv
2023,BALOTAJE,2023-11-19,PRESIDENTE Y VICE,21,Santa Fe,11,San Javier,02766,,LA LIBERTAD AVANZA,agrupacion,63,PROVISORIO,2023_BALOTAJE_santafe_presidente_mesa.csv
2023,BALOTAJE,2023-11-19,PRESIDENTE Y VICE,21,Santa Fe,11,San Javier,02766,,NULO,nulos,1,PROVISORIO,2023_BALOTAJE_santafe_presidente_mesa.csv
2023,BALOTAJE,2023-11-19,PRESIDENTE Y VICE,21,Santa Fe,11,San Javier,02766,,RECURRIDO,recurridos,0,PROVISORIO,2023_BALOTAJE_santafe_presidente_mesa.csv
2023,BALOTAJE,2023-11-19,PRESIDENTE Y VICE,21,Santa Fe,11,San Javier,02766,,UNION POR LA PATRIA,agrupacion,80,PROVISORIO,2023_BALOTAJE_santafe_presidente_mesa.csv
2023,BALOTAJE,2023-11-19,PRESIDENTE Y VICE,21,Santa Fe,11,San Javier,02770,,EN BLANCO,blancos,80,PROVISORIO,2023_BALOTAJE_santafe_presidente_mesa.csv
2023,BALOTAJE,2023-11-19,PRESIDENTE Y VICE,21,Santa Fe,11,San Javier,02770,,IMPUGNADO,impugnados,0,PROVISORIO,2023_BALOTAJE_santafe_presidente_mesa.csv
2023,BALOTAJE,2023-11-19,PRESIDENTE Y VICE,21,Santa Fe,11,San Javier,02770,,LA LIBERTAD AVANZA,agrupacion,2921,PROVISORIO,2023_BALOTAJE_santafe_presidente_mesa.csv
2023,BALOTAJE,2023-11-19,PRESIDENTE Y VICE,21,Santa Fe,11,San Javier,02770,,NULO,nulos,153,PROVISORIO,2023_BALOTAJE_santafe_presidente_mesa.csv
2023,BALOTAJE,2023-11-19,PRESIDENTE Y VICE,21,Santa Fe,11,San Javier,02770,,RECURRIDO,recurridos,0,PROVISORIO,2023_BALOTAJE_santafe_presidente_mesa.csv
2023,BALOTAJE,2023-11-19,PRESIDENTE Y VICE,21,Santa Fe,11,San Javier,02770,,UNION POR LA PATRIA,agrupacion,2389,PROVISORIO,2023_BALOTAJE_santafe_presidente_mesa.csv
2023,BALOTAJE,2023-11-19,PRESIDENTE Y VICE,21,Santa Fe,11,San Javier,02772,,EN BLANCO,blancos,0,PROVISORIO,2023_BALOTAJE_santafe_presidente_mesa.csv
2023,BALOTAJE,2023-11-19,PRESIDENTE Y VICE,21,Santa Fe,11,San Javier,02772,,IMPUGNADO,impugnados,0,PROVISORIO,2023_BALOTAJE_santafe_presidente_mesa.csv
2023,BALOTAJE,2023-11-19,PRESIDENTE Y VICE,21,Santa Fe,11,San Javier,02772,,LA LIBERTAD AVANZA,agrupacion,17,PROVISORIO,2023_BALOTAJE_santafe_presidente_mesa.csv
2023,BALOTAJE,2023-11-19,PRESIDENTE Y VICE,21,Santa Fe,11,San Javier,02772,,NULO,nulos,1,PROVISORIO,2023_BALOTAJE_santafe_presidente_mesa.csv
2023,BALOTAJE,2023-11-19,PRESIDENTE Y VICE,21,Santa Fe,11,San Javier,02772,,RECURRIDO,recurridos,0,PROVISORIO,2023_BALOTAJE_santafe_presidente_mesa.csv
2023,BALOTAJE,2023-11-19,PRESIDENTE Y VICE,21,Santa Fe,11,San Javier,02772,,UNION POR LA PATRIA,agrupacion,6,PROVISORIO,2023_BALOTAJE_santafe_presidente_mesa.csv
2023,BALOTAJE,2023-11-19,PRESIDENTE Y VICE,21,Santa Fe,11,San Javier,02774,,EN BLANCO,blancos,3,PROVISORIO,2023_BALOTAJE_santafe_presidente_mesa.csv
2023,BALOTAJE,2023-11-19,PRESIDENTE Y VICE,21,Santa Fe,11,San Javier,02774,,IMPUGNADO,impugnados,0,PROVISORIO,2023_BALOTAJE_santafe_presidente_mesa.csv
2023,BALOTAJE,2023-11-19,PRESIDENTE Y VICE,21,Santa Fe,11,San Javier,02774,,LA LIBERTAD AVANZA,agrupacion,19,PROVISORIO,2023_BALOTAJE_santafe_presidente_mesa.csv
2023,BALOTAJE,2023-11-19,PRESIDENTE Y VICE,21,Santa Fe,11,San Javier,02774,,NULO,nulos,1,PROVISORIO,2023_BALOTAJE_santafe_presidente_mesa.csv
2023,BALOTAJE,2023-11-19,PRESIDENTE Y VICE,21,Santa Fe,11,San Javier,02774,,RECURRIDO,recurridos,0,PROVISORIO,2023_BALOTAJE_santafe_presidente_mesa.csv
2023,BALOTAJE,2023-11-19,PRESIDENTE Y VICE,21,Santa Fe,11,San Javier,02774,,UNION POR LA PATRIA,agrupacion,15,PROVISORIO,2023_BALOTAJE_santafe_presidente_mesa.csv
2023,BALOTAJE,2023-11-19,PRESIDENTE Y VICE,21,Santa Fe,11,San Javier,02780,,EN BLANCO,blancos,0,PROVISORIO,2023_BALOTAJE_santafe_presidente_mesa.csv
2023,BALOTAJE,2023-11-19,PRESIDENTE Y VICE,21,Santa Fe,11,San Javier,02780,,IMPUGNADO,impugnados,0,PROVISORIO,2023_BALOTAJE_santafe_presidente_mesa.csv
2023,BALOTAJE,2023-11-19,PRESIDENTE Y VICE,21,Santa Fe,11,San Javier,02780,,LA LIBERTAD AVANZA,agrupacion,8,PROVISORIO,2023_BALOTAJE_santafe_presidente_mesa.csv
2023,BALOTAJE,2023-11-19,PRESIDENTE Y VICE,21,Santa Fe,11,San Javier,02780,,NULO,nulos,0,PROVISORIO,2023_BALOTAJE_santafe_presidente_mesa.csv
2023,BALOTAJE,2023-11-19,PRESIDENTE Y VICE,21,Santa Fe,11,San Javier,02780,,RECURRIDO,recurridos,0,PROVISORIO,2023_BALOTAJE_santafe_presidente_mesa.csv
2023,BALOTAJE,2023-11-19,PRESIDENTE Y VICE,21,Santa Fe,11,San Javier,02780,,UNION POR LA PATRIA,agrupacion,0,PROVISORIO,2023_BALOTAJE_santafe_presidente_mesa.csv
2023,BALOTAJE,2023-11-19,PRESIDENTE Y VICE,21,Santa Fe,11,San Javier,02790,,EN BLANCO,blancos,7,PROVISORIO,2023_BALOTAJE_santafe_presidente_mesa.csv
2023,BALOTAJE,2023-11-19,PRESIDENTE Y VICE,21,Santa Fe,11,San Javier,02790,,IMPUGNADO,impugnados,0,PROVISORIO,2023_BALOTAJE_santafe_presidente_mesa.csv
2023,BALOTAJE,2023-11-19,PRESIDENTE Y VICE,21,Santa Fe,11,San Javier,02790,,LA LIBERTAD AVANZA,agrupacion,239,PROVISORIO,2023_BALOTAJE_santafe_presidente_mesa.csv
2023,BALOTAJE,2023-11-19,PRESIDENTE Y VICE,21,Santa Fe,11,San Javier,02790,,NULO,nulos,5,PROVISORIO,2023_BALOTAJE_santafe_presidente_mesa.csv
2023,BALOTAJE,2023-11-19,PRESIDENTE Y VICE,21,Santa Fe,11,San Javier,02790,,RECURRIDO,recurridos,0,PROVISORIO,2023_BALOTAJE_santafe_presidente_mesa.csv
2023,BALOTAJE,2023-11-19,PRESIDENTE Y VICE,21,Santa Fe,11,San Javier,02790,,UNION POR LA PATRIA,agrupacion,157,PROVISORIO,2023_BALOTAJE_santafe_presidente_mesa.csv
2023,BALOTAJE,2023-11-19,PRESIDENTE Y VICE,21,Santa Fe,11,San Javier,02800,,EN BLANCO,blancos,4,PROVISORIO,2023_BALOTAJE_santafe_presidente_mesa.csv
2023,BALOTAJE,2023-11-19,PRESIDENTE Y VICE,21,Santa Fe,11,San Javier,02800,,IMPUGNADO,impugnados,0,PROVISORIO,2023_BALOTAJE_santafe_presidente_mesa.csv
2023,BALOTAJE,2023-11-19,PRESIDENTE Y VICE,21,Santa Fe,11,San Javier,02800,,LA LIBERTAD AVANZA,agrupacion,201,PROVISORIO,2023_BALOTAJE_santafe_presidente_mesa.csv
2023,BALOTAJE,2023-11-19,PRESIDENTE Y VICE,21,Santa Fe,11,San Javier,02800,,NULO,nulos,3,PROVISORIO,2023_BALOTAJE_santafe_presidente_mesa.csv
2023,BALOTAJE,2023-11-19,PRESIDENTE Y VICE,21,Santa Fe,11,San Javier,02800,,RECURRIDO,recurridos,0,PROVISORIO,2023_BALOTAJE_santafe_presidente_mesa.csv
2023,BALOTAJE,2023-11-19,PRESIDENTE Y VICE,21,Santa Fe,11,San Javier,02800,,UNION POR LA PATRIA,agrupacion,96,PROVISORIO,2023_BALOTAJE_santafe_presidente_mesa.csv
2023,BALOTAJE,2023-11-19,PRESIDENTE Y VICE,21,Santa Fe,11,San Javier,02810,,EN BLANCO,blancos,1,PROVISORIO,2023_BALOTAJE_santafe_presidente_mesa.csv
2023,BALOTAJE,2023-11-19,PRESIDENTE Y VICE,21,Santa Fe,11,San Javier,02810,,IMPUGNADO,impugnados,0,PROVISORIO,2023_BALOTAJE_santafe_presidente_mesa.csv
2023,BALOTAJE,2023-11-19,PRESIDENTE Y VICE,21,Santa Fe,11,San Javier,02810,,LA LIBERTAD AVANZA,agrupacion,7,PROVISORIO,2023_BALOTAJE_santafe_presidente_mesa.csv
2023,BALOTAJE,2023-11-19,PRESIDENTE Y VICE,21,Santa Fe,11,San Javier,02810,,NULO,nulos,0,PROVISORIO,2023_BALOTAJE_santafe_presidente_mesa.csv
2023,BALOTAJE,2023-11-19,PRESIDENTE Y VICE,21,Santa Fe,11,San Javier,02810,,RECURRIDO,recurridos,0,PROVISORIO,2023_BALOTAJE_santafe_presidente_mesa.csv
2023,BALOTAJE,2023-11-19,PRESIDENTE Y VICE,21,Santa Fe,11,San Javier,02810,,UNION POR LA PATRIA,agrupacion,1,PROVISORIO,2023_BALOTAJE_santafe_presidente_mesa.csv
2023,BALOTAJE,2023-11-19,PRESIDENTE Y VICE,21,Santa Fe,12,9 de Julio,02830,,EN BLANCO,blancos,2,PROVISORIO,2023_BALOTAJE_santafe_presidente_mesa.csv
2023,BALOTAJE,2023-11-19,PRESIDENTE Y VICE,21,Santa Fe,12,9 de Julio,02830,,IMPUGNADO,impugnados,0,PROVISORIO,2023_BALOTAJE_santafe_presidente_mesa.csv
2023,BALOTAJE,2023-11-19,PRESIDENTE Y VICE,21,Santa Fe,12,9 de Julio,02830,,LA LIBERTAD AVANZA,agrupacion,62,PROVISORIO,2023_BALOTAJE_santafe_presidente_mesa.csv
2023,BALOTAJE,2023-11-19,PRESIDENTE Y VICE,21,Santa Fe,12,9 de Julio,02830,,NULO,nulos,0,PROVISORIO,2023_BALOTAJE_santafe_presidente_mesa.csv
2023,BALOTAJE,2023-11-19,PRESIDENTE Y VICE,21,Santa Fe,12,9 de Julio,02830,,RECURRIDO,recurridos,0,PROVISORIO,2023_BALOTAJE_santafe_presidente_mesa.csv
2023,BALOTAJE,2023-11-19,PRESIDENTE Y VICE,21,Santa Fe,12,9 de Julio,02830,,UNION POR LA PATRIA,agrupacion,69,PROVISORIO,2023_BALOTAJE_santafe_presidente_mesa.csv
2023,BALOTAJE,2023-11-19,PRESIDENTE Y VICE,21,Santa Fe,12,9 de Julio,02840,,EN BLANCO,blancos,5,PROVISORIO,2023_BALOTAJE_santafe_presidente_mesa.csv
2023,BALOTAJE,2023-11-19,PRESIDENTE Y VICE,21,Santa Fe,12,9 de Julio,02840,,IMPUGNADO,impugnados,0,PROVISORIO,2023_BALOTAJE_santafe_presidente_mesa.csv
2023,BALOTAJE,2023-11-19,PRESIDENTE Y VICE,21,Santa Fe,12,9 de Julio,02840,,LA LIBERTAD AVANZA,agrupacion,293,PROVISORIO,2023_BALOTAJE_santafe_presidente_mesa.csv
2023,BALOTAJE,2023-11-19,PRESIDENTE Y VICE,21,Santa Fe,12,9 de Julio,02840,,NULO,nulos,2,PROVISORIO,2023_BALOTAJE_santafe_presidente_mesa.csv
2023,BALOTAJE,2023-11-19,PRESIDENTE Y VICE,21,Santa Fe,12,9 de Julio,02840,,RECURRIDO,recurridos,0,PROVISORIO,2023_BALOTAJE_santafe_presidente_mesa.csv
2023,BALOTAJE,2023-11-19,PRESIDENTE Y VICE,21,Santa Fe,12,9 de Julio,02840,,UNION POR LA PATRIA,agrupacion,135,PROVISORIO,2023_BALOTAJE_santafe_presidente_mesa.csv
2023,BALOTAJE,2023-11-19,PRESIDENTE Y VICE,21,Santa Fe,12,9 de Julio,02850,,EN BLANCO,blancos,82,PROVISORIO,2023_BALOTAJE_santafe_presidente_mesa.csv
2023,BALOTAJE,2023-11-19,PRESIDENTE Y VICE,21,Santa Fe,12,9 de Julio,02850,,IMPUGNADO,impugnados,0,PROVISORIO,2023_BALOTAJE_santafe_presidente_mesa.csv
2023,BALOTAJE,2023-11-19,PRESIDENTE Y VICE,21,Santa Fe,12,9 de Julio,02850,,LA LIBERTAD AVANZA,agrupacion,7084,PROVISORIO,2023_BALOTAJE_santafe_presidente_mesa.csv
2023,BALOTAJE,2023-11-19,PRESIDENTE Y VICE,21,Santa Fe,12,9 de Julio,02850,,NULO,nulos,141,PROVISORIO,2023_BALOTAJE_santafe_presidente_mesa.csv
2023,BALOTAJE,2023-11-19,PRESIDENTE Y VICE,21,Santa Fe,12,9 de Julio,02850,,RECURRIDO,recurridos,0,PROVISORIO,2023_BALOTAJE_santafe_presidente_mesa.csv
2023,BALOTAJE,2023-11-19,PRESIDENTE Y VICE,21,Santa Fe,12,9 de Julio,02850,,UNION POR LA PATRIA,agrupacion,3552,PROVISORIO,2023_BALOTAJE_santafe_presidente_mesa.csv
2023,BALOTAJE,2023-11-19,PRESIDENTE Y VICE,21,Santa Fe,12,9 de Julio,02852,,EN BLANCO,blancos,1,PROVISORIO,2023_BALOTAJE_santafe_presidente_mesa.csv
2023,BALOTAJE,2023-11-19,PRESIDENTE Y VICE,21,Santa Fe,12,9 de Julio,02852,,IMPUGNADO,impugnados,0,PROVISORIO,2023_BALOTAJE_santafe_presidente_mesa.csv
2023,BALOTAJE,2023-11-19,PRESIDENTE Y VICE,21,Santa Fe,12,9 de Julio,02852,,LA LIBERTAD AVANZA,agrupacion,465,PROVISORIO,2023_BALOTAJE_santafe_presidente_mesa.csv
2023,BALOTAJE,2023-11-19,PRESIDENTE Y VICE,21,Santa Fe,12,9 de Julio,02852,,NULO,nulos,6,PROVISORIO,2023_BALOTAJE_santafe_presidente_mesa.csv
2023,BALOTAJE,2023-11-19,PRESIDENTE Y VICE,21,Santa Fe,12,9 de Julio,02852,,RECURRIDO,recurridos,0,PROVISORIO,2023_BALOTAJE_santafe_presidente_mesa.csv
2023,BALOTAJE,2023-11-19,PRESIDENTE Y VICE,21,Santa Fe,12,9 de Julio,02852,,UNION POR LA PATRIA,agrupacion,222,PROVISORIO,2023_BALOTAJE_santafe_presidente_mesa.csv
2023,BALOTAJE,2023-11-19,PRESIDENTE Y VICE,21,Santa Fe,12,9 de Julio,02854,,EN BLANCO,blancos,0,PROVISORIO,2023_BALOTAJE_santafe_presidente_mesa.csv
2023,BALOTAJE,2023-11-19,PRESIDENTE Y VICE,21,Santa Fe,12,9 de Julio,02854,,IMPUGNADO,impugnados,0,PROVISORIO,2023_BALOTAJE_santafe_presidente_mesa.csv
2023,BALOTAJE,2023-11-19,PRESIDENTE Y VICE,21,Santa Fe,12,9 de Julio,02854,,LA LIBERTAD AVANZA,agrupacion,12,PROVISORIO,2023_BALOTAJE_santafe_presidente_mesa.csv
2023,BALOTAJE,2023-11-19,PRESIDENTE Y VICE,21,Santa Fe,12,9 de Julio,02854,,NULO,nulos,0,PROVISORIO,2023_BALOTAJE_santafe_presidente_mesa.csv
2023,BALOTAJE,2023-11-19,PRESIDENTE Y VICE,21,Santa Fe,12,9 de Julio,02854,,RECURRIDO,recurridos,0,PROVISORIO,2023_BALOTAJE_santafe_presidente_mesa.csv
2023,BALOTAJE,2023-11-19,PRESIDENTE Y VICE,21,Santa Fe,12,9 de Julio,02854,,UNION POR LA PATRIA,agrupacion,2,PROVISORIO,2023_BALOTAJE_santafe_presidente_mesa.csv
2023,BALOTAJE,2023-11-19,PRESIDENTE Y VICE,21,Santa Fe,12,9 de Julio,02860,,EN BLANCO,blancos,0,PROVISORIO,2023_BALOTAJE_santafe_presidente_mesa.csv
2023,BALOTAJE,2023-11-19,PRESIDENTE Y VICE,21,Santa Fe,12,9 de Julio,02860,,IMPUGNADO,impugnados,0,PROVISORIO,2023_BALOTAJE_santafe_presidente_mesa.csv
2023,BALOTAJE,2023-11-19,PRESIDENTE Y VICE,21,Santa Fe,12,9 de Julio,02860,,LA LIBERTAD AVANZA,agrupacion,11,PROVISORIO,2023_BALOTAJE_santafe_presidente_mesa.csv
2023,BALOTAJE,2023-11-19,PRESIDENTE Y VICE,21,Santa Fe,12,9 de Julio,02860,,NULO,nulos,1,PROVISORIO,2023_BALOTAJE_santafe_presidente_mesa.csv
2023,BALOTAJE,2023-11-19,PRESIDENTE Y VICE,21,Santa Fe,12,9 de Julio,02860,,RECURRIDO,recurridos,0,PROVISORIO,2023_BALOTAJE_santafe_presidente_mesa.csv
2023,BALOTAJE,2023-11-19,PRESIDENTE Y VICE,21,Santa Fe,12,9 de Julio,02860,,UNION POR LA PATRIA,agrupacion,6,PROVISORIO,2023_BALOTAJE_santafe_presidente_mesa.csv
2023,BALOTAJE,2023-11-19,PRESIDENTE Y VICE,21,Santa Fe,12,9 de Julio,02870,,EN BLANCO,blancos,5,PROVISORIO,2023_BALOTAJE_santafe_presidente_mesa.csv
2023,BALOTAJE,2023-11-19,PRESIDENTE Y VICE,21,Santa Fe,12,9 de Julio,02870,,IMPUGNADO,impugnados,0,PROVISORIO,2023_BALOTAJE_santafe_presidente_mesa.csv
2023,BALOTAJE,2023-11-19,PRESIDENTE Y VICE,21,Santa Fe,12,9 de Julio,02870,,LA LIBERTAD AVANZA,agrupacion,278,PROVISORIO,2023_BALOTAJE_santafe_presidente_mesa.csv
2023,BALOTAJE,2023-11-19,PRESIDENTE Y VICE,21,Santa Fe,12,9 de Julio,02870,,NULO,nulos,6,PROVISORIO,2023_BALOTAJE_santafe_presidente_mesa.csv
2023,BALOTAJE,2023-11-19,PRESIDENTE Y VICE,21,Santa Fe,12,9 de Julio,02870,,RECURRIDO,recurridos,0,PROVISORIO,2023_BALOTAJE_santafe_presidente_mesa.csv
2023,BALOTAJE,2023-11-19,PRESIDENTE Y VICE,21,Santa Fe,12,9 de Julio,02870,,UNION POR LA PATRIA,agrupacion,113,PROVISORIO,2023_BALOTAJE_santafe_presidente_mesa.csv
2023,BALOTAJE,2023-11-19,PRESIDENTE Y VICE,21,Santa Fe,12,9 de Julio,02890,,EN BLANCO,blancos,7,PROVISORIO,2023_BALOTAJE_santafe_presidente_mesa.csv
2023,BALOTAJE,2023-11-19,PRESIDENTE Y VICE,21,Santa Fe,12,9 de Julio,02890,,IMPUGNADO,impugnados,0,PROVISORIO,2023_BALOTAJE_santafe_presidente_mesa.csv
2023,BALOTAJE,2023-11-19,PRESIDENTE Y VICE,21,Santa Fe,12,9 de Julio,02890,,LA LIBERTAD AVANZA,agrupacion,718,PROVISORIO,2023_BALOTAJE_santafe_presidente_mesa.csv
2023,BALOTAJE,2023-11-19,PRESIDENTE Y VICE,21,Santa Fe,12,9 de Julio,02890,,NULO,nulos,3,PROVISORIO,2023_BALOTAJE_santafe_presidente_mesa.csv
2023,BALOTAJE,2023-11-19,PRESIDENTE Y VICE,21,Santa Fe,12,9 de Julio,02890,,RECURRIDO,recurridos,0,PROVISORIO,2023_BALOTAJE_santafe_presidente_mesa.csv
2023,BALOTAJE,2023-11-19,PRESIDENTE Y VICE,21,Santa Fe,12,9 de Julio,02890,,UNION POR LA PATRIA,agrupacion,415,PROVISORIO,2023_BALOTAJE_santafe_presidente_mesa.csv
2023,BALOTAJE,2023-11-19,PRESIDENTE Y VICE,21,Santa Fe,12,9 de Julio,02900,,EN BLANCO,blancos,4,PROVISORIO,2023_BALOTAJE_santafe_presidente_mesa.csv
2023,BALOTAJE,2023-11-19,PRESIDENTE Y VICE,21,Santa Fe,12,9 de Julio,02900,,IMPUGNADO,impugnados,0,PROVISORIO,2023_BALOTAJE_santafe_presidente_mesa.csv
2023,BALOTAJE,2023-11-19,PRESIDENTE Y VICE,21,Santa Fe,12,9 de Julio,02900,,LA LIBERTAD AVANZA,agrupacion,95,PROVISORIO,2023_BALOTAJE_santafe_presidente_mesa.csv
2023,BALOTAJE,2023-11-19,PRESIDENTE Y VICE,21,Santa Fe,12,9 de Julio,02900,,NULO,nulos,0,PROVISORIO,2023_BALOTAJE_santafe_presidente_mesa.csv
2023,BALOTAJE,2023-11-19,PRESIDENTE Y VICE,21,Santa Fe,12,9 de Julio,02900,,RECURRIDO,recurridos,0,PROVISORIO,2023_BALOTAJE_santafe_presidente_mesa.csv
2023,BALOTAJE,2023-11-19,PRESIDENTE Y VICE,21,Santa Fe,12,9 de Julio,02900,,UNION POR LA PATRIA,agrupacion,50,PROVISORIO,2023_BALOTAJE_santafe_presidente_mesa.csv
2023,BALOTAJE,2023-11-19,PRESIDENTE Y VICE,21,Santa Fe,12,9 de Julio,02910,,EN BLANCO,blancos,33,PROVISORIO,2023_BALOTAJE_santafe_presidente_mesa.csv
2023,BALOTAJE,2023-11-19,PRESIDENTE Y VICE,21,Santa Fe,12,9 de Julio,02910,,IMPUGNADO,impugnados,0,PROVISORIO,2023_BALOTAJE_santafe_presidente_mesa.csv
2023,BALOTAJE,2023-11-19,PRESIDENTE Y VICE,21,Santa Fe,12,9 de Julio,02910,,LA LIBERTAD AVANZA,agrupacion,2583,PROVISORIO,2023_BALOTAJE_santafe_presidente_mesa.csv
2023,BALOTAJE,2023-11-19,PRESIDENTE Y VICE,21,Santa Fe,12,9 de Julio,02910,,NULO,nulos,31,PROVISORIO,2023_BALOTAJE_santafe_presidente_mesa.csv
2023,BALOTAJE,2023-11-19,PRESIDENTE Y VICE,21,Santa Fe,12,9 de Julio,02910,,RECURRIDO,recurridos,1,PROVISORIO,2023_BALOTAJE_santafe_presidente_mesa.csv
2023,BALOTAJE,2023-11-19,PRESIDENTE Y VICE,21,Santa Fe,12,9 de Julio,02910,,UNION POR LA PATRIA,agrupacion,1211,PROVISORIO,2023_BALOTAJE_santafe_presidente_mesa.csv
2023,BALOTAJE,2023-11-19,PRESIDENTE Y VICE,21,Santa Fe,12,9 de Julio,02920,,EN BLANCO,blancos,1,PROVISORIO,2023_BALOTAJE_santafe_presidente_mesa.csv
2023,BALOTAJE,2023-11-19,PRESIDENTE Y VICE,21,Santa Fe,12,9 de Julio,02920,,IMPUGNADO,impugnados,0,PROVISORIO,2023_BALOTAJE_santafe_presidente_mesa.csv
2023,BALOTAJE,2023-11-19,PRESIDENTE Y VICE,21,Santa Fe,12,9 de Julio,02920,,LA LIBERTAD AVANZA,agrupacion,179,PROVISORIO,2023_BALOTAJE_santafe_presidente_mesa.csv
2023,BALOTAJE,2023-11-19,PRESIDENTE Y VICE,21,Santa Fe,12,9 de Julio,02920,,NULO,nulos,7,PROVISORIO,2023_BALOTAJE_santafe_presidente_mesa.csv
2023,BALOTAJE,2023-11-19,PRESIDENTE Y VICE,21,Santa Fe,12,9 de Julio,02920,,RECURRIDO,recurridos,0,PROVISORIO,2023_BALOTAJE_santafe_presidente_mesa.csv
2023,BALOTAJE,2023-11-19,PRESIDENTE Y VICE,21,Santa Fe,12,9 de Julio,02920,,UNION POR LA PATRIA,agrupacion,231,PROVISORIO,2023_BALOTAJE_santafe_presidente_mesa.csv
2023,BALOTAJE,2023-11-19,PRESIDENTE Y VICE,21,Santa Fe,12,9 de Julio,02930,,EN BLANCO,blancos,2,PROVISORIO,2023_BALOTAJE_santafe_presidente_mesa.csv
2023,BALOTAJE,2023-11-19,PRESIDENTE Y VICE,21,Santa Fe,12,9 de Julio,02930,,IMPUGNADO,impugnados,0,PROVISORIO,2023_BALOTAJE_santafe_presidente_mesa.csv
2023,BALOTAJE,2023-11-19,PRESIDENTE Y VICE,21,Santa Fe,12,9 de Julio,02930,,LA LIBERTAD AVANZA,agrupacion,442,PROVISORIO,2023_BALOTAJE_santafe_presidente_mesa.csv
2023,BALOTAJE,2023-11-19,PRESIDENTE Y VICE,21,Santa Fe,12,9 de Julio,02930,,NULO,nulos,9,PROVISORIO,2023_BALOTAJE_santafe_presidente_mesa.csv
2023,BALOTAJE,2023-11-19,PRESIDENTE Y VICE,21,Santa Fe,12,9 de Julio,02930,,RECURRIDO,recurridos,0,PROVISORIO,2023_BALOTAJE_santafe_presidente_mesa.csv
2023,BALOTAJE,2023-11-19,PRESIDENTE Y VICE,21,Santa Fe,12,9 de Julio,02930,,UNION POR LA PATRIA,agrupacion,249,PROVISORIO,2023_BALOTAJE_santafe_presidente_mesa.csv
2023,BALOTAJE,2023-11-19,PRESIDENTE Y VICE,21,Santa Fe,12,9 de Julio,02940,,EN BLANCO,blancos,0,PROVISORIO,2023_BALOTAJE_santafe_presidente_mesa.csv
2023,BALOTAJE,2023-11-19,PRESIDENTE Y VICE,21,Santa Fe,12,9 de Julio,02940,,IMPUGNADO,impugnados,0,PROVISORIO,2023_BALOTAJE_santafe_presidente_mesa.csv
2023,BALOTAJE,2023-11-19,PRESIDENTE Y VICE,21,Santa Fe,12,9 de Julio,02940,,LA LIBERTAD AVANZA,agrupacion,51,PROVISORIO,2023_BALOTAJE_santafe_presidente_mesa.csv
2023,BALOTAJE,2023-11-19,PRESIDENTE Y VICE,21,Santa Fe,12,9 de Julio,02940,,NULO,nulos,0,PROVISORIO,2023_BALOTAJE_santafe_presidente_mesa.csv
2023,BALOTAJE,2023-11-19,PRESIDENTE Y VICE,21,Santa Fe,12,9 de Julio,02940,,RECURRIDO,recurridos,0,PROVISORIO,2023_BALOTAJE_santafe_presidente_mesa.csv
2023,BALOTAJE,2023-11-19,PRESIDENTE Y VICE,21,Santa Fe,12,9 de Julio,02940,,UNION POR LA PATRIA,agrupacion,17,PROVISORIO,2023_BALOTAJE_santafe_presidente_mesa.csv
2023,BALOTAJE,2023-11-19,PRESIDENTE Y VICE,21,Santa Fe,13,Rosario,03010,,EN BLANCO,blancos,105,PROVISORIO,2023_BALOTAJE_santafe_presidente_mesa.csv
2023,BALOTAJE,2023-11-19,PRESIDENTE Y VICE,21,Santa Fe,13,Rosario,03010,,IMPUGNADO,impugnados,0,PROVISORIO,2023_BALOTAJE_santafe_presidente_mesa.csv
2023,BALOTAJE,2023-11-19,PRESIDENTE Y VICE,21,Santa Fe,13,Rosario,03010,,LA LIBERTAD AVANZA,agrupacion,2530,PROVISORIO,2023_BALOTAJE_santafe_presidente_mesa.csv
2023,BALOTAJE,2023-11-19,PRESIDENTE Y VICE,21,Santa Fe,13,Rosario,03010,,NULO,nulos,87,PROVISORIO,2023_BALOTAJE_santafe_presidente_mesa.csv
2023,BALOTAJE,2023-11-19,PRESIDENTE Y VICE,21,Santa Fe,13,Rosario,03010,,RECURRIDO,recurridos,1,PROVISORIO,2023_BALOTAJE_santafe_presidente_mesa.csv
2023,BALOTAJE,2023-11-19,PRESIDENTE Y VICE,21,Santa Fe,13,Rosario,03010,,UNION POR LA PATRIA,agrupacion,1453,PROVISORIO,2023_BALOTAJE_santafe_presidente_mesa.csv
2023,BALOTAJE,2023-11-19,PRESIDENTE Y VICE,21,Santa Fe,13,Rosario,03015,,EN BLANCO,blancos,172,PROVISORIO,2023_BALOTAJE_santafe_presidente_mesa.csv
2023,BALOTAJE,2023-11-19,PRESIDENTE Y VICE,21,Santa Fe,13,Rosario,03015,,IMPUGNADO,impugnados,0,PROVISORIO,2023_BALOTAJE_santafe_presidente_mesa.csv
2023,BALOTAJE,2023-11-19,PRESIDENTE Y VICE,21,Santa Fe,13,Rosario,03015,,LA LIBERTAD AVANZA,agrupacion,3239,PROVISORIO,2023_BALOTAJE_santafe_presidente_mesa.csv
2023,BALOTAJE,2023-11-19,PRESIDENTE Y VICE,21,Santa Fe,13,Rosario,03015,,NULO,nulos,153,PROVISORIO,2023_BALOTAJE_santafe_presidente_mesa.csv
2023,BALOTAJE,2023-11-19,PRESIDENTE Y VICE,21,Santa Fe,13,Rosario,03015,,RECURRIDO,recurridos,2,PROVISORIO,2023_BALOTAJE_santafe_presidente_mesa.csv
2023,BALOTAJE,2023-11-19,PRESIDENTE Y VICE,21,Santa Fe,13,Rosario,03015,,UNION POR LA PATRIA,agrupacion,1979,PROVISORIO,2023_BALOTAJE_santafe_presidente_mesa.csv
2023,BALOTAJE,2023-11-19,PRESIDENTE Y VICE,21,Santa Fe,13,Rosario,03020,,EN BLANCO,blancos,79,PROVISORIO,2023_BALOTAJE_santafe_presidente_mesa.csv
2023,BALOTAJE,2023-11-19,PRESIDENTE Y VICE,21,Santa Fe,13,Rosario,03020,,IMPUGNADO,impugnados,0,PROVISORIO,2023_BALOTAJE_santafe_presidente_mesa.csv
2023,BALOTAJE,2023-11-19,PRESIDENTE Y VICE,21,Santa Fe,13,Rosario,03020,,LA LIBERTAD AVANZA,agrupacion,1992,PROVISORIO,2023_BALOTAJE_santafe_presidente_mesa.csv
2023,BALOTAJE,2023-11-19,PRESIDENTE Y VICE,21,Santa Fe,13,Rosario,03020,,NULO,nulos,53,PROVISORIO,2023_BALOTAJE_santafe_presidente_mesa.csv
2023,BALOTAJE,2023-11-19,PRESIDENTE Y VICE,21,Santa Fe,13,Rosario,03020,,RECURRIDO,recurridos,0,PROVISORIO,2023_BALOTAJE_santafe_presidente_mesa.csv
2023,BALOTAJE,2023-11-19,PRESIDENTE Y VICE,21,Santa Fe,13,Rosario,03020,,UNION POR LA PATRIA,agrupacion,919,PROVISORIO,2023_BALOTAJE_santafe_presidente_mesa.csv
2023,BALOTAJE,2023-11-19,PRESIDENTE Y VICE,21,Santa Fe,13,Rosario,03025,,EN BLANCO,blancos,121,PROVISORIO,2023_BALOTAJE_santafe_presidente_mesa.csv
2023,BALOTAJE,2023-11-19,PRESIDENTE Y VICE,21,Santa Fe,13,Rosario,03025,,IMPUGNADO,impugnados,0,PROVISORIO,2023_BALOTAJE_santafe_presidente_mesa.csv
2023,BALOTAJE,2023-11-19,PRESIDENTE Y VICE,21,Santa Fe,13,Rosario,03025,,LA LIBERTAD AVANZA,agrupacion,1997,PROVISORIO,2023_BALOTAJE_santafe_presidente_mesa.csv
2023,BALOTAJE,2023-11-19,PRESIDENTE Y VICE,21,Santa Fe,13,Rosario,03025,,NULO,nulos,99,PROVISORIO,2023_BALOTAJE_santafe_presidente_mesa.csv
2023,BALOTAJE,2023-11-19,PRESIDENTE Y VICE,21,Santa Fe,13,Rosario,03025,,RECURRIDO,recurridos,1,PROVISORIO,2023_BALOTAJE_santafe_presidente_mesa.csv
2023,BALOTAJE,2023-11-19,PRESIDENTE Y VICE,21,Santa Fe,13,Rosario,03025,,UNION POR LA PATRIA,agrupacion,1385,PROVISORIO,2023_BALOTAJE_santafe_presidente_mesa.csv
2023,BALOTAJE,2023-11-19,PRESIDENTE Y VICE,21,Santa Fe,13,Rosario,03030,,EN BLANCO,blancos,109,PROVISORIO,2023_BALOTAJE_santafe_presidente_mesa.csv
2023,BALOTAJE,2023-11-19,PRESIDENTE Y VICE,21,Santa Fe,13,Rosario,03030,,IMPUGNADO,impugnados,2,PROVISORIO,2023_BALOTAJE_santafe_presidente_mesa.csv
2023,BALOTAJE,2023-11-19,PRESIDENTE Y VICE,21,Santa Fe,13,Rosario,03030,,LA LIBERTAD AVANZA,agrupacion,2322,PROVISORIO,2023_BALOTAJE_santafe_presidente_mesa.csv
2023,BALOTAJE,2023-11-19,PRESIDENTE Y VICE,21,Santa Fe,13,Rosario,03030,,NULO,nulos,94,PROVISORIO,2023_BALOTAJE_santafe_presidente_mesa.csv
2023,BALOTAJE,2023-11-19,PRESIDENTE Y VICE,21,Santa Fe,13,Rosario,03030,,RECURRIDO,recurridos,0,PROVISORIO,2023_BALOTAJE_santafe_presidente_mesa.csv
2023,BALOTAJE,2023-11-19,PRESIDENTE Y VICE,21,Santa Fe,13,Rosario,03030,,UNION POR LA PATRIA,agrupacion,1149,PROVISORIO,2023_BALOTAJE_santafe_presidente_mesa.csv
2023,BALOTAJE,2023-11-19,PRESIDENTE Y VICE,21,Santa Fe,13,Rosario,03035,,EN BLANCO,blancos,100,PROVISORIO,2023_BALOTAJE_santafe_presidente_mesa.csv
2023,BALOTAJE,2023-11-19,PRESIDENTE Y VICE,21,Santa Fe,13,Rosario,03035,,IMPUGNADO,impugnados,0,PROVISORIO,2023_BALOTAJE_santafe_presidente_mesa.csv
2023,BALOTAJE,2023-11-19,PRESIDENTE Y VICE,21,Santa Fe,13,Rosario,03035,,LA LIBERTAD AVANZA,agrupacion,1865,PROVISORIO,2023_BALOTAJE_santafe_presidente_mesa.csv
2023,BALOTAJE,2023-11-19,PRESIDENTE Y VICE,21,Santa Fe,13,Rosario,03035,,NULO,nulos,50,PROVISORIO,2023_BALOTAJE_santafe_presidente_mesa.csv
2023,BALOTAJE,2023-11-19,PRESIDENTE Y VICE,21,Santa Fe,13,Rosario,03035,,RECURRIDO,recurridos,1,PROVISORIO,2023_BALOTAJE_santafe_presidente_mesa.csv
2023,BALOTAJE,2023-11-19,PRESIDENTE Y VICE,21,Santa Fe,13,Rosario,03035,,UNION POR LA PATRIA,agrupacion,1038,PROVISORIO,2023_BALOTAJE_santafe_presidente_mesa.csv
2023,BALOTAJE,2023-11-19,PRESIDENTE Y VICE,21,Santa Fe,13,Rosario,03040,,EN BLANCO,blancos,149,PROVISORIO,2023_BALOTAJE_santafe_presidente_mesa.csv
2023,BALOTAJE,2023-11-19,PRESIDENTE Y VICE,21,Santa Fe,13,Rosario,03040,,IMPUGNADO,impugnados,0,PROVISORIO,2023_BALOTAJE_santafe_presidente_mesa.csv
2023,BALOTAJE,2023-11-19,PRESIDENTE Y VICE,21,Santa Fe,13,Rosario,03040,,LA LIBERTAD AVANZA,agrupacion,2783,PROVISORIO,2023_BALOTAJE_santafe_presidente_mesa.csv
2023,BALOTAJE,2023-11-19,PRESIDENTE Y VICE,21,Santa Fe,13,Rosario,03040,,NULO,nulos,114,PROVISORIO,2023_BALOTAJE_santafe_presidente_mesa.csv
2023,BALOTAJE,2023-11-19,PRESIDENTE Y VICE,21,Santa Fe,13,Rosario,03040,,RECURRIDO,recurridos,1,PROVISORIO,2023_BALOTAJE_santafe_presidente_mesa.csv
2023,BALOTAJE,2023-11-19,PRESIDENTE Y VICE,21,Santa Fe,13,Rosario,03040,,UNION POR LA PATRIA,agrupacion,1557,PROVISORIO,2023_BALOTAJE_santafe_presidente_mesa.csv
2023,BALOTAJE,2023-11-19,PRESIDENTE Y VICE,21,Santa Fe,13,Rosario,03045,,EN BLANCO,blancos,102,PROVISORIO,2023_BALOTAJE_santafe_presidente_mesa.csv
2023,BALOTAJE,2023-11-19,PRESIDENTE Y VICE,21,Santa Fe,13,Rosario,03045,,IMPUGNADO,impugnados,0,PROVISORIO,2023_BALOTAJE_santafe_presidente_mesa.csv
2023,BALOTAJE,2023-11-19,PRESIDENTE Y VICE,21,Santa Fe,13,Rosario,03045,,LA LIBERTAD AVANZA,agrupacion,1979,PROVISORIO,2023_BALOTAJE_santafe_presidente_mesa.csv
2023,BALOTAJE,2023-11-19,PRESIDENTE Y VICE,21,Santa Fe,13,Rosario,03045,,NULO,nulos,60,PROVISORIO,2023_BALOTAJE_santafe_presidente_mesa.csv
2023,BALOTAJE,2023-11-19,PRESIDENTE Y VICE,21,Santa Fe,13,Rosario,03045,,RECURRIDO,recurridos,0,PROVISORIO,2023_BALOTAJE_santafe_presidente_mesa.csv
2023,BALOTAJE,2023-11-19,PRESIDENTE Y VICE,21,Santa Fe,13,Rosario,03045,,UNION POR LA PATRIA,agrupacion,925,PROVISORIO,2023_BALOTAJE_santafe_presidente_mesa.csv
2023,BALOTAJE,2023-11-19,PRESIDENTE Y VICE,21,Santa Fe,13,Rosario,03050,,EN BLANCO,blancos,27,PROVISORIO,2023_BALOTAJE_santafe_presidente_mesa.csv
2023,BALOTAJE,2023-11-19,PRESIDENTE Y VICE,21,Santa Fe,13,Rosario,03050,,IMPUGNADO,impugnados,0,PROVISORIO,2023_BALOTAJE_santafe_presidente_mesa.csv
2023,BALOTAJE,2023-11-19,PRESIDENTE Y VICE,21,Santa Fe,13,Rosario,03050,,LA LIBERTAD AVANZA,agrupacion,1176,PROVISORIO,2023_BALOTAJE_santafe_presidente_mesa.csv
2023,BALOTAJE,2023-11-19,PRESIDENTE Y VICE,21,Santa Fe,13,Rosario,03050,,NULO,nulos,39,PROVISORIO,2023_BALOTAJE_santafe_presidente_mesa.csv
2023,BALOTAJE,2023-11-19,PRESIDENTE Y VICE,21,Santa Fe,13,Rosario,03050,,RECURRIDO,recurridos,2,PROVISORIO,2023_BALOTAJE_santafe_presidente_mesa.csv
2023,BALOTAJE,2023-11-19,PRESIDENTE Y VICE,21,Santa Fe,13,Rosario,03050,,UNION POR LA PATRIA,agrupacion,577,PROVISORIO,2023_BALOTAJE_santafe_presidente_mesa.csv
2023,BALOTAJE,2023-11-19,PRESIDENTE Y VICE,21,Santa Fe,13,Rosario,03055,,EN BLANCO,blancos,42,PROVISORIO,2023_BALOTAJE_santafe_presidente_mesa.csv
2023,BALOTAJE,2023-11-19,PRESIDENTE Y VICE,21,Santa Fe,13,Rosario,03055,,IMPUGNADO,impugnados,0,PROVISORIO,2023_BALOTAJE_santafe_presidente_mesa.csv
2023,BALOTAJE,2023-11-19,PRESIDENTE Y VICE,21,Santa Fe,13,Rosario,03055,,LA LIBERTAD AVANZA,agrupacion,948,PROVISORIO,2023_BALOTAJE_santafe_presidente_mesa.csv
2023,BALOTAJE,2023-11-19,PRESIDENTE Y VICE,21,Santa Fe,13,Rosario,03055,,NULO,nulos,55,PROVISORIO,2023_BALOTAJE_santafe_presidente_mesa.csv
2023,BALOTAJE,2023-11-19,PRESIDENTE Y VICE,21,Santa Fe,13,Rosario,03055,,RECURRIDO,recurridos,1,PROVISORIO,2023_BALOTAJE_santafe_presidente_mesa.csv
2023,BALOTAJE,2023-11-19,PRESIDENTE Y VICE,21,Santa Fe,13,Rosario,03055,,UNION POR LA PATRIA,agrupacion,543,PROVISORIO,2023_BALOTAJE_santafe_presidente_mesa.csv
2023,BALOTAJE,2023-11-19,PRESIDENTE Y VICE,21,Santa Fe,13,Rosario,03060,,EN BLANCO,blancos,42,PROVISORIO,2023_BALOTAJE_santafe_presidente_mesa.csv
2023,BALOTAJE,2023-11-19,PRESIDENTE Y VICE,21,Santa Fe,13,Rosario,03060,,IMPUGNADO,impugnados,0,PROVISORIO,2023_BALOTAJE_santafe_presidente_mesa.csv
2023,BALOTAJE,2023-11-19,PRESIDENTE Y VICE,21,Santa Fe,13,Rosario,03060,,LA LIBERTAD AVANZA,agrupacion,922,PROVISORIO,2023_BALOTAJE_santafe_presidente_mesa.csv
2023,BALOTAJE,2023-11-19,PRESIDENTE Y VICE,21,Santa Fe,13,Rosario,03060,,NULO,nulos,33,PROVISORIO,2023_BALOTAJE_santafe_presidente_mesa.csv
2023,BALOTAJE,2023-11-19,PRESIDENTE Y VICE,21,Santa Fe,13,Rosario,03060,,RECURRIDO,recurridos,0,PROVISORIO,2023_BALOTAJE_santafe_presidente_mesa.csv
2023,BALOTAJE,2023-11-19,PRESIDENTE Y VICE,21,Santa Fe,13,Rosario,03060,,UNION POR LA PATRIA,agrupacion,549,PROVISORIO,2023_BALOTAJE_santafe_presidente_mesa.csv
2023,BALOTAJE,2023-11-19,PRESIDENTE Y VICE,21,Santa Fe,13,Rosario,03065,,EN BLANCO,blancos,97,PROVISORIO,2023_BALOTAJE_santafe_presidente_mesa.csv
2023,BALOTAJE,2023-11-19,PRESIDENTE Y VICE,21,Santa Fe,13,Rosario,03065,,IMPUGNADO,impugnados,0,PROVISORIO,2023_BALOTAJE_santafe_presidente_mesa.csv
2023,BALOTAJE,2023-11-19,PRESIDENTE Y VICE,21,Santa Fe,13,Rosario,03065,,LA LIBERTAD AVANZA,agrupacion,1990,PROVISORIO,2023_BALOTAJE_santafe_presidente_mesa.csv
2023,BALOTAJE,2023-11-19,PRESIDENTE Y VICE,21,Santa Fe,13,Rosario,03065,,NULO,nulos,92,PROVISORIO,2023_BALOTAJE_santafe_presidente_mesa.csv
2023,BALOTAJE,2023-11-19,PRESIDENTE Y VICE,21,Santa Fe,13,Rosario,03065,,RECURRIDO,recurridos,2,PROVISORIO,2023_BALOTAJE_santafe_presidente_mesa.csv
2023,BALOTAJE,2023-11-19,PRESIDENTE Y VICE,21,Santa Fe,13,Rosario,03065,,UNION POR LA PATRIA,agrupacion,1322,PROVISORIO,2023_BALOTAJE_santafe_presidente_mesa.csv
2023,BALOTAJE,2023-11-19,PRESIDENTE Y VICE,21,Santa Fe,13,Rosario,03070,,EN BLANCO,blancos,107,PROVISORIO,2023_BALOTAJE_santafe_presidente_mesa.csv
2023,BALOTAJE,2023-11-19,PRESIDENTE Y VICE,21,Santa Fe,13,Rosario,03070,,IMPUGNADO,impugnados,0,PROVISORIO,2023_BALOTAJE_santafe_presidente_mesa.csv
2023,BALOTAJE,2023-11-19,PRESIDENTE Y VICE,21,Santa Fe,13,Rosario,03070,,LA LIBERTAD AVANZA,agrupacion,2068,PROVISORIO,2023_BALOTAJE_santafe_presidente_mesa.csv
2023,BALOTAJE,2023-11-19,PRESIDENTE Y VICE,21,Santa Fe,13,Rosario,03070,,NULO,nulos,109,PROVISORIO,2023_BALOTAJE_santafe_presidente_mesa.csv
2023,BALOTAJE,2023-11-19,PRESIDENTE Y VICE,21,Santa Fe,13,Rosario,03070,,RECURRIDO,recurridos,1,PROVISORIO,2023_BALOTAJE_santafe_presidente_mesa.csv
2023,BALOTAJE,2023-11-19,PRESIDENTE Y VICE,21,Santa Fe,13,Rosario,03070,,UNION POR LA PATRIA,agrupacion,1329,PROVISORIO,2023_BALOTAJE_santafe_presidente_mesa.csv
2023,BALOTAJE,2023-11-19,PRESIDENTE Y VICE,21,Santa Fe,13,Rosario,03075,,EN BLANCO,blancos,93,PROVISORIO,2023_BALOTAJE_santafe_presidente_mesa.csv
2023,BALOTAJE,2023-11-19,PRESIDENTE Y VICE,21,Santa Fe,13,Rosario,03075,,IMPUGNADO,impugnados,0,PROVISORIO,2023_BALOTAJE_santafe_presidente_mesa.csv
2023,BALOTAJE,2023-11-19,PRESIDENTE Y VICE,21,Santa Fe,13,Rosario,03075,,LA LIBERTAD AVANZA,agrupacion,1936,PROVISORIO,2023_BALOTAJE_santafe_presidente_mesa.csv
2023,BALOTAJE,2023-11-19,PRESIDENTE Y VICE,21,Santa Fe,13,Rosario,03075,,NULO,nulos,85,PROVISORIO,2023_BALOTAJE_santafe_presidente_mesa.csv
2023,BALOTAJE,2023-11-19,PRESIDENTE Y VICE,21,Santa Fe,13,Rosario,03075,,RECURRIDO,recurridos,1,PROVISORIO,2023_BALOTAJE_santafe_presidente_mesa.csv
2023,BALOTAJE,2023-11-19,PRESIDENTE Y VICE,21,Santa Fe,13,Rosario,03075,,UNION POR LA PATRIA,agrupacion,1053,PROVISORIO,2023_BALOTAJE_santafe_presidente_mesa.csv
2023,BALOTAJE,2023-11-19,PRESIDENTE Y VICE,21,Santa Fe,13,Rosario,03080,,EN BLANCO,blancos,90,PROVISORIO,2023_BALOTAJE_santafe_presidente_mesa.csv
2023,BALOTAJE,2023-11-19,PRESIDENTE Y VICE,21,Santa Fe,13,Rosario,03080,,IMPUGNADO,impugnados,0,PROVISORIO,2023_BALOTAJE_santafe_presidente_mesa.csv
2023,BALOTAJE,2023-11-19,PRESIDENTE Y VICE,21,Santa Fe,13,Rosario,03080,,LA LIBERTAD AVANZA,agrupacion,1667,PROVISORIO,2023_BALOTAJE_santafe_presidente_mesa.csv
2023,BALOTAJE,2023-11-19,PRESIDENTE Y VICE,21,Santa Fe,13,Rosario,03080,,NULO,nulos,54,PROVISORIO,2023_BALOTAJE_santafe_presidente_mesa.csv
2023,BALOTAJE,2023-11-19,PRESIDENTE Y VICE,21,Santa Fe,13,Rosario,03080,,RECURRIDO,recurridos,0,PROVISORIO,2023_BALOTAJE_santafe_presidente_mesa.csv
2023,BALOTAJE,2023-11-19,PRESIDENTE Y VICE,21,Santa Fe,13,Rosario,03080,,UNION POR LA PATRIA,agrupacion,886,PROVISORIO,2023_BALOTAJE_santafe_presidente_mesa.csv
2023,BALOTAJE,2023-11-19,PRESIDENTE Y VICE,21,Santa Fe,13,Rosario,03085,,EN BLANCO,blancos,166,PROVISORIO,2023_BALOTAJE_santafe_presidente_mesa.csv
2023,BALOTAJE,2023-11-19,PRESIDENTE Y VICE,21,Santa Fe,13,Rosario,03085,,IMPUGNADO,impugnados,0,PROVISORIO,2023_BALOTAJE_santafe_presidente_mesa.csv
2023,BALOTAJE,2023-11-19,PRESIDENTE Y VICE,21,Santa Fe,13,Rosario,03085,,LA LIBERTAD AVANZA,agrupacion,2996,PROVISORIO,2023_BALOTAJE_santafe_presidente_mesa.csv
2023,BALOTAJE,2023-11-19,PRESIDENTE Y VICE,21,Santa Fe,13,Rosario,03085,,NULO,nulos,78,PROVISORIO,2023_BALOTAJE_santafe_presidente_mesa.csv
2023,BALOTAJE,2023-11-19,PRESIDENTE Y VICE,21,Santa Fe,13,Rosario,03085,,RECURRIDO,recurridos,7,PROVISORIO,2023_BALOTAJE_santafe_presidente_mesa.csv
2023,BALOTAJE,2023-11-19,PRESIDENTE Y VICE,21,Santa Fe,13,Rosario,03085,,UNION POR LA PATRIA,agrupacion,1577,PROVISORIO,2023_BALOTAJE_santafe_presidente_mesa.csv
2023,BALOTAJE,2023-11-19,PRESIDENTE Y VICE,21,Santa Fe,13,Rosario,03090,,EN BLANCO,blancos,110,PROVISORIO,2023_BALOTAJE_santafe_presidente_mesa.csv
2023,BALOTAJE,2023-11-19,PRESIDENTE Y VICE,21,Santa Fe,13,Rosario,03090,,IMPUGNADO,impugnados,0,PROVISORIO,2023_BALOTAJE_santafe_presidente_mesa.csv
2023,BALOTAJE,2023-11-19,PRESIDENTE Y VICE,21,Santa Fe,13,Rosario,03090,,LA LIBERTAD AVANZA,agrupacion,2633,PROVISORIO,2023_BALOTAJE_santafe_presidente_mesa.csv
2023,BALOTAJE,2023-11-19,PRESIDENTE Y VICE,21,Santa Fe,13,Rosario,03090,,NULO,nulos,63,PROVISORIO,2023_BALOTAJE_santafe_presidente_mesa.csv
2023,BALOTAJE,2023-11-19,PRESIDENTE Y VICE,21,Santa Fe,13,Rosario,03090,,RECURRIDO,recurridos,0,PROVISORIO,2023_BALOTAJE_santafe_presidente_mesa.csv
2023,BALOTAJE,2023-11-19,PRESIDENTE Y VICE,21,Santa Fe,13,Rosario,03090,,UNION POR LA PATRIA,agrupacion,1377,PROVISORIO,2023_BALOTAJE_santafe_presidente_mesa.csv
2023,BALOTAJE,2023-11-19,PRESIDENTE Y VICE,21,Santa Fe,13,Rosario,03095,,EN BLANCO,blancos,128,PROVISORIO,2023_BALOTAJE_santafe_presidente_mesa.csv
2023,BALOTAJE,2023-11-19,PRESIDENTE Y VICE,21,Santa Fe,13,Rosario,03095,,IMPUGNADO,impugnados,0,PROVISORIO,2023_BALOTAJE_santafe_presidente_mesa.csv
2023,BALOTAJE,2023-11-19,PRESIDENTE Y VICE,21,Santa Fe,13,Rosario,03095,,LA LIBERTAD AVANZA,agrupacion,2520,PROVISORIO,2023_BALOTAJE_santafe_presidente_mesa.csv
2023,BALOTAJE,2023-11-19,PRESIDENTE Y VICE,21,Santa Fe,13,Rosario,03095,,NULO,nulos,113,PROVISORIO,2023_BALOTAJE_santafe_presidente_mesa.csv
2023,BALOTAJE,2023-11-19,PRESIDENTE Y VICE,21,Santa Fe,13,Rosario,03095,,RECURRIDO,recurridos,1,PROVISORIO,2023_BALOTAJE_santafe_presidente_mesa.csv
2023,BALOTAJE,2023-11-19,PRESIDENTE Y VICE,21,Santa Fe,13,Rosario,03095,,UNION POR LA PATRIA,agrupacion,1462,PROVISORIO,2023_BALOTAJE_santafe_presidente_mesa.csv
2023,BALOTAJE,2023-11-19,PRESIDENTE Y VICE,21,Santa Fe,13,Rosario,03100,,EN BLANCO,blancos,89,PROVISORIO,2023_BALOTAJE_santafe_presidente_mesa.csv
2023,BALOTAJE,2023-11-19,PRESIDENTE Y VICE,21,Santa Fe,13,Rosario,03100,,IMPUGNADO,impugnados,0,PROVISORIO,2023_BALOTAJE_santafe_presidente_mesa.csv
2023,BALOTAJE,2023-11-19,PRESIDENTE Y VICE,21,Santa Fe,13,Rosario,03100,,LA LIBERTAD AVANZA,agrupacion,1832,PROVISORIO,2023_BALOTAJE_santafe_presidente_mesa.csv
2023,BALOTAJE,2023-11-19,PRESIDENTE Y VICE,21,Santa Fe,13,Rosario,03100,,NULO,nulos,56,PROVISORIO,2023_BALOTAJE_santafe_presidente_mesa.csv
2023,BALOTAJE,2023-11-19,PRESIDENTE Y VICE,21,Santa Fe,13,Rosario,03100,,RECURRIDO,recurridos,0,PROVISORIO,2023_BALOTAJE_santafe_presidente_mesa.csv
2023,BALOTAJE,2023-11-19,PRESIDENTE Y VICE,21,Santa Fe,13,Rosario,03100,,UNION POR LA PATRIA,agrupacion,1025,PROVISORIO,2023_BALOTAJE_santafe_presidente_mesa.csv
2023,BALOTAJE,2023-11-19,PRESIDENTE Y VICE,21,Santa Fe,13,Rosario,03105,,EN BLANCO,blancos,125,PROVISORIO,2023_BALOTAJE_santafe_presidente_mesa.csv
2023,BALOTAJE,2023-11-19,PRESIDENTE Y VICE,21,Santa Fe,13,Rosario,03105,,IMPUGNADO,impugnados,0,PROVISORIO,2023_BALOTAJE_santafe_presidente_mesa.csv
2023,BALOTAJE,2023-11-19,PRESIDENTE Y VICE,21,Santa Fe,13,Rosario,03105,,LA LIBERTAD AVANZA,agrupacion,2609,PROVISORIO,2023_BALOTAJE_santafe_presidente_mesa.csv
2023,BALOTAJE,2023-11-19,PRESIDENTE Y VICE,21,Santa Fe,13,Rosario,03105,,NULO,nulos,83,PROVISORIO,2023_BALOTAJE_santafe_presidente_mesa.csv
2023,BALOTAJE,2023-11-19,PRESIDENTE Y VICE,21,Santa Fe,13,Rosario,03105,,RECURRIDO,recurridos,0,PROVISORIO,2023_BALOTAJE_santafe_presidente_mesa.csv
2023,BALOTAJE,2023-11-19,PRESIDENTE Y VICE,21,Santa Fe,13,Rosario,03105,,UNION POR LA PATRIA,agrupacion,1273,PROVISORIO,2023_BALOTAJE_santafe_presidente_mesa.csv
2023,BALOTAJE,2023-11-19,PRESIDENTE Y VICE,21,Santa Fe,13,Rosario,03110,,EN BLANCO,blancos,106,PROVISORIO,2023_BALOTAJE_santafe_presidente_mesa.csv
2023,BALOTAJE,2023-11-19,PRESIDENTE Y VICE,21,Santa Fe,13,Rosario,03110,,IMPUGNADO,impugnados,0,PROVISORIO,2023_BALOTAJE_santafe_presidente_mesa.csv
2023,BALOTAJE,2023-11-19,PRESIDENTE Y VICE,21,Santa Fe,13,Rosario,03110,,LA LIBERTAD AVANZA,agrupacion,2048,PROVISORIO,2023_BALOTAJE_santafe_presidente_mesa.csv
2023,BALOTAJE,2023-11-19,PRESIDENTE Y VICE,21,Santa Fe,13,Rosario,03110,,NULO,nulos,64,PROVISORIO,2023_BALOTAJE_santafe_presidente_mesa.csv
2023,BALOTAJE,2023-11-19,PRESIDENTE Y VICE,21,Santa Fe,13,Rosario,03110,,RECURRIDO,recurridos,5,PROVISORIO,2023_BALOTAJE_santafe_presidente_mesa.csv
2023,BALOTAJE,2023-11-19,PRESIDENTE Y VICE,21,Santa Fe,13,Rosario,03110,,UNION POR LA PATRIA,agrupacion,1045,PROVISORIO,2023_BALOTAJE_santafe_presidente_mesa.csv
2023,BALOTAJE,2023-11-19,PRESIDENTE Y VICE,21,Santa Fe,13,Rosario,03115,,EN BLANCO,blancos,78,PROVISORIO,2023_BALOTAJE_santafe_presidente_mesa.csv
2023,BALOTAJE,2023-11-19,PRESIDENTE Y VICE,21,Santa Fe,13,Rosario,03115,,IMPUGNADO,impugnados,0,PROVISORIO,2023_BALOTAJE_santafe_presidente_mesa.csv
2023,BALOTAJE,2023-11-19,PRESIDENTE Y VICE,21,Santa Fe,13,Rosario,03115,,LA LIBERTAD AVANZA,agrupacion,1444,PROVISORIO,2023_BALOTAJE_santafe_presidente_mesa.csv
2023,BALOTAJE,2023-11-19,PRESIDENTE Y VICE,21,Santa Fe,13,Rosario,03115,,NULO,nulos,65,PROVISORIO,2023_BALOTAJE_santafe_presidente_mesa.csv
2023,BALOTAJE,2023-11-19,PRESIDENTE Y VICE,21,Santa Fe,13,Rosario,03115,,RECURRIDO,recurridos,0,PROVISORIO,2023_BALOTAJE_santafe_presidente_mesa.csv
2023,BALOTAJE,2023-11-19,PRESIDENTE Y VICE,21,Santa Fe,13,Rosario,03115,,UNION POR LA PATRIA,agrupacion,1151,PROVISORIO,2023_BALOTAJE_santafe_presidente_mesa.csv
2023,BALOTAJE,2023-11-19,PRESIDENTE Y VICE,21,Santa Fe,13,Rosario,03120,,EN BLANCO,blancos,128,PROVISORIO,2023_BALOTAJE_santafe_presidente_mesa.csv
2023,BALOTAJE,2023-11-19,PRESIDENTE Y VICE,21,Santa Fe,13,Rosario,03120,,IMPUGNADO,impugnados,1,PROVISORIO,2023_BALOTAJE_santafe_presidente_mesa.csv
2023,BALOTAJE,2023-11-19,PRESIDENTE Y VICE,21,Santa Fe,13,Rosario,03120,,LA LIBERTAD AVANZA,agrupacion,3037,PROVISORIO,2023_BALOTAJE_santafe_presidente_mesa.csv
2023,BALOTAJE,2023-11-19,PRESIDENTE Y VICE,21,Santa Fe,13,Rosario,03120,,NULO,nulos,134,PROVISORIO,2023_BALOTAJE_santafe_presidente_mesa.csv
2023,BALOTAJE,2023-11-19,PRESIDENTE Y VICE,21,Santa Fe,13,Rosario,03120,,RECURRIDO,recurridos,1,PROVISORIO,2023_BALOTAJE_santafe_presidente_mesa.csv
2023,BALOTAJE,2023-11-19,PRESIDENTE Y VICE,21,Santa Fe,13,Rosario,03120,,UNION POR LA PATRIA,agrupacion,2984,PROVISORIO,2023_BALOTAJE_santafe_presidente_mesa.csv
2023,BALOTAJE,2023-11-19,PRESIDENTE Y VICE,21,Santa Fe,13,Rosario,03125,,EN BLANCO,blancos,119,PROVISORIO,2023_BALOTAJE_santafe_presidente_mesa.csv
2023,BALOTAJE,2023-11-19,PRESIDENTE Y VICE,21,Santa Fe,13,Rosario,03125,,IMPUGNADO,impugnados,0,PROVISORIO,2023_BALOTAJE_santafe_presidente_mesa.csv
2023,BALOTAJE,2023-11-19,PRESIDENTE Y VICE,21,Santa Fe,13,Rosario,03125,,LA LIBERTAD AVANZA,agrupacion,1775,PROVISORIO,2023_BALOTAJE_santafe_presidente_mesa.csv
2023,BALOTAJE,2023-11-19,PRESIDENTE Y VICE,21,Santa Fe,13,Rosario,03125,,NULO,nulos,67,PROVISORIO,2023_BALOTAJE_santafe_presidente_mesa.csv
2023,BALOTAJE,2023-11-19,PRESIDENTE Y VICE,21,Santa Fe,13,Rosario,03125,,RECURRIDO,recurridos,0,PROVISORIO,2023_BALOTAJE_santafe_presidente_mesa.csv
2023,BALOTAJE,2023-11-19,PRESIDENTE Y VICE,21,Santa Fe,13,Rosario,03125,,UNION POR LA PATRIA,agrupacion,1149,PROVISORIO,2023_BALOTAJE_santafe_presidente_mesa.csv
2023,BALOTAJE,2023-11-19,PRESIDENTE Y VICE,21,Santa Fe,13,Rosario,03130,,EN BLANCO,blancos,93,PROVISORIO,2023_BALOTAJE_santafe_presidente_mesa.csv
2023,BALOTAJE,2023-11-19,PRESIDENTE Y VICE,21,Santa Fe,13,Rosario,03130,,IMPUGNADO,impugnados,0,PROVISORIO,2023_BALOTAJE_santafe_presidente_mesa.csv
2023,BALOTAJE,2023-11-19,PRESIDENTE Y VICE,21,Santa Fe,13,Rosario,03130,,LA LIBERTAD AVANZA,agrupacion,1655,PROVISORIO,2023_BALOTAJE_santafe_presidente_mesa.csv
2023,BALOTAJE,2023-11-19,PRESIDENTE Y VICE,21,Santa Fe,13,Rosario,03130,,NULO,nulos,82,PROVISORIO,2023_BALOTAJE_santafe_presidente_mesa.csv
2023,BALOTAJE,2023-11-19,PRESIDENTE Y VICE,21,Santa Fe,13,Rosario,03130,,RECURRIDO,recurridos,1,PROVISORIO,2023_BALOTAJE_santafe_presidente_mesa.csv
2023,BALOTAJE,2023-11-19,PRESIDENTE Y VICE,21,Santa Fe,13,Rosario,03130,,UNION POR LA PATRIA,agrupacion,1060,PROVISORIO,2023_BALOTAJE_santafe_presidente_mesa.csv
2023,BALOTAJE,2023-11-19,PRESIDENTE Y VICE,21,Santa Fe,13,Rosario,03135,,EN BLANCO,blancos,119,PROVISORIO,2023_BALOTAJE_santafe_presidente_mesa.csv
2023,BALOTAJE,2023-11-19,PRESIDENTE Y VICE,21,Santa Fe,13,Rosario,03135,,IMPUGNADO,impugnados,0,PROVISORIO,2023_BALOTAJE_santafe_presidente_mesa.csv
2023,BALOTAJE,2023-11-19,PRESIDENTE Y VICE,21,Santa Fe,13,Rosario,03135,,LA LIBERTAD AVANZA,agrupacion,2208,PROVISORIO,2023_BALOTAJE_santafe_presidente_mesa.csv
2023,BALOTAJE,2023-11-19,PRESIDENTE Y VICE,21,Santa Fe,13,Rosario,03135,,NULO,nulos,99,PROVISORIO,2023_BALOTAJE_santafe_presidente_mesa.csv
2023,BALOTAJE,2023-11-19,PRESIDENTE Y VICE,21,Santa Fe,13,Rosario,03135,,RECURRIDO,recurridos,0,PROVISORIO,2023_BALOTAJE_santafe_presidente_mesa.csv
2023,BALOTAJE,2023-11-19,PRESIDENTE Y VICE,21,Santa Fe,13,Rosario,03135,,UNION POR LA PATRIA,agrupacion,1485,PROVISORIO,2023_BALOTAJE_santafe_presidente_mesa.csv
2023,BALOTAJE,2023-11-19,PRESIDENTE Y VICE,21,Santa Fe,13,Rosario,03140,,EN BLANCO,blancos,141,PROVISORIO,2023_BALOTAJE_santafe_presidente_mesa.csv
2023,BALOTAJE,2023-11-19,PRESIDENTE Y VICE,21,Santa Fe,13,Rosario,03140,,IMPUGNADO,impugnados,0,PROVISORIO,2023_BALOTAJE_santafe_presidente_mesa.csv
2023,BALOTAJE,2023-11-19,PRESIDENTE Y VICE,21,Santa Fe,13,Rosario,03140,,LA LIBERTAD AVANZA,agrupacion,2713,PROVISORIO,2023_BALOTAJE_santafe_presidente_mesa.csv
2023,BALOTAJE,2023-11-19,PRESIDENTE Y VICE,21,Santa Fe,13,Rosario,03140,,NULO,nulos,99,PROVISORIO,2023_BALOTAJE_santafe_presidente_mesa.csv
2023,BALOTAJE,2023-11-19,PRESIDENTE Y VICE,21,Santa Fe,13,Rosario,03140,,RECURRIDO,recurridos,0,PROVISORIO,2023_BALOTAJE_santafe_presidente_mesa.csv
2023,BALOTAJE,2023-11-19,PRESIDENTE Y VICE,21,Santa Fe,13,Rosario,03140,,UNION POR LA PATRIA,agrupacion,1574,PROVISORIO,2023_BALOTAJE_santafe_presidente_mesa.csv
2023,BALOTAJE,2023-11-19,PRESIDENTE Y VICE,21,Santa Fe,13,Rosario,03145,,EN BLANCO,blancos,95,PROVISORIO,2023_BALOTAJE_santafe_presidente_mesa.csv
2023,BALOTAJE,2023-11-19,PRESIDENTE Y VICE,21,Santa Fe,13,Rosario,03145,,IMPUGNADO,impugnados,0,PROVISORIO,2023_BALOTAJE_santafe_presidente_mesa.csv
2023,BALOTAJE,2023-11-19,PRESIDENTE Y VICE,21,Santa Fe,13,Rosario,03145,,LA LIBERTAD AVANZA,agrupacion,2896,PROVISORIO,2023_BALOTAJE_santafe_presidente_mesa.csv
2023,BALOTAJE,2023-11-19,PRESIDENTE Y VICE,21,Santa Fe,13,Rosario,03145,,NULO,nulos,137,PROVISORIO,2023_BALOTAJE_santafe_presidente_mesa.csv
2023,BALOTAJE,2023-11-19,PRESIDENTE Y VICE,21,Santa Fe,13,Rosario,03145,,RECURRIDO,recurridos,0,PROVISORIO,2023_BALOTAJE_santafe_presidente_mesa.csv
2023,BALOTAJE,2023-11-19,PRESIDENTE Y VICE,21,Santa Fe,13,Rosario,03145,,UNION POR LA PATRIA,agrupacion,1916,PROVISORIO,2023_BALOTAJE_santafe_presidente_mesa.csv
2023,BALOTAJE,2023-11-19,PRESIDENTE Y VICE,21,Santa Fe,13,Rosario,03150,,EN BLANCO,blancos,251,PROVISORIO,2023_BALOTAJE_santafe_presidente_mesa.csv
2023,BALOTAJE,2023-11-19,PRESIDENTE Y VICE,21,Santa Fe,13,Rosario,03150,,IMPUGNADO,impugnados,0,PROVISORIO,2023_BALOTAJE_santafe_presidente_mesa.csv
2023,BALOTAJE,2023-11-19,PRESIDENTE Y VICE,21,Santa Fe,13,Rosario,03150,,LA LIBERTAD AVANZA,agrupacion,5810,PROVISORIO,2023_BALOTAJE_santafe_presidente_mesa.csv
2023,BALOTAJE,2023-11-19,PRESIDENTE Y VICE,21,Santa Fe,13,Rosario,03150,,NULO,nulos,281,PROVISORIO,2023_BALOTAJE_santafe_presidente_mesa.csv
2023,BALOTAJE,2023-11-19,PRESIDENTE Y VICE,21,Santa Fe,13,Rosario,03150,,RECURRIDO,recurridos,3,PROVISORIO,2023_BALOTAJE_santafe_presidente_mesa.csv
2023,BALOTAJE,2023-11-19,PRESIDENTE Y VICE,21,Santa Fe,13,Rosario,03150,,UNION POR LA PATRIA,agrupacion,4104,PROVISORIO,2023_BALOTAJE_santafe_presidente_mesa.csv
2023,BALOTAJE,2023-11-19,PRESIDENTE Y VICE,21,Santa Fe,13,Rosario,03155,,EN BLANCO,blancos,184,PROVISORIO,2023_BALOTAJE_santafe_presidente_mesa.csv
2023,BALOTAJE,2023-11-19,PRESIDENTE Y VICE,21,Santa Fe,13,Rosario,03155,,IMPUGNADO,impugnados,0,PROVISORIO,2023_BALOTAJE_santafe_presidente_mesa.csv
2023,BALOTAJE,2023-11-19,PRESIDENTE Y VICE,21,Santa Fe,13,Rosario,03155,,LA LIBERTAD AVANZA,agrupacion,3489,PROVISORIO,2023_BALOTAJE_santafe_presidente_mesa.csv
2023,BALOTAJE,2023-11-19,PRESIDENTE Y VICE,21,Santa Fe,13,Rosario,03155,,NULO,nulos,128,PROVISORIO,2023_BALOTAJE_santafe_presidente_mesa.csv
2023,BALOTAJE,2023-11-19,PRESIDENTE Y VICE,21,Santa Fe,13,Rosario,03155,,RECURRIDO,recurridos,0,PROVISORIO,2023_BALOTAJE_santafe_presidente_mesa.csv
2023,BALOTAJE,2023-11-19,PRESIDENTE Y VICE,21,Santa Fe,13,Rosario,03155,,UNION POR LA PATRIA,agrupacion,2199,PROVISORIO,2023_BALOTAJE_santafe_presidente_mesa.csv
2023,BALOTAJE,2023-11-19,PRESIDENTE Y VICE,21,Santa Fe,13,Rosario,03160,,EN BLANCO,blancos,130,PROVISORIO,2023_BALOTAJE_santafe_presidente_mesa.csv
2023,BALOTAJE,2023-11-19,PRESIDENTE Y VICE,21,Santa Fe,13,Rosario,03160,,IMPUGNADO,impugnados,0,PROVISORIO,2023_BALOTAJE_santafe_presidente_mesa.csv
2023,BALOTAJE,2023-11-19,PRESIDENTE Y VICE,21,Santa Fe,13,Rosario,03160,,LA LIBERTAD AVANZA,agrupacion,2603,PROVISORIO,2023_BALOTAJE_santafe_presidente_mesa.csv
2023,BALOTAJE,2023-11-19,PRESIDENTE Y VICE,21,Santa Fe,13,Rosario,03160,,NULO,nulos,120,PROVISORIO,2023_BALOTAJE_santafe_presidente_mesa.csv
2023,BALOTAJE,2023-11-19,PRESIDENTE Y VICE,21,Santa Fe,13,Rosario,03160,,RECURRIDO,recurridos,1,PROVISORIO,2023_BALOTAJE_santafe_presidente_mesa.csv
2023,BALOTAJE,2023-11-19,PRESIDENTE Y VICE,21,Santa Fe,13,Rosario,03160,,UNION POR LA PATRIA,agrupacion,1764,PROVISORIO,2023_BALOTAJE_santafe_presidente_mesa.csv
2023,BALOTAJE,2023-11-19,PRESIDENTE Y VICE,21,Santa Fe,13,Rosario,03165,,EN BLANCO,blancos,109,PROVISORIO,2023_BALOTAJE_santafe_presidente_mesa.csv
2023,BALOTAJE,2023-11-19,PRESIDENTE Y VICE,21,Santa Fe,13,Rosario,03165,,IMPUGNADO,impugnados,0,PROVISORIO,2023_BALOTAJE_santafe_presidente_mesa.csv
2023,BALOTAJE,2023-11-19,PRESIDENTE Y VICE,21,Santa Fe,13,Rosario,03165,,LA LIBERTAD AVANZA,agrupacion,2338,PROVISORIO,2023_BALOTAJE_santafe_presidente_mesa.csv
2023,BALOTAJE,2023-11-19,PRESIDENTE Y VICE,21,Santa Fe,13,Rosario,03165,,NULO,nulos,107,PROVISORIO,2023_BALOTAJE_santafe_presidente_mesa.csv
2023,BALOTAJE,2023-11-19,PRESIDENTE Y VICE,21,Santa Fe,13,Rosario,03165,,RECURRIDO,recurridos,1,PROVISORIO,2023_BALOTAJE_santafe_presidente_mesa.csv
2023,BALOTAJE,2023-11-19,PRESIDENTE Y VICE,21,Santa Fe,13,Rosario,03165,,UNION POR LA PATRIA,agrupacion,1406,PROVISORIO,2023_BALOTAJE_santafe_presidente_mesa.csv
2023,BALOTAJE,2023-11-19,PRESIDENTE Y VICE,21,Santa Fe,13,Rosario,03170,,EN BLANCO,blancos,179,PROVISORIO,2023_BALOTAJE_santafe_presidente_mesa.csv
2023,BALOTAJE,2023-11-19,PRESIDENTE Y VICE,21,Santa Fe,13,Rosario,03170,,IMPUGNADO,impugnados,0,PROVISORIO,2023_BALOTAJE_santafe_presidente_mesa.csv
2023,BALOTAJE,2023-11-19,PRESIDENTE Y VICE,21,Santa Fe,13,Rosario,03170,,LA LIBERTAD AVANZA,agrupacion,4282,PROVISORIO,2023_BALOTAJE_santafe_presidente_mesa.csv
2023,BALOTAJE,2023-11-19,PRESIDENTE Y VICE,21,Santa Fe,13,Rosario,03170,,NULO,nulos,186,PROVISORIO,2023_BALOTAJE_santafe_presidente_mesa.csv
2023,BALOTAJE,2023-11-19,PRESIDENTE Y VICE,21,Santa Fe,13,Rosario,03170,,RECURRIDO,recurridos,0,PROVISORIO,2023_BALOTAJE_santafe_presidente_mesa.csv
2023,BALOTAJE,2023-11-19,PRESIDENTE Y VICE,21,Santa Fe,13,Rosario,03170,,UNION POR LA PATRIA,agrupacion,2502,PROVISORIO,2023_BALOTAJE_santafe_presidente_mesa.csv
2023,BALOTAJE,2023-11-19,PRESIDENTE Y VICE,21,Santa Fe,13,Rosario,03175,,EN BLANCO,blancos,194,PROVISORIO,2023_BALOTAJE_santafe_presidente_mesa.csv
2023,BALOTAJE,2023-11-19,PRESIDENTE Y VICE,21,Santa Fe,13,Rosario,03175,,IMPUGNADO,impugnados,0,PROVISORIO,2023_BALOTAJE_santafe_presidente_mesa.csv
2023,BALOTAJE,2023-11-19,PRESIDENTE Y VICE,21,Santa Fe,13,Rosario,03175,,LA LIBERTAD AVANZA,agrupacion,5009,PROVISORIO,2023_BALOTAJE_santafe_presidente_mesa.csv
2023,BALOTAJE,2023-11-19,PRESIDENTE Y VICE,21,Santa Fe,13,Rosario,03175,,NULO,nulos,243,PROVISORIO,2023_BALOTAJE_santafe_presidente_mesa.csv
2023,BALOTAJE,2023-11-19,PRESIDENTE Y VICE,21,Santa Fe,13,Rosario,03175,,RECURRIDO,recurridos,2,PROVISORIO,2023_BALOTAJE_santafe_presidente_mesa.csv
2023,BALOTAJE,2023-11-19,PRESIDENTE Y VICE,21,Santa Fe,13,Rosario,03175,,UNION POR LA PATRIA,agrupacion,3507,PROVISORIO,2023_BALOTAJE_santafe_presidente_mesa.csv
2023,BALOTAJE,2023-11-19,PRESIDENTE Y VICE,21,Santa Fe,13,Rosario,03180,,EN BLANCO,blancos,65,PROVISORIO,2023_BALOTAJE_santafe_presidente_mesa.csv
2023,BALOTAJE,2023-11-19,PRESIDENTE Y VICE,21,Santa Fe,13,Rosario,03180,,IMPUGNADO,impugnados,0,PROVISORIO,2023_BALOTAJE_santafe_presidente_mesa.csv
2023,BALOTAJE,2023-11-19,PRESIDENTE Y VICE,21,Santa Fe,13,Rosario,03180,,LA LIBERTAD AVANZA,agrupacion,1247,PROVISORIO,2023_BALOTAJE_santafe_presidente_mesa.csv
2023,BALOTAJE,2023-11-19,PRESIDENTE Y VICE,21,Santa Fe,13,Rosario,03180,,NULO,nulos,80,PROVISORIO,2023_BALOTAJE_santafe_presidente_mesa.csv
2023,BALOTAJE,2023-11-19,PRESIDENTE Y VICE,21,Santa Fe,13,Rosario,03180,,RECURRIDO,recurridos,0,PROVISORIO,2023_BALOTAJE_santafe_presidente_mesa.csv
2023,BALOTAJE,2023-11-19,PRESIDENTE Y VICE,21,Santa Fe,13,Rosario,03180,,UNION POR LA PATRIA,agrupacion,1012,PROVISORIO,2023_BALOTAJE_santafe_presidente_mesa.csv
2023,BALOTAJE,2023-11-19,PRESIDENTE Y VICE,21,Santa Fe,13,Rosario,03185,,EN BLANCO,blancos,114,PROVISORIO,2023_BALOTAJE_santafe_presidente_mesa.csv
2023,BALOTAJE,2023-11-19,PRESIDENTE Y VICE,21,Santa Fe,13,Rosario,03185,,IMPUGNADO,impugnados,1,PROVISORIO,2023_BALOTAJE_santafe_presidente_mesa.csv
2023,BALOTAJE,2023-11-19,PRESIDENTE Y VICE,21,Santa Fe,13,Rosario,03185,,LA LIBERTAD AVANZA,agrupacion,2115,PROVISORIO,2023_BALOTAJE_santafe_presidente_mesa.csv
2023,BALOTAJE,2023-11-19,PRESIDENTE Y VICE,21,Santa Fe,13,Rosario,03185,,NULO,nulos,70,PROVISORIO,2023_BALOTAJE_santafe_presidente_mesa.csv
2023,BALOTAJE,2023-11-19,PRESIDENTE Y VICE,21,Santa Fe,13,Rosario,03185,,RECURRIDO,recurridos,0,PROVISORIO,2023_BALOTAJE_santafe_presidente_mesa.csv
2023,BALOTAJE,2023-11-19,PRESIDENTE Y VICE,21,Santa Fe,13,Rosario,03185,,UNION POR LA PATRIA,agrupacion,1390,PROVISORIO,2023_BALOTAJE_santafe_presidente_mesa.csv
2023,BALOTAJE,2023-11-19,PRESIDENTE Y VICE,21,Santa Fe,13,Rosario,03190,,EN BLANCO,blancos,62,PROVISORIO,2023_BALOTAJE_santafe_presidente_mesa.csv
2023,BALOTAJE,2023-11-19,PRESIDENTE Y VICE,21,Santa Fe,13,Rosario,03190,,IMPUGNADO,impugnados,0,PROVISORIO,2023_BALOTAJE_santafe_presidente_mesa.csv
2023,BALOTAJE,2023-11-19,PRESIDENTE Y VICE,21,Santa Fe,13,Rosario,03190,,LA LIBERTAD AVANZA,agrupacion,1346,PROVISORIO,2023_BALOTAJE_santafe_presidente_mesa.csv
2023,BALOTAJE,2023-11-19,PRESIDENTE Y VICE,21,Santa Fe,13,Rosario,03190,,NULO,nulos,66,PROVISORIO,2023_BALOTAJE_santafe_presidente_mesa.csv
2023,BALOTAJE,2023-11-19,PRESIDENTE Y VICE,21,Santa Fe,13,Rosario,03190,,RECURRIDO,recurridos,0,PROVISORIO,2023_BALOTAJE_santafe_presidente_mesa.csv
2023,BALOTAJE,2023-11-19,PRESIDENTE Y VICE,21,Santa Fe,13,Rosario,03190,,UNION POR LA PATRIA,agrupacion,1056,PROVISORIO,2023_BALOTAJE_santafe_presidente_mesa.csv
2023,BALOTAJE,2023-11-19,PRESIDENTE Y VICE,21,Santa Fe,13,Rosario,03195,,EN BLANCO,blancos,79,PROVISORIO,2023_BALOTAJE_santafe_presidente_mesa.csv
2023,BALOTAJE,2023-11-19,PRESIDENTE Y VICE,21,Santa Fe,13,Rosario,03195,,IMPUGNADO,impugnados,0,PROVISORIO,2023_BALOTAJE_santafe_presidente_mesa.csv
2023,BALOTAJE,2023-11-19,PRESIDENTE Y VICE,21,Santa Fe,13,Rosario,03195,,LA LIBERTAD AVANZA,agrupacion,2010,PROVISORIO,2023_BALOTAJE_santafe_presidente_mesa.csv
2023,BALOTAJE,2023-11-19,PRESIDENTE Y VICE,21,Santa Fe,13,Rosario,03195,,NULO,nulos,100,PROVISORIO,2023_BALOTAJE_santafe_presidente_mesa.csv
2023,BALOTAJE,2023-11-19,PRESIDENTE Y VICE,21,Santa Fe,13,Rosario,03195,,RECURRIDO,recurridos,0,PROVISORIO,2023_BALOTAJE_santafe_presidente_mesa.csv
2023,BALOTAJE,2023-11-19,PRESIDENTE Y VICE,21,Santa Fe,13,Rosario,03195,,UNION POR LA PATRIA,agrupacion,1605,PROVISORIO,2023_BALOTAJE_santafe_presidente_mesa.csv
2023,BALOTAJE,2023-11-19,PRESIDENTE Y VICE,21,Santa Fe,13,Rosario,03200,,EN BLANCO,blancos,113,PROVISORIO,2023_BALOTAJE_santafe_presidente_mesa.csv
2023,BALOTAJE,2023-11-19,PRESIDENTE Y VICE,21,Santa Fe,13,Rosario,03200,,IMPUGNADO,impugnados,0,PROVISORIO,2023_BALOTAJE_santafe_presidente_mesa.csv
2023,BALOTAJE,2023-11-19,PRESIDENTE Y VICE,21,Santa Fe,13,Rosario,03200,,LA LIBERTAD AVANZA,agrupacion,2772,PROVISORIO,2023_BALOTAJE_santafe_presidente_mesa.csv
2023,BALOTAJE,2023-11-19,PRESIDENTE Y VICE,21,Santa Fe,13,Rosario,03200,,NULO,nulos,87,PROVISORIO,2023_BALOTAJE_santafe_presidente_mesa.csv
2023,BALOTAJE,2023-11-19,PRESIDENTE Y VICE,21,Santa Fe,13,Rosario,03200,,RECURRIDO,recurridos,1,PROVISORIO,2023_BALOTAJE_santafe_presidente_mesa.csv
2023,BALOTAJE,2023-11-19,PRESIDENTE Y VICE,21,Santa Fe,13,Rosario,03200,,UNION POR LA PATRIA,agrupacion,1477,PROVISORIO,2023_BALOTAJE_santafe_presidente_mesa.csv
2023,BALOTAJE,2023-11-19,PRESIDENTE Y VICE,21,Santa Fe,13,Rosario,03205,,EN BLANCO,blancos,119,PROVISORIO,2023_BALOTAJE_santafe_presidente_mesa.csv
2023,BALOTAJE,2023-11-19,PRESIDENTE Y VICE,21,Santa Fe,13,Rosario,03205,,IMPUGNADO,impugnados,0,PROVISORIO,2023_BALOTAJE_santafe_presidente_mesa.csv
2023,BALOTAJE,2023-11-19,PRESIDENTE Y VICE,21,Santa Fe,13,Rosario,03205,,LA LIBERTAD AVANZA,agrupacion,3551,PROVISORIO,2023_BALOTAJE_santafe_presidente_mesa.csv
2023,BALOTAJE,2023-11-19,PRESIDENTE Y VICE,21,Santa Fe,13,Rosario,03205,,NULO,nulos,185,PROVISORIO,2023_BALOTAJE_santafe_presidente_mesa.csv
2023,BALOTAJE,2023-11-19,PRESIDENTE Y VICE,21,Santa Fe,13,Rosario,03205,,RECURRIDO,recurridos,2,PROVISORIO,2023_BALOTAJE_santafe_presidente_mesa.csv
2023,BALOTAJE,2023-11-19,PRESIDENTE Y VICE,21,Santa Fe,13,Rosario,03205,,UNION POR LA PATRIA,agrupacion,2441,PROVISORIO,2023_BALOTAJE_santafe_presidente_mesa.csv
2023,BALOTAJE,2023-11-19,PRESIDENTE Y VICE,21,Santa Fe,13,Rosario,03210,,EN BLANCO,blancos,416,PROVISORIO,2023_BALOTAJE_santafe_presidente_mesa.csv
2023,BALOTAJE,2023-11-19,PRESIDENTE Y VICE,21,Santa Fe,13,Rosario,03210,,IMPUGNADO,impugnados,0,PROVISORIO,2023_BALOTAJE_santafe_presidente_mesa.csv
2023,BALOTAJE,2023-11-19,PRESIDENTE Y VICE,21,Santa Fe,13,Rosario,03210,,LA LIBERTAD AVANZA,agrupacion,14320,PROVISORIO,2023_BALOTAJE_santafe_presidente_mesa.csv
2023,BALOTAJE,2023-11-19,PRESIDENTE Y VICE,21,Santa Fe,13,Rosario,03210,,NULO,nulos,674,PROVISORIO,2023_BALOTAJE_santafe_presidente_mesa.csv
2023,BALOTAJE,2023-11-19,PRESIDENTE Y VICE,21,Santa Fe,13,Rosario,03210,,RECURRIDO,recurridos,2,PROVISORIO,2023_BALOTAJE_santafe_presidente_mesa.csv
2023,BALOTAJE,2023-11-19,PRESIDENTE Y VICE,21,Santa Fe,13,Rosario,03210,,UNION POR LA PATRIA,agrupacion,10046,PROVISORIO,2023_BALOTAJE_santafe_presidente_mesa.csv
2023,BALOTAJE,2023-11-19,PRESIDENTE Y VICE,21,Santa Fe,13,Rosario,03220,,EN BLANCO,blancos,306,PROVISORIO,2023_BALOTAJE_santafe_presidente_mesa.csv
2023,BALOTAJE,2023-11-19,PRESIDENTE Y VICE,21,Santa Fe,13,Rosario,03220,,IMPUGNADO,impugnados,1,PROVISORIO,2023_BALOTAJE_santafe_presidente_mesa.csv
2023,BALOTAJE,2023-11-19,PRESIDENTE Y VICE,21,Santa Fe,13,Rosario,03220,,LA LIBERTAD AVANZA,agrupacion,8681,PROVISORIO,2023_BALOTAJE_santafe_presidente_mesa.csv
2023,BALOTAJE,2023-11-19,PRESIDENTE Y VICE,21,Santa Fe,13,Rosario,03220,,NULO,nulos,371,PROVISORIO,2023_BALOTAJE_santafe_presidente_mesa.csv
2023,BALOTAJE,2023-11-19,PRESIDENTE Y VICE,21,Santa Fe,13,Rosario,03220,,RECURRIDO,recurridos,8,PROVISORIO,2023_BALOTAJE_santafe_presidente_mesa.csv
2023,BALOTAJE,2023-11-19,PRESIDENTE Y VICE,21,Santa Fe,13,Rosario,03220,,UNION POR LA PATRIA,agrupacion,5512,PROVISORIO,2023_BALOTAJE_santafe_presidente_mesa.csv
2023,BALOTAJE,2023-11-19,PRESIDENTE Y VICE,21,Santa Fe,13,Rosario,03230,,EN BLANCO,blancos,110,PROVISORIO,2023_BALOTAJE_santafe_presidente_mesa.csv
2023,BALOTAJE,2023-11-19,PRESIDENTE Y VICE,21,Santa Fe,13,Rosario,03230,,IMPUGNADO,impugnados,0,PROVISORIO,2023_BALOTAJE_santafe_presidente_mesa.csv
2023,BALOTAJE,2023-11-19,PRESIDENTE Y VICE,21,Santa Fe,13,Rosario,03230,,LA LIBERTAD AVANZA,agrupacion,6295,PROVISORIO,2023_BALOTAJE_santafe_presidente_mesa.csv
2023,BALOTAJE,2023-11-19,PRESIDENTE Y VICE,21,Santa Fe,13,Rosario,03230,,NULO,nulos,263,PROVISORIO,2023_BALOTAJE_santafe_presidente_mesa.csv
2023,BALOTAJE,2023-11-19,PRESIDENTE Y VICE,21,Santa Fe,13,Rosario,03230,,RECURRIDO,recurridos,2,PROVISORIO,2023_BALOTAJE_santafe_presidente_mesa.csv
2023,BALOTAJE,2023-11-19,PRESIDENTE Y VICE,21,Santa Fe,13,Rosario,03230,,UNION POR LA PATRIA,agrupacion,5149,PROVISORIO,2023_BALOTAJE_santafe_presidente_mesa.csv
2023,BALOTAJE,2023-11-19,PRESIDENTE Y VICE,21,Santa Fe,13,Rosario,03240,,EN BLANCO,blancos,219,PROVISORIO,2023_BALOTAJE_santafe_presidente_mesa.csv
2023,BALOTAJE,2023-11-19,PRESIDENTE Y VICE,21,Santa Fe,13,Rosario,03240,,IMPUGNADO,impugnados,0,PROVISORIO,2023_BALOTAJE_santafe_presidente_mesa.csv
2023,BALOTAJE,2023-11-19,PRESIDENTE Y VICE,21,Santa Fe,13,Rosario,03240,,LA LIBERTAD AVANZA,agrupacion,6382,PROVISORIO,2023_BALOTAJE_santafe_presidente_mesa.csv
2023,BALOTAJE,2023-11-19,PRESIDENTE Y VICE,21,Santa Fe,13,Rosario,03240,,NULO,nulos,310,PROVISORIO,2023_BALOTAJE_santafe_presidente_mesa.csv
2023,BALOTAJE,2023-11-19,PRESIDENTE Y VICE,21,Santa Fe,13,Rosario,03240,,RECURRIDO,recurridos,1,PROVISORIO,2023_BALOTAJE_santafe_presidente_mesa.csv
2023,BALOTAJE,2023-11-19,PRESIDENTE Y VICE,21,Santa Fe,13,Rosario,03240,,UNION POR LA PATRIA,agrupacion,4988,PROVISORIO,2023_BALOTAJE_santafe_presidente_mesa.csv
2023,BALOTAJE,2023-11-19,PRESIDENTE Y VICE,21,Santa Fe,13,Rosario,03250,,EN BLANCO,blancos,197,PROVISORIO,2023_BALOTAJE_santafe_presidente_mesa.csv
2023,BALOTAJE,2023-11-19,PRESIDENTE Y VICE,21,Santa Fe,13,Rosario,03250,,IMPUGNADO,impugnados,1,PROVISORIO,2023_BALOTAJE_santafe_presidente_mesa.csv
2023,BALOTAJE,2023-11-19,PRESIDENTE Y VICE,21,Santa Fe,13,Rosario,03250,,LA LIBERTAD AVANZA,agrupacion,8098,PROVISORIO,2023_BALOTAJE_santafe_presidente_mesa.csv
2023,BALOTAJE,2023-11-19,PRESIDENTE Y VICE,21,Santa Fe,13,Rosario,03250,,NULO,nulos,411,PROVISORIO,2023_BALOTAJE_santafe_presidente_mesa.csv
2023,BALOTAJE,2023-11-19,PRESIDENTE Y VICE,21,Santa Fe,13,Rosario,03250,,RECURRIDO,recurridos,5,PROVISORIO,2023_BALOTAJE_santafe_presidente_mesa.csv
2023,BALOTAJE,2023-11-19,PRESIDENTE Y VICE,21,Santa Fe,13,Rosario,03250,,UNION POR LA PATRIA,agrupacion,8334,PROVISORIO,2023_BALOTAJE_santafe_presidente_mesa.csv
2023,BALOTAJE,2023-11-19,PRESIDENTE Y VICE,21,Santa Fe,13,Rosario,03260,,EN BLANCO,blancos,744,PROVISORIO,2023_BALOTAJE_santafe_presidente_mesa.csv
2023,BALOTAJE,2023-11-19,PRESIDENTE Y VICE,21,Santa Fe,13,Rosario,03260,,IMPUGNADO,impugnados,1,PROVISORIO,2023_BALOTAJE_santafe_presidente_mesa.csv
2023,BALOTAJE,2023-11-19,PRESIDENTE Y VICE,21,Santa Fe,13,Rosario,03260,,LA LIBERTAD AVANZA,agrupacion,28697,PROVISORIO,2023_BALOTAJE_santafe_presidente_mesa.csv
2023,BALOTAJE,2023-11-19,PRESIDENTE Y VICE,21,Santa Fe,13,Rosario,03260,,NULO,nulos,1380,PROVISORIO,2023_BALOTAJE_santafe_presidente_mesa.csv
2023,BALOTAJE,2023-11-19,PRESIDENTE Y VICE,21,Santa Fe,13,Rosario,03260,,RECURRIDO,recurridos,9,PROVISORIO,2023_BALOTAJE_santafe_presidente_mesa.csv
2023,BALOTAJE,2023-11-19,PRESIDENTE Y VICE,21,Santa Fe,13,Rosario,03260,,UNION POR LA PATRIA,agrupacion,19767,PROVISORIO,2023_BALOTAJE_santafe_presidente_mesa.csv
2023,BALOTAJE,2023-11-19,PRESIDENTE Y VICE,21,Santa Fe,13,Rosario,03270,,EN BLANCO,blancos,192,PROVISORIO,2023_BALOTAJE_santafe_presidente_mesa.csv
2023,BALOTAJE,2023-11-19,PRESIDENTE Y VICE,21,Santa Fe,13,Rosario,03270,,IMPUGNADO,impugnados,0,PROVISORIO,2023_BALOTAJE_santafe_presidente_mesa.csv
2023,BALOTAJE,2023-11-19,PRESIDENTE Y VICE,21,Santa Fe,13,Rosario,03270,,LA LIBERTAD AVANZA,agrupacion,8606,PROVISORIO,2023_BALOTAJE_santafe_presidente_mesa.csv
2023,BALOTAJE,2023-11-19,PRESIDENTE Y VICE,21,Santa Fe,13,Rosario,03270,,NULO,nulos,454,PROVISORIO,2023_BALOTAJE_santafe_presidente_mesa.csv
2023,BALOTAJE,2023-11-19,PRESIDENTE Y VICE,21,Santa Fe,13,Rosario,03270,,RECURRIDO,recurridos,4,PROVISORIO,2023_BALOTAJE_santafe_presidente_mesa.csv
2023,BALOTAJE,2023-11-19,PRESIDENTE Y VICE,21,Santa Fe,13,Rosario,03270,,UNION POR LA PATRIA,agrupacion,7118,PROVISORIO,2023_BALOTAJE_santafe_presidente_mesa.csv
2023,BALOTAJE,2023-11-19,PRESIDENTE Y VICE,21,Santa Fe,13,Rosario,03280,,EN BLANCO,blancos,606,PROVISORIO,2023_BALOTAJE_santafe_presidente_mesa.csv
2023,BALOTAJE,2023-11-19,PRESIDENTE Y VICE,21,Santa Fe,13,Rosario,03280,,IMPUGNADO,impugnados,3,PROVISORIO,2023_BALOTAJE_santafe_presidente_mesa.csv
2023,BALOTAJE,2023-11-19,PRESIDENTE Y VICE,21,Santa Fe,13,Rosario,03280,,LA LIBERTAD AVANZA,agrupacion,20295,PROVISORIO,2023_BALOTAJE_santafe_presidente_mesa.csv
2023,BALOTAJE,2023-11-19,PRESIDENTE Y VICE,21,Santa Fe,13,Rosario,03280,,NULO,nulos,968,PROVISORIO,2023_BALOTAJE_santafe_presidente_mesa.csv
2023,BALOTAJE,2023-11-19,PRESIDENTE Y VICE,21,Santa Fe,13,Rosario,03280,,RECURRIDO,recurridos,9,PROVISORIO,2023_BALOTAJE_santafe_presidente_mesa.csv
2023,BALOTAJE,2023-11-19,PRESIDENTE Y VICE,21,Santa Fe,13,Rosario,03280,,UNION POR LA PATRIA,agrupacion,17001,PROVISORIO,2023_BALOTAJE_santafe_presidente_mesa.csv
2023,BALOTAJE,2023-11-19,PRESIDENTE Y VICE,21,Santa Fe,13,Rosario,03290,,EN BLANCO,blancos,298,PROVISORIO,2023_BALOTAJE_santafe_presidente_mesa.csv
2023,BALOTAJE,2023-11-19,PRESIDENTE Y VICE,21,Santa Fe,13,Rosario,03290,,IMPUGNADO,impugnados,0,PROVISORIO,2023_BALOTAJE_santafe_presidente_mesa.csv
2023,BALOTAJE,2023-11-19,PRESIDENTE Y VICE,21,Santa Fe,13,Rosario,03290,,LA LIBERTAD AVANZA,agrupacion,11045,PROVISORIO,2023_BALOTAJE_santafe_presidente_mesa.csv
2023,BALOTAJE,2023-11-19,PRESIDENTE Y VICE,21,Santa Fe,13,Rosario,03290,,NULO,nulos,515,PROVISORIO,2023_BALOTAJE_santafe_presidente_mesa.csv
2023,BALOTAJE,2023-11-19,PRESIDENTE Y VICE,21,Santa Fe,13,Rosario,03290,,RECURRIDO,recurridos,1,PROVISORIO,2023_BALOTAJE_santafe_presidente_mesa.csv
2023,BALOTAJE,2023-11-19,PRESIDENTE Y VICE,21,Santa Fe,13,Rosario,03290,,UNION POR LA PATRIA,agrupacion,9245,PROVISORIO,2023_BALOTAJE_santafe_presidente_mesa.csv
2023,BALOTAJE,2023-11-19,PRESIDENTE Y VICE,21,Santa Fe,13,Rosario,03300,,EN BLANCO,blancos,393,PROVISORIO,2023_BALOTAJE_santafe_presidente_mesa.csv
2023,BALOTAJE,2023-11-19,PRESIDENTE Y VICE,21,Santa Fe,13,Rosario,03300,,IMPUGNADO,impugnados,7,PROVISORIO,2023_BALOTAJE_santafe_presidente_mesa.csv
2023,BALOTAJE,2023-11-19,PRESIDENTE Y VICE,21,Santa Fe,13,Rosario,03300,,LA LIBERTAD AVANZA,agrupacion,19384,PROVISORIO,2023_BALOTAJE_santafe_presidente_mesa.csv
2023,BALOTAJE,2023-11-19,PRESIDENTE Y VICE,21,Santa Fe,13,Rosario,03300,,NULO,nulos,875,PROVISORIO,2023_BALOTAJE_santafe_presidente_mesa.csv
2023,BALOTAJE,2023-11-19,PRESIDENTE Y VICE,21,Santa Fe,13,Rosario,03300,,RECURRIDO,recurridos,3,PROVISORIO,2023_BALOTAJE_santafe_presidente_mesa.csv
2023,BALOTAJE,2023-11-19,PRESIDENTE Y VICE,21,Santa Fe,13,Rosario,03300,,UNION POR LA PATRIA,agrupacion,16516,PROVISORIO,2023_BALOTAJE_santafe_presidente_mesa.csv
2023,BALOTAJE,2023-11-19,PRESIDENTE Y VICE,21,Santa Fe,13,Rosario,03310,,EN BLANCO,blancos,187,PROVISORIO,2023_BALOTAJE_santafe_presidente_mesa.csv
2023,BALOTAJE,2023-11-19,PRESIDENTE Y VICE,21,Santa Fe,13,Rosario,03310,,IMPUGNADO,impugnados,0,PROVISORIO,2023_BALOTAJE_santafe_presidente_mesa.csv
2023,BALOTAJE,2023-11-19,PRESIDENTE Y VICE,21,Santa Fe,13,Rosario,03310,,LA LIBERTAD AVANZA,agrupacion,8311,PROVISORIO,2023_BALOTAJE_santafe_presidente_mesa.csv
2023,BALOTAJE,2023-11-19,PRESIDENTE Y VICE,21,Santa Fe,13,Rosario,03310,,NULO,nulos,399,PROVISORIO,2023_BALOTAJE_santafe_presidente_mesa.csv
2023,BALOTAJE,2023-11-19,PRESIDENTE Y VICE,21,Santa Fe,13,Rosario,03310,,RECURRIDO,recurridos,7,PROVISORIO,2023_BALOTAJE_santafe_presidente_mesa.csv
2023,BALOTAJE,2023-11-19,PRESIDENTE Y VICE,21,Santa Fe,13,Rosario,03310,,UNION POR LA PATRIA,agrupacion,10937,PROVISORIO,2023_BALOTAJE_santafe_presidente_mesa.csv
2023,BALOTAJE,2023-11-19,PRESIDENTE Y VICE,21,Santa Fe,13,Rosario,03320,,EN BLANCO,blancos,69,PROVISORIO,2023_BALOTAJE_santafe_presidente_mesa.csv
2023,BALOTAJE,2023-11-19,PRESIDENTE Y VICE,21,Santa Fe,13,Rosario,03320,,IMPUGNADO,impugnados,0,PROVISORIO,2023_BALOTAJE_santafe_presidente_mesa.csv
2023,BALOTAJE,2023-11-19,PRESIDENTE Y VICE,21,Santa Fe,13,Rosario,03320,,LA LIBERTAD AVANZA,agrupacion,2542,PROVISORIO,2023_BALOTAJE_santafe_presidente_mesa.csv
2023,BALOTAJE,2023-11-19,PRESIDENTE Y VICE,21,Santa Fe,13,Rosario,03320,,NULO,nulos,116,PROVISORIO,2023_BALOTAJE_santafe_presidente_mesa.csv
2023,BALOTAJE,2023-11-19,PRESIDENTE Y VICE,21,Santa Fe,13,Rosario,03320,,RECURRIDO,recurridos,2,PROVISORIO,2023_BALOTAJE_santafe_presidente_mesa.csv
2023,BALOTAJE,2023-11-19,PRESIDENTE Y VICE,21,Santa Fe,13,Rosario,03320,,UNION POR LA PATRIA,agrupacion,2074,PROVISORIO,2023_BALOTAJE_santafe_presidente_mesa.csv
2023,BALOTAJE,2023-11-19,PRESIDENTE Y VICE,21,Santa Fe,13,Rosario,03330,,EN BLANCO,blancos,3,PROVISORIO,2023_BALOTAJE_santafe_presidente_mesa.csv
2023,BALOTAJE,2023-11-19,PRESIDENTE Y VICE,21,Santa Fe,13,Rosario,03330,,IMPUGNADO,impugnados,0,PROVISORIO,2023_BALOTAJE_santafe_presidente_mesa.csv
2023,BALOTAJE,2023-11-19,PRESIDENTE Y VICE,21,Santa Fe,13,Rosario,03330,,LA LIBERTAD AVANZA,agrupacion,120,PROVISORIO,2023_BALOTAJE_santafe_presidente_mesa.csv
2023,BALOTAJE,2023-11-19,PRESIDENTE Y VICE,21,Santa Fe,13,Rosario,03330,,NULO,nulos,8,PROVISORIO,2023_BALOTAJE_santafe_presidente_mesa.csv
2023,BALOTAJE,2023-11-19,PRESIDENTE Y VICE,21,Santa Fe,13,Rosario,03330,,RECURRIDO,recurridos,0,PROVISORIO,2023_BALOTAJE_santafe_presidente_mesa.csv
2023,BALOTAJE,2023-11-19,PRESIDENTE Y VICE,21,Santa Fe,13,Rosario,03330,,UNION POR LA PATRIA,agrupacion,81,PROVISORIO,2023_BALOTAJE_santafe_presidente_mesa.csv
2023,BALOTAJE,2023-11-19,PRESIDENTE Y VICE,21,Santa Fe,13,Rosario,03340,,EN BLANCO,blancos,268,PROVISORIO,2023_BALOTAJE_santafe_presidente_mesa.csv
2023,BALOTAJE,2023-11-19,PRESIDENTE Y VICE,21,Santa Fe,13,Rosario,03340,,IMPUGNADO,impugnados,18,PROVISORIO,2023_BALOTAJE_santafe_presidente_mesa.csv
2023,BALOTAJE,2023-11-19,PRESIDENTE Y VICE,21,Santa Fe,13,Rosario,03340,,LA LIBERTAD AVANZA,agrupacion,10713,PROVISORIO,2023_BALOTAJE_santafe_presidente_mesa.csv
2023,BALOTAJE,2023-11-19,PRESIDENTE Y VICE,21,Santa Fe,13,Rosario,03340,,NULO,nulos,504,PROVISORIO,2023_BALOTAJE_santafe_presidente_mesa.csv
2023,BALOTAJE,2023-11-19,PRESIDENTE Y VICE,21,Santa Fe,13,Rosario,03340,,RECURRIDO,recurridos,1,PROVISORIO,2023_BALOTAJE_santafe_presidente_mesa.csv
2023,BALOTAJE,2023-11-19,PRESIDENTE Y VICE,21,Santa Fe,13,Rosario,03340,,UNION POR LA PATRIA,agrupacion,10062,PROVISORIO,2023_BALOTAJE_santafe_presidente_mesa.csv
2023,BALOTAJE,2023-11-19,PRESIDENTE Y VICE,21,Santa Fe,13,Rosario,03350,,EN BLANCO,blancos,492,PROVISORIO,2023_BALOTAJE_santafe_presidente_mesa.csv
2023,BALOTAJE,2023-11-19,PRESIDENTE Y VICE,21,Santa Fe,13,Rosario,03350,,IMPUGNADO,impugnados,0,PROVISORIO,2023_BALOTAJE_santafe_presidente_mesa.csv
2023,BALOTAJE,2023-11-19,PRESIDENTE Y VICE,21,Santa Fe,13,Rosario,03350,,LA LIBERTAD AVANZA,agrupacion,18997,PROVISORIO,2023_BALOTAJE_santafe_presidente_mesa.csv
2023,BALOTAJE,2023-11-19,PRESIDENTE Y VICE,21,Santa Fe,13,Rosario,03350,,NULO,nulos,701,PROVISORIO,2023_BALOTAJE_santafe_presidente_mesa.csv
2023,BALOTAJE,2023-11-19,PRESIDENTE Y VICE,21,Santa Fe,13,Rosario,03350,,RECURRIDO,recurridos,18,PROVISORIO,2023_BALOTAJE_santafe_presidente_mesa.csv
2023,BALOTAJE,2023-11-19,PRESIDENTE Y VICE,21,Santa Fe,13,Rosario,03350,,UNION POR LA PATRIA,agrupacion,10954,PROVISORIO,2023_BALOTAJE_santafe_presidente_mesa.csv
2023,BALOTAJE,2023-11-19,PRESIDENTE Y VICE,21,Santa Fe,13,Rosario,03360,,EN BLANCO,blancos,217,PROVISORIO,2023_BALOTAJE_santafe_presidente_mesa.csv
2023,BALOTAJE,2023-11-19,PRESIDENTE Y VICE,21,Santa Fe,13,Rosario,03360,,IMPUGNADO,impugnados,0,PROVISORIO,2023_BALOTAJE_santafe_presidente_mesa.csv
2023,BALOTAJE,2023-11-19,PRESIDENTE Y VICE,21,Santa Fe,13,Rosario,03360,,LA LIBERTAD AVANZA,agrupacion,6307,PROVISORIO,2023_BALOTAJE_santafe_presidente_mesa.csv
2023,BALOTAJE,2023-11-19,PRESIDENTE Y VICE,21,Santa Fe,13,Rosario,03360,,NULO,nulos,389,PROVISORIO,2023_BALOTAJE_santafe_presidente_mesa.csv
2023,BALOTAJE,2023-11-19,PRESIDENTE Y VICE,21,Santa Fe,13,Rosario,03360,,RECURRIDO,recurridos,2,PROVISORIO,2023_BALOTAJE_santafe_presidente_mesa.csv
2023,BALOTAJE,2023-11-19,PRESIDENTE Y VICE,21,Santa Fe,13,Rosario,03360,,UNION POR LA PATRIA,agrupacion,7337,PROVISORIO,2023_BALOTAJE_santafe_presidente_mesa.csv
2023,BALOTAJE,2023-11-19,PRESIDENTE Y VICE,21,Santa Fe,13,Rosario,03370,,EN BLANCO,blancos,187,PROVISORIO,2023_BALOTAJE_santafe_presidente_mesa.csv
2023,BALOTAJE,2023-11-19,PRESIDENTE Y VICE,21,Santa Fe,13,Rosario,03370,,IMPUGNADO,impugnados,0,PROVISORIO,2023_BALOTAJE_santafe_presidente_mesa.csv
2023,BALOTAJE,2023-11-19,PRESIDENTE Y VICE,21,Santa Fe,13,Rosario,03370,,LA LIBERTAD AVANZA,agrupacion,4559,PROVISORIO,2023_BALOTAJE_santafe_presidente_mesa.csv
2023,BALOTAJE,2023-11-19,PRESIDENTE Y VICE,21,Santa Fe,13,Rosario,03370,,NULO,nulos,195,PROVISORIO,2023_BALOTAJE_santafe_presidente_mesa.csv
2023,BALOTAJE,2023-11-19,PRESIDENTE Y VICE,21,Santa Fe,13,Rosario,03370,,RECURRIDO,recurridos,0,PROVISORIO,2023_BALOTAJE_santafe_presidente_mesa.csv
2023,BALOTAJE,2023-11-19,PRESIDENTE Y VICE,21,Santa Fe,13,Rosario,03370,,UNION POR LA PATRIA,agrupacion,3158,PROVISORIO,2023_BALOTAJE_santafe_presidente_mesa.csv
2023,BALOTAJE,2023-11-19,PRESIDENTE Y VICE,21,Santa Fe,13,Rosario,03380,,EN BLANCO,blancos,195,PROVISORIO,2023_BALOTAJE_santafe_presidente_mesa.csv
2023,BALOTAJE,2023-11-19,PRESIDENTE Y VICE,21,Santa Fe,13,Rosario,03380,,IMPUGNADO,impugnados,4,PROVISORIO,2023_BALOTAJE_santafe_presidente_mesa.csv
2023,BALOTAJE,2023-11-19,PRESIDENTE Y VICE,21,Santa Fe,13,Rosario,03380,,LA LIBERTAD AVANZA,agrupacion,5986,PROVISORIO,2023_BALOTAJE_santafe_presidente_mesa.csv
2023,BALOTAJE,2023-11-19,PRESIDENTE Y VICE,21,Santa Fe,13,Rosario,03380,,NULO,nulos,236,PROVISORIO,2023_BALOTAJE_santafe_presidente_mesa.csv
2023,BALOTAJE,2023-11-19,PRESIDENTE Y VICE,21,Santa Fe,13,Rosario,03380,,RECURRIDO,recurridos,5,PROVISORIO,2023_BALOTAJE_santafe_presidente_mesa.csv
2023,BALOTAJE,2023-11-19,PRESIDENTE Y VICE,21,Santa Fe,13,Rosario,03380,,UNION POR LA PATRIA,agrupacion,4306,PROVISORIO,2023_BALOTAJE_santafe_presidente_mesa.csv
2023,BALOTAJE,2023-11-19,PRESIDENTE Y VICE,21,Santa Fe,13,Rosario,03390,,EN BLANCO,blancos,730,PROVISORIO,2023_BALOTAJE_santafe_presidente_mesa.csv
2023,BALOTAJE,2023-11-19,PRESIDENTE Y VICE,21,Santa Fe,13,Rosario,03390,,IMPUGNADO,impugnados,7,PROVISORIO,2023_BALOTAJE_santafe_presidente_mesa.csv
2023,BALOTAJE,2023-11-19,PRESIDENTE Y VICE,21,Santa Fe,13,Rosario,03390,,LA LIBERTAD AVANZA,agrupacion,21744,PROVISORIO,2023_BALOTAJE_santafe_presidente_mesa.csv
2023,BALOTAJE,2023-11-19,PRESIDENTE Y VICE,21,Santa Fe,13,Rosario,03390,,NULO,nulos,1047,PROVISORIO,2023_BALOTAJE_santafe_presidente_mesa.csv
2023,BALOTAJE,2023-11-19,PRESIDENTE Y VICE,21,Santa Fe,13,Rosario,03390,,RECURRIDO,recurridos,15,PROVISORIO,2023_BALOTAJE_santafe_presidente_mesa.csv
2023,BALOTAJE,2023-11-19,PRESIDENTE Y VICE,21,Santa Fe,13,Rosario,03390,,UNION POR LA PATRIA,agrupacion,15954,PROVISORIO,2023_BALOTAJE_santafe_presidente_mesa.csv
2023,BALOTAJE,2023-11-19,PRESIDENTE Y VICE,21,Santa Fe,13,Rosario,03400,,EN BLANCO,blancos,340,PROVISORIO,2023_BALOTAJE_santafe_presidente_mesa.csv
2023,BALOTAJE,2023-11-19,PRESIDENTE Y VICE,21,Santa Fe,13,Rosario,03400,,IMPUGNADO,impugnados,0,PROVISORIO,2023_BALOTAJE_santafe_presidente_mesa.csv
2023,BALOTAJE,2023-11-19,PRESIDENTE Y VICE,21,Santa Fe,13,Rosario,03400,,LA LIBERTAD AVANZA,agrupacion,14084,PROVISORIO,2023_BALOTAJE_santafe_presidente_mesa.csv
2023,BALOTAJE,2023-11-19,PRESIDENTE Y VICE,21,Santa Fe,13,Rosario,03400,,NULO,nulos,773,PROVISORIO,2023_BALOTAJE_santafe_presidente_mesa.csv
2023,BALOTAJE,2023-11-19,PRESIDENTE Y VICE,21,Santa Fe,13,Rosario,03400,,RECURRIDO,recurridos,3,PROVISORIO,2023_BALOTAJE_santafe_presidente_mesa.csv
2023,BALOTAJE,2023-11-19,PRESIDENTE Y VICE,21,Santa Fe,13,Rosario,03400,,UNION POR LA PATRIA,agrupacion,13005,PROVISORIO,2023_BALOTAJE_santafe_presidente_mesa.csv
2023,BALOTAJE,2023-11-19,PRESIDENTE Y VICE,21,Santa Fe,13,Rosario,03410,,EN BLANCO,blancos,92,PROVISORIO,2023_BALOTAJE_santafe_presidente_mesa.csv
2023,BALOTAJE,2023-11-19,PRESIDENTE Y VICE,21,Santa Fe,13,Rosario,03410,,IMPUGNADO,impugnados,2,PROVISORIO,2023_BALOTAJE_santafe_presidente_mesa.csv
2023,BALOTAJE,2023-11-19,PRESIDENTE Y VICE,21,Santa Fe,13,Rosario,03410,,LA LIBERTAD AVANZA,agrupacion,2190,PROVISORIO,2023_BALOTAJE_santafe_presidente_mesa.csv
2023,BALOTAJE,2023-11-19,PRESIDENTE Y VICE,21,Santa Fe,13,Rosario,03410,,NULO,nulos,65,PROVISORIO,2023_BALOTAJE_santafe_presidente_mesa.csv
2023,BALOTAJE,2023-11-19,PRESIDENTE Y VICE,21,Santa Fe,13,Rosario,03410,,RECURRIDO,recurridos,1,PROVISORIO,2023_BALOTAJE_santafe_presidente_mesa.csv
2023,BALOTAJE,2023-11-19,PRESIDENTE Y VICE,21,Santa Fe,13,Rosario,03410,,UNION POR LA PATRIA,agrupacion,1495,PROVISORIO,2023_BALOTAJE_santafe_presidente_mesa.csv
2023,BALOTAJE,2023-11-19,PRESIDENTE Y VICE,21,Santa Fe,13,Rosario,03415,,EN BLANCO,blancos,8,PROVISORIO,2023_BALOTAJE_santafe_presidente_mesa.csv
2023,BALOTAJE,2023-11-19,PRESIDENTE Y VICE,21,Santa Fe,13,Rosario,03415,,IMPUGNADO,impugnados,0,PROVISORIO,2023_BALOTAJE_santafe_presidente_mesa.csv
2023,BALOTAJE,2023-11-19,PRESIDENTE Y VICE,21,Santa Fe,13,Rosario,03415,,LA LIBERTAD AVANZA,agrupacion,271,PROVISORIO,2023_BALOTAJE_santafe_presidente_mesa.csv
2023,BALOTAJE,2023-11-19,PRESIDENTE Y VICE,21,Santa Fe,13,Rosario,03415,,NULO,nulos,3,PROVISORIO,2023_BALOTAJE_santafe_presidente_mesa.csv
2023,BALOTAJE,2023-11-19,PRESIDENTE Y VICE,21,Santa Fe,13,Rosario,03415,,RECURRIDO,recurridos,0,PROVISORIO,2023_BALOTAJE_santafe_presidente_mesa.csv
2023,BALOTAJE,2023-11-19,PRESIDENTE Y VICE,21,Santa Fe,13,Rosario,03415,,UNION POR LA PATRIA,agrupacion,139,PROVISORIO,2023_BALOTAJE_santafe_presidente_mesa.csv
2023,BALOTAJE,2023-11-19,PRESIDENTE Y VICE,21,Santa Fe,13,Rosario,03420,,EN BLANCO,blancos,5,PROVISORIO,2023_BALOTAJE_santafe_presidente_mesa.csv
2023,BALOTAJE,2023-11-19,PRESIDENTE Y VICE,21,Santa Fe,13,Rosario,03420,,IMPUGNADO,impugnados,0,PROVISORIO,2023_BALOTAJE_santafe_presidente_mesa.csv
2023,BALOTAJE,2023-11-19,PRESIDENTE Y VICE,21,Santa Fe,13,Rosario,03420,,LA LIBERTAD AVANZA,agrupacion,175,PROVISORIO,2023_BALOTAJE_santafe_presidente_mesa.csv
2023,BALOTAJE,2023-11-19,PRESIDENTE Y VICE,21,Santa Fe,13,Rosario,03420,,NULO,nulos,10,PROVISORIO,2023_BALOTAJE_santafe_presidente_mesa.csv
2023,BALOTAJE,2023-11-19,PRESIDENTE Y VICE,21,Santa Fe,13,Rosario,03420,,RECURRIDO,recurridos,0,PROVISORIO,2023_BALOTAJE_santafe_presidente_mesa.csv
2023,BALOTAJE,2023-11-19,PRESIDENTE Y VICE,21,Santa Fe,13,Rosario,03420,,UNION POR LA PATRIA,agrupacion,42,PROVISORIO,2023_BALOTAJE_santafe_presidente_mesa.csv
2023,BALOTAJE,2023-11-19,PRESIDENTE Y VICE,21,Santa Fe,13,Rosario,03430,,EN BLANCO,blancos,72,PROVISORIO,2023_BALOTAJE_santafe_presidente_mesa.csv
2023,BALOTAJE,2023-11-19,PRESIDENTE Y VICE,21,Santa Fe,13,Rosario,03430,,IMPUGNADO,impugnados,0,PROVISORIO,2023_BALOTAJE_santafe_presidente_mesa.csv
2023,BALOTAJE,2023-11-19,PRESIDENTE Y VICE,21,Santa Fe,13,Rosario,03430,,LA LIBERTAD AVANZA,agrupacion,3209,PROVISORIO,2023_BALOTAJE_santafe_presidente_mesa.csv
2023,BALOTAJE,2023-11-19,PRESIDENTE Y VICE,21,Santa Fe,13,Rosario,03430,,NULO,nulos,143,PROVISORIO,2023_BALOTAJE_santafe_presidente_mesa.csv
2023,BALOTAJE,2023-11-19,PRESIDENTE Y VICE,21,Santa Fe,13,Rosario,03430,,RECURRIDO,recurridos,0,PROVISORIO,2023_BALOTAJE_santafe_presidente_mesa.csv
2023,BALOTAJE,2023-11-19,PRESIDENTE Y VICE,21,Santa Fe,13,Rosario,03430,,UNION POR LA PATRIA,agrupacion,1598,PROVISORIO,2023_BALOTAJE_santafe_presidente_mesa.csv
2023,BALOTAJE,2023-11-19,PRESIDENTE Y VICE,21,Santa Fe,13,Rosario,03435,,EN BLANCO,blancos,10,PROVISORIO,2023_BALOTAJE_santafe_presidente_mesa.csv
2023,BALOTAJE,2023-11-19,PRESIDENTE Y VICE,21,Santa Fe,13,Rosario,03435,,IMPUGNADO,impugnados,0,PROVISORIO,2023_BALOTAJE_santafe_presidente_mesa.csv
2023,BALOTAJE,2023-11-19,PRESIDENTE Y VICE,21,Santa Fe,13,Rosario,03435,,LA LIBERTAD AVANZA,agrupacion,914,PROVISORIO,2023_BALOTAJE_santafe_presidente_mesa.csv
2023,BALOTAJE,2023-11-19,PRESIDENTE Y VICE,21,Santa Fe,13,Rosario,03435,,NULO,nulos,32,PROVISORIO,2023_BALOTAJE_santafe_presidente_mesa.csv
2023,BALOTAJE,2023-11-19,PRESIDENTE Y VICE,21,Santa Fe,13,Rosario,03435,,RECURRIDO,recurridos,1,PROVISORIO,2023_BALOTAJE_santafe_presidente_mesa.csv
2023,BALOTAJE,2023-11-19,PRESIDENTE Y VICE,21,Santa Fe,13,Rosario,03435,,UNION POR LA PATRIA,agrupacion,582,PROVISORIO,2023_BALOTAJE_santafe_presidente_mesa.csv
2023,BALOTAJE,2023-11-19,PRESIDENTE Y VICE,21,Santa Fe,13,Rosario,03450,,EN BLANCO,blancos,219,PROVISORIO,2023_BALOTAJE_santafe_presidente_mesa.csv
2023,BALOTAJE,2023-11-19,PRESIDENTE Y VICE,21,Santa Fe,13,Rosario,03450,,IMPUGNADO,impugnados,0,PROVISORIO,2023_BALOTAJE_santafe_presidente_mesa.csv
2023,BALOTAJE,2023-11-19,PRESIDENTE Y VICE,21,Santa Fe,13,Rosario,03450,,LA LIBERTAD AVANZA,agrupacion,9802,PROVISORIO,2023_BALOTAJE_santafe_presidente_mesa.csv
2023,BALOTAJE,2023-11-19,PRESIDENTE Y VICE,21,Santa Fe,13,Rosario,03450,,NULO,nulos,384,PROVISORIO,2023_BALOTAJE_santafe_presidente_mesa.csv
2023,BALOTAJE,2023-11-19,PRESIDENTE Y VICE,21,Santa Fe,13,Rosario,03450,,RECURRIDO,recurridos,0,PROVISORIO,2023_BALOTAJE_santafe_presidente_mesa.csv
2023,BALOTAJE,2023-11-19,PRESIDENTE Y VICE,21,Santa Fe,13,Rosario,03450,,UNION POR LA PATRIA,agrupacion,5374,PROVISORIO,2023_BALOTAJE_santafe_presidente_mesa.csv
2023,BALOTAJE,2023-11-19,PRESIDENTE Y VICE,21,Santa Fe,13,Rosario,03455,,EN BLANCO,blancos,60,PROVISORIO,2023_BALOTAJE_santafe_presidente_mesa.csv
2023,BALOTAJE,2023-11-19,PRESIDENTE Y VICE,21,Santa Fe,13,Rosario,03455,,IMPUGNADO,impugnados,0,PROVISORIO,2023_BALOTAJE_santafe_presidente_mesa.csv
2023,BALOTAJE,2023-11-19,PRESIDENTE Y VICE,21,Santa Fe,13,Rosario,03455,,LA LIBERTAD AVANZA,agrupacion,2119,PROVISORIO,2023_BALOTAJE_santafe_presidente_mesa.csv
2023,BALOTAJE,2023-11-19,PRESIDENTE Y VICE,21,Santa Fe,13,Rosario,03455,,NULO,nulos,91,PROVISORIO,2023_BALOTAJE_santafe_presidente_mesa.csv
2023,BALOTAJE,2023-11-19,PRESIDENTE Y VICE,21,Santa Fe,13,Rosario,03455,,RECURRIDO,recurridos,0,PROVISORIO,2023_BALOTAJE_santafe_presidente_mesa.csv
2023,BALOTAJE,2023-11-19,PRESIDENTE Y VICE,21,Santa Fe,13,Rosario,03455,,UNION POR LA PATRIA,agrupacion,1595,PROVISORIO,2023_BALOTAJE_santafe_presidente_mesa.csv
2023,BALOTAJE,2023-11-19,PRESIDENTE Y VICE,21,Santa Fe,13,Rosario,03500,,EN BLANCO,blancos,8,PROVISORIO,2023_BALOTAJE_santafe_presidente_mesa.csv
2023,BALOTAJE,2023-11-19,PRESIDENTE Y VICE,21,Santa Fe,13,Rosario,03500,,IMPUGNADO,impugnados,0,PROVISORIO,2023_BALOTAJE_santafe_presidente_mesa.csv
2023,BALOTAJE,2023-11-19,PRESIDENTE Y VICE,21,Santa Fe,13,Rosario,03500,,LA LIBERTAD AVANZA,agrupacion,326,PROVISORIO,2023_BALOTAJE_santafe_presidente_mesa.csv
2023,BALOTAJE,2023-11-19,PRESIDENTE Y VICE,21,Santa Fe,13,Rosario,03500,,NULO,nulos,14,PROVISORIO,2023_BALOTAJE_santafe_presidente_mesa.csv
2023,BALOTAJE,2023-11-19,PRESIDENTE Y VICE,21,Santa Fe,13,Rosario,03500,,RECURRIDO,recurridos,0,PROVISORIO,2023_BALOTAJE_santafe_presidente_mesa.csv
2023,BALOTAJE,2023-11-19,PRESIDENTE Y VICE,21,Santa Fe,13,Rosario,03500,,UNION POR LA PATRIA,agrupacion,259,PROVISORIO,2023_BALOTAJE_santafe_presidente_mesa.csv
2023,BALOTAJE,2023-11-19,PRESIDENTE Y VICE,21,Santa Fe,13,Rosario,03505,,EN BLANCO,blancos,16,PROVISORIO,2023_BALOTAJE_santafe_presidente_mesa.csv
2023,BALOTAJE,2023-11-19,PRESIDENTE Y VICE,21,Santa Fe,13,Rosario,03505,,IMPUGNADO,impugnados,0,PROVISORIO,2023_BALOTAJE_santafe_presidente_mesa.csv
2023,BALOTAJE,2023-11-19,PRESIDENTE Y VICE,21,Santa Fe,13,Rosario,03505,,LA LIBERTAD AVANZA,agrupacion,529,PROVISORIO,2023_BALOTAJE_santafe_presidente_mesa.csv
2023,BALOTAJE,2023-11-19,PRESIDENTE Y VICE,21,Santa Fe,13,Rosario,03505,,NULO,nulos,18,PROVISORIO,2023_BALOTAJE_santafe_presidente_mesa.csv
2023,BALOTAJE,2023-11-19,PRESIDENTE Y VICE,21,Santa Fe,13,Rosario,03505,,RECURRIDO,recurridos,0,PROVISORIO,2023_BALOTAJE_santafe_presidente_mesa.csv
2023,BALOTAJE,2023-11-19,PRESIDENTE Y VICE,21,Santa Fe,13,Rosario,03505,,UNION POR LA PATRIA,agrupacion,151,PROVISORIO,2023_BALOTAJE_santafe_presidente_mesa.csv
2023,BALOTAJE,2023-11-19,PRESIDENTE Y VICE,21,Santa Fe,13,Rosario,03510,,EN BLANCO,blancos,36,PROVISORIO,2023_BALOTAJE_santafe_presidente_mesa.csv
2023,BALOTAJE,2023-11-19,PRESIDENTE Y VICE,21,Santa Fe,13,Rosario,03510,,IMPUGNADO,impugnados,0,PROVISORIO,2023_BALOTAJE_santafe_presidente_mesa.csv
2023,BALOTAJE,2023-11-19,PRESIDENTE Y VICE,21,Santa Fe,13,Rosario,03510,,LA LIBERTAD AVANZA,agrupacion,961,PROVISORIO,2023_BALOTAJE_santafe_presidente_mesa.csv
2023,BALOTAJE,2023-11-19,PRESIDENTE Y VICE,21,Santa Fe,13,Rosario,03510,,NULO,nulos,64,PROVISORIO,2023_BALOTAJE_santafe_presidente_mesa.csv
2023,BALOTAJE,2023-11-19,PRESIDENTE Y VICE,21,Santa Fe,13,Rosario,03510,,RECURRIDO,recurridos,0,PROVISORIO,2023_BALOTAJE_santafe_presidente_mesa.csv
2023,BALOTAJE,2023-11-19,PRESIDENTE Y VICE,21,Santa Fe,13,Rosario,03510,,UNION POR LA PATRIA,agrupacion,654,PROVISORIO,2023_BALOTAJE_santafe_presidente_mesa.csv
2023,BALOTAJE,2023-11-19,PRESIDENTE Y VICE,21,Santa Fe,13,Rosario,03515,,EN BLANCO,blancos,5,PROVISORIO,2023_BALOTAJE_santafe_presidente_mesa.csv
2023,BALOTAJE,2023-11-19,PRESIDENTE Y VICE,21,Santa Fe,13,Rosario,03515,,IMPUGNADO,impugnados,0,PROVISORIO,2023_BALOTAJE_santafe_presidente_mesa.csv
2023,BALOTAJE,2023-11-19,PRESIDENTE Y VICE,21,Santa Fe,13,Rosario,03515,,LA LIBERTAD AVANZA,agrupacion,169,PROVISORIO,2023_BALOTAJE_santafe_presidente_mesa.csv
2023,BALOTAJE,2023-11-19,PRESIDENTE Y VICE,21,Santa Fe,13,Rosario,03515,,NULO,nulos,4,PROVISORIO,2023_BALOTAJE_santafe_presidente_mesa.csv
2023,BALOTAJE,2023-11-19,PRESIDENTE Y VICE,21,Santa Fe,13,Rosario,03515,,RECURRIDO,recurridos,0,PROVISORIO,2023_BALOTAJE_santafe_presidente_mesa.csv
2023,BALOTAJE,2023-11-19,PRESIDENTE Y VICE,21,Santa Fe,13,Rosario,03515,,UNION POR LA PATRIA,agrupacion,90,PROVISORIO,2023_BALOTAJE_santafe_presidente_mesa.csv
2023,BALOTAJE,2023-11-19,PRESIDENTE Y VICE,21,Santa Fe,13,Rosario,03520,,EN BLANCO,blancos,452,PROVISORIO,2023_BALOTAJE_santafe_presidente_mesa.csv
2023,BALOTAJE,2023-11-19,PRESIDENTE Y VICE,21,Santa Fe,13,Rosario,03520,,IMPUGNADO,impugnados,0,PROVISORIO,2023_BALOTAJE_santafe_presidente_mesa.csv
2023,BALOTAJE,2023-11-19,PRESIDENTE Y VICE,21,Santa Fe,13,Rosario,03520,,LA LIBERTAD AVANZA,agrupacion,16609,PROVISORIO,2023_BALOTAJE_santafe_presidente_mesa.csv
2023,BALOTAJE,2023-11-19,PRESIDENTE Y VICE,21,Santa Fe,13,Rosario,03520,,NULO,nulos,490,PROVISORIO,2023_BALOTAJE_santafe_presidente_mesa.csv
2023,BALOTAJE,2023-11-19,PRESIDENTE Y VICE,21,Santa Fe,13,Rosario,03520,,RECURRIDO,recurridos,3,PROVISORIO,2023_BALOTAJE_santafe_presidente_mesa.csv
2023,BALOTAJE,2023-11-19,PRESIDENTE Y VICE,21,Santa Fe,13,Rosario,03520,,UNION POR LA PATRIA,agrupacion,6929,PROVISORIO,2023_BALOTAJE_santafe_presidente_mesa.csv
2023,BALOTAJE,2023-11-19,PRESIDENTE Y VICE,21,Santa Fe,13,Rosario,03550,,EN BLANCO,blancos,359,PROVISORIO,2023_BALOTAJE_santafe_presidente_mesa.csv
2023,BALOTAJE,2023-11-19,PRESIDENTE Y VICE,21,Santa Fe,13,Rosario,03550,,IMPUGNADO,impugnados,1,PROVISORIO,2023_BALOTAJE_santafe_presidente_mesa.csv
2023,BALOTAJE,2023-11-19,PRESIDENTE Y VICE,21,Santa Fe,13,Rosario,03550,,LA LIBERTAD AVANZA,agrupacion,16381,PROVISORIO,2023_BALOTAJE_santafe_presidente_mesa.csv
2023,BALOTAJE,2023-11-19,PRESIDENTE Y VICE,21,Santa Fe,13,Rosario,03550,,NULO,nulos,658,PROVISORIO,2023_BALOTAJE_santafe_presidente_mesa.csv
2023,BALOTAJE,2023-11-19,PRESIDENTE Y VICE,21,Santa Fe,13,Rosario,03550,,RECURRIDO,recurridos,3,PROVISORIO,2023_BALOTAJE_santafe_presidente_mesa.csv
2023,BALOTAJE,2023-11-19,PRESIDENTE Y VICE,21,Santa Fe,13,Rosario,03550,,UNION POR LA PATRIA,agrupacion,11756,PROVISORIO,2023_BALOTAJE_santafe_presidente_mesa.csv
2023,BALOTAJE,2023-11-19,PRESIDENTE Y VICE,21,Santa Fe,13,Rosario,03555,,EN BLANCO,blancos,52,PROVISORIO,2023_BALOTAJE_santafe_presidente_mesa.csv
2023,BALOTAJE,2023-11-19,PRESIDENTE Y VICE,21,Santa Fe,13,Rosario,03555,,IMPUGNADO,impugnados,0,PROVISORIO,2023_BALOTAJE_santafe_presidente_mesa.csv
2023,BALOTAJE,2023-11-19,PRESIDENTE Y VICE,21,Santa Fe,13,Rosario,03555,,LA LIBERTAD AVANZA,agrupacion,2550,PROVISORIO,2023_BALOTAJE_santafe_presidente_mesa.csv
2023,BALOTAJE,2023-11-19,PRESIDENTE Y VICE,21,Santa Fe,13,Rosario,03555,,NULO,nulos,99,PROVISORIO,2023_BALOTAJE_santafe_presidente_mesa.csv
2023,BALOTAJE,2023-11-19,PRESIDENTE Y VICE,21,Santa Fe,13,Rosario,03555,,RECURRIDO,recurridos,0,PROVISORIO,2023_BALOTAJE_santafe_presidente_mesa.csv
2023,BALOTAJE,2023-11-19,PRESIDENTE Y VICE,21,Santa Fe,13,Rosario,03555,,UNION POR LA PATRIA,agrupacion,1568,PROVISORIO,2023_BALOTAJE_santafe_presidente_mesa.csv
2023,BALOTAJE,2023-11-19,PRESIDENTE Y VICE,21,Santa Fe,13,Rosario,03560,,EN BLANCO,blancos,204,PROVISORIO,2023_BALOTAJE_santafe_presidente_mesa.csv
2023,BALOTAJE,2023-11-19,PRESIDENTE Y VICE,21,Santa Fe,13,Rosario,03560,,IMPUGNADO,impugnados,0,PROVISORIO,2023_BALOTAJE_santafe_presidente_mesa.csv
2023,BALOTAJE,2023-11-19,PRESIDENTE Y VICE,21,Santa Fe,13,Rosario,03560,,LA LIBERTAD AVANZA,agrupacion,8012,PROVISORIO,2023_BALOTAJE_santafe_presidente_mesa.csv
2023,BALOTAJE,2023-11-19,PRESIDENTE Y VICE,21,Santa Fe,13,Rosario,03560,,NULO,nulos,330,PROVISORIO,2023_BALOTAJE_santafe_presidente_mesa.csv
2023,BALOTAJE,2023-11-19,PRESIDENTE Y VICE,21,Santa Fe,13,Rosario,03560,,RECURRIDO,recurridos,0,PROVISORIO,2023_BALOTAJE_santafe_presidente_mesa.csv
2023,BALOTAJE,2023-11-19,PRESIDENTE Y VICE,21,Santa Fe,13,Rosario,03560,,UNION POR LA PATRIA,agrupacion,5331,PROVISORIO,2023_BALOTAJE_santafe_presidente_mesa.csv
2023,BALOTAJE,2023-11-19,PRESIDENTE Y VICE,21,Santa Fe,13,Rosario,03565,,EN BLANCO,blancos,75,PROVISORIO,2023_BALOTAJE_santafe_presidente_mesa.csv
2023,BALOTAJE,2023-11-19,PRESIDENTE Y VICE,21,Santa Fe,13,Rosario,03565,,IMPUGNADO,impugnados,0,PROVISORIO,2023_BALOTAJE_santafe_presidente_mesa.csv
2023,BALOTAJE,2023-11-19,PRESIDENTE Y VICE,21,Santa Fe,13,Rosario,03565,,LA LIBERTAD AVANZA,agrupacion,3588,PROVISORIO,2023_BALOTAJE_santafe_presidente_mesa.csv
2023,BALOTAJE,2023-11-19,PRESIDENTE Y VICE,21,Santa Fe,13,Rosario,03565,,NULO,nulos,190,PROVISORIO,2023_BALOTAJE_santafe_presidente_mesa.csv
2023,BALOTAJE,2023-11-19,PRESIDENTE Y VICE,21,Santa Fe,13,Rosario,03565,,RECURRIDO,recurridos,0,PROVISORIO,2023_BALOTAJE_santafe_presidente_mesa.csv
2023,BALOTAJE,2023-11-19,PRESIDENTE Y VICE,21,Santa Fe,13,Rosario,03565,,UNION POR LA PATRIA,agrupacion,3394,PROVISORIO,2023_BALOTAJE_santafe_presidente_mesa.csv
2023,BALOTAJE,2023-11-19,PRESIDENTE Y VICE,21,Santa Fe,13,Rosario,03570,,EN BLANCO,blancos,49,PROVISORIO,2023_BALOTAJE_santafe_presidente_mesa.csv
2023,BALOTAJE,2023-11-19,PRESIDENTE Y VICE,21,Santa Fe,13,Rosario,03570,,IMPUGNADO,impugnados,0,PROVISORIO,2023_BALOTAJE_santafe_presidente_mesa.csv
2023,BALOTAJE,2023-11-19,PRESIDENTE Y VICE,21,Santa Fe,13,Rosario,03570,,LA LIBERTAD AVANZA,agrupacion,1834,PROVISORIO,2023_BALOTAJE_santafe_presidente_mesa.csv
2023,BALOTAJE,2023-11-19,PRESIDENTE Y VICE,21,Santa Fe,13,Rosario,03570,,NULO,nulos,68,PROVISORIO,2023_BALOTAJE_santafe_presidente_mesa.csv
2023,BALOTAJE,2023-11-19,PRESIDENTE Y VICE,21,Santa Fe,13,Rosario,03570,,RECURRIDO,recurridos,1,PROVISORIO,2023_BALOTAJE_santafe_presidente_mesa.csv
2023,BALOTAJE,2023-11-19,PRESIDENTE Y VICE,21,Santa Fe,13,Rosario,03570,,UNION POR LA PATRIA,agrupacion,952,PROVISORIO,2023_BALOTAJE_santafe_presidente_mesa.csv
2023,BALOTAJE,2023-11-19,PRESIDENTE Y VICE,21,Santa Fe,13,Rosario,03580,,EN BLANCO,blancos,18,PROVISORIO,2023_BALOTAJE_santafe_presidente_mesa.csv
2023,BALOTAJE,2023-11-19,PRESIDENTE Y VICE,21,Santa Fe,13,Rosario,03580,,IMPUGNADO,impugnados,0,PROVISORIO,2023_BALOTAJE_santafe_presidente_mesa.csv
2023,BALOTAJE,2023-11-19,PRESIDENTE Y VICE,21,Santa Fe,13,Rosario,03580,,LA LIBERTAD AVANZA,agrupacion,742,PROVISORIO,2023_BALOTAJE_santafe_presidente_mesa.csv
2023,BALOTAJE,2023-11-19,PRESIDENTE Y VICE,21,Santa Fe,13,Rosario,03580,,NULO,nulos,27,PROVISORIO,2023_BALOTAJE_santafe_presidente_mesa.csv
2023,BALOTAJE,2023-11-19,PRESIDENTE Y VICE,21,Santa Fe,13,Rosario,03580,,RECURRIDO,recurridos,2,PROVISORIO,2023_BALOTAJE_santafe_presidente_mesa.csv
2023,BALOTAJE,2023-11-19,PRESIDENTE Y VICE,21,Santa Fe,13,Rosario,03580,,UNION POR LA PATRIA,agrupacion,346,PROVISORIO,2023_BALOTAJE_santafe_presidente_mesa.csv
2023,BALOTAJE,2023-11-19,PRESIDENTE Y VICE,21,Santa Fe,13,Rosario,03585,,EN BLANCO,blancos,15,PROVISORIO,2023_BALOTAJE_santafe_presidente_mesa.csv
2023,BALOTAJE,2023-11-19,PRESIDENTE Y VICE,21,Santa Fe,13,Rosario,03585,,IMPUGNADO,impugnados,0,PROVISORIO,2023_BALOTAJE_santafe_presidente_mesa.csv
2023,BALOTAJE,2023-11-19,PRESIDENTE Y VICE,21,Santa Fe,13,Rosario,03585,,LA LIBERTAD AVANZA,agrupacion,512,PROVISORIO,2023_BALOTAJE_santafe_presidente_mesa.csv
2023,BALOTAJE,2023-11-19,PRESIDENTE Y VICE,21,Santa Fe,13,Rosario,03585,,NULO,nulos,32,PROVISORIO,2023_BALOTAJE_santafe_presidente_mesa.csv
2023,BALOTAJE,2023-11-19,PRESIDENTE Y VICE,21,Santa Fe,13,Rosario,03585,,RECURRIDO,recurridos,0,PROVISORIO,2023_BALOTAJE_santafe_presidente_mesa.csv
2023,BALOTAJE,2023-11-19,PRESIDENTE Y VICE,21,Santa Fe,13,Rosario,03585,,UNION POR LA PATRIA,agrupacion,205,PROVISORIO,2023_BALOTAJE_santafe_presidente_mesa.csv
2023,BALOTAJE,2023-11-19,PRESIDENTE Y VICE,21,Santa Fe,13,Rosario,03600,,EN BLANCO,blancos,285,PROVISORIO,2023_BALOTAJE_santafe_presidente_mesa.csv
2023,BALOTAJE,2023-11-19,PRESIDENTE Y VICE,21,Santa Fe,13,Rosario,03600,,IMPUGNADO,impugnados,1,PROVISORIO,2023_BALOTAJE_santafe_presidente_mesa.csv
2023,BALOTAJE,2023-11-19,PRESIDENTE Y VICE,21,Santa Fe,13,Rosario,03600,,LA LIBERTAD AVANZA,agrupacion,11790,PROVISORIO,2023_BALOTAJE_santafe_presidente_mesa.csv
2023,BALOTAJE,2023-11-19,PRESIDENTE Y VICE,21,Santa Fe,13,Rosario,03600,,NULO,nulos,587,PROVISORIO,2023_BALOTAJE_santafe_presidente_mesa.csv
2023,BALOTAJE,2023-11-19,PRESIDENTE Y VICE,21,Santa Fe,13,Rosario,03600,,RECURRIDO,recurridos,2,PROVISORIO,2023_BALOTAJE_santafe_presidente_mesa.csv
2023,BALOTAJE,2023-11-19,PRESIDENTE Y VICE,21,Santa Fe,13,Rosario,03600,,UNION POR LA PATRIA,agrupacion,9859,PROVISORIO,2023_BALOTAJE_santafe_presidente_mesa.csv
2023,BALOTAJE,2023-11-19,PRESIDENTE Y VICE,21,Santa Fe,13,Rosario,03602,,EN BLANCO,blancos,243,PROVISORIO,2023_BALOTAJE_santafe_presidente_mesa.csv
2023,BALOTAJE,2023-11-19,PRESIDENTE Y VICE,21,Santa Fe,13,Rosario,03602,,IMPUGNADO,impugnados,0,PROVISORIO,2023_BALOTAJE_santafe_presidente_mesa.csv
2023,BALOTAJE,2023-11-19,PRESIDENTE Y VICE,21,Santa Fe,13,Rosario,03602,,LA LIBERTAD AVANZA,agrupacion,10344,PROVISORIO,2023_BALOTAJE_santafe_presidente_mesa.csv
2023,BALOTAJE,2023-11-19,PRESIDENTE Y VICE,21,Santa Fe,13,Rosario,03602,,NULO,nulos,518,PROVISORIO,2023_BALOTAJE_santafe_presidente_mesa.csv
2023,BALOTAJE,2023-11-19,PRESIDENTE Y VICE,21,Santa Fe,13,Rosario,03602,,RECURRIDO,recurridos,1,PROVISORIO,2023_BALOTAJE_santafe_presidente_mesa.csv
2023,BALOTAJE,2023-11-19,PRESIDENTE Y VICE,21,Santa Fe,13,Rosario,03602,,UNION POR LA PATRIA,agrupacion,8512,PROVISORIO,2023_BALOTAJE_santafe_presidente_mesa.csv
2023,BALOTAJE,2023-11-19,PRESIDENTE Y VICE,21,Santa Fe,13,Rosario,03604,,EN BLANCO,blancos,150,PROVISORIO,2023_BALOTAJE_santafe_presidente_mesa.csv
2023,BALOTAJE,2023-11-19,PRESIDENTE Y VICE,21,Santa Fe,13,Rosario,03604,,IMPUGNADO,impugnados,0,PROVISORIO,2023_BALOTAJE_santafe_presidente_mesa.csv
2023,BALOTAJE,2023-11-19,PRESIDENTE Y VICE,21,Santa Fe,13,Rosario,03604,,LA LIBERTAD AVANZA,agrupacion,7294,PROVISORIO,2023_BALOTAJE_santafe_presidente_mesa.csv
2023,BALOTAJE,2023-11-19,PRESIDENTE Y VICE,21,Santa Fe,13,Rosario,03604,,NULO,nulos,367,PROVISORIO,2023_BALOTAJE_santafe_presidente_mesa.csv
2023,BALOTAJE,2023-11-19,PRESIDENTE Y VICE,21,Santa Fe,13,Rosario,03604,,RECURRIDO,recurridos,3,PROVISORIO,2023_BALOTAJE_santafe_presidente_mesa.csv
2023,BALOTAJE,2023-11-19,PRESIDENTE Y VICE,21,Santa Fe,13,Rosario,03604,,UNION POR LA PATRIA,agrupacion,7592,PROVISORIO,2023_BALOTAJE_santafe_presidente_mesa.csv
2023,BALOTAJE,2023-11-19,PRESIDENTE Y VICE,21,Santa Fe,13,Rosario,03610,,EN BLANCO,blancos,66,PROVISORIO,2023_BALOTAJE_santafe_presidente_mesa.csv
2023,BALOTAJE,2023-11-19,PRESIDENTE Y VICE,21,Santa Fe,13,Rosario,03610,,IMPUGNADO,impugnados,0,PROVISORIO,2023_BALOTAJE_santafe_presidente_mesa.csv
2023,BALOTAJE,2023-11-19,PRESIDENTE Y VICE,21,Santa Fe,13,Rosario,03610,,LA LIBERTAD AVANZA,agrupacion,2770,PROVISORIO,2023_BALOTAJE_santafe_presidente_mesa.csv
2023,BALOTAJE,2023-11-19,PRESIDENTE Y VICE,21,Santa Fe,13,Rosario,03610,,NULO,nulos,135,PROVISORIO,2023_BALOTAJE_santafe_presidente_mesa.csv
2023,BALOTAJE,2023-11-19,PRESIDENTE Y VICE,21,Santa Fe,13,Rosario,03610,,RECURRIDO,recurridos,0,PROVISORIO,2023_BALOTAJE_santafe_presidente_mesa.csv
2023,BALOTAJE,2023-11-19,PRESIDENTE Y VICE,21,Santa Fe,13,Rosario,03610,,UNION POR LA PATRIA,agrupacion,1759,PROVISORIO,2023_BALOTAJE_santafe_presidente_mesa.csv
2023,BALOTAJE,2023-11-19,PRESIDENTE Y VICE,21,Santa Fe,13,Rosario,03615,,EN BLANCO,blancos,44,PROVISORIO,2023_BALOTAJE_santafe_presidente_mesa.csv
2023,BALOTAJE,2023-11-19,PRESIDENTE Y VICE,21,Santa Fe,13,Rosario,03615,,IMPUGNADO,impugnados,0,PROVISORIO,2023_BALOTAJE_santafe_presidente_mesa.csv
2023,BALOTAJE,2023-11-19,PRESIDENTE Y VICE,21,Santa Fe,13,Rosario,03615,,LA LIBERTAD AVANZA,agrupacion,2022,PROVISORIO,2023_BALOTAJE_santafe_presidente_mesa.csv
2023,BALOTAJE,2023-11-19,PRESIDENTE Y VICE,21,Santa Fe,13,Rosario,03615,,NULO,nulos,79,PROVISORIO,2023_BALOTAJE_santafe_presidente_mesa.csv
2023,BALOTAJE,2023-11-19,PRESIDENTE Y VICE,21,Santa Fe,13,Rosario,03615,,RECURRIDO,recurridos,0,PROVISORIO,2023_BALOTAJE_santafe_presidente_mesa.csv
2023,BALOTAJE,2023-11-19,PRESIDENTE Y VICE,21,Santa Fe,13,Rosario,03615,,UNION POR LA PATRIA,agrupacion,1445,PROVISORIO,2023_BALOTAJE_santafe_presidente_mesa.csv
2023,BALOTAJE,2023-11-19,PRESIDENTE Y VICE,21,Santa Fe,13,Rosario,03620,,EN BLANCO,blancos,136,PROVISORIO,2023_BALOTAJE_santafe_presidente_mesa.csv
2023,BALOTAJE,2023-11-19,PRESIDENTE Y VICE,21,Santa Fe,13,Rosario,03620,,IMPUGNADO,impugnados,0,PROVISORIO,2023_BALOTAJE_santafe_presidente_mesa.csv
2023,BALOTAJE,2023-11-19,PRESIDENTE Y VICE,21,Santa Fe,13,Rosario,03620,,LA LIBERTAD AVANZA,agrupacion,4995,PROVISORIO,2023_BALOTAJE_santafe_presidente_mesa.csv
2023,BALOTAJE,2023-11-19,PRESIDENTE Y VICE,21,Santa Fe,13,Rosario,03620,,NULO,nulos,209,PROVISORIO,2023_BALOTAJE_santafe_presidente_mesa.csv
2023,BALOTAJE,2023-11-19,PRESIDENTE Y VICE,21,Santa Fe,13,Rosario,03620,,RECURRIDO,recurridos,2,PROVISORIO,2023_BALOTAJE_santafe_presidente_mesa.csv
2023,BALOTAJE,2023-11-19,PRESIDENTE Y VICE,21,Santa Fe,13,Rosario,03620,,UNION POR LA PATRIA,agrupacion,2911,PROVISORIO,2023_BALOTAJE_santafe_presidente_mesa.csv
2023,BALOTAJE,2023-11-19,PRESIDENTE Y VICE,21,Santa Fe,13,Rosario,03625,,EN BLANCO,blancos,104,PROVISORIO,2023_BALOTAJE_santafe_presidente_mesa.csv
2023,BALOTAJE,2023-11-19,PRESIDENTE Y VICE,21,Santa Fe,13,Rosario,03625,,IMPUGNADO,impugnados,0,PROVISORIO,2023_BALOTAJE_santafe_presidente_mesa.csv
2023,BALOTAJE,2023-11-19,PRESIDENTE Y VICE,21,Santa Fe,13,Rosario,03625,,LA LIBERTAD AVANZA,agrupacion,2816,PROVISORIO,2023_BALOTAJE_santafe_presidente_mesa.csv
2023,BALOTAJE,2023-11-19,PRESIDENTE Y VICE,21,Santa Fe,13,Rosario,03625,,NULO,nulos,73,PROVISORIO,2023_BALOTAJE_santafe_presidente_mesa.csv
2023,BALOTAJE,2023-11-19,PRESIDENTE Y VICE,21,Santa Fe,13,Rosario,03625,,RECURRIDO,recurridos,0,PROVISORIO,2023_BALOTAJE_santafe_presidente_mesa.csv
2023,BALOTAJE,2023-11-19,PRESIDENTE Y VICE,21,Santa Fe,13,Rosario,03625,,UNION POR LA PATRIA,agrupacion,1270,PROVISORIO,2023_BALOTAJE_santafe_presidente_mesa.csv
2023,BALOTAJE,2023-11-19,PRESIDENTE Y VICE,21,Santa Fe,14,Caseros,03640,,EN BLANCO,blancos,151,PROVISORIO,2023_BALOTAJE_santafe_presidente_mesa.csv
2023,BALOTAJE,2023-11-19,PRESIDENTE Y VICE,21,Santa Fe,14,Caseros,03640,,IMPUGNADO,impugnados,0,PROVISORIO,2023_BALOTAJE_santafe_presidente_mesa.csv
2023,BALOTAJE,2023-11-19,PRESIDENTE Y VICE,21,Santa Fe,14,Caseros,03640,,LA LIBERTAD AVANZA,agrupacion,3096,PROVISORIO,2023_BALOTAJE_santafe_presidente_mesa.csv
2023,BALOTAJE,2023-11-19,PRESIDENTE Y VICE,21,Santa Fe,14,Caseros,03640,,NULO,nulos,78,PROVISORIO,2023_BALOTAJE_santafe_presidente_mesa.csv
2023,BALOTAJE,2023-11-19,PRESIDENTE Y VICE,21,Santa Fe,14,Caseros,03640,,RECURRIDO,recurridos,2,PROVISORIO,2023_BALOTAJE_santafe_presidente_mesa.csv
2023,BALOTAJE,2023-11-19,PRESIDENTE Y VICE,21,Santa Fe,14,Caseros,03640,,UNION POR LA PATRIA,agrupacion,1588,PROVISORIO,2023_BALOTAJE_santafe_presidente_mesa.csv
2023,BALOTAJE,2023-11-19,PRESIDENTE Y VICE,21,Santa Fe,14,Caseros,03650,,EN BLANCO,blancos,53,PROVISORIO,2023_BALOTAJE_santafe_presidente_mesa.csv
2023,BALOTAJE,2023-11-19,PRESIDENTE Y VICE,21,Santa Fe,14,Caseros,03650,,IMPUGNADO,impugnados,0,PROVISORIO,2023_BALOTAJE_santafe_presidente_mesa.csv
2023,BALOTAJE,2023-11-19,PRESIDENTE Y VICE,21,Santa Fe,14,Caseros,03650,,LA LIBERTAD AVANZA,agrupacion,1633,PROVISORIO,2023_BALOTAJE_santafe_presidente_mesa.csv
2023,BALOTAJE,2023-11-19,PRESIDENTE Y VICE,21,Santa Fe,14,Caseros,03650,,NULO,nulos,30,PROVISORIO,2023_BALOTAJE_santafe_presidente_mesa.csv
2023,BALOTAJE,2023-11-19,PRESIDENTE Y VICE,21,Santa Fe,14,Caseros,03650,,RECURRIDO,recurridos,0,PROVISORIO,2023_BALOTAJE_santafe_presidente_mesa.csv
2023,BALOTAJE,2023-11-19,PRESIDENTE Y VICE,21,Santa Fe,14,Caseros,03650,,UNION POR LA PATRIA,agrupacion,517,PROVISORIO,2023_BALOTAJE_santafe_presidente_mesa.csv
2023,BALOTAJE,2023-11-19,PRESIDENTE Y VICE,21,Santa Fe,14,Caseros,03660,,EN BLANCO,blancos,23,PROVISORIO,2023_BALOTAJE_santafe_presidente_mesa.csv
2023,BALOTAJE,2023-11-19,PRESIDENTE Y VICE,21,Santa Fe,14,Caseros,03660,,IMPUGNADO,impugnados,0,PROVISORIO,2023_BALOTAJE_santafe_presidente_mesa.csv
2023,BALOTAJE,2023-11-19,PRESIDENTE Y VICE,21,Santa Fe,14,Caseros,03660,,LA LIBERTAD AVANZA,agrupacion,942,PROVISORIO,2023_BALOTAJE_santafe_presidente_mesa.csv
2023,BALOTAJE,2023-11-19,PRESIDENTE Y VICE,21,Santa Fe,14,Caseros,03660,,NULO,nulos,30,PROVISORIO,2023_BALOTAJE_santafe_presidente_mesa.csv
2023,BALOTAJE,2023-11-19,PRESIDENTE Y VICE,21,Santa Fe,14,Caseros,03660,,RECURRIDO,recurridos,0,PROVISORIO,2023_BALOTAJE_santafe_presidente_mesa.csv
2023,BALOTAJE,2023-11-19,PRESIDENTE Y VICE,21,Santa Fe,14,Caseros,03660,,UNION POR LA PATRIA,agrupacion,347,PROVISORIO,2023_BALOTAJE_santafe_presidente_mesa.csv
2023,BALOTAJE,2023-11-19,PRESIDENTE Y VICE,21,Santa Fe,14,Caseros,03670,,EN BLANCO,blancos,67,PROVISORIO,2023_BALOTAJE_santafe_presidente_mesa.csv
2023,BALOTAJE,2023-11-19,PRESIDENTE Y VICE,21,Santa Fe,14,Caseros,03670,,IMPUGNADO,impugnados,0,PROVISORIO,2023_BALOTAJE_santafe_presidente_mesa.csv
2023,BALOTAJE,2023-11-19,PRESIDENTE Y VICE,21,Santa Fe,14,Caseros,03670,,LA LIBERTAD AVANZA,agrupacion,2355,PROVISORIO,2023_BALOTAJE_santafe_presidente_mesa.csv
2023,BALOTAJE,2023-11-19,PRESIDENTE Y VICE,21,Santa Fe,14,Caseros,03670,,NULO,nulos,108,PROVISORIO,2023_BALOTAJE_santafe_presidente_mesa.csv
2023,BALOTAJE,2023-11-19,PRESIDENTE Y VICE,21,Santa Fe,14,Caseros,03670,,RECURRIDO,recurridos,0,PROVISORIO,2023_BALOTAJE_santafe_presidente_mesa.csv
2023,BALOTAJE,2023-11-19,PRESIDENTE Y VICE,21,Santa Fe,14,Caseros,03670,,UNION POR LA PATRIA,agrupacion,1114,PROVISORIO,2023_BALOTAJE_santafe_presidente_mesa.csv
2023,BALOTAJE,2023-11-19,PRESIDENTE Y VICE,21,Santa Fe,14,Caseros,03680,,EN BLANCO,blancos,464,PROVISORIO,2023_BALOTAJE_santafe_presidente_mesa.csv
2023,BALOTAJE,2023-11-19,PRESIDENTE Y VICE,21,Santa Fe,14,Caseros,03680,,IMPUGNADO,impugnados,19,PROVISORIO,2023_BALOTAJE_santafe_presidente_mesa.csv
2023,BALOTAJE,2023-11-19,PRESIDENTE Y VICE,21,Santa Fe,14,Caseros,03680,,LA LIBERTAD AVANZA,agrupacion,15770,PROVISORIO,2023_BALOTAJE_santafe_presidente_mesa.csv
2023,BALOTAJE,2023-11-19,PRESIDENTE Y VICE,21,Santa Fe,14,Caseros,03680,,NULO,nulos,655,PROVISORIO,2023_BALOTAJE_santafe_presidente_mesa.csv
2023,BALOTAJE,2023-11-19,PRESIDENTE Y VICE,21,Santa Fe,14,Caseros,03680,,RECURRIDO,recurridos,2,PROVISORIO,2023_BALOTAJE_santafe_presidente_mesa.csv
2023,BALOTAJE,2023-11-19,PRESIDENTE Y VICE,21,Santa Fe,14,Caseros,03680,,UNION POR LA PATRIA,agrupacion,6817,PROVISORIO,2023_BALOTAJE_santafe_presidente_mesa.csv
2023,BALOTAJE,2023-11-19,PRESIDENTE Y VICE,21,Santa Fe,14,Caseros,03690,,EN BLANCO,blancos,29,PROVISORIO,2023_BALOTAJE_santafe_presidente_mesa.csv
2023,BALOTAJE,2023-11-19,PRESIDENTE Y VICE,21,Santa Fe,14,Caseros,03690,,IMPUGNADO,impugnados,0,PROVISORIO,2023_BALOTAJE_santafe_presidente_mesa.csv
2023,BALOTAJE,2023-11-19,PRESIDENTE Y VICE,21,Santa Fe,14,Caseros,03690,,LA LIBERTAD AVANZA,agrupacion,485,PROVISORIO,2023_BALOTAJE_santafe_presidente_mesa.csv
2023,BALOTAJE,2023-11-19,PRESIDENTE Y VICE,21,Santa Fe,14,Caseros,03690,,NULO,nulos,10,PROVISORIO,2023_BALOTAJE_santafe_presidente_mesa.csv
2023,BALOTAJE,2023-11-19,PRESIDENTE Y VICE,21,Santa Fe,14,Caseros,03690,,RECURRIDO,recurridos,0,PROVISORIO,2023_BALOTAJE_santafe_presidente_mesa.csv
2023,BALOTAJE,2023-11-19,PRESIDENTE Y VICE,21,Santa Fe,14,Caseros,03690,,UNION POR LA PATRIA,agrupacion,263,PROVISORIO,2023_BALOTAJE_santafe_presidente_mesa.csv
2023,BALOTAJE,2023-11-19,PRESIDENTE Y VICE,21,Santa Fe,14,Caseros,03700,,EN BLANCO,blancos,95,PROVISORIO,2023_BALOTAJE_santafe_presidente_mesa.csv
2023,BALOTAJE,2023-11-19,PRESIDENTE Y VICE,21,Santa Fe,14,Caseros,03700,,IMPUGNADO,impugnados,0,PROVISORIO,2023_BALOTAJE_santafe_presidente_mesa.csv
2023,BALOTAJE,2023-11-19,PRESIDENTE Y VICE,21,Santa Fe,14,Caseros,03700,,LA LIBERTAD AVANZA,agrupacion,3436,PROVISORIO,2023_BALOTAJE_santafe_presidente_mesa.csv
2023,BALOTAJE,2023-11-19,PRESIDENTE Y VICE,21,Santa Fe,14,Caseros,03700,,NULO,nulos,96,PROVISORIO,2023_BALOTAJE_santafe_presidente_mesa.csv
2023,BALOTAJE,2023-11-19,PRESIDENTE Y VICE,21,Santa Fe,14,Caseros,03700,,RECURRIDO,recurridos,1,PROVISORIO,2023_BALOTAJE_santafe_presidente_mesa.csv
2023,BALOTAJE,2023-11-19,PRESIDENTE Y VICE,21,Santa Fe,14,Caseros,03700,,UNION POR LA PATRIA,agrupacion,1317,PROVISORIO,2023_BALOTAJE_santafe_presidente_mesa.csv
2023,BALOTAJE,2023-11-19,PRESIDENTE Y VICE,21,Santa Fe,14,Caseros,03710,,EN BLANCO,blancos,104,PROVISORIO,2023_BALOTAJE_santafe_presidente_mesa.csv
2023,BALOTAJE,2023-11-19,PRESIDENTE Y VICE,21,Santa Fe,14,Caseros,03710,,IMPUGNADO,impugnados,0,PROVISORIO,2023_BALOTAJE_santafe_presidente_mesa.csv
2023,BALOTAJE,2023-11-19,PRESIDENTE Y VICE,21,Santa Fe,14,Caseros,03710,,LA LIBERTAD AVANZA,agrupacion,2693,PROVISORIO,2023_BALOTAJE_santafe_presidente_mesa.csv
2023,BALOTAJE,2023-11-19,PRESIDENTE Y VICE,21,Santa Fe,14,Caseros,03710,,NULO,nulos,75,PROVISORIO,2023_BALOTAJE_santafe_presidente_mesa.csv
2023,BALOTAJE,2023-11-19,PRESIDENTE Y VICE,21,Santa Fe,14,Caseros,03710,,RECURRIDO,recurridos,0,PROVISORIO,2023_BALOTAJE_santafe_presidente_mesa.csv
2023,BALOTAJE,2023-11-19,PRESIDENTE Y VICE,21,Santa Fe,14,Caseros,03710,,UNION POR LA PATRIA,agrupacion,884,PROVISORIO,2023_BALOTAJE_santafe_presidente_mesa.csv
2023,BALOTAJE,2023-11-19,PRESIDENTE Y VICE,21,Santa Fe,14,Caseros,03720,,EN BLANCO,blancos,30,PROVISORIO,2023_BALOTAJE_santafe_presidente_mesa.csv
2023,BALOTAJE,2023-11-19,PRESIDENTE Y VICE,21,Santa Fe,14,Caseros,03720,,IMPUGNADO,impugnados,0,PROVISORIO,2023_BALOTAJE_santafe_presidente_mesa.csv
2023,BALOTAJE,2023-11-19,PRESIDENTE Y VICE,21,Santa Fe,14,Caseros,03720,,LA LIBERTAD AVANZA,agrupacion,833,PROVISORIO,2023_BALOTAJE_santafe_presidente_mesa.csv
2023,BALOTAJE,2023-11-19,PRESIDENTE Y VICE,21,Santa Fe,14,Caseros,03720,,NULO,nulos,22,PROVISORIO,2023_BALOTAJE_santafe_presidente_mesa.csv
2023,BALOTAJE,2023-11-19,PRESIDENTE Y VICE,21,Santa Fe,14,Caseros,03720,,RECURRIDO,recurridos,0,PROVISORIO,2023_BALOTAJE_santafe_presidente_mesa.csv
2023,BALOTAJE,2023-11-19,PRESIDENTE Y VICE,21,Santa Fe,14,Caseros,03720,,UNION POR LA PATRIA,agrupacion,287,PROVISORIO,2023_BALOTAJE_santafe_presidente_mesa.csv
2023,BALOTAJE,2023-11-19,PRESIDENTE Y VICE,21,Santa Fe,14,Caseros,03730,,EN BLANCO,blancos,27,PROVISORIO,2023_BALOTAJE_santafe_presidente_mesa.csv
2023,BALOTAJE,2023-11-19,PRESIDENTE Y VICE,21,Santa Fe,14,Caseros,03730,,IMPUGNADO,impugnados,0,PROVISORIO,2023_BALOTAJE_santafe_presidente_mesa.csv
2023,BALOTAJE,2023-11-19,PRESIDENTE Y VICE,21,Santa Fe,14,Caseros,03730,,LA LIBERTAD AVANZA,agrupacion,840,PROVISORIO,2023_BALOTAJE_santafe_presidente_mesa.csv
2023,BALOTAJE,2023-11-19,PRESIDENTE Y VICE,21,Santa Fe,14,Caseros,03730,,NULO,nulos,26,PROVISORIO,2023_BALOTAJE_santafe_presidente_mesa.csv
2023,BALOTAJE,2023-11-19,PRESIDENTE Y VICE,21,Santa Fe,14,Caseros,03730,,RECURRIDO,recurridos,0,PROVISORIO,2023_BALOTAJE_santafe_presidente_mesa.csv
2023,BALOTAJE,2023-11-19,PRESIDENTE Y VICE,21,Santa Fe,14,Caseros,03730,,UNION POR LA PATRIA,agrupacion,415,PROVISORIO,2023_BALOTAJE_santafe_presidente_mesa.csv
2023,BALOTAJE,2023-11-19,PRESIDENTE Y VICE,21,Santa Fe,14,Caseros,03740,,EN BLANCO,blancos,39,PROVISORIO,2023_BALOTAJE_santafe_presidente_mesa.csv
2023,BALOTAJE,2023-11-19,PRESIDENTE Y VICE,21,Santa Fe,14,Caseros,03740,,IMPUGNADO,impugnados,0,PROVISORIO,2023_BALOTAJE_santafe_presidente_mesa.csv
2023,BALOTAJE,2023-11-19,PRESIDENTE Y VICE,21,Santa Fe,14,Caseros,03740,,LA LIBERTAD AVANZA,agrupacion,1145,PROVISORIO,2023_BALOTAJE_santafe_presidente_mesa.csv
2023,BALOTAJE,2023-11-19,PRESIDENTE Y VICE,21,Santa Fe,14,Caseros,03740,,NULO,nulos,12,PROVISORIO,2023_BALOTAJE_santafe_presidente_mesa.csv
2023,BALOTAJE,2023-11-19,PRESIDENTE Y VICE,21,Santa Fe,14,Caseros,03740,,RECURRIDO,recurridos,0,PROVISORIO,2023_BALOTAJE_santafe_presidente_mesa.csv
2023,BALOTAJE,2023-11-19,PRESIDENTE Y VICE,21,Santa Fe,14,Caseros,03740,,UNION POR LA PATRIA,agrupacion,434,PROVISORIO,2023_BALOTAJE_santafe_presidente_mesa.csv
2023,BALOTAJE,2023-11-19,PRESIDENTE Y VICE,21,Santa Fe,14,Caseros,03750,,EN BLANCO,blancos,112,PROVISORIO,2023_BALOTAJE_santafe_presidente_mesa.csv
2023,BALOTAJE,2023-11-19,PRESIDENTE Y VICE,21,Santa Fe,14,Caseros,03750,,IMPUGNADO,impugnados,0,PROVISORIO,2023_BALOTAJE_santafe_presidente_mesa.csv
2023,BALOTAJE,2023-11-19,PRESIDENTE Y VICE,21,Santa Fe,14,Caseros,03750,,LA LIBERTAD AVANZA,agrupacion,3416,PROVISORIO,2023_BALOTAJE_santafe_presidente_mesa.csv
2023,BALOTAJE,2023-11-19,PRESIDENTE Y VICE,21,Santa Fe,14,Caseros,03750,,NULO,nulos,49,PROVISORIO,2023_BALOTAJE_santafe_presidente_mesa.csv
2023,BALOTAJE,2023-11-19,PRESIDENTE Y VICE,21,Santa Fe,14,Caseros,03750,,RECURRIDO,recurridos,0,PROVISORIO,2023_BALOTAJE_santafe_presidente_mesa.csv
2023,BALOTAJE,2023-11-19,PRESIDENTE Y VICE,21,Santa Fe,14,Caseros,03750,,UNION POR LA PATRIA,agrupacion,1007,PROVISORIO,2023_BALOTAJE_santafe_presidente_mesa.csv
2023,BALOTAJE,2023-11-19,PRESIDENTE Y VICE,21,Santa Fe,14,Caseros,03755,,EN BLANCO,blancos,2,PROVISORIO,2023_BALOTAJE_santafe_presidente_mesa.csv
2023,BALOTAJE,2023-11-19,PRESIDENTE Y VICE,21,Santa Fe,14,Caseros,03755,,IMPUGNADO,impugnados,0,PROVISORIO,2023_BALOTAJE_santafe_presidente_mesa.csv
2023,BALOTAJE,2023-11-19,PRESIDENTE Y VICE,21,Santa Fe,14,Caseros,03755,,LA LIBERTAD AVANZA,agrupacion,59,PROVISORIO,2023_BALOTAJE_santafe_presidente_mesa.csv
2023,BALOTAJE,2023-11-19,PRESIDENTE Y VICE,21,Santa Fe,14,Caseros,03755,,NULO,nulos,0,PROVISORIO,2023_BALOTAJE_santafe_presidente_mesa.csv
2023,BALOTAJE,2023-11-19,PRESIDENTE Y VICE,21,Santa Fe,14,Caseros,03755,,RECURRIDO,recurridos,0,PROVISORIO,2023_BALOTAJE_santafe_presidente_mesa.csv
2023,BALOTAJE,2023-11-19,PRESIDENTE Y VICE,21,Santa Fe,14,Caseros,03755,,UNION POR LA PATRIA,agrupacion,25,PROVISORIO,2023_BALOTAJE_santafe_presidente_mesa.csv
2023,BALOTAJE,2023-11-19,PRESIDENTE Y VICE,21,Santa Fe,14,Caseros,03760,,EN BLANCO,blancos,40,PROVISORIO,2023_BALOTAJE_santafe_presidente_mesa.csv
2023,BALOTAJE,2023-11-19,PRESIDENTE Y VICE,21,Santa Fe,14,Caseros,03760,,IMPUGNADO,impugnados,0,PROVISORIO,2023_BALOTAJE_santafe_presidente_mesa.csv
2023,BALOTAJE,2023-11-19,PRESIDENTE Y VICE,21,Santa Fe,14,Caseros,03760,,LA LIBERTAD AVANZA,agrupacion,780,PROVISORIO,2023_BALOTAJE_santafe_presidente_mesa.csv
2023,BALOTAJE,2023-11-19,PRESIDENTE Y VICE,21,Santa Fe,14,Caseros,03760,,NULO,nulos,27,PROVISORIO,2023_BALOTAJE_santafe_presidente_mesa.csv
2023,BALOTAJE,2023-11-19,PRESIDENTE Y VICE,21,Santa Fe,14,Caseros,03760,,RECURRIDO,recurridos,0,PROVISORIO,2023_BALOTAJE_santafe_presidente_mesa.csv
2023,BALOTAJE,2023-11-19,PRESIDENTE Y VICE,21,Santa Fe,14,Caseros,03760,,UNION POR LA PATRIA,agrupacion,383,PROVISORIO,2023_BALOTAJE_santafe_presidente_mesa.csv
2023,BALOTAJE,2023-11-19,PRESIDENTE Y VICE,21,Santa Fe,15,Constitución,03770,,EN BLANCO,blancos,94,PROVISORIO,2023_BALOTAJE_santafe_presidente_mesa.csv
2023,BALOTAJE,2023-11-19,PRESIDENTE Y VICE,21,Santa Fe,15,Constitución,03770,,IMPUGNADO,impugnados,0,PROVISORIO,2023_BALOTAJE_santafe_presidente_mesa.csv
2023,BALOTAJE,2023-11-19,PRESIDENTE Y VICE,21,Santa Fe,15,Constitución,03770,,LA LIBERTAD AVANZA,agrupacion,3236,PROVISORIO,2023_BALOTAJE_santafe_presidente_mesa.csv
2023,BALOTAJE,2023-11-19,PRESIDENTE Y VICE,21,Santa Fe,15,Constitución,03770,,NULO,nulos,100,PROVISORIO,2023_BALOTAJE_santafe_presidente_mesa.csv
2023,BALOTAJE,2023-11-19,PRESIDENTE Y VICE,21,Santa Fe,15,Constitución,03770,,RECURRIDO,recurridos,0,PROVISORIO,2023_BALOTAJE_santafe_presidente_mesa.csv
2023,BALOTAJE,2023-11-19,PRESIDENTE Y VICE,21,Santa Fe,15,Constitución,03770,,UNION POR LA PATRIA,agrupacion,1580,PROVISORIO,2023_BALOTAJE_santafe_presidente_mesa.csv
2023,BALOTAJE,2023-11-19,PRESIDENTE Y VICE,21,Santa Fe,15,Constitución,03772,,EN BLANCO,blancos,82,PROVISORIO,2023_BALOTAJE_santafe_presidente_mesa.csv
2023,BALOTAJE,2023-11-19,PRESIDENTE Y VICE,21,Santa Fe,15,Constitución,03772,,IMPUGNADO,impugnados,0,PROVISORIO,2023_BALOTAJE_santafe_presidente_mesa.csv
2023,BALOTAJE,2023-11-19,PRESIDENTE Y VICE,21,Santa Fe,15,Constitución,03772,,LA LIBERTAD AVANZA,agrupacion,1402,PROVISORIO,2023_BALOTAJE_santafe_presidente_mesa.csv
2023,BALOTAJE,2023-11-19,PRESIDENTE Y VICE,21,Santa Fe,15,Constitución,03772,,NULO,nulos,27,PROVISORIO,2023_BALOTAJE_santafe_presidente_mesa.csv
2023,BALOTAJE,2023-11-19,PRESIDENTE Y VICE,21,Santa Fe,15,Constitución,03772,,RECURRIDO,recurridos,0,PROVISORIO,2023_BALOTAJE_santafe_presidente_mesa.csv
2023,BALOTAJE,2023-11-19,PRESIDENTE Y VICE,21,Santa Fe,15,Constitución,03772,,UNION POR LA PATRIA,agrupacion,885,PROVISORIO,2023_BALOTAJE_santafe_presidente_mesa.csv
2023,BALOTAJE,2023-11-19,PRESIDENTE Y VICE,21,Santa Fe,15,Constitución,03774,,EN BLANCO,blancos,8,PROVISORIO,2023_BALOTAJE_santafe_presidente_mesa.csv
2023,BALOTAJE,2023-11-19,PRESIDENTE Y VICE,21,Santa Fe,15,Constitución,03774,,IMPUGNADO,impugnados,0,PROVISORIO,2023_BALOTAJE_santafe_presidente_mesa.csv
2023,BALOTAJE,2023-11-19,PRESIDENTE Y VICE,21,Santa Fe,15,Constitución,03774,,LA LIBERTAD AVANZA,agrupacion,414,PROVISORIO,2023_BALOTAJE_santafe_presidente_mesa.csv
2023,BALOTAJE,2023-11-19,PRESIDENTE Y VICE,21,Santa Fe,15,Constitución,03774,,NULO,nulos,16,PROVISORIO,2023_BALOTAJE_santafe_presidente_mesa.csv
2023,BALOTAJE,2023-11-19,PRESIDENTE Y VICE,21,Santa Fe,15,Constitución,03774,,RECURRIDO,recurridos,0,PROVISORIO,2023_BALOTAJE_santafe_presidente_mesa.csv
2023,BALOTAJE,2023-11-19,PRESIDENTE Y VICE,21,Santa Fe,15,Constitución,03774,,UNION POR LA PATRIA,agrupacion,243,PROVISORIO,2023_BALOTAJE_santafe_presidente_mesa.csv
2023,BALOTAJE,2023-11-19,PRESIDENTE Y VICE,21,Santa Fe,15,Constitución,03780,,EN BLANCO,blancos,3,PROVISORIO,2023_BALOTAJE_santafe_presidente_mesa.csv
2023,BALOTAJE,2023-11-19,PRESIDENTE Y VICE,21,Santa Fe,15,Constitución,03780,,IMPUGNADO,impugnados,0,PROVISORIO,2023_BALOTAJE_santafe_presidente_mesa.csv
2023,BALOTAJE,2023-11-19,PRESIDENTE Y VICE,21,Santa Fe,15,Constitución,03780,,LA LIBERTAD AVANZA,agrupacion,151,PROVISORIO,2023_BALOTAJE_santafe_presidente_mesa.csv
2023,BALOTAJE,2023-11-19,PRESIDENTE Y VICE,21,Santa Fe,15,Constitución,03780,,NULO,nulos,11,PROVISORIO,2023_BALOTAJE_santafe_presidente_mesa.csv
2023,BALOTAJE,2023-11-19,PRESIDENTE Y VICE,21,Santa Fe,15,Constitución,03780,,RECURRIDO,recurridos,0,PROVISORIO,2023_BALOTAJE_santafe_presidente_mesa.csv
2023,BALOTAJE,2023-11-19,PRESIDENTE Y VICE,21,Santa Fe,15,Constitución,03780,,UNION POR LA PATRIA,agrupacion,133,PROVISORIO,2023_BALOTAJE_santafe_presidente_mesa.csv
2023,BALOTAJE,2023-11-19,PRESIDENTE Y VICE,21,Santa Fe,15,Constitución,03782,,EN BLANCO,blancos,25,PROVISORIO,2023_BALOTAJE_santafe_presidente_mesa.csv
2023,BALOTAJE,2023-11-19,PRESIDENTE Y VICE,21,Santa Fe,15,Constitución,03782,,IMPUGNADO,impugnados,0,PROVISORIO,2023_BALOTAJE_santafe_presidente_mesa.csv
2023,BALOTAJE,2023-11-19,PRESIDENTE Y VICE,21,Santa Fe,15,Constitución,03782,,LA LIBERTAD AVANZA,agrupacion,640,PROVISORIO,2023_BALOTAJE_santafe_presidente_mesa.csv
2023,BALOTAJE,2023-11-19,PRESIDENTE Y VICE,21,Santa Fe,15,Constitución,03782,,NULO,nulos,13,PROVISORIO,2023_BALOTAJE_santafe_presidente_mesa.csv
2023,BALOTAJE,2023-11-19,PRESIDENTE Y VICE,21,Santa Fe,15,Constitución,03782,,RECURRIDO,recurridos,0,PROVISORIO,2023_BALOTAJE_santafe_presidente_mesa.csv
2023,BALOTAJE,2023-11-19,PRESIDENTE Y VICE,21,Santa Fe,15,Constitución,03782,,UNION POR LA PATRIA,agrupacion,375,PROVISORIO,2023_BALOTAJE_santafe_presidente_mesa.csv
2023,BALOTAJE,2023-11-19,PRESIDENTE Y VICE,21,Santa Fe,15,Constitución,03784,,EN BLANCO,blancos,9,PROVISORIO,2023_BALOTAJE_santafe_presidente_mesa.csv
2023,BALOTAJE,2023-11-19,PRESIDENTE Y VICE,21,Santa Fe,15,Constitución,03784,,IMPUGNADO,impugnados,0,PROVISORIO,2023_BALOTAJE_santafe_presidente_mesa.csv
2023,BALOTAJE,2023-11-19,PRESIDENTE Y VICE,21,Santa Fe,15,Constitución,03784,,LA LIBERTAD AVANZA,agrupacion,172,PROVISORIO,2023_BALOTAJE_santafe_presidente_mesa.csv
2023,BALOTAJE,2023-11-19,PRESIDENTE Y VICE,21,Santa Fe,15,Constitución,03784,,NULO,nulos,10,PROVISORIO,2023_BALOTAJE_santafe_presidente_mesa.csv
2023,BALOTAJE,2023-11-19,PRESIDENTE Y VICE,21,Santa Fe,15,Constitución,03784,,RECURRIDO,recurridos,0,PROVISORIO,2023_BALOTAJE_santafe_presidente_mesa.csv
2023,BALOTAJE,2023-11-19,PRESIDENTE Y VICE,21,Santa Fe,15,Constitución,03784,,UNION POR LA PATRIA,agrupacion,99,PROVISORIO,2023_BALOTAJE_santafe_presidente_mesa.csv
2023,BALOTAJE,2023-11-19,PRESIDENTE Y VICE,21,Santa Fe,15,Constitución,03786,,EN BLANCO,blancos,13,PROVISORIO,2023_BALOTAJE_santafe_presidente_mesa.csv
2023,BALOTAJE,2023-11-19,PRESIDENTE Y VICE,21,Santa Fe,15,Constitución,03786,,IMPUGNADO,impugnados,0,PROVISORIO,2023_BALOTAJE_santafe_presidente_mesa.csv
2023,BALOTAJE,2023-11-19,PRESIDENTE Y VICE,21,Santa Fe,15,Constitución,03786,,LA LIBERTAD AVANZA,agrupacion,587,PROVISORIO,2023_BALOTAJE_santafe_presidente_mesa.csv
2023,BALOTAJE,2023-11-19,PRESIDENTE Y VICE,21,Santa Fe,15,Constitución,03786,,NULO,nulos,10,PROVISORIO,2023_BALOTAJE_santafe_presidente_mesa.csv
2023,BALOTAJE,2023-11-19,PRESIDENTE Y VICE,21,Santa Fe,15,Constitución,03786,,RECURRIDO,recurridos,0,PROVISORIO,2023_BALOTAJE_santafe_presidente_mesa.csv
2023,BALOTAJE,2023-11-19,PRESIDENTE Y VICE,21,Santa Fe,15,Constitución,03786,,UNION POR LA PATRIA,agrupacion,158,PROVISORIO,2023_BALOTAJE_santafe_presidente_mesa.csv
2023,BALOTAJE,2023-11-19,PRESIDENTE Y VICE,21,Santa Fe,15,Constitución,03788,,EN BLANCO,blancos,13,PROVISORIO,2023_BALOTAJE_santafe_presidente_mesa.csv
2023,BALOTAJE,2023-11-19,PRESIDENTE Y VICE,21,Santa Fe,15,Constitución,03788,,IMPUGNADO,impugnados,0,PROVISORIO,2023_BALOTAJE_santafe_presidente_mesa.csv
2023,BALOTAJE,2023-11-19,PRESIDENTE Y VICE,21,Santa Fe,15,Constitución,03788,,LA LIBERTAD AVANZA,agrupacion,324,PROVISORIO,2023_BALOTAJE_santafe_presidente_mesa.csv
2023,BALOTAJE,2023-11-19,PRESIDENTE Y VICE,21,Santa Fe,15,Constitución,03788,,NULO,nulos,17,PROVISORIO,2023_BALOTAJE_santafe_presidente_mesa.csv
2023,BALOTAJE,2023-11-19,PRESIDENTE Y VICE,21,Santa Fe,15,Constitución,03788,,RECURRIDO,recurridos,0,PROVISORIO,2023_BALOTAJE_santafe_presidente_mesa.csv
2023,BALOTAJE,2023-11-19,PRESIDENTE Y VICE,21,Santa Fe,15,Constitución,03788,,UNION POR LA PATRIA,agrupacion,88,PROVISORIO,2023_BALOTAJE_santafe_presidente_mesa.csv
2023,BALOTAJE,2023-11-19,PRESIDENTE Y VICE,21,Santa Fe,15,Constitución,03790,,EN BLANCO,blancos,20,PROVISORIO,2023_BALOTAJE_santafe_presidente_mesa.csv
2023,BALOTAJE,2023-11-19,PRESIDENTE Y VICE,21,Santa Fe,15,Constitución,03790,,IMPUGNADO,impugnados,0,PROVISORIO,2023_BALOTAJE_santafe_presidente_mesa.csv
2023,BALOTAJE,2023-11-19,PRESIDENTE Y VICE,21,Santa Fe,15,Constitución,03790,,LA LIBERTAD AVANZA,agrupacion,651,PROVISORIO,2023_BALOTAJE_santafe_presidente_mesa.csv
2023,BALOTAJE,2023-11-19,PRESIDENTE Y VICE,21,Santa Fe,15,Constitución,03790,,NULO,nulos,23,PROVISORIO,2023_BALOTAJE_santafe_presidente_mesa.csv
2023,BALOTAJE,2023-11-19,PRESIDENTE Y VICE,21,Santa Fe,15,Constitución,03790,,RECURRIDO,recurridos,0,PROVISORIO,2023_BALOTAJE_santafe_presidente_mesa.csv
2023,BALOTAJE,2023-11-19,PRESIDENTE Y VICE,21,Santa Fe,15,Constitución,03790,,UNION POR LA PATRIA,agrupacion,336,PROVISORIO,2023_BALOTAJE_santafe_presidente_mesa.csv
2023,BALOTAJE,2023-11-19,PRESIDENTE Y VICE,21,Santa Fe,15,Constitución,03792,,EN BLANCO,blancos,17,PROVISORIO,2023_BALOTAJE_santafe_presidente_mesa.csv
2023,BALOTAJE,2023-11-19,PRESIDENTE Y VICE,21,Santa Fe,15,Constitución,03792,,IMPUGNADO,impugnados,0,PROVISORIO,2023_BALOTAJE_santafe_presidente_mesa.csv
2023,BALOTAJE,2023-11-19,PRESIDENTE Y VICE,21,Santa Fe,15,Constitución,03792,,LA LIBERTAD AVANZA,agrupacion,263,PROVISORIO,2023_BALOTAJE_santafe_presidente_mesa.csv
2023,BALOTAJE,2023-11-19,PRESIDENTE Y VICE,21,Santa Fe,15,Constitución,03792,,NULO,nulos,6,PROVISORIO,2023_BALOTAJE_santafe_presidente_mesa.csv
2023,BALOTAJE,2023-11-19,PRESIDENTE Y VICE,21,Santa Fe,15,Constitución,03792,,RECURRIDO,recurridos,0,PROVISORIO,2023_BALOTAJE_santafe_presidente_mesa.csv
2023,BALOTAJE,2023-11-19,PRESIDENTE Y VICE,21,Santa Fe,15,Constitución,03792,,UNION POR LA PATRIA,agrupacion,167,PROVISORIO,2023_BALOTAJE_santafe_presidente_mesa.csv
2023,BALOTAJE,2023-11-19,PRESIDENTE Y VICE,21,Santa Fe,15,Constitución,03794,,EN BLANCO,blancos,13,PROVISORIO,2023_BALOTAJE_santafe_presidente_mesa.csv
2023,BALOTAJE,2023-11-19,PRESIDENTE Y VICE,21,Santa Fe,15,Constitución,03794,,IMPUGNADO,impugnados,0,PROVISORIO,2023_BALOTAJE_santafe_presidente_mesa.csv
2023,BALOTAJE,2023-11-19,PRESIDENTE Y VICE,21,Santa Fe,15,Constitución,03794,,LA LIBERTAD AVANZA,agrupacion,348,PROVISORIO,2023_BALOTAJE_santafe_presidente_mesa.csv
2023,BALOTAJE,2023-11-19,PRESIDENTE Y VICE,21,Santa Fe,15,Constitución,03794,,NULO,nulos,12,PROVISORIO,2023_BALOTAJE_santafe_presidente_mesa.csv
2023,BALOTAJE,2023-11-19,PRESIDENTE Y VICE,21,Santa Fe,15,Constitución,03794,,RECURRIDO,recurridos,0,PROVISORIO,2023_BALOTAJE_santafe_presidente_mesa.csv
2023,BALOTAJE,2023-11-19,PRESIDENTE Y VICE,21,Santa Fe,15,Constitución,03794,,UNION POR LA PATRIA,agrupacion,160,PROVISORIO,2023_BALOTAJE_santafe_presidente_mesa.csv
2023,BALOTAJE,2023-11-19,PRESIDENTE Y VICE,21,Santa Fe,15,Constitución,03800,,EN BLANCO,blancos,63,PROVISORIO,2023_BALOTAJE_santafe_presidente_mesa.csv
2023,BALOTAJE,2023-11-19,PRESIDENTE Y VICE,21,Santa Fe,15,Constitución,03800,,IMPUGNADO,impugnados,0,PROVISORIO,2023_BALOTAJE_santafe_presidente_mesa.csv
2023,BALOTAJE,2023-11-19,PRESIDENTE Y VICE,21,Santa Fe,15,Constitución,03800,,LA LIBERTAD AVANZA,agrupacion,1312,PROVISORIO,2023_BALOTAJE_santafe_presidente_mesa.csv
2023,BALOTAJE,2023-11-19,PRESIDENTE Y VICE,21,Santa Fe,15,Constitución,03800,,NULO,nulos,56,PROVISORIO,2023_BALOTAJE_santafe_presidente_mesa.csv
2023,BALOTAJE,2023-11-19,PRESIDENTE Y VICE,21,Santa Fe,15,Constitución,03800,,RECURRIDO,recurridos,0,PROVISORIO,2023_BALOTAJE_santafe_presidente_mesa.csv
2023,BALOTAJE,2023-11-19,PRESIDENTE Y VICE,21,Santa Fe,15,Constitución,03800,,UNION POR LA PATRIA,agrupacion,842,PROVISORIO,2023_BALOTAJE_santafe_presidente_mesa.csv
2023,BALOTAJE,2023-11-19,PRESIDENTE Y VICE,21,Santa Fe,15,Constitución,03810,,EN BLANCO,blancos,19,PROVISORIO,2023_BALOTAJE_santafe_presidente_mesa.csv
2023,BALOTAJE,2023-11-19,PRESIDENTE Y VICE,21,Santa Fe,15,Constitución,03810,,IMPUGNADO,impugnados,0,PROVISORIO,2023_BALOTAJE_santafe_presidente_mesa.csv
2023,BALOTAJE,2023-11-19,PRESIDENTE Y VICE,21,Santa Fe,15,Constitución,03810,,LA LIBERTAD AVANZA,agrupacion,876,PROVISORIO,2023_BALOTAJE_santafe_presidente_mesa.csv
2023,BALOTAJE,2023-11-19,PRESIDENTE Y VICE,21,Santa Fe,15,Constitución,03810,,NULO,nulos,37,PROVISORIO,2023_BALOTAJE_santafe_presidente_mesa.csv
2023,BALOTAJE,2023-11-19,PRESIDENTE Y VICE,21,Santa Fe,15,Constitución,03810,,RECURRIDO,recurridos,0,PROVISORIO,2023_BALOTAJE_santafe_presidente_mesa.csv
2023,BALOTAJE,2023-11-19,PRESIDENTE Y VICE,21,Santa Fe,15,Constitución,03810,,UNION POR LA PATRIA,agrupacion,384,PROVISORIO,2023_BALOTAJE_santafe_presidente_mesa.csv
2023,BALOTAJE,2023-11-19,PRESIDENTE Y VICE,21,Santa Fe,15,Constitución,03820,,EN BLANCO,blancos,32,PROVISORIO,2023_BALOTAJE_santafe_presidente_mesa.csv
2023,BALOTAJE,2023-11-19,PRESIDENTE Y VICE,21,Santa Fe,15,Constitución,03820,,IMPUGNADO,impugnados,0,PROVISORIO,2023_BALOTAJE_santafe_presidente_mesa.csv
2023,BALOTAJE,2023-11-19,PRESIDENTE Y VICE,21,Santa Fe,15,Constitución,03820,,LA LIBERTAD AVANZA,agrupacion,1171,PROVISORIO,2023_BALOTAJE_santafe_presidente_mesa.csv
2023,BALOTAJE,2023-11-19,PRESIDENTE Y VICE,21,Santa Fe,15,Constitución,03820,,NULO,nulos,29,PROVISORIO,2023_BALOTAJE_santafe_presidente_mesa.csv
2023,BALOTAJE,2023-11-19,PRESIDENTE Y VICE,21,Santa Fe,15,Constitución,03820,,RECURRIDO,recurridos,1,PROVISORIO,2023_BALOTAJE_santafe_presidente_mesa.csv
2023,BALOTAJE,2023-11-19,PRESIDENTE Y VICE,21,Santa Fe,15,Constitución,03820,,UNION POR LA PATRIA,agrupacion,469,PROVISORIO,2023_BALOTAJE_santafe_presidente_mesa.csv
2023,BALOTAJE,2023-11-19,PRESIDENTE Y VICE,21,Santa Fe,15,Constitución,03830,,EN BLANCO,blancos,74,PROVISORIO,2023_BALOTAJE_santafe_presidente_mesa.csv
2023,BALOTAJE,2023-11-19,PRESIDENTE Y VICE,21,Santa Fe,15,Constitución,03830,,IMPUGNADO,impugnados,0,PROVISORIO,2023_BALOTAJE_santafe_presidente_mesa.csv
2023,BALOTAJE,2023-11-19,PRESIDENTE Y VICE,21,Santa Fe,15,Constitución,03830,,LA LIBERTAD AVANZA,agrupacion,1526,PROVISORIO,2023_BALOTAJE_santafe_presidente_mesa.csv
2023,BALOTAJE,2023-11-19,PRESIDENTE Y VICE,21,Santa Fe,15,Constitución,03830,,NULO,nulos,61,PROVISORIO,2023_BALOTAJE_santafe_presidente_mesa.csv
2023,BALOTAJE,2023-11-19,PRESIDENTE Y VICE,21,Santa Fe,15,Constitución,03830,,RECURRIDO,recurridos,0,PROVISORIO,2023_BALOTAJE_santafe_presidente_mesa.csv
2023,BALOTAJE,2023-11-19,PRESIDENTE Y VICE,21,Santa Fe,15,Constitución,03830,,UNION POR LA PATRIA,agrupacion,682,PROVISORIO,2023_BALOTAJE_santafe_presidente_mesa.csv
2023,BALOTAJE,2023-11-19,PRESIDENTE Y VICE,21,Santa Fe,15,Constitución,03840,,EN BLANCO,blancos,503,PROVISORIO,2023_BALOTAJE_santafe_presidente_mesa.csv
2023,BALOTAJE,2023-11-19,PRESIDENTE Y VICE,21,Santa Fe,15,Constitución,03840,,IMPUGNADO,impugnados,0,PROVISORIO,2023_BALOTAJE_santafe_presidente_mesa.csv
2023,BALOTAJE,2023-11-19,PRESIDENTE Y VICE,21,Santa Fe,15,Constitución,03840,,LA LIBERTAD AVANZA,agrupacion,17340,PROVISORIO,2023_BALOTAJE_santafe_presidente_mesa.csv
2023,BALOTAJE,2023-11-19,PRESIDENTE Y VICE,21,Santa Fe,15,Constitución,03840,,NULO,nulos,764,PROVISORIO,2023_BALOTAJE_santafe_presidente_mesa.csv
2023,BALOTAJE,2023-11-19,PRESIDENTE Y VICE,21,Santa Fe,15,Constitución,03840,,RECURRIDO,recurridos,7,PROVISORIO,2023_BALOTAJE_santafe_presidente_mesa.csv
2023,BALOTAJE,2023-11-19,PRESIDENTE Y VICE,21,Santa Fe,15,Constitución,03840,,UNION POR LA PATRIA,agrupacion,13229,PROVISORIO,2023_BALOTAJE_santafe_presidente_mesa.csv
2023,BALOTAJE,2023-11-19,PRESIDENTE Y VICE,21,Santa Fe,15,Constitución,03845,,EN BLANCO,blancos,93,PROVISORIO,2023_BALOTAJE_santafe_presidente_mesa.csv
2023,BALOTAJE,2023-11-19,PRESIDENTE Y VICE,21,Santa Fe,15,Constitución,03845,,IMPUGNADO,impugnados,0,PROVISORIO,2023_BALOTAJE_santafe_presidente_mesa.csv
2023,BALOTAJE,2023-11-19,PRESIDENTE Y VICE,21,Santa Fe,15,Constitución,03845,,LA LIBERTAD AVANZA,agrupacion,2717,PROVISORIO,2023_BALOTAJE_santafe_presidente_mesa.csv
2023,BALOTAJE,2023-11-19,PRESIDENTE Y VICE,21,Santa Fe,15,Constitución,03845,,NULO,nulos,117,PROVISORIO,2023_BALOTAJE_santafe_presidente_mesa.csv
2023,BALOTAJE,2023-11-19,PRESIDENTE Y VICE,21,Santa Fe,15,Constitución,03845,,RECURRIDO,recurridos,0,PROVISORIO,2023_BALOTAJE_santafe_presidente_mesa.csv
2023,BALOTAJE,2023-11-19,PRESIDENTE Y VICE,21,Santa Fe,15,Constitución,03845,,UNION POR LA PATRIA,agrupacion,2078,PROVISORIO,2023_BALOTAJE_santafe_presidente_mesa.csv
2023,BALOTAJE,2023-11-19,PRESIDENTE Y VICE,21,Santa Fe,15,Constitución,03846,,EN BLANCO,blancos,26,PROVISORIO,2023_BALOTAJE_santafe_presidente_mesa.csv
2023,BALOTAJE,2023-11-19,PRESIDENTE Y VICE,21,Santa Fe,15,Constitución,03846,,IMPUGNADO,impugnados,0,PROVISORIO,2023_BALOTAJE_santafe_presidente_mesa.csv
2023,BALOTAJE,2023-11-19,PRESIDENTE Y VICE,21,Santa Fe,15,Constitución,03846,,LA LIBERTAD AVANZA,agrupacion,1024,PROVISORIO,2023_BALOTAJE_santafe_presidente_mesa.csv
2023,BALOTAJE,2023-11-19,PRESIDENTE Y VICE,21,Santa Fe,15,Constitución,03846,,NULO,nulos,56,PROVISORIO,2023_BALOTAJE_santafe_presidente_mesa.csv
2023,BALOTAJE,2023-11-19,PRESIDENTE Y VICE,21,Santa Fe,15,Constitución,03846,,RECURRIDO,recurridos,0,PROVISORIO,2023_BALOTAJE_santafe_presidente_mesa.csv
2023,BALOTAJE,2023-11-19,PRESIDENTE Y VICE,21,Santa Fe,15,Constitución,03846,,UNION POR LA PATRIA,agrupacion,826,PROVISORIO,2023_BALOTAJE_santafe_presidente_mesa.csv
2023,BALOTAJE,2023-11-19,PRESIDENTE Y VICE,21,Santa Fe,15,Constitución,03848,,EN BLANCO,blancos,4,PROVISORIO,2023_BALOTAJE_santafe_presidente_mesa.csv
2023,BALOTAJE,2023-11-19,PRESIDENTE Y VICE,21,Santa Fe,15,Constitución,03848,,IMPUGNADO,impugnados,0,PROVISORIO,2023_BALOTAJE_santafe_presidente_mesa.csv
2023,BALOTAJE,2023-11-19,PRESIDENTE Y VICE,21,Santa Fe,15,Constitución,03848,,LA LIBERTAD AVANZA,agrupacion,282,PROVISORIO,2023_BALOTAJE_santafe_presidente_mesa.csv
2023,BALOTAJE,2023-11-19,PRESIDENTE Y VICE,21,Santa Fe,15,Constitución,03848,,NULO,nulos,5,PROVISORIO,2023_BALOTAJE_santafe_presidente_mesa.csv
2023,BALOTAJE,2023-11-19,PRESIDENTE Y VICE,21,Santa Fe,15,Constitución,03848,,RECURRIDO,recurridos,0,PROVISORIO,2023_BALOTAJE_santafe_presidente_mesa.csv
2023,BALOTAJE,2023-11-19,PRESIDENTE Y VICE,21,Santa Fe,15,Constitución,03848,,UNION POR LA PATRIA,agrupacion,101,PROVISORIO,2023_BALOTAJE_santafe_presidente_mesa.csv
2023,BALOTAJE,2023-11-19,PRESIDENTE Y VICE,21,Santa Fe,16,General López,03850,,EN BLANCO,blancos,23,PROVISORIO,2023_BALOTAJE_santafe_presidente_mesa.csv
2023,BALOTAJE,2023-11-19,PRESIDENTE Y VICE,21,Santa Fe,16,General López,03850,,IMPUGNADO,impugnados,0,PROVISORIO,2023_BALOTAJE_santafe_presidente_mesa.csv
2023,BALOTAJE,2023-11-19,PRESIDENTE Y VICE,21,Santa Fe,16,General López,03850,,LA LIBERTAD AVANZA,agrupacion,654,PROVISORIO,2023_BALOTAJE_santafe_presidente_mesa.csv
2023,BALOTAJE,2023-11-19,PRESIDENTE Y VICE,21,Santa Fe,16,General López,03850,,NULO,nulos,16,PROVISORIO,2023_BALOTAJE_santafe_presidente_mesa.csv
2023,BALOTAJE,2023-11-19,PRESIDENTE Y VICE,21,Santa Fe,16,General López,03850,,RECURRIDO,recurridos,0,PROVISORIO,2023_BALOTAJE_santafe_presidente_mesa.csv
2023,BALOTAJE,2023-11-19,PRESIDENTE Y VICE,21,Santa Fe,16,General López,03850,,UNION POR LA PATRIA,agrupacion,210,PROVISORIO,2023_BALOTAJE_santafe_presidente_mesa.csv
2023,BALOTAJE,2023-11-19,PRESIDENTE Y VICE,21,Santa Fe,16,General López,03852,,EN BLANCO,blancos,0,PROVISORIO,2023_BALOTAJE_santafe_presidente_mesa.csv
2023,BALOTAJE,2023-11-19,PRESIDENTE Y VICE,21,Santa Fe,16,General López,03852,,IMPUGNADO,impugnados,0,PROVISORIO,2023_BALOTAJE_santafe_presidente_mesa.csv
2023,BALOTAJE,2023-11-19,PRESIDENTE Y VICE,21,Santa Fe,16,General López,03852,,LA LIBERTAD AVANZA,agrupacion,160,PROVISORIO,2023_BALOTAJE_santafe_presidente_mesa.csv
2023,BALOTAJE,2023-11-19,PRESIDENTE Y VICE,21,Santa Fe,16,General López,03852,,NULO,nulos,1,PROVISORIO,2023_BALOTAJE_santafe_presidente_mesa.csv
2023,BALOTAJE,2023-11-19,PRESIDENTE Y VICE,21,Santa Fe,16,General López,03852,,RECURRIDO,recurridos,0,PROVISORIO,2023_BALOTAJE_santafe_presidente_mesa.csv
2023,BALOTAJE,2023-11-19,PRESIDENTE Y VICE,21,Santa Fe,16,General López,03852,,UNION POR LA PATRIA,agrupacion,42,PROVISORIO,2023_BALOTAJE_santafe_presidente_mesa.csv
2023,BALOTAJE,2023-11-19,PRESIDENTE Y VICE,21,Santa Fe,16,General López,03854,,EN BLANCO,blancos,1,PROVISORIO,2023_BALOTAJE_santafe_presidente_mesa.csv
2023,BALOTAJE,2023-11-19,PRESIDENTE Y VICE,21,Santa Fe,16,General López,03854,,IMPUGNADO,impugnados,0,PROVISORIO,2023_BALOTAJE_santafe_presidente_mesa.csv
2023,BALOTAJE,2023-11-19,PRESIDENTE Y VICE,21,Santa Fe,16,General López,03854,,LA LIBERTAD AVANZA,agrupacion,221,PROVISORIO,2023_BALOTAJE_santafe_presidente_mesa.csv
2023,BALOTAJE,2023-11-19,PRESIDENTE Y VICE,21,Santa Fe,16,General López,03854,,NULO,nulos,6,PROVISORIO,2023_BALOTAJE_santafe_presidente_mesa.csv
2023,BALOTAJE,2023-11-19,PRESIDENTE Y VICE,21,Santa Fe,16,General López,03854,,RECURRIDO,recurridos,0,PROVISORIO,2023_BALOTAJE_santafe_presidente_mesa.csv
2023,BALOTAJE,2023-11-19,PRESIDENTE Y VICE,21,Santa Fe,16,General López,03854,,UNION POR LA PATRIA,agrupacion,66,PROVISORIO,2023_BALOTAJE_santafe_presidente_mesa.csv
2023,BALOTAJE,2023-11-19,PRESIDENTE Y VICE,21,Santa Fe,16,General López,03860,,EN BLANCO,blancos,58,PROVISORIO,2023_BALOTAJE_santafe_presidente_mesa.csv
2023,BALOTAJE,2023-11-19,PRESIDENTE Y VICE,21,Santa Fe,16,General López,03860,,IMPUGNADO,impugnados,0,PROVISORIO,2023_BALOTAJE_santafe_presidente_mesa.csv
2023,BALOTAJE,2023-11-19,PRESIDENTE Y VICE,21,Santa Fe,16,General López,03860,,LA LIBERTAD AVANZA,agrupacion,809,PROVISORIO,2023_BALOTAJE_santafe_presidente_mesa.csv
2023,BALOTAJE,2023-11-19,PRESIDENTE Y VICE,21,Santa Fe,16,General López,03860,,NULO,nulos,3,PROVISORIO,2023_BALOTAJE_santafe_presidente_mesa.csv
2023,BALOTAJE,2023-11-19,PRESIDENTE Y VICE,21,Santa Fe,16,General López,03860,,RECURRIDO,recurridos,0,PROVISORIO,2023_BALOTAJE_santafe_presidente_mesa.csv
2023,BALOTAJE,2023-11-19,PRESIDENTE Y VICE,21,Santa Fe,16,General López,03860,,UNION POR LA PATRIA,agrupacion,308,PROVISORIO,2023_BALOTAJE_santafe_presidente_mesa.csv
2023,BALOTAJE,2023-11-19,PRESIDENTE Y VICE,21,Santa Fe,16,General López,03862,,EN BLANCO,blancos,22,PROVISORIO,2023_BALOTAJE_santafe_presidente_mesa.csv
2023,BALOTAJE,2023-11-19,PRESIDENTE Y VICE,21,Santa Fe,16,General López,03862,,IMPUGNADO,impugnados,0,PROVISORIO,2023_BALOTAJE_santafe_presidente_mesa.csv
2023,BALOTAJE,2023-11-19,PRESIDENTE Y VICE,21,Santa Fe,16,General López,03862,,LA LIBERTAD AVANZA,agrupacion,430,PROVISORIO,2023_BALOTAJE_santafe_presidente_mesa.csv
2023,BALOTAJE,2023-11-19,PRESIDENTE Y VICE,21,Santa Fe,16,General López,03862,,NULO,nulos,0,PROVISORIO,2023_BALOTAJE_santafe_presidente_mesa.csv
2023,BALOTAJE,2023-11-19,PRESIDENTE Y VICE,21,Santa Fe,16,General López,03862,,RECURRIDO,recurridos,0,PROVISORIO,2023_BALOTAJE_santafe_presidente_mesa.csv
2023,BALOTAJE,2023-11-19,PRESIDENTE Y VICE,21,Santa Fe,16,General López,03862,,UNION POR LA PATRIA,agrupacion,113,PROVISORIO,2023_BALOTAJE_santafe_presidente_mesa.csv
2023,BALOTAJE,2023-11-19,PRESIDENTE Y VICE,21,Santa Fe,16,General López,03864,,EN BLANCO,blancos,68,PROVISORIO,2023_BALOTAJE_santafe_presidente_mesa.csv
2023,BALOTAJE,2023-11-19,PRESIDENTE Y VICE,21,Santa Fe,16,General López,03864,,IMPUGNADO,impugnados,0,PROVISORIO,2023_BALOTAJE_santafe_presidente_mesa.csv
2023,BALOTAJE,2023-11-19,PRESIDENTE Y VICE,21,Santa Fe,16,General López,03864,,LA LIBERTAD AVANZA,agrupacion,1904,PROVISORIO,2023_BALOTAJE_santafe_presidente_mesa.csv
2023,BALOTAJE,2023-11-19,PRESIDENTE Y VICE,21,Santa Fe,16,General López,03864,,NULO,nulos,34,PROVISORIO,2023_BALOTAJE_santafe_presidente_mesa.csv
2023,BALOTAJE,2023-11-19,PRESIDENTE Y VICE,21,Santa Fe,16,General López,03864,,RECURRIDO,recurridos,0,PROVISORIO,2023_BALOTAJE_santafe_presidente_mesa.csv
2023,BALOTAJE,2023-11-19,PRESIDENTE Y VICE,21,Santa Fe,16,General López,03864,,UNION POR LA PATRIA,agrupacion,809,PROVISORIO,2023_BALOTAJE_santafe_presidente_mesa.csv
2023,BALOTAJE,2023-11-19,PRESIDENTE Y VICE,21,Santa Fe,16,General López,03870,,EN BLANCO,blancos,24,PROVISORIO,2023_BALOTAJE_santafe_presidente_mesa.csv
2023,BALOTAJE,2023-11-19,PRESIDENTE Y VICE,21,Santa Fe,16,General López,03870,,IMPUGNADO,impugnados,0,PROVISORIO,2023_BALOTAJE_santafe_presidente_mesa.csv
2023,BALOTAJE,2023-11-19,PRESIDENTE Y VICE,21,Santa Fe,16,General López,03870,,LA LIBERTAD AVANZA,agrupacion,950,PROVISORIO,2023_BALOTAJE_santafe_presidente_mesa.csv
2023,BALOTAJE,2023-11-19,PRESIDENTE Y VICE,21,Santa Fe,16,General López,03870,,NULO,nulos,34,PROVISORIO,2023_BALOTAJE_santafe_presidente_mesa.csv
2023,BALOTAJE,2023-11-19,PRESIDENTE Y VICE,21,Santa Fe,16,General López,03870,,RECURRIDO,recurridos,0,PROVISORIO,2023_BALOTAJE_santafe_presidente_mesa.csv
2023,BALOTAJE,2023-11-19,PRESIDENTE Y VICE,21,Santa Fe,16,General López,03870,,UNION POR LA PATRIA,agrupacion,284,PROVISORIO,2023_BALOTAJE_santafe_presidente_mesa.csv
2023,BALOTAJE,2023-11-19,PRESIDENTE Y VICE,21,Santa Fe,16,General López,03880,,EN BLANCO,blancos,31,PROVISORIO,2023_BALOTAJE_santafe_presidente_mesa.csv
2023,BALOTAJE,2023-11-19,PRESIDENTE Y VICE,21,Santa Fe,16,General López,03880,,IMPUGNADO,impugnados,0,PROVISORIO,2023_BALOTAJE_santafe_presidente_mesa.csv
2023,BALOTAJE,2023-11-19,PRESIDENTE Y VICE,21,Santa Fe,16,General López,03880,,LA LIBERTAD AVANZA,agrupacion,725,PROVISORIO,2023_BALOTAJE_santafe_presidente_mesa.csv
2023,BALOTAJE,2023-11-19,PRESIDENTE Y VICE,21,Santa Fe,16,General López,03880,,NULO,nulos,11,PROVISORIO,2023_BALOTAJE_santafe_presidente_mesa.csv
2023,BALOTAJE,2023-11-19,PRESIDENTE Y VICE,21,Santa Fe,16,General López,03880,,RECURRIDO,recurridos,0,PROVISORIO,2023_BALOTAJE_santafe_presidente_mesa.csv
2023,BALOTAJE,2023-11-19,PRESIDENTE Y VICE,21,Santa Fe,16,General López,03880,,UNION POR LA PATRIA,agrupacion,543,PROVISORIO,2023_BALOTAJE_santafe_presidente_mesa.csv
2023,BALOTAJE,2023-11-19,PRESIDENTE Y VICE,21,Santa Fe,16,General López,03885,,EN BLANCO,blancos,4,PROVISORIO,2023_BALOTAJE_santafe_presidente_mesa.csv
2023,BALOTAJE,2023-11-19,PRESIDENTE Y VICE,21,Santa Fe,16,General López,03885,,IMPUGNADO,impugnados,0,PROVISORIO,2023_BALOTAJE_santafe_presidente_mesa.csv
2023,BALOTAJE,2023-11-19,PRESIDENTE Y VICE,21,Santa Fe,16,General López,03885,,LA LIBERTAD AVANZA,agrupacion,107,PROVISORIO,2023_BALOTAJE_santafe_presidente_mesa.csv
2023,BALOTAJE,2023-11-19,PRESIDENTE Y VICE,21,Santa Fe,16,General López,03885,,NULO,nulos,3,PROVISORIO,2023_BALOTAJE_santafe_presidente_mesa.csv
2023,BALOTAJE,2023-11-19,PRESIDENTE Y VICE,21,Santa Fe,16,General López,03885,,RECURRIDO,recurridos,0,PROVISORIO,2023_BALOTAJE_santafe_presidente_mesa.csv
2023,BALOTAJE,2023-11-19,PRESIDENTE Y VICE,21,Santa Fe,16,General López,03885,,UNION POR LA PATRIA,agrupacion,65,PROVISORIO,2023_BALOTAJE_santafe_presidente_mesa.csv
2023,BALOTAJE,2023-11-19,PRESIDENTE Y VICE,21,Santa Fe,16,General López,03890,,EN BLANCO,blancos,103,PROVISORIO,2023_BALOTAJE_santafe_presidente_mesa.csv
2023,BALOTAJE,2023-11-19,PRESIDENTE Y VICE,21,Santa Fe,16,General López,03890,,IMPUGNADO,impugnados,0,PROVISORIO,2023_BALOTAJE_santafe_presidente_mesa.csv
2023,BALOTAJE,2023-11-19,PRESIDENTE Y VICE,21,Santa Fe,16,General López,03890,,LA LIBERTAD AVANZA,agrupacion,2536,PROVISORIO,2023_BALOTAJE_santafe_presidente_mesa.csv
2023,BALOTAJE,2023-11-19,PRESIDENTE Y VICE,21,Santa Fe,16,General López,03890,,NULO,nulos,98,PROVISORIO,2023_BALOTAJE_santafe_presidente_mesa.csv
2023,BALOTAJE,2023-11-19,PRESIDENTE Y VICE,21,Santa Fe,16,General López,03890,,RECURRIDO,recurridos,0,PROVISORIO,2023_BALOTAJE_santafe_presidente_mesa.csv
2023,BALOTAJE,2023-11-19,PRESIDENTE Y VICE,21,Santa Fe,16,General López,03890,,UNION POR LA PATRIA,agrupacion,1075,PROVISORIO,2023_BALOTAJE_santafe_presidente_mesa.csv
2023,BALOTAJE,2023-11-19,PRESIDENTE Y VICE,21,Santa Fe,16,General López,03900,,EN BLANCO,blancos,224,PROVISORIO,2023_BALOTAJE_santafe_presidente_mesa.csv
2023,BALOTAJE,2023-11-19,PRESIDENTE Y VICE,21,Santa Fe,16,General López,03900,,IMPUGNADO,impugnados,1,PROVISORIO,2023_BALOTAJE_santafe_presidente_mesa.csv
2023,BALOTAJE,2023-11-19,PRESIDENTE Y VICE,21,Santa Fe,16,General López,03900,,LA LIBERTAD AVANZA,agrupacion,8084,PROVISORIO,2023_BALOTAJE_santafe_presidente_mesa.csv
2023,BALOTAJE,2023-11-19,PRESIDENTE Y VICE,21,Santa Fe,16,General López,03900,,NULO,nulos,323,PROVISORIO,2023_BALOTAJE_santafe_presidente_mesa.csv
2023,BALOTAJE,2023-11-19,PRESIDENTE Y VICE,21,Santa Fe,16,General López,03900,,RECURRIDO,recurridos,1,PROVISORIO,2023_BALOTAJE_santafe_presidente_mesa.csv
2023,BALOTAJE,2023-11-19,PRESIDENTE Y VICE,21,Santa Fe,16,General López,03900,,UNION POR LA PATRIA,agrupacion,4332,PROVISORIO,2023_BALOTAJE_santafe_presidente_mesa.csv
2023,BALOTAJE,2023-11-19,PRESIDENTE Y VICE,21,Santa Fe,16,General López,03904,,EN BLANCO,blancos,35,PROVISORIO,2023_BALOTAJE_santafe_presidente_mesa.csv
2023,BALOTAJE,2023-11-19,PRESIDENTE Y VICE,21,Santa Fe,16,General López,03904,,IMPUGNADO,impugnados,0,PROVISORIO,2023_BALOTAJE_santafe_presidente_mesa.csv
2023,BALOTAJE,2023-11-19,PRESIDENTE Y VICE,21,Santa Fe,16,General López,03904,,LA LIBERTAD AVANZA,agrupacion,985,PROVISORIO,2023_BALOTAJE_santafe_presidente_mesa.csv
2023,BALOTAJE,2023-11-19,PRESIDENTE Y VICE,21,Santa Fe,16,General López,03904,,NULO,nulos,27,PROVISORIO,2023_BALOTAJE_santafe_presidente_mesa.csv
2023,BALOTAJE,2023-11-19,PRESIDENTE Y VICE,21,Santa Fe,16,General López,03904,,RECURRIDO,recurridos,0,PROVISORIO,2023_BALOTAJE_santafe_presidente_mesa.csv
2023,BALOTAJE,2023-11-19,PRESIDENTE Y VICE,21,Santa Fe,16,General López,03904,,UNION POR LA PATRIA,agrupacion,509,PROVISORIO,2023_BALOTAJE_santafe_presidente_mesa.csv
2023,BALOTAJE,2023-11-19,PRESIDENTE Y VICE,21,Santa Fe,16,General López,03906,,EN BLANCO,blancos,19,PROVISORIO,2023_BALOTAJE_santafe_presidente_mesa.csv
2023,BALOTAJE,2023-11-19,PRESIDENTE Y VICE,21,Santa Fe,16,General López,03906,,IMPUGNADO,impugnados,0,PROVISORIO,2023_BALOTAJE_santafe_presidente_mesa.csv
2023,BALOTAJE,2023-11-19,PRESIDENTE Y VICE,21,Santa Fe,16,General López,03906,,LA LIBERTAD AVANZA,agrupacion,418,PROVISORIO,2023_BALOTAJE_santafe_presidente_mesa.csv
2023,BALOTAJE,2023-11-19,PRESIDENTE Y VICE,21,Santa Fe,16,General López,03906,,NULO,nulos,2,PROVISORIO,2023_BALOTAJE_santafe_presidente_mesa.csv
2023,BALOTAJE,2023-11-19,PRESIDENTE Y VICE,21,Santa Fe,16,General López,03906,,RECURRIDO,recurridos,0,PROVISORIO,2023_BALOTAJE_santafe_presidente_mesa.csv
2023,BALOTAJE,2023-11-19,PRESIDENTE Y VICE,21,Santa Fe,16,General López,03906,,UNION POR LA PATRIA,agrupacion,117,PROVISORIO,2023_BALOTAJE_santafe_presidente_mesa.csv
2023,BALOTAJE,2023-11-19,PRESIDENTE Y VICE,21,Santa Fe,16,General López,03908,,EN BLANCO,blancos,3,PROVISORIO,2023_BALOTAJE_santafe_presidente_mesa.csv
2023,BALOTAJE,2023-11-19,PRESIDENTE Y VICE,21,Santa Fe,16,General López,03908,,IMPUGNADO,impugnados,0,PROVISORIO,2023_BALOTAJE_santafe_presidente_mesa.csv
2023,BALOTAJE,2023-11-19,PRESIDENTE Y VICE,21,Santa Fe,16,General López,03908,,LA LIBERTAD AVANZA,agrupacion,186,PROVISORIO,2023_BALOTAJE_santafe_presidente_mesa.csv
2023,BALOTAJE,2023-11-19,PRESIDENTE Y VICE,21,Santa Fe,16,General López,03908,,NULO,nulos,23,PROVISORIO,2023_BALOTAJE_santafe_presidente_mesa.csv
2023,BALOTAJE,2023-11-19,PRESIDENTE Y VICE,21,Santa Fe,16,General López,03908,,RECURRIDO,recurridos,0,PROVISORIO,2023_BALOTAJE_santafe_presidente_mesa.csv
2023,BALOTAJE,2023-11-19,PRESIDENTE Y VICE,21,Santa Fe,16,General López,03908,,UNION POR LA PATRIA,agrupacion,117,PROVISORIO,2023_BALOTAJE_santafe_presidente_mesa.csv
2023,BALOTAJE,2023-11-19,PRESIDENTE Y VICE,21,Santa Fe,16,General López,03910,,EN BLANCO,blancos,3,PROVISORIO,2023_BALOTAJE_santafe_presidente_mesa.csv
2023,BALOTAJE,2023-11-19,PRESIDENTE Y VICE,21,Santa Fe,16,General López,03910,,IMPUGNADO,impugnados,0,PROVISORIO,2023_BALOTAJE_santafe_presidente_mesa.csv
2023,BALOTAJE,2023-11-19,PRESIDENTE Y VICE,21,Santa Fe,16,General López,03910,,LA LIBERTAD AVANZA,agrupacion,193,PROVISORIO,2023_BALOTAJE_santafe_presidente_mesa.csv
2023,BALOTAJE,2023-11-19,PRESIDENTE Y VICE,21,Santa Fe,16,General López,03910,,NULO,nulos,3,PROVISORIO,2023_BALOTAJE_santafe_presidente_mesa.csv
2023,BALOTAJE,2023-11-19,PRESIDENTE Y VICE,21,Santa Fe,16,General López,03910,,RECURRIDO,recurridos,0,PROVISORIO,2023_BALOTAJE_santafe_presidente_mesa.csv
2023,BALOTAJE,2023-11-19,PRESIDENTE Y VICE,21,Santa Fe,16,General López,03910,,UNION POR LA PATRIA,agrupacion,123,PROVISORIO,2023_BALOTAJE_santafe_presidente_mesa.csv
2023,BALOTAJE,2023-11-19,PRESIDENTE Y VICE,21,Santa Fe,16,General López,03915,,EN BLANCO,blancos,14,PROVISORIO,2023_BALOTAJE_santafe_presidente_mesa.csv
2023,BALOTAJE,2023-11-19,PRESIDENTE Y VICE,21,Santa Fe,16,General López,03915,,IMPUGNADO,impugnados,0,PROVISORIO,2023_BALOTAJE_santafe_presidente_mesa.csv
2023,BALOTAJE,2023-11-19,PRESIDENTE Y VICE,21,Santa Fe,16,General López,03915,,LA LIBERTAD AVANZA,agrupacion,827,PROVISORIO,2023_BALOTAJE_santafe_presidente_mesa.csv
2023,BALOTAJE,2023-11-19,PRESIDENTE Y VICE,21,Santa Fe,16,General López,03915,,NULO,nulos,29,PROVISORIO,2023_BALOTAJE_santafe_presidente_mesa.csv
2023,BALOTAJE,2023-11-19,PRESIDENTE Y VICE,21,Santa Fe,16,General López,03915,,RECURRIDO,recurridos,0,PROVISORIO,2023_BALOTAJE_santafe_presidente_mesa.csv
2023,BALOTAJE,2023-11-19,PRESIDENTE Y VICE,21,Santa Fe,16,General López,03915,,UNION POR LA PATRIA,agrupacion,295,PROVISORIO,2023_BALOTAJE_santafe_presidente_mesa.csv
2023,BALOTAJE,2023-11-19,PRESIDENTE Y VICE,21,Santa Fe,16,General López,03920,,EN BLANCO,blancos,21,PROVISORIO,2023_BALOTAJE_santafe_presidente_mesa.csv
2023,BALOTAJE,2023-11-19,PRESIDENTE Y VICE,21,Santa Fe,16,General López,03920,,IMPUGNADO,impugnados,0,PROVISORIO,2023_BALOTAJE_santafe_presidente_mesa.csv
2023,BALOTAJE,2023-11-19,PRESIDENTE Y VICE,21,Santa Fe,16,General López,03920,,LA LIBERTAD AVANZA,agrupacion,804,PROVISORIO,2023_BALOTAJE_santafe_presidente_mesa.csv
2023,BALOTAJE,2023-11-19,PRESIDENTE Y VICE,21,Santa Fe,16,General López,03920,,NULO,nulos,29,PROVISORIO,2023_BALOTAJE_santafe_presidente_mesa.csv
2023,BALOTAJE,2023-11-19,PRESIDENTE Y VICE,21,Santa Fe,16,General López,03920,,RECURRIDO,recurridos,0,PROVISORIO,2023_BALOTAJE_santafe_presidente_mesa.csv
2023,BALOTAJE,2023-11-19,PRESIDENTE Y VICE,21,Santa Fe,16,General López,03920,,UNION POR LA PATRIA,agrupacion,477,PROVISORIO,2023_BALOTAJE_santafe_presidente_mesa.csv
2023,BALOTAJE,2023-11-19,PRESIDENTE Y VICE,21,Santa Fe,16,General López,03930,,EN BLANCO,blancos,43,PROVISORIO,2023_BALOTAJE_santafe_presidente_mesa.csv
2023,BALOTAJE,2023-11-19,PRESIDENTE Y VICE,21,Santa Fe,16,General López,03930,,IMPUGNADO,impugnados,0,PROVISORIO,2023_BALOTAJE_santafe_presidente_mesa.csv
2023,BALOTAJE,2023-11-19,PRESIDENTE Y VICE,21,Santa Fe,16,General López,03930,,LA LIBERTAD AVANZA,agrupacion,910,PROVISORIO,2023_BALOTAJE_santafe_presidente_mesa.csv
2023,BALOTAJE,2023-11-19,PRESIDENTE Y VICE,21,Santa Fe,16,General López,03930,,NULO,nulos,31,PROVISORIO,2023_BALOTAJE_santafe_presidente_mesa.csv
2023,BALOTAJE,2023-11-19,PRESIDENTE Y VICE,21,Santa Fe,16,General López,03930,,RECURRIDO,recurridos,0,PROVISORIO,2023_BALOTAJE_santafe_presidente_mesa.csv
2023,BALOTAJE,2023-11-19,PRESIDENTE Y VICE,21,Santa Fe,16,General López,03930,,UNION POR LA PATRIA,agrupacion,585,PROVISORIO,2023_BALOTAJE_santafe_presidente_mesa.csv
2023,BALOTAJE,2023-11-19,PRESIDENTE Y VICE,21,Santa Fe,16,General López,03935,,EN BLANCO,blancos,27,PROVISORIO,2023_BALOTAJE_santafe_presidente_mesa.csv
2023,BALOTAJE,2023-11-19,PRESIDENTE Y VICE,21,Santa Fe,16,General López,03935,,IMPUGNADO,impugnados,0,PROVISORIO,2023_BALOTAJE_santafe_presidente_mesa.csv
2023,BALOTAJE,2023-11-19,PRESIDENTE Y VICE,21,Santa Fe,16,General López,03935,,LA LIBERTAD AVANZA,agrupacion,354,PROVISORIO,2023_BALOTAJE_santafe_presidente_mesa.csv
2023,BALOTAJE,2023-11-19,PRESIDENTE Y VICE,21,Santa Fe,16,General López,03935,,NULO,nulos,16,PROVISORIO,2023_BALOTAJE_santafe_presidente_mesa.csv
2023,BALOTAJE,2023-11-19,PRESIDENTE Y VICE,21,Santa Fe,16,General López,03935,,RECURRIDO,recurridos,0,PROVISORIO,2023_BALOTAJE_santafe_presidente_mesa.csv
2023,BALOTAJE,2023-11-19,PRESIDENTE Y VICE,21,Santa Fe,16,General López,03935,,UNION POR LA PATRIA,agrupacion,256,PROVISORIO,2023_BALOTAJE_santafe_presidente_mesa.csv
2023,BALOTAJE,2023-11-19,PRESIDENTE Y VICE,21,Santa Fe,16,General López,03940,,EN BLANCO,blancos,192,PROVISORIO,2023_BALOTAJE_santafe_presidente_mesa.csv
2023,BALOTAJE,2023-11-19,PRESIDENTE Y VICE,21,Santa Fe,16,General López,03940,,IMPUGNADO,impugnados,0,PROVISORIO,2023_BALOTAJE_santafe_presidente_mesa.csv
2023,BALOTAJE,2023-11-19,PRESIDENTE Y VICE,21,Santa Fe,16,General López,03940,,LA LIBERTAD AVANZA,agrupacion,7432,PROVISORIO,2023_BALOTAJE_santafe_presidente_mesa.csv
2023,BALOTAJE,2023-11-19,PRESIDENTE Y VICE,21,Santa Fe,16,General López,03940,,NULO,nulos,255,PROVISORIO,2023_BALOTAJE_santafe_presidente_mesa.csv
2023,BALOTAJE,2023-11-19,PRESIDENTE Y VICE,21,Santa Fe,16,General López,03940,,RECURRIDO,recurridos,4,PROVISORIO,2023_BALOTAJE_santafe_presidente_mesa.csv
2023,BALOTAJE,2023-11-19,PRESIDENTE Y VICE,21,Santa Fe,16,General López,03940,,UNION POR LA PATRIA,agrupacion,4117,PROVISORIO,2023_BALOTAJE_santafe_presidente_mesa.csv
2023,BALOTAJE,2023-11-19,PRESIDENTE Y VICE,21,Santa Fe,16,General López,03950,,EN BLANCO,blancos,11,PROVISORIO,2023_BALOTAJE_santafe_presidente_mesa.csv
2023,BALOTAJE,2023-11-19,PRESIDENTE Y VICE,21,Santa Fe,16,General López,03950,,IMPUGNADO,impugnados,0,PROVISORIO,2023_BALOTAJE_santafe_presidente_mesa.csv
2023,BALOTAJE,2023-11-19,PRESIDENTE Y VICE,21,Santa Fe,16,General López,03950,,LA LIBERTAD AVANZA,agrupacion,517,PROVISORIO,2023_BALOTAJE_santafe_presidente_mesa.csv
2023,BALOTAJE,2023-11-19,PRESIDENTE Y VICE,21,Santa Fe,16,General López,03950,,NULO,nulos,3,PROVISORIO,2023_BALOTAJE_santafe_presidente_mesa.csv
2023,BALOTAJE,2023-11-19,PRESIDENTE Y VICE,21,Santa Fe,16,General López,03950,,RECURRIDO,recurridos,0,PROVISORIO,2023_BALOTAJE_santafe_presidente_mesa.csv
2023,BALOTAJE,2023-11-19,PRESIDENTE Y VICE,21,Santa Fe,16,General López,03950,,UNION POR LA PATRIA,agrupacion,151,PROVISORIO,2023_BALOTAJE_santafe_presidente_mesa.csv
2023,BALOTAJE,2023-11-19,PRESIDENTE Y VICE,21,Santa Fe,16,General López,03955,,EN BLANCO,blancos,30,PROVISORIO,2023_BALOTAJE_santafe_presidente_mesa.csv
2023,BALOTAJE,2023-11-19,PRESIDENTE Y VICE,21,Santa Fe,16,General López,03955,,IMPUGNADO,impugnados,0,PROVISORIO,2023_BALOTAJE_santafe_presidente_mesa.csv
2023,BALOTAJE,2023-11-19,PRESIDENTE Y VICE,21,Santa Fe,16,General López,03955,,LA LIBERTAD AVANZA,agrupacion,1857,PROVISORIO,2023_BALOTAJE_santafe_presidente_mesa.csv
2023,BALOTAJE,2023-11-19,PRESIDENTE Y VICE,21,Santa Fe,16,General López,03955,,NULO,nulos,21,PROVISORIO,2023_BALOTAJE_santafe_presidente_mesa.csv
2023,BALOTAJE,2023-11-19,PRESIDENTE Y VICE,21,Santa Fe,16,General López,03955,,RECURRIDO,recurridos,0,PROVISORIO,2023_BALOTAJE_santafe_presidente_mesa.csv
2023,BALOTAJE,2023-11-19,PRESIDENTE Y VICE,21,Santa Fe,16,General López,03955,,UNION POR LA PATRIA,agrupacion,468,PROVISORIO,2023_BALOTAJE_santafe_presidente_mesa.csv
2023,BALOTAJE,2023-11-19,PRESIDENTE Y VICE,21,Santa Fe,16,General López,03960,,EN BLANCO,blancos,72,PROVISORIO,2023_BALOTAJE_santafe_presidente_mesa.csv
2023,BALOTAJE,2023-11-19,PRESIDENTE Y VICE,21,Santa Fe,16,General López,03960,,IMPUGNADO,impugnados,0,PROVISORIO,2023_BALOTAJE_santafe_presidente_mesa.csv
2023,BALOTAJE,2023-11-19,PRESIDENTE Y VICE,21,Santa Fe,16,General López,03960,,LA LIBERTAD AVANZA,agrupacion,1843,PROVISORIO,2023_BALOTAJE_santafe_presidente_mesa.csv
2023,BALOTAJE,2023-11-19,PRESIDENTE Y VICE,21,Santa Fe,16,General López,03960,,NULO,nulos,18,PROVISORIO,2023_BALOTAJE_santafe_presidente_mesa.csv
2023,BALOTAJE,2023-11-19,PRESIDENTE Y VICE,21,Santa Fe,16,General López,03960,,RECURRIDO,recurridos,0,PROVISORIO,2023_BALOTAJE_santafe_presidente_mesa.csv
2023,BALOTAJE,2023-11-19,PRESIDENTE Y VICE,21,Santa Fe,16,General López,03960,,UNION POR LA PATRIA,agrupacion,1338,PROVISORIO,2023_BALOTAJE_santafe_presidente_mesa.csv
2023,BALOTAJE,2023-11-19,PRESIDENTE Y VICE,21,Santa Fe,16,General López,03965,,EN BLANCO,blancos,6,PROVISORIO,2023_BALOTAJE_santafe_presidente_mesa.csv
2023,BALOTAJE,2023-11-19,PRESIDENTE Y VICE,21,Santa Fe,16,General López,03965,,IMPUGNADO,impugnados,0,PROVISORIO,2023_BALOTAJE_santafe_presidente_mesa.csv
2023,BALOTAJE,2023-11-19,PRESIDENTE Y VICE,21,Santa Fe,16,General López,03965,,LA LIBERTAD AVANZA,agrupacion,309,PROVISORIO,2023_BALOTAJE_santafe_presidente_mesa.csv
2023,BALOTAJE,2023-11-19,PRESIDENTE Y VICE,21,Santa Fe,16,General López,03965,,NULO,nulos,6,PROVISORIO,2023_BALOTAJE_santafe_presidente_mesa.csv
2023,BALOTAJE,2023-11-19,PRESIDENTE Y VICE,21,Santa Fe,16,General López,03965,,RECURRIDO,recurridos,0,PROVISORIO,2023_BALOTAJE_santafe_presidente_mesa.csv
2023,BALOTAJE,2023-11-19,PRESIDENTE Y VICE,21,Santa Fe,16,General López,03965,,UNION POR LA PATRIA,agrupacion,186,PROVISORIO,2023_BALOTAJE_santafe_presidente_mesa.csv
2023,BALOTAJE,2023-11-19,PRESIDENTE Y VICE,21,Santa Fe,16,General López,03970,,EN BLANCO,blancos,40,PROVISORIO,2023_BALOTAJE_santafe_presidente_mesa.csv
2023,BALOTAJE,2023-11-19,PRESIDENTE Y VICE,21,Santa Fe,16,General López,03970,,IMPUGNADO,impugnados,0,PROVISORIO,2023_BALOTAJE_santafe_presidente_mesa.csv
2023,BALOTAJE,2023-11-19,PRESIDENTE Y VICE,21,Santa Fe,16,General López,03970,,LA LIBERTAD AVANZA,agrupacion,1988,PROVISORIO,2023_BALOTAJE_santafe_presidente_mesa.csv
2023,BALOTAJE,2023-11-19,PRESIDENTE Y VICE,21,Santa Fe,16,General López,03970,,NULO,nulos,55,PROVISORIO,2023_BALOTAJE_santafe_presidente_mesa.csv
2023,BALOTAJE,2023-11-19,PRESIDENTE Y VICE,21,Santa Fe,16,General López,03970,,RECURRIDO,recurridos,1,PROVISORIO,2023_BALOTAJE_santafe_presidente_mesa.csv
2023,BALOTAJE,2023-11-19,PRESIDENTE Y VICE,21,Santa Fe,16,General López,03970,,UNION POR LA PATRIA,agrupacion,896,PROVISORIO,2023_BALOTAJE_santafe_presidente_mesa.csv
2023,BALOTAJE,2023-11-19,PRESIDENTE Y VICE,21,Santa Fe,16,General López,03975,,EN BLANCO,blancos,50,PROVISORIO,2023_BALOTAJE_santafe_presidente_mesa.csv
2023,BALOTAJE,2023-11-19,PRESIDENTE Y VICE,21,Santa Fe,16,General López,03975,,IMPUGNADO,impugnados,0,PROVISORIO,2023_BALOTAJE_santafe_presidente_mesa.csv
2023,BALOTAJE,2023-11-19,PRESIDENTE Y VICE,21,Santa Fe,16,General López,03975,,LA LIBERTAD AVANZA,agrupacion,1791,PROVISORIO,2023_BALOTAJE_santafe_presidente_mesa.csv
2023,BALOTAJE,2023-11-19,PRESIDENTE Y VICE,21,Santa Fe,16,General López,03975,,NULO,nulos,45,PROVISORIO,2023_BALOTAJE_santafe_presidente_mesa.csv
2023,BALOTAJE,2023-11-19,PRESIDENTE Y VICE,21,Santa Fe,16,General López,03975,,RECURRIDO,recurridos,1,PROVISORIO,2023_BALOTAJE_santafe_presidente_mesa.csv
2023,BALOTAJE,2023-11-19,PRESIDENTE Y VICE,21,Santa Fe,16,General López,03975,,UNION POR LA PATRIA,agrupacion,927,PROVISORIO,2023_BALOTAJE_santafe_presidente_mesa.csv
2023,BALOTAJE,2023-11-19,PRESIDENTE Y VICE,21,Santa Fe,16,General López,03980,,EN BLANCO,blancos,45,PROVISORIO,2023_BALOTAJE_santafe_presidente_mesa.csv
2023,BALOTAJE,2023-11-19,PRESIDENTE Y VICE,21,Santa Fe,16,General López,03980,,IMPUGNADO,impugnados,0,PROVISORIO,2023_BALOTAJE_santafe_presidente_mesa.csv
2023,BALOTAJE,2023-11-19,PRESIDENTE Y VICE,21,Santa Fe,16,General López,03980,,LA LIBERTAD AVANZA,agrupacion,2758,PROVISORIO,2023_BALOTAJE_santafe_presidente_mesa.csv
2023,BALOTAJE,2023-11-19,PRESIDENTE Y VICE,21,Santa Fe,16,General López,03980,,NULO,nulos,59,PROVISORIO,2023_BALOTAJE_santafe_presidente_mesa.csv
2023,BALOTAJE,2023-11-19,PRESIDENTE Y VICE,21,Santa Fe,16,General López,03980,,RECURRIDO,recurridos,0,PROVISORIO,2023_BALOTAJE_santafe_presidente_mesa.csv
2023,BALOTAJE,2023-11-19,PRESIDENTE Y VICE,21,Santa Fe,16,General López,03980,,UNION POR LA PATRIA,agrupacion,989,PROVISORIO,2023_BALOTAJE_santafe_presidente_mesa.csv
2023,BALOTAJE,2023-11-19,PRESIDENTE Y VICE,21,Santa Fe,16,General López,03990,,EN BLANCO,blancos,245,PROVISORIO,2023_BALOTAJE_santafe_presidente_mesa.csv
2023,BALOTAJE,2023-11-19,PRESIDENTE Y VICE,21,Santa Fe,16,General López,03990,,IMPUGNADO,impugnados,0,PROVISORIO,2023_BALOTAJE_santafe_presidente_mesa.csv
2023,BALOTAJE,2023-11-19,PRESIDENTE Y VICE,21,Santa Fe,16,General López,03990,,LA LIBERTAD AVANZA,agrupacion,12046,PROVISORIO,2023_BALOTAJE_santafe_presidente_mesa.csv
2023,BALOTAJE,2023-11-19,PRESIDENTE Y VICE,21,Santa Fe,16,General López,03990,,NULO,nulos,295,PROVISORIO,2023_BALOTAJE_santafe_presidente_mesa.csv
2023,BALOTAJE,2023-11-19,PRESIDENTE Y VICE,21,Santa Fe,16,General López,03990,,RECURRIDO,recurridos,1,PROVISORIO,2023_BALOTAJE_santafe_presidente_mesa.csv
2023,BALOTAJE,2023-11-19,PRESIDENTE Y VICE,21,Santa Fe,16,General López,03990,,UNION POR LA PATRIA,agrupacion,3600,PROVISORIO,2023_BALOTAJE_santafe_presidente_mesa.csv
2023,BALOTAJE,2023-11-19,PRESIDENTE Y VICE,21,Santa Fe,16,General López,03992,,EN BLANCO,blancos,235,PROVISORIO,2023_BALOTAJE_santafe_presidente_mesa.csv
2023,BALOTAJE,2023-11-19,PRESIDENTE Y VICE,21,Santa Fe,16,General López,03992,,IMPUGNADO,impugnados,0,PROVISORIO,2023_BALOTAJE_santafe_presidente_mesa.csv
2023,BALOTAJE,2023-11-19,PRESIDENTE Y VICE,21,Santa Fe,16,General López,03992,,LA LIBERTAD AVANZA,agrupacion,10409,PROVISORIO,2023_BALOTAJE_santafe_presidente_mesa.csv
2023,BALOTAJE,2023-11-19,PRESIDENTE Y VICE,21,Santa Fe,16,General López,03992,,NULO,nulos,324,PROVISORIO,2023_BALOTAJE_santafe_presidente_mesa.csv
2023,BALOTAJE,2023-11-19,PRESIDENTE Y VICE,21,Santa Fe,16,General López,03992,,RECURRIDO,recurridos,0,PROVISORIO,2023_BALOTAJE_santafe_presidente_mesa.csv
2023,BALOTAJE,2023-11-19,PRESIDENTE Y VICE,21,Santa Fe,16,General López,03992,,UNION POR LA PATRIA,agrupacion,3317,PROVISORIO,2023_BALOTAJE_santafe_presidente_mesa.csv
2023,BALOTAJE,2023-11-19,PRESIDENTE Y VICE,21,Santa Fe,16,General López,03994,,EN BLANCO,blancos,204,PROVISORIO,2023_BALOTAJE_santafe_presidente_mesa.csv
2023,BALOTAJE,2023-11-19,PRESIDENTE Y VICE,21,Santa Fe,16,General López,03994,,IMPUGNADO,impugnados,0,PROVISORIO,2023_BALOTAJE_santafe_presidente_mesa.csv
2023,BALOTAJE,2023-11-19,PRESIDENTE Y VICE,21,Santa Fe,16,General López,03994,,LA LIBERTAD AVANZA,agrupacion,8416,PROVISORIO,2023_BALOTAJE_santafe_presidente_mesa.csv
2023,BALOTAJE,2023-11-19,PRESIDENTE Y VICE,21,Santa Fe,16,General López,03994,,NULO,nulos,238,PROVISORIO,2023_BALOTAJE_santafe_presidente_mesa.csv
2023,BALOTAJE,2023-11-19,PRESIDENTE Y VICE,21,Santa Fe,16,General López,03994,,RECURRIDO,recurridos,0,PROVISORIO,2023_BALOTAJE_santafe_presidente_mesa.csv
2023,BALOTAJE,2023-11-19,PRESIDENTE Y VICE,21,Santa Fe,16,General López,03994,,UNION POR LA PATRIA,agrupacion,3268,PROVISORIO,2023_BALOTAJE_santafe_presidente_mesa.csv
2023,BALOTAJE,2023-11-19,PRESIDENTE Y VICE,21,Santa Fe,16,General López,03996,,EN BLANCO,blancos,109,PROVISORIO,2023_BALOTAJE_santafe_presidente_mesa.csv
2023,BALOTAJE,2023-11-19,PRESIDENTE Y VICE,21,Santa Fe,16,General López,03996,,IMPUGNADO,impugnados,0,PROVISORIO,2023_BALOTAJE_santafe_presidente_mesa.csv
2023,BALOTAJE,2023-11-19,PRESIDENTE Y VICE,21,Santa Fe,16,General López,03996,,LA LIBERTAD AVANZA,agrupacion,5977,PROVISORIO,2023_BALOTAJE_santafe_presidente_mesa.csv
2023,BALOTAJE,2023-11-19,PRESIDENTE Y VICE,21,Santa Fe,16,General López,03996,,NULO,nulos,172,PROVISORIO,2023_BALOTAJE_santafe_presidente_mesa.csv
2023,BALOTAJE,2023-11-19,PRESIDENTE Y VICE,21,Santa Fe,16,General López,03996,,RECURRIDO,recurridos,0,PROVISORIO,2023_BALOTAJE_santafe_presidente_mesa.csv
2023,BALOTAJE,2023-11-19,PRESIDENTE Y VICE,21,Santa Fe,16,General López,03996,,UNION POR LA PATRIA,agrupacion,2155,PROVISORIO,2023_BALOTAJE_santafe_presidente_mesa.csv
2023,BALOTAJE,2023-11-19,PRESIDENTE Y VICE,21,Santa Fe,16,General López,04000,,EN BLANCO,blancos,153,PROVISORIO,2023_BALOTAJE_santafe_presidente_mesa.csv
2023,BALOTAJE,2023-11-19,PRESIDENTE Y VICE,21,Santa Fe,16,General López,04000,,IMPUGNADO,impugnados,0,PROVISORIO,2023_BALOTAJE_santafe_presidente_mesa.csv
2023,BALOTAJE,2023-11-19,PRESIDENTE Y VICE,21,Santa Fe,16,General López,04000,,LA LIBERTAD AVANZA,agrupacion,4503,PROVISORIO,2023_BALOTAJE_santafe_presidente_mesa.csv
2023,BALOTAJE,2023-11-19,PRESIDENTE Y VICE,21,Santa Fe,16,General López,04000,,NULO,nulos,49,PROVISORIO,2023_BALOTAJE_santafe_presidente_mesa.csv
2023,BALOTAJE,2023-11-19,PRESIDENTE Y VICE,21,Santa Fe,16,General López,04000,,RECURRIDO,recurridos,0,PROVISORIO,2023_BALOTAJE_santafe_presidente_mesa.csv
2023,BALOTAJE,2023-11-19,PRESIDENTE Y VICE,21,Santa Fe,16,General López,04000,,UNION POR LA PATRIA,agrupacion,1523,PROVISORIO,2023_BALOTAJE_santafe_presidente_mesa.csv
2023,BALOTAJE,2023-11-19,PRESIDENTE Y VICE,21,Santa Fe,16,General López,04010,,EN BLANCO,blancos,93,PROVISORIO,2023_BALOTAJE_santafe_presidente_mesa.csv
2023,BALOTAJE,2023-11-19,PRESIDENTE Y VICE,21,Santa Fe,16,General López,04010,,IMPUGNADO,impugnados,0,PROVISORIO,2023_BALOTAJE_santafe_presidente_mesa.csv
2023,BALOTAJE,2023-11-19,PRESIDENTE Y VICE,21,Santa Fe,16,General López,04010,,LA LIBERTAD AVANZA,agrupacion,2445,PROVISORIO,2023_BALOTAJE_santafe_presidente_mesa.csv
2023,BALOTAJE,2023-11-19,PRESIDENTE Y VICE,21,Santa Fe,16,General López,04010,,NULO,nulos,32,PROVISORIO,2023_BALOTAJE_santafe_presidente_mesa.csv
2023,BALOTAJE,2023-11-19,PRESIDENTE Y VICE,21,Santa Fe,16,General López,04010,,RECURRIDO,recurridos,0,PROVISORIO,2023_BALOTAJE_santafe_presidente_mesa.csv
2023,BALOTAJE,2023-11-19,PRESIDENTE Y VICE,21,Santa Fe,16,General López,04010,,UNION POR LA PATRIA,agrupacion,1261,PROVISORIO,2023_BALOTAJE_santafe_presidente_mesa.csv
2023,BALOTAJE,2023-11-19,PRESIDENTE Y VICE,21,Santa Fe,16,General López,04015,,EN BLANCO,blancos,129,PROVISORIO,2023_BALOTAJE_santafe_presidente_mesa.csv
2023,BALOTAJE,2023-11-19,PRESIDENTE Y VICE,21,Santa Fe,16,General López,04015,,IMPUGNADO,impugnados,0,PROVISORIO,2023_BALOTAJE_santafe_presidente_mesa.csv
2023,BALOTAJE,2023-11-19,PRESIDENTE Y VICE,21,Santa Fe,16,General López,04015,,LA LIBERTAD AVANZA,agrupacion,1915,PROVISORIO,2023_BALOTAJE_santafe_presidente_mesa.csv
2023,BALOTAJE,2023-11-19,PRESIDENTE Y VICE,21,Santa Fe,16,General López,04015,,NULO,nulos,52,PROVISORIO,2023_BALOTAJE_santafe_presidente_mesa.csv
2023,BALOTAJE,2023-11-19,PRESIDENTE Y VICE,21,Santa Fe,16,General López,04015,,RECURRIDO,recurridos,0,PROVISORIO,2023_BALOTAJE_santafe_presidente_mesa.csv
2023,BALOTAJE,2023-11-19,PRESIDENTE Y VICE,21,Santa Fe,16,General López,04015,,UNION POR LA PATRIA,agrupacion,929,PROVISORIO,2023_BALOTAJE_santafe_presidente_mesa.csv
2023,BALOTAJE,2023-11-19,PRESIDENTE Y VICE,21,Santa Fe,17,Belgrano,04020,,EN BLANCO,blancos,128,PROVISORIO,2023_BALOTAJE_santafe_presidente_mesa.csv
2023,BALOTAJE,2023-11-19,PRESIDENTE Y VICE,21,Santa Fe,17,Belgrano,04020,,IMPUGNADO,impugnados,0,PROVISORIO,2023_BALOTAJE_santafe_presidente_mesa.csv
2023,BALOTAJE,2023-11-19,PRESIDENTE Y VICE,21,Santa Fe,17,Belgrano,04020,,LA LIBERTAD AVANZA,agrupacion,6438,PROVISORIO,2023_BALOTAJE_santafe_presidente_mesa.csv
2023,BALOTAJE,2023-11-19,PRESIDENTE Y VICE,21,Santa Fe,17,Belgrano,04020,,NULO,nulos,114,PROVISORIO,2023_BALOTAJE_santafe_presidente_mesa.csv
2023,BALOTAJE,2023-11-19,PRESIDENTE Y VICE,21,Santa Fe,17,Belgrano,04020,,RECURRIDO,recurridos,0,PROVISORIO,2023_BALOTAJE_santafe_presidente_mesa.csv
2023,BALOTAJE,2023-11-19,PRESIDENTE Y VICE,21,Santa Fe,17,Belgrano,04020,,UNION POR LA PATRIA,agrupacion,1795,PROVISORIO,2023_BALOTAJE_santafe_presidente_mesa.csv
2023,BALOTAJE,2023-11-19,PRESIDENTE Y VICE,21,Santa Fe,17,Belgrano,04030,,EN BLANCO,blancos,186,PROVISORIO,2023_BALOTAJE_santafe_presidente_mesa.csv
2023,BALOTAJE,2023-11-19,PRESIDENTE Y VICE,21,Santa Fe,17,Belgrano,04030,,IMPUGNADO,impugnados,0,PROVISORIO,2023_BALOTAJE_santafe_presidente_mesa.csv
2023,BALOTAJE,2023-11-19,PRESIDENTE Y VICE,21,Santa Fe,17,Belgrano,04030,,LA LIBERTAD AVANZA,agrupacion,5602,PROVISORIO,2023_BALOTAJE_santafe_presidente_mesa.csv
2023,BALOTAJE,2023-11-19,PRESIDENTE Y VICE,21,Santa Fe,17,Belgrano,04030,,NULO,nulos,162,PROVISORIO,2023_BALOTAJE_santafe_presidente_mesa.csv
2023,BALOTAJE,2023-11-19,PRESIDENTE Y VICE,21,Santa Fe,17,Belgrano,04030,,RECURRIDO,recurridos,0,PROVISORIO,2023_BALOTAJE_santafe_presidente_mesa.csv
2023,BALOTAJE,2023-11-19,PRESIDENTE Y VICE,21,Santa Fe,17,Belgrano,04030,,UNION POR LA PATRIA,agrupacion,2783,PROVISORIO,2023_BALOTAJE_santafe_presidente_mesa.csv
2023,BALOTAJE,2023-11-19,PRESIDENTE Y VICE,21,Santa Fe,17,Belgrano,04040,,EN BLANCO,blancos,168,PROVISORIO,2023_BALOTAJE_santafe_presidente_mesa.csv
2023,BALOTAJE,2023-11-19,PRESIDENTE Y VICE,21,Santa Fe,17,Belgrano,04040,,IMPUGNADO,impugnados,0,PROVISORIO,2023_BALOTAJE_santafe_presidente_mesa.csv
2023,BALOTAJE,2023-11-19,PRESIDENTE Y VICE,21,Santa Fe,17,Belgrano,04040,,LA LIBERTAD AVANZA,agrupacion,5852,PROVISORIO,2023_BALOTAJE_santafe_presidente_mesa.csv
2023,BALOTAJE,2023-11-19,PRESIDENTE Y VICE,21,Santa Fe,17,Belgrano,04040,,NULO,nulos,115,PROVISORIO,2023_BALOTAJE_santafe_presidente_mesa.csv
2023,BALOTAJE,2023-11-19,PRESIDENTE Y VICE,21,Santa Fe,17,Belgrano,04040,,RECURRIDO,recurridos,0,PROVISORIO,2023_BALOTAJE_santafe_presidente_mesa.csv
2023,BALOTAJE,2023-11-19,PRESIDENTE Y VICE,21,Santa Fe,17,Belgrano,04040,,UNION POR LA PATRIA,agrupacion,2548,PROVISORIO,2023_BALOTAJE_santafe_presidente_mesa.csv
2023,BALOTAJE,2023-11-19,PRESIDENTE Y VICE,21,Santa Fe,17,Belgrano,04045,,EN BLANCO,blancos,15,PROVISORIO,2023_BALOTAJE_santafe_presidente_mesa.csv
2023,BALOTAJE,2023-11-19,PRESIDENTE Y VICE,21,Santa Fe,17,Belgrano,04045,,IMPUGNADO,impugnados,0,PROVISORIO,2023_BALOTAJE_santafe_presidente_mesa.csv
2023,BALOTAJE,2023-11-19,PRESIDENTE Y VICE,21,Santa Fe,17,Belgrano,04045,,LA LIBERTAD AVANZA,agrupacion,703,PROVISORIO,2023_BALOTAJE_santafe_presidente_mesa.csv
2023,BALOTAJE,2023-11-19,PRESIDENTE Y VICE,21,Santa Fe,17,Belgrano,04045,,NULO,nulos,17,PROVISORIO,2023_BALOTAJE_santafe_presidente_mesa.csv
2023,BALOTAJE,2023-11-19,PRESIDENTE Y VICE,21,Santa Fe,17,Belgrano,04045,,RECURRIDO,recurridos,0,PROVISORIO,2023_BALOTAJE_santafe_presidente_mesa.csv
2023,BALOTAJE,2023-11-19,PRESIDENTE Y VICE,21,Santa Fe,17,Belgrano,04045,,UNION POR LA PATRIA,agrupacion,219,PROVISORIO,2023_BALOTAJE_santafe_presidente_mesa.csv
2023,BALOTAJE,2023-11-19,PRESIDENTE Y VICE,21,Santa Fe,17,Belgrano,04050,,EN BLANCO,blancos,77,PROVISORIO,2023_BALOTAJE_santafe_presidente_mesa.csv
2023,BALOTAJE,2023-11-19,PRESIDENTE Y VICE,21,Santa Fe,17,Belgrano,04050,,IMPUGNADO,impugnados,0,PROVISORIO,2023_BALOTAJE_santafe_presidente_mesa.csv
2023,BALOTAJE,2023-11-19,PRESIDENTE Y VICE,21,Santa Fe,17,Belgrano,04050,,LA LIBERTAD AVANZA,agrupacion,1445,PROVISORIO,2023_BALOTAJE_santafe_presidente_mesa.csv
2023,BALOTAJE,2023-11-19,PRESIDENTE Y VICE,21,Santa Fe,17,Belgrano,04050,,NULO,nulos,14,PROVISORIO,2023_BALOTAJE_santafe_presidente_mesa.csv
2023,BALOTAJE,2023-11-19,PRESIDENTE Y VICE,21,Santa Fe,17,Belgrano,04050,,RECURRIDO,recurridos,0,PROVISORIO,2023_BALOTAJE_santafe_presidente_mesa.csv
2023,BALOTAJE,2023-11-19,PRESIDENTE Y VICE,21,Santa Fe,17,Belgrano,04050,,UNION POR LA PATRIA,agrupacion,394,PROVISORIO,2023_BALOTAJE_santafe_presidente_mesa.csv
2023,BALOTAJE,2023-11-19,PRESIDENTE Y VICE,21,Santa Fe,17,Belgrano,04060,,EN BLANCO,blancos,22,PROVISORIO,2023_BALOTAJE_santafe_presidente_mesa.csv
2023,BALOTAJE,2023-11-19,PRESIDENTE Y VICE,21,Santa Fe,17,Belgrano,04060,,IMPUGNADO,impugnados,0,PROVISORIO,2023_BALOTAJE_santafe_presidente_mesa.csv
2023,BALOTAJE,2023-11-19,PRESIDENTE Y VICE,21,Santa Fe,17,Belgrano,04060,,LA LIBERTAD AVANZA,agrupacion,986,PROVISORIO,2023_BALOTAJE_santafe_presidente_mesa.csv
2023,BALOTAJE,2023-11-19,PRESIDENTE Y VICE,21,Santa Fe,17,Belgrano,04060,,NULO,nulos,39,PROVISORIO,2023_BALOTAJE_santafe_presidente_mesa.csv
2023,BALOTAJE,2023-11-19,PRESIDENTE Y VICE,21,Santa Fe,17,Belgrano,04060,,RECURRIDO,recurridos,0,PROVISORIO,2023_BALOTAJE_santafe_presidente_mesa.csv
2023,BALOTAJE,2023-11-19,PRESIDENTE Y VICE,21,Santa Fe,17,Belgrano,04060,,UNION POR LA PATRIA,agrupacion,527,PROVISORIO,2023_BALOTAJE_santafe_presidente_mesa.csv
2023,BALOTAJE,2023-11-19,PRESIDENTE Y VICE,21,Santa Fe,18,Iriondo,04070,,EN BLANCO,blancos,21,PROVISORIO,2023_BALOTAJE_santafe_presidente_mesa.csv
2023,BALOTAJE,2023-11-19,PRESIDENTE Y VICE,21,Santa Fe,18,Iriondo,04070,,IMPUGNADO,impugnados,0,PROVISORIO,2023_BALOTAJE_santafe_presidente_mesa.csv
2023,BALOTAJE,2023-11-19,PRESIDENTE Y VICE,21,Santa Fe,18,Iriondo,04070,,LA LIBERTAD AVANZA,agrupacion,629,PROVISORIO,2023_BALOTAJE_santafe_presidente_mesa.csv
2023,BALOTAJE,2023-11-19,PRESIDENTE Y VICE,21,Santa Fe,18,Iriondo,04070,,NULO,nulos,20,PROVISORIO,2023_BALOTAJE_santafe_presidente_mesa.csv
2023,BALOTAJE,2023-11-19,PRESIDENTE Y VICE,21,Santa Fe,18,Iriondo,04070,,RECURRIDO,recurridos,0,PROVISORIO,2023_BALOTAJE_santafe_presidente_mesa.csv
2023,BALOTAJE,2023-11-19,PRESIDENTE Y VICE,21,Santa Fe,18,Iriondo,04070,,UNION POR LA PATRIA,agrupacion,280,PROVISORIO,2023_BALOTAJE_santafe_presidente_mesa.csv
2023,BALOTAJE,2023-11-19,PRESIDENTE Y VICE,21,Santa Fe,18,Iriondo,04080,,EN BLANCO,blancos,512,PROVISORIO,2023_BALOTAJE_santafe_presidente_mesa.csv
2023,BALOTAJE,2023-11-19,PRESIDENTE Y VICE,21,Santa Fe,18,Iriondo,04080,,IMPUGNADO,impugnados,0,PROVISORIO,2023_BALOTAJE_santafe_presidente_mesa.csv
2023,BALOTAJE,2023-11-19,PRESIDENTE Y VICE,21,Santa Fe,18,Iriondo,04080,,LA LIBERTAD AVANZA,agrupacion,12331,PROVISORIO,2023_BALOTAJE_santafe_presidente_mesa.csv
2023,BALOTAJE,2023-11-19,PRESIDENTE Y VICE,21,Santa Fe,18,Iriondo,04080,,NULO,nulos,460,PROVISORIO,2023_BALOTAJE_santafe_presidente_mesa.csv
2023,BALOTAJE,2023-11-19,PRESIDENTE Y VICE,21,Santa Fe,18,Iriondo,04080,,RECURRIDO,recurridos,0,PROVISORIO,2023_BALOTAJE_santafe_presidente_mesa.csv
2023,BALOTAJE,2023-11-19,PRESIDENTE Y VICE,21,Santa Fe,18,Iriondo,04080,,UNION POR LA PATRIA,agrupacion,7123,PROVISORIO,2023_BALOTAJE_santafe_presidente_mesa.csv
2023,BALOTAJE,2023-11-19,PRESIDENTE Y VICE,21,Santa Fe,18,Iriondo,04090,,EN BLANCO,blancos,9,PROVISORIO,2023_BALOTAJE_santafe_presidente_mesa.csv
2023,BALOTAJE,2023-11-19,PRESIDENTE Y VICE,21,Santa Fe,18,Iriondo,04090,,IMPUGNADO,impugnados,0,PROVISORIO,2023_BALOTAJE_santafe_presidente_mesa.csv
2023,BALOTAJE,2023-11-19,PRESIDENTE Y VICE,21,Santa Fe,18,Iriondo,04090,,LA LIBERTAD AVANZA,agrupacion,537,PROVISORIO,2023_BALOTAJE_santafe_presidente_mesa.csv
2023,BALOTAJE,2023-11-19,PRESIDENTE Y VICE,21,Santa Fe,18,Iriondo,04090,,NULO,nulos,18,PROVISORIO,2023_BALOTAJE_santafe_presidente_mesa.csv
2023,BALOTAJE,2023-11-19,PRESIDENTE Y VICE,21,Santa Fe,18,Iriondo,04090,,RECURRIDO,recurridos,0,PROVISORIO,2023_BALOTAJE_santafe_presidente_mesa.csv
2023,BALOTAJE,2023-11-19,PRESIDENTE Y VICE,21,Santa Fe,18,Iriondo,04090,,UNION POR LA PATRIA,agrupacion,243,PROVISORIO,2023_BALOTAJE_santafe_presidente_mesa.csv
2023,BALOTAJE,2023-11-19,PRESIDENTE Y VICE,21,Santa Fe,18,Iriondo,04100,,EN BLANCO,blancos,83,PROVISORIO,2023_BALOTAJE_santafe_presidente_mesa.csv
2023,BALOTAJE,2023-11-19,PRESIDENTE Y VICE,21,Santa Fe,18,Iriondo,04100,,IMPUGNADO,impugnados,0,PROVISORIO,2023_BALOTAJE_santafe_presidente_mesa.csv
2023,BALOTAJE,2023-11-19,PRESIDENTE Y VICE,21,Santa Fe,18,Iriondo,04100,,LA LIBERTAD AVANZA,agrupacion,2569,PROVISORIO,2023_BALOTAJE_santafe_presidente_mesa.csv
2023,BALOTAJE,2023-11-19,PRESIDENTE Y VICE,21,Santa Fe,18,Iriondo,04100,,NULO,nulos,57,PROVISORIO,2023_BALOTAJE_santafe_presidente_mesa.csv
2023,BALOTAJE,2023-11-19,PRESIDENTE Y VICE,21,Santa Fe,18,Iriondo,04100,,RECURRIDO,recurridos,0,PROVISORIO,2023_BALOTAJE_santafe_presidente_mesa.csv
2023,BALOTAJE,2023-11-19,PRESIDENTE Y VICE,21,Santa Fe,18,Iriondo,04100,,UNION POR LA PATRIA,agrupacion,1152,PROVISORIO,2023_BALOTAJE_santafe_presidente_mesa.csv
2023,BALOTAJE,2023-11-19,PRESIDENTE Y VICE,21,Santa Fe,18,Iriondo,04110,,EN BLANCO,blancos,23,PROVISORIO,2023_BALOTAJE_santafe_presidente_mesa.csv
2023,BALOTAJE,2023-11-19,PRESIDENTE Y VICE,21,Santa Fe,18,Iriondo,04110,,IMPUGNADO,impugnados,0,PROVISORIO,2023_BALOTAJE_santafe_presidente_mesa.csv
2023,BALOTAJE,2023-11-19,PRESIDENTE Y VICE,21,Santa Fe,18,Iriondo,04110,,LA LIBERTAD AVANZA,agrupacion,854,PROVISORIO,2023_BALOTAJE_santafe_presidente_mesa.csv
2023,BALOTAJE,2023-11-19,PRESIDENTE Y VICE,21,Santa Fe,18,Iriondo,04110,,NULO,nulos,26,PROVISORIO,2023_BALOTAJE_santafe_presidente_mesa.csv
2023,BALOTAJE,2023-11-19,PRESIDENTE Y VICE,21,Santa Fe,18,Iriondo,04110,,RECURRIDO,recurridos,0,PROVISORIO,2023_BALOTAJE_santafe_presidente_mesa.csv
2023,BALOTAJE,2023-11-19,PRESIDENTE Y VICE,21,Santa Fe,18,Iriondo,04110,,UNION POR LA PATRIA,agrupacion,429,PROVISORIO,2023_BALOTAJE_santafe_presidente_mesa.csv
2023,BALOTAJE,2023-11-19,PRESIDENTE Y VICE,21,Santa Fe,18,Iriondo,04115,,EN BLANCO,blancos,5,PROVISORIO,2023_BALOTAJE_santafe_presidente_mesa.csv
2023,BALOTAJE,2023-11-19,PRESIDENTE Y VICE,21,Santa Fe,18,Iriondo,04115,,IMPUGNADO,impugnados,0,PROVISORIO,2023_BALOTAJE_santafe_presidente_mesa.csv
2023,BALOTAJE,2023-11-19,PRESIDENTE Y VICE,21,Santa Fe,18,Iriondo,04115,,LA LIBERTAD AVANZA,agrupacion,200,PROVISORIO,2023_BALOTAJE_santafe_presidente_mesa.csv
2023,BALOTAJE,2023-11-19,PRESIDENTE Y VICE,21,Santa Fe,18,Iriondo,04115,,NULO,nulos,1,PROVISORIO,2023_BALOTAJE_santafe_presidente_mesa.csv
2023,BALOTAJE,2023-11-19,PRESIDENTE Y VICE,21,Santa Fe,18,Iriondo,04115,,RECURRIDO,recurridos,0,PROVISORIO,2023_BALOTAJE_santafe_presidente_mesa.csv
2023,BALOTAJE,2023-11-19,PRESIDENTE Y VICE,21,Santa Fe,18,Iriondo,04115,,UNION POR LA PATRIA,agrupacion,136,PROVISORIO,2023_BALOTAJE_santafe_presidente_mesa.csv
2023,BALOTAJE,2023-11-19,PRESIDENTE Y VICE,21,Santa Fe,18,Iriondo,04120,,EN BLANCO,blancos,43,PROVISORIO,2023_BALOTAJE_santafe_presidente_mesa.csv
2023,BALOTAJE,2023-11-19,PRESIDENTE Y VICE,21,Santa Fe,18,Iriondo,04120,,IMPUGNADO,impugnados,0,PROVISORIO,2023_BALOTAJE_santafe_presidente_mesa.csv
2023,BALOTAJE,2023-11-19,PRESIDENTE Y VICE,21,Santa Fe,18,Iriondo,04120,,LA LIBERTAD AVANZA,agrupacion,2106,PROVISORIO,2023_BALOTAJE_santafe_presidente_mesa.csv
2023,BALOTAJE,2023-11-19,PRESIDENTE Y VICE,21,Santa Fe,18,Iriondo,04120,,NULO,nulos,60,PROVISORIO,2023_BALOTAJE_santafe_presidente_mesa.csv
2023,BALOTAJE,2023-11-19,PRESIDENTE Y VICE,21,Santa Fe,18,Iriondo,04120,,RECURRIDO,recurridos,0,PROVISORIO,2023_BALOTAJE_santafe_presidente_mesa.csv
2023,BALOTAJE,2023-11-19,PRESIDENTE Y VICE,21,Santa Fe,18,Iriondo,04120,,UNION POR LA PATRIA,agrupacion,1050,PROVISORIO,2023_BALOTAJE_santafe_presidente_mesa.csv
2023,BALOTAJE,2023-11-19,PRESIDENTE Y VICE,21,Santa Fe,18,Iriondo,04130,,EN BLANCO,blancos,130,PROVISORIO,2023_BALOTAJE_santafe_presidente_mesa.csv
2023,BALOTAJE,2023-11-19,PRESIDENTE Y VICE,21,Santa Fe,18,Iriondo,04130,,IMPUGNADO,impugnados,0,PROVISORIO,2023_BALOTAJE_santafe_presidente_mesa.csv
2023,BALOTAJE,2023-11-19,PRESIDENTE Y VICE,21,Santa Fe,18,Iriondo,04130,,LA LIBERTAD AVANZA,agrupacion,5077,PROVISORIO,2023_BALOTAJE_santafe_presidente_mesa.csv
2023,BALOTAJE,2023-11-19,PRESIDENTE Y VICE,21,Santa Fe,18,Iriondo,04130,,NULO,nulos,194,PROVISORIO,2023_BALOTAJE_santafe_presidente_mesa.csv
2023,BALOTAJE,2023-11-19,PRESIDENTE Y VICE,21,Santa Fe,18,Iriondo,04130,,RECURRIDO,recurridos,0,PROVISORIO,2023_BALOTAJE_santafe_presidente_mesa.csv
2023,BALOTAJE,2023-11-19,PRESIDENTE Y VICE,21,Santa Fe,18,Iriondo,04130,,UNION POR LA PATRIA,agrupacion,1805,PROVISORIO,2023_BALOTAJE_santafe_presidente_mesa.csv
2023,BALOTAJE,2023-11-19,PRESIDENTE Y VICE,21,Santa Fe,18,Iriondo,04132,,EN BLANCO,blancos,4,PROVISORIO,2023_BALOTAJE_santafe_presidente_mesa.csv
2023,BALOTAJE,2023-11-19,PRESIDENTE Y VICE,21,Santa Fe,18,Iriondo,04132,,IMPUGNADO,impugnados,0,PROVISORIO,2023_BALOTAJE_santafe_presidente_mesa.csv
2023,BALOTAJE,2023-11-19,PRESIDENTE Y VICE,21,Santa Fe,18,Iriondo,04132,,LA LIBERTAD AVANZA,agrupacion,404,PROVISORIO,2023_BALOTAJE_santafe_presidente_mesa.csv
2023,BALOTAJE,2023-11-19,PRESIDENTE Y VICE,21,Santa Fe,18,Iriondo,04132,,NULO,nulos,10,PROVISORIO,2023_BALOTAJE_santafe_presidente_mesa.csv
2023,BALOTAJE,2023-11-19,PRESIDENTE Y VICE,21,Santa Fe,18,Iriondo,04132,,RECURRIDO,recurridos,0,PROVISORIO,2023_BALOTAJE_santafe_presidente_mesa.csv
2023,BALOTAJE,2023-11-19,PRESIDENTE Y VICE,21,Santa Fe,18,Iriondo,04132,,UNION POR LA PATRIA,agrupacion,131,PROVISORIO,2023_BALOTAJE_santafe_presidente_mesa.csv
2023,BALOTAJE,2023-11-19,PRESIDENTE Y VICE,21,Santa Fe,18,Iriondo,04134,,EN BLANCO,blancos,1,PROVISORIO,2023_BALOTAJE_santafe_presidente_mesa.csv
2023,BALOTAJE,2023-11-19,PRESIDENTE Y VICE,21,Santa Fe,18,Iriondo,04134,,IMPUGNADO,impugnados,0,PROVISORIO,2023_BALOTAJE_santafe_presidente_mesa.csv
2023,BALOTAJE,2023-11-19,PRESIDENTE Y VICE,21,Santa Fe,18,Iriondo,04134,,LA LIBERTAD AVANZA,agrupacion,28,PROVISORIO,2023_BALOTAJE_santafe_presidente_mesa.csv
2023,BALOTAJE,2023-11-19,PRESIDENTE Y VICE,21,Santa Fe,18,Iriondo,04134,,NULO,nulos,1,PROVISORIO,2023_BALOTAJE_santafe_presidente_mesa.csv
2023,BALOTAJE,2023-11-19,PRESIDENTE Y VICE,21,Santa Fe,18,Iriondo,04134,,RECURRIDO,recurridos,0,PROVISORIO,2023_BALOTAJE_santafe_presidente_mesa.csv
2023,BALOTAJE,2023-11-19,PRESIDENTE Y VICE,21,Santa Fe,18,Iriondo,04134,,UNION POR LA PATRIA,agrupacion,7,PROVISORIO,2023_BALOTAJE_santafe_presidente_mesa.csv
2023,BALOTAJE,2023-11-19,PRESIDENTE Y VICE,21,Santa Fe,18,Iriondo,04140,,EN BLANCO,blancos,61,PROVISORIO,2023_BALOTAJE_santafe_presidente_mesa.csv
2023,BALOTAJE,2023-11-19,PRESIDENTE Y VICE,21,Santa Fe,18,Iriondo,04140,,IMPUGNADO,impugnados,0,PROVISORIO,2023_BALOTAJE_santafe_presidente_mesa.csv
2023,BALOTAJE,2023-11-19,PRESIDENTE Y VICE,21,Santa Fe,18,Iriondo,04140,,LA LIBERTAD AVANZA,agrupacion,1729,PROVISORIO,2023_BALOTAJE_santafe_presidente_mesa.csv
2023,BALOTAJE,2023-11-19,PRESIDENTE Y VICE,21,Santa Fe,18,Iriondo,04140,,NULO,nulos,42,PROVISORIO,2023_BALOTAJE_santafe_presidente_mesa.csv
2023,BALOTAJE,2023-11-19,PRESIDENTE Y VICE,21,Santa Fe,18,Iriondo,04140,,RECURRIDO,recurridos,0,PROVISORIO,2023_BALOTAJE_santafe_presidente_mesa.csv
2023,BALOTAJE,2023-11-19,PRESIDENTE Y VICE,21,Santa Fe,18,Iriondo,04140,,UNION POR LA PATRIA,agrupacion,877,PROVISORIO,2023_BALOTAJE_santafe_presidente_mesa.csv
2023,BALOTAJE,2023-11-19,PRESIDENTE Y VICE,21,Santa Fe,18,Iriondo,04145,,EN BLANCO,blancos,31,PROVISORIO,2023_BALOTAJE_santafe_presidente_mesa.csv
2023,BALOTAJE,2023-11-19,PRESIDENTE Y VICE,21,Santa Fe,18,Iriondo,04145,,IMPUGNADO,impugnados,0,PROVISORIO,2023_BALOTAJE_santafe_presidente_mesa.csv
2023,BALOTAJE,2023-11-19,PRESIDENTE Y VICE,21,Santa Fe,18,Iriondo,04145,,LA LIBERTAD AVANZA,agrupacion,1328,PROVISORIO,2023_BALOTAJE_santafe_presidente_mesa.csv
2023,BALOTAJE,2023-11-19,PRESIDENTE Y VICE,21,Santa Fe,18,Iriondo,04145,,NULO,nulos,47,PROVISORIO,2023_BALOTAJE_santafe_presidente_mesa.csv
2023,BALOTAJE,2023-11-19,PRESIDENTE Y VICE,21,Santa Fe,18,Iriondo,04145,,RECURRIDO,recurridos,0,PROVISORIO,2023_BALOTAJE_santafe_presidente_mesa.csv
2023,BALOTAJE,2023-11-19,PRESIDENTE Y VICE,21,Santa Fe,18,Iriondo,04145,,UNION POR LA PATRIA,agrupacion,836,PROVISORIO,2023_BALOTAJE_santafe_presidente_mesa.csv
2023,BALOTAJE,2023-11-19,PRESIDENTE Y VICE,21,Santa Fe,18,Iriondo,04150,,EN BLANCO,blancos,45,PROVISORIO,2023_BALOTAJE_santafe_presidente_mesa.csv
2023,BALOTAJE,2023-11-19,PRESIDENTE Y VICE,21,Santa Fe,18,Iriondo,04150,,IMPUGNADO,impugnados,0,PROVISORIO,2023_BALOTAJE_santafe_presidente_mesa.csv
2023,BALOTAJE,2023-11-19,PRESIDENTE Y VICE,21,Santa Fe,18,Iriondo,04150,,LA LIBERTAD AVANZA,agrupacion,1539,PROVISORIO,2023_BALOTAJE_santafe_presidente_mesa.csv
2023,BALOTAJE,2023-11-19,PRESIDENTE Y VICE,21,Santa Fe,18,Iriondo,04150,,NULO,nulos,20,PROVISORIO,2023_BALOTAJE_santafe_presidente_mesa.csv
2023,BALOTAJE,2023-11-19,PRESIDENTE Y VICE,21,Santa Fe,18,Iriondo,04150,,RECURRIDO,recurridos,0,PROVISORIO,2023_BALOTAJE_santafe_presidente_mesa.csv
2023,BALOTAJE,2023-11-19,PRESIDENTE Y VICE,21,Santa Fe,18,Iriondo,04150,,UNION POR LA PATRIA,agrupacion,477,PROVISORIO,2023_BALOTAJE_santafe_presidente_mesa.csv
2023,BALOTAJE,2023-11-19,PRESIDENTE Y VICE,21,Santa Fe,19,San Lorenzo,04160,,EN BLANCO,blancos,238,PROVISORIO,2023_BALOTAJE_santafe_presidente_mesa.csv
2023,BALOTAJE,2023-11-19,PRESIDENTE Y VICE,21,Santa Fe,19,San Lorenzo,04160,,IMPUGNADO,impugnados,0,PROVISORIO,2023_BALOTAJE_santafe_presidente_mesa.csv
2023,BALOTAJE,2023-11-19,PRESIDENTE Y VICE,21,Santa Fe,19,San Lorenzo,04160,,LA LIBERTAD AVANZA,agrupacion,6890,PROVISORIO,2023_BALOTAJE_santafe_presidente_mesa.csv
2023,BALOTAJE,2023-11-19,PRESIDENTE Y VICE,21,Santa Fe,19,San Lorenzo,04160,,NULO,nulos,303,PROVISORIO,2023_BALOTAJE_santafe_presidente_mesa.csv
2023,BALOTAJE,2023-11-19,PRESIDENTE Y VICE,21,Santa Fe,19,San Lorenzo,04160,,RECURRIDO,recurridos,1,PROVISORIO,2023_BALOTAJE_santafe_presidente_mesa.csv
2023,BALOTAJE,2023-11-19,PRESIDENTE Y VICE,21,Santa Fe,19,San Lorenzo,04160,,UNION POR LA PATRIA,agrupacion,4205,PROVISORIO,2023_BALOTAJE_santafe_presidente_mesa.csv
2023,BALOTAJE,2023-11-19,PRESIDENTE Y VICE,21,Santa Fe,19,San Lorenzo,04170,,EN BLANCO,blancos,0,PROVISORIO,2023_BALOTAJE_santafe_presidente_mesa.csv
2023,BALOTAJE,2023-11-19,PRESIDENTE Y VICE,21,Santa Fe,19,San Lorenzo,04170,,IMPUGNADO,impugnados,0,PROVISORIO,2023_BALOTAJE_santafe_presidente_mesa.csv
2023,BALOTAJE,2023-11-19,PRESIDENTE Y VICE,21,Santa Fe,19,San Lorenzo,04170,,LA LIBERTAD AVANZA,agrupacion,15,PROVISORIO,2023_BALOTAJE_santafe_presidente_mesa.csv
2023,BALOTAJE,2023-11-19,PRESIDENTE Y VICE,21,Santa Fe,19,San Lorenzo,04170,,NULO,nulos,0,PROVISORIO,2023_BALOTAJE_santafe_presidente_mesa.csv
2023,BALOTAJE,2023-11-19,PRESIDENTE Y VICE,21,Santa Fe,19,San Lorenzo,04170,,RECURRIDO,recurridos,0,PROVISORIO,2023_BALOTAJE_santafe_presidente_mesa.csv
2023,BALOTAJE,2023-11-19,PRESIDENTE Y VICE,21,Santa Fe,19,San Lorenzo,04170,,UNION POR LA PATRIA,agrupacion,2,PROVISORIO,2023_BALOTAJE_santafe_presidente_mesa.csv
2023,BALOTAJE,2023-11-19,PRESIDENTE Y VICE,21,Santa Fe,19,San Lorenzo,04172,,EN BLANCO,blancos,37,PROVISORIO,2023_BALOTAJE_santafe_presidente_mesa.csv
2023,BALOTAJE,2023-11-19,PRESIDENTE Y VICE,21,Santa Fe,19,San Lorenzo,04172,,IMPUGNADO,impugnados,0,PROVISORIO,2023_BALOTAJE_santafe_presidente_mesa.csv
2023,BALOTAJE,2023-11-19,PRESIDENTE Y VICE,21,Santa Fe,19,San Lorenzo,04172,,LA LIBERTAD AVANZA,agrupacion,1247,PROVISORIO,2023_BALOTAJE_santafe_presidente_mesa.csv
2023,BALOTAJE,2023-11-19,PRESIDENTE Y VICE,21,Santa Fe,19,San Lorenzo,04172,,NULO,nulos,30,PROVISORIO,2023_BALOTAJE_santafe_presidente_mesa.csv
2023,BALOTAJE,2023-11-19,PRESIDENTE Y VICE,21,Santa Fe,19,San Lorenzo,04172,,RECURRIDO,recurridos,0,PROVISORIO,2023_BALOTAJE_santafe_presidente_mesa.csv
2023,BALOTAJE,2023-11-19,PRESIDENTE Y VICE,21,Santa Fe,19,San Lorenzo,04172,,UNION POR LA PATRIA,agrupacion,522,PROVISORIO,2023_BALOTAJE_santafe_presidente_mesa.csv
2023,BALOTAJE,2023-11-19,PRESIDENTE Y VICE,21,Santa Fe,19,San Lorenzo,04174,,EN BLANCO,blancos,32,PROVISORIO,2023_BALOTAJE_santafe_presidente_mesa.csv
2023,BALOTAJE,2023-11-19,PRESIDENTE Y VICE,21,Santa Fe,19,San Lorenzo,04174,,IMPUGNADO,impugnados,0,PROVISORIO,2023_BALOTAJE_santafe_presidente_mesa.csv
2023,BALOTAJE,2023-11-19,PRESIDENTE Y VICE,21,Santa Fe,19,San Lorenzo,04174,,LA LIBERTAD AVANZA,agrupacion,1019,PROVISORIO,2023_BALOTAJE_santafe_presidente_mesa.csv
2023,BALOTAJE,2023-11-19,PRESIDENTE Y VICE,21,Santa Fe,19,San Lorenzo,04174,,NULO,nulos,42,PROVISORIO,2023_BALOTAJE_santafe_presidente_mesa.csv
2023,BALOTAJE,2023-11-19,PRESIDENTE Y VICE,21,Santa Fe,19,San Lorenzo,04174,,RECURRIDO,recurridos,0,PROVISORIO,2023_BALOTAJE_santafe_presidente_mesa.csv
2023,BALOTAJE,2023-11-19,PRESIDENTE Y VICE,21,Santa Fe,19,San Lorenzo,04174,,UNION POR LA PATRIA,agrupacion,532,PROVISORIO,2023_BALOTAJE_santafe_presidente_mesa.csv
2023,BALOTAJE,2023-11-19,PRESIDENTE Y VICE,21,Santa Fe,19,San Lorenzo,04180,,EN BLANCO,blancos,47,PROVISORIO,2023_BALOTAJE_santafe_presidente_mesa.csv
2023,BALOTAJE,2023-11-19,PRESIDENTE Y VICE,21,Santa Fe,19,San Lorenzo,04180,,IMPUGNADO,impugnados,0,PROVISORIO,2023_BALOTAJE_santafe_presidente_mesa.csv
2023,BALOTAJE,2023-11-19,PRESIDENTE Y VICE,21,Santa Fe,19,San Lorenzo,04180,,LA LIBERTAD AVANZA,agrupacion,2611,PROVISORIO,2023_BALOTAJE_santafe_presidente_mesa.csv
2023,BALOTAJE,2023-11-19,PRESIDENTE Y VICE,21,Santa Fe,19,San Lorenzo,04180,,NULO,nulos,64,PROVISORIO,2023_BALOTAJE_santafe_presidente_mesa.csv
2023,BALOTAJE,2023-11-19,PRESIDENTE Y VICE,21,Santa Fe,19,San Lorenzo,04180,,RECURRIDO,recurridos,0,PROVISORIO,2023_BALOTAJE_santafe_presidente_mesa.csv
2023,BALOTAJE,2023-11-19,PRESIDENTE Y VICE,21,Santa Fe,19,San Lorenzo,04180,,UNION POR LA PATRIA,agrupacion,1562,PROVISORIO,2023_BALOTAJE_santafe_presidente_mesa.csv
2023,BALOTAJE,2023-11-19,PRESIDENTE Y VICE,21,Santa Fe,19,San Lorenzo,04185,,EN BLANCO,blancos,16,PROVISORIO,2023_BALOTAJE_santafe_presidente_mesa.csv
2023,BALOTAJE,2023-11-19,PRESIDENTE Y VICE,21,Santa Fe,19,San Lorenzo,04185,,IMPUGNADO,impugnados,0,PROVISORIO,2023_BALOTAJE_santafe_presidente_mesa.csv
2023,BALOTAJE,2023-11-19,PRESIDENTE Y VICE,21,Santa Fe,19,San Lorenzo,04185,,LA LIBERTAD AVANZA,agrupacion,404,PROVISORIO,2023_BALOTAJE_santafe_presidente_mesa.csv
2023,BALOTAJE,2023-11-19,PRESIDENTE Y VICE,21,Santa Fe,19,San Lorenzo,04185,,NULO,nulos,5,PROVISORIO,2023_BALOTAJE_santafe_presidente_mesa.csv
2023,BALOTAJE,2023-11-19,PRESIDENTE Y VICE,21,Santa Fe,19,San Lorenzo,04185,,RECURRIDO,recurridos,0,PROVISORIO,2023_BALOTAJE_santafe_presidente_mesa.csv
2023,BALOTAJE,2023-11-19,PRESIDENTE Y VICE,21,Santa Fe,19,San Lorenzo,04185,,UNION POR LA PATRIA,agrupacion,131,PROVISORIO,2023_BALOTAJE_santafe_presidente_mesa.csv
2023,BALOTAJE,2023-11-19,PRESIDENTE Y VICE,21,Santa Fe,19,San Lorenzo,04190,,EN BLANCO,blancos,21,PROVISORIO,2023_BALOTAJE_santafe_presidente_mesa.csv
2023,BALOTAJE,2023-11-19,PRESIDENTE Y VICE,21,Santa Fe,19,San Lorenzo,04190,,IMPUGNADO,impugnados,0,PROVISORIO,2023_BALOTAJE_santafe_presidente_mesa.csv
2023,BALOTAJE,2023-11-19,PRESIDENTE Y VICE,21,Santa Fe,19,San Lorenzo,04190,,LA LIBERTAD AVANZA,agrupacion,541,PROVISORIO,2023_BALOTAJE_santafe_presidente_mesa.csv
2023,BALOTAJE,2023-11-19,PRESIDENTE Y VICE,21,Santa Fe,19,San Lorenzo,04190,,NULO,nulos,15,PROVISORIO,2023_BALOTAJE_santafe_presidente_mesa.csv
2023,BALOTAJE,2023-11-19,PRESIDENTE Y VICE,21,Santa Fe,19,San Lorenzo,04190,,RECURRIDO,recurridos,0,PROVISORIO,2023_BALOTAJE_santafe_presidente_mesa.csv
2023,BALOTAJE,2023-11-19,PRESIDENTE Y VICE,21,Santa Fe,19,San Lorenzo,04190,,UNION POR LA PATRIA,agrupacion,375,PROVISORIO,2023_BALOTAJE_santafe_presidente_mesa.csv
2023,BALOTAJE,2023-11-19,PRESIDENTE Y VICE,21,Santa Fe,19,San Lorenzo,04200,,EN BLANCO,blancos,169,PROVISORIO,2023_BALOTAJE_santafe_presidente_mesa.csv
2023,BALOTAJE,2023-11-19,PRESIDENTE Y VICE,21,Santa Fe,19,San Lorenzo,04200,,IMPUGNADO,impugnados,0,PROVISORIO,2023_BALOTAJE_santafe_presidente_mesa.csv
2023,BALOTAJE,2023-11-19,PRESIDENTE Y VICE,21,Santa Fe,19,San Lorenzo,04200,,LA LIBERTAD AVANZA,agrupacion,6628,PROVISORIO,2023_BALOTAJE_santafe_presidente_mesa.csv
2023,BALOTAJE,2023-11-19,PRESIDENTE Y VICE,21,Santa Fe,19,San Lorenzo,04200,,NULO,nulos,284,PROVISORIO,2023_BALOTAJE_santafe_presidente_mesa.csv
2023,BALOTAJE,2023-11-19,PRESIDENTE Y VICE,21,Santa Fe,19,San Lorenzo,04200,,RECURRIDO,recurridos,1,PROVISORIO,2023_BALOTAJE_santafe_presidente_mesa.csv
2023,BALOTAJE,2023-11-19,PRESIDENTE Y VICE,21,Santa Fe,19,San Lorenzo,04200,,UNION POR LA PATRIA,agrupacion,4065,PROVISORIO,2023_BALOTAJE_santafe_presidente_mesa.csv
2023,BALOTAJE,2023-11-19,PRESIDENTE Y VICE,21,Santa Fe,19,San Lorenzo,04205,,EN BLANCO,blancos,292,PROVISORIO,2023_BALOTAJE_santafe_presidente_mesa.csv
2023,BALOTAJE,2023-11-19,PRESIDENTE Y VICE,21,Santa Fe,19,San Lorenzo,04205,,IMPUGNADO,impugnados,0,PROVISORIO,2023_BALOTAJE_santafe_presidente_mesa.csv
2023,BALOTAJE,2023-11-19,PRESIDENTE Y VICE,21,Santa Fe,19,San Lorenzo,04205,,LA LIBERTAD AVANZA,agrupacion,11541,PROVISORIO,2023_BALOTAJE_santafe_presidente_mesa.csv
2023,BALOTAJE,2023-11-19,PRESIDENTE Y VICE,21,Santa Fe,19,San Lorenzo,04205,,NULO,nulos,423,PROVISORIO,2023_BALOTAJE_santafe_presidente_mesa.csv
2023,BALOTAJE,2023-11-19,PRESIDENTE Y VICE,21,Santa Fe,19,San Lorenzo,04205,,RECURRIDO,recurridos,4,PROVISORIO,2023_BALOTAJE_santafe_presidente_mesa.csv
2023,BALOTAJE,2023-11-19,PRESIDENTE Y VICE,21,Santa Fe,19,San Lorenzo,04205,,UNION POR LA PATRIA,agrupacion,7364,PROVISORIO,2023_BALOTAJE_santafe_presidente_mesa.csv
2023,BALOTAJE,2023-11-19,PRESIDENTE Y VICE,21,Santa Fe,19,San Lorenzo,04210,,EN BLANCO,blancos,99,PROVISORIO,2023_BALOTAJE_santafe_presidente_mesa.csv
2023,BALOTAJE,2023-11-19,PRESIDENTE Y VICE,21,Santa Fe,19,San Lorenzo,04210,,IMPUGNADO,impugnados,4,PROVISORIO,2023_BALOTAJE_santafe_presidente_mesa.csv
2023,BALOTAJE,2023-11-19,PRESIDENTE Y VICE,21,Santa Fe,19,San Lorenzo,04210,,LA LIBERTAD AVANZA,agrupacion,8051,PROVISORIO,2023_BALOTAJE_santafe_presidente_mesa.csv
2023,BALOTAJE,2023-11-19,PRESIDENTE Y VICE,21,Santa Fe,19,San Lorenzo,04210,,NULO,nulos,227,PROVISORIO,2023_BALOTAJE_santafe_presidente_mesa.csv
2023,BALOTAJE,2023-11-19,PRESIDENTE Y VICE,21,Santa Fe,19,San Lorenzo,04210,,RECURRIDO,recurridos,2,PROVISORIO,2023_BALOTAJE_santafe_presidente_mesa.csv
2023,BALOTAJE,2023-11-19,PRESIDENTE Y VICE,21,Santa Fe,19,San Lorenzo,04210,,UNION POR LA PATRIA,agrupacion,5165,PROVISORIO,2023_BALOTAJE_santafe_presidente_mesa.csv
2023,BALOTAJE,2023-11-19,PRESIDENTE Y VICE,21,Santa Fe,19,San Lorenzo,04220,,EN BLANCO,blancos,44,PROVISORIO,2023_BALOTAJE_santafe_presidente_mesa.csv
2023,BALOTAJE,2023-11-19,PRESIDENTE Y VICE,21,Santa Fe,19,San Lorenzo,04220,,IMPUGNADO,impugnados,0,PROVISORIO,2023_BALOTAJE_santafe_presidente_mesa.csv
2023,BALOTAJE,2023-11-19,PRESIDENTE Y VICE,21,Santa Fe,19,San Lorenzo,04220,,LA LIBERTAD AVANZA,agrupacion,1732,PROVISORIO,2023_BALOTAJE_santafe_presidente_mesa.csv
2023,BALOTAJE,2023-11-19,PRESIDENTE Y VICE,21,Santa Fe,19,San Lorenzo,04220,,NULO,nulos,47,PROVISORIO,2023_BALOTAJE_santafe_presidente_mesa.csv
2023,BALOTAJE,2023-11-19,PRESIDENTE Y VICE,21,Santa Fe,19,San Lorenzo,04220,,RECURRIDO,recurridos,0,PROVISORIO,2023_BALOTAJE_santafe_presidente_mesa.csv
2023,BALOTAJE,2023-11-19,PRESIDENTE Y VICE,21,Santa Fe,19,San Lorenzo,04220,,UNION POR LA PATRIA,agrupacion,608,PROVISORIO,2023_BALOTAJE_santafe_presidente_mesa.csv
2023,BALOTAJE,2023-11-19,PRESIDENTE Y VICE,21,Santa Fe,19,San Lorenzo,04224,,EN BLANCO,blancos,6,PROVISORIO,2023_BALOTAJE_santafe_presidente_mesa.csv
2023,BALOTAJE,2023-11-19,PRESIDENTE Y VICE,21,Santa Fe,19,San Lorenzo,04224,,IMPUGNADO,impugnados,0,PROVISORIO,2023_BALOTAJE_santafe_presidente_mesa.csv
2023,BALOTAJE,2023-11-19,PRESIDENTE Y VICE,21,Santa Fe,19,San Lorenzo,04224,,LA LIBERTAD AVANZA,agrupacion,532,PROVISORIO,2023_BALOTAJE_santafe_presidente_mesa.csv
2023,BALOTAJE,2023-11-19,PRESIDENTE Y VICE,21,Santa Fe,19,San Lorenzo,04224,,NULO,nulos,6,PROVISORIO,2023_BALOTAJE_santafe_presidente_mesa.csv
2023,BALOTAJE,2023-11-19,PRESIDENTE Y VICE,21,Santa Fe,19,San Lorenzo,04224,,RECURRIDO,recurridos,0,PROVISORIO,2023_BALOTAJE_santafe_presidente_mesa.csv
2023,BALOTAJE,2023-11-19,PRESIDENTE Y VICE,21,Santa Fe,19,San Lorenzo,04224,,UNION POR LA PATRIA,agrupacion,134,PROVISORIO,2023_BALOTAJE_santafe_presidente_mesa.csv
2023,BALOTAJE,2023-11-19,PRESIDENTE Y VICE,21,Santa Fe,19,San Lorenzo,04230,,EN BLANCO,blancos,294,PROVISORIO,2023_BALOTAJE_santafe_presidente_mesa.csv
2023,BALOTAJE,2023-11-19,PRESIDENTE Y VICE,21,Santa Fe,19,San Lorenzo,04230,,IMPUGNADO,impugnados,5,PROVISORIO,2023_BALOTAJE_santafe_presidente_mesa.csv
2023,BALOTAJE,2023-11-19,PRESIDENTE Y VICE,21,Santa Fe,19,San Lorenzo,04230,,LA LIBERTAD AVANZA,agrupacion,10864,PROVISORIO,2023_BALOTAJE_santafe_presidente_mesa.csv
2023,BALOTAJE,2023-11-19,PRESIDENTE Y VICE,21,Santa Fe,19,San Lorenzo,04230,,NULO,nulos,446,PROVISORIO,2023_BALOTAJE_santafe_presidente_mesa.csv
2023,BALOTAJE,2023-11-19,PRESIDENTE Y VICE,21,Santa Fe,19,San Lorenzo,04230,,RECURRIDO,recurridos,3,PROVISORIO,2023_BALOTAJE_santafe_presidente_mesa.csv
2023,BALOTAJE,2023-11-19,PRESIDENTE Y VICE,21,Santa Fe,19,San Lorenzo,04230,,UNION POR LA PATRIA,agrupacion,6394,PROVISORIO,2023_BALOTAJE_santafe_presidente_mesa.csv
2023,BALOTAJE,2023-11-19,PRESIDENTE Y VICE,21,Santa Fe,19,San Lorenzo,04240,,EN BLANCO,blancos,35,PROVISORIO,2023_BALOTAJE_santafe_presidente_mesa.csv
2023,BALOTAJE,2023-11-19,PRESIDENTE Y VICE,21,Santa Fe,19,San Lorenzo,04240,,IMPUGNADO,impugnados,0,PROVISORIO,2023_BALOTAJE_santafe_presidente_mesa.csv
2023,BALOTAJE,2023-11-19,PRESIDENTE Y VICE,21,Santa Fe,19,San Lorenzo,04240,,LA LIBERTAD AVANZA,agrupacion,1351,PROVISORIO,2023_BALOTAJE_santafe_presidente_mesa.csv
2023,BALOTAJE,2023-11-19,PRESIDENTE Y VICE,21,Santa Fe,19,San Lorenzo,04240,,NULO,nulos,37,PROVISORIO,2023_BALOTAJE_santafe_presidente_mesa.csv
2023,BALOTAJE,2023-11-19,PRESIDENTE Y VICE,21,Santa Fe,19,San Lorenzo,04240,,RECURRIDO,recurridos,0,PROVISORIO,2023_BALOTAJE_santafe_presidente_mesa.csv
2023,BALOTAJE,2023-11-19,PRESIDENTE Y VICE,21,Santa Fe,19,San Lorenzo,04240,,UNION POR LA PATRIA,agrupacion,547,PROVISORIO,2023_BALOTAJE_santafe_presidente_mesa.csv
2023,BALOTAJE,2023-11-19,PRESIDENTE Y VICE,21,Santa Fe,19,San Lorenzo,04245,,EN BLANCO,blancos,53,PROVISORIO,2023_BALOTAJE_santafe_presidente_mesa.csv
2023,BALOTAJE,2023-11-19,PRESIDENTE Y VICE,21,Santa Fe,19,San Lorenzo,04245,,IMPUGNADO,impugnados,0,PROVISORIO,2023_BALOTAJE_santafe_presidente_mesa.csv
2023,BALOTAJE,2023-11-19,PRESIDENTE Y VICE,21,Santa Fe,19,San Lorenzo,04245,,LA LIBERTAD AVANZA,agrupacion,2257,PROVISORIO,2023_BALOTAJE_santafe_presidente_mesa.csv
2023,BALOTAJE,2023-11-19,PRESIDENTE Y VICE,21,Santa Fe,19,San Lorenzo,04245,,NULO,nulos,84,PROVISORIO,2023_BALOTAJE_santafe_presidente_mesa.csv
2023,BALOTAJE,2023-11-19,PRESIDENTE Y VICE,21,Santa Fe,19,San Lorenzo,04245,,RECURRIDO,recurridos,0,PROVISORIO,2023_BALOTAJE_santafe_presidente_mesa.csv
2023,BALOTAJE,2023-11-19,PRESIDENTE Y VICE,21,Santa Fe,19,San Lorenzo,04245,,UNION POR LA PATRIA,agrupacion,835,PROVISORIO,2023_BALOTAJE_santafe_presidente_mesa.csv
2023,BALOTAJE,2023-11-19,PRESIDENTE Y VICE,21,Santa Fe,19,San Lorenzo,04250,,EN BLANCO,blancos,417,PROVISORIO,2023_BALOTAJE_santafe_presidente_mesa.csv
2023,BALOTAJE,2023-11-19,PRESIDENTE Y VICE,21,Santa Fe,19,San Lorenzo,04250,,IMPUGNADO,impugnados,4,PROVISORIO,2023_BALOTAJE_santafe_presidente_mesa.csv
2023,BALOTAJE,2023-11-19,PRESIDENTE Y VICE,21,Santa Fe,19,San Lorenzo,04250,,LA LIBERTAD AVANZA,agrupacion,19774,PROVISORIO,2023_BALOTAJE_santafe_presidente_mesa.csv
2023,BALOTAJE,2023-11-19,PRESIDENTE Y VICE,21,Santa Fe,19,San Lorenzo,04250,,NULO,nulos,698,PROVISORIO,2023_BALOTAJE_santafe_presidente_mesa.csv
2023,BALOTAJE,2023-11-19,PRESIDENTE Y VICE,21,Santa Fe,19,San Lorenzo,04250,,RECURRIDO,recurridos,7,PROVISORIO,2023_BALOTAJE_santafe_presidente_mesa.csv
2023,BALOTAJE,2023-11-19,PRESIDENTE Y VICE,21,Santa Fe,19,San Lorenzo,04250,,UNION POR LA PATRIA,agrupacion,10453,PROVISORIO,2023_BALOTAJE_santafe_presidente_mesa.csv
2023,BALOTAJE,2023-11-19,PRESIDENTE Y VICE,21,Santa Fe,1,La Capital,00010,,POSITIVO,positivo,2891,PROVISORIO,2023_BALOTAJE_santafe_presidente_mesa.csv
2023,BALOTAJE,2023-11-19,PRESIDENTE Y VICE,21,Santa Fe,1,La Capital,00020,,POSITIVO,positivo,2737,PROVISORIO,2023_BALOTAJE_santafe_presidente_mesa.csv
2023,BALOTAJE,2023-11-19,PRESIDENTE Y VICE,21,Santa Fe,1,La Capital,00030,,POSITIVO,positivo,1439,PROVISORIO,2023_BALOTAJE_santafe_presidente_mesa.csv
2023,BALOTAJE,2023-11-19,PRESIDENTE Y VICE,21,Santa Fe,1,La Capital,00040,,POSITIVO,positivo,2400,PROVISORIO,2023_BALOTAJE_santafe_presidente_mesa.csv
2023,BALOTAJE,2023-11-19,PRESIDENTE Y VICE,21,Santa Fe,1,La Capital,00050,,POSITIVO,positivo,2281,PROVISORIO,2023_BALOTAJE_santafe_presidente_mesa.csv
2023,BALOTAJE,2023-11-19,PRESIDENTE Y VICE,21,Santa Fe,1,La Capital,00060,,POSITIVO,positivo,2316,PROVISORIO,2023_BALOTAJE_santafe_presidente_mesa.csv
2023,BALOTAJE,2023-11-19,PRESIDENTE Y VICE,21,Santa Fe,1,La Capital,00070,,POSITIVO,positivo,8688,PROVISORIO,2023_BALOTAJE_santafe_presidente_mesa.csv
2023,BALOTAJE,2023-11-19,PRESIDENTE Y VICE,21,Santa Fe,1,La Capital,00080,,POSITIVO,positivo,5195,PROVISORIO,2023_BALOTAJE_santafe_presidente_mesa.csv
2023,BALOTAJE,2023-11-19,PRESIDENTE Y VICE,21,Santa Fe,1,La Capital,00090,,POSITIVO,positivo,6171,PROVISORIO,2023_BALOTAJE_santafe_presidente_mesa.csv
2023,BALOTAJE,2023-11-19,PRESIDENTE Y VICE,21,Santa Fe,1,La Capital,00100,,POSITIVO,positivo,6783,PROVISORIO,2023_BALOTAJE_santafe_presidente_mesa.csv
2023,BALOTAJE,2023-11-19,PRESIDENTE Y VICE,21,Santa Fe,1,La Capital,00110,,POSITIVO,positivo,5621,PROVISORIO,2023_BALOTAJE_santafe_presidente_mesa.csv
2023,BALOTAJE,2023-11-19,PRESIDENTE Y VICE,21,Santa Fe,1,La Capital,00115,,POSITIVO,positivo,6493,PROVISORIO,2023_BALOTAJE_santafe_presidente_mesa.csv
2023,BALOTAJE,2023-11-19,PRESIDENTE Y VICE,21,Santa Fe,1,La Capital,00120,,POSITIVO,positivo,6209,PROVISORIO,2023_BALOTAJE_santafe_presidente_mesa.csv
2023,BALOTAJE,2023-11-19,PRESIDENTE Y VICE,21,Santa Fe,1,La Capital,00130,,POSITIVO,positivo,12031,PROVISORIO,2023_BALOTAJE_santafe_presidente_mesa.csv
2023,BALOTAJE,2023-11-19,PRESIDENTE Y VICE,21,Santa Fe,1,La Capital,00140,,POSITIVO,positivo,10680,PROVISORIO,2023_BALOTAJE_santafe_presidente_mesa.csv
2023,BALOTAJE,2023-11-19,PRESIDENTE Y VICE,21,Santa Fe,1,La Capital,00142,,POSITIVO,positivo,5876,PROVISORIO,2023_BALOTAJE_santafe_presidente_mesa.csv
2023,BALOTAJE,2023-11-19,PRESIDENTE Y VICE,21,Santa Fe,1,La Capital,00150,,POSITIVO,positivo,12613,PROVISORIO,2023_BALOTAJE_santafe_presidente_mesa.csv
2023,BALOTAJE,2023-11-19,PRESIDENTE Y VICE,21,Santa Fe,1,La Capital,00152,,POSITIVO,positivo,4778,PROVISORIO,2023_BALOTAJE_santafe_presidente_mesa.csv
2023,BALOTAJE,2023-11-19,PRESIDENTE Y VICE,21,Santa Fe,1,La Capital,00160,,POSITIVO,positivo,15739,PROVISORIO,2023_BALOTAJE_santafe_presidente_mesa.csv
2023,BALOTAJE,2023-11-19,PRESIDENTE Y VICE,21,Santa Fe,1,La Capital,00161,,POSITIVO,positivo,17940,PROVISORIO,2023_BALOTAJE_santafe_presidente_mesa.csv
2023,BALOTAJE,2023-11-19,PRESIDENTE Y VICE,21,Santa Fe,1,La Capital,00162,,POSITIVO,positivo,11938,PROVISORIO,2023_BALOTAJE_santafe_presidente_mesa.csv
2023,BALOTAJE,2023-11-19,PRESIDENTE Y VICE,21,Santa Fe,1,La Capital,00165,,POSITIVO,positivo,10267,PROVISORIO,2023_BALOTAJE_santafe_presidente_mesa.csv
2023,BALOTAJE,2023-11-19,PRESIDENTE Y VICE,21,Santa Fe,1,La Capital,00170,,POSITIVO,positivo,6615,PROVISORIO,2023_BALOTAJE_santafe_presidente_mesa.csv
2023,BALOTAJE,2023-11-19,PRESIDENTE Y VICE,21,Santa Fe,1,La Capital,00171,,POSITIVO,positivo,8536,PROVISORIO,2023_BALOTAJE_santafe_presidente_mesa.csv
2023,BALOTAJE,2023-11-19,PRESIDENTE Y VICE,21,Santa Fe,1,La Capital,00172,,POSITIVO,positivo,5344,PROVISORIO,2023_BALOTAJE_santafe_presidente_mesa.csv
2023,BALOTAJE,2023-11-19,PRESIDENTE Y VICE,21,Santa Fe,1,La Capital,00175,,POSITIVO,positivo,21782,PROVISORIO,2023_BALOTAJE_santafe_presidente_mesa.csv
2023,BALOTAJE,2023-11-19,PRESIDENTE Y VICE,21,Santa Fe,1,La Capital,00180,,POSITIVO,positivo,6090,PROVISORIO,2023_BALOTAJE_santafe_presidente_mesa.csv
2023,BALOTAJE,2023-11-19,PRESIDENTE Y VICE,21,Santa Fe,1,La Capital,00185,,POSITIVO,positivo,5463,PROVISORIO,2023_BALOTAJE_santafe_presidente_mesa.csv
2023,BALOTAJE,2023-11-19,PRESIDENTE Y VICE,21,Santa Fe,1,La Capital,00190,,POSITIVO,positivo,3331,PROVISORIO,2023_BALOTAJE_santafe_presidente_mesa.csv
2023,BALOTAJE,2023-11-19,PRESIDENTE Y VICE,21,Santa Fe,1,La Capital,00192,,POSITIVO,positivo,4547,PROVISORIO,2023_BALOTAJE_santafe_presidente_mesa.csv
2023,BALOTAJE,2023-11-19,PRESIDENTE Y VICE,21,Santa Fe,1,La Capital,00194,,POSITIVO,positivo,4579,PROVISORIO,2023_BALOTAJE_santafe_presidente_mesa.csv
2023,BALOTAJE,2023-11-19,PRESIDENTE Y VICE,21,Santa Fe,1,La Capital,00196,,POSITIVO,positivo,1387,PROVISORIO,2023_BALOTAJE_santafe_presidente_mesa.csv
2023,BALOTAJE,2023-11-19,PRESIDENTE Y VICE,21,Santa Fe,1,La Capital,00200,,POSITIVO,positivo,16574,PROVISORIO,2023_BALOTAJE_santafe_presidente_mesa.csv
2023,BALOTAJE,2023-11-19,PRESIDENTE Y VICE,21,Santa Fe,1,La Capital,00202,,POSITIVO,positivo,18345,PROVISORIO,2023_BALOTAJE_santafe_presidente_mesa.csv
2023,BALOTAJE,2023-11-19,PRESIDENTE Y VICE,21,Santa Fe,1,La Capital,00204,,POSITIVO,positivo,7581,PROVISORIO,2023_BALOTAJE_santafe_presidente_mesa.csv
2023,BALOTAJE,2023-11-19,PRESIDENTE Y VICE,21,Santa Fe,1,La Capital,00220,,POSITIVO,positivo,8196,PROVISORIO,2023_BALOTAJE_santafe_presidente_mesa.csv
2023,BALOTAJE,2023-11-19,PRESIDENTE Y VICE,21,Santa Fe,1,La Capital,00230,,POSITIVO,positivo,10432,PROVISORIO,2023_BALOTAJE_santafe_presidente_mesa.csv
2023,BALOTAJE,2023-11-19,PRESIDENTE Y VICE,21,Santa Fe,1,La Capital,00240,,POSITIVO,positivo,5319,PROVISORIO,2023_BALOTAJE_santafe_presidente_mesa.csv
2023,BALOTAJE,2023-11-19,PRESIDENTE Y VICE,21,Santa Fe,1,La Capital,00250,,POSITIVO,positivo,668,PROVISORIO,2023_BALOTAJE_santafe_presidente_mesa.csv
2023,BALOTAJE,2023-11-19,PRESIDENTE Y VICE,21,Santa Fe,1,La Capital,00260,,POSITIVO,positivo,1024,PROVISORIO,2023_BALOTAJE_santafe_presidente_mesa.csv
2023,BALOTAJE,2023-11-19,PRESIDENTE Y VICE,21,Santa Fe,1,La Capital,00270,,POSITIVO,positivo,8106,PROVISORIO,2023_BALOTAJE_santafe_presidente_mesa.csv
2023,BALOTAJE,2023-11-19,PRESIDENTE Y VICE,21,Santa Fe,1,La Capital,00280,,POSITIVO,positivo,230,PROVISORIO,2023_BALOTAJE_santafe_presidente_mesa.csv
2023,BALOTAJE,2023-11-19,PRESIDENTE Y VICE,21,Santa Fe,1,La Capital,00290,,POSITIVO,positivo,3144,PROVISORIO,2023_BALOTAJE_santafe_presidente_mesa.csv
2023,BALOTAJE,2023-11-19,PRESIDENTE Y VICE,21,Santa Fe,1,La Capital,00300,,POSITIVO,positivo,1856,PROVISORIO,2023_BALOTAJE_santafe_presidente_mesa.csv
2023,BALOTAJE,2023-11-19,PRESIDENTE Y VICE,21,Santa Fe,1,La Capital,00310,,POSITIVO,positivo,738,PROVISORIO,2023_BALOTAJE_santafe_presidente_mesa.csv
2023,BALOTAJE,2023-11-19,PRESIDENTE Y VICE,21,Santa Fe,1,La Capital,00330,,POSITIVO,positivo,9528,PROVISORIO,2023_BALOTAJE_santafe_presidente_mesa.csv
2023,BALOTAJE,2023-11-19,PRESIDENTE Y VICE,21,Santa Fe,1,La Capital,00370,,POSITIVO,positivo,86,PROVISORIO,2023_BALOTAJE_santafe_presidente_mesa.csv
2023,BALOTAJE,2023-11-19,PRESIDENTE Y VICE,21,Santa Fe,1,La Capital,00390,,POSITIVO,positivo,1446,PROVISORIO,2023_BALOTAJE_santafe_presidente_mesa.csv
2023,BALOTAJE,2023-11-19,PRESIDENTE Y VICE,21,Santa Fe,1,La Capital,00400,,POSITIVO,positivo,2721,PROVISORIO,2023_BALOTAJE_santafe_presidente_mesa.csv
2023,BALOTAJE,2023-11-19,PRESIDENTE Y VICE,21,Santa Fe,2,Las Colonias,00410,,POSITIVO,positivo,263,PROVISORIO,2023_BALOTAJE_santafe_presidente_mesa.csv
2023,BALOTAJE,2023-11-19,PRESIDENTE Y VICE,21,Santa Fe,2,Las Colonias,00420,,POSITIVO,positivo,576,PROVISORIO,2023_BALOTAJE_santafe_presidente_mesa.csv
2023,BALOTAJE,2023-11-19,PRESIDENTE Y VICE,21,Santa Fe,2,Las Colonias,00430,San Carlos Sud,POSITIVO,positivo,1575,PROVISORIO,2023_BALOTAJE_santafe_presidente_mesa.csv
2023,BALOTAJE,2023-11-19,PRESIDENTE Y VICE,21,Santa Fe,2,Las Colonias,00440,San Carlos Centro,POSITIVO,positivo,7668,PROVISORIO,2023_BALOTAJE_santafe_presidente_mesa.csv
2023,BALOTAJE,2023-11-19,PRESIDENTE Y VICE,21,Santa Fe,2,Las Colonias,00450,,POSITIVO,positivo,756,PROVISORIO,2023_BALOTAJE_santafe_presidente_mesa.csv
2023,BALOTAJE,2023-11-19,PRESIDENTE Y VICE,21,Santa Fe,2,Las Colonias,00460,Santa Clara de Buena Vista,POSITIVO,positivo,1933,PROVISORIO,2023_BALOTAJE_santafe_presidente_mesa.csv
2023,BALOTAJE,2023-11-19,PRESIDENTE Y VICE,21,Santa Fe,2,Las Colonias,00470,,POSITIVO,positivo,249,PROVISORIO,2023_BALOTAJE_santafe_presidente_mesa.csv
2023,BALOTAJE,2023-11-19,PRESIDENTE Y VICE,21,Santa Fe,2,Las Colonias,00480,,POSITIVO,positivo,1042,PROVISORIO,2023_BALOTAJE_santafe_presidente_mesa.csv
2023,BALOTAJE,2023-11-19,PRESIDENTE Y VICE,21,Santa Fe,2,Las Colonias,00490,,POSITIVO,positivo,713,PROVISORIO,2023_BALOTAJE_santafe_presidente_mesa.csv
2023,BALOTAJE,2023-11-19,PRESIDENTE Y VICE,21,Santa Fe,2,Las Colonias,00500,,POSITIVO,positivo,112,PROVISORIO,2023_BALOTAJE_santafe_presidente_mesa.csv
2023,BALOTAJE,2023-11-19,PRESIDENTE Y VICE,21,Santa Fe,2,Las Colonias,00510,,POSITIVO,positivo,584,PROVISORIO,2023_BALOTAJE_santafe_presidente_mesa.csv
2023,BALOTAJE,2023-11-19,PRESIDENTE Y VICE,21,Santa Fe,2,Las Colonias,00520,San Jerónimo Norte,POSITIVO,positivo,4548,PROVISORIO,2023_BALOTAJE_santafe_presidente_mesa.csv
2023,BALOTAJE,2023-11-19,PRESIDENTE Y VICE,21,Santa Fe,2,Las Colonias,00530,Franck,POSITIVO,positivo,4242,PROVISORIO,2023_BALOTAJE_santafe_presidente_mesa.csv
2023,BALOTAJE,2023-11-19,PRESIDENTE Y VICE,21,Santa Fe,2,Las Colonias,00540,,POSITIVO,positivo,396,PROVISORIO,2023_BALOTAJE_santafe_presidente_mesa.csv
2023,BALOTAJE,2023-11-19,PRESIDENTE Y VICE,21,Santa Fe,2,Las Colonias,00550,Esperanza,POSITIVO,positivo,26543,PROVISORIO,2023_BALOTAJE_santafe_presidente_mesa.csv
2023,BALOTAJE,2023-11-19,PRESIDENTE Y VICE,21,Santa Fe,2,Las Colonias,00557,,POSITIVO,positivo,78,PROVISORIO,2023_BALOTAJE_santafe_presidente_mesa.csv
2023,BALOTAJE,2023-11-19,PRESIDENTE Y VICE,21,Santa Fe,2,Las Colonias,00559,,POSITIVO,positivo,33,PROVISORIO,2023_BALOTAJE_santafe_presidente_mesa.csv
2023,BALOTAJE,2023-11-19,PRESIDENTE Y VICE,21,Santa Fe,2,Las Colonias,00560,Humboldt,POSITIVO,positivo,3468,PROVISORIO,2023_BALOTAJE_santafe_presidente_mesa.csv
2023,BALOTAJE,2023-11-19,PRESIDENTE Y VICE,21,Santa Fe,2,Las Colonias,00570,Pilar,POSITIVO,positivo,3237,PROVISORIO,2023_BALOTAJE_santafe_presidente_mesa.csv
2023,BALOTAJE,2023-11-19,PRESIDENTE Y VICE,21,Santa Fe,2,Las Colonias,00580,,POSITIVO,positivo,441,PROVISORIO,2023_BALOTAJE_santafe_presidente_mesa.csv
2023,BALOTAJE,2023-11-19,PRESIDENTE Y VICE,21,Santa Fe,2,Las Colonias,00590,,POSITIVO,positivo,252,PROVISORIO,2023_BALOTAJE_santafe_presidente_mesa.csv
2023,BALOTAJE,2023-11-19,PRESIDENTE Y VICE,21,Santa Fe,2,Las Colonias,00600,Felicia,POSITIVO,positivo,1497,PROVISORIO,2023_BALOTAJE_santafe_presidente_mesa.csv
2023,BALOTAJE,2023-11-19,PRESIDENTE Y VICE,21,Santa Fe,2,Las Colonias,00610,,POSITIVO,positivo,574,PROVISORIO,2023_BALOTAJE_santafe_presidente_mesa.csv
2023,BALOTAJE,2023-11-19,PRESIDENTE Y VICE,21,Santa Fe,2,Las Colonias,00620,,POSITIVO,positivo,848,PROVISORIO,2023_BALOTAJE_santafe_presidente_mesa.csv
2023,BALOTAJE,2023-11-19,PRESIDENTE Y VICE,21,Santa Fe,2,Las Colonias,00630,Progreso,POSITIVO,positivo,1725,PROVISORIO,2023_BALOTAJE_santafe_presidente_mesa.csv
2023,BALOTAJE,2023-11-19,PRESIDENTE Y VICE,21,Santa Fe,2,Las Colonias,00640,,POSITIVO,positivo,1095,PROVISORIO,2023_BALOTAJE_santafe_presidente_mesa.csv
2023,BALOTAJE,2023-11-19,PRESIDENTE Y VICE,21,Santa Fe,2,Las Colonias,00650,,POSITIVO,positivo,497,PROVISORIO,2023_BALOTAJE_santafe_presidente_mesa.csv
2023,BALOTAJE,2023-11-19,PRESIDENTE Y VICE,21,Santa Fe,2,Las Colonias,00660,,POSITIVO,positivo,541,PROVISORIO,2023_BALOTAJE_santafe_presidente_mesa.csv
2023,BALOTAJE,2023-11-19,PRESIDENTE Y VICE,21,Santa Fe,2,Las Colonias,00670,,POSITIVO,positivo,780,PROVISORIO,2023_BALOTAJE_santafe_presidente_mesa.csv
2023,BALOTAJE,2023-11-19,PRESIDENTE Y VICE,21,Santa Fe,2,Las Colonias,00680,,POSITIVO,positivo,1127,PROVISORIO,2023_BALOTAJE_santafe_presidente_mesa.csv
2023,BALOTAJE,2023-11-19,PRESIDENTE Y VICE,21,Santa Fe,2,Las Colonias,00690,,POSITIVO,positivo,201,PROVISORIO,2023_BALOTAJE_santafe_presidente_mesa.csv
2023,BALOTAJE,2023-11-19,PRESIDENTE Y VICE,21,Santa Fe,2,Las Colonias,00700,,POSITIVO,positivo,57,PROVISORIO,2023_BALOTAJE_santafe_presidente_mesa.csv
2023,BALOTAJE,2023-11-19,PRESIDENTE Y VICE,21,Santa Fe,2,Las Colonias,00710,,POSITIVO,positivo,214,PROVISORIO,2023_BALOTAJE_santafe_presidente_mesa.csv
2023,BALOTAJE,2023-11-19,PRESIDENTE Y VICE,21,Santa Fe,2,Las Colonias,00720,,POSITIVO,positivo,33,PROVISORIO,2023_BALOTAJE_santafe_presidente_mesa.csv
2023,BALOTAJE,2023-11-19,PRESIDENTE Y VICE,21,Santa Fe,2,Las Colonias,00730,,POSITIVO,positivo,172,PROVISORIO,2023_BALOTAJE_santafe_presidente_mesa.csv
2023,BALOTAJE,2023-11-19,PRESIDENTE Y VICE,21,Santa Fe,2,Las Colonias,00740,,POSITIVO,positivo,86,PROVISORIO,2023_BALOTAJE_santafe_presidente_mesa.csv
2023,BALOTAJE,2023-11-19,PRESIDENTE Y VICE,21,Santa Fe,2,Las Colonias,00750,,POSITIVO,positivo,228,PROVISORIO,2023_BALOTAJE_santafe_presidente_mesa.csv
2023,BALOTAJE,2023-11-19,PRESIDENTE Y VICE,21,Santa Fe,2,Las Colonias,00760,,POSITIVO,positivo,56,PROVISORIO,2023_BALOTAJE_santafe_presidente_mesa.csv
2023,BALOTAJE,2023-11-19,PRESIDENTE Y VICE,21,Santa Fe,2,Las Colonias,00770,,POSITIVO,positivo,27,PROVISORIO,2023_BALOTAJE_santafe_presidente_mesa.csv
2023,BALOTAJE,2023-11-19,PRESIDENTE Y VICE,21,Santa Fe,3,San Jerónimo,00790,,POSITIVO,positivo,10651,PROVISORIO,2023_BALOTAJE_santafe_presidente_mesa.csv
2023,BALOTAJE,2023-11-19,PRESIDENTE Y VICE,21,Santa Fe,3,San Jerónimo,00800,,POSITIVO,positivo,313,PROVISORIO,2023_BALOTAJE_santafe_presidente_mesa.csv
2023,BALOTAJE,2023-11-19,PRESIDENTE Y VICE,21,Santa Fe,3,San Jerónimo,00810,,POSITIVO,positivo,690,PROVISORIO,2023_BALOTAJE_santafe_presidente_mesa.csv
2023,BALOTAJE,2023-11-19,PRESIDENTE Y VICE,21,Santa Fe,3,San Jerónimo,00820,,POSITIVO,positivo,1047,PROVISORIO,2023_BALOTAJE_santafe_presidente_mesa.csv
2023,BALOTAJE,2023-11-19,PRESIDENTE Y VICE,21,Santa Fe,3,San Jerónimo,00830,,POSITIVO,positivo,12656,PROVISORIO,2023_BALOTAJE_santafe_presidente_mesa.csv
2023,BALOTAJE,2023-11-19,PRESIDENTE Y VICE,21,Santa Fe,3,San Jerónimo,00840,,POSITIVO,positivo,1230,PROVISORIO,2023_BALOTAJE_santafe_presidente_mesa.csv
2023,BALOTAJE,2023-11-19,PRESIDENTE Y VICE,21,Santa Fe,3,San Jerónimo,00850,,POSITIVO,positivo,582,PROVISORIO,2023_BALOTAJE_santafe_presidente_mesa.csv
2023,BALOTAJE,2023-11-19,PRESIDENTE Y VICE,21,Santa Fe,3,San Jerónimo,00855,,POSITIVO,positivo,90,PROVISORIO,2023_BALOTAJE_santafe_presidente_mesa.csv
2023,BALOTAJE,2023-11-19,PRESIDENTE Y VICE,21,Santa Fe,3,San Jerónimo,00860,,POSITIVO,positivo,1040,PROVISORIO,2023_BALOTAJE_santafe_presidente_mesa.csv
2023,BALOTAJE,2023-11-19,PRESIDENTE Y VICE,21,Santa Fe,3,San Jerónimo,00870,,POSITIVO,positivo,3190,PROVISORIO,2023_BALOTAJE_santafe_presidente_mesa.csv
2023,BALOTAJE,2023-11-19,PRESIDENTE Y VICE,21,Santa Fe,3,San Jerónimo,00880,,POSITIVO,positivo,2061,PROVISORIO,2023_BALOTAJE_santafe_presidente_mesa.csv
2023,BALOTAJE,2023-11-19,PRESIDENTE Y VICE,21,Santa Fe,3,San Jerónimo,00890,,POSITIVO,positivo,6169,PROVISORIO,2023_BALOTAJE_santafe_presidente_mesa.csv
2023,BALOTAJE,2023-11-19,PRESIDENTE Y VICE,21,Santa Fe,3,San Jerónimo,00910,,POSITIVO,positivo,1165,PROVISORIO,2023_BALOTAJE_santafe_presidente_mesa.csv
2023,BALOTAJE,2023-11-19,PRESIDENTE Y VICE,21,Santa Fe,3,San Jerónimo,00920,,POSITIVO,positivo,1490,PROVISORIO,2023_BALOTAJE_santafe_presidente_mesa.csv
2023,BALOTAJE,2023-11-19,PRESIDENTE Y VICE,21,Santa Fe,3,San Jerónimo,00930,,POSITIVO,positivo,3580,PROVISORIO,2023_BALOTAJE_santafe_presidente_mesa.csv
2023,BALOTAJE,2023-11-19,PRESIDENTE Y VICE,21,Santa Fe,3,San Jerónimo,00940,,POSITIVO,positivo,1854,PROVISORIO,2023_BALOTAJE_santafe_presidente_mesa.csv
2023,BALOTAJE,2023-11-19,PRESIDENTE Y VICE,21,Santa Fe,3,San Jerónimo,00950,,POSITIVO,positivo,573,PROVISORIO,2023_BALOTAJE_santafe_presidente_mesa.csv
2023,BALOTAJE,2023-11-19,PRESIDENTE Y VICE,21,Santa Fe,3,San Jerónimo,00960,,POSITIVO,positivo,1242,PROVISORIO,2023_BALOTAJE_santafe_presidente_mesa.csv
2023,BALOTAJE,2023-11-19,PRESIDENTE Y VICE,21,Santa Fe,3,San Jerónimo,00965,,POSITIVO,positivo,589,PROVISORIO,2023_BALOTAJE_santafe_presidente_mesa.csv
2023,BALOTAJE,2023-11-19,PRESIDENTE Y VICE,21,Santa Fe,3,San Jerónimo,00970,,POSITIVO,positivo,126,PROVISORIO,2023_BALOTAJE_santafe_presidente_mesa.csv
2023,BALOTAJE,2023-11-19,PRESIDENTE Y VICE,21,Santa Fe,3,San Jerónimo,00980,,POSITIVO,positivo,87,PROVISORIO,2023_BALOTAJE_santafe_presidente_mesa.csv
2023,BALOTAJE,2023-11-19,PRESIDENTE Y VICE,21,Santa Fe,3,San Jerónimo,01000,,POSITIVO,positivo,69,PROVISORIO,2023_BALOTAJE_santafe_presidente_mesa.csv
2023,BALOTAJE,2023-11-19,PRESIDENTE Y VICE,21,Santa Fe,3,San Jerónimo,01010,,POSITIVO,positivo,134,PROVISORIO,2023_BALOTAJE_santafe_presidente_mesa.csv
2023,BALOTAJE,2023-11-19,PRESIDENTE Y VICE,21,Santa Fe,4,Garay,01040,,POSITIVO,positivo,190,PROVISORIO,2023_BALOTAJE_santafe_presidente_mesa.csv
2023,BALOTAJE,2023-11-19,PRESIDENTE Y VICE,21,Santa Fe,4,Garay,01050,,POSITIVO,positivo,437,PROVISORIO,2023_BALOTAJE_santafe_presidente_mesa.csv
2023,BALOTAJE,2023-11-19,PRESIDENTE Y VICE,21,Santa Fe,4,Garay,01060,,POSITIVO,positivo,5303,PROVISORIO,2023_BALOTAJE_santafe_presidente_mesa.csv
2023,BALOTAJE,2023-11-19,PRESIDENTE Y VICE,21,Santa Fe,4,Garay,01064,,POSITIVO,positivo,20,PROVISORIO,2023_BALOTAJE_santafe_presidente_mesa.csv
2023,BALOTAJE,2023-11-19,PRESIDENTE Y VICE,21,Santa Fe,4,Garay,01066,,POSITIVO,positivo,35,PROVISORIO,2023_BALOTAJE_santafe_presidente_mesa.csv
2023,BALOTAJE,2023-11-19,PRESIDENTE Y VICE,21,Santa Fe,4,Garay,01070,,POSITIVO,positivo,2650,PROVISORIO,2023_BALOTAJE_santafe_presidente_mesa.csv
2023,BALOTAJE,2023-11-19,PRESIDENTE Y VICE,21,Santa Fe,4,Garay,01080,,POSITIVO,positivo,3812,PROVISORIO,2023_BALOTAJE_santafe_presidente_mesa.csv
2023,BALOTAJE,2023-11-19,PRESIDENTE Y VICE,21,Santa Fe,4,Garay,01085,,POSITIVO,positivo,561,PROVISORIO,2023_BALOTAJE_santafe_presidente_mesa.csv
2023,BALOTAJE,2023-11-19,PRESIDENTE Y VICE,21,Santa Fe,4,Garay,01090,,POSITIVO,positivo,497,PROVISORIO,2023_BALOTAJE_santafe_presidente_mesa.csv
2023,BALOTAJE,2023-11-19,PRESIDENTE Y VICE,21,Santa Fe,4,Garay,01100,,POSITIVO,positivo,352,PROVISORIO,2023_BALOTAJE_santafe_presidente_mesa.csv
2023,BALOTAJE,2023-11-19,PRESIDENTE Y VICE,21,Santa Fe,5,Castellanos,01110,,POSITIVO,positivo,146,PROVISORIO,2023_BALOTAJE_santafe_presidente_mesa.csv
2023,BALOTAJE,2023-11-19,PRESIDENTE Y VICE,21,Santa Fe,5,Castellanos,01120,,POSITIVO,positivo,117,PROVISORIO,2023_BALOTAJE_santafe_presidente_mesa.csv
2023,BALOTAJE,2023-11-19,PRESIDENTE Y VICE,21,Santa Fe,5,Castellanos,01130,,POSITIVO,positivo,126,PROVISORIO,2023_BALOTAJE_santafe_presidente_mesa.csv
2023,BALOTAJE,2023-11-19,PRESIDENTE Y VICE,21,Santa Fe,5,Castellanos,01140,,POSITIVO,positivo,111,PROVISORIO,2023_BALOTAJE_santafe_presidente_mesa.csv
2023,BALOTAJE,2023-11-19,PRESIDENTE Y VICE,21,Santa Fe,5,Castellanos,01150,,POSITIVO,positivo,986,PROVISORIO,2023_BALOTAJE_santafe_presidente_mesa.csv
2023,BALOTAJE,2023-11-19,PRESIDENTE Y VICE,21,Santa Fe,5,Castellanos,01160,,POSITIVO,positivo,220,PROVISORIO,2023_BALOTAJE_santafe_presidente_mesa.csv
2023,BALOTAJE,2023-11-19,PRESIDENTE Y VICE,21,Santa Fe,5,Castellanos,01170,Humberto Primo,POSITIVO,positivo,3310,PROVISORIO,2023_BALOTAJE_santafe_presidente_mesa.csv
2023,BALOTAJE,2023-11-19,PRESIDENTE Y VICE,21,Santa Fe,5,Castellanos,01180,Sunchales,POSITIVO,positivo,14325,PROVISORIO,2023_BALOTAJE_santafe_presidente_mesa.csv
2023,BALOTAJE,2023-11-19,PRESIDENTE Y VICE,21,Santa Fe,5,Castellanos,01190,,POSITIVO,positivo,523,PROVISORIO,2023_BALOTAJE_santafe_presidente_mesa.csv
2023,BALOTAJE,2023-11-19,PRESIDENTE Y VICE,21,Santa Fe,5,Castellanos,01200,Colonia Aldao,POSITIVO,positivo,1169,PROVISORIO,2023_BALOTAJE_santafe_presidente_mesa.csv
2023,BALOTAJE,2023-11-19,PRESIDENTE Y VICE,21,Santa Fe,5,Castellanos,01202,,POSITIVO,positivo,36,PROVISORIO,2023_BALOTAJE_santafe_presidente_mesa.csv
2023,BALOTAJE,2023-11-19,PRESIDENTE Y VICE,21,Santa Fe,5,Castellanos,01204,,POSITIVO,positivo,36,PROVISORIO,2023_BALOTAJE_santafe_presidente_mesa.csv
2023,BALOTAJE,2023-11-19,PRESIDENTE Y VICE,21,Santa Fe,5,Castellanos,01210,Ataliva,POSITIVO,positivo,1302,PROVISORIO,2023_BALOTAJE_santafe_presidente_mesa.csv
2023,BALOTAJE,2023-11-19,PRESIDENTE Y VICE,21,Santa Fe,5,Castellanos,01220,,POSITIVO,positivo,305,PROVISORIO,2023_BALOTAJE_santafe_presidente_mesa.csv
2023,BALOTAJE,2023-11-19,PRESIDENTE Y VICE,21,Santa Fe,5,Castellanos,01230,Lehmann,POSITIVO,positivo,1994,PROVISORIO,2023_BALOTAJE_santafe_presidente_mesa.csv
2023,BALOTAJE,2023-11-19,PRESIDENTE Y VICE,21,Santa Fe,5,Castellanos,01240,Ramona,POSITIVO,positivo,1260,PROVISORIO,2023_BALOTAJE_santafe_presidente_mesa.csv
2023,BALOTAJE,2023-11-19,PRESIDENTE Y VICE,21,Santa Fe,5,Castellanos,01250,,POSITIVO,positivo,989,PROVISORIO,2023_BALOTAJE_santafe_presidente_mesa.csv
2023,BALOTAJE,2023-11-19,PRESIDENTE Y VICE,21,Santa Fe,5,Castellanos,01260,,POSITIVO,positivo,217,PROVISORIO,2023_BALOTAJE_santafe_presidente_mesa.csv
2023,BALOTAJE,2023-11-19,PRESIDENTE Y VICE,21,Santa Fe,5,Castellanos,01270,,POSITIVO,positivo,585,PROVISORIO,2023_BALOTAJE_santafe_presidente_mesa.csv
2023,BALOTAJE,2023-11-19,PRESIDENTE Y VICE,21,Santa Fe,5,Castellanos,01280,,POSITIVO,positivo,22409,PROVISORIO,2023_BALOTAJE_santafe_presidente_mesa.csv
2023,BALOTAJE,2023-11-19,PRESIDENTE Y VICE,21,Santa Fe,5,Castellanos,01282,,POSITIVO,positivo,11403,PROVISORIO,2023_BALOTAJE_santafe_presidente_mesa.csv
2023,BALOTAJE,2023-11-19,PRESIDENTE Y VICE,21,Santa Fe,5,Castellanos,01284,,POSITIVO,positivo,14122,PROVISORIO,2023_BALOTAJE_santafe_presidente_mesa.csv
2023,BALOTAJE,2023-11-19,PRESIDENTE Y VICE,21,Santa Fe,5,Castellanos,01286,,POSITIVO,positivo,12938,PROVISORIO,2023_BALOTAJE_santafe_presidente_mesa.csv
2023,BALOTAJE,2023-11-19,PRESIDENTE Y VICE,21,Santa Fe,5,Castellanos,01290,,POSITIVO,positivo,178,PROVISORIO,2023_BALOTAJE_santafe_presidente_mesa.csv
2023,BALOTAJE,2023-11-19,PRESIDENTE Y VICE,21,Santa Fe,5,Castellanos,01300,Santa Clara de Saguier,POSITIVO,positivo,1278,PROVISORIO,2023_BALOTAJE_santafe_presidente_mesa.csv
2023,BALOTAJE,2023-11-19,PRESIDENTE Y VICE,21,Santa Fe,5,Castellanos,01310,,POSITIVO,positivo,421,PROVISORIO,2023_BALOTAJE_santafe_presidente_mesa.csv
2023,BALOTAJE,2023-11-19,PRESIDENTE Y VICE,21,Santa Fe,5,Castellanos,01320,,POSITIVO,positivo,982,PROVISORIO,2023_BALOTAJE_santafe_presidente_mesa.csv
2023,BALOTAJE,2023-11-19,PRESIDENTE Y VICE,21,Santa Fe,5,Castellanos,01330,,POSITIVO,positivo,96,PROVISORIO,2023_BALOTAJE_santafe_presidente_mesa.csv
2023,BALOTAJE,2023-11-19,PRESIDENTE Y VICE,21,Santa Fe,5,Castellanos,01340,Josefina,POSITIVO,positivo,592,PROVISORIO,2023_BALOTAJE_santafe_presidente_mesa.csv
2023,BALOTAJE,2023-11-19,PRESIDENTE Y VICE,21,Santa Fe,5,Castellanos,01342,,POSITIVO,positivo,570,PROVISORIO,2023_BALOTAJE_santafe_presidente_mesa.csv
2023,BALOTAJE,2023-11-19,PRESIDENTE Y VICE,21,Santa Fe,5,Castellanos,01345,Frontera,POSITIVO,positivo,4916,PROVISORIO,2023_BALOTAJE_santafe_presidente_mesa.csv
2023,BALOTAJE,2023-11-19,PRESIDENTE Y VICE,21,Santa Fe,5,Castellanos,01350,,POSITIVO,positivo,139,PROVISORIO,2023_BALOTAJE_santafe_presidente_mesa.csv
2023,BALOTAJE,2023-11-19,PRESIDENTE Y VICE,21,Santa Fe,5,Castellanos,01360,,POSITIVO,positivo,940,PROVISORIO,2023_BALOTAJE_santafe_presidente_mesa.csv
2023,BALOTAJE,2023-11-19,PRESIDENTE Y VICE,21,Santa Fe,5,Castellanos,01365,,POSITIVO,positivo,34,PROVISORIO,2023_BALOTAJE_santafe_presidente_mesa.csv
2023,BALOTAJE,2023-11-19,PRESIDENTE Y VICE,21,Santa Fe,5,Castellanos,01370,,POSITIVO,positivo,896,PROVISORIO,2023_BALOTAJE_santafe_presidente_mesa.csv
2023,BALOTAJE,2023-11-19,PRESIDENTE Y VICE,21,Santa Fe,5,Castellanos,01380,Zenón Pereyra,POSITIVO,positivo,1125,PROVISORIO,2023_BALOTAJE_santafe_presidente_mesa.csv
2023,BALOTAJE,2023-11-19,PRESIDENTE Y VICE,21,Santa Fe,5,Castellanos,01390,,POSITIVO,positivo,389,PROVISORIO,2023_BALOTAJE_santafe_presidente_mesa.csv
2023,BALOTAJE,2023-11-19,PRESIDENTE Y VICE,21,Santa Fe,5,Castellanos,01400,María Juana,POSITIVO,positivo,2875,PROVISORIO,2023_BALOTAJE_santafe_presidente_mesa.csv
2023,BALOTAJE,2023-11-19,PRESIDENTE Y VICE,21,Santa Fe,5,Castellanos,01410,,POSITIVO,positivo,222,PROVISORIO,2023_BALOTAJE_santafe_presidente_mesa.csv
2023,BALOTAJE,2023-11-19,PRESIDENTE Y VICE,21,Santa Fe,5,Castellanos,01420,San Vicente,POSITIVO,positivo,3928,PROVISORIO,2023_BALOTAJE_santafe_presidente_mesa.csv
2023,BALOTAJE,2023-11-19,PRESIDENTE Y VICE,21,Santa Fe,5,Castellanos,01430,,POSITIVO,positivo,1149,PROVISORIO,2023_BALOTAJE_santafe_presidente_mesa.csv
2023,BALOTAJE,2023-11-19,PRESIDENTE Y VICE,21,Santa Fe,5,Castellanos,01440,,POSITIVO,positivo,592,PROVISORIO,2023_BALOTAJE_santafe_presidente_mesa.csv
2023,BALOTAJE,2023-11-19,PRESIDENTE Y VICE,21,Santa Fe,5,Castellanos,01450,,POSITIVO,positivo,235,PROVISORIO,2023_BALOTAJE_santafe_presidente_mesa.csv
2023,BALOTAJE,2023-11-19,PRESIDENTE Y VICE,21,Santa Fe,5,Castellanos,01460,,POSITIVO,positivo,290,PROVISORIO,2023_BALOTAJE_santafe_presidente_mesa.csv
2023,BALOTAJE,2023-11-19,PRESIDENTE Y VICE,21,Santa Fe,5,Castellanos,01470,,POSITIVO,positivo,121,PROVISORIO,2023_BALOTAJE_santafe_presidente_mesa.csv
2023,BALOTAJE,2023-11-19,PRESIDENTE Y VICE,21,Santa Fe,5,Castellanos,01480,,POSITIVO,positivo,91,PROVISORIO,2023_BALOTAJE_santafe_presidente_mesa.csv
2023,BALOTAJE,2023-11-19,PRESIDENTE Y VICE,21,Santa Fe,5,Castellanos,01490,,POSITIVO,positivo,98,PROVISORIO,2023_BALOTAJE_santafe_presidente_mesa.csv
2023,BALOTAJE,2023-11-19,PRESIDENTE Y VICE,21,Santa Fe,5,Castellanos,01500,,POSITIVO,positivo,65,PROVISORIO,2023_BALOTAJE_santafe_presidente_mesa.csv
2023,BALOTAJE,2023-11-19,PRESIDENTE Y VICE,21,Santa Fe,5,Castellanos,01510,,POSITIVO,positivo,214,PROVISORIO,2023_BALOTAJE_santafe_presidente_mesa.csv
2023,BALOTAJE,2023-11-19,PRESIDENTE Y VICE,21,Santa Fe,5,Castellanos,01520,,POSITIVO,positivo,37,PROVISORIO,2023_BALOTAJE_santafe_presidente_mesa.csv
2023,BALOTAJE,2023-11-19,PRESIDENTE Y VICE,21,Santa Fe,6,San Martín,01530,,POSITIVO,positivo,406,PROVISORIO,2023_BALOTAJE_santafe_presidente_mesa.csv
2023,BALOTAJE,2023-11-19,PRESIDENTE Y VICE,21,Santa Fe,6,San Martín,01540,,POSITIVO,positivo,217,PROVISORIO,2023_BALOTAJE_santafe_presidente_mesa.csv
2023,BALOTAJE,2023-11-19,PRESIDENTE Y VICE,21,Santa Fe,6,San Martín,01550,Sastre y Ortiz,POSITIVO,positivo,3707,PROVISORIO,2023_BALOTAJE_santafe_presidente_mesa.csv
2023,BALOTAJE,2023-11-19,PRESIDENTE Y VICE,21,Santa Fe,6,San Martín,01560,San Martín de las Escobas,POSITIVO,positivo,1829,PROVISORIO,2023_BALOTAJE_santafe_presidente_mesa.csv
2023,BALOTAJE,2023-11-19,PRESIDENTE Y VICE,21,Santa Fe,6,San Martín,01570,,POSITIVO,positivo,750,PROVISORIO,2023_BALOTAJE_santafe_presidente_mesa.csv
2023,BALOTAJE,2023-11-19,PRESIDENTE Y VICE,21,Santa Fe,6,San Martín,01580,San Jorge,POSITIVO,positivo,12147,PROVISORIO,2023_BALOTAJE_santafe_presidente_mesa.csv
2023,BALOTAJE,2023-11-19,PRESIDENTE Y VICE,21,Santa Fe,6,San Martín,01590,,POSITIVO,positivo,865,PROVISORIO,2023_BALOTAJE_santafe_presidente_mesa.csv
2023,BALOTAJE,2023-11-19,PRESIDENTE Y VICE,21,Santa Fe,6,San Martín,01600,Carlos Pellegrini,POSITIVO,positivo,3628,PROVISORIO,2023_BALOTAJE_santafe_presidente_mesa.csv
2023,BALOTAJE,2023-11-19,PRESIDENTE Y VICE,21,Santa Fe,6,San Martín,01610,Cañada Rosquín,POSITIVO,positivo,3314,PROVISORIO,2023_BALOTAJE_santafe_presidente_mesa.csv
2023,BALOTAJE,2023-11-19,PRESIDENTE Y VICE,21,Santa Fe,6,San Martín,01620,,POSITIVO,positivo,472,PROVISORIO,2023_BALOTAJE_santafe_presidente_mesa.csv
2023,BALOTAJE,2023-11-19,PRESIDENTE Y VICE,21,Santa Fe,6,San Martín,01630,,POSITIVO,positivo,133,PROVISORIO,2023_BALOTAJE_santafe_presidente_mesa.csv
2023,BALOTAJE,2023-11-19,PRESIDENTE Y VICE,21,Santa Fe,6,San Martín,01640,Piamonte,POSITIVO,positivo,2036,PROVISORIO,2023_BALOTAJE_santafe_presidente_mesa.csv
2023,BALOTAJE,2023-11-19,PRESIDENTE Y VICE,21,Santa Fe,6,San Martín,01650,El Trébol,POSITIVO,positivo,7780,PROVISORIO,2023_BALOTAJE_santafe_presidente_mesa.csv
2023,BALOTAJE,2023-11-19,PRESIDENTE Y VICE,21,Santa Fe,6,San Martín,01660,María Susana,POSITIVO,positivo,2101,PROVISORIO,2023_BALOTAJE_santafe_presidente_mesa.csv
2023,BALOTAJE,2023-11-19,PRESIDENTE Y VICE,21,Santa Fe,6,San Martín,01670,,POSITIVO,positivo,855,PROVISORIO,2023_BALOTAJE_santafe_presidente_mesa.csv
2023,BALOTAJE,2023-11-19,PRESIDENTE Y VICE,21,Santa Fe,6,San Martín,01680,,POSITIVO,positivo,82,PROVISORIO,2023_BALOTAJE_santafe_presidente_mesa.csv
2023,BALOTAJE,2023-11-19,PRESIDENTE Y VICE,21,Santa Fe,6,San Martín,01690,,POSITIVO,positivo,555,PROVISORIO,2023_BALOTAJE_santafe_presidente_mesa.csv
2023,BALOTAJE,2023-11-19,PRESIDENTE Y VICE,21,Santa Fe,7,San Cristóbal,01740,,POSITIVO,positivo,97,PROVISORIO,2023_BALOTAJE_santafe_presidente_mesa.csv
2023,BALOTAJE,2023-11-19,PRESIDENTE Y VICE,21,Santa Fe,7,San Cristóbal,01750,,POSITIVO,positivo,111,PROVISORIO,2023_BALOTAJE_santafe_presidente_mesa.csv
2023,BALOTAJE,2023-11-19,PRESIDENTE Y VICE,21,Santa Fe,7,San Cristóbal,01760,,POSITIVO,positivo,208,PROVISORIO,2023_BALOTAJE_santafe_presidente_mesa.csv
2023,BALOTAJE,2023-11-19,PRESIDENTE Y VICE,21,Santa Fe,7,San Cristóbal,01770,,POSITIVO,positivo,143,PROVISORIO,2023_BALOTAJE_santafe_presidente_mesa.csv
2023,BALOTAJE,2023-11-19,PRESIDENTE Y VICE,21,Santa Fe,7,San Cristóbal,01780,,POSITIVO,positivo,10266,PROVISORIO,2023_BALOTAJE_santafe_presidente_mesa.csv
2023,BALOTAJE,2023-11-19,PRESIDENTE Y VICE,21,Santa Fe,7,San Cristóbal,01790,,POSITIVO,positivo,1835,PROVISORIO,2023_BALOTAJE_santafe_presidente_mesa.csv
2023,BALOTAJE,2023-11-19,PRESIDENTE Y VICE,21,Santa Fe,7,San Cristóbal,01800,,POSITIVO,positivo,695,PROVISORIO,2023_BALOTAJE_santafe_presidente_mesa.csv
2023,BALOTAJE,2023-11-19,PRESIDENTE Y VICE,21,Santa Fe,7,San Cristóbal,01810,,POSITIVO,positivo,429,PROVISORIO,2023_BALOTAJE_santafe_presidente_mesa.csv
2023,BALOTAJE,2023-11-19,PRESIDENTE Y VICE,21,Santa Fe,7,San Cristóbal,01815,,POSITIVO,positivo,66,PROVISORIO,2023_BALOTAJE_santafe_presidente_mesa.csv
2023,BALOTAJE,2023-11-19,PRESIDENTE Y VICE,21,Santa Fe,7,San Cristóbal,01820,,POSITIVO,positivo,80,PROVISORIO,2023_BALOTAJE_santafe_presidente_mesa.csv
2023,BALOTAJE,2023-11-19,PRESIDENTE Y VICE,21,Santa Fe,7,San Cristóbal,01830,,POSITIVO,positivo,2219,PROVISORIO,2023_BALOTAJE_santafe_presidente_mesa.csv
2023,BALOTAJE,2023-11-19,PRESIDENTE Y VICE,21,Santa Fe,7,San Cristóbal,01840,,POSITIVO,positivo,1341,PROVISORIO,2023_BALOTAJE_santafe_presidente_mesa.csv
2023,BALOTAJE,2023-11-19,PRESIDENTE Y VICE,21,Santa Fe,7,San Cristóbal,01850,,POSITIVO,positivo,8638,PROVISORIO,2023_BALOTAJE_santafe_presidente_mesa.csv
2023,BALOTAJE,2023-11-19,PRESIDENTE Y VICE,21,Santa Fe,7,San Cristóbal,01860,,POSITIVO,positivo,153,PROVISORIO,2023_BALOTAJE_santafe_presidente_mesa.csv
2023,BALOTAJE,2023-11-19,PRESIDENTE Y VICE,21,Santa Fe,7,San Cristóbal,01870,,POSITIVO,positivo,588,PROVISORIO,2023_BALOTAJE_santafe_presidente_mesa.csv
2023,BALOTAJE,2023-11-19,PRESIDENTE Y VICE,21,Santa Fe,7,San Cristóbal,01880,,POSITIVO,positivo,5591,PROVISORIO,2023_BALOTAJE_santafe_presidente_mesa.csv
2023,BALOTAJE,2023-11-19,PRESIDENTE Y VICE,21,Santa Fe,7,San Cristóbal,01890,,POSITIVO,positivo,298,PROVISORIO,2023_BALOTAJE_santafe_presidente_mesa.csv
2023,BALOTAJE,2023-11-19,PRESIDENTE Y VICE,21,Santa Fe,7,San Cristóbal,01910,,POSITIVO,positivo,4124,PROVISORIO,2023_BALOTAJE_santafe_presidente_mesa.csv
2023,BALOTAJE,2023-11-19,PRESIDENTE Y VICE,21,Santa Fe,7,San Cristóbal,01920,,POSITIVO,positivo,139,PROVISORIO,2023_BALOTAJE_santafe_presidente_mesa.csv
2023,BALOTAJE,2023-11-19,PRESIDENTE Y VICE,21,Santa Fe,7,San Cristóbal,01930,,POSITIVO,positivo,1331,PROVISORIO,2023_BALOTAJE_santafe_presidente_mesa.csv
2023,BALOTAJE,2023-11-19,PRESIDENTE Y VICE,21,Santa Fe,7,San Cristóbal,01940,,POSITIVO,positivo,300,PROVISORIO,2023_BALOTAJE_santafe_presidente_mesa.csv
2023,BALOTAJE,2023-11-19,PRESIDENTE Y VICE,21,Santa Fe,7,San Cristóbal,01950,,POSITIVO,positivo,696,PROVISORIO,2023_BALOTAJE_santafe_presidente_mesa.csv
2023,BALOTAJE,2023-11-19,PRESIDENTE Y VICE,21,Santa Fe,7,San Cristóbal,01960,,POSITIVO,positivo,415,PROVISORIO,2023_BALOTAJE_santafe_presidente_mesa.csv
2023,BALOTAJE,2023-11-19,PRESIDENTE Y VICE,21,Santa Fe,7,San Cristóbal,01964,,POSITIVO,positivo,13,PROVISORIO,2023_BALOTAJE_santafe_presidente_mesa.csv
2023,BALOTAJE,2023-11-19,PRESIDENTE Y VICE,21,Santa Fe,7,San Cristóbal,01970,,POSITIVO,positivo,230,PROVISORIO,2023_BALOTAJE_santafe_presidente_mesa.csv
2023,BALOTAJE,2023-11-19,PRESIDENTE Y VICE,21,Santa Fe,7,San Cristóbal,01980,,POSITIVO,positivo,138,PROVISORIO,2023_BALOTAJE_santafe_presidente_mesa.csv
2023,BALOTAJE,2023-11-19,PRESIDENTE Y VICE,21,Santa Fe,7,San Cristóbal,01990,,POSITIVO,positivo,66,PROVISORIO,2023_BALOTAJE_santafe_presidente_mesa.csv
2023,BALOTAJE,2023-11-19,PRESIDENTE Y VICE,21,Santa Fe,7,San Cristóbal,02000,,POSITIVO,positivo,318,PROVISORIO,2023_BALOTAJE_santafe_presidente_mesa.csv
2023,BALOTAJE,2023-11-19,PRESIDENTE Y VICE,21,Santa Fe,7,San Cristóbal,02010,,POSITIVO,positivo,253,PROVISORIO,2023_BALOTAJE_santafe_presidente_mesa.csv
2023,BALOTAJE,2023-11-19,PRESIDENTE Y VICE,21,Santa Fe,7,San Cristóbal,02020,,POSITIVO,positivo,217,PROVISORIO,2023_BALOTAJE_santafe_presidente_mesa.csv
2023,BALOTAJE,2023-11-19,PRESIDENTE Y VICE,21,Santa Fe,7,San Cristóbal,02030,,POSITIVO,positivo,213,PROVISORIO,2023_BALOTAJE_santafe_presidente_mesa.csv
2023,BALOTAJE,2023-11-19,PRESIDENTE Y VICE,21,Santa Fe,7,San Cristóbal,02040,,POSITIVO,positivo,91,PROVISORIO,2023_BALOTAJE_santafe_presidente_mesa.csv
2023,BALOTAJE,2023-11-19,PRESIDENTE Y VICE,21,Santa Fe,7,San Cristóbal,02050,,POSITIVO,positivo,189,PROVISORIO,2023_BALOTAJE_santafe_presidente_mesa.csv
2023,BALOTAJE,2023-11-19,PRESIDENTE Y VICE,21,Santa Fe,8,San Justo,02070,,POSITIVO,positivo,301,PROVISORIO,2023_BALOTAJE_santafe_presidente_mesa.csv
2023,BALOTAJE,2023-11-19,PRESIDENTE Y VICE,21,Santa Fe,8,San Justo,02080,,POSITIVO,positivo,1470,PROVISORIO,2023_BALOTAJE_santafe_presidente_mesa.csv
2023,BALOTAJE,2023-11-19,PRESIDENTE Y VICE,21,Santa Fe,8,San Justo,02084,,POSITIVO,positivo,63,PROVISORIO,2023_BALOTAJE_santafe_presidente_mesa.csv
2023,BALOTAJE,2023-11-19,PRESIDENTE Y VICE,21,Santa Fe,8,San Justo,02086,,POSITIVO,positivo,143,PROVISORIO,2023_BALOTAJE_santafe_presidente_mesa.csv
2023,BALOTAJE,2023-11-19,PRESIDENTE Y VICE,21,Santa Fe,8,San Justo,02090,,POSITIVO,positivo,243,PROVISORIO,2023_BALOTAJE_santafe_presidente_mesa.csv
2023,BALOTAJE,2023-11-19,PRESIDENTE Y VICE,21,Santa Fe,8,San Justo,02100,,POSITIVO,positivo,14778,PROVISORIO,2023_BALOTAJE_santafe_presidente_mesa.csv
2023,BALOTAJE,2023-11-19,PRESIDENTE Y VICE,21,Santa Fe,8,San Justo,02105,,POSITIVO,positivo,76,PROVISORIO,2023_BALOTAJE_santafe_presidente_mesa.csv
2023,BALOTAJE,2023-11-19,PRESIDENTE Y VICE,21,Santa Fe,8,San Justo,02110,,POSITIVO,positivo,475,PROVISORIO,2023_BALOTAJE_santafe_presidente_mesa.csv
2023,BALOTAJE,2023-11-19,PRESIDENTE Y VICE,21,Santa Fe,8,San Justo,02120,,POSITIVO,positivo,1117,PROVISORIO,2023_BALOTAJE_santafe_presidente_mesa.csv
2023,BALOTAJE,2023-11-19,PRESIDENTE Y VICE,21,Santa Fe,8,San Justo,02125,,POSITIVO,positivo,339,PROVISORIO,2023_BALOTAJE_santafe_presidente_mesa.csv
2023,BALOTAJE,2023-11-19,PRESIDENTE Y VICE,21,Santa Fe,8,San Justo,02130,,POSITIVO,positivo,3981,PROVISORIO,2023_BALOTAJE_santafe_presidente_mesa.csv
2023,BALOTAJE,2023-11-19,PRESIDENTE Y VICE,21,Santa Fe,8,San Justo,02140,,POSITIVO,positivo,496,PROVISORIO,2023_BALOTAJE_santafe_presidente_mesa.csv
2023,BALOTAJE,2023-11-19,PRESIDENTE Y VICE,21,Santa Fe,8,San Justo,02145,,POSITIVO,positivo,490,PROVISORIO,2023_BALOTAJE_santafe_presidente_mesa.csv
2023,BALOTAJE,2023-11-19,PRESIDENTE Y VICE,21,Santa Fe,8,San Justo,02150,,POSITIVO,positivo,811,PROVISORIO,2023_BALOTAJE_santafe_presidente_mesa.csv
2023,BALOTAJE,2023-11-19,PRESIDENTE Y VICE,21,Santa Fe,8,San Justo,02155,,POSITIVO,positivo,74,PROVISORIO,2023_BALOTAJE_santafe_presidente_mesa.csv
2023,BALOTAJE,2023-11-19,PRESIDENTE Y VICE,21,Santa Fe,8,San Justo,02160,,POSITIVO,positivo,1469,PROVISORIO,2023_BALOTAJE_santafe_presidente_mesa.csv
2023,BALOTAJE,2023-11-19,PRESIDENTE Y VICE,21,Santa Fe,8,San Justo,02165,,POSITIVO,positivo,38,PROVISORIO,2023_BALOTAJE_santafe_presidente_mesa.csv
2023,BALOTAJE,2023-11-19,PRESIDENTE Y VICE,21,Santa Fe,8,San Justo,02170,,POSITIVO,positivo,255,PROVISORIO,2023_BALOTAJE_santafe_presidente_mesa.csv
2023,BALOTAJE,2023-11-19,PRESIDENTE Y VICE,21,Santa Fe,8,San Justo,02180,,POSITIVO,positivo,421,PROVISORIO,2023_BALOTAJE_santafe_presidente_mesa.csv
2023,BALOTAJE,2023-11-19,PRESIDENTE Y VICE,21,Santa Fe,8,San Justo,02190,,POSITIVO,positivo,26,PROVISORIO,2023_BALOTAJE_santafe_presidente_mesa.csv
2023,BALOTAJE,2023-11-19,PRESIDENTE Y VICE,21,Santa Fe,9,General Obligado,02200,,POSITIVO,positivo,289,PROVISORIO,2023_BALOTAJE_santafe_presidente_mesa.csv
2023,BALOTAJE,2023-11-19,PRESIDENTE Y VICE,21,Santa Fe,9,General Obligado,02210,,POSITIVO,positivo,5324,PROVISORIO,2023_BALOTAJE_santafe_presidente_mesa.csv
2023,BALOTAJE,2023-11-19,PRESIDENTE Y VICE,21,Santa Fe,9,General Obligado,02215,,POSITIVO,positivo,33,PROVISORIO,2023_BALOTAJE_santafe_presidente_mesa.csv
2023,BALOTAJE,2023-11-19,PRESIDENTE Y VICE,21,Santa Fe,9,General Obligado,02220,,POSITIVO,positivo,508,PROVISORIO,2023_BALOTAJE_santafe_presidente_mesa.csv
2023,BALOTAJE,2023-11-19,PRESIDENTE Y VICE,21,Santa Fe,9,General Obligado,02230,,POSITIVO,positivo,379,PROVISORIO,2023_BALOTAJE_santafe_presidente_mesa.csv
2023,BALOTAJE,2023-11-19,PRESIDENTE Y VICE,21,Santa Fe,9,General Obligado,02235,,POSITIVO,positivo,66,PROVISORIO,2023_BALOTAJE_santafe_presidente_mesa.csv
2023,BALOTAJE,2023-11-19,PRESIDENTE Y VICE,21,Santa Fe,9,General Obligado,02240,,POSITIVO,positivo,15032,PROVISORIO,2023_BALOTAJE_santafe_presidente_mesa.csv
2023,BALOTAJE,2023-11-19,PRESIDENTE Y VICE,21,Santa Fe,9,General Obligado,02242,,POSITIVO,positivo,5986,PROVISORIO,2023_BALOTAJE_santafe_presidente_mesa.csv
2023,BALOTAJE,2023-11-19,PRESIDENTE Y VICE,21,Santa Fe,9,General Obligado,02244,,POSITIVO,positivo,7980,PROVISORIO,2023_BALOTAJE_santafe_presidente_mesa.csv
2023,BALOTAJE,2023-11-19,PRESIDENTE Y VICE,21,Santa Fe,9,General Obligado,02246,,POSITIVO,positivo,17856,PROVISORIO,2023_BALOTAJE_santafe_presidente_mesa.csv
2023,BALOTAJE,2023-11-19,PRESIDENTE Y VICE,21,Santa Fe,9,General Obligado,02248,,POSITIVO,positivo,765,PROVISORIO,2023_BALOTAJE_santafe_presidente_mesa.csv
2023,BALOTAJE,2023-11-19,PRESIDENTE Y VICE,21,Santa Fe,9,General Obligado,02249,,POSITIVO,positivo,129,PROVISORIO,2023_BALOTAJE_santafe_presidente_mesa.csv
2023,BALOTAJE,2023-11-19,PRESIDENTE Y VICE,21,Santa Fe,9,General Obligado,02250,,POSITIVO,positivo,17442,PROVISORIO,2023_BALOTAJE_santafe_presidente_mesa.csv
2023,BALOTAJE,2023-11-19,PRESIDENTE Y VICE,21,Santa Fe,9,General Obligado,02255,,POSITIVO,positivo,102,PROVISORIO,2023_BALOTAJE_santafe_presidente_mesa.csv
2023,BALOTAJE,2023-11-19,PRESIDENTE Y VICE,21,Santa Fe,9,General Obligado,02260,,POSITIVO,positivo,510,PROVISORIO,2023_BALOTAJE_santafe_presidente_mesa.csv
2023,BALOTAJE,2023-11-19,PRESIDENTE Y VICE,21,Santa Fe,9,General Obligado,02270,,POSITIVO,positivo,1549,PROVISORIO,2023_BALOTAJE_santafe_presidente_mesa.csv
2023,BALOTAJE,2023-11-19,PRESIDENTE Y VICE,21,Santa Fe,9,General Obligado,02272,,POSITIVO,positivo,521,PROVISORIO,2023_BALOTAJE_santafe_presidente_mesa.csv
2023,BALOTAJE,2023-11-19,PRESIDENTE Y VICE,21,Santa Fe,9,General Obligado,02274,,POSITIVO,positivo,67,PROVISORIO,2023_BALOTAJE_santafe_presidente_mesa.csv
2023,BALOTAJE,2023-11-19,PRESIDENTE Y VICE,21,Santa Fe,9,General Obligado,02280,,POSITIVO,positivo,946,PROVISORIO,2023_BALOTAJE_santafe_presidente_mesa.csv
2023,BALOTAJE,2023-11-19,PRESIDENTE Y VICE,21,Santa Fe,9,General Obligado,02290,,POSITIVO,positivo,608,PROVISORIO,2023_BALOTAJE_santafe_presidente_mesa.csv
2023,BALOTAJE,2023-11-19,PRESIDENTE Y VICE,21,Santa Fe,9,General Obligado,02300,,POSITIVO,positivo,1906,PROVISORIO,2023_BALOTAJE_santafe_presidente_mesa.csv
2023,BALOTAJE,2023-11-19,PRESIDENTE Y VICE,21,Santa Fe,9,General Obligado,02305,,POSITIVO,positivo,23,PROVISORIO,2023_BALOTAJE_santafe_presidente_mesa.csv
2023,BALOTAJE,2023-11-19,PRESIDENTE Y VICE,21,Santa Fe,9,General Obligado,02310,,POSITIVO,positivo,261,PROVISORIO,2023_BALOTAJE_santafe_presidente_mesa.csv
2023,BALOTAJE,2023-11-19,PRESIDENTE Y VICE,21,Santa Fe,9,General Obligado,02320,,POSITIVO,positivo,11280,PROVISORIO,2023_BALOTAJE_santafe_presidente_mesa.csv
2023,BALOTAJE,2023-11-19,PRESIDENTE Y VICE,21,Santa Fe,9,General Obligado,02325,,POSITIVO,positivo,56,PROVISORIO,2023_BALOTAJE_santafe_presidente_mesa.csv
2023,BALOTAJE,2023-11-19,PRESIDENTE Y VICE,21,Santa Fe,9,General Obligado,02330,,POSITIVO,positivo,1904,PROVISORIO,2023_BALOTAJE_santafe_presidente_mesa.csv
2023,BALOTAJE,2023-11-19,PRESIDENTE Y VICE,21,Santa Fe,9,General Obligado,02340,,POSITIVO,positivo,1687,PROVISORIO,2023_BALOTAJE_santafe_presidente_mesa.csv
2023,BALOTAJE,2023-11-19,PRESIDENTE Y VICE,21,Santa Fe,9,General Obligado,02350,,POSITIVO,positivo,7671,PROVISORIO,2023_BALOTAJE_santafe_presidente_mesa.csv
2023,BALOTAJE,2023-11-19,PRESIDENTE Y VICE,21,Santa Fe,9,General Obligado,02370,,POSITIVO,positivo,2794,PROVISORIO,2023_BALOTAJE_santafe_presidente_mesa.csv
2023,BALOTAJE,2023-11-19,PRESIDENTE Y VICE,21,Santa Fe,9,General Obligado,02380,,POSITIVO,positivo,705,PROVISORIO,2023_BALOTAJE_santafe_presidente_mesa.csv
2023,BALOTAJE,2023-11-19,PRESIDENTE Y VICE,21,Santa Fe,9,General Obligado,02390,,POSITIVO,positivo,3744,PROVISORIO,2023_BALOTAJE_santafe_presidente_mesa.csv
2023,BALOTAJE,2023-11-19,PRESIDENTE Y VICE,21,Santa Fe,9,General Obligado,02395,,POSITIVO,positivo,527,PROVISORIO,2023_BALOTAJE_santafe_presidente_mesa.csv
2023,BALOTAJE,2023-11-19,PRESIDENTE Y VICE,21,Santa Fe,9,General Obligado,02400,,POSITIVO,positivo,180,PROVISORIO,2023_BALOTAJE_santafe_presidente_mesa.csv
2023,BALOTAJE,2023-11-19,PRESIDENTE Y VICE,21,Santa Fe,9,General Obligado,02410,,POSITIVO,positivo,26,PROVISORIO,2023_BALOTAJE_santafe_presidente_mesa.csv
2023,BALOTAJE,2023-11-19,PRESIDENTE Y VICE,21,Santa Fe,9,General Obligado,02420,,POSITIVO,positivo,898,PROVISORIO,2023_BALOTAJE_santafe_presidente_mesa.csv
2023,BALOTAJE,2023-11-19,PRESIDENTE Y VICE,21,Santa Fe,9,General Obligado,02440,,POSITIVO,positivo,98,PROVISORIO,2023_BALOTAJE_santafe_presidente_mesa.csv
2023,BALOTAJE,2023-11-19,PRESIDENTE Y VICE,21,Santa Fe,9,General Obligado,02444,,POSITIVO,positivo,379,PROVISORIO,2023_BALOTAJE_santafe_presidente_mesa.csv
2023,BALOTAJE,2023-11-19,PRESIDENTE Y VICE,21,Santa Fe,9,General Obligado,02446,,POSITIVO,positivo,358,PROVISORIO,2023_BALOTAJE_santafe_presidente_mesa.csv
2023,BALOTAJE,2023-11-19,PRESIDENTE Y VICE,21,Santa Fe,9,General Obligado,02450,,POSITIVO,positivo,770,PROVISORIO,2023_BALOTAJE_santafe_presidente_mesa.csv
2023,BALOTAJE,2023-11-19,PRESIDENTE Y VICE,21,Santa Fe,9,General Obligado,02460,,POSITIVO,positivo,840,PROVISORIO,2023_BALOTAJE_santafe_presidente_mesa.csv
2023,BALOTAJE,2023-11-19,PRESIDENTE Y VICE,21,Santa Fe,9,General Obligado,02465,,POSITIVO,positivo,106,PROVISORIO,2023_BALOTAJE_santafe_presidente_mesa.csv
2023,BALOTAJE,2023-11-19,PRESIDENTE Y VICE,21,Santa Fe,9,General Obligado,02470,,POSITIVO,positivo,545,PROVISORIO,2023_BALOTAJE_santafe_presidente_mesa.csv
2023,BALOTAJE,2023-11-19,PRESIDENTE Y VICE,21,Santa Fe,9,General Obligado,02480,,POSITIVO,positivo,126,PROVISORIO,2023_BALOTAJE_santafe_presidente_mesa.csv
2023,BALOTAJE,2023-11-19,PRESIDENTE Y VICE,21,Santa Fe,9,General Obligado,02490,,POSITIVO,positivo,96,PROVISORIO,2023_BALOTAJE_santafe_presidente_mesa.csv
2023,BALOTAJE,2023-11-19,PRESIDENTE Y VICE,21,Santa Fe,10,Vera,02510,,POSITIVO,positivo,7564,PROVISORIO,2023_BALOTAJE_santafe_presidente_mesa.csv
2023,BALOTAJE,2023-11-19,PRESIDENTE Y VICE,21,Santa Fe,10,Vera,02520,,POSITIVO,positivo,2654,PROVISORIO,2023_BALOTAJE_santafe_presidente_mesa.csv
2023,BALOTAJE,2023-11-19,PRESIDENTE Y VICE,21,Santa Fe,10,Vera,02530,,POSITIVO,positivo,1466,PROVISORIO,2023_BALOTAJE_santafe_presidente_mesa.csv
2023,BALOTAJE,2023-11-19,PRESIDENTE Y VICE,21,Santa Fe,10,Vera,02540,,POSITIVO,positivo,12499,PROVISORIO,2023_BALOTAJE_santafe_presidente_mesa.csv
2023,BALOTAJE,2023-11-19,PRESIDENTE Y VICE,21,Santa Fe,10,Vera,02545,,POSITIVO,positivo,140,PROVISORIO,2023_BALOTAJE_santafe_presidente_mesa.csv
2023,BALOTAJE,2023-11-19,PRESIDENTE Y VICE,21,Santa Fe,10,Vera,02550,,POSITIVO,positivo,40,PROVISORIO,2023_BALOTAJE_santafe_presidente_mesa.csv
2023,BALOTAJE,2023-11-19,PRESIDENTE Y VICE,21,Santa Fe,10,Vera,02560,,POSITIVO,positivo,404,PROVISORIO,2023_BALOTAJE_santafe_presidente_mesa.csv
2023,BALOTAJE,2023-11-19,PRESIDENTE Y VICE,21,Santa Fe,10,Vera,02570,,POSITIVO,positivo,987,PROVISORIO,2023_BALOTAJE_santafe_presidente_mesa.csv
2023,BALOTAJE,2023-11-19,PRESIDENTE Y VICE,21,Santa Fe,10,Vera,02580,,POSITIVO,positivo,87,PROVISORIO,2023_BALOTAJE_santafe_presidente_mesa.csv
2023,BALOTAJE,2023-11-19,PRESIDENTE Y VICE,21,Santa Fe,10,Vera,02590,,POSITIVO,positivo,734,PROVISORIO,2023_BALOTAJE_santafe_presidente_mesa.csv
2023,BALOTAJE,2023-11-19,PRESIDENTE Y VICE,21,Santa Fe,10,Vera,02600,,POSITIVO,positivo,1286,PROVISORIO,2023_BALOTAJE_santafe_presidente_mesa.csv
2023,BALOTAJE,2023-11-19,PRESIDENTE Y VICE,21,Santa Fe,10,Vera,02610,,POSITIVO,positivo,106,PROVISORIO,2023_BALOTAJE_santafe_presidente_mesa.csv
2023,BALOTAJE,2023-11-19,PRESIDENTE Y VICE,21,Santa Fe,10,Vera,02620,,POSITIVO,positivo,316,PROVISORIO,2023_BALOTAJE_santafe_presidente_mesa.csv
2023,BALOTAJE,2023-11-19,PRESIDENTE Y VICE,21,Santa Fe,10,Vera,02630,,POSITIVO,positivo,705,PROVISORIO,2023_BALOTAJE_santafe_presidente_mesa.csv
2023,BALOTAJE,2023-11-19,PRESIDENTE Y VICE,21,Santa Fe,10,Vera,02640,,POSITIVO,positivo,181,PROVISORIO,2023_BALOTAJE_santafe_presidente_mesa.csv
2023,BALOTAJE,2023-11-19,PRESIDENTE Y VICE,21,Santa Fe,10,Vera,02670,,POSITIVO,positivo,37,PROVISORIO,2023_BALOTAJE_santafe_presidente_mesa.csv
2023,BALOTAJE,2023-11-19,PRESIDENTE Y VICE,21,Santa Fe,10,Vera,02680,,POSITIVO,positivo,1471,PROVISORIO,2023_BALOTAJE_santafe_presidente_mesa.csv
2023,BALOTAJE,2023-11-19,PRESIDENTE Y VICE,21,Santa Fe,10,Vera,02682,,POSITIVO,positivo,308,PROVISORIO,2023_BALOTAJE_santafe_presidente_mesa.csv
2023,BALOTAJE,2023-11-19,PRESIDENTE Y VICE,21,Santa Fe,10,Vera,02684,,POSITIVO,positivo,119,PROVISORIO,2023_BALOTAJE_santafe_presidente_mesa.csv
2023,BALOTAJE,2023-11-19,PRESIDENTE Y VICE,21,Santa Fe,10,Vera,02690,,POSITIVO,positivo,174,PROVISORIO,2023_BALOTAJE_santafe_presidente_mesa.csv
2023,BALOTAJE,2023-11-19,PRESIDENTE Y VICE,21,Santa Fe,10,Vera,02700,,POSITIVO,positivo,21,PROVISORIO,2023_BALOTAJE_santafe_presidente_mesa.csv
2023,BALOTAJE,2023-11-19,PRESIDENTE Y VICE,21,Santa Fe,10,Vera,02710,,POSITIVO,positivo,9,PROVISORIO,2023_BALOTAJE_santafe_presidente_mesa.csv
2023,BALOTAJE,2023-11-19,PRESIDENTE Y VICE,21,Santa Fe,11,San Javier,02740,,POSITIVO,positivo,218,PROVISORIO,2023_BALOTAJE_santafe_presidente_mesa.csv
2023,BALOTAJE,2023-11-19,PRESIDENTE Y VICE,21,Santa Fe,11,San Javier,02750,,POSITIVO,positivo,9491,PROVISORIO,2023_BALOTAJE_santafe_presidente_mesa.csv
2023,BALOTAJE,2023-11-19,PRESIDENTE Y VICE,21,Santa Fe,11,San Javier,02755,,POSITIVO,positivo,470,PROVISORIO,2023_BALOTAJE_santafe_presidente_mesa.csv
2023,BALOTAJE,2023-11-19,PRESIDENTE Y VICE,21,Santa Fe,11,San Javier,02758,,POSITIVO,positivo,478,PROVISORIO,2023_BALOTAJE_santafe_presidente_mesa.csv
2023,BALOTAJE,2023-11-19,PRESIDENTE Y VICE,21,Santa Fe,11,San Javier,02760,,POSITIVO,positivo,1975,PROVISORIO,2023_BALOTAJE_santafe_presidente_mesa.csv
2023,BALOTAJE,2023-11-19,PRESIDENTE Y VICE,21,Santa Fe,11,San Javier,02762,,POSITIVO,positivo,9,PROVISORIO,2023_BALOTAJE_santafe_presidente_mesa.csv
2023,BALOTAJE,2023-11-19,PRESIDENTE Y VICE,21,Santa Fe,11,San Javier,02764,,POSITIVO,positivo,19,PROVISORIO,2023_BALOTAJE_santafe_presidente_mesa.csv
2023,BALOTAJE,2023-11-19,PRESIDENTE Y VICE,21,Santa Fe,11,San Javier,02766,,POSITIVO,positivo,143,PROVISORIO,2023_BALOTAJE_santafe_presidente_mesa.csv
2023,BALOTAJE,2023-11-19,PRESIDENTE Y VICE,21,Santa Fe,11,San Javier,02770,,POSITIVO,positivo,5310,PROVISORIO,2023_BALOTAJE_santafe_presidente_mesa.csv
2023,BALOTAJE,2023-11-19,PRESIDENTE Y VICE,21,Santa Fe,11,San Javier,02772,,POSITIVO,positivo,23,PROVISORIO,2023_BALOTAJE_santafe_presidente_mesa.csv
2023,BALOTAJE,2023-11-19,PRESIDENTE Y VICE,21,Santa Fe,11,San Javier,02774,,POSITIVO,positivo,34,PROVISORIO,2023_BALOTAJE_santafe_presidente_mesa.csv
2023,BALOTAJE,2023-11-19,PRESIDENTE Y VICE,21,Santa Fe,11,San Javier,02780,,POSITIVO,positivo,8,PROVISORIO,2023_BALOTAJE_santafe_presidente_mesa.csv
2023,BALOTAJE,2023-11-19,PRESIDENTE Y VICE,21,Santa Fe,11,San Javier,02790,,POSITIVO,positivo,396,PROVISORIO,2023_BALOTAJE_santafe_presidente_mesa.csv
2023,BALOTAJE,2023-11-19,PRESIDENTE Y VICE,21,Santa Fe,11,San Javier,02800,,POSITIVO,positivo,297,PROVISORIO,2023_BALOTAJE_santafe_presidente_mesa.csv
2023,BALOTAJE,2023-11-19,PRESIDENTE Y VICE,21,Santa Fe,11,San Javier,02810,,POSITIVO,positivo,8,PROVISORIO,2023_BALOTAJE_santafe_presidente_mesa.csv
2023,BALOTAJE,2023-11-19,PRESIDENTE Y VICE,21,Santa Fe,12,9 de Julio,02830,,POSITIVO,positivo,131,PROVISORIO,2023_BALOTAJE_santafe_presidente_mesa.csv
2023,BALOTAJE,2023-11-19,PRESIDENTE Y VICE,21,Santa Fe,12,9 de Julio,02840,,POSITIVO,positivo,428,PROVISORIO,2023_BALOTAJE_santafe_presidente_mesa.csv
2023,BALOTAJE,2023-11-19,PRESIDENTE Y VICE,21,Santa Fe,12,9 de Julio,02850,,POSITIVO,positivo,10636,PROVISORIO,2023_BALOTAJE_santafe_presidente_mesa.csv
2023,BALOTAJE,2023-11-19,PRESIDENTE Y VICE,21,Santa Fe,12,9 de Julio,02852,,POSITIVO,positivo,687,PROVISORIO,2023_BALOTAJE_santafe_presidente_mesa.csv
2023,BALOTAJE,2023-11-19,PRESIDENTE Y VICE,21,Santa Fe,12,9 de Julio,02854,,POSITIVO,positivo,14,PROVISORIO,2023_BALOTAJE_santafe_presidente_mesa.csv
2023,BALOTAJE,2023-11-19,PRESIDENTE Y VICE,21,Santa Fe,12,9 de Julio,02860,,POSITIVO,positivo,17,PROVISORIO,2023_BALOTAJE_santafe_presidente_mesa.csv
2023,BALOTAJE,2023-11-19,PRESIDENTE Y VICE,21,Santa Fe,12,9 de Julio,02870,,POSITIVO,positivo,391,PROVISORIO,2023_BALOTAJE_santafe_presidente_mesa.csv
2023,BALOTAJE,2023-11-19,PRESIDENTE Y VICE,21,Santa Fe,12,9 de Julio,02890,,POSITIVO,positivo,1133,PROVISORIO,2023_BALOTAJE_santafe_presidente_mesa.csv
2023,BALOTAJE,2023-11-19,PRESIDENTE Y VICE,21,Santa Fe,12,9 de Julio,02900,,POSITIVO,positivo,145,PROVISORIO,2023_BALOTAJE_santafe_presidente_mesa.csv
2023,BALOTAJE,2023-11-19,PRESIDENTE Y VICE,21,Santa Fe,12,9 de Julio,02910,,POSITIVO,positivo,3794,PROVISORIO,2023_BALOTAJE_santafe_presidente_mesa.csv
2023,BALOTAJE,2023-11-19,PRESIDENTE Y VICE,21,Santa Fe,12,9 de Julio,02920,,POSITIVO,positivo,410,PROVISORIO,2023_BALOTAJE_santafe_presidente_mesa.csv
2023,BALOTAJE,2023-11-19,PRESIDENTE Y VICE,21,Santa Fe,12,9 de Julio,02930,,POSITIVO,positivo,691,PROVISORIO,2023_BALOTAJE_santafe_presidente_mesa.csv
2023,BALOTAJE,2023-11-19,PRESIDENTE Y VICE,21,Santa Fe,12,9 de Julio,02940,,POSITIVO,positivo,68,PROVISORIO,2023_BALOTAJE_santafe_presidente_mesa.csv
2023,BALOTAJE,2023-11-19,PRESIDENTE Y VICE,21,Santa Fe,13,Rosario,03010,,POSITIVO,positivo,3983,PROVISORIO,2023_BALOTAJE_santafe_presidente_mesa.csv
2023,BALOTAJE,2023-11-19,PRESIDENTE Y VICE,21,Santa Fe,13,Rosario,03015,,POSITIVO,positivo,5218,PROVISORIO,2023_BALOTAJE_santafe_presidente_mesa.csv
2023,BALOTAJE,2023-11-19,PRESIDENTE Y VICE,21,Santa Fe,13,Rosario,03020,,POSITIVO,positivo,2911,PROVISORIO,2023_BALOTAJE_santafe_presidente_mesa.csv
2023,BALOTAJE,2023-11-19,PRESIDENTE Y VICE,21,Santa Fe,13,Rosario,03025,,POSITIVO,positivo,3382,PROVISORIO,2023_BALOTAJE_santafe_presidente_mesa.csv
2023,BALOTAJE,2023-11-19,PRESIDENTE Y VICE,21,Santa Fe,13,Rosario,03030,,POSITIVO,positivo,3471,PROVISORIO,2023_BALOTAJE_santafe_presidente_mesa.csv
2023,BALOTAJE,2023-11-19,PRESIDENTE Y VICE,21,Santa Fe,13,Rosario,03035,,POSITIVO,positivo,2903,PROVISORIO,2023_BALOTAJE_santafe_presidente_mesa.csv
2023,BALOTAJE,2023-11-19,PRESIDENTE Y VICE,21,Santa Fe,13,Rosario,03040,,POSITIVO,positivo,4340,PROVISORIO,2023_BALOTAJE_santafe_presidente_mesa.csv
2023,BALOTAJE,2023-11-19,PRESIDENTE Y VICE,21,Santa Fe,13,Rosario,03045,,POSITIVO,positivo,2904,PROVISORIO,2023_BALOTAJE_santafe_presidente_mesa.csv
2023,BALOTAJE,2023-11-19,PRESIDENTE Y VICE,21,Santa Fe,13,Rosario,03050,,POSITIVO,positivo,1753,PROVISORIO,2023_BALOTAJE_santafe_presidente_mesa.csv
2023,BALOTAJE,2023-11-19,PRESIDENTE Y VICE,21,Santa Fe,13,Rosario,03055,,POSITIVO,positivo,1491,PROVISORIO,2023_BALOTAJE_santafe_presidente_mesa.csv
2023,BALOTAJE,2023-11-19,PRESIDENTE Y VICE,21,Santa Fe,13,Rosario,03060,,POSITIVO,positivo,1471,PROVISORIO,2023_BALOTAJE_santafe_presidente_mesa.csv
2023,BALOTAJE,2023-11-19,PRESIDENTE Y VICE,21,Santa Fe,13,Rosario,03065,,POSITIVO,positivo,3312,PROVISORIO,2023_BALOTAJE_santafe_presidente_mesa.csv
2023,BALOTAJE,2023-11-19,PRESIDENTE Y VICE,21,Santa Fe,13,Rosario,03070,,POSITIVO,positivo,3397,PROVISORIO,2023_BALOTAJE_santafe_presidente_mesa.csv
2023,BALOTAJE,2023-11-19,PRESIDENTE Y VICE,21,Santa Fe,13,Rosario,03075,,POSITIVO,positivo,2989,PROVISORIO,2023_BALOTAJE_santafe_presidente_mesa.csv
2023,BALOTAJE,2023-11-19,PRESIDENTE Y VICE,21,Santa Fe,13,Rosario,03080,,POSITIVO,positivo,2553,PROVISORIO,2023_BALOTAJE_santafe_presidente_mesa.csv
2023,BALOTAJE,2023-11-19,PRESIDENTE Y VICE,21,Santa Fe,13,Rosario,03085,,POSITIVO,positivo,4573,PROVISORIO,2023_BALOTAJE_santafe_presidente_mesa.csv
2023,BALOTAJE,2023-11-19,PRESIDENTE Y VICE,21,Santa Fe,13,Rosario,03090,,POSITIVO,positivo,4010,PROVISORIO,2023_BALOTAJE_santafe_presidente_mesa.csv
2023,BALOTAJE,2023-11-19,PRESIDENTE Y VICE,21,Santa Fe,13,Rosario,03095,,POSITIVO,positivo,3982,PROVISORIO,2023_BALOTAJE_santafe_presidente_mesa.csv
2023,BALOTAJE,2023-11-19,PRESIDENTE Y VICE,21,Santa Fe,13,Rosario,03100,,POSITIVO,positivo,2857,PROVISORIO,2023_BALOTAJE_santafe_presidente_mesa.csv
2023,BALOTAJE,2023-11-19,PRESIDENTE Y VICE,21,Santa Fe,13,Rosario,03105,,POSITIVO,positivo,3882,PROVISORIO,2023_BALOTAJE_santafe_presidente_mesa.csv
2023,BALOTAJE,2023-11-19,PRESIDENTE Y VICE,21,Santa Fe,13,Rosario,03110,,POSITIVO,positivo,3093,PROVISORIO,2023_BALOTAJE_santafe_presidente_mesa.csv
2023,BALOTAJE,2023-11-19,PRESIDENTE Y VICE,21,Santa Fe,13,Rosario,03115,,POSITIVO,positivo,2595,PROVISORIO,2023_BALOTAJE_santafe_presidente_mesa.csv
2023,BALOTAJE,2023-11-19,PRESIDENTE Y VICE,21,Santa Fe,13,Rosario,03120,,POSITIVO,positivo,6021,PROVISORIO,2023_BALOTAJE_santafe_presidente_mesa.csv
2023,BALOTAJE,2023-11-19,PRESIDENTE Y VICE,21,Santa Fe,13,Rosario,03125,,POSITIVO,positivo,2924,PROVISORIO,2023_BALOTAJE_santafe_presidente_mesa.csv
2023,BALOTAJE,2023-11-19,PRESIDENTE Y VICE,21,Santa Fe,13,Rosario,03130,,POSITIVO,positivo,2715,PROVISORIO,2023_BALOTAJE_santafe_presidente_mesa.csv
2023,BALOTAJE,2023-11-19,PRESIDENTE Y VICE,21,Santa Fe,13,Rosario,03135,,POSITIVO,positivo,3693,PROVISORIO,2023_BALOTAJE_santafe_presidente_mesa.csv
2023,BALOTAJE,2023-11-19,PRESIDENTE Y VICE,21,Santa Fe,13,Rosario,03140,,POSITIVO,positivo,4287,PROVISORIO,2023_BALOTAJE_santafe_presidente_mesa.csv
2023,BALOTAJE,2023-11-19,PRESIDENTE Y VICE,21,Santa Fe,13,Rosario,03145,,POSITIVO,positivo,4812,PROVISORIO,2023_BALOTAJE_santafe_presidente_mesa.csv
2023,BALOTAJE,2023-11-19,PRESIDENTE Y VICE,21,Santa Fe,13,Rosario,03150,,POSITIVO,positivo,9914,PROVISORIO,2023_BALOTAJE_santafe_presidente_mesa.csv
2023,BALOTAJE,2023-11-19,PRESIDENTE Y VICE,21,Santa Fe,13,Rosario,03155,,POSITIVO,positivo,5688,PROVISORIO,2023_BALOTAJE_santafe_presidente_mesa.csv
2023,BALOTAJE,2023-11-19,PRESIDENTE Y VICE,21,Santa Fe,13,Rosario,03160,,POSITIVO,positivo,4367,PROVISORIO,2023_BALOTAJE_santafe_presidente_mesa.csv
2023,BALOTAJE,2023-11-19,PRESIDENTE Y VICE,21,Santa Fe,13,Rosario,03165,,POSITIVO,positivo,3744,PROVISORIO,2023_BALOTAJE_santafe_presidente_mesa.csv
2023,BALOTAJE,2023-11-19,PRESIDENTE Y VICE,21,Santa Fe,13,Rosario,03170,,POSITIVO,positivo,6784,PROVISORIO,2023_BALOTAJE_santafe_presidente_mesa.csv
2023,BALOTAJE,2023-11-19,PRESIDENTE Y VICE,21,Santa Fe,13,Rosario,03175,,POSITIVO,positivo,8516,PROVISORIO,2023_BALOTAJE_santafe_presidente_mesa.csv
2023,BALOTAJE,2023-11-19,PRESIDENTE Y VICE,21,Santa Fe,13,Rosario,03180,,POSITIVO,positivo,2259,PROVISORIO,2023_BALOTAJE_santafe_presidente_mesa.csv
2023,BALOTAJE,2023-11-19,PRESIDENTE Y VICE,21,Santa Fe,13,Rosario,03185,,POSITIVO,positivo,3505,PROVISORIO,2023_BALOTAJE_santafe_presidente_mesa.csv
2023,BALOTAJE,2023-11-19,PRESIDENTE Y VICE,21,Santa Fe,13,Rosario,03190,,POSITIVO,positivo,2402,PROVISORIO,2023_BALOTAJE_santafe_presidente_mesa.csv
2023,BALOTAJE,2023-11-19,PRESIDENTE Y VICE,21,Santa Fe,13,Rosario,03195,,POSITIVO,positivo,3615,PROVISORIO,2023_BALOTAJE_santafe_presidente_mesa.csv
2023,BALOTAJE,2023-11-19,PRESIDENTE Y VICE,21,Santa Fe,13,Rosario,03200,,POSITIVO,positivo,4249,PROVISORIO,2023_BALOTAJE_santafe_presidente_mesa.csv
2023,BALOTAJE,2023-11-19,PRESIDENTE Y VICE,21,Santa Fe,13,Rosario,03205,,POSITIVO,positivo,5992,PROVISORIO,2023_BALOTAJE_santafe_presidente_mesa.csv
2023,BALOTAJE,2023-11-19,PRESIDENTE Y VICE,21,Santa Fe,13,Rosario,03210,,POSITIVO,positivo,24366,PROVISORIO,2023_BALOTAJE_santafe_presidente_mesa.csv
2023,BALOTAJE,2023-11-19,PRESIDENTE Y VICE,21,Santa Fe,13,Rosario,03220,,POSITIVO,positivo,14193,PROVISORIO,2023_BALOTAJE_santafe_presidente_mesa.csv
2023,BALOTAJE,2023-11-19,PRESIDENTE Y VICE,21,Santa Fe,13,Rosario,03230,,POSITIVO,positivo,11444,PROVISORIO,2023_BALOTAJE_santafe_presidente_mesa.csv
2023,BALOTAJE,2023-11-19,PRESIDENTE Y VICE,21,Santa Fe,13,Rosario,03240,,POSITIVO,positivo,11370,PROVISORIO,2023_BALOTAJE_santafe_presidente_mesa.csv
2023,BALOTAJE,2023-11-19,PRESIDENTE Y VICE,21,Santa Fe,13,Rosario,03250,,POSITIVO,positivo,16432,PROVISORIO,2023_BALOTAJE_santafe_presidente_mesa.csv
2023,BALOTAJE,2023-11-19,PRESIDENTE Y VICE,21,Santa Fe,13,Rosario,03260,,POSITIVO,positivo,48464,PROVISORIO,2023_BALOTAJE_santafe_presidente_mesa.csv
2023,BALOTAJE,2023-11-19,PRESIDENTE Y VICE,21,Santa Fe,13,Rosario,03270,,POSITIVO,positivo,15724,PROVISORIO,2023_BALOTAJE_santafe_presidente_mesa.csv
2023,BALOTAJE,2023-11-19,PRESIDENTE Y VICE,21,Santa Fe,13,Rosario,03280,,POSITIVO,positivo,37296,PROVISORIO,2023_BALOTAJE_santafe_presidente_mesa.csv
2023,BALOTAJE,2023-11-19,PRESIDENTE Y VICE,21,Santa Fe,13,Rosario,03290,,POSITIVO,positivo,20290,PROVISORIO,2023_BALOTAJE_santafe_presidente_mesa.csv
2023,BALOTAJE,2023-11-19,PRESIDENTE Y VICE,21,Santa Fe,13,Rosario,03300,,POSITIVO,positivo,35900,PROVISORIO,2023_BALOTAJE_santafe_presidente_mesa.csv
2023,BALOTAJE,2023-11-19,PRESIDENTE Y VICE,21,Santa Fe,13,Rosario,03310,,POSITIVO,positivo,19248,PROVISORIO,2023_BALOTAJE_santafe_presidente_mesa.csv
2023,BALOTAJE,2023-11-19,PRESIDENTE Y VICE,21,Santa Fe,13,Rosario,03320,,POSITIVO,positivo,4616,PROVISORIO,2023_BALOTAJE_santafe_presidente_mesa.csv
2023,BALOTAJE,2023-11-19,PRESIDENTE Y VICE,21,Santa Fe,13,Rosario,03330,,POSITIVO,positivo,201,PROVISORIO,2023_BALOTAJE_santafe_presidente_mesa.csv
2023,BALOTAJE,2023-11-19,PRESIDENTE Y VICE,21,Santa Fe,13,Rosario,03340,,POSITIVO,positivo,20775,PROVISORIO,2023_BALOTAJE_santafe_presidente_mesa.csv
2023,BALOTAJE,2023-11-19,PRESIDENTE Y VICE,21,Santa Fe,13,Rosario,03350,,POSITIVO,positivo,29951,PROVISORIO,2023_BALOTAJE_santafe_presidente_mesa.csv
2023,BALOTAJE,2023-11-19,PRESIDENTE Y VICE,21,Santa Fe,13,Rosario,03360,,POSITIVO,positivo,13644,PROVISORIO,2023_BALOTAJE_santafe_presidente_mesa.csv
2023,BALOTAJE,2023-11-19,PRESIDENTE Y VICE,21,Santa Fe,13,Rosario,03370,,POSITIVO,positivo,7717,PROVISORIO,2023_BALOTAJE_santafe_presidente_mesa.csv
2023,BALOTAJE,2023-11-19,PRESIDENTE Y VICE,21,Santa Fe,13,Rosario,03380,,POSITIVO,positivo,10292,PROVISORIO,2023_BALOTAJE_santafe_presidente_mesa.csv
2023,BALOTAJE,2023-11-19,PRESIDENTE Y VICE,21,Santa Fe,13,Rosario,03390,,POSITIVO,positivo,37698,PROVISORIO,2023_BALOTAJE_santafe_presidente_mesa.csv
2023,BALOTAJE,2023-11-19,PRESIDENTE Y VICE,21,Santa Fe,13,Rosario,03400,,POSITIVO,positivo,27089,PROVISORIO,2023_BALOTAJE_santafe_presidente_mesa.csv
2023,BALOTAJE,2023-11-19,PRESIDENTE Y VICE,21,Santa Fe,13,Rosario,03410,,POSITIVO,positivo,3685,PROVISORIO,2023_BALOTAJE_santafe_presidente_mesa.csv
2023,BALOTAJE,2023-11-19,PRESIDENTE Y VICE,21,Santa Fe,13,Rosario,03415,,POSITIVO,positivo,410,PROVISORIO,2023_BALOTAJE_santafe_presidente_mesa.csv
2023,BALOTAJE,2023-11-19,PRESIDENTE Y VICE,21,Santa Fe,13,Rosario,03420,,POSITIVO,positivo,217,PROVISORIO,2023_BALOTAJE_santafe_presidente_mesa.csv
2023,BALOTAJE,2023-11-19,PRESIDENTE Y VICE,21,Santa Fe,13,Rosario,03430,,POSITIVO,positivo,4807,PROVISORIO,2023_BALOTAJE_santafe_presidente_mesa.csv
2023,BALOTAJE,2023-11-19,PRESIDENTE Y VICE,21,Santa Fe,13,Rosario,03435,,POSITIVO,positivo,1496,PROVISORIO,2023_BALOTAJE_santafe_presidente_mesa.csv
2023,BALOTAJE,2023-11-19,PRESIDENTE Y VICE,21,Santa Fe,13,Rosario,03450,,POSITIVO,positivo,15176,PROVISORIO,2023_BALOTAJE_santafe_presidente_mesa.csv
2023,BALOTAJE,2023-11-19,PRESIDENTE Y VICE,21,Santa Fe,13,Rosario,03455,,POSITIVO,positivo,3714,PROVISORIO,2023_BALOTAJE_santafe_presidente_mesa.csv
2023,BALOTAJE,2023-11-19,PRESIDENTE Y VICE,21,Santa Fe,13,Rosario,03500,,POSITIVO,positivo,585,PROVISORIO,2023_BALOTAJE_santafe_presidente_mesa.csv
2023,BALOTAJE,2023-11-19,PRESIDENTE Y VICE,21,Santa Fe,13,Rosario,03505,,POSITIVO,positivo,680,PROVISORIO,2023_BALOTAJE_santafe_presidente_mesa.csv
2023,BALOTAJE,2023-11-19,PRESIDENTE Y VICE,21,Santa Fe,13,Rosario,03510,,POSITIVO,positivo,1615,PROVISORIO,2023_BALOTAJE_santafe_presidente_mesa.csv
2023,BALOTAJE,2023-11-19,PRESIDENTE Y VICE,21,Santa Fe,13,Rosario,03515,,POSITIVO,positivo,259,PROVISORIO,2023_BALOTAJE_santafe_presidente_mesa.csv
2023,BALOTAJE,2023-11-19,PRESIDENTE Y VICE,21,Santa Fe,13,Rosario,03520,,POSITIVO,positivo,23538,PROVISORIO,2023_BALOTAJE_santafe_presidente_mesa.csv
2023,BALOTAJE,2023-11-19,PRESIDENTE Y VICE,21,Santa Fe,13,Rosario,03550,,POSITIVO,positivo,28137,PROVISORIO,2023_BALOTAJE_santafe_presidente_mesa.csv
2023,BALOTAJE,2023-11-19,PRESIDENTE Y VICE,21,Santa Fe,13,Rosario,03555,,POSITIVO,positivo,4118,PROVISORIO,2023_BALOTAJE_santafe_presidente_mesa.csv
2023,BALOTAJE,2023-11-19,PRESIDENTE Y VICE,21,Santa Fe,13,Rosario,03560,,POSITIVO,positivo,13343,PROVISORIO,2023_BALOTAJE_santafe_presidente_mesa.csv
2023,BALOTAJE,2023-11-19,PRESIDENTE Y VICE,21,Santa Fe,13,Rosario,03565,,POSITIVO,positivo,6982,PROVISORIO,2023_BALOTAJE_santafe_presidente_mesa.csv
2023,BALOTAJE,2023-11-19,PRESIDENTE Y VICE,21,Santa Fe,13,Rosario,03570,,POSITIVO,positivo,2786,PROVISORIO,2023_BALOTAJE_santafe_presidente_mesa.csv
2023,BALOTAJE,2023-11-19,PRESIDENTE Y VICE,21,Santa Fe,13,Rosario,03580,,POSITIVO,positivo,1088,PROVISORIO,2023_BALOTAJE_santafe_presidente_mesa.csv
2023,BALOTAJE,2023-11-19,PRESIDENTE Y VICE,21,Santa Fe,13,Rosario,03585,,POSITIVO,positivo,717,PROVISORIO,2023_BALOTAJE_santafe_presidente_mesa.csv
2023,BALOTAJE,2023-11-19,PRESIDENTE Y VICE,21,Santa Fe,13,Rosario,03600,,POSITIVO,positivo,21649,PROVISORIO,2023_BALOTAJE_santafe_presidente_mesa.csv
2023,BALOTAJE,2023-11-19,PRESIDENTE Y VICE,21,Santa Fe,13,Rosario,03602,,POSITIVO,positivo,18856,PROVISORIO,2023_BALOTAJE_santafe_presidente_mesa.csv
2023,BALOTAJE,2023-11-19,PRESIDENTE Y VICE,21,Santa Fe,13,Rosario,03604,,POSITIVO,positivo,14886,PROVISORIO,2023_BALOTAJE_santafe_presidente_mesa.csv
2023,BALOTAJE,2023-11-19,PRESIDENTE Y VICE,21,Santa Fe,13,Rosario,03610,,POSITIVO,positivo,4529,PROVISORIO,2023_BALOTAJE_santafe_presidente_mesa.csv
2023,BALOTAJE,2023-11-19,PRESIDENTE Y VICE,21,Santa Fe,13,Rosario,03615,,POSITIVO,positivo,3467,PROVISORIO,2023_BALOTAJE_santafe_presidente_mesa.csv
2023,BALOTAJE,2023-11-19,PRESIDENTE Y VICE,21,Santa Fe,13,Rosario,03620,,POSITIVO,positivo,7906,PROVISORIO,2023_BALOTAJE_santafe_presidente_mesa.csv
2023,BALOTAJE,2023-11-19,PRESIDENTE Y VICE,21,Santa Fe,13,Rosario,03625,,POSITIVO,positivo,4086,PROVISORIO,2023_BALOTAJE_santafe_presidente_mesa.csv
2023,BALOTAJE,2023-11-19,PRESIDENTE Y VICE,21,Santa Fe,14,Caseros,03640,,POSITIVO,positivo,4684,PROVISORIO,2023_BALOTAJE_santafe_presidente_mesa.csv
2023,BALOTAJE,2023-11-19,PRESIDENTE Y VICE,21,Santa Fe,14,Caseros,03650,,POSITIVO,positivo,2150,PROVISORIO,2023_BALOTAJE_santafe_presidente_mesa.csv
2023,BALOTAJE,2023-11-19,PRESIDENTE Y VICE,21,Santa Fe,14,Caseros,03660,,POSITIVO,positivo,1289,PROVISORIO,2023_BALOTAJE_santafe_presidente_mesa.csv
2023,BALOTAJE,2023-11-19,PRESIDENTE Y VICE,21,Santa Fe,14,Caseros,03670,,POSITIVO,positivo,3469,PROVISORIO,2023_BALOTAJE_santafe_presidente_mesa.csv
2023,BALOTAJE,2023-11-19,PRESIDENTE Y VICE,21,Santa Fe,14,Caseros,03680,,POSITIVO,positivo,22587,PROVISORIO,2023_BALOTAJE_santafe_presidente_mesa.csv
2023,BALOTAJE,2023-11-19,PRESIDENTE Y VICE,21,Santa Fe,14,Caseros,03690,,POSITIVO,positivo,748,PROVISORIO,2023_BALOTAJE_santafe_presidente_mesa.csv
2023,BALOTAJE,2023-11-19,PRESIDENTE Y VICE,21,Santa Fe,14,Caseros,03700,,POSITIVO,positivo,4753,PROVISORIO,2023_BALOTAJE_santafe_presidente_mesa.csv
2023,BALOTAJE,2023-11-19,PRESIDENTE Y VICE,21,Santa Fe,14,Caseros,03710,,POSITIVO,positivo,3577,PROVISORIO,2023_BALOTAJE_santafe_presidente_mesa.csv
2023,BALOTAJE,2023-11-19,PRESIDENTE Y VICE,21,Santa Fe,14,Caseros,03720,,POSITIVO,positivo,1120,PROVISORIO,2023_BALOTAJE_santafe_presidente_mesa.csv
2023,BALOTAJE,2023-11-19,PRESIDENTE Y VICE,21,Santa Fe,14,Caseros,03730,,POSITIVO,positivo,1255,PROVISORIO,2023_BALOTAJE_santafe_presidente_mesa.csv
2023,BALOTAJE,2023-11-19,PRESIDENTE Y VICE,21,Santa Fe,14,Caseros,03740,,POSITIVO,positivo,1579,PROVISORIO,2023_BALOTAJE_santafe_presidente_mesa.csv
2023,BALOTAJE,2023-11-19,PRESIDENTE Y VICE,21,Santa Fe,14,Caseros,03750,,POSITIVO,positivo,4423,PROVISORIO,2023_BALOTAJE_santafe_presidente_mesa.csv
2023,BALOTAJE,2023-11-19,PRESIDENTE Y VICE,21,Santa Fe,14,Caseros,03755,,POSITIVO,positivo,84,PROVISORIO,2023_BALOTAJE_santafe_presidente_mesa.csv
2023,BALOTAJE,2023-11-19,PRESIDENTE Y VICE,21,Santa Fe,14,Caseros,03760,,POSITIVO,positivo,1163,PROVISORIO,2023_BALOTAJE_santafe_presidente_mesa.csv
2023,BALOTAJE,2023-11-19,PRESIDENTE Y VICE,21,Santa Fe,15,Constitución,03770,,POSITIVO,positivo,4816,PROVISORIO,2023_BALOTAJE_santafe_presidente_mesa.csv
2023,BALOTAJE,2023-11-19,PRESIDENTE Y VICE,21,Santa Fe,15,Constitución,03772,,POSITIVO,positivo,2287,PROVISORIO,2023_BALOTAJE_santafe_presidente_mesa.csv
2023,BALOTAJE,2023-11-19,PRESIDENTE Y VICE,21,Santa Fe,15,Constitución,03774,,POSITIVO,positivo,657,PROVISORIO,2023_BALOTAJE_santafe_presidente_mesa.csv
2023,BALOTAJE,2023-11-19,PRESIDENTE Y VICE,21,Santa Fe,15,Constitución,03780,,POSITIVO,positivo,284,PROVISORIO,2023_BALOTAJE_santafe_presidente_mesa.csv
2023,BALOTAJE,2023-11-19,PRESIDENTE Y VICE,21,Santa Fe,15,Constitución,03782,,POSITIVO,positivo,1015,PROVISORIO,2023_BALOTAJE_santafe_presidente_mesa.csv
2023,BALOTAJE,2023-11-19,PRESIDENTE Y VICE,21,Santa Fe,15,Constitución,03784,,POSITIVO,positivo,271,PROVISORIO,2023_BALOTAJE_santafe_presidente_mesa.csv
2023,BALOTAJE,2023-11-19,PRESIDENTE Y VICE,21,Santa Fe,15,Constitución,03786,,POSITIVO,positivo,745,PROVISORIO,2023_BALOTAJE_santafe_presidente_mesa.csv
2023,BALOTAJE,2023-11-19,PRESIDENTE Y VICE,21,Santa Fe,15,Constitución,03788,,POSITIVO,positivo,412,PROVISORIO,2023_BALOTAJE_santafe_presidente_mesa.csv
2023,BALOTAJE,2023-11-19,PRESIDENTE Y VICE,21,Santa Fe,15,Constitución,03790,,POSITIVO,positivo,987,PROVISORIO,2023_BALOTAJE_santafe_presidente_mesa.csv
2023,BALOTAJE,2023-11-19,PRESIDENTE Y VICE,21,Santa Fe,15,Constitución,03792,,POSITIVO,positivo,430,PROVISORIO,2023_BALOTAJE_santafe_presidente_mesa.csv
2023,BALOTAJE,2023-11-19,PRESIDENTE Y VICE,21,Santa Fe,15,Constitución,03794,,POSITIVO,positivo,508,PROVISORIO,2023_BALOTAJE_santafe_presidente_mesa.csv
2023,BALOTAJE,2023-11-19,PRESIDENTE Y VICE,21,Santa Fe,15,Constitución,03800,,POSITIVO,positivo,2154,PROVISORIO,2023_BALOTAJE_santafe_presidente_mesa.csv
2023,BALOTAJE,2023-11-19,PRESIDENTE Y VICE,21,Santa Fe,15,Constitución,03810,,POSITIVO,positivo,1260,PROVISORIO,2023_BALOTAJE_santafe_presidente_mesa.csv
2023,BALOTAJE,2023-11-19,PRESIDENTE Y VICE,21,Santa Fe,15,Constitución,03820,,POSITIVO,positivo,1640,PROVISORIO,2023_BALOTAJE_santafe_presidente_mesa.csv
2023,BALOTAJE,2023-11-19,PRESIDENTE Y VICE,21,Santa Fe,15,Constitución,03830,,POSITIVO,positivo,2208,PROVISORIO,2023_BALOTAJE_santafe_presidente_mesa.csv
2023,BALOTAJE,2023-11-19,PRESIDENTE Y VICE,21,Santa Fe,15,Constitución,03840,,POSITIVO,positivo,30569,PROVISORIO,2023_BALOTAJE_santafe_presidente_mesa.csv
2023,BALOTAJE,2023-11-19,PRESIDENTE Y VICE,21,Santa Fe,15,Constitución,03845,,POSITIVO,positivo,4795,PROVISORIO,2023_BALOTAJE_santafe_presidente_mesa.csv
2023,BALOTAJE,2023-11-19,PRESIDENTE Y VICE,21,Santa Fe,15,Constitución,03846,,POSITIVO,positivo,1850,PROVISORIO,2023_BALOTAJE_santafe_presidente_mesa.csv
2023,BALOTAJE,2023-11-19,PRESIDENTE Y VICE,21,Santa Fe,15,Constitución,03848,,POSITIVO,positivo,383,PROVISORIO,2023_BALOTAJE_santafe_presidente_mesa.csv
2023,BALOTAJE,2023-11-19,PRESIDENTE Y VICE,21,Santa Fe,16,General López,03850,,POSITIVO,positivo,864,PROVISORIO,2023_BALOTAJE_santafe_presidente_mesa.csv
2023,BALOTAJE,2023-11-19,PRESIDENTE Y VICE,21,Santa Fe,16,General López,03852,,POSITIVO,positivo,202,PROVISORIO,2023_BALOTAJE_santafe_presidente_mesa.csv
2023,BALOTAJE,2023-11-19,PRESIDENTE Y VICE,21,Santa Fe,16,General López,03854,,POSITIVO,positivo,287,PROVISORIO,2023_BALOTAJE_santafe_presidente_mesa.csv
2023,BALOTAJE,2023-11-19,PRESIDENTE Y VICE,21,Santa Fe,16,General López,03860,,POSITIVO,positivo,1117,PROVISORIO,2023_BALOTAJE_santafe_presidente_mesa.csv
2023,BALOTAJE,2023-11-19,PRESIDENTE Y VICE,21,Santa Fe,16,General López,03862,,POSITIVO,positivo,543,PROVISORIO,2023_BALOTAJE_santafe_presidente_mesa.csv
2023,BALOTAJE,2023-11-19,PRESIDENTE Y VICE,21,Santa Fe,16,General López,03864,,POSITIVO,positivo,2713,PROVISORIO,2023_BALOTAJE_santafe_presidente_mesa.csv
2023,BALOTAJE,2023-11-19,PRESIDENTE Y VICE,21,Santa Fe,16,General López,03870,,POSITIVO,positivo,1234,PROVISORIO,2023_BALOTAJE_santafe_presidente_mesa.csv
2023,BALOTAJE,2023-11-19,PRESIDENTE Y VICE,21,Santa Fe,16,General López,03880,,POSITIVO,positivo,1268,PROVISORIO,2023_BALOTAJE_santafe_presidente_mesa.csv
2023,BALOTAJE,2023-11-19,PRESIDENTE Y VICE,21,Santa Fe,16,General López,03885,,POSITIVO,positivo,172,PROVISORIO,2023_BALOTAJE_santafe_presidente_mesa.csv
2023,BALOTAJE,2023-11-19,PRESIDENTE Y VICE,21,Santa Fe,16,General López,03890,,POSITIVO,positivo,3611,PROVISORIO,2023_BALOTAJE_santafe_presidente_mesa.csv
2023,BALOTAJE,2023-11-19,PRESIDENTE Y VICE,21,Santa Fe,16,General López,03900,,POSITIVO,positivo,12416,PROVISORIO,2023_BALOTAJE_santafe_presidente_mesa.csv
2023,BALOTAJE,2023-11-19,PRESIDENTE Y VICE,21,Santa Fe,16,General López,03904,,POSITIVO,positivo,1494,PROVISORIO,2023_BALOTAJE_santafe_presidente_mesa.csv
2023,BALOTAJE,2023-11-19,PRESIDENTE Y VICE,21,Santa Fe,16,General López,03906,,POSITIVO,positivo,535,PROVISORIO,2023_BALOTAJE_santafe_presidente_mesa.csv
2023,BALOTAJE,2023-11-19,PRESIDENTE Y VICE,21,Santa Fe,16,General López,03908,,POSITIVO,positivo,303,PROVISORIO,2023_BALOTAJE_santafe_presidente_mesa.csv
2023,BALOTAJE,2023-11-19,PRESIDENTE Y VICE,21,Santa Fe,16,General López,03910,,POSITIVO,positivo,316,PROVISORIO,2023_BALOTAJE_santafe_presidente_mesa.csv
2023,BALOTAJE,2023-11-19,PRESIDENTE Y VICE,21,Santa Fe,16,General López,03915,,POSITIVO,positivo,1122,PROVISORIO,2023_BALOTAJE_santafe_presidente_mesa.csv
2023,BALOTAJE,2023-11-19,PRESIDENTE Y VICE,21,Santa Fe,16,General López,03920,,POSITIVO,positivo,1281,PROVISORIO,2023_BALOTAJE_santafe_presidente_mesa.csv
2023,BALOTAJE,2023-11-19,PRESIDENTE Y VICE,21,Santa Fe,16,General López,03930,,POSITIVO,positivo,1495,PROVISORIO,2023_BALOTAJE_santafe_presidente_mesa.csv
2023,BALOTAJE,2023-11-19,PRESIDENTE Y VICE,21,Santa Fe,16,General López,03935,,POSITIVO,positivo,610,PROVISORIO,2023_BALOTAJE_santafe_presidente_mesa.csv
2023,BALOTAJE,2023-11-19,PRESIDENTE Y VICE,21,Santa Fe,16,General López,03940,,POSITIVO,positivo,11549,PROVISORIO,2023_BALOTAJE_santafe_presidente_mesa.csv
2023,BALOTAJE,2023-11-19,PRESIDENTE Y VICE,21,Santa Fe,16,General López,03950,,POSITIVO,positivo,668,PROVISORIO,2023_BALOTAJE_santafe_presidente_mesa.csv
2023,BALOTAJE,2023-11-19,PRESIDENTE Y VICE,21,Santa Fe,16,General López,03955,,POSITIVO,positivo,2325,PROVISORIO,2023_BALOTAJE_santafe_presidente_mesa.csv
2023,BALOTAJE,2023-11-19,PRESIDENTE Y VICE,21,Santa Fe,16,General López,03960,,POSITIVO,positivo,3181,PROVISORIO,2023_BALOTAJE_santafe_presidente_mesa.csv
2023,BALOTAJE,2023-11-19,PRESIDENTE Y VICE,21,Santa Fe,16,General López,03965,,POSITIVO,positivo,495,PROVISORIO,2023_BALOTAJE_santafe_presidente_mesa.csv
2023,BALOTAJE,2023-11-19,PRESIDENTE Y VICE,21,Santa Fe,16,General López,03970,,POSITIVO,positivo,2884,PROVISORIO,2023_BALOTAJE_santafe_presidente_mesa.csv
2023,BALOTAJE,2023-11-19,PRESIDENTE Y VICE,21,Santa Fe,16,General López,03975,,POSITIVO,positivo,2718,PROVISORIO,2023_BALOTAJE_santafe_presidente_mesa.csv
2023,BALOTAJE,2023-11-19,PRESIDENTE Y VICE,21,Santa Fe,16,General López,03980,,POSITIVO,positivo,3747,PROVISORIO,2023_BALOTAJE_santafe_presidente_mesa.csv
2023,BALOTAJE,2023-11-19,PRESIDENTE Y VICE,21,Santa Fe,16,General López,03990,,POSITIVO,positivo,15646,PROVISORIO,2023_BALOTAJE_santafe_presidente_mesa.csv
2023,BALOTAJE,2023-11-19,PRESIDENTE Y VICE,21,Santa Fe,16,General López,03992,,POSITIVO,positivo,13726,PROVISORIO,2023_BALOTAJE_santafe_presidente_mesa.csv
2023,BALOTAJE,2023-11-19,PRESIDENTE Y VICE,21,Santa Fe,16,General López,03994,,POSITIVO,positivo,11684,PROVISORIO,2023_BALOTAJE_santafe_presidente_mesa.csv
2023,BALOTAJE,2023-11-19,PRESIDENTE Y VICE,21,Santa Fe,16,General López,03996,,POSITIVO,positivo,8132,PROVISORIO,2023_BALOTAJE_santafe_presidente_mesa.csv
2023,BALOTAJE,2023-11-19,PRESIDENTE Y VICE,21,Santa Fe,16,General López,04000,,POSITIVO,positivo,6026,PROVISORIO,2023_BALOTAJE_santafe_presidente_mesa.csv
2023,BALOTAJE,2023-11-19,PRESIDENTE Y VICE,21,Santa Fe,16,General López,04010,,POSITIVO,positivo,3706,PROVISORIO,2023_BALOTAJE_santafe_presidente_mesa.csv
2023,BALOTAJE,2023-11-19,PRESIDENTE Y VICE,21,Santa Fe,16,General López,04015,,POSITIVO,positivo,2844,PROVISORIO,2023_BALOTAJE_santafe_presidente_mesa.csv
2023,BALOTAJE,2023-11-19,PRESIDENTE Y VICE,21,Santa Fe,17,Belgrano,04020,,POSITIVO,positivo,8233,PROVISORIO,2023_BALOTAJE_santafe_presidente_mesa.csv
2023,BALOTAJE,2023-11-19,PRESIDENTE Y VICE,21,Santa Fe,17,Belgrano,04030,,POSITIVO,positivo,8385,PROVISORIO,2023_BALOTAJE_santafe_presidente_mesa.csv
2023,BALOTAJE,2023-11-19,PRESIDENTE Y VICE,21,Santa Fe,17,Belgrano,04040,,POSITIVO,positivo,8400,PROVISORIO,2023_BALOTAJE_santafe_presidente_mesa.csv
2023,BALOTAJE,2023-11-19,PRESIDENTE Y VICE,21,Santa Fe,17,Belgrano,04045,,POSITIVO,positivo,922,PROVISORIO,2023_BALOTAJE_santafe_presidente_mesa.csv
2023,BALOTAJE,2023-11-19,PRESIDENTE Y VICE,21,Santa Fe,17,Belgrano,04050,,POSITIVO,positivo,1839,PROVISORIO,2023_BALOTAJE_santafe_presidente_mesa.csv
2023,BALOTAJE,2023-11-19,PRESIDENTE Y VICE,21,Santa Fe,17,Belgrano,04060,,POSITIVO,positivo,1513,PROVISORIO,2023_BALOTAJE_santafe_presidente_mesa.csv
2023,BALOTAJE,2023-11-19,PRESIDENTE Y VICE,21,Santa Fe,18,Iriondo,04070,,POSITIVO,positivo,909,PROVISORIO,2023_BALOTAJE_santafe_presidente_mesa.csv
2023,BALOTAJE,2023-11-19,PRESIDENTE Y VICE,21,Santa Fe,18,Iriondo,04080,,POSITIVO,positivo,19454,PROVISORIO,2023_BALOTAJE_santafe_presidente_mesa.csv
2023,BALOTAJE,2023-11-19,PRESIDENTE Y VICE,21,Santa Fe,18,Iriondo,04090,,POSITIVO,positivo,780,PROVISORIO,2023_BALOTAJE_santafe_presidente_mesa.csv
2023,BALOTAJE,2023-11-19,PRESIDENTE Y VICE,21,Santa Fe,18,Iriondo,04100,,POSITIVO,positivo,3721,PROVISORIO,2023_BALOTAJE_santafe_presidente_mesa.csv
2023,BALOTAJE,2023-11-19,PRESIDENTE Y VICE,21,Santa Fe,18,Iriondo,04110,,POSITIVO,positivo,1283,PROVISORIO,2023_BALOTAJE_santafe_presidente_mesa.csv
2023,BALOTAJE,2023-11-19,PRESIDENTE Y VICE,21,Santa Fe,18,Iriondo,04115,,POSITIVO,positivo,336,PROVISORIO,2023_BALOTAJE_santafe_presidente_mesa.csv
2023,BALOTAJE,2023-11-19,PRESIDENTE Y VICE,21,Santa Fe,18,Iriondo,04120,,POSITIVO,positivo,3156,PROVISORIO,2023_BALOTAJE_santafe_presidente_mesa.csv
2023,BALOTAJE,2023-11-19,PRESIDENTE Y VICE,21,Santa Fe,18,Iriondo,04130,,POSITIVO,positivo,6882,PROVISORIO,2023_BALOTAJE_santafe_presidente_mesa.csv
2023,BALOTAJE,2023-11-19,PRESIDENTE Y VICE,21,Santa Fe,18,Iriondo,04132,,POSITIVO,positivo,535,PROVISORIO,2023_BALOTAJE_santafe_presidente_mesa.csv
2023,BALOTAJE,2023-11-19,PRESIDENTE Y VICE,21,Santa Fe,18,Iriondo,04134,,POSITIVO,positivo,35,PROVISORIO,2023_BALOTAJE_santafe_presidente_mesa.csv
2023,BALOTAJE,2023-11-19,PRESIDENTE Y VICE,21,Santa Fe,18,Iriondo,04140,,POSITIVO,positivo,2606,PROVISORIO,2023_BALOTAJE_santafe_presidente_mesa.csv
2023,BALOTAJE,2023-11-19,PRESIDENTE Y VICE,21,Santa Fe,18,Iriondo,04145,,POSITIVO,positivo,2164,PROVISORIO,2023_BALOTAJE_santafe_presidente_mesa.csv
2023,BALOTAJE,2023-11-19,PRESIDENTE Y VICE,21,Santa Fe,18,Iriondo,04150,,POSITIVO,positivo,2016,PROVISORIO,2023_BALOTAJE_santafe_presidente_mesa.csv
2023,BALOTAJE,2023-11-19,PRESIDENTE Y VICE,21,Santa Fe,19,San Lorenzo,04160,,POSITIVO,positivo,11095,PROVISORIO,2023_BALOTAJE_santafe_presidente_mesa.csv
2023,BALOTAJE,2023-11-19,PRESIDENTE Y VICE,21,Santa Fe,19,San Lorenzo,04170,,POSITIVO,positivo,17,PROVISORIO,2023_BALOTAJE_santafe_presidente_mesa.csv
2023,BALOTAJE,2023-11-19,PRESIDENTE Y VICE,21,Santa Fe,19,San Lorenzo,04172,,POSITIVO,positivo,1769,PROVISORIO,2023_BALOTAJE_santafe_presidente_mesa.csv
2023,BALOTAJE,2023-11-19,PRESIDENTE Y VICE,21,Santa Fe,19,San Lorenzo,04174,,POSITIVO,positivo,1551,PROVISORIO,2023_BALOTAJE_santafe_presidente_mesa.csv
2023,BALOTAJE,2023-11-19,PRESIDENTE Y VICE,21,Santa Fe,19,San Lorenzo,04180,,POSITIVO,positivo,4173,PROVISORIO,2023_BALOTAJE_santafe_presidente_mesa.csv
2023,BALOTAJE,2023-11-19,PRESIDENTE Y VICE,21,Santa Fe,19,San Lorenzo,04185,,POSITIVO,positivo,535,PROVISORIO,2023_BALOTAJE_santafe_presidente_mesa.csv
2023,BALOTAJE,2023-11-19,PRESIDENTE Y VICE,21,Santa Fe,19,San Lorenzo,04190,,POSITIVO,positivo,916,PROVISORIO,2023_BALOTAJE_santafe_presidente_mesa.csv
2023,BALOTAJE,2023-11-19,PRESIDENTE Y VICE,21,Santa Fe,19,San Lorenzo,04200,,POSITIVO,positivo,10693,PROVISORIO,2023_BALOTAJE_santafe_presidente_mesa.csv
2023,BALOTAJE,2023-11-19,PRESIDENTE Y VICE,21,Santa Fe,19,San Lorenzo,04205,,POSITIVO,positivo,18905,PROVISORIO,2023_BALOTAJE_santafe_presidente_mesa.csv
2023,BALOTAJE,2023-11-19,PRESIDENTE Y VICE,21,Santa Fe,19,San Lorenzo,04210,,POSITIVO,positivo,13216,PROVISORIO,2023_BALOTAJE_santafe_presidente_mesa.csv
2023,BALOTAJE,2023-11-19,PRESIDENTE Y VICE,21,Santa Fe,19,San Lorenzo,04220,,POSITIVO,positivo,2340,PROVISORIO,2023_BALOTAJE_santafe_presidente_mesa.csv
2023,BALOTAJE,2023-11-19,PRESIDENTE Y VICE,21,Santa Fe,19,San Lorenzo,04224,,POSITIVO,positivo,666,PROVISORIO,2023_BALOTAJE_santafe_presidente_mesa.csv
2023,BALOTAJE,2023-11-19,PRESIDENTE Y VICE,21,Santa Fe,19,San Lorenzo,04230,,POSITIVO,positivo,17258,PROVISORIO,2023_BALOTAJE_santafe_presidente_mesa.csv
2023,BALOTAJE,2023-11-19,PRESIDENTE Y VICE,21,Santa Fe,19,San Lorenzo,04240,,POSITIVO,positivo,1898,PROVISORIO,2023_BALOTAJE_santafe_presidente_mesa.csv
2023,BALOTAJE,2023-11-19,PRESIDENTE Y VICE,21,Santa Fe,19,San Lorenzo,04245,,POSITIVO,positivo,3092,PROVISORIO,2023_BALOTAJE_santafe_presidente_mesa.csv
2023,BALOTAJE,2023-11-19,PRESIDENTE Y VICE,21,Santa Fe,19,San Lorenzo,04250,,POSITIVO,positivo,30227,PROVISORIO,2023_BALOTAJE_santafe_presidente_mesa.csv
