anio,instancia,fecha,cargo,distrito_id,distrito,seccion_id,seccion,circuito_id,localidad,agrupacion,tipo_registro,votos,recuento_tipo,archivo_origen
2023,GENERAL,2023-10-22,PRESIDENTE Y VICE,21,Santa Fe,1,La Capital,00010,,COMANDO,comando,2,PROVISORIO,2023_GENERAL_santafe_presidente_mesa.csv
2023,GENERAL,2023-10-22,PRESIDENTE Y VICE,21,Santa Fe,1,La Capital,00010,,EN BLANCO,blancos,20,PROVISORIO,2023_GENERAL_santafe_presidente_mesa.csv
2023,GENERAL,2023-10-22,PRESIDENTE Y VICE,21,Santa Fe,1,La Capital,00010,,FRENTE DE IZQUIERDA Y DE TRABAJADORES - UNIDAD,agrupacion,57,PROVISORIO,2023_GENERAL_santafe_presidente_mesa.csv
2023,GENERAL,2023-10-22,PRESIDENTE Y VICE,21,Santa Fe,1,La Capital,00010,,HACEMOS POR NUESTRO PAIS,agrupacion,182,PROVISORIO,2023_GENERAL_santafe_presidente_mesa.csv
2023,GENERAL,2023-10-22,PRESIDENTE Y VICE,21,Santa Fe,1,La Capital,00010,,IMPUGNADO,impugnados,0,PROVISORIO,2023_GENERAL_santafe_presidente_mesa.csv
2023,GENERAL,2023-10-22,PRESIDENTE Y VICE,21,Santa Fe,1,La Capital,00010,,JUNTOS POR EL CAMBIO,agrupacion,1476,PROVISORIO,2023_GENERAL_santafe_presidente_mesa.csv
2023,GENERAL,2023-10-22,PRESIDENTE Y VICE,21,Santa Fe,1,La Capital,00010,,LA LIBERTAD AVANZA,agrupacion,665,PROVISORIO,2023_GENERAL_santafe_presidente_mesa.csv
2023,GENERAL,2023-10-22,PRESIDENTE Y VICE,21,Santa Fe,1,La Capital,00010,,NULO,nulos,19,PROVISORIO,2023_GENERAL_santafe_presidente_mesa.csv
2023,GENERAL,2023-10-22,PRESIDENTE Y VICE,21,Santa Fe,1,La Capital,00010,,RECURRIDO,recurridos,3,PROVISORIO,2023_GENERAL_santafe_presidente_mesa.csv
2023,GENERAL,2023-10-22,PRESIDENTE Y VICE,21,Santa Fe,1,La Capital,00010,,UNION POR LA PATRIA,agrupacion,617,PROVISORIO,2023_GENERAL_santafe_presidente_mesa.csv
2023,GENERAL,2023-10-22,PRESIDENTE Y VICE,21,Santa Fe,1,La Capital,00020,,COMANDO,comando,0,PROVISORIO,2023_GENERAL_santafe_presidente_mesa.csv
2023,GENERAL,2023-10-22,PRESIDENTE Y VICE,21,Santa Fe,1,La Capital,00020,,EN BLANCO,blancos,13,PROVISORIO,2023_GENERAL_santafe_presidente_mesa.csv
2023,GENERAL,2023-10-22,PRESIDENTE Y VICE,21,Santa Fe,1,La Capital,00020,,FRENTE DE IZQUIERDA Y DE TRABAJADORES - UNIDAD,agrupacion,44,PROVISORIO,2023_GENERAL_santafe_presidente_mesa.csv
2023,GENERAL,2023-10-22,PRESIDENTE Y VICE,21,Santa Fe,1,La Capital,00020,,HACEMOS POR NUESTRO PAIS,agrupacion,158,PROVISORIO,2023_GENERAL_santafe_presidente_mesa.csv
2023,GENERAL,2023-10-22,PRESIDENTE Y VICE,21,Santa Fe,1,La Capital,00020,,IMPUGNADO,impugnados,0,PROVISORIO,2023_GENERAL_santafe_presidente_mesa.csv
2023,GENERAL,2023-10-22,PRESIDENTE Y VICE,21,Santa Fe,1,La Capital,00020,,JUNTOS POR EL CAMBIO,agrupacion,1427,PROVISORIO,2023_GENERAL_santafe_presidente_mesa.csv
2023,GENERAL,2023-10-22,PRESIDENTE Y VICE,21,Santa Fe,1,La Capital,00020,,LA LIBERTAD AVANZA,agrupacion,625,PROVISORIO,2023_GENERAL_santafe_presidente_mesa.csv
2023,GENERAL,2023-10-22,PRESIDENTE Y VICE,21,Santa Fe,1,La Capital,00020,,NULO,nulos,19,PROVISORIO,2023_GENERAL_santafe_presidente_mesa.csv
2023,GENERAL,2023-10-22,PRESIDENTE Y VICE,21,Santa Fe,1,La Capital,00020,,RECURRIDO,recurridos,1,PROVISORIO,2023_GENERAL_santafe_presidente_mesa.csv
2023,GENERAL,2023-10-22,PRESIDENTE Y VICE,21,Santa Fe,1,La Capital,00020,,UNION POR LA PATRIA,agrupacion,593,PROVISORIO,2023_GENERAL_santafe_presidente_mesa.csv
2023,GENERAL,2023-10-22,PRESIDENTE Y VICE,21,Santa Fe,1,La Capital,00030,,COMANDO,comando,2,PROVISORIO,2023_GENERAL_santafe_presidente_mesa.csv
2023,GENERAL,2023-10-22,PRESIDENTE Y VICE,21,Santa Fe,1,La Capital,00030,,EN BLANCO,blancos,7,PROVISORIO,2023_GENERAL_santafe_presidente_mesa.csv
2023,GENERAL,2023-10-22,PRESIDENTE Y VICE,21,Santa Fe,1,La Capital,00030,,FRENTE DE IZQUIERDA Y DE TRABAJADORES - UNIDAD,agrupacion,21,PROVISORIO,2023_GENERAL_santafe_presidente_mesa.csv
2023,GENERAL,2023-10-22,PRESIDENTE Y VICE,21,Santa Fe,1,La Capital,00030,,HACEMOS POR NUESTRO PAIS,agrupacion,93,PROVISORIO,2023_GENERAL_santafe_presidente_mesa.csv
2023,GENERAL,2023-10-22,PRESIDENTE Y VICE,21,Santa Fe,1,La Capital,00030,,IMPUGNADO,impugnados,0,PROVISORIO,2023_GENERAL_santafe_presidente_mesa.csv
2023,GENERAL,2023-10-22,PRESIDENTE Y VICE,21,Santa Fe,1,La Capital,00030,,JUNTOS POR EL CAMBIO,agrupacion,705,PROVISORIO,2023_GENERAL_santafe_presidente_mesa.csv
2023,GENERAL,2023-10-22,PRESIDENTE Y VICE,21,Santa Fe,1,La Capital,00030,,LA LIBERTAD AVANZA,agrupacion,366,PROVISORIO,2023_GENERAL_santafe_presidente_mesa.csv
2023,GENERAL,2023-10-22,PRESIDENTE Y VICE,21,Santa Fe,1,La Capital,00030,,NULO,nulos,13,PROVISORIO,2023_GENERAL_santafe_presidente_mesa.csv
2023,GENERAL,2023-10-22,PRESIDENTE Y VICE,21,Santa Fe,1,La Capital,00030,,RECURRIDO,recurridos,0,PROVISORIO,2023_GENERAL_santafe_presidente_mesa.csv
2023,GENERAL,2023-10-22,PRESIDENTE Y VICE,21,Santa Fe,1,La Capital,00030,,UNION POR LA PATRIA,agrupacion,305,PROVISORIO,2023_GENERAL_santafe_presidente_mesa.csv
2023,GENERAL,2023-10-22,PRESIDENTE Y VICE,21,Santa Fe,1,La Capital,00040,,COMANDO,comando,0,PROVISORIO,2023_GENERAL_santafe_presidente_mesa.csv
2023,GENERAL,2023-10-22,PRESIDENTE Y VICE,21,Santa Fe,1,La Capital,00040,,EN BLANCO,blancos,17,PROVISORIO,2023_GENERAL_santafe_presidente_mesa.csv
2023,GENERAL,2023-10-22,PRESIDENTE Y VICE,21,Santa Fe,1,La Capital,00040,,FRENTE DE IZQUIERDA Y DE TRABAJADORES - UNIDAD,agrupacion,41,PROVISORIO,2023_GENERAL_santafe_presidente_mesa.csv
2023,GENERAL,2023-10-22,PRESIDENTE Y VICE,21,Santa Fe,1,La Capital,00040,,HACEMOS POR NUESTRO PAIS,agrupacion,151,PROVISORIO,2023_GENERAL_santafe_presidente_mesa.csv
2023,GENERAL,2023-10-22,PRESIDENTE Y VICE,21,Santa Fe,1,La Capital,00040,,IMPUGNADO,impugnados,0,PROVISORIO,2023_GENERAL_santafe_presidente_mesa.csv
2023,GENERAL,2023-10-22,PRESIDENTE Y VICE,21,Santa Fe,1,La Capital,00040,,JUNTOS POR EL CAMBIO,agrupacion,1128,PROVISORIO,2023_GENERAL_santafe_presidente_mesa.csv
2023,GENERAL,2023-10-22,PRESIDENTE Y VICE,21,Santa Fe,1,La Capital,00040,,LA LIBERTAD AVANZA,agrupacion,645,PROVISORIO,2023_GENERAL_santafe_presidente_mesa.csv
2023,GENERAL,2023-10-22,PRESIDENTE Y VICE,21,Santa Fe,1,La Capital,00040,,NULO,nulos,13,PROVISORIO,2023_GENERAL_santafe_presidente_mesa.csv
2023,GENERAL,2023-10-22,PRESIDENTE Y VICE,21,Santa Fe,1,La Capital,00040,,RECURRIDO,recurridos,0,PROVISORIO,2023_GENERAL_santafe_presidente_mesa.csv
2023,GENERAL,2023-10-22,PRESIDENTE Y VICE,21,Santa Fe,1,La Capital,00040,,UNION POR LA PATRIA,agrupacion,503,PROVISORIO,2023_GENERAL_santafe_presidente_mesa.csv
2023,GENERAL,2023-10-22,PRESIDENTE Y VICE,21,Santa Fe,1,La Capital,00050,,COMANDO,comando,4,PROVISORIO,2023_GENERAL_santafe_presidente_mesa.csv
2023,GENERAL,2023-10-22,PRESIDENTE Y VICE,21,Santa Fe,1,La Capital,00050,,EN BLANCO,blancos,21,PROVISORIO,2023_GENERAL_santafe_presidente_mesa.csv
2023,GENERAL,2023-10-22,PRESIDENTE Y VICE,21,Santa Fe,1,La Capital,00050,,FRENTE DE IZQUIERDA Y DE TRABAJADORES - UNIDAD,agrupacion,54,PROVISORIO,2023_GENERAL_santafe_presidente_mesa.csv
2023,GENERAL,2023-10-22,PRESIDENTE Y VICE,21,Santa Fe,1,La Capital,00050,,HACEMOS POR NUESTRO PAIS,agrupacion,150,PROVISORIO,2023_GENERAL_santafe_presidente_mesa.csv
2023,GENERAL,2023-10-22,PRESIDENTE Y VICE,21,Santa Fe,1,La Capital,00050,,IMPUGNADO,impugnados,0,PROVISORIO,2023_GENERAL_santafe_presidente_mesa.csv
2023,GENERAL,2023-10-22,PRESIDENTE Y VICE,21,Santa Fe,1,La Capital,00050,,JUNTOS POR EL CAMBIO,agrupacion,1122,PROVISORIO,2023_GENERAL_santafe_presidente_mesa.csv
2023,GENERAL,2023-10-22,PRESIDENTE Y VICE,21,Santa Fe,1,La Capital,00050,,LA LIBERTAD AVANZA,agrupacion,563,PROVISORIO,2023_GENERAL_santafe_presidente_mesa.csv
2023,GENERAL,2023-10-22,PRESIDENTE Y VICE,21,Santa Fe,1,La Capital,00050,,NULO,nulos,6,PROVISORIO,2023_GENERAL_santafe_presidente_mesa.csv
2023,GENERAL,2023-10-22,PRESIDENTE Y VICE,21,Santa Fe,1,La Capital,00050,,RECURRIDO,recurridos,0,PROVISORIO,2023_GENERAL_santafe_presidente_mesa.csv
2023,GENERAL,2023-10-22,PRESIDENTE Y VICE,21,Santa Fe,1,La Capital,00050,,UNION POR LA PATRIA,agrupacion,467,PROVISORIO,2023_GENERAL_santafe_presidente_mesa.csv
2023,GENERAL,2023-10-22,PRESIDENTE Y VICE,21,Santa Fe,1,La Capital,00060,,COMANDO,comando,1,PROVISORIO,2023_GENERAL_santafe_presidente_mesa.csv
2023,GENERAL,2023-10-22,PRESIDENTE Y VICE,21,Santa Fe,1,La Capital,00060,,EN BLANCO,blancos,18,PROVISORIO,2023_GENERAL_santafe_presidente_mesa.csv
2023,GENERAL,2023-10-22,PRESIDENTE Y VICE,21,Santa Fe,1,La Capital,00060,,FRENTE DE IZQUIERDA Y DE TRABAJADORES - UNIDAD,agrupacion,40,PROVISORIO,2023_GENERAL_santafe_presidente_mesa.csv
2023,GENERAL,2023-10-22,PRESIDENTE Y VICE,21,Santa Fe,1,La Capital,00060,,HACEMOS POR NUESTRO PAIS,agrupacion,141,PROVISORIO,2023_GENERAL_santafe_presidente_mesa.csv
2023,GENERAL,2023-10-22,PRESIDENTE Y VICE,21,Santa Fe,1,La Capital,00060,,IMPUGNADO,impugnados,0,PROVISORIO,2023_GENERAL_santafe_presidente_mesa.csv
2023,GENERAL,2023-10-22,PRESIDENTE Y VICE,21,Santa Fe,1,La Capital,00060,,JUNTOS POR EL CAMBIO,agrupacion,986,PROVISORIO,2023_GENERAL_santafe_presidente_mesa.csv
2023,GENERAL,2023-10-22,PRESIDENTE Y VICE,21,Santa Fe,1,La Capital,00060,,LA LIBERTAD AVANZA,agrupacion,474,PROVISORIO,2023_GENERAL_santafe_presidente_mesa.csv
2023,GENERAL,2023-10-22,PRESIDENTE Y VICE,21,Santa Fe,1,La Capital,00060,,NULO,nulos,18,PROVISORIO,2023_GENERAL_santafe_presidente_mesa.csv
2023,GENERAL,2023-10-22,PRESIDENTE Y VICE,21,Santa Fe,1,La Capital,00060,,RECURRIDO,recurridos,0,PROVISORIO,2023_GENERAL_santafe_presidente_mesa.csv
2023,GENERAL,2023-10-22,PRESIDENTE Y VICE,21,Santa Fe,1,La Capital,00060,,UNION POR LA PATRIA,agrupacion,517,PROVISORIO,2023_GENERAL_santafe_presidente_mesa.csv
2023,GENERAL,2023-10-22,PRESIDENTE Y VICE,21,Santa Fe,1,La Capital,00070,,COMANDO,comando,2,PROVISORIO,2023_GENERAL_santafe_presidente_mesa.csv
2023,GENERAL,2023-10-22,PRESIDENTE Y VICE,21,Santa Fe,1,La Capital,00070,,EN BLANCO,blancos,74,PROVISORIO,2023_GENERAL_santafe_presidente_mesa.csv
2023,GENERAL,2023-10-22,PRESIDENTE Y VICE,21,Santa Fe,1,La Capital,00070,,FRENTE DE IZQUIERDA Y DE TRABAJADORES - UNIDAD,agrupacion,143,PROVISORIO,2023_GENERAL_santafe_presidente_mesa.csv
2023,GENERAL,2023-10-22,PRESIDENTE Y VICE,21,Santa Fe,1,La Capital,00070,,HACEMOS POR NUESTRO PAIS,agrupacion,603,PROVISORIO,2023_GENERAL_santafe_presidente_mesa.csv
2023,GENERAL,2023-10-22,PRESIDENTE Y VICE,21,Santa Fe,1,La Capital,00070,,IMPUGNADO,impugnados,4,PROVISORIO,2023_GENERAL_santafe_presidente_mesa.csv
2023,GENERAL,2023-10-22,PRESIDENTE Y VICE,21,Santa Fe,1,La Capital,00070,,JUNTOS POR EL CAMBIO,agrupacion,2183,PROVISORIO,2023_GENERAL_santafe_presidente_mesa.csv
2023,GENERAL,2023-10-22,PRESIDENTE Y VICE,21,Santa Fe,1,La Capital,00070,,LA LIBERTAD AVANZA,agrupacion,2181,PROVISORIO,2023_GENERAL_santafe_presidente_mesa.csv
2023,GENERAL,2023-10-22,PRESIDENTE Y VICE,21,Santa Fe,1,La Capital,00070,,NULO,nulos,162,PROVISORIO,2023_GENERAL_santafe_presidente_mesa.csv
2023,GENERAL,2023-10-22,PRESIDENTE Y VICE,21,Santa Fe,1,La Capital,00070,,RECURRIDO,recurridos,7,PROVISORIO,2023_GENERAL_santafe_presidente_mesa.csv
2023,GENERAL,2023-10-22,PRESIDENTE Y VICE,21,Santa Fe,1,La Capital,00070,,UNION POR LA PATRIA,agrupacion,3090,PROVISORIO,2023_GENERAL_santafe_presidente_mesa.csv
2023,GENERAL,2023-10-22,PRESIDENTE Y VICE,21,Santa Fe,1,La Capital,00080,,COMANDO,comando,5,PROVISORIO,2023_GENERAL_santafe_presidente_mesa.csv
2023,GENERAL,2023-10-22,PRESIDENTE Y VICE,21,Santa Fe,1,La Capital,00080,,EN BLANCO,blancos,53,PROVISORIO,2023_GENERAL_santafe_presidente_mesa.csv
2023,GENERAL,2023-10-22,PRESIDENTE Y VICE,21,Santa Fe,1,La Capital,00080,,FRENTE DE IZQUIERDA Y DE TRABAJADORES - UNIDAD,agrupacion,93,PROVISORIO,2023_GENERAL_santafe_presidente_mesa.csv
2023,GENERAL,2023-10-22,PRESIDENTE Y VICE,21,Santa Fe,1,La Capital,00080,,HACEMOS POR NUESTRO PAIS,agrupacion,379,PROVISORIO,2023_GENERAL_santafe_presidente_mesa.csv
2023,GENERAL,2023-10-22,PRESIDENTE Y VICE,21,Santa Fe,1,La Capital,00080,,IMPUGNADO,impugnados,0,PROVISORIO,2023_GENERAL_santafe_presidente_mesa.csv
2023,GENERAL,2023-10-22,PRESIDENTE Y VICE,21,Santa Fe,1,La Capital,00080,,JUNTOS POR EL CAMBIO,agrupacion,1709,PROVISORIO,2023_GENERAL_santafe_presidente_mesa.csv
2023,GENERAL,2023-10-22,PRESIDENTE Y VICE,21,Santa Fe,1,La Capital,00080,,LA LIBERTAD AVANZA,agrupacion,1329,PROVISORIO,2023_GENERAL_santafe_presidente_mesa.csv
2023,GENERAL,2023-10-22,PRESIDENTE Y VICE,21,Santa Fe,1,La Capital,00080,,NULO,nulos,52,PROVISORIO,2023_GENERAL_santafe_presidente_mesa.csv
2023,GENERAL,2023-10-22,PRESIDENTE Y VICE,21,Santa Fe,1,La Capital,00080,,RECURRIDO,recurridos,0,PROVISORIO,2023_GENERAL_santafe_presidente_mesa.csv
2023,GENERAL,2023-10-22,PRESIDENTE Y VICE,21,Santa Fe,1,La Capital,00080,,UNION POR LA PATRIA,agrupacion,1636,PROVISORIO,2023_GENERAL_santafe_presidente_mesa.csv
2023,GENERAL,2023-10-22,PRESIDENTE Y VICE,21,Santa Fe,1,La Capital,00090,,COMANDO,comando,4,PROVISORIO,2023_GENERAL_santafe_presidente_mesa.csv
2023,GENERAL,2023-10-22,PRESIDENTE Y VICE,21,Santa Fe,1,La Capital,00090,,EN BLANCO,blancos,55,PROVISORIO,2023_GENERAL_santafe_presidente_mesa.csv
2023,GENERAL,2023-10-22,PRESIDENTE Y VICE,21,Santa Fe,1,La Capital,00090,,FRENTE DE IZQUIERDA Y DE TRABAJADORES - UNIDAD,agrupacion,128,PROVISORIO,2023_GENERAL_santafe_presidente_mesa.csv
2023,GENERAL,2023-10-22,PRESIDENTE Y VICE,21,Santa Fe,1,La Capital,00090,,HACEMOS POR NUESTRO PAIS,agrupacion,427,PROVISORIO,2023_GENERAL_santafe_presidente_mesa.csv
2023,GENERAL,2023-10-22,PRESIDENTE Y VICE,21,Santa Fe,1,La Capital,00090,,IMPUGNADO,impugnados,1,PROVISORIO,2023_GENERAL_santafe_presidente_mesa.csv
2023,GENERAL,2023-10-22,PRESIDENTE Y VICE,21,Santa Fe,1,La Capital,00090,,JUNTOS POR EL CAMBIO,agrupacion,2952,PROVISORIO,2023_GENERAL_santafe_presidente_mesa.csv
2023,GENERAL,2023-10-22,PRESIDENTE Y VICE,21,Santa Fe,1,La Capital,00090,,LA LIBERTAD AVANZA,agrupacion,1518,PROVISORIO,2023_GENERAL_santafe_presidente_mesa.csv
2023,GENERAL,2023-10-22,PRESIDENTE Y VICE,21,Santa Fe,1,La Capital,00090,,NULO,nulos,43,PROVISORIO,2023_GENERAL_santafe_presidente_mesa.csv
2023,GENERAL,2023-10-22,PRESIDENTE Y VICE,21,Santa Fe,1,La Capital,00090,,RECURRIDO,recurridos,2,PROVISORIO,2023_GENERAL_santafe_presidente_mesa.csv
2023,GENERAL,2023-10-22,PRESIDENTE Y VICE,21,Santa Fe,1,La Capital,00090,,UNION POR LA PATRIA,agrupacion,1366,PROVISORIO,2023_GENERAL_santafe_presidente_mesa.csv
2023,GENERAL,2023-10-22,PRESIDENTE Y VICE,21,Santa Fe,1,La Capital,00100,,COMANDO,comando,3,PROVISORIO,2023_GENERAL_santafe_presidente_mesa.csv
2023,GENERAL,2023-10-22,PRESIDENTE Y VICE,21,Santa Fe,1,La Capital,00100,,EN BLANCO,blancos,59,PROVISORIO,2023_GENERAL_santafe_presidente_mesa.csv
2023,GENERAL,2023-10-22,PRESIDENTE Y VICE,21,Santa Fe,1,La Capital,00100,,FRENTE DE IZQUIERDA Y DE TRABAJADORES - UNIDAD,agrupacion,135,PROVISORIO,2023_GENERAL_santafe_presidente_mesa.csv
2023,GENERAL,2023-10-22,PRESIDENTE Y VICE,21,Santa Fe,1,La Capital,00100,,HACEMOS POR NUESTRO PAIS,agrupacion,477,PROVISORIO,2023_GENERAL_santafe_presidente_mesa.csv
2023,GENERAL,2023-10-22,PRESIDENTE Y VICE,21,Santa Fe,1,La Capital,00100,,IMPUGNADO,impugnados,0,PROVISORIO,2023_GENERAL_santafe_presidente_mesa.csv
2023,GENERAL,2023-10-22,PRESIDENTE Y VICE,21,Santa Fe,1,La Capital,00100,,JUNTOS POR EL CAMBIO,agrupacion,2950,PROVISORIO,2023_GENERAL_santafe_presidente_mesa.csv
2023,GENERAL,2023-10-22,PRESIDENTE Y VICE,21,Santa Fe,1,La Capital,00100,,LA LIBERTAD AVANZA,agrupacion,1663,PROVISORIO,2023_GENERAL_santafe_presidente_mesa.csv
2023,GENERAL,2023-10-22,PRESIDENTE Y VICE,21,Santa Fe,1,La Capital,00100,,NULO,nulos,59,PROVISORIO,2023_GENERAL_santafe_presidente_mesa.csv
2023,GENERAL,2023-10-22,PRESIDENTE Y VICE,21,Santa Fe,1,La Capital,00100,,RECURRIDO,recurridos,1,PROVISORIO,2023_GENERAL_santafe_presidente_mesa.csv
2023,GENERAL,2023-10-22,PRESIDENTE Y VICE,21,Santa Fe,1,La Capital,00100,,UNION POR LA PATRIA,agrupacion,1669,PROVISORIO,2023_GENERAL_santafe_presidente_mesa.csv
2023,GENERAL,2023-10-22,PRESIDENTE Y VICE,21,Santa Fe,1,La Capital,00110,,COMANDO,comando,3,PROVISORIO,2023_GENERAL_santafe_presidente_mesa.csv
2023,GENERAL,2023-10-22,PRESIDENTE Y VICE,21,Santa Fe,1,La Capital,00110,,EN BLANCO,blancos,34,PROVISORIO,2023_GENERAL_santafe_presidente_mesa.csv
2023,GENERAL,2023-10-22,PRESIDENTE Y VICE,21,Santa Fe,1,La Capital,00110,,FRENTE DE IZQUIERDA Y DE TRABAJADORES - UNIDAD,agrupacion,124,PROVISORIO,2023_GENERAL_santafe_presidente_mesa.csv
2023,GENERAL,2023-10-22,PRESIDENTE Y VICE,21,Santa Fe,1,La Capital,00110,,HACEMOS POR NUESTRO PAIS,agrupacion,390,PROVISORIO,2023_GENERAL_santafe_presidente_mesa.csv
2023,GENERAL,2023-10-22,PRESIDENTE Y VICE,21,Santa Fe,1,La Capital,00110,,IMPUGNADO,impugnados,0,PROVISORIO,2023_GENERAL_santafe_presidente_mesa.csv
2023,GENERAL,2023-10-22,PRESIDENTE Y VICE,21,Santa Fe,1,La Capital,00110,,JUNTOS POR EL CAMBIO,agrupacion,2097,PROVISORIO,2023_GENERAL_santafe_presidente_mesa.csv
2023,GENERAL,2023-10-22,PRESIDENTE Y VICE,21,Santa Fe,1,La Capital,00110,,LA LIBERTAD AVANZA,agrupacion,1513,PROVISORIO,2023_GENERAL_santafe_presidente_mesa.csv
2023,GENERAL,2023-10-22,PRESIDENTE Y VICE,21,Santa Fe,1,La Capital,00110,,NULO,nulos,40,PROVISORIO,2023_GENERAL_santafe_presidente_mesa.csv
2023,GENERAL,2023-10-22,PRESIDENTE Y VICE,21,Santa Fe,1,La Capital,00110,,RECURRIDO,recurridos,4,PROVISORIO,2023_GENERAL_santafe_presidente_mesa.csv
2023,GENERAL,2023-10-22,PRESIDENTE Y VICE,21,Santa Fe,1,La Capital,00110,,UNION POR LA PATRIA,agrupacion,1483,PROVISORIO,2023_GENERAL_santafe_presidente_mesa.csv
2023,GENERAL,2023-10-22,PRESIDENTE Y VICE,21,Santa Fe,1,La Capital,00115,,COMANDO,comando,5,PROVISORIO,2023_GENERAL_santafe_presidente_mesa.csv
2023,GENERAL,2023-10-22,PRESIDENTE Y VICE,21,Santa Fe,1,La Capital,00115,,EN BLANCO,blancos,81,PROVISORIO,2023_GENERAL_santafe_presidente_mesa.csv
2023,GENERAL,2023-10-22,PRESIDENTE Y VICE,21,Santa Fe,1,La Capital,00115,,FRENTE DE IZQUIERDA Y DE TRABAJADORES - UNIDAD,agrupacion,89,PROVISORIO,2023_GENERAL_santafe_presidente_mesa.csv
2023,GENERAL,2023-10-22,PRESIDENTE Y VICE,21,Santa Fe,1,La Capital,00115,,HACEMOS POR NUESTRO PAIS,agrupacion,336,PROVISORIO,2023_GENERAL_santafe_presidente_mesa.csv
2023,GENERAL,2023-10-22,PRESIDENTE Y VICE,21,Santa Fe,1,La Capital,00115,,IMPUGNADO,impugnados,0,PROVISORIO,2023_GENERAL_santafe_presidente_mesa.csv
2023,GENERAL,2023-10-22,PRESIDENTE Y VICE,21,Santa Fe,1,La Capital,00115,,JUNTOS POR EL CAMBIO,agrupacion,668,PROVISORIO,2023_GENERAL_santafe_presidente_mesa.csv
2023,GENERAL,2023-10-22,PRESIDENTE Y VICE,21,Santa Fe,1,La Capital,00115,,LA LIBERTAD AVANZA,agrupacion,1472,PROVISORIO,2023_GENERAL_santafe_presidente_mesa.csv
2023,GENERAL,2023-10-22,PRESIDENTE Y VICE,21,Santa Fe,1,La Capital,00115,,NULO,nulos,131,PROVISORIO,2023_GENERAL_santafe_presidente_mesa.csv
2023,GENERAL,2023-10-22,PRESIDENTE Y VICE,21,Santa Fe,1,La Capital,00115,,RECURRIDO,recurridos,0,PROVISORIO,2023_GENERAL_santafe_presidente_mesa.csv
2023,GENERAL,2023-10-22,PRESIDENTE Y VICE,21,Santa Fe,1,La Capital,00115,,UNION POR LA PATRIA,agrupacion,3147,PROVISORIO,2023_GENERAL_santafe_presidente_mesa.csv
2023,GENERAL,2023-10-22,PRESIDENTE Y VICE,21,Santa Fe,1,La Capital,00120,,COMANDO,comando,5,PROVISORIO,2023_GENERAL_santafe_presidente_mesa.csv
2023,GENERAL,2023-10-22,PRESIDENTE Y VICE,21,Santa Fe,1,La Capital,00120,,EN BLANCO,blancos,40,PROVISORIO,2023_GENERAL_santafe_presidente_mesa.csv
2023,GENERAL,2023-10-22,PRESIDENTE Y VICE,21,Santa Fe,1,La Capital,00120,,FRENTE DE IZQUIERDA Y DE TRABAJADORES - UNIDAD,agrupacion,123,PROVISORIO,2023_GENERAL_santafe_presidente_mesa.csv
2023,GENERAL,2023-10-22,PRESIDENTE Y VICE,21,Santa Fe,1,La Capital,00120,,HACEMOS POR NUESTRO PAIS,agrupacion,455,PROVISORIO,2023_GENERAL_santafe_presidente_mesa.csv
2023,GENERAL,2023-10-22,PRESIDENTE Y VICE,21,Santa Fe,1,La Capital,00120,,IMPUGNADO,impugnados,0,PROVISORIO,2023_GENERAL_santafe_presidente_mesa.csv
2023,GENERAL,2023-10-22,PRESIDENTE Y VICE,21,Santa Fe,1,La Capital,00120,,JUNTOS POR EL CAMBIO,agrupacion,2668,PROVISORIO,2023_GENERAL_santafe_presidente_mesa.csv
2023,GENERAL,2023-10-22,PRESIDENTE Y VICE,21,Santa Fe,1,La Capital,00120,,LA LIBERTAD AVANZA,agrupacion,1573,PROVISORIO,2023_GENERAL_santafe_presidente_mesa.csv
2023,GENERAL,2023-10-22,PRESIDENTE Y VICE,21,Santa Fe,1,La Capital,00120,,NULO,nulos,45,PROVISORIO,2023_GENERAL_santafe_presidente_mesa.csv
2023,GENERAL,2023-10-22,PRESIDENTE Y VICE,21,Santa Fe,1,La Capital,00120,,RECURRIDO,recurridos,2,PROVISORIO,2023_GENERAL_santafe_presidente_mesa.csv
2023,GENERAL,2023-10-22,PRESIDENTE Y VICE,21,Santa Fe,1,La Capital,00120,,UNION POR LA PATRIA,agrupacion,1468,PROVISORIO,2023_GENERAL_santafe_presidente_mesa.csv
2023,GENERAL,2023-10-22,PRESIDENTE Y VICE,21,Santa Fe,1,La Capital,00130,,COMANDO,comando,3,PROVISORIO,2023_GENERAL_santafe_presidente_mesa.csv
2023,GENERAL,2023-10-22,PRESIDENTE Y VICE,21,Santa Fe,1,La Capital,00130,,EN BLANCO,blancos,138,PROVISORIO,2023_GENERAL_santafe_presidente_mesa.csv
2023,GENERAL,2023-10-22,PRESIDENTE Y VICE,21,Santa Fe,1,La Capital,00130,,FRENTE DE IZQUIERDA Y DE TRABAJADORES - UNIDAD,agrupacion,229,PROVISORIO,2023_GENERAL_santafe_presidente_mesa.csv
2023,GENERAL,2023-10-22,PRESIDENTE Y VICE,21,Santa Fe,1,La Capital,00130,,HACEMOS POR NUESTRO PAIS,agrupacion,1000,PROVISORIO,2023_GENERAL_santafe_presidente_mesa.csv
2023,GENERAL,2023-10-22,PRESIDENTE Y VICE,21,Santa Fe,1,La Capital,00130,,IMPUGNADO,impugnados,0,PROVISORIO,2023_GENERAL_santafe_presidente_mesa.csv
2023,GENERAL,2023-10-22,PRESIDENTE Y VICE,21,Santa Fe,1,La Capital,00130,,JUNTOS POR EL CAMBIO,agrupacion,4347,PROVISORIO,2023_GENERAL_santafe_presidente_mesa.csv
2023,GENERAL,2023-10-22,PRESIDENTE Y VICE,21,Santa Fe,1,La Capital,00130,,LA LIBERTAD AVANZA,agrupacion,3317,PROVISORIO,2023_GENERAL_santafe_presidente_mesa.csv
2023,GENERAL,2023-10-22,PRESIDENTE Y VICE,21,Santa Fe,1,La Capital,00130,,NULO,nulos,119,PROVISORIO,2023_GENERAL_santafe_presidente_mesa.csv
2023,GENERAL,2023-10-22,PRESIDENTE Y VICE,21,Santa Fe,1,La Capital,00130,,RECURRIDO,recurridos,2,PROVISORIO,2023_GENERAL_santafe_presidente_mesa.csv
2023,GENERAL,2023-10-22,PRESIDENTE Y VICE,21,Santa Fe,1,La Capital,00130,,UNION POR LA PATRIA,agrupacion,3048,PROVISORIO,2023_GENERAL_santafe_presidente_mesa.csv
2023,GENERAL,2023-10-22,PRESIDENTE Y VICE,21,Santa Fe,1,La Capital,00140,,COMANDO,comando,3,PROVISORIO,2023_GENERAL_santafe_presidente_mesa.csv
2023,GENERAL,2023-10-22,PRESIDENTE Y VICE,21,Santa Fe,1,La Capital,00140,,EN BLANCO,blancos,72,PROVISORIO,2023_GENERAL_santafe_presidente_mesa.csv
2023,GENERAL,2023-10-22,PRESIDENTE Y VICE,21,Santa Fe,1,La Capital,00140,,FRENTE DE IZQUIERDA Y DE TRABAJADORES - UNIDAD,agrupacion,190,PROVISORIO,2023_GENERAL_santafe_presidente_mesa.csv
2023,GENERAL,2023-10-22,PRESIDENTE Y VICE,21,Santa Fe,1,La Capital,00140,,HACEMOS POR NUESTRO PAIS,agrupacion,848,PROVISORIO,2023_GENERAL_santafe_presidente_mesa.csv
2023,GENERAL,2023-10-22,PRESIDENTE Y VICE,21,Santa Fe,1,La Capital,00140,,IMPUGNADO,impugnados,0,PROVISORIO,2023_GENERAL_santafe_presidente_mesa.csv
2023,GENERAL,2023-10-22,PRESIDENTE Y VICE,21,Santa Fe,1,La Capital,00140,,JUNTOS POR EL CAMBIO,agrupacion,2912,PROVISORIO,2023_GENERAL_santafe_presidente_mesa.csv
2023,GENERAL,2023-10-22,PRESIDENTE Y VICE,21,Santa Fe,1,La Capital,00140,,LA LIBERTAD AVANZA,agrupacion,3183,PROVISORIO,2023_GENERAL_santafe_presidente_mesa.csv
2023,GENERAL,2023-10-22,PRESIDENTE Y VICE,21,Santa Fe,1,La Capital,00140,,NULO,nulos,120,PROVISORIO,2023_GENERAL_santafe_presidente_mesa.csv
2023,GENERAL,2023-10-22,PRESIDENTE Y VICE,21,Santa Fe,1,La Capital,00140,,RECURRIDO,recurridos,1,PROVISORIO,2023_GENERAL_santafe_presidente_mesa.csv
2023,GENERAL,2023-10-22,PRESIDENTE Y VICE,21,Santa Fe,1,La Capital,00140,,UNION POR LA PATRIA,agrupacion,3056,PROVISORIO,2023_GENERAL_santafe_presidente_mesa.csv
2023,GENERAL,2023-10-22,PRESIDENTE Y VICE,21,Santa Fe,1,La Capital,00142,,COMANDO,comando,6,PROVISORIO,2023_GENERAL_santafe_presidente_mesa.csv
2023,GENERAL,2023-10-22,PRESIDENTE Y VICE,21,Santa Fe,1,La Capital,00142,,EN BLANCO,blancos,40,PROVISORIO,2023_GENERAL_santafe_presidente_mesa.csv
2023,GENERAL,2023-10-22,PRESIDENTE Y VICE,21,Santa Fe,1,La Capital,00142,,FRENTE DE IZQUIERDA Y DE TRABAJADORES - UNIDAD,agrupacion,79,PROVISORIO,2023_GENERAL_santafe_presidente_mesa.csv
2023,GENERAL,2023-10-22,PRESIDENTE Y VICE,21,Santa Fe,1,La Capital,00142,,HACEMOS POR NUESTRO PAIS,agrupacion,314,PROVISORIO,2023_GENERAL_santafe_presidente_mesa.csv
2023,GENERAL,2023-10-22,PRESIDENTE Y VICE,21,Santa Fe,1,La Capital,00142,,IMPUGNADO,impugnados,0,PROVISORIO,2023_GENERAL_santafe_presidente_mesa.csv
2023,GENERAL,2023-10-22,PRESIDENTE Y VICE,21,Santa Fe,1,La Capital,00142,,JUNTOS POR EL CAMBIO,agrupacion,688,PROVISORIO,2023_GENERAL_santafe_presidente_mesa.csv
2023,GENERAL,2023-10-22,PRESIDENTE Y VICE,21,Santa Fe,1,La Capital,00142,,LA LIBERTAD AVANZA,agrupacion,1416,PROVISORIO,2023_GENERAL_santafe_presidente_mesa.csv
2023,GENERAL,2023-10-22,PRESIDENTE Y VICE,21,Santa Fe,1,La Capital,00142,,NULO,nulos,74,PROVISORIO,2023_GENERAL_santafe_presidente_mesa.csv
2023,GENERAL,2023-10-22,PRESIDENTE Y VICE,21,Santa Fe,1,La Capital,00142,,RECURRIDO,recurridos,0,PROVISORIO,2023_GENERAL_santafe_presidente_mesa.csv
2023,GENERAL,2023-10-22,PRESIDENTE Y VICE,21,Santa Fe,1,La Capital,00142,,UNION POR LA PATRIA,agrupacion,2602,PROVISORIO,2023_GENERAL_santafe_presidente_mesa.csv
2023,GENERAL,2023-10-22,PRESIDENTE Y VICE,21,Santa Fe,1,La Capital,00150,,COMANDO,comando,13,PROVISORIO,2023_GENERAL_santafe_presidente_mesa.csv
2023,GENERAL,2023-10-22,PRESIDENTE Y VICE,21,Santa Fe,1,La Capital,00150,,EN BLANCO,blancos,137,PROVISORIO,2023_GENERAL_santafe_presidente_mesa.csv
2023,GENERAL,2023-10-22,PRESIDENTE Y VICE,21,Santa Fe,1,La Capital,00150,,FRENTE DE IZQUIERDA Y DE TRABAJADORES - UNIDAD,agrupacion,237,PROVISORIO,2023_GENERAL_santafe_presidente_mesa.csv
2023,GENERAL,2023-10-22,PRESIDENTE Y VICE,21,Santa Fe,1,La Capital,00150,,HACEMOS POR NUESTRO PAIS,agrupacion,678,PROVISORIO,2023_GENERAL_santafe_presidente_mesa.csv
2023,GENERAL,2023-10-22,PRESIDENTE Y VICE,21,Santa Fe,1,La Capital,00150,,IMPUGNADO,impugnados,1,PROVISORIO,2023_GENERAL_santafe_presidente_mesa.csv
2023,GENERAL,2023-10-22,PRESIDENTE Y VICE,21,Santa Fe,1,La Capital,00150,,JUNTOS POR EL CAMBIO,agrupacion,1543,PROVISORIO,2023_GENERAL_santafe_presidente_mesa.csv
2023,GENERAL,2023-10-22,PRESIDENTE Y VICE,21,Santa Fe,1,La Capital,00150,,LA LIBERTAD AVANZA,agrupacion,3575,PROVISORIO,2023_GENERAL_santafe_presidente_mesa.csv
2023,GENERAL,2023-10-22,PRESIDENTE Y VICE,21,Santa Fe,1,La Capital,00150,,NULO,nulos,202,PROVISORIO,2023_GENERAL_santafe_presidente_mesa.csv
2023,GENERAL,2023-10-22,PRESIDENTE Y VICE,21,Santa Fe,1,La Capital,00150,,RECURRIDO,recurridos,3,PROVISORIO,2023_GENERAL_santafe_presidente_mesa.csv
2023,GENERAL,2023-10-22,PRESIDENTE Y VICE,21,Santa Fe,1,La Capital,00150,,UNION POR LA PATRIA,agrupacion,5160,PROVISORIO,2023_GENERAL_santafe_presidente_mesa.csv
2023,GENERAL,2023-10-22,PRESIDENTE Y VICE,21,Santa Fe,1,La Capital,00152,,COMANDO,comando,5,PROVISORIO,2023_GENERAL_santafe_presidente_mesa.csv
2023,GENERAL,2023-10-22,PRESIDENTE Y VICE,21,Santa Fe,1,La Capital,00152,,EN BLANCO,blancos,35,PROVISORIO,2023_GENERAL_santafe_presidente_mesa.csv
2023,GENERAL,2023-10-22,PRESIDENTE Y VICE,21,Santa Fe,1,La Capital,00152,,FRENTE DE IZQUIERDA Y DE TRABAJADORES - UNIDAD,agrupacion,102,PROVISORIO,2023_GENERAL_santafe_presidente_mesa.csv
2023,GENERAL,2023-10-22,PRESIDENTE Y VICE,21,Santa Fe,1,La Capital,00152,,HACEMOS POR NUESTRO PAIS,agrupacion,424,PROVISORIO,2023_GENERAL_santafe_presidente_mesa.csv
2023,GENERAL,2023-10-22,PRESIDENTE Y VICE,21,Santa Fe,1,La Capital,00152,,IMPUGNADO,impugnados,0,PROVISORIO,2023_GENERAL_santafe_presidente_mesa.csv
2023,GENERAL,2023-10-22,PRESIDENTE Y VICE,21,Santa Fe,1,La Capital,00152,,JUNTOS POR EL CAMBIO,agrupacion,704,PROVISORIO,2023_GENERAL_santafe_presidente_mesa.csv
2023,GENERAL,2023-10-22,PRESIDENTE Y VICE,21,Santa Fe,1,La Capital,00152,,LA LIBERTAD AVANZA,agrupacion,1586,PROVISORIO,2023_GENERAL_santafe_presidente_mesa.csv
2023,GENERAL,2023-10-22,PRESIDENTE Y VICE,21,Santa Fe,1,La Capital,00152,,NULO,nulos,81,PROVISORIO,2023_GENERAL_santafe_presidente_mesa.csv
2023,GENERAL,2023-10-22,PRESIDENTE Y VICE,21,Santa Fe,1,La Capital,00152,,RECURRIDO,recurridos,0,PROVISORIO,2023_GENERAL_santafe_presidente_mesa.csv
2023,GENERAL,2023-10-22,PRESIDENTE Y VICE,21,Santa Fe,1,La Capital,00152,,UNION POR LA PATRIA,agrupacion,1467,PROVISORIO,2023_GENERAL_santafe_presidente_mesa.csv
2023,GENERAL,2023-10-22,PRESIDENTE Y VICE,21,Santa Fe,1,La Capital,00160,,COMANDO,comando,10,PROVISORIO,2023_GENERAL_santafe_presidente_mesa.csv
2023,GENERAL,2023-10-22,PRESIDENTE Y VICE,21,Santa Fe,1,La Capital,00160,,EN BLANCO,blancos,134,PROVISORIO,2023_GENERAL_santafe_presidente_mesa.csv
2023,GENERAL,2023-10-22,PRESIDENTE Y VICE,21,Santa Fe,1,La Capital,00160,,FRENTE DE IZQUIERDA Y DE TRABAJADORES - UNIDAD,agrupacion,288,PROVISORIO,2023_GENERAL_santafe_presidente_mesa.csv
2023,GENERAL,2023-10-22,PRESIDENTE Y VICE,21,Santa Fe,1,La Capital,00160,,HACEMOS POR NUESTRO PAIS,agrupacion,1354,PROVISORIO,2023_GENERAL_santafe_presidente_mesa.csv
2023,GENERAL,2023-10-22,PRESIDENTE Y VICE,21,Santa Fe,1,La Capital,00160,,IMPUGNADO,impugnados,0,PROVISORIO,2023_GENERAL_santafe_presidente_mesa.csv
2023,GENERAL,2023-10-22,PRESIDENTE Y VICE,21,Santa Fe,1,La Capital,00160,,JUNTOS POR EL CAMBIO,agrupacion,3113,PROVISORIO,2023_GENERAL_santafe_presidente_mesa.csv
2023,GENERAL,2023-10-22,PRESIDENTE Y VICE,21,Santa Fe,1,La Capital,00160,,LA LIBERTAD AVANZA,agrupacion,5365,PROVISORIO,2023_GENERAL_santafe_presidente_mesa.csv
2023,GENERAL,2023-10-22,PRESIDENTE Y VICE,21,Santa Fe,1,La Capital,00160,,NULO,nulos,233,PROVISORIO,2023_GENERAL_santafe_presidente_mesa.csv
2023,GENERAL,2023-10-22,PRESIDENTE Y VICE,21,Santa Fe,1,La Capital,00160,,RECURRIDO,recurridos,1,PROVISORIO,2023_GENERAL_santafe_presidente_mesa.csv
2023,GENERAL,2023-10-22,PRESIDENTE Y VICE,21,Santa Fe,1,La Capital,00160,,UNION POR LA PATRIA,agrupacion,4366,PROVISORIO,2023_GENERAL_santafe_presidente_mesa.csv
2023,GENERAL,2023-10-22,PRESIDENTE Y VICE,21,Santa Fe,1,La Capital,00161,,COMANDO,comando,10,PROVISORIO,2023_GENERAL_santafe_presidente_mesa.csv
2023,GENERAL,2023-10-22,PRESIDENTE Y VICE,21,Santa Fe,1,La Capital,00161,,EN BLANCO,blancos,136,PROVISORIO,2023_GENERAL_santafe_presidente_mesa.csv
2023,GENERAL,2023-10-22,PRESIDENTE Y VICE,21,Santa Fe,1,La Capital,00161,,FRENTE DE IZQUIERDA Y DE TRABAJADORES - UNIDAD,agrupacion,283,PROVISORIO,2023_GENERAL_santafe_presidente_mesa.csv
2023,GENERAL,2023-10-22,PRESIDENTE Y VICE,21,Santa Fe,1,La Capital,00161,,HACEMOS POR NUESTRO PAIS,agrupacion,1081,PROVISORIO,2023_GENERAL_santafe_presidente_mesa.csv
2023,GENERAL,2023-10-22,PRESIDENTE Y VICE,21,Santa Fe,1,La Capital,00161,,IMPUGNADO,impugnados,0,PROVISORIO,2023_GENERAL_santafe_presidente_mesa.csv
2023,GENERAL,2023-10-22,PRESIDENTE Y VICE,21,Santa Fe,1,La Capital,00161,,JUNTOS POR EL CAMBIO,agrupacion,2340,PROVISORIO,2023_GENERAL_santafe_presidente_mesa.csv
2023,GENERAL,2023-10-22,PRESIDENTE Y VICE,21,Santa Fe,1,La Capital,00161,,LA LIBERTAD AVANZA,agrupacion,5238,PROVISORIO,2023_GENERAL_santafe_presidente_mesa.csv
2023,GENERAL,2023-10-22,PRESIDENTE Y VICE,21,Santa Fe,1,La Capital,00161,,NULO,nulos,335,PROVISORIO,2023_GENERAL_santafe_presidente_mesa.csv
2023,GENERAL,2023-10-22,PRESIDENTE Y VICE,21,Santa Fe,1,La Capital,00161,,RECURRIDO,recurridos,0,PROVISORIO,2023_GENERAL_santafe_presidente_mesa.csv
2023,GENERAL,2023-10-22,PRESIDENTE Y VICE,21,Santa Fe,1,La Capital,00161,,UNION POR LA PATRIA,agrupacion,6712,PROVISORIO,2023_GENERAL_santafe_presidente_mesa.csv
2023,GENERAL,2023-10-22,PRESIDENTE Y VICE,21,Santa Fe,1,La Capital,00162,,COMANDO,comando,13,PROVISORIO,2023_GENERAL_santafe_presidente_mesa.csv
2023,GENERAL,2023-10-22,PRESIDENTE Y VICE,21,Santa Fe,1,La Capital,00162,,EN BLANCO,blancos,84,PROVISORIO,2023_GENERAL_santafe_presidente_mesa.csv
2023,GENERAL,2023-10-22,PRESIDENTE Y VICE,21,Santa Fe,1,La Capital,00162,,FRENTE DE IZQUIERDA Y DE TRABAJADORES - UNIDAD,agrupacion,219,PROVISORIO,2023_GENERAL_santafe_presidente_mesa.csv
2023,GENERAL,2023-10-22,PRESIDENTE Y VICE,21,Santa Fe,1,La Capital,00162,,HACEMOS POR NUESTRO PAIS,agrupacion,1062,PROVISORIO,2023_GENERAL_santafe_presidente_mesa.csv
2023,GENERAL,2023-10-22,PRESIDENTE Y VICE,21,Santa Fe,1,La Capital,00162,,IMPUGNADO,impugnados,3,PROVISORIO,2023_GENERAL_santafe_presidente_mesa.csv
2023,GENERAL,2023-10-22,PRESIDENTE Y VICE,21,Santa Fe,1,La Capital,00162,,JUNTOS POR EL CAMBIO,agrupacion,2238,PROVISORIO,2023_GENERAL_santafe_presidente_mesa.csv
2023,GENERAL,2023-10-22,PRESIDENTE Y VICE,21,Santa Fe,1,La Capital,00162,,LA LIBERTAD AVANZA,agrupacion,4280,PROVISORIO,2023_GENERAL_santafe_presidente_mesa.csv
2023,GENERAL,2023-10-22,PRESIDENTE Y VICE,21,Santa Fe,1,La Capital,00162,,NULO,nulos,173,PROVISORIO,2023_GENERAL_santafe_presidente_mesa.csv
2023,GENERAL,2023-10-22,PRESIDENTE Y VICE,21,Santa Fe,1,La Capital,00162,,RECURRIDO,recurridos,0,PROVISORIO,2023_GENERAL_santafe_presidente_mesa.csv
2023,GENERAL,2023-10-22,PRESIDENTE Y VICE,21,Santa Fe,1,La Capital,00162,,UNION POR LA PATRIA,agrupacion,3157,PROVISORIO,2023_GENERAL_santafe_presidente_mesa.csv
2023,GENERAL,2023-10-22,PRESIDENTE Y VICE,21,Santa Fe,1,La Capital,00165,,COMANDO,comando,10,PROVISORIO,2023_GENERAL_santafe_presidente_mesa.csv
2023,GENERAL,2023-10-22,PRESIDENTE Y VICE,21,Santa Fe,1,La Capital,00165,,EN BLANCO,blancos,71,PROVISORIO,2023_GENERAL_santafe_presidente_mesa.csv
2023,GENERAL,2023-10-22,PRESIDENTE Y VICE,21,Santa Fe,1,La Capital,00165,,FRENTE DE IZQUIERDA Y DE TRABAJADORES - UNIDAD,agrupacion,235,PROVISORIO,2023_GENERAL_santafe_presidente_mesa.csv
2023,GENERAL,2023-10-22,PRESIDENTE Y VICE,21,Santa Fe,1,La Capital,00165,,HACEMOS POR NUESTRO PAIS,agrupacion,853,PROVISORIO,2023_GENERAL_santafe_presidente_mesa.csv
2023,GENERAL,2023-10-22,PRESIDENTE Y VICE,21,Santa Fe,1,La Capital,00165,,IMPUGNADO,impugnados,0,PROVISORIO,2023_GENERAL_santafe_presidente_mesa.csv
2023,GENERAL,2023-10-22,PRESIDENTE Y VICE,21,Santa Fe,1,La Capital,00165,,JUNTOS POR EL CAMBIO,agrupacion,3117,PROVISORIO,2023_GENERAL_santafe_presidente_mesa.csv
2023,GENERAL,2023-10-22,PRESIDENTE Y VICE,21,Santa Fe,1,La Capital,00165,,LA LIBERTAD AVANZA,agrupacion,3152,PROVISORIO,2023_GENERAL_santafe_presidente_mesa.csv
2023,GENERAL,2023-10-22,PRESIDENTE Y VICE,21,Santa Fe,1,La Capital,00165,,NULO,nulos,128,PROVISORIO,2023_GENERAL_santafe_presidente_mesa.csv
2023,GENERAL,2023-10-22,PRESIDENTE Y VICE,21,Santa Fe,1,La Capital,00165,,RECURRIDO,recurridos,1,PROVISORIO,2023_GENERAL_santafe_presidente_mesa.csv
2023,GENERAL,2023-10-22,PRESIDENTE Y VICE,21,Santa Fe,1,La Capital,00165,,UNION POR LA PATRIA,agrupacion,2589,PROVISORIO,2023_GENERAL_santafe_presidente_mesa.csv
2023,GENERAL,2023-10-22,PRESIDENTE Y VICE,21,Santa Fe,1,La Capital,00170,,COMANDO,comando,9,PROVISORIO,2023_GENERAL_santafe_presidente_mesa.csv
2023,GENERAL,2023-10-22,PRESIDENTE Y VICE,21,Santa Fe,1,La Capital,00170,,EN BLANCO,blancos,48,PROVISORIO,2023_GENERAL_santafe_presidente_mesa.csv
2023,GENERAL,2023-10-22,PRESIDENTE Y VICE,21,Santa Fe,1,La Capital,00170,,FRENTE DE IZQUIERDA Y DE TRABAJADORES - UNIDAD,agrupacion,110,PROVISORIO,2023_GENERAL_santafe_presidente_mesa.csv
2023,GENERAL,2023-10-22,PRESIDENTE Y VICE,21,Santa Fe,1,La Capital,00170,,HACEMOS POR NUESTRO PAIS,agrupacion,430,PROVISORIO,2023_GENERAL_santafe_presidente_mesa.csv
2023,GENERAL,2023-10-22,PRESIDENTE Y VICE,21,Santa Fe,1,La Capital,00170,,IMPUGNADO,impugnados,1,PROVISORIO,2023_GENERAL_santafe_presidente_mesa.csv
2023,GENERAL,2023-10-22,PRESIDENTE Y VICE,21,Santa Fe,1,La Capital,00170,,JUNTOS POR EL CAMBIO,agrupacion,3101,PROVISORIO,2023_GENERAL_santafe_presidente_mesa.csv
2023,GENERAL,2023-10-22,PRESIDENTE Y VICE,21,Santa Fe,1,La Capital,00170,,LA LIBERTAD AVANZA,agrupacion,1739,PROVISORIO,2023_GENERAL_santafe_presidente_mesa.csv
2023,GENERAL,2023-10-22,PRESIDENTE Y VICE,21,Santa Fe,1,La Capital,00170,,NULO,nulos,34,PROVISORIO,2023_GENERAL_santafe_presidente_mesa.csv
2023,GENERAL,2023-10-22,PRESIDENTE Y VICE,21,Santa Fe,1,La Capital,00170,,RECURRIDO,recurridos,0,PROVISORIO,2023_GENERAL_santafe_presidente_mesa.csv
2023,GENERAL,2023-10-22,PRESIDENTE Y VICE,21,Santa Fe,1,La Capital,00170,,UNION POR LA PATRIA,agrupacion,1379,PROVISORIO,2023_GENERAL_santafe_presidente_mesa.csv
2023,GENERAL,2023-10-22,PRESIDENTE Y VICE,21,Santa Fe,1,La Capital,00171,,COMANDO,comando,2,PROVISORIO,2023_GENERAL_santafe_presidente_mesa.csv
2023,GENERAL,2023-10-22,PRESIDENTE Y VICE,21,Santa Fe,1,La Capital,00171,,EN BLANCO,blancos,63,PROVISORIO,2023_GENERAL_santafe_presidente_mesa.csv
2023,GENERAL,2023-10-22,PRESIDENTE Y VICE,21,Santa Fe,1,La Capital,00171,,FRENTE DE IZQUIERDA Y DE TRABAJADORES - UNIDAD,agrupacion,125,PROVISORIO,2023_GENERAL_santafe_presidente_mesa.csv
2023,GENERAL,2023-10-22,PRESIDENTE Y VICE,21,Santa Fe,1,La Capital,00171,,HACEMOS POR NUESTRO PAIS,agrupacion,667,PROVISORIO,2023_GENERAL_santafe_presidente_mesa.csv
2023,GENERAL,2023-10-22,PRESIDENTE Y VICE,21,Santa Fe,1,La Capital,00171,,IMPUGNADO,impugnados,0,PROVISORIO,2023_GENERAL_santafe_presidente_mesa.csv
2023,GENERAL,2023-10-22,PRESIDENTE Y VICE,21,Santa Fe,1,La Capital,00171,,JUNTOS POR EL CAMBIO,agrupacion,2001,PROVISORIO,2023_GENERAL_santafe_presidente_mesa.csv
2023,GENERAL,2023-10-22,PRESIDENTE Y VICE,21,Santa Fe,1,La Capital,00171,,LA LIBERTAD AVANZA,agrupacion,2491,PROVISORIO,2023_GENERAL_santafe_presidente_mesa.csv
2023,GENERAL,2023-10-22,PRESIDENTE Y VICE,21,Santa Fe,1,La Capital,00171,,NULO,nulos,111,PROVISORIO,2023_GENERAL_santafe_presidente_mesa.csv
2023,GENERAL,2023-10-22,PRESIDENTE Y VICE,21,Santa Fe,1,La Capital,00171,,RECURRIDO,recurridos,0,PROVISORIO,2023_GENERAL_santafe_presidente_mesa.csv
2023,GENERAL,2023-10-22,PRESIDENTE Y VICE,21,Santa Fe,1,La Capital,00171,,UNION POR LA PATRIA,agrupacion,2446,PROVISORIO,2023_GENERAL_santafe_presidente_mesa.csv
2023,GENERAL,2023-10-22,PRESIDENTE Y VICE,21,Santa Fe,1,La Capital,00172,,COMANDO,comando,3,PROVISORIO,2023_GENERAL_santafe_presidente_mesa.csv
2023,GENERAL,2023-10-22,PRESIDENTE Y VICE,21,Santa Fe,1,La Capital,00172,,EN BLANCO,blancos,47,PROVISORIO,2023_GENERAL_santafe_presidente_mesa.csv
2023,GENERAL,2023-10-22,PRESIDENTE Y VICE,21,Santa Fe,1,La Capital,00172,,FRENTE DE IZQUIERDA Y DE TRABAJADORES - UNIDAD,agrupacion,167,PROVISORIO,2023_GENERAL_santafe_presidente_mesa.csv
2023,GENERAL,2023-10-22,PRESIDENTE Y VICE,21,Santa Fe,1,La Capital,00172,,HACEMOS POR NUESTRO PAIS,agrupacion,496,PROVISORIO,2023_GENERAL_santafe_presidente_mesa.csv
2023,GENERAL,2023-10-22,PRESIDENTE Y VICE,21,Santa Fe,1,La Capital,00172,,IMPUGNADO,impugnados,1,PROVISORIO,2023_GENERAL_santafe_presidente_mesa.csv
2023,GENERAL,2023-10-22,PRESIDENTE Y VICE,21,Santa Fe,1,La Capital,00172,,JUNTOS POR EL CAMBIO,agrupacion,1206,PROVISORIO,2023_GENERAL_santafe_presidente_mesa.csv
2023,GENERAL,2023-10-22,PRESIDENTE Y VICE,21,Santa Fe,1,La Capital,00172,,LA LIBERTAD AVANZA,agrupacion,1887,PROVISORIO,2023_GENERAL_santafe_presidente_mesa.csv
2023,GENERAL,2023-10-22,PRESIDENTE Y VICE,21,Santa Fe,1,La Capital,00172,,NULO,nulos,63,PROVISORIO,2023_GENERAL_santafe_presidente_mesa.csv
2023,GENERAL,2023-10-22,PRESIDENTE Y VICE,21,Santa Fe,1,La Capital,00172,,RECURRIDO,recurridos,0,PROVISORIO,2023_GENERAL_santafe_presidente_mesa.csv
2023,GENERAL,2023-10-22,PRESIDENTE Y VICE,21,Santa Fe,1,La Capital,00172,,UNION POR LA PATRIA,agrupacion,1389,PROVISORIO,2023_GENERAL_santafe_presidente_mesa.csv
2023,GENERAL,2023-10-22,PRESIDENTE Y VICE,21,Santa Fe,1,La Capital,00175,,COMANDO,comando,19,PROVISORIO,2023_GENERAL_santafe_presidente_mesa.csv
2023,GENERAL,2023-10-22,PRESIDENTE Y VICE,21,Santa Fe,1,La Capital,00175,,EN BLANCO,blancos,172,PROVISORIO,2023_GENERAL_santafe_presidente_mesa.csv
2023,GENERAL,2023-10-22,PRESIDENTE Y VICE,21,Santa Fe,1,La Capital,00175,,FRENTE DE IZQUIERDA Y DE TRABAJADORES - UNIDAD,agrupacion,430,PROVISORIO,2023_GENERAL_santafe_presidente_mesa.csv
2023,GENERAL,2023-10-22,PRESIDENTE Y VICE,21,Santa Fe,1,La Capital,00175,,HACEMOS POR NUESTRO PAIS,agrupacion,1810,PROVISORIO,2023_GENERAL_santafe_presidente_mesa.csv
2023,GENERAL,2023-10-22,PRESIDENTE Y VICE,21,Santa Fe,1,La Capital,00175,,IMPUGNADO,impugnados,0,PROVISORIO,2023_GENERAL_santafe_presidente_mesa.csv
2023,GENERAL,2023-10-22,PRESIDENTE Y VICE,21,Santa Fe,1,La Capital,00175,,JUNTOS POR EL CAMBIO,agrupacion,5961,PROVISORIO,2023_GENERAL_santafe_presidente_mesa.csv
2023,GENERAL,2023-10-22,PRESIDENTE Y VICE,21,Santa Fe,1,La Capital,00175,,LA LIBERTAD AVANZA,agrupacion,6654,PROVISORIO,2023_GENERAL_santafe_presidente_mesa.csv
2023,GENERAL,2023-10-22,PRESIDENTE Y VICE,21,Santa Fe,1,La Capital,00175,,NULO,nulos,327,PROVISORIO,2023_GENERAL_santafe_presidente_mesa.csv
2023,GENERAL,2023-10-22,PRESIDENTE Y VICE,21,Santa Fe,1,La Capital,00175,,RECURRIDO,recurridos,2,PROVISORIO,2023_GENERAL_santafe_presidente_mesa.csv
2023,GENERAL,2023-10-22,PRESIDENTE Y VICE,21,Santa Fe,1,La Capital,00175,,UNION POR LA PATRIA,agrupacion,5621,PROVISORIO,2023_GENERAL_santafe_presidente_mesa.csv
2023,GENERAL,2023-10-22,PRESIDENTE Y VICE,21,Santa Fe,1,La Capital,00180,,COMANDO,comando,9,PROVISORIO,2023_GENERAL_santafe_presidente_mesa.csv
2023,GENERAL,2023-10-22,PRESIDENTE Y VICE,21,Santa Fe,1,La Capital,00180,,EN BLANCO,blancos,82,PROVISORIO,2023_GENERAL_santafe_presidente_mesa.csv
2023,GENERAL,2023-10-22,PRESIDENTE Y VICE,21,Santa Fe,1,La Capital,00180,,FRENTE DE IZQUIERDA Y DE TRABAJADORES - UNIDAD,agrupacion,109,PROVISORIO,2023_GENERAL_santafe_presidente_mesa.csv
2023,GENERAL,2023-10-22,PRESIDENTE Y VICE,21,Santa Fe,1,La Capital,00180,,HACEMOS POR NUESTRO PAIS,agrupacion,490,PROVISORIO,2023_GENERAL_santafe_presidente_mesa.csv
2023,GENERAL,2023-10-22,PRESIDENTE Y VICE,21,Santa Fe,1,La Capital,00180,,IMPUGNADO,impugnados,0,PROVISORIO,2023_GENERAL_santafe_presidente_mesa.csv
2023,GENERAL,2023-10-22,PRESIDENTE Y VICE,21,Santa Fe,1,La Capital,00180,,JUNTOS POR EL CAMBIO,agrupacion,1243,PROVISORIO,2023_GENERAL_santafe_presidente_mesa.csv
2023,GENERAL,2023-10-22,PRESIDENTE Y VICE,21,Santa Fe,1,La Capital,00180,,LA LIBERTAD AVANZA,agrupacion,1611,PROVISORIO,2023_GENERAL_santafe_presidente_mesa.csv
2023,GENERAL,2023-10-22,PRESIDENTE Y VICE,21,Santa Fe,1,La Capital,00180,,NULO,nulos,94,PROVISORIO,2023_GENERAL_santafe_presidente_mesa.csv
2023,GENERAL,2023-10-22,PRESIDENTE Y VICE,21,Santa Fe,1,La Capital,00180,,RECURRIDO,recurridos,2,PROVISORIO,2023_GENERAL_santafe_presidente_mesa.csv
2023,GENERAL,2023-10-22,PRESIDENTE Y VICE,21,Santa Fe,1,La Capital,00180,,UNION POR LA PATRIA,agrupacion,2208,PROVISORIO,2023_GENERAL_santafe_presidente_mesa.csv
2023,GENERAL,2023-10-22,PRESIDENTE Y VICE,21,Santa Fe,1,La Capital,00185,,COMANDO,comando,0,PROVISORIO,2023_GENERAL_santafe_presidente_mesa.csv
2023,GENERAL,2023-10-22,PRESIDENTE Y VICE,21,Santa Fe,1,La Capital,00185,,EN BLANCO,blancos,34,PROVISORIO,2023_GENERAL_santafe_presidente_mesa.csv
2023,GENERAL,2023-10-22,PRESIDENTE Y VICE,21,Santa Fe,1,La Capital,00185,,FRENTE DE IZQUIERDA Y DE TRABAJADORES - UNIDAD,agrupacion,92,PROVISORIO,2023_GENERAL_santafe_presidente_mesa.csv
2023,GENERAL,2023-10-22,PRESIDENTE Y VICE,21,Santa Fe,1,La Capital,00185,,HACEMOS POR NUESTRO PAIS,agrupacion,411,PROVISORIO,2023_GENERAL_santafe_presidente_mesa.csv
2023,GENERAL,2023-10-22,PRESIDENTE Y VICE,21,Santa Fe,1,La Capital,00185,,IMPUGNADO,impugnados,0,PROVISORIO,2023_GENERAL_santafe_presidente_mesa.csv
2023,GENERAL,2023-10-22,PRESIDENTE Y VICE,21,Santa Fe,1,La Capital,00185,,JUNTOS POR EL CAMBIO,agrupacion,2163,PROVISORIO,2023_GENERAL_santafe_presidente_mesa.csv
2023,GENERAL,2023-10-22,PRESIDENTE Y VICE,21,Santa Fe,1,La Capital,00185,,LA LIBERTAD AVANZA,agrupacion,1396,PROVISORIO,2023_GENERAL_santafe_presidente_mesa.csv
2023,GENERAL,2023-10-22,PRESIDENTE Y VICE,21,Santa Fe,1,La Capital,00185,,NULO,nulos,35,PROVISORIO,2023_GENERAL_santafe_presidente_mesa.csv
2023,GENERAL,2023-10-22,PRESIDENTE Y VICE,21,Santa Fe,1,La Capital,00185,,RECURRIDO,recurridos,1,PROVISORIO,2023_GENERAL_santafe_presidente_mesa.csv
2023,GENERAL,2023-10-22,PRESIDENTE Y VICE,21,Santa Fe,1,La Capital,00185,,UNION POR LA PATRIA,agrupacion,1301,PROVISORIO,2023_GENERAL_santafe_presidente_mesa.csv
2023,GENERAL,2023-10-22,PRESIDENTE Y VICE,21,Santa Fe,1,La Capital,00190,,COMANDO,comando,1,PROVISORIO,2023_GENERAL_santafe_presidente_mesa.csv
2023,GENERAL,2023-10-22,PRESIDENTE Y VICE,21,Santa Fe,1,La Capital,00190,,EN BLANCO,blancos,24,PROVISORIO,2023_GENERAL_santafe_presidente_mesa.csv
2023,GENERAL,2023-10-22,PRESIDENTE Y VICE,21,Santa Fe,1,La Capital,00190,,FRENTE DE IZQUIERDA Y DE TRABAJADORES - UNIDAD,agrupacion,61,PROVISORIO,2023_GENERAL_santafe_presidente_mesa.csv
2023,GENERAL,2023-10-22,PRESIDENTE Y VICE,21,Santa Fe,1,La Capital,00190,,HACEMOS POR NUESTRO PAIS,agrupacion,256,PROVISORIO,2023_GENERAL_santafe_presidente_mesa.csv
2023,GENERAL,2023-10-22,PRESIDENTE Y VICE,21,Santa Fe,1,La Capital,00190,,IMPUGNADO,impugnados,0,PROVISORIO,2023_GENERAL_santafe_presidente_mesa.csv
2023,GENERAL,2023-10-22,PRESIDENTE Y VICE,21,Santa Fe,1,La Capital,00190,,JUNTOS POR EL CAMBIO,agrupacion,793,PROVISORIO,2023_GENERAL_santafe_presidente_mesa.csv
2023,GENERAL,2023-10-22,PRESIDENTE Y VICE,21,Santa Fe,1,La Capital,00190,,LA LIBERTAD AVANZA,agrupacion,938,PROVISORIO,2023_GENERAL_santafe_presidente_mesa.csv
2023,GENERAL,2023-10-22,PRESIDENTE Y VICE,21,Santa Fe,1,La Capital,00190,,NULO,nulos,35,PROVISORIO,2023_GENERAL_santafe_presidente_mesa.csv
2023,GENERAL,2023-10-22,PRESIDENTE Y VICE,21,Santa Fe,1,La Capital,00190,,RECURRIDO,recurridos,1,PROVISORIO,2023_GENERAL_santafe_presidente_mesa.csv
2023,GENERAL,2023-10-22,PRESIDENTE Y VICE,21,Santa Fe,1,La Capital,00190,,UNION POR LA PATRIA,agrupacion,1195,PROVISORIO,2023_GENERAL_santafe_presidente_mesa.csv
2023,GENERAL,2023-10-22,PRESIDENTE Y VICE,21,Santa Fe,1,La Capital,00192,,COMANDO,comando,8,PROVISORIO,2023_GENERAL_santafe_presidente_mesa.csv
2023,GENERAL,2023-10-22,PRESIDENTE Y VICE,21,Santa Fe,1,La Capital,00192,,EN BLANCO,blancos,40,PROVISORIO,2023_GENERAL_santafe_presidente_mesa.csv
2023,GENERAL,2023-10-22,PRESIDENTE Y VICE,21,Santa Fe,1,La Capital,00192,,FRENTE DE IZQUIERDA Y DE TRABAJADORES - UNIDAD,agrupacion,71,PROVISORIO,2023_GENERAL_santafe_presidente_mesa.csv
2023,GENERAL,2023-10-22,PRESIDENTE Y VICE,21,Santa Fe,1,La Capital,00192,,HACEMOS POR NUESTRO PAIS,agrupacion,249,PROVISORIO,2023_GENERAL_santafe_presidente_mesa.csv
2023,GENERAL,2023-10-22,PRESIDENTE Y VICE,21,Santa Fe,1,La Capital,00192,,IMPUGNADO,impugnados,0,PROVISORIO,2023_GENERAL_santafe_presidente_mesa.csv
2023,GENERAL,2023-10-22,PRESIDENTE Y VICE,21,Santa Fe,1,La Capital,00192,,JUNTOS POR EL CAMBIO,agrupacion,531,PROVISORIO,2023_GENERAL_santafe_presidente_mesa.csv
2023,GENERAL,2023-10-22,PRESIDENTE Y VICE,21,Santa Fe,1,La Capital,00192,,LA LIBERTAD AVANZA,agrupacion,993,PROVISORIO,2023_GENERAL_santafe_presidente_mesa.csv
2023,GENERAL,2023-10-22,PRESIDENTE Y VICE,21,Santa Fe,1,La Capital,00192,,NULO,nulos,78,PROVISORIO,2023_GENERAL_santafe_presidente_mesa.csv
2023,GENERAL,2023-10-22,PRESIDENTE Y VICE,21,Santa Fe,1,La Capital,00192,,RECURRIDO,recurridos,0,PROVISORIO,2023_GENERAL_santafe_presidente_mesa.csv
2023,GENERAL,2023-10-22,PRESIDENTE Y VICE,21,Santa Fe,1,La Capital,00192,,UNION POR LA PATRIA,agrupacion,2393,PROVISORIO,2023_GENERAL_santafe_presidente_mesa.csv
2023,GENERAL,2023-10-22,PRESIDENTE Y VICE,21,Santa Fe,1,La Capital,00194,,COMANDO,comando,3,PROVISORIO,2023_GENERAL_santafe_presidente_mesa.csv
2023,GENERAL,2023-10-22,PRESIDENTE Y VICE,21,Santa Fe,1,La Capital,00194,,EN BLANCO,blancos,40,PROVISORIO,2023_GENERAL_santafe_presidente_mesa.csv
2023,GENERAL,2023-10-22,PRESIDENTE Y VICE,21,Santa Fe,1,La Capital,00194,,FRENTE DE IZQUIERDA Y DE TRABAJADORES - UNIDAD,agrupacion,99,PROVISORIO,2023_GENERAL_santafe_presidente_mesa.csv
2023,GENERAL,2023-10-22,PRESIDENTE Y VICE,21,Santa Fe,1,La Capital,00194,,HACEMOS POR NUESTRO PAIS,agrupacion,352,PROVISORIO,2023_GENERAL_santafe_presidente_mesa.csv
2023,GENERAL,2023-10-22,PRESIDENTE Y VICE,21,Santa Fe,1,La Capital,00194,,IMPUGNADO,impugnados,0,PROVISORIO,2023_GENERAL_santafe_presidente_mesa.csv
2023,GENERAL,2023-10-22,PRESIDENTE Y VICE,21,Santa Fe,1,La Capital,00194,,JUNTOS POR EL CAMBIO,agrupacion,1229,PROVISORIO,2023_GENERAL_santafe_presidente_mesa.csv
2023,GENERAL,2023-10-22,PRESIDENTE Y VICE,21,Santa Fe,1,La Capital,00194,,LA LIBERTAD AVANZA,agrupacion,1288,PROVISORIO,2023_GENERAL_santafe_presidente_mesa.csv
2023,GENERAL,2023-10-22,PRESIDENTE Y VICE,21,Santa Fe,1,La Capital,00194,,NULO,nulos,64,PROVISORIO,2023_GENERAL_santafe_presidente_mesa.csv
2023,GENERAL,2023-10-22,PRESIDENTE Y VICE,21,Santa Fe,1,La Capital,00194,,RECURRIDO,recurridos,0,PROVISORIO,2023_GENERAL_santafe_presidente_mesa.csv
2023,GENERAL,2023-10-22,PRESIDENTE Y VICE,21,Santa Fe,1,La Capital,00194,,UNION POR LA PATRIA,agrupacion,1402,PROVISORIO,2023_GENERAL_santafe_presidente_mesa.csv
2023,GENERAL,2023-10-22,PRESIDENTE Y VICE,21,Santa Fe,1,La Capital,00196,,COMANDO,comando,0,PROVISORIO,2023_GENERAL_santafe_presidente_mesa.csv
2023,GENERAL,2023-10-22,PRESIDENTE Y VICE,21,Santa Fe,1,La Capital,00196,,EN BLANCO,blancos,9,PROVISORIO,2023_GENERAL_santafe_presidente_mesa.csv
2023,GENERAL,2023-10-22,PRESIDENTE Y VICE,21,Santa Fe,1,La Capital,00196,,FRENTE DE IZQUIERDA Y DE TRABAJADORES - UNIDAD,agrupacion,28,PROVISORIO,2023_GENERAL_santafe_presidente_mesa.csv
2023,GENERAL,2023-10-22,PRESIDENTE Y VICE,21,Santa Fe,1,La Capital,00196,,HACEMOS POR NUESTRO PAIS,agrupacion,80,PROVISORIO,2023_GENERAL_santafe_presidente_mesa.csv
2023,GENERAL,2023-10-22,PRESIDENTE Y VICE,21,Santa Fe,1,La Capital,00196,,IMPUGNADO,impugnados,0,PROVISORIO,2023_GENERAL_santafe_presidente_mesa.csv
2023,GENERAL,2023-10-22,PRESIDENTE Y VICE,21,Santa Fe,1,La Capital,00196,,JUNTOS POR EL CAMBIO,agrupacion,233,PROVISORIO,2023_GENERAL_santafe_presidente_mesa.csv
2023,GENERAL,2023-10-22,PRESIDENTE Y VICE,21,Santa Fe,1,La Capital,00196,,LA LIBERTAD AVANZA,agrupacion,320,PROVISORIO,2023_GENERAL_santafe_presidente_mesa.csv
2023,GENERAL,2023-10-22,PRESIDENTE Y VICE,21,Santa Fe,1,La Capital,00196,,NULO,nulos,18,PROVISORIO,2023_GENERAL_santafe_presidente_mesa.csv
2023,GENERAL,2023-10-22,PRESIDENTE Y VICE,21,Santa Fe,1,La Capital,00196,,RECURRIDO,recurridos,0,PROVISORIO,2023_GENERAL_santafe_presidente_mesa.csv
2023,GENERAL,2023-10-22,PRESIDENTE Y VICE,21,Santa Fe,1,La Capital,00196,,UNION POR LA PATRIA,agrupacion,568,PROVISORIO,2023_GENERAL_santafe_presidente_mesa.csv
2023,GENERAL,2023-10-22,PRESIDENTE Y VICE,21,Santa Fe,1,La Capital,00200,,COMANDO,comando,0,PROVISORIO,2023_GENERAL_santafe_presidente_mesa.csv
2023,GENERAL,2023-10-22,PRESIDENTE Y VICE,21,Santa Fe,1,La Capital,00200,,EN BLANCO,blancos,104,PROVISORIO,2023_GENERAL_santafe_presidente_mesa.csv
2023,GENERAL,2023-10-22,PRESIDENTE Y VICE,21,Santa Fe,1,La Capital,00200,,FRENTE DE IZQUIERDA Y DE TRABAJADORES - UNIDAD,agrupacion,256,PROVISORIO,2023_GENERAL_santafe_presidente_mesa.csv
2023,GENERAL,2023-10-22,PRESIDENTE Y VICE,21,Santa Fe,1,La Capital,00200,,HACEMOS POR NUESTRO PAIS,agrupacion,1426,PROVISORIO,2023_GENERAL_santafe_presidente_mesa.csv
2023,GENERAL,2023-10-22,PRESIDENTE Y VICE,21,Santa Fe,1,La Capital,00200,,IMPUGNADO,impugnados,1,PROVISORIO,2023_GENERAL_santafe_presidente_mesa.csv
2023,GENERAL,2023-10-22,PRESIDENTE Y VICE,21,Santa Fe,1,La Capital,00200,,JUNTOS POR EL CAMBIO,agrupacion,4853,PROVISORIO,2023_GENERAL_santafe_presidente_mesa.csv
2023,GENERAL,2023-10-22,PRESIDENTE Y VICE,21,Santa Fe,1,La Capital,00200,,LA LIBERTAD AVANZA,agrupacion,5048,PROVISORIO,2023_GENERAL_santafe_presidente_mesa.csv
2023,GENERAL,2023-10-22,PRESIDENTE Y VICE,21,Santa Fe,1,La Capital,00200,,NULO,nulos,147,PROVISORIO,2023_GENERAL_santafe_presidente_mesa.csv
2023,GENERAL,2023-10-22,PRESIDENTE Y VICE,21,Santa Fe,1,La Capital,00200,,RECURRIDO,recurridos,3,PROVISORIO,2023_GENERAL_santafe_presidente_mesa.csv
2023,GENERAL,2023-10-22,PRESIDENTE Y VICE,21,Santa Fe,1,La Capital,00200,,UNION POR LA PATRIA,agrupacion,3949,PROVISORIO,2023_GENERAL_santafe_presidente_mesa.csv
2023,GENERAL,2023-10-22,PRESIDENTE Y VICE,21,Santa Fe,1,La Capital,00202,,COMANDO,comando,1,PROVISORIO,2023_GENERAL_santafe_presidente_mesa.csv
2023,GENERAL,2023-10-22,PRESIDENTE Y VICE,21,Santa Fe,1,La Capital,00202,,EN BLANCO,blancos,120,PROVISORIO,2023_GENERAL_santafe_presidente_mesa.csv
2023,GENERAL,2023-10-22,PRESIDENTE Y VICE,21,Santa Fe,1,La Capital,00202,,FRENTE DE IZQUIERDA Y DE TRABAJADORES - UNIDAD,agrupacion,290,PROVISORIO,2023_GENERAL_santafe_presidente_mesa.csv
2023,GENERAL,2023-10-22,PRESIDENTE Y VICE,21,Santa Fe,1,La Capital,00202,,HACEMOS POR NUESTRO PAIS,agrupacion,1849,PROVISORIO,2023_GENERAL_santafe_presidente_mesa.csv
2023,GENERAL,2023-10-22,PRESIDENTE Y VICE,21,Santa Fe,1,La Capital,00202,,IMPUGNADO,impugnados,0,PROVISORIO,2023_GENERAL_santafe_presidente_mesa.csv
2023,GENERAL,2023-10-22,PRESIDENTE Y VICE,21,Santa Fe,1,La Capital,00202,,JUNTOS POR EL CAMBIO,agrupacion,5399,PROVISORIO,2023_GENERAL_santafe_presidente_mesa.csv
2023,GENERAL,2023-10-22,PRESIDENTE Y VICE,21,Santa Fe,1,La Capital,00202,,LA LIBERTAD AVANZA,agrupacion,6094,PROVISORIO,2023_GENERAL_santafe_presidente_mesa.csv
2023,GENERAL,2023-10-22,PRESIDENTE Y VICE,21,Santa Fe,1,La Capital,00202,,NULO,nulos,203,PROVISORIO,2023_GENERAL_santafe_presidente_mesa.csv
2023,GENERAL,2023-10-22,PRESIDENTE Y VICE,21,Santa Fe,1,La Capital,00202,,RECURRIDO,recurridos,3,PROVISORIO,2023_GENERAL_santafe_presidente_mesa.csv
2023,GENERAL,2023-10-22,PRESIDENTE Y VICE,21,Santa Fe,1,La Capital,00202,,UNION POR LA PATRIA,agrupacion,4256,PROVISORIO,2023_GENERAL_santafe_presidente_mesa.csv
2023,GENERAL,2023-10-22,PRESIDENTE Y VICE,21,Santa Fe,1,La Capital,00204,,COMANDO,comando,0,PROVISORIO,2023_GENERAL_santafe_presidente_mesa.csv
2023,GENERAL,2023-10-22,PRESIDENTE Y VICE,21,Santa Fe,1,La Capital,00204,,EN BLANCO,blancos,67,PROVISORIO,2023_GENERAL_santafe_presidente_mesa.csv
2023,GENERAL,2023-10-22,PRESIDENTE Y VICE,21,Santa Fe,1,La Capital,00204,,FRENTE DE IZQUIERDA Y DE TRABAJADORES - UNIDAD,agrupacion,125,PROVISORIO,2023_GENERAL_santafe_presidente_mesa.csv
2023,GENERAL,2023-10-22,PRESIDENTE Y VICE,21,Santa Fe,1,La Capital,00204,,HACEMOS POR NUESTRO PAIS,agrupacion,642,PROVISORIO,2023_GENERAL_santafe_presidente_mesa.csv
2023,GENERAL,2023-10-22,PRESIDENTE Y VICE,21,Santa Fe,1,La Capital,00204,,IMPUGNADO,impugnados,0,PROVISORIO,2023_GENERAL_santafe_presidente_mesa.csv
2023,GENERAL,2023-10-22,PRESIDENTE Y VICE,21,Santa Fe,1,La Capital,00204,,JUNTOS POR EL CAMBIO,agrupacion,1683,PROVISORIO,2023_GENERAL_santafe_presidente_mesa.csv
2023,GENERAL,2023-10-22,PRESIDENTE Y VICE,21,Santa Fe,1,La Capital,00204,,LA LIBERTAD AVANZA,agrupacion,2558,PROVISORIO,2023_GENERAL_santafe_presidente_mesa.csv
2023,GENERAL,2023-10-22,PRESIDENTE Y VICE,21,Santa Fe,1,La Capital,00204,,NULO,nulos,148,PROVISORIO,2023_GENERAL_santafe_presidente_mesa.csv
2023,GENERAL,2023-10-22,PRESIDENTE Y VICE,21,Santa Fe,1,La Capital,00204,,RECURRIDO,recurridos,0,PROVISORIO,2023_GENERAL_santafe_presidente_mesa.csv
2023,GENERAL,2023-10-22,PRESIDENTE Y VICE,21,Santa Fe,1,La Capital,00204,,UNION POR LA PATRIA,agrupacion,1987,PROVISORIO,2023_GENERAL_santafe_presidente_mesa.csv
2023,GENERAL,2023-10-22,PRESIDENTE Y VICE,21,Santa Fe,1,La Capital,00220,,COMANDO,comando,1,PROVISORIO,2023_GENERAL_santafe_presidente_mesa.csv
2023,GENERAL,2023-10-22,PRESIDENTE Y VICE,21,Santa Fe,1,La Capital,00220,,EN BLANCO,blancos,66,PROVISORIO,2023_GENERAL_santafe_presidente_mesa.csv
2023,GENERAL,2023-10-22,PRESIDENTE Y VICE,21,Santa Fe,1,La Capital,00220,,FRENTE DE IZQUIERDA Y DE TRABAJADORES - UNIDAD,agrupacion,139,PROVISORIO,2023_GENERAL_santafe_presidente_mesa.csv
2023,GENERAL,2023-10-22,PRESIDENTE Y VICE,21,Santa Fe,1,La Capital,00220,,HACEMOS POR NUESTRO PAIS,agrupacion,679,PROVISORIO,2023_GENERAL_santafe_presidente_mesa.csv
2023,GENERAL,2023-10-22,PRESIDENTE Y VICE,21,Santa Fe,1,La Capital,00220,,IMPUGNADO,impugnados,1,PROVISORIO,2023_GENERAL_santafe_presidente_mesa.csv
2023,GENERAL,2023-10-22,PRESIDENTE Y VICE,21,Santa Fe,1,La Capital,00220,,JUNTOS POR EL CAMBIO,agrupacion,1728,PROVISORIO,2023_GENERAL_santafe_presidente_mesa.csv
2023,GENERAL,2023-10-22,PRESIDENTE Y VICE,21,Santa Fe,1,La Capital,00220,,LA LIBERTAD AVANZA,agrupacion,2222,PROVISORIO,2023_GENERAL_santafe_presidente_mesa.csv
2023,GENERAL,2023-10-22,PRESIDENTE Y VICE,21,Santa Fe,1,La Capital,00220,,NULO,nulos,77,PROVISORIO,2023_GENERAL_santafe_presidente_mesa.csv
2023,GENERAL,2023-10-22,PRESIDENTE Y VICE,21,Santa Fe,1,La Capital,00220,,RECURRIDO,recurridos,5,PROVISORIO,2023_GENERAL_santafe_presidente_mesa.csv
2023,GENERAL,2023-10-22,PRESIDENTE Y VICE,21,Santa Fe,1,La Capital,00220,,UNION POR LA PATRIA,agrupacion,2778,PROVISORIO,2023_GENERAL_santafe_presidente_mesa.csv
2023,GENERAL,2023-10-22,PRESIDENTE Y VICE,21,Santa Fe,1,La Capital,00230,,COMANDO,comando,10,PROVISORIO,2023_GENERAL_santafe_presidente_mesa.csv
2023,GENERAL,2023-10-22,PRESIDENTE Y VICE,21,Santa Fe,1,La Capital,00230,,EN BLANCO,blancos,94,PROVISORIO,2023_GENERAL_santafe_presidente_mesa.csv
2023,GENERAL,2023-10-22,PRESIDENTE Y VICE,21,Santa Fe,1,La Capital,00230,,FRENTE DE IZQUIERDA Y DE TRABAJADORES - UNIDAD,agrupacion,131,PROVISORIO,2023_GENERAL_santafe_presidente_mesa.csv
2023,GENERAL,2023-10-22,PRESIDENTE Y VICE,21,Santa Fe,1,La Capital,00230,,HACEMOS POR NUESTRO PAIS,agrupacion,825,PROVISORIO,2023_GENERAL_santafe_presidente_mesa.csv
2023,GENERAL,2023-10-22,PRESIDENTE Y VICE,21,Santa Fe,1,La Capital,00230,,IMPUGNADO,impugnados,0,PROVISORIO,2023_GENERAL_santafe_presidente_mesa.csv
2023,GENERAL,2023-10-22,PRESIDENTE Y VICE,21,Santa Fe,1,La Capital,00230,,JUNTOS POR EL CAMBIO,agrupacion,2025,PROVISORIO,2023_GENERAL_santafe_presidente_mesa.csv
2023,GENERAL,2023-10-22,PRESIDENTE Y VICE,21,Santa Fe,1,La Capital,00230,,LA LIBERTAD AVANZA,agrupacion,4116,PROVISORIO,2023_GENERAL_santafe_presidente_mesa.csv
2023,GENERAL,2023-10-22,PRESIDENTE Y VICE,21,Santa Fe,1,La Capital,00230,,NULO,nulos,138,PROVISORIO,2023_GENERAL_santafe_presidente_mesa.csv
2023,GENERAL,2023-10-22,PRESIDENTE Y VICE,21,Santa Fe,1,La Capital,00230,,RECURRIDO,recurridos,0,PROVISORIO,2023_GENERAL_santafe_presidente_mesa.csv
2023,GENERAL,2023-10-22,PRESIDENTE Y VICE,21,Santa Fe,1,La Capital,00230,,UNION POR LA PATRIA,agrupacion,2655,PROVISORIO,2023_GENERAL_santafe_presidente_mesa.csv
2023,GENERAL,2023-10-22,PRESIDENTE Y VICE,21,Santa Fe,1,La Capital,00240,,COMANDO,comando,1,PROVISORIO,2023_GENERAL_santafe_presidente_mesa.csv
2023,GENERAL,2023-10-22,PRESIDENTE Y VICE,21,Santa Fe,1,La Capital,00240,,EN BLANCO,blancos,47,PROVISORIO,2023_GENERAL_santafe_presidente_mesa.csv
2023,GENERAL,2023-10-22,PRESIDENTE Y VICE,21,Santa Fe,1,La Capital,00240,,FRENTE DE IZQUIERDA Y DE TRABAJADORES - UNIDAD,agrupacion,54,PROVISORIO,2023_GENERAL_santafe_presidente_mesa.csv
2023,GENERAL,2023-10-22,PRESIDENTE Y VICE,21,Santa Fe,1,La Capital,00240,,HACEMOS POR NUESTRO PAIS,agrupacion,409,PROVISORIO,2023_GENERAL_santafe_presidente_mesa.csv
2023,GENERAL,2023-10-22,PRESIDENTE Y VICE,21,Santa Fe,1,La Capital,00240,,IMPUGNADO,impugnados,0,PROVISORIO,2023_GENERAL_santafe_presidente_mesa.csv
2023,GENERAL,2023-10-22,PRESIDENTE Y VICE,21,Santa Fe,1,La Capital,00240,,JUNTOS POR EL CAMBIO,agrupacion,1207,PROVISORIO,2023_GENERAL_santafe_presidente_mesa.csv
2023,GENERAL,2023-10-22,PRESIDENTE Y VICE,21,Santa Fe,1,La Capital,00240,,LA LIBERTAD AVANZA,agrupacion,2060,PROVISORIO,2023_GENERAL_santafe_presidente_mesa.csv
2023,GENERAL,2023-10-22,PRESIDENTE Y VICE,21,Santa Fe,1,La Capital,00240,,NULO,nulos,81,PROVISORIO,2023_GENERAL_santafe_presidente_mesa.csv
2023,GENERAL,2023-10-22,PRESIDENTE Y VICE,21,Santa Fe,1,La Capital,00240,,RECURRIDO,recurridos,0,PROVISORIO,2023_GENERAL_santafe_presidente_mesa.csv
2023,GENERAL,2023-10-22,PRESIDENTE Y VICE,21,Santa Fe,1,La Capital,00240,,UNION POR LA PATRIA,agrupacion,1311,PROVISORIO,2023_GENERAL_santafe_presidente_mesa.csv
2023,GENERAL,2023-10-22,PRESIDENTE Y VICE,21,Santa Fe,1,La Capital,00250,,COMANDO,comando,2,PROVISORIO,2023_GENERAL_santafe_presidente_mesa.csv
2023,GENERAL,2023-10-22,PRESIDENTE Y VICE,21,Santa Fe,1,La Capital,00250,,EN BLANCO,blancos,1,PROVISORIO,2023_GENERAL_santafe_presidente_mesa.csv
2023,GENERAL,2023-10-22,PRESIDENTE Y VICE,21,Santa Fe,1,La Capital,00250,,FRENTE DE IZQUIERDA Y DE TRABAJADORES - UNIDAD,agrupacion,7,PROVISORIO,2023_GENERAL_santafe_presidente_mesa.csv
2023,GENERAL,2023-10-22,PRESIDENTE Y VICE,21,Santa Fe,1,La Capital,00250,,HACEMOS POR NUESTRO PAIS,agrupacion,57,PROVISORIO,2023_GENERAL_santafe_presidente_mesa.csv
2023,GENERAL,2023-10-22,PRESIDENTE Y VICE,21,Santa Fe,1,La Capital,00250,,IMPUGNADO,impugnados,3,PROVISORIO,2023_GENERAL_santafe_presidente_mesa.csv
2023,GENERAL,2023-10-22,PRESIDENTE Y VICE,21,Santa Fe,1,La Capital,00250,,JUNTOS POR EL CAMBIO,agrupacion,146,PROVISORIO,2023_GENERAL_santafe_presidente_mesa.csv
2023,GENERAL,2023-10-22,PRESIDENTE Y VICE,21,Santa Fe,1,La Capital,00250,,LA LIBERTAD AVANZA,agrupacion,309,PROVISORIO,2023_GENERAL_santafe_presidente_mesa.csv
2023,GENERAL,2023-10-22,PRESIDENTE Y VICE,21,Santa Fe,1,La Capital,00250,,NULO,nulos,4,PROVISORIO,2023_GENERAL_santafe_presidente_mesa.csv
2023,GENERAL,2023-10-22,PRESIDENTE Y VICE,21,Santa Fe,1,La Capital,00250,,RECURRIDO,recurridos,0,PROVISORIO,2023_GENERAL_santafe_presidente_mesa.csv
2023,GENERAL,2023-10-22,PRESIDENTE Y VICE,21,Santa Fe,1,La Capital,00250,,UNION POR LA PATRIA,agrupacion,148,PROVISORIO,2023_GENERAL_santafe_presidente_mesa.csv
2023,GENERAL,2023-10-22,PRESIDENTE Y VICE,21,Santa Fe,1,La Capital,00260,,COMANDO,comando,0,PROVISORIO,2023_GENERAL_santafe_presidente_mesa.csv
2023,GENERAL,2023-10-22,PRESIDENTE Y VICE,21,Santa Fe,1,La Capital,00260,,EN BLANCO,blancos,6,PROVISORIO,2023_GENERAL_santafe_presidente_mesa.csv
2023,GENERAL,2023-10-22,PRESIDENTE Y VICE,21,Santa Fe,1,La Capital,00260,,FRENTE DE IZQUIERDA Y DE TRABAJADORES - UNIDAD,agrupacion,8,PROVISORIO,2023_GENERAL_santafe_presidente_mesa.csv
2023,GENERAL,2023-10-22,PRESIDENTE Y VICE,21,Santa Fe,1,La Capital,00260,,HACEMOS POR NUESTRO PAIS,agrupacion,82,PROVISORIO,2023_GENERAL_santafe_presidente_mesa.csv
2023,GENERAL,2023-10-22,PRESIDENTE Y VICE,21,Santa Fe,1,La Capital,00260,,IMPUGNADO,impugnados,0,PROVISORIO,2023_GENERAL_santafe_presidente_mesa.csv
2023,GENERAL,2023-10-22,PRESIDENTE Y VICE,21,Santa Fe,1,La Capital,00260,,JUNTOS POR EL CAMBIO,agrupacion,235,PROVISORIO,2023_GENERAL_santafe_presidente_mesa.csv
2023,GENERAL,2023-10-22,PRESIDENTE Y VICE,21,Santa Fe,1,La Capital,00260,,LA LIBERTAD AVANZA,agrupacion,307,PROVISORIO,2023_GENERAL_santafe_presidente_mesa.csv
2023,GENERAL,2023-10-22,PRESIDENTE Y VICE,21,Santa Fe,1,La Capital,00260,,NULO,nulos,13,PROVISORIO,2023_GENERAL_santafe_presidente_mesa.csv
2023,GENERAL,2023-10-22,PRESIDENTE Y VICE,21,Santa Fe,1,La Capital,00260,,RECURRIDO,recurridos,0,PROVISORIO,2023_GENERAL_santafe_presidente_mesa.csv
2023,GENERAL,2023-10-22,PRESIDENTE Y VICE,21,Santa Fe,1,La Capital,00260,,UNION POR LA PATRIA,agrupacion,356,PROVISORIO,2023_GENERAL_santafe_presidente_mesa.csv
2023,GENERAL,2023-10-22,PRESIDENTE Y VICE,21,Santa Fe,1,La Capital,00270,,COMANDO,comando,1,PROVISORIO,2023_GENERAL_santafe_presidente_mesa.csv
2023,GENERAL,2023-10-22,PRESIDENTE Y VICE,21,Santa Fe,1,La Capital,00270,,EN BLANCO,blancos,44,PROVISORIO,2023_GENERAL_santafe_presidente_mesa.csv
2023,GENERAL,2023-10-22,PRESIDENTE Y VICE,21,Santa Fe,1,La Capital,00270,,FRENTE DE IZQUIERDA Y DE TRABAJADORES - UNIDAD,agrupacion,109,PROVISORIO,2023_GENERAL_santafe_presidente_mesa.csv
2023,GENERAL,2023-10-22,PRESIDENTE Y VICE,21,Santa Fe,1,La Capital,00270,,HACEMOS POR NUESTRO PAIS,agrupacion,552,PROVISORIO,2023_GENERAL_santafe_presidente_mesa.csv
2023,GENERAL,2023-10-22,PRESIDENTE Y VICE,21,Santa Fe,1,La Capital,00270,,IMPUGNADO,impugnados,0,PROVISORIO,2023_GENERAL_santafe_presidente_mesa.csv
2023,GENERAL,2023-10-22,PRESIDENTE Y VICE,21,Santa Fe,1,La Capital,00270,,JUNTOS POR EL CAMBIO,agrupacion,1780,PROVISORIO,2023_GENERAL_santafe_presidente_mesa.csv
2023,GENERAL,2023-10-22,PRESIDENTE Y VICE,21,Santa Fe,1,La Capital,00270,,LA LIBERTAD AVANZA,agrupacion,2780,PROVISORIO,2023_GENERAL_santafe_presidente_mesa.csv
2023,GENERAL,2023-10-22,PRESIDENTE Y VICE,21,Santa Fe,1,La Capital,00270,,NULO,nulos,111,PROVISORIO,2023_GENERAL_santafe_presidente_mesa.csv
2023,GENERAL,2023-10-22,PRESIDENTE Y VICE,21,Santa Fe,1,La Capital,00270,,RECURRIDO,recurridos,0,PROVISORIO,2023_GENERAL_santafe_presidente_mesa.csv
2023,GENERAL,2023-10-22,PRESIDENTE Y VICE,21,Santa Fe,1,La Capital,00270,,UNION POR LA PATRIA,agrupacion,2580,PROVISORIO,2023_GENERAL_santafe_presidente_mesa.csv
2023,GENERAL,2023-10-22,PRESIDENTE Y VICE,21,Santa Fe,1,La Capital,00280,,COMANDO,comando,0,PROVISORIO,2023_GENERAL_santafe_presidente_mesa.csv
2023,GENERAL,2023-10-22,PRESIDENTE Y VICE,21,Santa Fe,1,La Capital,00280,,EN BLANCO,blancos,2,PROVISORIO,2023_GENERAL_santafe_presidente_mesa.csv
2023,GENERAL,2023-10-22,PRESIDENTE Y VICE,21,Santa Fe,1,La Capital,00280,,FRENTE DE IZQUIERDA Y DE TRABAJADORES - UNIDAD,agrupacion,0,PROVISORIO,2023_GENERAL_santafe_presidente_mesa.csv
2023,GENERAL,2023-10-22,PRESIDENTE Y VICE,21,Santa Fe,1,La Capital,00280,,HACEMOS POR NUESTRO PAIS,agrupacion,3,PROVISORIO,2023_GENERAL_santafe_presidente_mesa.csv
2023,GENERAL,2023-10-22,PRESIDENTE Y VICE,21,Santa Fe,1,La Capital,00280,,IMPUGNADO,impugnados,0,PROVISORIO,2023_GENERAL_santafe_presidente_mesa.csv
2023,GENERAL,2023-10-22,PRESIDENTE Y VICE,21,Santa Fe,1,La Capital,00280,,JUNTOS POR EL CAMBIO,agrupacion,70,PROVISORIO,2023_GENERAL_santafe_presidente_mesa.csv
2023,GENERAL,2023-10-22,PRESIDENTE Y VICE,21,Santa Fe,1,La Capital,00280,,LA LIBERTAD AVANZA,agrupacion,70,PROVISORIO,2023_GENERAL_santafe_presidente_mesa.csv
2023,GENERAL,2023-10-22,PRESIDENTE Y VICE,21,Santa Fe,1,La Capital,00280,,NULO,nulos,0,PROVISORIO,2023_GENERAL_santafe_presidente_mesa.csv
2023,GENERAL,2023-10-22,PRESIDENTE Y VICE,21,Santa Fe,1,La Capital,00280,,RECURRIDO,recurridos,0,PROVISORIO,2023_GENERAL_santafe_presidente_mesa.csv
2023,GENERAL,2023-10-22,PRESIDENTE Y VICE,21,Santa Fe,1,La Capital,00280,,UNION POR LA PATRIA,agrupacion,71,PROVISORIO,2023_GENERAL_santafe_presidente_mesa.csv
2023,GENERAL,2023-10-22,PRESIDENTE Y VICE,21,Santa Fe,1,La Capital,00290,,COMANDO,comando,2,PROVISORIO,2023_GENERAL_santafe_presidente_mesa.csv
2023,GENERAL,2023-10-22,PRESIDENTE Y VICE,21,Santa Fe,1,La Capital,00290,,EN BLANCO,blancos,34,PROVISORIO,2023_GENERAL_santafe_presidente_mesa.csv
2023,GENERAL,2023-10-22,PRESIDENTE Y VICE,21,Santa Fe,1,La Capital,00290,,FRENTE DE IZQUIERDA Y DE TRABAJADORES - UNIDAD,agrupacion,44,PROVISORIO,2023_GENERAL_santafe_presidente_mesa.csv
2023,GENERAL,2023-10-22,PRESIDENTE Y VICE,21,Santa Fe,1,La Capital,00290,,HACEMOS POR NUESTRO PAIS,agrupacion,306,PROVISORIO,2023_GENERAL_santafe_presidente_mesa.csv
2023,GENERAL,2023-10-22,PRESIDENTE Y VICE,21,Santa Fe,1,La Capital,00290,,IMPUGNADO,impugnados,0,PROVISORIO,2023_GENERAL_santafe_presidente_mesa.csv
2023,GENERAL,2023-10-22,PRESIDENTE Y VICE,21,Santa Fe,1,La Capital,00290,,JUNTOS POR EL CAMBIO,agrupacion,657,PROVISORIO,2023_GENERAL_santafe_presidente_mesa.csv
2023,GENERAL,2023-10-22,PRESIDENTE Y VICE,21,Santa Fe,1,La Capital,00290,,LA LIBERTAD AVANZA,agrupacion,986,PROVISORIO,2023_GENERAL_santafe_presidente_mesa.csv
2023,GENERAL,2023-10-22,PRESIDENTE Y VICE,21,Santa Fe,1,La Capital,00290,,NULO,nulos,29,PROVISORIO,2023_GENERAL_santafe_presidente_mesa.csv
2023,GENERAL,2023-10-22,PRESIDENTE Y VICE,21,Santa Fe,1,La Capital,00290,,RECURRIDO,recurridos,0,PROVISORIO,2023_GENERAL_santafe_presidente_mesa.csv
2023,GENERAL,2023-10-22,PRESIDENTE Y VICE,21,Santa Fe,1,La Capital,00290,,UNION POR LA PATRIA,agrupacion,832,PROVISORIO,2023_GENERAL_santafe_presidente_mesa.csv
2023,GENERAL,2023-10-22,PRESIDENTE Y VICE,21,Santa Fe,1,La Capital,00300,,COMANDO,comando,0,PROVISORIO,2023_GENERAL_santafe_presidente_mesa.csv
2023,GENERAL,2023-10-22,PRESIDENTE Y VICE,21,Santa Fe,1,La Capital,00300,,EN BLANCO,blancos,22,PROVISORIO,2023_GENERAL_santafe_presidente_mesa.csv
2023,GENERAL,2023-10-22,PRESIDENTE Y VICE,21,Santa Fe,1,La Capital,00300,,FRENTE DE IZQUIERDA Y DE TRABAJADORES - UNIDAD,agrupacion,14,PROVISORIO,2023_GENERAL_santafe_presidente_mesa.csv
2023,GENERAL,2023-10-22,PRESIDENTE Y VICE,21,Santa Fe,1,La Capital,00300,,HACEMOS POR NUESTRO PAIS,agrupacion,194,PROVISORIO,2023_GENERAL_santafe_presidente_mesa.csv
2023,GENERAL,2023-10-22,PRESIDENTE Y VICE,21,Santa Fe,1,La Capital,00300,,IMPUGNADO,impugnados,0,PROVISORIO,2023_GENERAL_santafe_presidente_mesa.csv
2023,GENERAL,2023-10-22,PRESIDENTE Y VICE,21,Santa Fe,1,La Capital,00300,,JUNTOS POR EL CAMBIO,agrupacion,738,PROVISORIO,2023_GENERAL_santafe_presidente_mesa.csv
2023,GENERAL,2023-10-22,PRESIDENTE Y VICE,21,Santa Fe,1,La Capital,00300,,LA LIBERTAD AVANZA,agrupacion,621,PROVISORIO,2023_GENERAL_santafe_presidente_mesa.csv
2023,GENERAL,2023-10-22,PRESIDENTE Y VICE,21,Santa Fe,1,La Capital,00300,,NULO,nulos,6,PROVISORIO,2023_GENERAL_santafe_presidente_mesa.csv
2023,GENERAL,2023-10-22,PRESIDENTE Y VICE,21,Santa Fe,1,La Capital,00300,,RECURRIDO,recurridos,0,PROVISORIO,2023_GENERAL_santafe_presidente_mesa.csv
2023,GENERAL,2023-10-22,PRESIDENTE Y VICE,21,Santa Fe,1,La Capital,00300,,UNION POR LA PATRIA,agrupacion,305,PROVISORIO,2023_GENERAL_santafe_presidente_mesa.csv
2023,GENERAL,2023-10-22,PRESIDENTE Y VICE,21,Santa Fe,1,La Capital,00310,,COMANDO,comando,1,PROVISORIO,2023_GENERAL_santafe_presidente_mesa.csv
2023,GENERAL,2023-10-22,PRESIDENTE Y VICE,21,Santa Fe,1,La Capital,00310,,EN BLANCO,blancos,5,PROVISORIO,2023_GENERAL_santafe_presidente_mesa.csv
2023,GENERAL,2023-10-22,PRESIDENTE Y VICE,21,Santa Fe,1,La Capital,00310,,FRENTE DE IZQUIERDA Y DE TRABAJADORES - UNIDAD,agrupacion,3,PROVISORIO,2023_GENERAL_santafe_presidente_mesa.csv
2023,GENERAL,2023-10-22,PRESIDENTE Y VICE,21,Santa Fe,1,La Capital,00310,,HACEMOS POR NUESTRO PAIS,agrupacion,36,PROVISORIO,2023_GENERAL_santafe_presidente_mesa.csv
2023,GENERAL,2023-10-22,PRESIDENTE Y VICE,21,Santa Fe,1,La Capital,00310,,IMPUGNADO,impugnados,0,PROVISORIO,2023_GENERAL_santafe_presidente_mesa.csv
2023,GENERAL,2023-10-22,PRESIDENTE Y VICE,21,Santa Fe,1,La Capital,00310,,JUNTOS POR EL CAMBIO,agrupacion,308,PROVISORIO,2023_GENERAL_santafe_presidente_mesa.csv
2023,GENERAL,2023-10-22,PRESIDENTE Y VICE,21,Santa Fe,1,La Capital,00310,,LA LIBERTAD AVANZA,agrupacion,244,PROVISORIO,2023_GENERAL_santafe_presidente_mesa.csv
2023,GENERAL,2023-10-22,PRESIDENTE Y VICE,21,Santa Fe,1,La Capital,00310,,NULO,nulos,0,PROVISORIO,2023_GENERAL_santafe_presidente_mesa.csv
2023,GENERAL,2023-10-22,PRESIDENTE Y VICE,21,Santa Fe,1,La Capital,00310,,RECURRIDO,recurridos,0,PROVISORIO,2023_GENERAL_santafe_presidente_mesa.csv
2023,GENERAL,2023-10-22,PRESIDENTE Y VICE,21,Santa Fe,1,La Capital,00310,,UNION POR LA PATRIA,agrupacion,157,PROVISORIO,2023_GENERAL_santafe_presidente_mesa.csv
2023,GENERAL,2023-10-22,PRESIDENTE Y VICE,21,Santa Fe,1,La Capital,00330,,COMANDO,comando,6,PROVISORIO,2023_GENERAL_santafe_presidente_mesa.csv
2023,GENERAL,2023-10-22,PRESIDENTE Y VICE,21,Santa Fe,1,La Capital,00330,,EN BLANCO,blancos,69,PROVISORIO,2023_GENERAL_santafe_presidente_mesa.csv
2023,GENERAL,2023-10-22,PRESIDENTE Y VICE,21,Santa Fe,1,La Capital,00330,,FRENTE DE IZQUIERDA Y DE TRABAJADORES - UNIDAD,agrupacion,156,PROVISORIO,2023_GENERAL_santafe_presidente_mesa.csv
2023,GENERAL,2023-10-22,PRESIDENTE Y VICE,21,Santa Fe,1,La Capital,00330,,HACEMOS POR NUESTRO PAIS,agrupacion,887,PROVISORIO,2023_GENERAL_santafe_presidente_mesa.csv
2023,GENERAL,2023-10-22,PRESIDENTE Y VICE,21,Santa Fe,1,La Capital,00330,,IMPUGNADO,impugnados,0,PROVISORIO,2023_GENERAL_santafe_presidente_mesa.csv
2023,GENERAL,2023-10-22,PRESIDENTE Y VICE,21,Santa Fe,1,La Capital,00330,,JUNTOS POR EL CAMBIO,agrupacion,2251,PROVISORIO,2023_GENERAL_santafe_presidente_mesa.csv
2023,GENERAL,2023-10-22,PRESIDENTE Y VICE,21,Santa Fe,1,La Capital,00330,,LA LIBERTAD AVANZA,agrupacion,3214,PROVISORIO,2023_GENERAL_santafe_presidente_mesa.csv
2023,GENERAL,2023-10-22,PRESIDENTE Y VICE,21,Santa Fe,1,La Capital,00330,,NULO,nulos,131,PROVISORIO,2023_GENERAL_santafe_presidente_mesa.csv
2023,GENERAL,2023-10-22,PRESIDENTE Y VICE,21,Santa Fe,1,La Capital,00330,,RECURRIDO,recurridos,4,PROVISORIO,2023_GENERAL_santafe_presidente_mesa.csv
2023,GENERAL,2023-10-22,PRESIDENTE Y VICE,21,Santa Fe,1,La Capital,00330,,UNION POR LA PATRIA,agrupacion,2573,PROVISORIO,2023_GENERAL_santafe_presidente_mesa.csv
2023,GENERAL,2023-10-22,PRESIDENTE Y VICE,21,Santa Fe,1,La Capital,00370,,COMANDO,comando,1,PROVISORIO,2023_GENERAL_santafe_presidente_mesa.csv
2023,GENERAL,2023-10-22,PRESIDENTE Y VICE,21,Santa Fe,1,La Capital,00370,,EN BLANCO,blancos,1,PROVISORIO,2023_GENERAL_santafe_presidente_mesa.csv
2023,GENERAL,2023-10-22,PRESIDENTE Y VICE,21,Santa Fe,1,La Capital,00370,,FRENTE DE IZQUIERDA Y DE TRABAJADORES - UNIDAD,agrupacion,2,PROVISORIO,2023_GENERAL_santafe_presidente_mesa.csv
2023,GENERAL,2023-10-22,PRESIDENTE Y VICE,21,Santa Fe,1,La Capital,00370,,HACEMOS POR NUESTRO PAIS,agrupacion,6,PROVISORIO,2023_GENERAL_santafe_presidente_mesa.csv
2023,GENERAL,2023-10-22,PRESIDENTE Y VICE,21,Santa Fe,1,La Capital,00370,,IMPUGNADO,impugnados,0,PROVISORIO,2023_GENERAL_santafe_presidente_mesa.csv
2023,GENERAL,2023-10-22,PRESIDENTE Y VICE,21,Santa Fe,1,La Capital,00370,,JUNTOS POR EL CAMBIO,agrupacion,34,PROVISORIO,2023_GENERAL_santafe_presidente_mesa.csv
2023,GENERAL,2023-10-22,PRESIDENTE Y VICE,21,Santa Fe,1,La Capital,00370,,LA LIBERTAD AVANZA,agrupacion,21,PROVISORIO,2023_GENERAL_santafe_presidente_mesa.csv
2023,GENERAL,2023-10-22,PRESIDENTE Y VICE,21,Santa Fe,1,La Capital,00370,,NULO,nulos,1,PROVISORIO,2023_GENERAL_santafe_presidente_mesa.csv
2023,GENERAL,2023-10-22,PRESIDENTE Y VICE,21,Santa Fe,1,La Capital,00370,,RECURRIDO,recurridos,0,PROVISORIO,2023_GENERAL_santafe_presidente_mesa.csv
2023,GENERAL,2023-10-22,PRESIDENTE Y VICE,21,Santa Fe,1,La Capital,00370,,UNION POR LA PATRIA,agrupacion,24,PROVISORIO,2023_GENERAL_santafe_presidente_mesa.csv
2023,GENERAL,2023-10-22,PRESIDENTE Y VICE,21,Santa Fe,1,La Capital,00390,,COMANDO,comando,1,PROVISORIO,2023_GENERAL_santafe_presidente_mesa.csv
2023,GENERAL,2023-10-22,PRESIDENTE Y VICE,21,Santa Fe,1,La Capital,00390,,EN BLANCO,blancos,9,PROVISORIO,2023_GENERAL_santafe_presidente_mesa.csv
2023,GENERAL,2023-10-22,PRESIDENTE Y VICE,21,Santa Fe,1,La Capital,00390,,FRENTE DE IZQUIERDA Y DE TRABAJADORES - UNIDAD,agrupacion,19,PROVISORIO,2023_GENERAL_santafe_presidente_mesa.csv
2023,GENERAL,2023-10-22,PRESIDENTE Y VICE,21,Santa Fe,1,La Capital,00390,,HACEMOS POR NUESTRO PAIS,agrupacion,93,PROVISORIO,2023_GENERAL_santafe_presidente_mesa.csv
2023,GENERAL,2023-10-22,PRESIDENTE Y VICE,21,Santa Fe,1,La Capital,00390,,IMPUGNADO,impugnados,0,PROVISORIO,2023_GENERAL_santafe_presidente_mesa.csv
2023,GENERAL,2023-10-22,PRESIDENTE Y VICE,21,Santa Fe,1,La Capital,00390,,JUNTOS POR EL CAMBIO,agrupacion,279,PROVISORIO,2023_GENERAL_santafe_presidente_mesa.csv
2023,GENERAL,2023-10-22,PRESIDENTE Y VICE,21,Santa Fe,1,La Capital,00390,,LA LIBERTAD AVANZA,agrupacion,548,PROVISORIO,2023_GENERAL_santafe_presidente_mesa.csv
2023,GENERAL,2023-10-22,PRESIDENTE Y VICE,21,Santa Fe,1,La Capital,00390,,NULO,nulos,22,PROVISORIO,2023_GENERAL_santafe_presidente_mesa.csv
2023,GENERAL,2023-10-22,PRESIDENTE Y VICE,21,Santa Fe,1,La Capital,00390,,RECURRIDO,recurridos,0,PROVISORIO,2023_GENERAL_santafe_presidente_mesa.csv
2023,GENERAL,2023-10-22,PRESIDENTE Y VICE,21,Santa Fe,1,La Capital,00390,,UNION POR LA PATRIA,agrupacion,431,PROVISORIO,2023_GENERAL_santafe_presidente_mesa.csv
2023,GENERAL,2023-10-22,PRESIDENTE Y VICE,21,Santa Fe,1,La Capital,00400,,COMANDO,comando,0,PROVISORIO,2023_GENERAL_santafe_presidente_mesa.csv
2023,GENERAL,2023-10-22,PRESIDENTE Y VICE,21,Santa Fe,1,La Capital,00400,,EN BLANCO,blancos,26,PROVISORIO,2023_GENERAL_santafe_presidente_mesa.csv
2023,GENERAL,2023-10-22,PRESIDENTE Y VICE,21,Santa Fe,1,La Capital,00400,,FRENTE DE IZQUIERDA Y DE TRABAJADORES - UNIDAD,agrupacion,58,PROVISORIO,2023_GENERAL_santafe_presidente_mesa.csv
2023,GENERAL,2023-10-22,PRESIDENTE Y VICE,21,Santa Fe,1,La Capital,00400,,HACEMOS POR NUESTRO PAIS,agrupacion,225,PROVISORIO,2023_GENERAL_santafe_presidente_mesa.csv
2023,GENERAL,2023-10-22,PRESIDENTE Y VICE,21,Santa Fe,1,La Capital,00400,,IMPUGNADO,impugnados,0,PROVISORIO,2023_GENERAL_santafe_presidente_mesa.csv
2023,GENERAL,2023-10-22,PRESIDENTE Y VICE,21,Santa Fe,1,La Capital,00400,,JUNTOS POR EL CAMBIO,agrupacion,615,PROVISORIO,2023_GENERAL_santafe_presidente_mesa.csv
2023,GENERAL,2023-10-22,PRESIDENTE Y VICE,21,Santa Fe,1,La Capital,00400,,LA LIBERTAD AVANZA,agrupacion,869,PROVISORIO,2023_GENERAL_santafe_presidente_mesa.csv
2023,GENERAL,2023-10-22,PRESIDENTE Y VICE,21,Santa Fe,1,La Capital,00400,,NULO,nulos,20,PROVISORIO,2023_GENERAL_santafe_presidente_mesa.csv
2023,GENERAL,2023-10-22,PRESIDENTE Y VICE,21,Santa Fe,1,La Capital,00400,,RECURRIDO,recurridos,0,PROVISORIO,2023_GENERAL_santafe_presidente_mesa.csv
2023,GENERAL,2023-10-22,PRESIDENTE Y VICE,21,Santa Fe,1,La Capital,00400,,UNION POR LA PATRIA,agrupacion,884,PROVISORIO,2023_GENERAL_santafe_presidente_mesa.csv
2023,GENERAL,2023-10-22,PRESIDENTE Y VICE,21,Santa Fe,2,Las Colonias,00410,,COMANDO,comando,0,PROVISORIO,2023_GENERAL_santafe_presidente_mesa.csv
2023,GENERAL,2023-10-22,PRESIDENTE Y VICE,21,Santa Fe,2,Las Colonias,00410,,EN BLANCO,blancos,3,PROVISORIO,2023_GENERAL_santafe_presidente_mesa.csv
2023,GENERAL,2023-10-22,PRESIDENTE Y VICE,21,Santa Fe,2,Las Colonias,00410,,FRENTE DE IZQUIERDA Y DE TRABAJADORES - UNIDAD,agrupacion,2,PROVISORIO,2023_GENERAL_santafe_presidente_mesa.csv
2023,GENERAL,2023-10-22,PRESIDENTE Y VICE,21,Santa Fe,2,Las Colonias,00410,,HACEMOS POR NUESTRO PAIS,agrupacion,22,PROVISORIO,2023_GENERAL_santafe_presidente_mesa.csv
2023,GENERAL,2023-10-22,PRESIDENTE Y VICE,21,Santa Fe,2,Las Colonias,00410,,IMPUGNADO,impugnados,0,PROVISORIO,2023_GENERAL_santafe_presidente_mesa.csv
2023,GENERAL,2023-10-22,PRESIDENTE Y VICE,21,Santa Fe,2,Las Colonias,00410,,JUNTOS POR EL CAMBIO,agrupacion,53,PROVISORIO,2023_GENERAL_santafe_presidente_mesa.csv
2023,GENERAL,2023-10-22,PRESIDENTE Y VICE,21,Santa Fe,2,Las Colonias,00410,,LA LIBERTAD AVANZA,agrupacion,95,PROVISORIO,2023_GENERAL_santafe_presidente_mesa.csv
2023,GENERAL,2023-10-22,PRESIDENTE Y VICE,21,Santa Fe,2,Las Colonias,00410,,NULO,nulos,4,PROVISORIO,2023_GENERAL_santafe_presidente_mesa.csv
2023,GENERAL,2023-10-22,PRESIDENTE Y VICE,21,Santa Fe,2,Las Colonias,00410,,RECURRIDO,recurridos,0,PROVISORIO,2023_GENERAL_santafe_presidente_mesa.csv
2023,GENERAL,2023-10-22,PRESIDENTE Y VICE,21,Santa Fe,2,Las Colonias,00410,,UNION POR LA PATRIA,agrupacion,66,PROVISORIO,2023_GENERAL_santafe_presidente_mesa.csv
2023,GENERAL,2023-10-22,PRESIDENTE Y VICE,21,Santa Fe,2,Las Colonias,00420,,COMANDO,comando,1,PROVISORIO,2023_GENERAL_santafe_presidente_mesa.csv
2023,GENERAL,2023-10-22,PRESIDENTE Y VICE,21,Santa Fe,2,Las Colonias,00420,,EN BLANCO,blancos,5,PROVISORIO,2023_GENERAL_santafe_presidente_mesa.csv
2023,GENERAL,2023-10-22,PRESIDENTE Y VICE,21,Santa Fe,2,Las Colonias,00420,,FRENTE DE IZQUIERDA Y DE TRABAJADORES - UNIDAD,agrupacion,4,PROVISORIO,2023_GENERAL_santafe_presidente_mesa.csv
2023,GENERAL,2023-10-22,PRESIDENTE Y VICE,21,Santa Fe,2,Las Colonias,00420,,HACEMOS POR NUESTRO PAIS,agrupacion,40,PROVISORIO,2023_GENERAL_santafe_presidente_mesa.csv
2023,GENERAL,2023-10-22,PRESIDENTE Y VICE,21,Santa Fe,2,Las Colonias,00420,,IMPUGNADO,impugnados,0,PROVISORIO,2023_GENERAL_santafe_presidente_mesa.csv
2023,GENERAL,2023-10-22,PRESIDENTE Y VICE,21,Santa Fe,2,Las Colonias,00420,,JUNTOS POR EL CAMBIO,agrupacion,168,PROVISORIO,2023_GENERAL_santafe_presidente_mesa.csv
2023,GENERAL,2023-10-22,PRESIDENTE Y VICE,21,Santa Fe,2,Las Colonias,00420,,LA LIBERTAD AVANZA,agrupacion,256,PROVISORIO,2023_GENERAL_santafe_presidente_mesa.csv
2023,GENERAL,2023-10-22,PRESIDENTE Y VICE,21,Santa Fe,2,Las Colonias,00420,,NULO,nulos,3,PROVISORIO,2023_GENERAL_santafe_presidente_mesa.csv
2023,GENERAL,2023-10-22,PRESIDENTE Y VICE,21,Santa Fe,2,Las Colonias,00420,,RECURRIDO,recurridos,0,PROVISORIO,2023_GENERAL_santafe_presidente_mesa.csv
2023,GENERAL,2023-10-22,PRESIDENTE Y VICE,21,Santa Fe,2,Las Colonias,00420,,UNION POR LA PATRIA,agrupacion,94,PROVISORIO,2023_GENERAL_santafe_presidente_mesa.csv
2023,GENERAL,2023-10-22,PRESIDENTE Y VICE,21,Santa Fe,2,Las Colonias,00430,San Carlos Sud,COMANDO,comando,1,PROVISORIO,2023_GENERAL_santafe_presidente_mesa.csv
2023,GENERAL,2023-10-22,PRESIDENTE Y VICE,21,Santa Fe,2,Las Colonias,00430,San Carlos Sud,EN BLANCO,blancos,19,PROVISORIO,2023_GENERAL_santafe_presidente_mesa.csv
2023,GENERAL,2023-10-22,PRESIDENTE Y VICE,21,Santa Fe,2,Las Colonias,00430,San Carlos Sud,FRENTE DE IZQUIERDA Y DE TRABAJADORES - UNIDAD,agrupacion,16,PROVISORIO,2023_GENERAL_santafe_presidente_mesa.csv
2023,GENERAL,2023-10-22,PRESIDENTE Y VICE,21,Santa Fe,2,Las Colonias,00430,San Carlos Sud,HACEMOS POR NUESTRO PAIS,agrupacion,185,PROVISORIO,2023_GENERAL_santafe_presidente_mesa.csv
2023,GENERAL,2023-10-22,PRESIDENTE Y VICE,21,Santa Fe,2,Las Colonias,00430,San Carlos Sud,IMPUGNADO,impugnados,0,PROVISORIO,2023_GENERAL_santafe_presidente_mesa.csv
2023,GENERAL,2023-10-22,PRESIDENTE Y VICE,21,Santa Fe,2,Las Colonias,00430,San Carlos Sud,JUNTOS POR EL CAMBIO,agrupacion,384,PROVISORIO,2023_GENERAL_santafe_presidente_mesa.csv
2023,GENERAL,2023-10-22,PRESIDENTE Y VICE,21,Santa Fe,2,Las Colonias,00430,San Carlos Sud,LA LIBERTAD AVANZA,agrupacion,601,PROVISORIO,2023_GENERAL_santafe_presidente_mesa.csv
2023,GENERAL,2023-10-22,PRESIDENTE Y VICE,21,Santa Fe,2,Las Colonias,00430,San Carlos Sud,NULO,nulos,4,PROVISORIO,2023_GENERAL_santafe_presidente_mesa.csv
2023,GENERAL,2023-10-22,PRESIDENTE Y VICE,21,Santa Fe,2,Las Colonias,00430,San Carlos Sud,RECURRIDO,recurridos,0,PROVISORIO,2023_GENERAL_santafe_presidente_mesa.csv
2023,GENERAL,2023-10-22,PRESIDENTE Y VICE,21,Santa Fe,2,Las Colonias,00430,San Carlos Sud,UNION POR LA PATRIA,agrupacion,344,PROVISORIO,2023_GENERAL_santafe_presidente_mesa.csv
2023,GENERAL,2023-10-22,PRESIDENTE Y VICE,21,Santa Fe,2,Las Colonias,00440,San Carlos Centro,COMANDO,comando,3,PROVISORIO,2023_GENERAL_santafe_presidente_mesa.csv
2023,GENERAL,2023-10-22,PRESIDENTE Y VICE,21,Santa Fe,2,Las Colonias,00440,San Carlos Centro,EN BLANCO,blancos,78,PROVISORIO,2023_GENERAL_santafe_presidente_mesa.csv
2023,GENERAL,2023-10-22,PRESIDENTE Y VICE,21,Santa Fe,2,Las Colonias,00440,San Carlos Centro,FRENTE DE IZQUIERDA Y DE TRABAJADORES - UNIDAD,agrupacion,112,PROVISORIO,2023_GENERAL_santafe_presidente_mesa.csv
2023,GENERAL,2023-10-22,PRESIDENTE Y VICE,21,Santa Fe,2,Las Colonias,00440,San Carlos Centro,HACEMOS POR NUESTRO PAIS,agrupacion,835,PROVISORIO,2023_GENERAL_santafe_presidente_mesa.csv
2023,GENERAL,2023-10-22,PRESIDENTE Y VICE,21,Santa Fe,2,Las Colonias,00440,San Carlos Centro,IMPUGNADO,impugnados,0,PROVISORIO,2023_GENERAL_santafe_presidente_mesa.csv
2023,GENERAL,2023-10-22,PRESIDENTE Y VICE,21,Santa Fe,2,Las Colonias,00440,San Carlos Centro,JUNTOS POR EL CAMBIO,agrupacion,2036,PROVISORIO,2023_GENERAL_santafe_presidente_mesa.csv
2023,GENERAL,2023-10-22,PRESIDENTE Y VICE,21,Santa Fe,2,Las Colonias,00440,San Carlos Centro,LA LIBERTAD AVANZA,agrupacion,3008,PROVISORIO,2023_GENERAL_santafe_presidente_mesa.csv
2023,GENERAL,2023-10-22,PRESIDENTE Y VICE,21,Santa Fe,2,Las Colonias,00440,San Carlos Centro,NULO,nulos,80,PROVISORIO,2023_GENERAL_santafe_presidente_mesa.csv
2023,GENERAL,2023-10-22,PRESIDENTE Y VICE,21,Santa Fe,2,Las Colonias,00440,San Carlos Centro,RECURRIDO,recurridos,3,PROVISORIO,2023_GENERAL_santafe_presidente_mesa.csv
2023,GENERAL,2023-10-22,PRESIDENTE Y VICE,21,Santa Fe,2,Las Colonias,00440,San Carlos Centro,UNION POR LA PATRIA,agrupacion,1745,PROVISORIO,2023_GENERAL_santafe_presidente_mesa.csv
2023,GENERAL,2023-10-22,PRESIDENTE Y VICE,21,Santa Fe,2,Las Colonias,00450,,COMANDO,comando,0,PROVISORIO,2023_GENERAL_santafe_presidente_mesa.csv
2023,GENERAL,2023-10-22,PRESIDENTE Y VICE,21,Santa Fe,2,Las Colonias,00450,,EN BLANCO,blancos,8,PROVISORIO,2023_GENERAL_santafe_presidente_mesa.csv
2023,GENERAL,2023-10-22,PRESIDENTE Y VICE,21,Santa Fe,2,Las Colonias,00450,,FRENTE DE IZQUIERDA Y DE TRABAJADORES - UNIDAD,agrupacion,30,PROVISORIO,2023_GENERAL_santafe_presidente_mesa.csv
2023,GENERAL,2023-10-22,PRESIDENTE Y VICE,21,Santa Fe,2,Las Colonias,00450,,HACEMOS POR NUESTRO PAIS,agrupacion,56,PROVISORIO,2023_GENERAL_santafe_presidente_mesa.csv
2023,GENERAL,2023-10-22,PRESIDENTE Y VICE,21,Santa Fe,2,Las Colonias,00450,,IMPUGNADO,impugnados,0,PROVISORIO,2023_GENERAL_santafe_presidente_mesa.csv
2023,GENERAL,2023-10-22,PRESIDENTE Y VICE,21,Santa Fe,2,Las Colonias,00450,,JUNTOS POR EL CAMBIO,agrupacion,163,PROVISORIO,2023_GENERAL_santafe_presidente_mesa.csv
2023,GENERAL,2023-10-22,PRESIDENTE Y VICE,21,Santa Fe,2,Las Colonias,00450,,LA LIBERTAD AVANZA,agrupacion,359,PROVISORIO,2023_GENERAL_santafe_presidente_mesa.csv
2023,GENERAL,2023-10-22,PRESIDENTE Y VICE,21,Santa Fe,2,Las Colonias,00450,,NULO,nulos,5,PROVISORIO,2023_GENERAL_santafe_presidente_mesa.csv
2023,GENERAL,2023-10-22,PRESIDENTE Y VICE,21,Santa Fe,2,Las Colonias,00450,,RECURRIDO,recurridos,0,PROVISORIO,2023_GENERAL_santafe_presidente_mesa.csv
2023,GENERAL,2023-10-22,PRESIDENTE Y VICE,21,Santa Fe,2,Las Colonias,00450,,UNION POR LA PATRIA,agrupacion,128,PROVISORIO,2023_GENERAL_santafe_presidente_mesa.csv
2023,GENERAL,2023-10-22,PRESIDENTE Y VICE,21,Santa Fe,2,Las Colonias,00460,Santa Clara de Buena Vista,COMANDO,comando,0,PROVISORIO,2023_GENERAL_santafe_presidente_mesa.csv
2023,GENERAL,2023-10-22,PRESIDENTE Y VICE,21,Santa Fe,2,Las Colonias,00460,Santa Clara de Buena Vista,EN BLANCO,blancos,26,PROVISORIO,2023_GENERAL_santafe_presidente_mesa.csv
2023,GENERAL,2023-10-22,PRESIDENTE Y VICE,21,Santa Fe,2,Las Colonias,00460,Santa Clara de Buena Vista,FRENTE DE IZQUIERDA Y DE TRABAJADORES - UNIDAD,agrupacion,14,PROVISORIO,2023_GENERAL_santafe_presidente_mesa.csv
2023,GENERAL,2023-10-22,PRESIDENTE Y VICE,21,Santa Fe,2,Las Colonias,00460,Santa Clara de Buena Vista,HACEMOS POR NUESTRO PAIS,agrupacion,271,PROVISORIO,2023_GENERAL_santafe_presidente_mesa.csv
2023,GENERAL,2023-10-22,PRESIDENTE Y VICE,21,Santa Fe,2,Las Colonias,00460,Santa Clara de Buena Vista,IMPUGNADO,impugnados,0,PROVISORIO,2023_GENERAL_santafe_presidente_mesa.csv
2023,GENERAL,2023-10-22,PRESIDENTE Y VICE,21,Santa Fe,2,Las Colonias,00460,Santa Clara de Buena Vista,JUNTOS POR EL CAMBIO,agrupacion,435,PROVISORIO,2023_GENERAL_santafe_presidente_mesa.csv
2023,GENERAL,2023-10-22,PRESIDENTE Y VICE,21,Santa Fe,2,Las Colonias,00460,Santa Clara de Buena Vista,LA LIBERTAD AVANZA,agrupacion,687,PROVISORIO,2023_GENERAL_santafe_presidente_mesa.csv
2023,GENERAL,2023-10-22,PRESIDENTE Y VICE,21,Santa Fe,2,Las Colonias,00460,Santa Clara de Buena Vista,NULO,nulos,20,PROVISORIO,2023_GENERAL_santafe_presidente_mesa.csv
2023,GENERAL,2023-10-22,PRESIDENTE Y VICE,21,Santa Fe,2,Las Colonias,00460,Santa Clara de Buena Vista,RECURRIDO,recurridos,0,PROVISORIO,2023_GENERAL_santafe_presidente_mesa.csv
2023,GENERAL,2023-10-22,PRESIDENTE Y VICE,21,Santa Fe,2,Las Colonias,00460,Santa Clara de Buena Vista,UNION POR LA PATRIA,agrupacion,406,PROVISORIO,2023_GENERAL_santafe_presidente_mesa.csv
2023,GENERAL,2023-10-22,PRESIDENTE Y VICE,21,Santa Fe,2,Las Colonias,00470,,COMANDO,comando,0,PROVISORIO,2023_GENERAL_santafe_presidente_mesa.csv
2023,GENERAL,2023-10-22,PRESIDENTE Y VICE,21,Santa Fe,2,Las Colonias,00470,,EN BLANCO,blancos,2,PROVISORIO,2023_GENERAL_santafe_presidente_mesa.csv
2023,GENERAL,2023-10-22,PRESIDENTE Y VICE,21,Santa Fe,2,Las Colonias,00470,,FRENTE DE IZQUIERDA Y DE TRABAJADORES - UNIDAD,agrupacion,2,PROVISORIO,2023_GENERAL_santafe_presidente_mesa.csv
2023,GENERAL,2023-10-22,PRESIDENTE Y VICE,21,Santa Fe,2,Las Colonias,00470,,HACEMOS POR NUESTRO PAIS,agrupacion,10,PROVISORIO,2023_GENERAL_santafe_presidente_mesa.csv
2023,GENERAL,2023-10-22,PRESIDENTE Y VICE,21,Santa Fe,2,Las Colonias,00470,,IMPUGNADO,impugnados,0,PROVISORIO,2023_GENERAL_santafe_presidente_mesa.csv
2023,GENERAL,2023-10-22,PRESIDENTE Y VICE,21,Santa Fe,2,Las Colonias,00470,,JUNTOS POR EL CAMBIO,agrupacion,48,PROVISORIO,2023_GENERAL_santafe_presidente_mesa.csv
2023,GENERAL,2023-10-22,PRESIDENTE Y VICE,21,Santa Fe,2,Las Colonias,00470,,LA LIBERTAD AVANZA,agrupacion,74,PROVISORIO,2023_GENERAL_santafe_presidente_mesa.csv
2023,GENERAL,2023-10-22,PRESIDENTE Y VICE,21,Santa Fe,2,Las Colonias,00470,,NULO,nulos,0,PROVISORIO,2023_GENERAL_santafe_presidente_mesa.csv
2023,GENERAL,2023-10-22,PRESIDENTE Y VICE,21,Santa Fe,2,Las Colonias,00470,,RECURRIDO,recurridos,0,PROVISORIO,2023_GENERAL_santafe_presidente_mesa.csv
2023,GENERAL,2023-10-22,PRESIDENTE Y VICE,21,Santa Fe,2,Las Colonias,00470,,UNION POR LA PATRIA,agrupacion,73,PROVISORIO,2023_GENERAL_santafe_presidente_mesa.csv
2023,GENERAL,2023-10-22,PRESIDENTE Y VICE,21,Santa Fe,2,Las Colonias,00480,,COMANDO,comando,0,PROVISORIO,2023_GENERAL_santafe_presidente_mesa.csv
2023,GENERAL,2023-10-22,PRESIDENTE Y VICE,21,Santa Fe,2,Las Colonias,00480,,EN BLANCO,blancos,14,PROVISORIO,2023_GENERAL_santafe_presidente_mesa.csv
2023,GENERAL,2023-10-22,PRESIDENTE Y VICE,21,Santa Fe,2,Las Colonias,00480,,FRENTE DE IZQUIERDA Y DE TRABAJADORES - UNIDAD,agrupacion,5,PROVISORIO,2023_GENERAL_santafe_presidente_mesa.csv
2023,GENERAL,2023-10-22,PRESIDENTE Y VICE,21,Santa Fe,2,Las Colonias,00480,,HACEMOS POR NUESTRO PAIS,agrupacion,150,PROVISORIO,2023_GENERAL_santafe_presidente_mesa.csv
2023,GENERAL,2023-10-22,PRESIDENTE Y VICE,21,Santa Fe,2,Las Colonias,00480,,IMPUGNADO,impugnados,0,PROVISORIO,2023_GENERAL_santafe_presidente_mesa.csv
2023,GENERAL,2023-10-22,PRESIDENTE Y VICE,21,Santa Fe,2,Las Colonias,00480,,JUNTOS POR EL CAMBIO,agrupacion,320,PROVISORIO,2023_GENERAL_santafe_presidente_mesa.csv
2023,GENERAL,2023-10-22,PRESIDENTE Y VICE,21,Santa Fe,2,Las Colonias,00480,,LA LIBERTAD AVANZA,agrupacion,366,PROVISORIO,2023_GENERAL_santafe_presidente_mesa.csv
2023,GENERAL,2023-10-22,PRESIDENTE Y VICE,21,Santa Fe,2,Las Colonias,00480,,NULO,nulos,4,PROVISORIO,2023_GENERAL_santafe_presidente_mesa.csv
2023,GENERAL,2023-10-22,PRESIDENTE Y VICE,21,Santa Fe,2,Las Colonias,00480,,RECURRIDO,recurridos,0,PROVISORIO,2023_GENERAL_santafe_presidente_mesa.csv
2023,GENERAL,2023-10-22,PRESIDENTE Y VICE,21,Santa Fe,2,Las Colonias,00480,,UNION POR LA PATRIA,agrupacion,203,PROVISORIO,2023_GENERAL_santafe_presidente_mesa.csv
2023,GENERAL,2023-10-22,PRESIDENTE Y VICE,21,Santa Fe,2,Las Colonias,00490,,COMANDO,comando,0,PROVISORIO,2023_GENERAL_santafe_presidente_mesa.csv
2023,GENERAL,2023-10-22,PRESIDENTE Y VICE,21,Santa Fe,2,Las Colonias,00490,,EN BLANCO,blancos,15,PROVISORIO,2023_GENERAL_santafe_presidente_mesa.csv
2023,GENERAL,2023-10-22,PRESIDENTE Y VICE,21,Santa Fe,2,Las Colonias,00490,,FRENTE DE IZQUIERDA Y DE TRABAJADORES - UNIDAD,agrupacion,20,PROVISORIO,2023_GENERAL_santafe_presidente_mesa.csv
2023,GENERAL,2023-10-22,PRESIDENTE Y VICE,21,Santa Fe,2,Las Colonias,00490,,HACEMOS POR NUESTRO PAIS,agrupacion,59,PROVISORIO,2023_GENERAL_santafe_presidente_mesa.csv
2023,GENERAL,2023-10-22,PRESIDENTE Y VICE,21,Santa Fe,2,Las Colonias,00490,,IMPUGNADO,impugnados,0,PROVISORIO,2023_GENERAL_santafe_presidente_mesa.csv
2023,GENERAL,2023-10-22,PRESIDENTE Y VICE,21,Santa Fe,2,Las Colonias,00490,,JUNTOS POR EL CAMBIO,agrupacion,156,PROVISORIO,2023_GENERAL_santafe_presidente_mesa.csv
2023,GENERAL,2023-10-22,PRESIDENTE Y VICE,21,Santa Fe,2,Las Colonias,00490,,LA LIBERTAD AVANZA,agrupacion,251,PROVISORIO,2023_GENERAL_santafe_presidente_mesa.csv
2023,GENERAL,2023-10-22,PRESIDENTE Y VICE,21,Santa Fe,2,Las Colonias,00490,,NULO,nulos,11,PROVISORIO,2023_GENERAL_santafe_presidente_mesa.csv
2023,GENERAL,2023-10-22,PRESIDENTE Y VICE,21,Santa Fe,2,Las Colonias,00490,,RECURRIDO,recurridos,0,PROVISORIO,2023_GENERAL_santafe_presidente_mesa.csv
2023,GENERAL,2023-10-22,PRESIDENTE Y VICE,21,Santa Fe,2,Las Colonias,00490,,UNION POR LA PATRIA,agrupacion,157,PROVISORIO,2023_GENERAL_santafe_presidente_mesa.csv
2023,GENERAL,2023-10-22,PRESIDENTE Y VICE,21,Santa Fe,2,Las Colonias,00500,,COMANDO,comando,0,PROVISORIO,2023_GENERAL_santafe_presidente_mesa.csv
2023,GENERAL,2023-10-22,PRESIDENTE Y VICE,21,Santa Fe,2,Las Colonias,00500,,EN BLANCO,blancos,9,PROVISORIO,2023_GENERAL_santafe_presidente_mesa.csv
2023,GENERAL,2023-10-22,PRESIDENTE Y VICE,21,Santa Fe,2,Las Colonias,00500,,FRENTE DE IZQUIERDA Y DE TRABAJADORES - UNIDAD,agrupacion,0,PROVISORIO,2023_GENERAL_santafe_presidente_mesa.csv
2023,GENERAL,2023-10-22,PRESIDENTE Y VICE,21,Santa Fe,2,Las Colonias,00500,,HACEMOS POR NUESTRO PAIS,agrupacion,14,PROVISORIO,2023_GENERAL_santafe_presidente_mesa.csv
2023,GENERAL,2023-10-22,PRESIDENTE Y VICE,21,Santa Fe,2,Las Colonias,00500,,IMPUGNADO,impugnados,0,PROVISORIO,2023_GENERAL_santafe_presidente_mesa.csv
2023,GENERAL,2023-10-22,PRESIDENTE Y VICE,21,Santa Fe,2,Las Colonias,00500,,JUNTOS POR EL CAMBIO,agrupacion,22,PROVISORIO,2023_GENERAL_santafe_presidente_mesa.csv
2023,GENERAL,2023-10-22,PRESIDENTE Y VICE,21,Santa Fe,2,Las Colonias,00500,,LA LIBERTAD AVANZA,agrupacion,48,PROVISORIO,2023_GENERAL_santafe_presidente_mesa.csv
2023,GENERAL,2023-10-22,PRESIDENTE Y VICE,21,Santa Fe,2,Las Colonias,00500,,NULO,nulos,0,PROVISORIO,2023_GENERAL_santafe_presidente_mesa.csv
2023,GENERAL,2023-10-22,PRESIDENTE Y VICE,21,Santa Fe,2,Las Colonias,00500,,RECURRIDO,recurridos,0,PROVISORIO,2023_GENERAL_santafe_presidente_mesa.csv
2023,GENERAL,2023-10-22,PRESIDENTE Y VICE,21,Santa Fe,2,Las Colonias,00500,,UNION POR LA PATRIA,agrupacion,20,PROVISORIO,2023_GENERAL_santafe_presidente_mesa.csv
2023,GENERAL,2023-10-22,PRESIDENTE Y VICE,21,Santa Fe,2,Las Colonias,00510,,COMANDO,comando,0,PROVISORIO,2023_GENERAL_santafe_presidente_mesa.csv
2023,GENERAL,2023-10-22,PRESIDENTE Y VICE,21,Santa Fe,2,Las Colonias,00510,,EN BLANCO,blancos,4,PROVISORIO,2023_GENERAL_santafe_presidente_mesa.csv
2023,GENERAL,2023-10-22,PRESIDENTE Y VICE,21,Santa Fe,2,Las Colonias,00510,,FRENTE DE IZQUIERDA Y DE TRABAJADORES - UNIDAD,agrupacion,5,PROVISORIO,2023_GENERAL_santafe_presidente_mesa.csv
2023,GENERAL,2023-10-22,PRESIDENTE Y VICE,21,Santa Fe,2,Las Colonias,00510,,HACEMOS POR NUESTRO PAIS,agrupacion,81,PROVISORIO,2023_GENERAL_santafe_presidente_mesa.csv
2023,GENERAL,2023-10-22,PRESIDENTE Y VICE,21,Santa Fe,2,Las Colonias,00510,,IMPUGNADO,impugnados,0,PROVISORIO,2023_GENERAL_santafe_presidente_mesa.csv
2023,GENERAL,2023-10-22,PRESIDENTE Y VICE,21,Santa Fe,2,Las Colonias,00510,,JUNTOS POR EL CAMBIO,agrupacion,110,PROVISORIO,2023_GENERAL_santafe_presidente_mesa.csv
2023,GENERAL,2023-10-22,PRESIDENTE Y VICE,21,Santa Fe,2,Las Colonias,00510,,LA LIBERTAD AVANZA,agrupacion,203,PROVISORIO,2023_GENERAL_santafe_presidente_mesa.csv
2023,GENERAL,2023-10-22,PRESIDENTE Y VICE,21,Santa Fe,2,Las Colonias,00510,,NULO,nulos,5,PROVISORIO,2023_GENERAL_santafe_presidente_mesa.csv
2023,GENERAL,2023-10-22,PRESIDENTE Y VICE,21,Santa Fe,2,Las Colonias,00510,,RECURRIDO,recurridos,0,PROVISORIO,2023_GENERAL_santafe_presidente_mesa.csv
2023,GENERAL,2023-10-22,PRESIDENTE Y VICE,21,Santa Fe,2,Las Colonias,00510,,UNION POR LA PATRIA,agrupacion,155,PROVISORIO,2023_GENERAL_santafe_presidente_mesa.csv
2023,GENERAL,2023-10-22,PRESIDENTE Y VICE,21,Santa Fe,2,Las Colonias,00520,San Jerónimo Norte,COMANDO,comando,2,PROVISORIO,2023_GENERAL_santafe_presidente_mesa.csv
2023,GENERAL,2023-10-22,PRESIDENTE Y VICE,21,Santa Fe,2,Las Colonias,00520,San Jerónimo Norte,EN BLANCO,blancos,36,PROVISORIO,2023_GENERAL_santafe_presidente_mesa.csv
2023,GENERAL,2023-10-22,PRESIDENTE Y VICE,21,Santa Fe,2,Las Colonias,00520,San Jerónimo Norte,FRENTE DE IZQUIERDA Y DE TRABAJADORES - UNIDAD,agrupacion,59,PROVISORIO,2023_GENERAL_santafe_presidente_mesa.csv
2023,GENERAL,2023-10-22,PRESIDENTE Y VICE,21,Santa Fe,2,Las Colonias,00520,San Jerónimo Norte,HACEMOS POR NUESTRO PAIS,agrupacion,573,PROVISORIO,2023_GENERAL_santafe_presidente_mesa.csv
2023,GENERAL,2023-10-22,PRESIDENTE Y VICE,21,Santa Fe,2,Las Colonias,00520,San Jerónimo Norte,IMPUGNADO,impugnados,0,PROVISORIO,2023_GENERAL_santafe_presidente_mesa.csv
2023,GENERAL,2023-10-22,PRESIDENTE Y VICE,21,Santa Fe,2,Las Colonias,00520,San Jerónimo Norte,JUNTOS POR EL CAMBIO,agrupacion,1589,PROVISORIO,2023_GENERAL_santafe_presidente_mesa.csv
2023,GENERAL,2023-10-22,PRESIDENTE Y VICE,21,Santa Fe,2,Las Colonias,00520,San Jerónimo Norte,LA LIBERTAD AVANZA,agrupacion,1795,PROVISORIO,2023_GENERAL_santafe_presidente_mesa.csv
2023,GENERAL,2023-10-22,PRESIDENTE Y VICE,21,Santa Fe,2,Las Colonias,00520,San Jerónimo Norte,NULO,nulos,51,PROVISORIO,2023_GENERAL_santafe_presidente_mesa.csv
2023,GENERAL,2023-10-22,PRESIDENTE Y VICE,21,Santa Fe,2,Las Colonias,00520,San Jerónimo Norte,RECURRIDO,recurridos,0,PROVISORIO,2023_GENERAL_santafe_presidente_mesa.csv
2023,GENERAL,2023-10-22,PRESIDENTE Y VICE,21,Santa Fe,2,Las Colonias,00520,San Jerónimo Norte,UNION POR LA PATRIA,agrupacion,609,PROVISORIO,2023_GENERAL_santafe_presidente_mesa.csv
2023,GENERAL,2023-10-22,PRESIDENTE Y VICE,21,Santa Fe,2,Las Colonias,00530,Franck,COMANDO,comando,0,PROVISORIO,2023_GENERAL_santafe_presidente_mesa.csv
2023,GENERAL,2023-10-22,PRESIDENTE Y VICE,21,Santa Fe,2,Las Colonias,00530,Franck,EN BLANCO,blancos,51,PROVISORIO,2023_GENERAL_santafe_presidente_mesa.csv
2023,GENERAL,2023-10-22,PRESIDENTE Y VICE,21,Santa Fe,2,Las Colonias,00530,Franck,FRENTE DE IZQUIERDA Y DE TRABAJADORES - UNIDAD,agrupacion,26,PROVISORIO,2023_GENERAL_santafe_presidente_mesa.csv
2023,GENERAL,2023-10-22,PRESIDENTE Y VICE,21,Santa Fe,2,Las Colonias,00530,Franck,HACEMOS POR NUESTRO PAIS,agrupacion,372,PROVISORIO,2023_GENERAL_santafe_presidente_mesa.csv
2023,GENERAL,2023-10-22,PRESIDENTE Y VICE,21,Santa Fe,2,Las Colonias,00530,Franck,IMPUGNADO,impugnados,0,PROVISORIO,2023_GENERAL_santafe_presidente_mesa.csv
2023,GENERAL,2023-10-22,PRESIDENTE Y VICE,21,Santa Fe,2,Las Colonias,00530,Franck,JUNTOS POR EL CAMBIO,agrupacion,1410,PROVISORIO,2023_GENERAL_santafe_presidente_mesa.csv
2023,GENERAL,2023-10-22,PRESIDENTE Y VICE,21,Santa Fe,2,Las Colonias,00530,Franck,LA LIBERTAD AVANZA,agrupacion,1903,PROVISORIO,2023_GENERAL_santafe_presidente_mesa.csv
2023,GENERAL,2023-10-22,PRESIDENTE Y VICE,21,Santa Fe,2,Las Colonias,00530,Franck,NULO,nulos,39,PROVISORIO,2023_GENERAL_santafe_presidente_mesa.csv
2023,GENERAL,2023-10-22,PRESIDENTE Y VICE,21,Santa Fe,2,Las Colonias,00530,Franck,RECURRIDO,recurridos,0,PROVISORIO,2023_GENERAL_santafe_presidente_mesa.csv
2023,GENERAL,2023-10-22,PRESIDENTE Y VICE,21,Santa Fe,2,Las Colonias,00530,Franck,UNION POR LA PATRIA,agrupacion,479,PROVISORIO,2023_GENERAL_santafe_presidente_mesa.csv
2023,GENERAL,2023-10-22,PRESIDENTE Y VICE,21,Santa Fe,2,Las Colonias,00540,,COMANDO,comando,0,PROVISORIO,2023_GENERAL_santafe_presidente_mesa.csv
2023,GENERAL,2023-10-22,PRESIDENTE Y VICE,21,Santa Fe,2,Las Colonias,00540,,EN BLANCO,blancos,2,PROVISORIO,2023_GENERAL_santafe_presidente_mesa.csv
2023,GENERAL,2023-10-22,PRESIDENTE Y VICE,21,Santa Fe,2,Las Colonias,00540,,FRENTE DE IZQUIERDA Y DE TRABAJADORES - UNIDAD,agrupacion,2,PROVISORIO,2023_GENERAL_santafe_presidente_mesa.csv
2023,GENERAL,2023-10-22,PRESIDENTE Y VICE,21,Santa Fe,2,Las Colonias,00540,,HACEMOS POR NUESTRO PAIS,agrupacion,43,PROVISORIO,2023_GENERAL_santafe_presidente_mesa.csv
2023,GENERAL,2023-10-22,PRESIDENTE Y VICE,21,Santa Fe,2,Las Colonias,00540,,IMPUGNADO,impugnados,0,PROVISORIO,2023_GENERAL_santafe_presidente_mesa.csv
2023,GENERAL,2023-10-22,PRESIDENTE Y VICE,21,Santa Fe,2,Las Colonias,00540,,JUNTOS POR EL CAMBIO,agrupacion,87,PROVISORIO,2023_GENERAL_santafe_presidente_mesa.csv
2023,GENERAL,2023-10-22,PRESIDENTE Y VICE,21,Santa Fe,2,Las Colonias,00540,,LA LIBERTAD AVANZA,agrupacion,170,PROVISORIO,2023_GENERAL_santafe_presidente_mesa.csv
2023,GENERAL,2023-10-22,PRESIDENTE Y VICE,21,Santa Fe,2,Las Colonias,00540,,NULO,nulos,1,PROVISORIO,2023_GENERAL_santafe_presidente_mesa.csv
2023,GENERAL,2023-10-22,PRESIDENTE Y VICE,21,Santa Fe,2,Las Colonias,00540,,RECURRIDO,recurridos,0,PROVISORIO,2023_GENERAL_santafe_presidente_mesa.csv
2023,GENERAL,2023-10-22,PRESIDENTE Y VICE,21,Santa Fe,2,Las Colonias,00540,,UNION POR LA PATRIA,agrupacion,58,PROVISORIO,2023_GENERAL_santafe_presidente_mesa.csv
2023,GENERAL,2023-10-22,PRESIDENTE Y VICE,21,Santa Fe,2,Las Colonias,00550,Esperanza,COMANDO,comando,17,PROVISORIO,2023_GENERAL_santafe_presidente_mesa.csv
2023,GENERAL,2023-10-22,PRESIDENTE Y VICE,21,Santa Fe,2,Las Colonias,00550,Esperanza,EN BLANCO,blancos,223,PROVISORIO,2023_GENERAL_santafe_presidente_mesa.csv
2023,GENERAL,2023-10-22,PRESIDENTE Y VICE,21,Santa Fe,2,Las Colonias,00550,Esperanza,FRENTE DE IZQUIERDA Y DE TRABAJADORES - UNIDAD,agrupacion,310,PROVISORIO,2023_GENERAL_santafe_presidente_mesa.csv
2023,GENERAL,2023-10-22,PRESIDENTE Y VICE,21,Santa Fe,2,Las Colonias,00550,Esperanza,HACEMOS POR NUESTRO PAIS,agrupacion,2342,PROVISORIO,2023_GENERAL_santafe_presidente_mesa.csv
2023,GENERAL,2023-10-22,PRESIDENTE Y VICE,21,Santa Fe,2,Las Colonias,00550,Esperanza,IMPUGNADO,impugnados,0,PROVISORIO,2023_GENERAL_santafe_presidente_mesa.csv
2023,GENERAL,2023-10-22,PRESIDENTE Y VICE,21,Santa Fe,2,Las Colonias,00550,Esperanza,JUNTOS POR EL CAMBIO,agrupacion,7850,PROVISORIO,2023_GENERAL_santafe_presidente_mesa.csv
2023,GENERAL,2023-10-22,PRESIDENTE Y VICE,21,Santa Fe,2,Las Colonias,00550,Esperanza,LA LIBERTAD AVANZA,agrupacion,11247,PROVISORIO,2023_GENERAL_santafe_presidente_mesa.csv
2023,GENERAL,2023-10-22,PRESIDENTE Y VICE,21,Santa Fe,2,Las Colonias,00550,Esperanza,NULO,nulos,339,PROVISORIO,2023_GENERAL_santafe_presidente_mesa.csv
2023,GENERAL,2023-10-22,PRESIDENTE Y VICE,21,Santa Fe,2,Las Colonias,00550,Esperanza,RECURRIDO,recurridos,5,PROVISORIO,2023_GENERAL_santafe_presidente_mesa.csv
2023,GENERAL,2023-10-22,PRESIDENTE Y VICE,21,Santa Fe,2,Las Colonias,00550,Esperanza,UNION POR LA PATRIA,agrupacion,4153,PROVISORIO,2023_GENERAL_santafe_presidente_mesa.csv
2023,GENERAL,2023-10-22,PRESIDENTE Y VICE,21,Santa Fe,2,Las Colonias,00557,,COMANDO,comando,2,PROVISORIO,2023_GENERAL_santafe_presidente_mesa.csv
2023,GENERAL,2023-10-22,PRESIDENTE Y VICE,21,Santa Fe,2,Las Colonias,00557,,EN BLANCO,blancos,0,PROVISORIO,2023_GENERAL_santafe_presidente_mesa.csv
2023,GENERAL,2023-10-22,PRESIDENTE Y VICE,21,Santa Fe,2,Las Colonias,00557,,FRENTE DE IZQUIERDA Y DE TRABAJADORES - UNIDAD,agrupacion,1,PROVISORIO,2023_GENERAL_santafe_presidente_mesa.csv
2023,GENERAL,2023-10-22,PRESIDENTE Y VICE,21,Santa Fe,2,Las Colonias,00557,,HACEMOS POR NUESTRO PAIS,agrupacion,4,PROVISORIO,2023_GENERAL_santafe_presidente_mesa.csv
2023,GENERAL,2023-10-22,PRESIDENTE Y VICE,21,Santa Fe,2,Las Colonias,00557,,IMPUGNADO,impugnados,0,PROVISORIO,2023_GENERAL_santafe_presidente_mesa.csv
2023,GENERAL,2023-10-22,PRESIDENTE Y VICE,21,Santa Fe,2,Las Colonias,00557,,JUNTOS POR EL CAMBIO,agrupacion,15,PROVISORIO,2023_GENERAL_santafe_presidente_mesa.csv
2023,GENERAL,2023-10-22,PRESIDENTE Y VICE,21,Santa Fe,2,Las Colonias,00557,,LA LIBERTAD AVANZA,agrupacion,39,PROVISORIO,2023_GENERAL_santafe_presidente_mesa.csv
2023,GENERAL,2023-10-22,PRESIDENTE Y VICE,21,Santa Fe,2,Las Colonias,00557,,NULO,nulos,2,PROVISORIO,2023_GENERAL_santafe_presidente_mesa.csv
2023,GENERAL,2023-10-22,PRESIDENTE Y VICE,21,Santa Fe,2,Las Colonias,00557,,RECURRIDO,recurridos,0,PROVISORIO,2023_GENERAL_santafe_presidente_mesa.csv
2023,GENERAL,2023-10-22,PRESIDENTE Y VICE,21,Santa Fe,2,Las Colonias,00557,,UNION POR LA PATRIA,agrupacion,7,PROVISORIO,2023_GENERAL_santafe_presidente_mesa.csv
2023,GENERAL,2023-10-22,PRESIDENTE Y VICE,21,Santa Fe,2,Las Colonias,00559,,COMANDO,comando,2,PROVISORIO,2023_GENERAL_santafe_presidente_mesa.csv
2023,GENERAL,2023-10-22,PRESIDENTE Y VICE,21,Santa Fe,2,Las Colonias,00559,,EN BLANCO,blancos,0,PROVISORIO,2023_GENERAL_santafe_presidente_mesa.csv
2023,GENERAL,2023-10-22,PRESIDENTE Y VICE,21,Santa Fe,2,Las Colonias,00559,,FRENTE DE IZQUIERDA Y DE TRABAJADORES - UNIDAD,agrupacion,0,PROVISORIO,2023_GENERAL_santafe_presidente_mesa.csv
2023,GENERAL,2023-10-22,PRESIDENTE Y VICE,21,Santa Fe,2,Las Colonias,00559,,HACEMOS POR NUESTRO PAIS,agrupacion,2,PROVISORIO,2023_GENERAL_santafe_presidente_mesa.csv
2023,GENERAL,2023-10-22,PRESIDENTE Y VICE,21,Santa Fe,2,Las Colonias,00559,,IMPUGNADO,impugnados,0,PROVISORIO,2023_GENERAL_santafe_presidente_mesa.csv
2023,GENERAL,2023-10-22,PRESIDENTE Y VICE,21,Santa Fe,2,Las Colonias,00559,,JUNTOS POR EL CAMBIO,agrupacion,2,PROVISORIO,2023_GENERAL_santafe_presidente_mesa.csv
2023,GENERAL,2023-10-22,PRESIDENTE Y VICE,21,Santa Fe,2,Las Colonias,00559,,LA LIBERTAD AVANZA,agrupacion,19,PROVISORIO,2023_GENERAL_santafe_presidente_mesa.csv
2023,GENERAL,2023-10-22,PRESIDENTE Y VICE,21,Santa Fe,2,Las Colonias,00559,,NULO,nulos,0,PROVISORIO,2023_GENERAL_santafe_presidente_mesa.csv
2023,GENERAL,2023-10-22,PRESIDENTE Y VICE,21,Santa Fe,2,Las Colonias,00559,,RECURRIDO,recurridos,0,PROVISORIO,2023_GENERAL_santafe_presidente_mesa.csv
2023,GENERAL,2023-10-22,PRESIDENTE Y VICE,21,Santa Fe,2,Las Colonias,00559,,UNION POR LA PATRIA,agrupacion,7,PROVISORIO,2023_GENERAL_santafe_presidente_mesa.csv
2023,GENERAL,2023-10-22,PRESIDENTE Y VICE,21,Santa Fe,2,Las Colonias,00560,Humboldt,COMANDO,comando,1,PROVISORIO,2023_GENERAL_santafe_presidente_mesa.csv
2023,GENERAL,2023-10-22,PRESIDENTE Y VICE,21,Santa Fe,2,Las Colonias,00560,Humboldt,EN BLANCO,blancos,18,PROVISORIO,2023_GENERAL_santafe_presidente_mesa.csv
2023,GENERAL,2023-10-22,PRESIDENTE Y VICE,21,Santa Fe,2,Las Colonias,00560,Humboldt,FRENTE DE IZQUIERDA Y DE TRABAJADORES - UNIDAD,agrupacion,39,PROVISORIO,2023_GENERAL_santafe_presidente_mesa.csv
2023,GENERAL,2023-10-22,PRESIDENTE Y VICE,21,Santa Fe,2,Las Colonias,00560,Humboldt,HACEMOS POR NUESTRO PAIS,agrupacion,400,PROVISORIO,2023_GENERAL_santafe_presidente_mesa.csv
2023,GENERAL,2023-10-22,PRESIDENTE Y VICE,21,Santa Fe,2,Las Colonias,00560,Humboldt,IMPUGNADO,impugnados,0,PROVISORIO,2023_GENERAL_santafe_presidente_mesa.csv
2023,GENERAL,2023-10-22,PRESIDENTE Y VICE,21,Santa Fe,2,Las Colonias,00560,Humboldt,JUNTOS POR EL CAMBIO,agrupacion,936,PROVISORIO,2023_GENERAL_santafe_presidente_mesa.csv
2023,GENERAL,2023-10-22,PRESIDENTE Y VICE,21,Santa Fe,2,Las Colonias,00560,Humboldt,LA LIBERTAD AVANZA,agrupacion,1574,PROVISORIO,2023_GENERAL_santafe_presidente_mesa.csv
2023,GENERAL,2023-10-22,PRESIDENTE Y VICE,21,Santa Fe,2,Las Colonias,00560,Humboldt,NULO,nulos,27,PROVISORIO,2023_GENERAL_santafe_presidente_mesa.csv
2023,GENERAL,2023-10-22,PRESIDENTE Y VICE,21,Santa Fe,2,Las Colonias,00560,Humboldt,RECURRIDO,recurridos,0,PROVISORIO,2023_GENERAL_santafe_presidente_mesa.csv
2023,GENERAL,2023-10-22,PRESIDENTE Y VICE,21,Santa Fe,2,Las Colonias,00560,Humboldt,UNION POR LA PATRIA,agrupacion,510,PROVISORIO,2023_GENERAL_santafe_presidente_mesa.csv
2023,GENERAL,2023-10-22,PRESIDENTE Y VICE,21,Santa Fe,2,Las Colonias,00570,Pilar,COMANDO,comando,0,PROVISORIO,2023_GENERAL_santafe_presidente_mesa.csv
2023,GENERAL,2023-10-22,PRESIDENTE Y VICE,21,Santa Fe,2,Las Colonias,00570,Pilar,EN BLANCO,blancos,43,PROVISORIO,2023_GENERAL_santafe_presidente_mesa.csv
2023,GENERAL,2023-10-22,PRESIDENTE Y VICE,21,Santa Fe,2,Las Colonias,00570,Pilar,FRENTE DE IZQUIERDA Y DE TRABAJADORES - UNIDAD,agrupacion,32,PROVISORIO,2023_GENERAL_santafe_presidente_mesa.csv
2023,GENERAL,2023-10-22,PRESIDENTE Y VICE,21,Santa Fe,2,Las Colonias,00570,Pilar,HACEMOS POR NUESTRO PAIS,agrupacion,449,PROVISORIO,2023_GENERAL_santafe_presidente_mesa.csv
2023,GENERAL,2023-10-22,PRESIDENTE Y VICE,21,Santa Fe,2,Las Colonias,00570,Pilar,IMPUGNADO,impugnados,0,PROVISORIO,2023_GENERAL_santafe_presidente_mesa.csv
2023,GENERAL,2023-10-22,PRESIDENTE Y VICE,21,Santa Fe,2,Las Colonias,00570,Pilar,JUNTOS POR EL CAMBIO,agrupacion,827,PROVISORIO,2023_GENERAL_santafe_presidente_mesa.csv
2023,GENERAL,2023-10-22,PRESIDENTE Y VICE,21,Santa Fe,2,Las Colonias,00570,Pilar,LA LIBERTAD AVANZA,agrupacion,1151,PROVISORIO,2023_GENERAL_santafe_presidente_mesa.csv
2023,GENERAL,2023-10-22,PRESIDENTE Y VICE,21,Santa Fe,2,Las Colonias,00570,Pilar,NULO,nulos,27,PROVISORIO,2023_GENERAL_santafe_presidente_mesa.csv
2023,GENERAL,2023-10-22,PRESIDENTE Y VICE,21,Santa Fe,2,Las Colonias,00570,Pilar,RECURRIDO,recurridos,0,PROVISORIO,2023_GENERAL_santafe_presidente_mesa.csv
2023,GENERAL,2023-10-22,PRESIDENTE Y VICE,21,Santa Fe,2,Las Colonias,00570,Pilar,UNION POR LA PATRIA,agrupacion,656,PROVISORIO,2023_GENERAL_santafe_presidente_mesa.csv
2023,GENERAL,2023-10-22,PRESIDENTE Y VICE,21,Santa Fe,2,Las Colonias,00580,,COMANDO,comando,1,PROVISORIO,2023_GENERAL_santafe_presidente_mesa.csv
2023,GENERAL,2023-10-22,PRESIDENTE Y VICE,21,Santa Fe,2,Las Colonias,00580,,EN BLANCO,blancos,6,PROVISORIO,2023_GENERAL_santafe_presidente_mesa.csv
2023,GENERAL,2023-10-22,PRESIDENTE Y VICE,21,Santa Fe,2,Las Colonias,00580,,FRENTE DE IZQUIERDA Y DE TRABAJADORES - UNIDAD,agrupacion,1,PROVISORIO,2023_GENERAL_santafe_presidente_mesa.csv
2023,GENERAL,2023-10-22,PRESIDENTE Y VICE,21,Santa Fe,2,Las Colonias,00580,,HACEMOS POR NUESTRO PAIS,agrupacion,46,PROVISORIO,2023_GENERAL_santafe_presidente_mesa.csv
2023,GENERAL,2023-10-22,PRESIDENTE Y VICE,21,Santa Fe,2,Las Colonias,00580,,IMPUGNADO,impugnados,0,PROVISORIO,2023_GENERAL_santafe_presidente_mesa.csv
2023,GENERAL,2023-10-22,PRESIDENTE Y VICE,21,Santa Fe,2,Las Colonias,00580,,JUNTOS POR EL CAMBIO,agrupacion,136,PROVISORIO,2023_GENERAL_santafe_presidente_mesa.csv
2023,GENERAL,2023-10-22,PRESIDENTE Y VICE,21,Santa Fe,2,Las Colonias,00580,,LA LIBERTAD AVANZA,agrupacion,204,PROVISORIO,2023_GENERAL_santafe_presidente_mesa.csv
2023,GENERAL,2023-10-22,PRESIDENTE Y VICE,21,Santa Fe,2,Las Colonias,00580,,NULO,nulos,0,PROVISORIO,2023_GENERAL_santafe_presidente_mesa.csv
2023,GENERAL,2023-10-22,PRESIDENTE Y VICE,21,Santa Fe,2,Las Colonias,00580,,RECURRIDO,recurridos,0,PROVISORIO,2023_GENERAL_santafe_presidente_mesa.csv
2023,GENERAL,2023-10-22,PRESIDENTE Y VICE,21,Santa Fe,2,Las Colonias,00580,,UNION POR LA PATRIA,agrupacion,57,PROVISORIO,2023_GENERAL_santafe_presidente_mesa.csv
2023,GENERAL,2023-10-22,PRESIDENTE Y VICE,21,Santa Fe,2,Las Colonias,00590,,COMANDO,comando,0,PROVISORIO,2023_GENERAL_santafe_presidente_mesa.csv
2023,GENERAL,2023-10-22,PRESIDENTE Y VICE,21,Santa Fe,2,Las Colonias,00590,,EN BLANCO,blancos,4,PROVISORIO,2023_GENERAL_santafe_presidente_mesa.csv
2023,GENERAL,2023-10-22,PRESIDENTE Y VICE,21,Santa Fe,2,Las Colonias,00590,,FRENTE DE IZQUIERDA Y DE TRABAJADORES - UNIDAD,agrupacion,2,PROVISORIO,2023_GENERAL_santafe_presidente_mesa.csv
2023,GENERAL,2023-10-22,PRESIDENTE Y VICE,21,Santa Fe,2,Las Colonias,00590,,HACEMOS POR NUESTRO PAIS,agrupacion,26,PROVISORIO,2023_GENERAL_santafe_presidente_mesa.csv
2023,GENERAL,2023-10-22,PRESIDENTE Y VICE,21,Santa Fe,2,Las Colonias,00590,,IMPUGNADO,impugnados,0,PROVISORIO,2023_GENERAL_santafe_presidente_mesa.csv
2023,GENERAL,2023-10-22,PRESIDENTE Y VICE,21,Santa Fe,2,Las Colonias,00590,,JUNTOS POR EL CAMBIO,agrupacion,57,PROVISORIO,2023_GENERAL_santafe_presidente_mesa.csv
2023,GENERAL,2023-10-22,PRESIDENTE Y VICE,21,Santa Fe,2,Las Colonias,00590,,LA LIBERTAD AVANZA,agrupacion,118,PROVISORIO,2023_GENERAL_santafe_presidente_mesa.csv
2023,GENERAL,2023-10-22,PRESIDENTE Y VICE,21,Santa Fe,2,Las Colonias,00590,,NULO,nulos,1,PROVISORIO,2023_GENERAL_santafe_presidente_mesa.csv
2023,GENERAL,2023-10-22,PRESIDENTE Y VICE,21,Santa Fe,2,Las Colonias,00590,,RECURRIDO,recurridos,0,PROVISORIO,2023_GENERAL_santafe_presidente_mesa.csv
2023,GENERAL,2023-10-22,PRESIDENTE Y VICE,21,Santa Fe,2,Las Colonias,00590,,UNION POR LA PATRIA,agrupacion,43,PROVISORIO,2023_GENERAL_santafe_presidente_mesa.csv
2023,GENERAL,2023-10-22,PRESIDENTE Y VICE,21,Santa Fe,2,Las Colonias,00600,Felicia,COMANDO,comando,1,PROVISORIO,2023_GENERAL_santafe_presidente_mesa.csv
2023,GENERAL,2023-10-22,PRESIDENTE Y VICE,21,Santa Fe,2,Las Colonias,00600,Felicia,EN BLANCO,blancos,23,PROVISORIO,2023_GENERAL_santafe_presidente_mesa.csv
2023,GENERAL,2023-10-22,PRESIDENTE Y VICE,21,Santa Fe,2,Las Colonias,00600,Felicia,FRENTE DE IZQUIERDA Y DE TRABAJADORES - UNIDAD,agrupacion,12,PROVISORIO,2023_GENERAL_santafe_presidente_mesa.csv
2023,GENERAL,2023-10-22,PRESIDENTE Y VICE,21,Santa Fe,2,Las Colonias,00600,Felicia,HACEMOS POR NUESTRO PAIS,agrupacion,132,PROVISORIO,2023_GENERAL_santafe_presidente_mesa.csv
2023,GENERAL,2023-10-22,PRESIDENTE Y VICE,21,Santa Fe,2,Las Colonias,00600,Felicia,IMPUGNADO,impugnados,0,PROVISORIO,2023_GENERAL_santafe_presidente_mesa.csv
2023,GENERAL,2023-10-22,PRESIDENTE Y VICE,21,Santa Fe,2,Las Colonias,00600,Felicia,JUNTOS POR EL CAMBIO,agrupacion,538,PROVISORIO,2023_GENERAL_santafe_presidente_mesa.csv
2023,GENERAL,2023-10-22,PRESIDENTE Y VICE,21,Santa Fe,2,Las Colonias,00600,Felicia,LA LIBERTAD AVANZA,agrupacion,646,PROVISORIO,2023_GENERAL_santafe_presidente_mesa.csv
2023,GENERAL,2023-10-22,PRESIDENTE Y VICE,21,Santa Fe,2,Las Colonias,00600,Felicia,NULO,nulos,13,PROVISORIO,2023_GENERAL_santafe_presidente_mesa.csv
2023,GENERAL,2023-10-22,PRESIDENTE Y VICE,21,Santa Fe,2,Las Colonias,00600,Felicia,RECURRIDO,recurridos,0,PROVISORIO,2023_GENERAL_santafe_presidente_mesa.csv
2023,GENERAL,2023-10-22,PRESIDENTE Y VICE,21,Santa Fe,2,Las Colonias,00600,Felicia,UNION POR LA PATRIA,agrupacion,152,PROVISORIO,2023_GENERAL_santafe_presidente_mesa.csv
2023,GENERAL,2023-10-22,PRESIDENTE Y VICE,21,Santa Fe,2,Las Colonias,00610,,COMANDO,comando,2,PROVISORIO,2023_GENERAL_santafe_presidente_mesa.csv
2023,GENERAL,2023-10-22,PRESIDENTE Y VICE,21,Santa Fe,2,Las Colonias,00610,,EN BLANCO,blancos,6,PROVISORIO,2023_GENERAL_santafe_presidente_mesa.csv
2023,GENERAL,2023-10-22,PRESIDENTE Y VICE,21,Santa Fe,2,Las Colonias,00610,,FRENTE DE IZQUIERDA Y DE TRABAJADORES - UNIDAD,agrupacion,2,PROVISORIO,2023_GENERAL_santafe_presidente_mesa.csv
2023,GENERAL,2023-10-22,PRESIDENTE Y VICE,21,Santa Fe,2,Las Colonias,00610,,HACEMOS POR NUESTRO PAIS,agrupacion,55,PROVISORIO,2023_GENERAL_santafe_presidente_mesa.csv
2023,GENERAL,2023-10-22,PRESIDENTE Y VICE,21,Santa Fe,2,Las Colonias,00610,,IMPUGNADO,impugnados,0,PROVISORIO,2023_GENERAL_santafe_presidente_mesa.csv
2023,GENERAL,2023-10-22,PRESIDENTE Y VICE,21,Santa Fe,2,Las Colonias,00610,,JUNTOS POR EL CAMBIO,agrupacion,158,PROVISORIO,2023_GENERAL_santafe_presidente_mesa.csv
2023,GENERAL,2023-10-22,PRESIDENTE Y VICE,21,Santa Fe,2,Las Colonias,00610,,LA LIBERTAD AVANZA,agrupacion,191,PROVISORIO,2023_GENERAL_santafe_presidente_mesa.csv
2023,GENERAL,2023-10-22,PRESIDENTE Y VICE,21,Santa Fe,2,Las Colonias,00610,,NULO,nulos,3,PROVISORIO,2023_GENERAL_santafe_presidente_mesa.csv
2023,GENERAL,2023-10-22,PRESIDENTE Y VICE,21,Santa Fe,2,Las Colonias,00610,,RECURRIDO,recurridos,0,PROVISORIO,2023_GENERAL_santafe_presidente_mesa.csv
2023,GENERAL,2023-10-22,PRESIDENTE Y VICE,21,Santa Fe,2,Las Colonias,00610,,UNION POR LA PATRIA,agrupacion,143,PROVISORIO,2023_GENERAL_santafe_presidente_mesa.csv
2023,GENERAL,2023-10-22,PRESIDENTE Y VICE,21,Santa Fe,2,Las Colonias,00620,,COMANDO,comando,0,PROVISORIO,2023_GENERAL_santafe_presidente_mesa.csv
2023,GENERAL,2023-10-22,PRESIDENTE Y VICE,21,Santa Fe,2,Las Colonias,00620,,EN BLANCO,blancos,9,PROVISORIO,2023_GENERAL_santafe_presidente_mesa.csv
2023,GENERAL,2023-10-22,PRESIDENTE Y VICE,21,Santa Fe,2,Las Colonias,00620,,FRENTE DE IZQUIERDA Y DE TRABAJADORES - UNIDAD,agrupacion,17,PROVISORIO,2023_GENERAL_santafe_presidente_mesa.csv
2023,GENERAL,2023-10-22,PRESIDENTE Y VICE,21,Santa Fe,2,Las Colonias,00620,,HACEMOS POR NUESTRO PAIS,agrupacion,120,PROVISORIO,2023_GENERAL_santafe_presidente_mesa.csv
2023,GENERAL,2023-10-22,PRESIDENTE Y VICE,21,Santa Fe,2,Las Colonias,00620,,IMPUGNADO,impugnados,0,PROVISORIO,2023_GENERAL_santafe_presidente_mesa.csv
2023,GENERAL,2023-10-22,PRESIDENTE Y VICE,21,Santa Fe,2,Las Colonias,00620,,JUNTOS POR EL CAMBIO,agrupacion,351,PROVISORIO,2023_GENERAL_santafe_presidente_mesa.csv
2023,GENERAL,2023-10-22,PRESIDENTE Y VICE,21,Santa Fe,2,Las Colonias,00620,,LA LIBERTAD AVANZA,agrupacion,520,PROVISORIO,2023_GENERAL_santafe_presidente_mesa.csv
2023,GENERAL,2023-10-22,PRESIDENTE Y VICE,21,Santa Fe,2,Las Colonias,00620,,NULO,nulos,6,PROVISORIO,2023_GENERAL_santafe_presidente_mesa.csv
2023,GENERAL,2023-10-22,PRESIDENTE Y VICE,21,Santa Fe,2,Las Colonias,00620,,RECURRIDO,recurridos,0,PROVISORIO,2023_GENERAL_santafe_presidente_mesa.csv
2023,GENERAL,2023-10-22,PRESIDENTE Y VICE,21,Santa Fe,2,Las Colonias,00620,,UNION POR LA PATRIA,agrupacion,134,PROVISORIO,2023_GENERAL_santafe_presidente_mesa.csv
2023,GENERAL,2023-10-22,PRESIDENTE Y VICE,21,Santa Fe,2,Las Colonias,00630,Progreso,COMANDO,comando,1,PROVISORIO,2023_GENERAL_santafe_presidente_mesa.csv
2023,GENERAL,2023-10-22,PRESIDENTE Y VICE,21,Santa Fe,2,Las Colonias,00630,Progreso,EN BLANCO,blancos,10,PROVISORIO,2023_GENERAL_santafe_presidente_mesa.csv
2023,GENERAL,2023-10-22,PRESIDENTE Y VICE,21,Santa Fe,2,Las Colonias,00630,Progreso,FRENTE DE IZQUIERDA Y DE TRABAJADORES - UNIDAD,agrupacion,6,PROVISORIO,2023_GENERAL_santafe_presidente_mesa.csv
2023,GENERAL,2023-10-22,PRESIDENTE Y VICE,21,Santa Fe,2,Las Colonias,00630,Progreso,HACEMOS POR NUESTRO PAIS,agrupacion,134,PROVISORIO,2023_GENERAL_santafe_presidente_mesa.csv
2023,GENERAL,2023-10-22,PRESIDENTE Y VICE,21,Santa Fe,2,Las Colonias,00630,Progreso,IMPUGNADO,impugnados,0,PROVISORIO,2023_GENERAL_santafe_presidente_mesa.csv
2023,GENERAL,2023-10-22,PRESIDENTE Y VICE,21,Santa Fe,2,Las Colonias,00630,Progreso,JUNTOS POR EL CAMBIO,agrupacion,648,PROVISORIO,2023_GENERAL_santafe_presidente_mesa.csv
2023,GENERAL,2023-10-22,PRESIDENTE Y VICE,21,Santa Fe,2,Las Colonias,00630,Progreso,LA LIBERTAD AVANZA,agrupacion,695,PROVISORIO,2023_GENERAL_santafe_presidente_mesa.csv
2023,GENERAL,2023-10-22,PRESIDENTE Y VICE,21,Santa Fe,2,Las Colonias,00630,Progreso,NULO,nulos,12,PROVISORIO,2023_GENERAL_santafe_presidente_mesa.csv
2023,GENERAL,2023-10-22,PRESIDENTE Y VICE,21,Santa Fe,2,Las Colonias,00630,Progreso,RECURRIDO,recurridos,0,PROVISORIO,2023_GENERAL_santafe_presidente_mesa.csv
2023,GENERAL,2023-10-22,PRESIDENTE Y VICE,21,Santa Fe,2,Las Colonias,00630,Progreso,UNION POR LA PATRIA,agrupacion,196,PROVISORIO,2023_GENERAL_santafe_presidente_mesa.csv
2023,GENERAL,2023-10-22,PRESIDENTE Y VICE,21,Santa Fe,2,Las Colonias,00640,,COMANDO,comando,0,PROVISORIO,2023_GENERAL_santafe_presidente_mesa.csv
2023,GENERAL,2023-10-22,PRESIDENTE Y VICE,21,Santa Fe,2,Las Colonias,00640,,EN BLANCO,blancos,8,PROVISORIO,2023_GENERAL_santafe_presidente_mesa.csv
2023,GENERAL,2023-10-22,PRESIDENTE Y VICE,21,Santa Fe,2,Las Colonias,00640,,FRENTE DE IZQUIERDA Y DE TRABAJADORES - UNIDAD,agrupacion,4,PROVISORIO,2023_GENERAL_santafe_presidente_mesa.csv
2023,GENERAL,2023-10-22,PRESIDENTE Y VICE,21,Santa Fe,2,Las Colonias,00640,,HACEMOS POR NUESTRO PAIS,agrupacion,96,PROVISORIO,2023_GENERAL_santafe_presidente_mesa.csv
2023,GENERAL,2023-10-22,PRESIDENTE Y VICE,21,Santa Fe,2,Las Colonias,00640,,IMPUGNADO,impugnados,0,PROVISORIO,2023_GENERAL_santafe_presidente_mesa.csv
2023,GENERAL,2023-10-22,PRESIDENTE Y VICE,21,Santa Fe,2,Las Colonias,00640,,JUNTOS POR EL CAMBIO,agrupacion,437,PROVISORIO,2023_GENERAL_santafe_presidente_mesa.csv
2023,GENERAL,2023-10-22,PRESIDENTE Y VICE,21,Santa Fe,2,Las Colonias,00640,,LA LIBERTAD AVANZA,agrupacion,429,PROVISORIO,2023_GENERAL_santafe_presidente_mesa.csv
2023,GENERAL,2023-10-22,PRESIDENTE Y VICE,21,Santa Fe,2,Las Colonias,00640,,NULO,nulos,1,PROVISORIO,2023_GENERAL_santafe_presidente_mesa.csv
2023,GENERAL,2023-10-22,PRESIDENTE Y VICE,21,Santa Fe,2,Las Colonias,00640,,RECURRIDO,recurridos,0,PROVISORIO,2023_GENERAL_santafe_presidente_mesa.csv
2023,GENERAL,2023-10-22,PRESIDENTE Y VICE,21,Santa Fe,2,Las Colonias,00640,,UNION POR LA PATRIA,agrupacion,133,PROVISORIO,2023_GENERAL_santafe_presidente_mesa.csv
2023,GENERAL,2023-10-22,PRESIDENTE Y VICE,21,Santa Fe,2,Las Colonias,00650,,COMANDO,comando,0,PROVISORIO,2023_GENERAL_santafe_presidente_mesa.csv
2023,GENERAL,2023-10-22,PRESIDENTE Y VICE,21,Santa Fe,2,Las Colonias,00650,,EN BLANCO,blancos,2,PROVISORIO,2023_GENERAL_santafe_presidente_mesa.csv
2023,GENERAL,2023-10-22,PRESIDENTE Y VICE,21,Santa Fe,2,Las Colonias,00650,,FRENTE DE IZQUIERDA Y DE TRABAJADORES - UNIDAD,agrupacion,6,PROVISORIO,2023_GENERAL_santafe_presidente_mesa.csv
2023,GENERAL,2023-10-22,PRESIDENTE Y VICE,21,Santa Fe,2,Las Colonias,00650,,HACEMOS POR NUESTRO PAIS,agrupacion,52,PROVISORIO,2023_GENERAL_santafe_presidente_mesa.csv
2023,GENERAL,2023-10-22,PRESIDENTE Y VICE,21,Santa Fe,2,Las Colonias,00650,,IMPUGNADO,impugnados,0,PROVISORIO,2023_GENERAL_santafe_presidente_mesa.csv
2023,GENERAL,2023-10-22,PRESIDENTE Y VICE,21,Santa Fe,2,Las Colonias,00650,,JUNTOS POR EL CAMBIO,agrupacion,131,PROVISORIO,2023_GENERAL_santafe_presidente_mesa.csv
2023,GENERAL,2023-10-22,PRESIDENTE Y VICE,21,Santa Fe,2,Las Colonias,00650,,LA LIBERTAD AVANZA,agrupacion,200,PROVISORIO,2023_GENERAL_santafe_presidente_mesa.csv
2023,GENERAL,2023-10-22,PRESIDENTE Y VICE,21,Santa Fe,2,Las Colonias,00650,,NULO,nulos,5,PROVISORIO,2023_GENERAL_santafe_presidente_mesa.csv
2023,GENERAL,2023-10-22,PRESIDENTE Y VICE,21,Santa Fe,2,Las Colonias,00650,,RECURRIDO,recurridos,0,PROVISORIO,2023_GENERAL_santafe_presidente_mesa.csv
2023,GENERAL,2023-10-22,PRESIDENTE Y VICE,21,Santa Fe,2,Las Colonias,00650,,UNION POR LA PATRIA,agrupacion,89,PROVISORIO,2023_GENERAL_santafe_presidente_mesa.csv
2023,GENERAL,2023-10-22,PRESIDENTE Y VICE,21,Santa Fe,2,Las Colonias,00660,,COMANDO,comando,0,PROVISORIO,2023_GENERAL_santafe_presidente_mesa.csv
2023,GENERAL,2023-10-22,PRESIDENTE Y VICE,21,Santa Fe,2,Las Colonias,00660,,EN BLANCO,blancos,6,PROVISORIO,2023_GENERAL_santafe_presidente_mesa.csv
2023,GENERAL,2023-10-22,PRESIDENTE Y VICE,21,Santa Fe,2,Las Colonias,00660,,FRENTE DE IZQUIERDA Y DE TRABAJADORES - UNIDAD,agrupacion,7,PROVISORIO,2023_GENERAL_santafe_presidente_mesa.csv
2023,GENERAL,2023-10-22,PRESIDENTE Y VICE,21,Santa Fe,2,Las Colonias,00660,,HACEMOS POR NUESTRO PAIS,agrupacion,32,PROVISORIO,2023_GENERAL_santafe_presidente_mesa.csv
2023,GENERAL,2023-10-22,PRESIDENTE Y VICE,21,Santa Fe,2,Las Colonias,00660,,IMPUGNADO,impugnados,0,PROVISORIO,2023_GENERAL_santafe_presidente_mesa.csv
2023,GENERAL,2023-10-22,PRESIDENTE Y VICE,21,Santa Fe,2,Las Colonias,00660,,JUNTOS POR EL CAMBIO,agrupacion,153,PROVISORIO,2023_GENERAL_santafe_presidente_mesa.csv
2023,GENERAL,2023-10-22,PRESIDENTE Y VICE,21,Santa Fe,2,Las Colonias,00660,,LA LIBERTAD AVANZA,agrupacion,176,PROVISORIO,2023_GENERAL_santafe_presidente_mesa.csv
2023,GENERAL,2023-10-22,PRESIDENTE Y VICE,21,Santa Fe,2,Las Colonias,00660,,NULO,nulos,7,PROVISORIO,2023_GENERAL_santafe_presidente_mesa.csv
2023,GENERAL,2023-10-22,PRESIDENTE Y VICE,21,Santa Fe,2,Las Colonias,00660,,RECURRIDO,recurridos,0,PROVISORIO,2023_GENERAL_santafe_presidente_mesa.csv
2023,GENERAL,2023-10-22,PRESIDENTE Y VICE,21,Santa Fe,2,Las Colonias,00660,,UNION POR LA PATRIA,agrupacion,131,PROVISORIO,2023_GENERAL_santafe_presidente_mesa.csv
2023,GENERAL,2023-10-22,PRESIDENTE Y VICE,21,Santa Fe,2,Las Colonias,00670,,COMANDO,comando,0,PROVISORIO,2023_GENERAL_santafe_presidente_mesa.csv
2023,GENERAL,2023-10-22,PRESIDENTE Y VICE,21,Santa Fe,2,Las Colonias,00670,,EN BLANCO,blancos,8,PROVISORIO,2023_GENERAL_santafe_presidente_mesa.csv
2023,GENERAL,2023-10-22,PRESIDENTE Y VICE,21,Santa Fe,2,Las Colonias,00670,,FRENTE DE IZQUIERDA Y DE TRABAJADORES - UNIDAD,agrupacion,8,PROVISORIO,2023_GENERAL_santafe_presidente_mesa.csv
2023,GENERAL,2023-10-22,PRESIDENTE Y VICE,21,Santa Fe,2,Las Colonias,00670,,HACEMOS POR NUESTRO PAIS,agrupacion,57,PROVISORIO,2023_GENERAL_santafe_presidente_mesa.csv
2023,GENERAL,2023-10-22,PRESIDENTE Y VICE,21,Santa Fe,2,Las Colonias,00670,,IMPUGNADO,impugnados,0,PROVISORIO,2023_GENERAL_santafe_presidente_mesa.csv
2023,GENERAL,2023-10-22,PRESIDENTE Y VICE,21,Santa Fe,2,Las Colonias,00670,,JUNTOS POR EL CAMBIO,agrupacion,164,PROVISORIO,2023_GENERAL_santafe_presidente_mesa.csv
2023,GENERAL,2023-10-22,PRESIDENTE Y VICE,21,Santa Fe,2,Las Colonias,00670,,LA LIBERTAD AVANZA,agrupacion,243,PROVISORIO,2023_GENERAL_santafe_presidente_mesa.csv
2023,GENERAL,2023-10-22,PRESIDENTE Y VICE,21,Santa Fe,2,Las Colonias,00670,,NULO,nulos,13,PROVISORIO,2023_GENERAL_santafe_presidente_mesa.csv
2023,GENERAL,2023-10-22,PRESIDENTE Y VICE,21,Santa Fe,2,Las Colonias,00670,,RECURRIDO,recurridos,0,PROVISORIO,2023_GENERAL_santafe_presidente_mesa.csv
2023,GENERAL,2023-10-22,PRESIDENTE Y VICE,21,Santa Fe,2,Las Colonias,00670,,UNION POR LA PATRIA,agrupacion,304,PROVISORIO,2023_GENERAL_santafe_presidente_mesa.csv
2023,GENERAL,2023-10-22,PRESIDENTE Y VICE,21,Santa Fe,2,Las Colonias,00680,,COMANDO,comando,0,PROVISORIO,2023_GENERAL_santafe_presidente_mesa.csv
2023,GENERAL,2023-10-22,PRESIDENTE Y VICE,21,Santa Fe,2,Las Colonias,00680,,EN BLANCO,blancos,10,PROVISORIO,2023_GENERAL_santafe_presidente_mesa.csv
2023,GENERAL,2023-10-22,PRESIDENTE Y VICE,21,Santa Fe,2,Las Colonias,00680,,FRENTE DE IZQUIERDA Y DE TRABAJADORES - UNIDAD,agrupacion,14,PROVISORIO,2023_GENERAL_santafe_presidente_mesa.csv
2023,GENERAL,2023-10-22,PRESIDENTE Y VICE,21,Santa Fe,2,Las Colonias,00680,,HACEMOS POR NUESTRO PAIS,agrupacion,106,PROVISORIO,2023_GENERAL_santafe_presidente_mesa.csv
2023,GENERAL,2023-10-22,PRESIDENTE Y VICE,21,Santa Fe,2,Las Colonias,00680,,IMPUGNADO,impugnados,0,PROVISORIO,2023_GENERAL_santafe_presidente_mesa.csv
2023,GENERAL,2023-10-22,PRESIDENTE Y VICE,21,Santa Fe,2,Las Colonias,00680,,JUNTOS POR EL CAMBIO,agrupacion,366,PROVISORIO,2023_GENERAL_santafe_presidente_mesa.csv
2023,GENERAL,2023-10-22,PRESIDENTE Y VICE,21,Santa Fe,2,Las Colonias,00680,,LA LIBERTAD AVANZA,agrupacion,465,PROVISORIO,2023_GENERAL_santafe_presidente_mesa.csv
2023,GENERAL,2023-10-22,PRESIDENTE Y VICE,21,Santa Fe,2,Las Colonias,00680,,NULO,nulos,4,PROVISORIO,2023_GENERAL_santafe_presidente_mesa.csv
2023,GENERAL,2023-10-22,PRESIDENTE Y VICE,21,Santa Fe,2,Las Colonias,00680,,RECURRIDO,recurridos,0,PROVISORIO,2023_GENERAL_santafe_presidente_mesa.csv
2023,GENERAL,2023-10-22,PRESIDENTE Y VICE,21,Santa Fe,2,Las Colonias,00680,,UNION POR LA PATRIA,agrupacion,181,PROVISORIO,2023_GENERAL_santafe_presidente_mesa.csv
2023,GENERAL,2023-10-22,PRESIDENTE Y VICE,21,Santa Fe,2,Las Colonias,00690,,COMANDO,comando,2,PROVISORIO,2023_GENERAL_santafe_presidente_mesa.csv
2023,GENERAL,2023-10-22,PRESIDENTE Y VICE,21,Santa Fe,2,Las Colonias,00690,,EN BLANCO,blancos,0,PROVISORIO,2023_GENERAL_santafe_presidente_mesa.csv
2023,GENERAL,2023-10-22,PRESIDENTE Y VICE,21,Santa Fe,2,Las Colonias,00690,,FRENTE DE IZQUIERDA Y DE TRABAJADORES - UNIDAD,agrupacion,1,PROVISORIO,2023_GENERAL_santafe_presidente_mesa.csv
2023,GENERAL,2023-10-22,PRESIDENTE Y VICE,21,Santa Fe,2,Las Colonias,00690,,HACEMOS POR NUESTRO PAIS,agrupacion,11,PROVISORIO,2023_GENERAL_santafe_presidente_mesa.csv
2023,GENERAL,2023-10-22,PRESIDENTE Y VICE,21,Santa Fe,2,Las Colonias,00690,,IMPUGNADO,impugnados,0,PROVISORIO,2023_GENERAL_santafe_presidente_mesa.csv
2023,GENERAL,2023-10-22,PRESIDENTE Y VICE,21,Santa Fe,2,Las Colonias,00690,,JUNTOS POR EL CAMBIO,agrupacion,44,PROVISORIO,2023_GENERAL_santafe_presidente_mesa.csv
2023,GENERAL,2023-10-22,PRESIDENTE Y VICE,21,Santa Fe,2,Las Colonias,00690,,LA LIBERTAD AVANZA,agrupacion,83,PROVISORIO,2023_GENERAL_santafe_presidente_mesa.csv
2023,GENERAL,2023-10-22,PRESIDENTE Y VICE,21,Santa Fe,2,Las Colonias,00690,,NULO,nulos,1,PROVISORIO,2023_GENERAL_santafe_presidente_mesa.csv
2023,GENERAL,2023-10-22,PRESIDENTE Y VICE,21,Santa Fe,2,Las Colonias,00690,,RECURRIDO,recurridos,0,PROVISORIO,2023_GENERAL_santafe_presidente_mesa.csv
2023,GENERAL,2023-10-22,PRESIDENTE Y VICE,21,Santa Fe,2,Las Colonias,00690,,UNION POR LA PATRIA,agrupacion,26,PROVISORIO,2023_GENERAL_santafe_presidente_mesa.csv
2023,GENERAL,2023-10-22,PRESIDENTE Y VICE,21,Santa Fe,2,Las Colonias,00700,,COMANDO,comando,0,PROVISORIO,2023_GENERAL_santafe_presidente_mesa.csv
2023,GENERAL,2023-10-22,PRESIDENTE Y VICE,21,Santa Fe,2,Las Colonias,00700,,EN BLANCO,blancos,1,PROVISORIO,2023_GENERAL_santafe_presidente_mesa.csv
2023,GENERAL,2023-10-22,PRESIDENTE Y VICE,21,Santa Fe,2,Las Colonias,00700,,FRENTE DE IZQUIERDA Y DE TRABAJADORES - UNIDAD,agrupacion,0,PROVISORIO,2023_GENERAL_santafe_presidente_mesa.csv
2023,GENERAL,2023-10-22,PRESIDENTE Y VICE,21,Santa Fe,2,Las Colonias,00700,,HACEMOS POR NUESTRO PAIS,agrupacion,2,PROVISORIO,2023_GENERAL_santafe_presidente_mesa.csv
2023,GENERAL,2023-10-22,PRESIDENTE Y VICE,21,Santa Fe,2,Las Colonias,00700,,IMPUGNADO,impugnados,0,PROVISORIO,2023_GENERAL_santafe_presidente_mesa.csv
2023,GENERAL,2023-10-22,PRESIDENTE Y VICE,21,Santa Fe,2,Las Colonias,00700,,JUNTOS POR EL CAMBIO,agrupacion,18,PROVISORIO,2023_GENERAL_santafe_presidente_mesa.csv
2023,GENERAL,2023-10-22,PRESIDENTE Y VICE,21,Santa Fe,2,Las Colonias,00700,,LA LIBERTAD AVANZA,agrupacion,28,PROVISORIO,2023_GENERAL_santafe_presidente_mesa.csv
2023,GENERAL,2023-10-22,PRESIDENTE Y VICE,21,Santa Fe,2,Las Colonias,00700,,NULO,nulos,0,PROVISORIO,2023_GENERAL_santafe_presidente_mesa.csv
2023,GENERAL,2023-10-22,PRESIDENTE Y VICE,21,Santa Fe,2,Las Colonias,00700,,RECURRIDO,recurridos,0,PROVISORIO,2023_GENERAL_santafe_presidente_mesa.csv
2023,GENERAL,2023-10-22,PRESIDENTE Y VICE,21,Santa Fe,2,Las Colonias,00700,,UNION POR LA PATRIA,agrupacion,4,PROVISORIO,2023_GENERAL_santafe_presidente_mesa.csv
2023,GENERAL,2023-10-22,PRESIDENTE Y VICE,21,Santa Fe,2,Las Colonias,00710,,COMANDO,comando,0,PROVISORIO,2023_GENERAL_santafe_presidente_mesa.csv
2023,GENERAL,2023-10-22,PRESIDENTE Y VICE,21,Santa Fe,2,Las Colonias,00710,,EN BLANCO,blancos,3,PROVISORIO,2023_GENERAL_santafe_presidente_mesa.csv
2023,GENERAL,2023-10-22,PRESIDENTE Y VICE,21,Santa Fe,2,Las Colonias,00710,,FRENTE DE IZQUIERDA Y DE TRABAJADORES - UNIDAD,agrupacion,3,PROVISORIO,2023_GENERAL_santafe_presidente_mesa.csv
2023,GENERAL,2023-10-22,PRESIDENTE Y VICE,21,Santa Fe,2,Las Colonias,00710,,HACEMOS POR NUESTRO PAIS,agrupacion,15,PROVISORIO,2023_GENERAL_santafe_presidente_mesa.csv
2023,GENERAL,2023-10-22,PRESIDENTE Y VICE,21,Santa Fe,2,Las Colonias,00710,,IMPUGNADO,impugnados,0,PROVISORIO,2023_GENERAL_santafe_presidente_mesa.csv
2023,GENERAL,2023-10-22,PRESIDENTE Y VICE,21,Santa Fe,2,Las Colonias,00710,,JUNTOS POR EL CAMBIO,agrupacion,80,PROVISORIO,2023_GENERAL_santafe_presidente_mesa.csv
2023,GENERAL,2023-10-22,PRESIDENTE Y VICE,21,Santa Fe,2,Las Colonias,00710,,LA LIBERTAD AVANZA,agrupacion,78,PROVISORIO,2023_GENERAL_santafe_presidente_mesa.csv
2023,GENERAL,2023-10-22,PRESIDENTE Y VICE,21,Santa Fe,2,Las Colonias,00710,,NULO,nulos,0,PROVISORIO,2023_GENERAL_santafe_presidente_mesa.csv
2023,GENERAL,2023-10-22,PRESIDENTE Y VICE,21,Santa Fe,2,Las Colonias,00710,,RECURRIDO,recurridos,0,PROVISORIO,2023_GENERAL_santafe_presidente_mesa.csv
2023,GENERAL,2023-10-22,PRESIDENTE Y VICE,21,Santa Fe,2,Las Colonias,00710,,UNION POR LA PATRIA,agrupacion,27,PROVISORIO,2023_GENERAL_santafe_presidente_mesa.csv
2023,GENERAL,2023-10-22,PRESIDENTE Y VICE,21,Santa Fe,2,Las Colonias,00720,,COMANDO,comando,1,PROVISORIO,2023_GENERAL_santafe_presidente_mesa.csv
2023,GENERAL,2023-10-22,PRESIDENTE Y VICE,21,Santa Fe,2,Las Colonias,00720,,EN BLANCO,blancos,0,PROVISORIO,2023_GENERAL_santafe_presidente_mesa.csv
2023,GENERAL,2023-10-22,PRESIDENTE Y VICE,21,Santa Fe,2,Las Colonias,00720,,FRENTE DE IZQUIERDA Y DE TRABAJADORES - UNIDAD,agrupacion,0,PROVISORIO,2023_GENERAL_santafe_presidente_mesa.csv
2023,GENERAL,2023-10-22,PRESIDENTE Y VICE,21,Santa Fe,2,Las Colonias,00720,,HACEMOS POR NUESTRO PAIS,agrupacion,1,PROVISORIO,2023_GENERAL_santafe_presidente_mesa.csv
2023,GENERAL,2023-10-22,PRESIDENTE Y VICE,21,Santa Fe,2,Las Colonias,00720,,IMPUGNADO,impugnados,0,PROVISORIO,2023_GENERAL_santafe_presidente_mesa.csv
2023,GENERAL,2023-10-22,PRESIDENTE Y VICE,21,Santa Fe,2,Las Colonias,00720,,JUNTOS POR EL CAMBIO,agrupacion,9,PROVISORIO,2023_GENERAL_santafe_presidente_mesa.csv
2023,GENERAL,2023-10-22,PRESIDENTE Y VICE,21,Santa Fe,2,Las Colonias,00720,,LA LIBERTAD AVANZA,agrupacion,11,PROVISORIO,2023_GENERAL_santafe_presidente_mesa.csv
2023,GENERAL,2023-10-22,PRESIDENTE Y VICE,21,Santa Fe,2,Las Colonias,00720,,NULO,nulos,0,PROVISORIO,2023_GENERAL_santafe_presidente_mesa.csv
2023,GENERAL,2023-10-22,PRESIDENTE Y VICE,21,Santa Fe,2,Las Colonias,00720,,RECURRIDO,recurridos,0,PROVISORIO,2023_GENERAL_santafe_presidente_mesa.csv
2023,GENERAL,2023-10-22,PRESIDENTE Y VICE,21,Santa Fe,2,Las Colonias,00720,,UNION POR LA PATRIA,agrupacion,1,PROVISORIO,2023_GENERAL_santafe_presidente_mesa.csv
2023,GENERAL,2023-10-22,PRESIDENTE Y VICE,21,Santa Fe,2,Las Colonias,00730,,COMANDO,comando,0,PROVISORIO,2023_GENERAL_santafe_presidente_mesa.csv
2023,GENERAL,2023-10-22,PRESIDENTE Y VICE,21,Santa Fe,2,Las Colonias,00730,,EN BLANCO,blancos,0,PROVISORIO,2023_GENERAL_santafe_presidente_mesa.csv
2023,GENERAL,2023-10-22,PRESIDENTE Y VICE,21,Santa Fe,2,Las Colonias,00730,,FRENTE DE IZQUIERDA Y DE TRABAJADORES - UNIDAD,agrupacion,1,PROVISORIO,2023_GENERAL_santafe_presidente_mesa.csv
2023,GENERAL,2023-10-22,PRESIDENTE Y VICE,21,Santa Fe,2,Las Colonias,00730,,HACEMOS POR NUESTRO PAIS,agrupacion,19,PROVISORIO,2023_GENERAL_santafe_presidente_mesa.csv
2023,GENERAL,2023-10-22,PRESIDENTE Y VICE,21,Santa Fe,2,Las Colonias,00730,,IMPUGNADO,impugnados,0,PROVISORIO,2023_GENERAL_santafe_presidente_mesa.csv
2023,GENERAL,2023-10-22,PRESIDENTE Y VICE,21,Santa Fe,2,Las Colonias,00730,,JUNTOS POR EL CAMBIO,agrupacion,46,PROVISORIO,2023_GENERAL_santafe_presidente_mesa.csv
2023,GENERAL,2023-10-22,PRESIDENTE Y VICE,21,Santa Fe,2,Las Colonias,00730,,LA LIBERTAD AVANZA,agrupacion,77,PROVISORIO,2023_GENERAL_santafe_presidente_mesa.csv
2023,GENERAL,2023-10-22,PRESIDENTE Y VICE,21,Santa Fe,2,Las Colonias,00730,,NULO,nulos,0,PROVISORIO,2023_GENERAL_santafe_presidente_mesa.csv
2023,GENERAL,2023-10-22,PRESIDENTE Y VICE,21,Santa Fe,2,Las Colonias,00730,,RECURRIDO,recurridos,0,PROVISORIO,2023_GENERAL_santafe_presidente_mesa.csv
2023,GENERAL,2023-10-22,PRESIDENTE Y VICE,21,Santa Fe,2,Las Colonias,00730,,UNION POR LA PATRIA,agrupacion,19,PROVISORIO,2023_GENERAL_santafe_presidente_mesa.csv
2023,GENERAL,2023-10-22,PRESIDENTE Y VICE,21,Santa Fe,2,Las Colonias,00740,,COMANDO,comando,0,PROVISORIO,2023_GENERAL_santafe_presidente_mesa.csv
2023,GENERAL,2023-10-22,PRESIDENTE Y VICE,21,Santa Fe,2,Las Colonias,00740,,EN BLANCO,blancos,1,PROVISORIO,2023_GENERAL_santafe_presidente_mesa.csv
2023,GENERAL,2023-10-22,PRESIDENTE Y VICE,21,Santa Fe,2,Las Colonias,00740,,FRENTE DE IZQUIERDA Y DE TRABAJADORES - UNIDAD,agrupacion,0,PROVISORIO,2023_GENERAL_santafe_presidente_mesa.csv
2023,GENERAL,2023-10-22,PRESIDENTE Y VICE,21,Santa Fe,2,Las Colonias,00740,,HACEMOS POR NUESTRO PAIS,agrupacion,6,PROVISORIO,2023_GENERAL_santafe_presidente_mesa.csv
2023,GENERAL,2023-10-22,PRESIDENTE Y VICE,21,Santa Fe,2,Las Colonias,00740,,IMPUGNADO,impugnados,0,PROVISORIO,2023_GENERAL_santafe_presidente_mesa.csv
2023,GENERAL,2023-10-22,PRESIDENTE Y VICE,21,Santa Fe,2,Las Colonias,00740,,JUNTOS POR EL CAMBIO,agrupacion,43,PROVISORIO,2023_GENERAL_santafe_presidente_mesa.csv
2023,GENERAL,2023-10-22,PRESIDENTE Y VICE,21,Santa Fe,2,Las Colonias,00740,,LA LIBERTAD AVANZA,agrupacion,29,PROVISORIO,2023_GENERAL_santafe_presidente_mesa.csv
2023,GENERAL,2023-10-22,PRESIDENTE Y VICE,21,Santa Fe,2,Las Colonias,00740,,NULO,nulos,0,PROVISORIO,2023_GENERAL_santafe_presidente_mesa.csv
2023,GENERAL,2023-10-22,PRESIDENTE Y VICE,21,Santa Fe,2,Las Colonias,00740,,RECURRIDO,recurridos,0,PROVISORIO,2023_GENERAL_santafe_presidente_mesa.csv
2023,GENERAL,2023-10-22,PRESIDENTE Y VICE,21,Santa Fe,2,Las Colonias,00740,,UNION POR LA PATRIA,agrupacion,3,PROVISORIO,2023_GENERAL_santafe_presidente_mesa.csv
2023,GENERAL,2023-10-22,PRESIDENTE Y VICE,21,Santa Fe,2,Las Colonias,00750,,COMANDO,comando,2,PROVISORIO,2023_GENERAL_santafe_presidente_mesa.csv
2023,GENERAL,2023-10-22,PRESIDENTE Y VICE,21,Santa Fe,2,Las Colonias,00750,,EN BLANCO,blancos,0,PROVISORIO,2023_GENERAL_santafe_presidente_mesa.csv
2023,GENERAL,2023-10-22,PRESIDENTE Y VICE,21,Santa Fe,2,Las Colonias,00750,,FRENTE DE IZQUIERDA Y DE TRABAJADORES - UNIDAD,agrupacion,2,PROVISORIO,2023_GENERAL_santafe_presidente_mesa.csv
2023,GENERAL,2023-10-22,PRESIDENTE Y VICE,21,Santa Fe,2,Las Colonias,00750,,HACEMOS POR NUESTRO PAIS,agrupacion,29,PROVISORIO,2023_GENERAL_santafe_presidente_mesa.csv
2023,GENERAL,2023-10-22,PRESIDENTE Y VICE,21,Santa Fe,2,Las Colonias,00750,,IMPUGNADO,impugnados,0,PROVISORIO,2023_GENERAL_santafe_presidente_mesa.csv
2023,GENERAL,2023-10-22,PRESIDENTE Y VICE,21,Santa Fe,2,Las Colonias,00750,,JUNTOS POR EL CAMBIO,agrupacion,77,PROVISORIO,2023_GENERAL_santafe_presidente_mesa.csv
2023,GENERAL,2023-10-22,PRESIDENTE Y VICE,21,Santa Fe,2,Las Colonias,00750,,LA LIBERTAD AVANZA,agrupacion,76,PROVISORIO,2023_GENERAL_santafe_presidente_mesa.csv
2023,GENERAL,2023-10-22,PRESIDENTE Y VICE,21,Santa Fe,2,Las Colonias,00750,,NULO,nulos,1,PROVISORIO,2023_GENERAL_santafe_presidente_mesa.csv
2023,GENERAL,2023-10-22,PRESIDENTE Y VICE,21,Santa Fe,2,Las Colonias,00750,,RECURRIDO,recurridos,0,PROVISORIO,2023_GENERAL_santafe_presidente_mesa.csv
2023,GENERAL,2023-10-22,PRESIDENTE Y VICE,21,Santa Fe,2,Las Colonias,00750,,UNION POR LA PATRIA,agrupacion,43,PROVISORIO,2023_GENERAL_santafe_presidente_mesa.csv
2023,GENERAL,2023-10-22,PRESIDENTE Y VICE,21,Santa Fe,2,Las Colonias,00760,,COMANDO,comando,0,PROVISORIO,2023_GENERAL_santafe_presidente_mesa.csv
2023,GENERAL,2023-10-22,PRESIDENTE Y VICE,21,Santa Fe,2,Las Colonias,00760,,EN BLANCO,blancos,2,PROVISORIO,2023_GENERAL_santafe_presidente_mesa.csv
2023,GENERAL,2023-10-22,PRESIDENTE Y VICE,21,Santa Fe,2,Las Colonias,00760,,FRENTE DE IZQUIERDA Y DE TRABAJADORES - UNIDAD,agrupacion,1,PROVISORIO,2023_GENERAL_santafe_presidente_mesa.csv
2023,GENERAL,2023-10-22,PRESIDENTE Y VICE,21,Santa Fe,2,Las Colonias,00760,,HACEMOS POR NUESTRO PAIS,agrupacion,3,PROVISORIO,2023_GENERAL_santafe_presidente_mesa.csv
2023,GENERAL,2023-10-22,PRESIDENTE Y VICE,21,Santa Fe,2,Las Colonias,00760,,IMPUGNADO,impugnados,0,PROVISORIO,2023_GENERAL_santafe_presidente_mesa.csv
2023,GENERAL,2023-10-22,PRESIDENTE Y VICE,21,Santa Fe,2,Las Colonias,00760,,JUNTOS POR EL CAMBIO,agrupacion,15,PROVISORIO,2023_GENERAL_santafe_presidente_mesa.csv
2023,GENERAL,2023-10-22,PRESIDENTE Y VICE,21,Santa Fe,2,Las Colonias,00760,,LA LIBERTAD AVANZA,agrupacion,22,PROVISORIO,2023_GENERAL_santafe_presidente_mesa.csv
2023,GENERAL,2023-10-22,PRESIDENTE Y VICE,21,Santa Fe,2,Las Colonias,00760,,NULO,nulos,1,PROVISORIO,2023_GENERAL_santafe_presidente_mesa.csv
2023,GENERAL,2023-10-22,PRESIDENTE Y VICE,21,Santa Fe,2,Las Colonias,00760,,RECURRIDO,recurridos,0,PROVISORIO,2023_GENERAL_santafe_presidente_mesa.csv
2023,GENERAL,2023-10-22,PRESIDENTE Y VICE,21,Santa Fe,2,Las Colonias,00760,,UNION POR LA PATRIA,agrupacion,3,PROVISORIO,2023_GENERAL_santafe_presidente_mesa.csv
2023,GENERAL,2023-10-22,PRESIDENTE Y VICE,21,Santa Fe,2,Las Colonias,00770,,COMANDO,comando,1,PROVISORIO,2023_GENERAL_santafe_presidente_mesa.csv
2023,GENERAL,2023-10-22,PRESIDENTE Y VICE,21,Santa Fe,2,Las Colonias,00770,,EN BLANCO,blancos,0,PROVISORIO,2023_GENERAL_santafe_presidente_mesa.csv
2023,GENERAL,2023-10-22,PRESIDENTE Y VICE,21,Santa Fe,2,Las Colonias,00770,,FRENTE DE IZQUIERDA Y DE TRABAJADORES - UNIDAD,agrupacion,0,PROVISORIO,2023_GENERAL_santafe_presidente_mesa.csv
2023,GENERAL,2023-10-22,PRESIDENTE Y VICE,21,Santa Fe,2,Las Colonias,00770,,HACEMOS POR NUESTRO PAIS,agrupacion,2,PROVISORIO,2023_GENERAL_santafe_presidente_mesa.csv
2023,GENERAL,2023-10-22,PRESIDENTE Y VICE,21,Santa Fe,2,Las Colonias,00770,,IMPUGNADO,impugnados,0,PROVISORIO,2023_GENERAL_santafe_presidente_mesa.csv
2023,GENERAL,2023-10-22,PRESIDENTE Y VICE,21,Santa Fe,2,Las Colonias,00770,,JUNTOS POR EL CAMBIO,agrupacion,12,PROVISORIO,2023_GENERAL_santafe_presidente_mesa.csv
2023,GENERAL,2023-10-22,PRESIDENTE Y VICE,21,Santa Fe,2,Las Colonias,00770,,LA LIBERTAD AVANZA,agrupacion,7,PROVISORIO,2023_GENERAL_santafe_presidente_mesa.csv
2023,GENERAL,2023-10-22,PRESIDENTE Y VICE,21,Santa Fe,2,Las Colonias,00770,,NULO,nulos,0,PROVISORIO,2023_GENERAL_santafe_presidente_mesa.csv
2023,GENERAL,2023-10-22,PRESIDENTE Y VICE,21,Santa Fe,2,Las Colonias,00770,,RECURRIDO,recurridos,0,PROVISORIO,2023_GENERAL_santafe_presidente_mesa.csv
2023,GENERAL,2023-10-22,PRESIDENTE Y VICE,21,Santa Fe,2,Las Colonias,00770,,UNION POR LA PATRIA,agrupacion,1,PROVISORIO,2023_GENERAL_santafe_presidente_mesa.csv
2023,GENERAL,2023-10-22,PRESIDENTE Y VICE,21,Santa Fe,3,San Jerónimo,00790,,COMANDO,comando,7,PROVISORIO,2023_GENERAL_santafe_presidente_mesa.csv
2023,GENERAL,2023-10-22,PRESIDENTE Y VICE,21,Santa Fe,3,San Jerónimo,00790,,EN BLANCO,blancos,99,PROVISORIO,2023_GENERAL_santafe_presidente_mesa.csv
2023,GENERAL,2023-10-22,PRESIDENTE Y VICE,21,Santa Fe,3,San Jerónimo,00790,,FRENTE DE IZQUIERDA Y DE TRABAJADORES - UNIDAD,agrupacion,183,PROVISORIO,2023_GENERAL_santafe_presidente_mesa.csv
2023,GENERAL,2023-10-22,PRESIDENTE Y VICE,21,Santa Fe,3,San Jerónimo,00790,,HACEMOS POR NUESTRO PAIS,agrupacion,827,PROVISORIO,2023_GENERAL_santafe_presidente_mesa.csv
2023,GENERAL,2023-10-22,PRESIDENTE Y VICE,21,Santa Fe,3,San Jerónimo,00790,,IMPUGNADO,impugnados,0,PROVISORIO,2023_GENERAL_santafe_presidente_mesa.csv
2023,GENERAL,2023-10-22,PRESIDENTE Y VICE,21,Santa Fe,3,San Jerónimo,00790,,JUNTOS POR EL CAMBIO,agrupacion,3025,PROVISORIO,2023_GENERAL_santafe_presidente_mesa.csv
2023,GENERAL,2023-10-22,PRESIDENTE Y VICE,21,Santa Fe,3,San Jerónimo,00790,,LA LIBERTAD AVANZA,agrupacion,3584,PROVISORIO,2023_GENERAL_santafe_presidente_mesa.csv
2023,GENERAL,2023-10-22,PRESIDENTE Y VICE,21,Santa Fe,3,San Jerónimo,00790,,NULO,nulos,117,PROVISORIO,2023_GENERAL_santafe_presidente_mesa.csv
2023,GENERAL,2023-10-22,PRESIDENTE Y VICE,21,Santa Fe,3,San Jerónimo,00790,,RECURRIDO,recurridos,1,PROVISORIO,2023_GENERAL_santafe_presidente_mesa.csv
2023,GENERAL,2023-10-22,PRESIDENTE Y VICE,21,Santa Fe,3,San Jerónimo,00790,,UNION POR LA PATRIA,agrupacion,2894,PROVISORIO,2023_GENERAL_santafe_presidente_mesa.csv
2023,GENERAL,2023-10-22,PRESIDENTE Y VICE,21,Santa Fe,3,San Jerónimo,00800,,COMANDO,comando,0,PROVISORIO,2023_GENERAL_santafe_presidente_mesa.csv
2023,GENERAL,2023-10-22,PRESIDENTE Y VICE,21,Santa Fe,3,San Jerónimo,00800,,EN BLANCO,blancos,2,PROVISORIO,2023_GENERAL_santafe_presidente_mesa.csv
2023,GENERAL,2023-10-22,PRESIDENTE Y VICE,21,Santa Fe,3,San Jerónimo,00800,,FRENTE DE IZQUIERDA Y DE TRABAJADORES - UNIDAD,agrupacion,3,PROVISORIO,2023_GENERAL_santafe_presidente_mesa.csv
2023,GENERAL,2023-10-22,PRESIDENTE Y VICE,21,Santa Fe,3,San Jerónimo,00800,,HACEMOS POR NUESTRO PAIS,agrupacion,19,PROVISORIO,2023_GENERAL_santafe_presidente_mesa.csv
2023,GENERAL,2023-10-22,PRESIDENTE Y VICE,21,Santa Fe,3,San Jerónimo,00800,,IMPUGNADO,impugnados,0,PROVISORIO,2023_GENERAL_santafe_presidente_mesa.csv
2023,GENERAL,2023-10-22,PRESIDENTE Y VICE,21,Santa Fe,3,San Jerónimo,00800,,JUNTOS POR EL CAMBIO,agrupacion,115,PROVISORIO,2023_GENERAL_santafe_presidente_mesa.csv
2023,GENERAL,2023-10-22,PRESIDENTE Y VICE,21,Santa Fe,3,San Jerónimo,00800,,LA LIBERTAD AVANZA,agrupacion,117,PROVISORIO,2023_GENERAL_santafe_presidente_mesa.csv
2023,GENERAL,2023-10-22,PRESIDENTE Y VICE,21,Santa Fe,3,San Jerónimo,00800,,NULO,nulos,5,PROVISORIO,2023_GENERAL_santafe_presidente_mesa.csv
2023,GENERAL,2023-10-22,PRESIDENTE Y VICE,21,Santa Fe,3,San Jerónimo,00800,,RECURRIDO,recurridos,0,PROVISORIO,2023_GENERAL_santafe_presidente_mesa.csv
2023,GENERAL,2023-10-22,PRESIDENTE Y VICE,21,Santa Fe,3,San Jerónimo,00800,,UNION POR LA PATRIA,agrupacion,53,PROVISORIO,2023_GENERAL_santafe_presidente_mesa.csv
2023,GENERAL,2023-10-22,PRESIDENTE Y VICE,21,Santa Fe,3,San Jerónimo,00810,,COMANDO,comando,1,PROVISORIO,2023_GENERAL_santafe_presidente_mesa.csv
2023,GENERAL,2023-10-22,PRESIDENTE Y VICE,21,Santa Fe,3,San Jerónimo,00810,,EN BLANCO,blancos,8,PROVISORIO,2023_GENERAL_santafe_presidente_mesa.csv
2023,GENERAL,2023-10-22,PRESIDENTE Y VICE,21,Santa Fe,3,San Jerónimo,00810,,FRENTE DE IZQUIERDA Y DE TRABAJADORES - UNIDAD,agrupacion,5,PROVISORIO,2023_GENERAL_santafe_presidente_mesa.csv
2023,GENERAL,2023-10-22,PRESIDENTE Y VICE,21,Santa Fe,3,San Jerónimo,00810,,HACEMOS POR NUESTRO PAIS,agrupacion,76,PROVISORIO,2023_GENERAL_santafe_presidente_mesa.csv
2023,GENERAL,2023-10-22,PRESIDENTE Y VICE,21,Santa Fe,3,San Jerónimo,00810,,IMPUGNADO,impugnados,0,PROVISORIO,2023_GENERAL_santafe_presidente_mesa.csv
2023,GENERAL,2023-10-22,PRESIDENTE Y VICE,21,Santa Fe,3,San Jerónimo,00810,,JUNTOS POR EL CAMBIO,agrupacion,189,PROVISORIO,2023_GENERAL_santafe_presidente_mesa.csv
2023,GENERAL,2023-10-22,PRESIDENTE Y VICE,21,Santa Fe,3,San Jerónimo,00810,,LA LIBERTAD AVANZA,agrupacion,288,PROVISORIO,2023_GENERAL_santafe_presidente_mesa.csv
2023,GENERAL,2023-10-22,PRESIDENTE Y VICE,21,Santa Fe,3,San Jerónimo,00810,,NULO,nulos,7,PROVISORIO,2023_GENERAL_santafe_presidente_mesa.csv
2023,GENERAL,2023-10-22,PRESIDENTE Y VICE,21,Santa Fe,3,San Jerónimo,00810,,RECURRIDO,recurridos,0,PROVISORIO,2023_GENERAL_santafe_presidente_mesa.csv
2023,GENERAL,2023-10-22,PRESIDENTE Y VICE,21,Santa Fe,3,San Jerónimo,00810,,UNION POR LA PATRIA,agrupacion,118,PROVISORIO,2023_GENERAL_santafe_presidente_mesa.csv
2023,GENERAL,2023-10-22,PRESIDENTE Y VICE,21,Santa Fe,3,San Jerónimo,00820,,COMANDO,comando,0,PROVISORIO,2023_GENERAL_santafe_presidente_mesa.csv
2023,GENERAL,2023-10-22,PRESIDENTE Y VICE,21,Santa Fe,3,San Jerónimo,00820,,EN BLANCO,blancos,24,PROVISORIO,2023_GENERAL_santafe_presidente_mesa.csv
2023,GENERAL,2023-10-22,PRESIDENTE Y VICE,21,Santa Fe,3,San Jerónimo,00820,,FRENTE DE IZQUIERDA Y DE TRABAJADORES - UNIDAD,agrupacion,5,PROVISORIO,2023_GENERAL_santafe_presidente_mesa.csv
2023,GENERAL,2023-10-22,PRESIDENTE Y VICE,21,Santa Fe,3,San Jerónimo,00820,,HACEMOS POR NUESTRO PAIS,agrupacion,137,PROVISORIO,2023_GENERAL_santafe_presidente_mesa.csv
2023,GENERAL,2023-10-22,PRESIDENTE Y VICE,21,Santa Fe,3,San Jerónimo,00820,,IMPUGNADO,impugnados,0,PROVISORIO,2023_GENERAL_santafe_presidente_mesa.csv
2023,GENERAL,2023-10-22,PRESIDENTE Y VICE,21,Santa Fe,3,San Jerónimo,00820,,JUNTOS POR EL CAMBIO,agrupacion,244,PROVISORIO,2023_GENERAL_santafe_presidente_mesa.csv
2023,GENERAL,2023-10-22,PRESIDENTE Y VICE,21,Santa Fe,3,San Jerónimo,00820,,LA LIBERTAD AVANZA,agrupacion,486,PROVISORIO,2023_GENERAL_santafe_presidente_mesa.csv
2023,GENERAL,2023-10-22,PRESIDENTE Y VICE,21,Santa Fe,3,San Jerónimo,00820,,NULO,nulos,7,PROVISORIO,2023_GENERAL_santafe_presidente_mesa.csv
2023,GENERAL,2023-10-22,PRESIDENTE Y VICE,21,Santa Fe,3,San Jerónimo,00820,,RECURRIDO,recurridos,0,PROVISORIO,2023_GENERAL_santafe_presidente_mesa.csv
2023,GENERAL,2023-10-22,PRESIDENTE Y VICE,21,Santa Fe,3,San Jerónimo,00820,,UNION POR LA PATRIA,agrupacion,153,PROVISORIO,2023_GENERAL_santafe_presidente_mesa.csv
2023,GENERAL,2023-10-22,PRESIDENTE Y VICE,21,Santa Fe,3,San Jerónimo,00830,,COMANDO,comando,0,PROVISORIO,2023_GENERAL_santafe_presidente_mesa.csv
2023,GENERAL,2023-10-22,PRESIDENTE Y VICE,21,Santa Fe,3,San Jerónimo,00830,,EN BLANCO,blancos,103,PROVISORIO,2023_GENERAL_santafe_presidente_mesa.csv
2023,GENERAL,2023-10-22,PRESIDENTE Y VICE,21,Santa Fe,3,San Jerónimo,00830,,FRENTE DE IZQUIERDA Y DE TRABAJADORES - UNIDAD,agrupacion,170,PROVISORIO,2023_GENERAL_santafe_presidente_mesa.csv
2023,GENERAL,2023-10-22,PRESIDENTE Y VICE,21,Santa Fe,3,San Jerónimo,00830,,HACEMOS POR NUESTRO PAIS,agrupacion,1684,PROVISORIO,2023_GENERAL_santafe_presidente_mesa.csv
2023,GENERAL,2023-10-22,PRESIDENTE Y VICE,21,Santa Fe,3,San Jerónimo,00830,,IMPUGNADO,impugnados,0,PROVISORIO,2023_GENERAL_santafe_presidente_mesa.csv
2023,GENERAL,2023-10-22,PRESIDENTE Y VICE,21,Santa Fe,3,San Jerónimo,00830,,JUNTOS POR EL CAMBIO,agrupacion,3196,PROVISORIO,2023_GENERAL_santafe_presidente_mesa.csv
2023,GENERAL,2023-10-22,PRESIDENTE Y VICE,21,Santa Fe,3,San Jerónimo,00830,,LA LIBERTAD AVANZA,agrupacion,4182,PROVISORIO,2023_GENERAL_santafe_presidente_mesa.csv
2023,GENERAL,2023-10-22,PRESIDENTE Y VICE,21,Santa Fe,3,San Jerónimo,00830,,NULO,nulos,137,PROVISORIO,2023_GENERAL_santafe_presidente_mesa.csv
2023,GENERAL,2023-10-22,PRESIDENTE Y VICE,21,Santa Fe,3,San Jerónimo,00830,,RECURRIDO,recurridos,0,PROVISORIO,2023_GENERAL_santafe_presidente_mesa.csv
2023,GENERAL,2023-10-22,PRESIDENTE Y VICE,21,Santa Fe,3,San Jerónimo,00830,,UNION POR LA PATRIA,agrupacion,3547,PROVISORIO,2023_GENERAL_santafe_presidente_mesa.csv
2023,GENERAL,2023-10-22,PRESIDENTE Y VICE,21,Santa Fe,3,San Jerónimo,00840,,COMANDO,comando,1,PROVISORIO,2023_GENERAL_santafe_presidente_mesa.csv
2023,GENERAL,2023-10-22,PRESIDENTE Y VICE,21,Santa Fe,3,San Jerónimo,00840,,EN BLANCO,blancos,20,PROVISORIO,2023_GENERAL_santafe_presidente_mesa.csv
2023,GENERAL,2023-10-22,PRESIDENTE Y VICE,21,Santa Fe,3,San Jerónimo,00840,,FRENTE DE IZQUIERDA Y DE TRABAJADORES - UNIDAD,agrupacion,22,PROVISORIO,2023_GENERAL_santafe_presidente_mesa.csv
2023,GENERAL,2023-10-22,PRESIDENTE Y VICE,21,Santa Fe,3,San Jerónimo,00840,,HACEMOS POR NUESTRO PAIS,agrupacion,71,PROVISORIO,2023_GENERAL_santafe_presidente_mesa.csv
2023,GENERAL,2023-10-22,PRESIDENTE Y VICE,21,Santa Fe,3,San Jerónimo,00840,,IMPUGNADO,impugnados,0,PROVISORIO,2023_GENERAL_santafe_presidente_mesa.csv
2023,GENERAL,2023-10-22,PRESIDENTE Y VICE,21,Santa Fe,3,San Jerónimo,00840,,JUNTOS POR EL CAMBIO,agrupacion,248,PROVISORIO,2023_GENERAL_santafe_presidente_mesa.csv
2023,GENERAL,2023-10-22,PRESIDENTE Y VICE,21,Santa Fe,3,San Jerónimo,00840,,LA LIBERTAD AVANZA,agrupacion,437,PROVISORIO,2023_GENERAL_santafe_presidente_mesa.csv
2023,GENERAL,2023-10-22,PRESIDENTE Y VICE,21,Santa Fe,3,San Jerónimo,00840,,NULO,nulos,11,PROVISORIO,2023_GENERAL_santafe_presidente_mesa.csv
2023,GENERAL,2023-10-22,PRESIDENTE Y VICE,21,Santa Fe,3,San Jerónimo,00840,,RECURRIDO,recurridos,0,PROVISORIO,2023_GENERAL_santafe_presidente_mesa.csv
2023,GENERAL,2023-10-22,PRESIDENTE Y VICE,21,Santa Fe,3,San Jerónimo,00840,,UNION POR LA PATRIA,agrupacion,434,PROVISORIO,2023_GENERAL_santafe_presidente_mesa.csv
2023,GENERAL,2023-10-22,PRESIDENTE Y VICE,21,Santa Fe,3,San Jerónimo,00850,,COMANDO,comando,0,PROVISORIO,2023_GENERAL_santafe_presidente_mesa.csv
2023,GENERAL,2023-10-22,PRESIDENTE Y VICE,21,Santa Fe,3,San Jerónimo,00850,,EN BLANCO,blancos,10,PROVISORIO,2023_GENERAL_santafe_presidente_mesa.csv
2023,GENERAL,2023-10-22,PRESIDENTE Y VICE,21,Santa Fe,3,San Jerónimo,00850,,FRENTE DE IZQUIERDA Y DE TRABAJADORES - UNIDAD,agrupacion,5,PROVISORIO,2023_GENERAL_santafe_presidente_mesa.csv
2023,GENERAL,2023-10-22,PRESIDENTE Y VICE,21,Santa Fe,3,San Jerónimo,00850,,HACEMOS POR NUESTRO PAIS,agrupacion,69,PROVISORIO,2023_GENERAL_santafe_presidente_mesa.csv
2023,GENERAL,2023-10-22,PRESIDENTE Y VICE,21,Santa Fe,3,San Jerónimo,00850,,IMPUGNADO,impugnados,0,PROVISORIO,2023_GENERAL_santafe_presidente_mesa.csv
2023,GENERAL,2023-10-22,PRESIDENTE Y VICE,21,Santa Fe,3,San Jerónimo,00850,,JUNTOS POR EL CAMBIO,agrupacion,138,PROVISORIO,2023_GENERAL_santafe_presidente_mesa.csv
2023,GENERAL,2023-10-22,PRESIDENTE Y VICE,21,Santa Fe,3,San Jerónimo,00850,,LA LIBERTAD AVANZA,agrupacion,209,PROVISORIO,2023_GENERAL_santafe_presidente_mesa.csv
2023,GENERAL,2023-10-22,PRESIDENTE Y VICE,21,Santa Fe,3,San Jerónimo,00850,,NULO,nulos,16,PROVISORIO,2023_GENERAL_santafe_presidente_mesa.csv
2023,GENERAL,2023-10-22,PRESIDENTE Y VICE,21,Santa Fe,3,San Jerónimo,00850,,RECURRIDO,recurridos,0,PROVISORIO,2023_GENERAL_santafe_presidente_mesa.csv
2023,GENERAL,2023-10-22,PRESIDENTE Y VICE,21,Santa Fe,3,San Jerónimo,00850,,UNION POR LA PATRIA,agrupacion,170,PROVISORIO,2023_GENERAL_santafe_presidente_mesa.csv
2023,GENERAL,2023-10-22,PRESIDENTE Y VICE,21,Santa Fe,3,San Jerónimo,00855,,COMANDO,comando,0,PROVISORIO,2023_GENERAL_santafe_presidente_mesa.csv
2023,GENERAL,2023-10-22,PRESIDENTE Y VICE,21,Santa Fe,3,San Jerónimo,00855,,EN BLANCO,blancos,2,PROVISORIO,2023_GENERAL_santafe_presidente_mesa.csv
2023,GENERAL,2023-10-22,PRESIDENTE Y VICE,21,Santa Fe,3,San Jerónimo,00855,,FRENTE DE IZQUIERDA Y DE TRABAJADORES - UNIDAD,agrupacion,1,PROVISORIO,2023_GENERAL_santafe_presidente_mesa.csv
2023,GENERAL,2023-10-22,PRESIDENTE Y VICE,21,Santa Fe,3,San Jerónimo,00855,,HACEMOS POR NUESTRO PAIS,agrupacion,4,PROVISORIO,2023_GENERAL_santafe_presidente_mesa.csv
2023,GENERAL,2023-10-22,PRESIDENTE Y VICE,21,Santa Fe,3,San Jerónimo,00855,,IMPUGNADO,impugnados,0,PROVISORIO,2023_GENERAL_santafe_presidente_mesa.csv
2023,GENERAL,2023-10-22,PRESIDENTE Y VICE,21,Santa Fe,3,San Jerónimo,00855,,JUNTOS POR EL CAMBIO,agrupacion,26,PROVISORIO,2023_GENERAL_santafe_presidente_mesa.csv
2023,GENERAL,2023-10-22,PRESIDENTE Y VICE,21,Santa Fe,3,San Jerónimo,00855,,LA LIBERTAD AVANZA,agrupacion,41,PROVISORIO,2023_GENERAL_santafe_presidente_mesa.csv
2023,GENERAL,2023-10-22,PRESIDENTE Y VICE,21,Santa Fe,3,San Jerónimo,00855,,NULO,nulos,2,PROVISORIO,2023_GENERAL_santafe_presidente_mesa.csv
2023,GENERAL,2023-10-22,PRESIDENTE Y VICE,21,Santa Fe,3,San Jerónimo,00855,,RECURRIDO,recurridos,0,PROVISORIO,2023_GENERAL_santafe_presidente_mesa.csv
2023,GENERAL,2023-10-22,PRESIDENTE Y VICE,21,Santa Fe,3,San Jerónimo,00855,,UNION POR LA PATRIA,agrupacion,22,PROVISORIO,2023_GENERAL_santafe_presidente_mesa.csv
2023,GENERAL,2023-10-22,PRESIDENTE Y VICE,21,Santa Fe,3,San Jerónimo,00860,,COMANDO,comando,1,PROVISORIO,2023_GENERAL_santafe_presidente_mesa.csv
2023,GENERAL,2023-10-22,PRESIDENTE Y VICE,21,Santa Fe,3,San Jerónimo,00860,,EN BLANCO,blancos,21,PROVISORIO,2023_GENERAL_santafe_presidente_mesa.csv
2023,GENERAL,2023-10-22,PRESIDENTE Y VICE,21,Santa Fe,3,San Jerónimo,00860,,FRENTE DE IZQUIERDA Y DE TRABAJADORES - UNIDAD,agrupacion,16,PROVISORIO,2023_GENERAL_santafe_presidente_mesa.csv
2023,GENERAL,2023-10-22,PRESIDENTE Y VICE,21,Santa Fe,3,San Jerónimo,00860,,HACEMOS POR NUESTRO PAIS,agrupacion,119,PROVISORIO,2023_GENERAL_santafe_presidente_mesa.csv
2023,GENERAL,2023-10-22,PRESIDENTE Y VICE,21,Santa Fe,3,San Jerónimo,00860,,IMPUGNADO,impugnados,0,PROVISORIO,2023_GENERAL_santafe_presidente_mesa.csv
2023,GENERAL,2023-10-22,PRESIDENTE Y VICE,21,Santa Fe,3,San Jerónimo,00860,,JUNTOS POR EL CAMBIO,agrupacion,305,PROVISORIO,2023_GENERAL_santafe_presidente_mesa.csv
2023,GENERAL,2023-10-22,PRESIDENTE Y VICE,21,Santa Fe,3,San Jerónimo,00860,,LA LIBERTAD AVANZA,agrupacion,343,PROVISORIO,2023_GENERAL_santafe_presidente_mesa.csv
2023,GENERAL,2023-10-22,PRESIDENTE Y VICE,21,Santa Fe,3,San Jerónimo,00860,,NULO,nulos,4,PROVISORIO,2023_GENERAL_santafe_presidente_mesa.csv
2023,GENERAL,2023-10-22,PRESIDENTE Y VICE,21,Santa Fe,3,San Jerónimo,00860,,RECURRIDO,recurridos,0,PROVISORIO,2023_GENERAL_santafe_presidente_mesa.csv
2023,GENERAL,2023-10-22,PRESIDENTE Y VICE,21,Santa Fe,3,San Jerónimo,00860,,UNION POR LA PATRIA,agrupacion,253,PROVISORIO,2023_GENERAL_santafe_presidente_mesa.csv
2023,GENERAL,2023-10-22,PRESIDENTE Y VICE,21,Santa Fe,3,San Jerónimo,00870,,COMANDO,comando,1,PROVISORIO,2023_GENERAL_santafe_presidente_mesa.csv
2023,GENERAL,2023-10-22,PRESIDENTE Y VICE,21,Santa Fe,3,San Jerónimo,00870,,EN BLANCO,blancos,22,PROVISORIO,2023_GENERAL_santafe_presidente_mesa.csv
2023,GENERAL,2023-10-22,PRESIDENTE Y VICE,21,Santa Fe,3,San Jerónimo,00870,,FRENTE DE IZQUIERDA Y DE TRABAJADORES - UNIDAD,agrupacion,51,PROVISORIO,2023_GENERAL_santafe_presidente_mesa.csv
2023,GENERAL,2023-10-22,PRESIDENTE Y VICE,21,Santa Fe,3,San Jerónimo,00870,,HACEMOS POR NUESTRO PAIS,agrupacion,317,PROVISORIO,2023_GENERAL_santafe_presidente_mesa.csv
2023,GENERAL,2023-10-22,PRESIDENTE Y VICE,21,Santa Fe,3,San Jerónimo,00870,,IMPUGNADO,impugnados,0,PROVISORIO,2023_GENERAL_santafe_presidente_mesa.csv
2023,GENERAL,2023-10-22,PRESIDENTE Y VICE,21,Santa Fe,3,San Jerónimo,00870,,JUNTOS POR EL CAMBIO,agrupacion,921,PROVISORIO,2023_GENERAL_santafe_presidente_mesa.csv
2023,GENERAL,2023-10-22,PRESIDENTE Y VICE,21,Santa Fe,3,San Jerónimo,00870,,LA LIBERTAD AVANZA,agrupacion,1185,PROVISORIO,2023_GENERAL_santafe_presidente_mesa.csv
2023,GENERAL,2023-10-22,PRESIDENTE Y VICE,21,Santa Fe,3,San Jerónimo,00870,,NULO,nulos,44,PROVISORIO,2023_GENERAL_santafe_presidente_mesa.csv
2023,GENERAL,2023-10-22,PRESIDENTE Y VICE,21,Santa Fe,3,San Jerónimo,00870,,RECURRIDO,recurridos,0,PROVISORIO,2023_GENERAL_santafe_presidente_mesa.csv
2023,GENERAL,2023-10-22,PRESIDENTE Y VICE,21,Santa Fe,3,San Jerónimo,00870,,UNION POR LA PATRIA,agrupacion,710,PROVISORIO,2023_GENERAL_santafe_presidente_mesa.csv
2023,GENERAL,2023-10-22,PRESIDENTE Y VICE,21,Santa Fe,3,San Jerónimo,00880,,COMANDO,comando,0,PROVISORIO,2023_GENERAL_santafe_presidente_mesa.csv
2023,GENERAL,2023-10-22,PRESIDENTE Y VICE,21,Santa Fe,3,San Jerónimo,00880,,EN BLANCO,blancos,11,PROVISORIO,2023_GENERAL_santafe_presidente_mesa.csv
2023,GENERAL,2023-10-22,PRESIDENTE Y VICE,21,Santa Fe,3,San Jerónimo,00880,,FRENTE DE IZQUIERDA Y DE TRABAJADORES - UNIDAD,agrupacion,20,PROVISORIO,2023_GENERAL_santafe_presidente_mesa.csv
2023,GENERAL,2023-10-22,PRESIDENTE Y VICE,21,Santa Fe,3,San Jerónimo,00880,,HACEMOS POR NUESTRO PAIS,agrupacion,223,PROVISORIO,2023_GENERAL_santafe_presidente_mesa.csv
2023,GENERAL,2023-10-22,PRESIDENTE Y VICE,21,Santa Fe,3,San Jerónimo,00880,,IMPUGNADO,impugnados,0,PROVISORIO,2023_GENERAL_santafe_presidente_mesa.csv
2023,GENERAL,2023-10-22,PRESIDENTE Y VICE,21,Santa Fe,3,San Jerónimo,00880,,JUNTOS POR EL CAMBIO,agrupacion,618,PROVISORIO,2023_GENERAL_santafe_presidente_mesa.csv
2023,GENERAL,2023-10-22,PRESIDENTE Y VICE,21,Santa Fe,3,San Jerónimo,00880,,LA LIBERTAD AVANZA,agrupacion,411,PROVISORIO,2023_GENERAL_santafe_presidente_mesa.csv
2023,GENERAL,2023-10-22,PRESIDENTE Y VICE,21,Santa Fe,3,San Jerónimo,00880,,NULO,nulos,4,PROVISORIO,2023_GENERAL_santafe_presidente_mesa.csv
2023,GENERAL,2023-10-22,PRESIDENTE Y VICE,21,Santa Fe,3,San Jerónimo,00880,,RECURRIDO,recurridos,0,PROVISORIO,2023_GENERAL_santafe_presidente_mesa.csv
2023,GENERAL,2023-10-22,PRESIDENTE Y VICE,21,Santa Fe,3,San Jerónimo,00880,,UNION POR LA PATRIA,agrupacion,804,PROVISORIO,2023_GENERAL_santafe_presidente_mesa.csv
2023,GENERAL,2023-10-22,PRESIDENTE Y VICE,21,Santa Fe,3,San Jerónimo,00890,,COMANDO,comando,0,PROVISORIO,2023_GENERAL_santafe_presidente_mesa.csv
2023,GENERAL,2023-10-22,PRESIDENTE Y VICE,21,Santa Fe,3,San Jerónimo,00890,,EN BLANCO,blancos,78,PROVISORIO,2023_GENERAL_santafe_presidente_mesa.csv
2023,GENERAL,2023-10-22,PRESIDENTE Y VICE,21,Santa Fe,3,San Jerónimo,00890,,FRENTE DE IZQUIERDA Y DE TRABAJADORES - UNIDAD,agrupacion,61,PROVISORIO,2023_GENERAL_santafe_presidente_mesa.csv
2023,GENERAL,2023-10-22,PRESIDENTE Y VICE,21,Santa Fe,3,San Jerónimo,00890,,HACEMOS POR NUESTRO PAIS,agrupacion,835,PROVISORIO,2023_GENERAL_santafe_presidente_mesa.csv
2023,GENERAL,2023-10-22,PRESIDENTE Y VICE,21,Santa Fe,3,San Jerónimo,00890,,IMPUGNADO,impugnados,0,PROVISORIO,2023_GENERAL_santafe_presidente_mesa.csv
2023,GENERAL,2023-10-22,PRESIDENTE Y VICE,21,Santa Fe,3,San Jerónimo,00890,,JUNTOS POR EL CAMBIO,agrupacion,1749,PROVISORIO,2023_GENERAL_santafe_presidente_mesa.csv
2023,GENERAL,2023-10-22,PRESIDENTE Y VICE,21,Santa Fe,3,San Jerónimo,00890,,LA LIBERTAD AVANZA,agrupacion,2090,PROVISORIO,2023_GENERAL_santafe_presidente_mesa.csv
2023,GENERAL,2023-10-22,PRESIDENTE Y VICE,21,Santa Fe,3,San Jerónimo,00890,,NULO,nulos,41,PROVISORIO,2023_GENERAL_santafe_presidente_mesa.csv
2023,GENERAL,2023-10-22,PRESIDENTE Y VICE,21,Santa Fe,3,San Jerónimo,00890,,RECURRIDO,recurridos,0,PROVISORIO,2023_GENERAL_santafe_presidente_mesa.csv
2023,GENERAL,2023-10-22,PRESIDENTE Y VICE,21,Santa Fe,3,San Jerónimo,00890,,UNION POR LA PATRIA,agrupacion,1417,PROVISORIO,2023_GENERAL_santafe_presidente_mesa.csv
2023,GENERAL,2023-10-22,PRESIDENTE Y VICE,21,Santa Fe,3,San Jerónimo,00910,,COMANDO,comando,0,PROVISORIO,2023_GENERAL_santafe_presidente_mesa.csv
2023,GENERAL,2023-10-22,PRESIDENTE Y VICE,21,Santa Fe,3,San Jerónimo,00910,,EN BLANCO,blancos,12,PROVISORIO,2023_GENERAL_santafe_presidente_mesa.csv
2023,GENERAL,2023-10-22,PRESIDENTE Y VICE,21,Santa Fe,3,San Jerónimo,00910,,FRENTE DE IZQUIERDA Y DE TRABAJADORES - UNIDAD,agrupacion,14,PROVISORIO,2023_GENERAL_santafe_presidente_mesa.csv
2023,GENERAL,2023-10-22,PRESIDENTE Y VICE,21,Santa Fe,3,San Jerónimo,00910,,HACEMOS POR NUESTRO PAIS,agrupacion,88,PROVISORIO,2023_GENERAL_santafe_presidente_mesa.csv
2023,GENERAL,2023-10-22,PRESIDENTE Y VICE,21,Santa Fe,3,San Jerónimo,00910,,IMPUGNADO,impugnados,0,PROVISORIO,2023_GENERAL_santafe_presidente_mesa.csv
2023,GENERAL,2023-10-22,PRESIDENTE Y VICE,21,Santa Fe,3,San Jerónimo,00910,,JUNTOS POR EL CAMBIO,agrupacion,281,PROVISORIO,2023_GENERAL_santafe_presidente_mesa.csv
2023,GENERAL,2023-10-22,PRESIDENTE Y VICE,21,Santa Fe,3,San Jerónimo,00910,,LA LIBERTAD AVANZA,agrupacion,367,PROVISORIO,2023_GENERAL_santafe_presidente_mesa.csv
2023,GENERAL,2023-10-22,PRESIDENTE Y VICE,21,Santa Fe,3,San Jerónimo,00910,,NULO,nulos,12,PROVISORIO,2023_GENERAL_santafe_presidente_mesa.csv
2023,GENERAL,2023-10-22,PRESIDENTE Y VICE,21,Santa Fe,3,San Jerónimo,00910,,RECURRIDO,recurridos,0,PROVISORIO,2023_GENERAL_santafe_presidente_mesa.csv
2023,GENERAL,2023-10-22,PRESIDENTE Y VICE,21,Santa Fe,3,San Jerónimo,00910,,UNION POR LA PATRIA,agrupacion,363,PROVISORIO,2023_GENERAL_santafe_presidente_mesa.csv
2023,GENERAL,2023-10-22,PRESIDENTE Y VICE,21,Santa Fe,3,San Jerónimo,00920,,COMANDO,comando,0,PROVISORIO,2023_GENERAL_santafe_presidente_mesa.csv
2023,GENERAL,2023-10-22,PRESIDENTE Y VICE,21,Santa Fe,3,San Jerónimo,00920,,EN BLANCO,blancos,23,PROVISORIO,2023_GENERAL_santafe_presidente_mesa.csv
2023,GENERAL,2023-10-22,PRESIDENTE Y VICE,21,Santa Fe,3,San Jerónimo,00920,,FRENTE DE IZQUIERDA Y DE TRABAJADORES - UNIDAD,agrupacion,18,PROVISORIO,2023_GENERAL_santafe_presidente_mesa.csv
2023,GENERAL,2023-10-22,PRESIDENTE Y VICE,21,Santa Fe,3,San Jerónimo,00920,,HACEMOS POR NUESTRO PAIS,agrupacion,139,PROVISORIO,2023_GENERAL_santafe_presidente_mesa.csv
2023,GENERAL,2023-10-22,PRESIDENTE Y VICE,21,Santa Fe,3,San Jerónimo,00920,,IMPUGNADO,impugnados,0,PROVISORIO,2023_GENERAL_santafe_presidente_mesa.csv
2023,GENERAL,2023-10-22,PRESIDENTE Y VICE,21,Santa Fe,3,San Jerónimo,00920,,JUNTOS POR EL CAMBIO,agrupacion,494,PROVISORIO,2023_GENERAL_santafe_presidente_mesa.csv
2023,GENERAL,2023-10-22,PRESIDENTE Y VICE,21,Santa Fe,3,San Jerónimo,00920,,LA LIBERTAD AVANZA,agrupacion,470,PROVISORIO,2023_GENERAL_santafe_presidente_mesa.csv
2023,GENERAL,2023-10-22,PRESIDENTE Y VICE,21,Santa Fe,3,San Jerónimo,00920,,NULO,nulos,24,PROVISORIO,2023_GENERAL_santafe_presidente_mesa.csv
2023,GENERAL,2023-10-22,PRESIDENTE Y VICE,21,Santa Fe,3,San Jerónimo,00920,,RECURRIDO,recurridos,0,PROVISORIO,2023_GENERAL_santafe_presidente_mesa.csv
2023,GENERAL,2023-10-22,PRESIDENTE Y VICE,21,Santa Fe,3,San Jerónimo,00920,,UNION POR LA PATRIA,agrupacion,329,PROVISORIO,2023_GENERAL_santafe_presidente_mesa.csv
2023,GENERAL,2023-10-22,PRESIDENTE Y VICE,21,Santa Fe,3,San Jerónimo,00930,,COMANDO,comando,0,PROVISORIO,2023_GENERAL_santafe_presidente_mesa.csv
2023,GENERAL,2023-10-22,PRESIDENTE Y VICE,21,Santa Fe,3,San Jerónimo,00930,,EN BLANCO,blancos,51,PROVISORIO,2023_GENERAL_santafe_presidente_mesa.csv
2023,GENERAL,2023-10-22,PRESIDENTE Y VICE,21,Santa Fe,3,San Jerónimo,00930,,FRENTE DE IZQUIERDA Y DE TRABAJADORES - UNIDAD,agrupacion,54,PROVISORIO,2023_GENERAL_santafe_presidente_mesa.csv
2023,GENERAL,2023-10-22,PRESIDENTE Y VICE,21,Santa Fe,3,San Jerónimo,00930,,HACEMOS POR NUESTRO PAIS,agrupacion,394,PROVISORIO,2023_GENERAL_santafe_presidente_mesa.csv
2023,GENERAL,2023-10-22,PRESIDENTE Y VICE,21,Santa Fe,3,San Jerónimo,00930,,IMPUGNADO,impugnados,0,PROVISORIO,2023_GENERAL_santafe_presidente_mesa.csv
2023,GENERAL,2023-10-22,PRESIDENTE Y VICE,21,Santa Fe,3,San Jerónimo,00930,,JUNTOS POR EL CAMBIO,agrupacion,1007,PROVISORIO,2023_GENERAL_santafe_presidente_mesa.csv
2023,GENERAL,2023-10-22,PRESIDENTE Y VICE,21,Santa Fe,3,San Jerónimo,00930,,LA LIBERTAD AVANZA,agrupacion,1372,PROVISORIO,2023_GENERAL_santafe_presidente_mesa.csv
2023,GENERAL,2023-10-22,PRESIDENTE Y VICE,21,Santa Fe,3,San Jerónimo,00930,,NULO,nulos,40,PROVISORIO,2023_GENERAL_santafe_presidente_mesa.csv
2023,GENERAL,2023-10-22,PRESIDENTE Y VICE,21,Santa Fe,3,San Jerónimo,00930,,RECURRIDO,recurridos,0,PROVISORIO,2023_GENERAL_santafe_presidente_mesa.csv
2023,GENERAL,2023-10-22,PRESIDENTE Y VICE,21,Santa Fe,3,San Jerónimo,00930,,UNION POR LA PATRIA,agrupacion,805,PROVISORIO,2023_GENERAL_santafe_presidente_mesa.csv
2023,GENERAL,2023-10-22,PRESIDENTE Y VICE,21,Santa Fe,3,San Jerónimo,00940,,COMANDO,comando,0,PROVISORIO,2023_GENERAL_santafe_presidente_mesa.csv
2023,GENERAL,2023-10-22,PRESIDENTE Y VICE,21,Santa Fe,3,San Jerónimo,00940,,EN BLANCO,blancos,53,PROVISORIO,2023_GENERAL_santafe_presidente_mesa.csv
2023,GENERAL,2023-10-22,PRESIDENTE Y VICE,21,Santa Fe,3,San Jerónimo,00940,,FRENTE DE IZQUIERDA Y DE TRABAJADORES - UNIDAD,agrupacion,30,PROVISORIO,2023_GENERAL_santafe_presidente_mesa.csv
2023,GENERAL,2023-10-22,PRESIDENTE Y VICE,21,Santa Fe,3,San Jerónimo,00940,,HACEMOS POR NUESTRO PAIS,agrupacion,91,PROVISORIO,2023_GENERAL_santafe_presidente_mesa.csv
2023,GENERAL,2023-10-22,PRESIDENTE Y VICE,21,Santa Fe,3,San Jerónimo,00940,,IMPUGNADO,impugnados,0,PROVISORIO,2023_GENERAL_santafe_presidente_mesa.csv
2023,GENERAL,2023-10-22,PRESIDENTE Y VICE,21,Santa Fe,3,San Jerónimo,00940,,JUNTOS POR EL CAMBIO,agrupacion,268,PROVISORIO,2023_GENERAL_santafe_presidente_mesa.csv
2023,GENERAL,2023-10-22,PRESIDENTE Y VICE,21,Santa Fe,3,San Jerónimo,00940,,LA LIBERTAD AVANZA,agrupacion,543,PROVISORIO,2023_GENERAL_santafe_presidente_mesa.csv
2023,GENERAL,2023-10-22,PRESIDENTE Y VICE,21,Santa Fe,3,San Jerónimo,00940,,NULO,nulos,9,PROVISORIO,2023_GENERAL_santafe_presidente_mesa.csv
2023,GENERAL,2023-10-22,PRESIDENTE Y VICE,21,Santa Fe,3,San Jerónimo,00940,,RECURRIDO,recurridos,0,PROVISORIO,2023_GENERAL_santafe_presidente_mesa.csv
2023,GENERAL,2023-10-22,PRESIDENTE Y VICE,21,Santa Fe,3,San Jerónimo,00940,,UNION POR LA PATRIA,agrupacion,602,PROVISORIO,2023_GENERAL_santafe_presidente_mesa.csv
2023,GENERAL,2023-10-22,PRESIDENTE Y VICE,21,Santa Fe,3,San Jerónimo,00950,,COMANDO,comando,0,PROVISORIO,2023_GENERAL_santafe_presidente_mesa.csv
2023,GENERAL,2023-10-22,PRESIDENTE Y VICE,21,Santa Fe,3,San Jerónimo,00950,,EN BLANCO,blancos,7,PROVISORIO,2023_GENERAL_santafe_presidente_mesa.csv
2023,GENERAL,2023-10-22,PRESIDENTE Y VICE,21,Santa Fe,3,San Jerónimo,00950,,FRENTE DE IZQUIERDA Y DE TRABAJADORES - UNIDAD,agrupacion,3,PROVISORIO,2023_GENERAL_santafe_presidente_mesa.csv
2023,GENERAL,2023-10-22,PRESIDENTE Y VICE,21,Santa Fe,3,San Jerónimo,00950,,HACEMOS POR NUESTRO PAIS,agrupacion,65,PROVISORIO,2023_GENERAL_santafe_presidente_mesa.csv
2023,GENERAL,2023-10-22,PRESIDENTE Y VICE,21,Santa Fe,3,San Jerónimo,00950,,IMPUGNADO,impugnados,0,PROVISORIO,2023_GENERAL_santafe_presidente_mesa.csv
2023,GENERAL,2023-10-22,PRESIDENTE Y VICE,21,Santa Fe,3,San Jerónimo,00950,,JUNTOS POR EL CAMBIO,agrupacion,124,PROVISORIO,2023_GENERAL_santafe_presidente_mesa.csv
2023,GENERAL,2023-10-22,PRESIDENTE Y VICE,21,Santa Fe,3,San Jerónimo,00950,,LA LIBERTAD AVANZA,agrupacion,207,PROVISORIO,2023_GENERAL_santafe_presidente_mesa.csv
2023,GENERAL,2023-10-22,PRESIDENTE Y VICE,21,Santa Fe,3,San Jerónimo,00950,,NULO,nulos,1,PROVISORIO,2023_GENERAL_santafe_presidente_mesa.csv
2023,GENERAL,2023-10-22,PRESIDENTE Y VICE,21,Santa Fe,3,San Jerónimo,00950,,RECURRIDO,recurridos,0,PROVISORIO,2023_GENERAL_santafe_presidente_mesa.csv
2023,GENERAL,2023-10-22,PRESIDENTE Y VICE,21,Santa Fe,3,San Jerónimo,00950,,UNION POR LA PATRIA,agrupacion,160,PROVISORIO,2023_GENERAL_santafe_presidente_mesa.csv
2023,GENERAL,2023-10-22,PRESIDENTE Y VICE,21,Santa Fe,3,San Jerónimo,00960,,COMANDO,comando,0,PROVISORIO,2023_GENERAL_santafe_presidente_mesa.csv
2023,GENERAL,2023-10-22,PRESIDENTE Y VICE,21,Santa Fe,3,San Jerónimo,00960,,EN BLANCO,blancos,8,PROVISORIO,2023_GENERAL_santafe_presidente_mesa.csv
2023,GENERAL,2023-10-22,PRESIDENTE Y VICE,21,Santa Fe,3,San Jerónimo,00960,,FRENTE DE IZQUIERDA Y DE TRABAJADORES - UNIDAD,agrupacion,20,PROVISORIO,2023_GENERAL_santafe_presidente_mesa.csv
2023,GENERAL,2023-10-22,PRESIDENTE Y VICE,21,Santa Fe,3,San Jerónimo,00960,,HACEMOS POR NUESTRO PAIS,agrupacion,78,PROVISORIO,2023_GENERAL_santafe_presidente_mesa.csv
2023,GENERAL,2023-10-22,PRESIDENTE Y VICE,21,Santa Fe,3,San Jerónimo,00960,,IMPUGNADO,impugnados,0,PROVISORIO,2023_GENERAL_santafe_presidente_mesa.csv
2023,GENERAL,2023-10-22,PRESIDENTE Y VICE,21,Santa Fe,3,San Jerónimo,00960,,JUNTOS POR EL CAMBIO,agrupacion,243,PROVISORIO,2023_GENERAL_santafe_presidente_mesa.csv
2023,GENERAL,2023-10-22,PRESIDENTE Y VICE,21,Santa Fe,3,San Jerónimo,00960,,LA LIBERTAD AVANZA,agrupacion,407,PROVISORIO,2023_GENERAL_santafe_presidente_mesa.csv
2023,GENERAL,2023-10-22,PRESIDENTE Y VICE,21,Santa Fe,3,San Jerónimo,00960,,NULO,nulos,3,PROVISORIO,2023_GENERAL_santafe_presidente_mesa.csv
2023,GENERAL,2023-10-22,PRESIDENTE Y VICE,21,Santa Fe,3,San Jerónimo,00960,,RECURRIDO,recurridos,0,PROVISORIO,2023_GENERAL_santafe_presidente_mesa.csv
2023,GENERAL,2023-10-22,PRESIDENTE Y VICE,21,Santa Fe,3,San Jerónimo,00960,,UNION POR LA PATRIA,agrupacion,469,PROVISORIO,2023_GENERAL_santafe_presidente_mesa.csv
2023,GENERAL,2023-10-22,PRESIDENTE Y VICE,21,Santa Fe,3,San Jerónimo,00965,,COMANDO,comando,0,PROVISORIO,2023_GENERAL_santafe_presidente_mesa.csv
2023,GENERAL,2023-10-22,PRESIDENTE Y VICE,21,Santa Fe,3,San Jerónimo,00965,,EN BLANCO,blancos,5,PROVISORIO,2023_GENERAL_santafe_presidente_mesa.csv
2023,GENERAL,2023-10-22,PRESIDENTE Y VICE,21,Santa Fe,3,San Jerónimo,00965,,FRENTE DE IZQUIERDA Y DE TRABAJADORES - UNIDAD,agrupacion,5,PROVISORIO,2023_GENERAL_santafe_presidente_mesa.csv
2023,GENERAL,2023-10-22,PRESIDENTE Y VICE,21,Santa Fe,3,San Jerónimo,00965,,HACEMOS POR NUESTRO PAIS,agrupacion,26,PROVISORIO,2023_GENERAL_santafe_presidente_mesa.csv
2023,GENERAL,2023-10-22,PRESIDENTE Y VICE,21,Santa Fe,3,San Jerónimo,00965,,IMPUGNADO,impugnados,0,PROVISORIO,2023_GENERAL_santafe_presidente_mesa.csv
2023,GENERAL,2023-10-22,PRESIDENTE Y VICE,21,Santa Fe,3,San Jerónimo,00965,,JUNTOS POR EL CAMBIO,agrupacion,90,PROVISORIO,2023_GENERAL_santafe_presidente_mesa.csv
2023,GENERAL,2023-10-22,PRESIDENTE Y VICE,21,Santa Fe,3,San Jerónimo,00965,,LA LIBERTAD AVANZA,agrupacion,190,PROVISORIO,2023_GENERAL_santafe_presidente_mesa.csv
2023,GENERAL,2023-10-22,PRESIDENTE Y VICE,21,Santa Fe,3,San Jerónimo,00965,,NULO,nulos,4,PROVISORIO,2023_GENERAL_santafe_presidente_mesa.csv
2023,GENERAL,2023-10-22,PRESIDENTE Y VICE,21,Santa Fe,3,San Jerónimo,00965,,RECURRIDO,recurridos,1,PROVISORIO,2023_GENERAL_santafe_presidente_mesa.csv
2023,GENERAL,2023-10-22,PRESIDENTE Y VICE,21,Santa Fe,3,San Jerónimo,00965,,UNION POR LA PATRIA,agrupacion,246,PROVISORIO,2023_GENERAL_santafe_presidente_mesa.csv
2023,GENERAL,2023-10-22,PRESIDENTE Y VICE,21,Santa Fe,3,San Jerónimo,00970,,COMANDO,comando,0,PROVISORIO,2023_GENERAL_santafe_presidente_mesa.csv
2023,GENERAL,2023-10-22,PRESIDENTE Y VICE,21,Santa Fe,3,San Jerónimo,00970,,EN BLANCO,blancos,2,PROVISORIO,2023_GENERAL_santafe_presidente_mesa.csv
2023,GENERAL,2023-10-22,PRESIDENTE Y VICE,21,Santa Fe,3,San Jerónimo,00970,,FRENTE DE IZQUIERDA Y DE TRABAJADORES - UNIDAD,agrupacion,0,PROVISORIO,2023_GENERAL_santafe_presidente_mesa.csv
2023,GENERAL,2023-10-22,PRESIDENTE Y VICE,21,Santa Fe,3,San Jerónimo,00970,,HACEMOS POR NUESTRO PAIS,agrupacion,5,PROVISORIO,2023_GENERAL_santafe_presidente_mesa.csv
2023,GENERAL,2023-10-22,PRESIDENTE Y VICE,21,Santa Fe,3,San Jerónimo,00970,,IMPUGNADO,impugnados,0,PROVISORIO,2023_GENERAL_santafe_presidente_mesa.csv
2023,GENERAL,2023-10-22,PRESIDENTE Y VICE,21,Santa Fe,3,San Jerónimo,00970,,JUNTOS POR EL CAMBIO,agrupacion,38,PROVISORIO,2023_GENERAL_santafe_presidente_mesa.csv
2023,GENERAL,2023-10-22,PRESIDENTE Y VICE,21,Santa Fe,3,San Jerónimo,00970,,LA LIBERTAD AVANZA,agrupacion,68,PROVISORIO,2023_GENERAL_santafe_presidente_mesa.csv
2023,GENERAL,2023-10-22,PRESIDENTE Y VICE,21,Santa Fe,3,San Jerónimo,00970,,NULO,nulos,0,PROVISORIO,2023_GENERAL_santafe_presidente_mesa.csv
2023,GENERAL,2023-10-22,PRESIDENTE Y VICE,21,Santa Fe,3,San Jerónimo,00970,,RECURRIDO,recurridos,0,PROVISORIO,2023_GENERAL_santafe_presidente_mesa.csv
2023,GENERAL,2023-10-22,PRESIDENTE Y VICE,21,Santa Fe,3,San Jerónimo,00970,,UNION POR LA PATRIA,agrupacion,13,PROVISORIO,2023_GENERAL_santafe_presidente_mesa.csv
2023,GENERAL,2023-10-22,PRESIDENTE Y VICE,21,Santa Fe,3,San Jerónimo,00980,,COMANDO,comando,0,PROVISORIO,2023_GENERAL_santafe_presidente_mesa.csv
2023,GENERAL,2023-10-22,PRESIDENTE Y VICE,21,Santa Fe,3,San Jerónimo,00980,,EN BLANCO,blancos,0,PROVISORIO,2023_GENERAL_santafe_presidente_mesa.csv
2023,GENERAL,2023-10-22,PRESIDENTE Y VICE,21,Santa Fe,3,San Jerónimo,00980,,FRENTE DE IZQUIERDA Y DE TRABAJADORES - UNIDAD,agrupacion,0,PROVISORIO,2023_GENERAL_santafe_presidente_mesa.csv
2023,GENERAL,2023-10-22,PRESIDENTE Y VICE,21,Santa Fe,3,San Jerónimo,00980,,HACEMOS POR NUESTRO PAIS,agrupacion,4,PROVISORIO,2023_GENERAL_santafe_presidente_mesa.csv
2023,GENERAL,2023-10-22,PRESIDENTE Y VICE,21,Santa Fe,3,San Jerónimo,00980,,IMPUGNADO,impugnados,0,PROVISORIO,2023_GENERAL_santafe_presidente_mesa.csv
2023,GENERAL,2023-10-22,PRESIDENTE Y VICE,21,Santa Fe,3,San Jerónimo,00980,,JUNTOS POR EL CAMBIO,agrupacion,11,PROVISORIO,2023_GENERAL_santafe_presidente_mesa.csv
2023,GENERAL,2023-10-22,PRESIDENTE Y VICE,21,Santa Fe,3,San Jerónimo,00980,,LA LIBERTAD AVANZA,agrupacion,31,PROVISORIO,2023_GENERAL_santafe_presidente_mesa.csv
2023,GENERAL,2023-10-22,PRESIDENTE Y VICE,21,Santa Fe,3,San Jerónimo,00980,,NULO,nulos,1,PROVISORIO,2023_GENERAL_santafe_presidente_mesa.csv
2023,GENERAL,2023-10-22,PRESIDENTE Y VICE,21,Santa Fe,3,San Jerónimo,00980,,RECURRIDO,recurridos,0,PROVISORIO,2023_GENERAL_santafe_presidente_mesa.csv
2023,GENERAL,2023-10-22,PRESIDENTE Y VICE,21,Santa Fe,3,San Jerónimo,00980,,UNION POR LA PATRIA,agrupacion,40,PROVISORIO,2023_GENERAL_santafe_presidente_mesa.csv
2023,GENERAL,2023-10-22,PRESIDENTE Y VICE,21,Santa Fe,3,San Jerónimo,01000,,COMANDO,comando,0,PROVISORIO,2023_GENERAL_santafe_presidente_mesa.csv
2023,GENERAL,2023-10-22,PRESIDENTE Y VICE,21,Santa Fe,3,San Jerónimo,01000,,EN BLANCO,blancos,0,PROVISORIO,2023_GENERAL_santafe_presidente_mesa.csv
2023,GENERAL,2023-10-22,PRESIDENTE Y VICE,21,Santa Fe,3,San Jerónimo,01000,,FRENTE DE IZQUIERDA Y DE TRABAJADORES - UNIDAD,agrupacion,0,PROVISORIO,2023_GENERAL_santafe_presidente_mesa.csv
2023,GENERAL,2023-10-22,PRESIDENTE Y VICE,21,Santa Fe,3,San Jerónimo,01000,,HACEMOS POR NUESTRO PAIS,agrupacion,1,PROVISORIO,2023_GENERAL_santafe_presidente_mesa.csv
2023,GENERAL,2023-10-22,PRESIDENTE Y VICE,21,Santa Fe,3,San Jerónimo,01000,,IMPUGNADO,impugnados,0,PROVISORIO,2023_GENERAL_santafe_presidente_mesa.csv
2023,GENERAL,2023-10-22,PRESIDENTE Y VICE,21,Santa Fe,3,San Jerónimo,01000,,JUNTOS POR EL CAMBIO,agrupacion,12,PROVISORIO,2023_GENERAL_santafe_presidente_mesa.csv
2023,GENERAL,2023-10-22,PRESIDENTE Y VICE,21,Santa Fe,3,San Jerónimo,01000,,LA LIBERTAD AVANZA,agrupacion,9,PROVISORIO,2023_GENERAL_santafe_presidente_mesa.csv
2023,GENERAL,2023-10-22,PRESIDENTE Y VICE,21,Santa Fe,3,San Jerónimo,01000,,NULO,nulos,0,PROVISORIO,2023_GENERAL_santafe_presidente_mesa.csv
2023,GENERAL,2023-10-22,PRESIDENTE Y VICE,21,Santa Fe,3,San Jerónimo,01000,,RECURRIDO,recurridos,0,PROVISORIO,2023_GENERAL_santafe_presidente_mesa.csv
2023,GENERAL,2023-10-22,PRESIDENTE Y VICE,21,Santa Fe,3,San Jerónimo,01000,,UNION POR LA PATRIA,agrupacion,4,PROVISORIO,2023_GENERAL_santafe_presidente_mesa.csv
2023,GENERAL,2023-10-22,PRESIDENTE Y VICE,21,Santa Fe,3,San Jerónimo,01010,,COMANDO,comando,0,PROVISORIO,2023_GENERAL_santafe_presidente_mesa.csv
2023,GENERAL,2023-10-22,PRESIDENTE Y VICE,21,Santa Fe,3,San Jerónimo,01010,,EN BLANCO,blancos,1,PROVISORIO,2023_GENERAL_santafe_presidente_mesa.csv
2023,GENERAL,2023-10-22,PRESIDENTE Y VICE,21,Santa Fe,3,San Jerónimo,01010,,FRENTE DE IZQUIERDA Y DE TRABAJADORES - UNIDAD,agrupacion,2,PROVISORIO,2023_GENERAL_santafe_presidente_mesa.csv
2023,GENERAL,2023-10-22,PRESIDENTE Y VICE,21,Santa Fe,3,San Jerónimo,01010,,HACEMOS POR NUESTRO PAIS,agrupacion,6,PROVISORIO,2023_GENERAL_santafe_presidente_mesa.csv
2023,GENERAL,2023-10-22,PRESIDENTE Y VICE,21,Santa Fe,3,San Jerónimo,01010,,IMPUGNADO,impugnados,0,PROVISORIO,2023_GENERAL_santafe_presidente_mesa.csv
2023,GENERAL,2023-10-22,PRESIDENTE Y VICE,21,Santa Fe,3,San Jerónimo,01010,,JUNTOS POR EL CAMBIO,agrupacion,25,PROVISORIO,2023_GENERAL_santafe_presidente_mesa.csv
2023,GENERAL,2023-10-22,PRESIDENTE Y VICE,21,Santa Fe,3,San Jerónimo,01010,,LA LIBERTAD AVANZA,agrupacion,28,PROVISORIO,2023_GENERAL_santafe_presidente_mesa.csv
2023,GENERAL,2023-10-22,PRESIDENTE Y VICE,21,Santa Fe,3,San Jerónimo,01010,,NULO,nulos,0,PROVISORIO,2023_GENERAL_santafe_presidente_mesa.csv
2023,GENERAL,2023-10-22,PRESIDENTE Y VICE,21,Santa Fe,3,San Jerónimo,01010,,RECURRIDO,recurridos,0,PROVISORIO,2023_GENERAL_santafe_presidente_mesa.csv
2023,GENERAL,2023-10-22,PRESIDENTE Y VICE,21,Santa Fe,3,San Jerónimo,01010,,UNION POR LA PATRIA,agrupacion,42,PROVISORIO,2023_GENERAL_santafe_presidente_mesa.csv
2023,GENERAL,2023-10-22,PRESIDENTE Y VICE,21,Santa Fe,4,Garay,01040,,COMANDO,comando,1,PROVISORIO,2023_GENERAL_santafe_presidente_mesa.csv
2023,GENERAL,2023-10-22,PRESIDENTE Y VICE,21,Santa Fe,4,Garay,01040,,EN BLANCO,blancos,0,PROVISORIO,2023_GENERAL_santafe_presidente_mesa.csv
2023,GENERAL,2023-10-22,PRESIDENTE Y VICE,21,Santa Fe,4,Garay,01040,,FRENTE DE IZQUIERDA Y DE TRABAJADORES - UNIDAD,agrupacion,0,PROVISORIO,2023_GENERAL_santafe_presidente_mesa.csv
2023,GENERAL,2023-10-22,PRESIDENTE Y VICE,21,Santa Fe,4,Garay,01040,,HACEMOS POR NUESTRO PAIS,agrupacion,1,PROVISORIO,2023_GENERAL_santafe_presidente_mesa.csv
2023,GENERAL,2023-10-22,PRESIDENTE Y VICE,21,Santa Fe,4,Garay,01040,,IMPUGNADO,impugnados,0,PROVISORIO,2023_GENERAL_santafe_presidente_mesa.csv
2023,GENERAL,2023-10-22,PRESIDENTE Y VICE,21,Santa Fe,4,Garay,01040,,JUNTOS POR EL CAMBIO,agrupacion,19,PROVISORIO,2023_GENERAL_santafe_presidente_mesa.csv
2023,GENERAL,2023-10-22,PRESIDENTE Y VICE,21,Santa Fe,4,Garay,01040,,LA LIBERTAD AVANZA,agrupacion,97,PROVISORIO,2023_GENERAL_santafe_presidente_mesa.csv
2023,GENERAL,2023-10-22,PRESIDENTE Y VICE,21,Santa Fe,4,Garay,01040,,NULO,nulos,0,PROVISORIO,2023_GENERAL_santafe_presidente_mesa.csv
2023,GENERAL,2023-10-22,PRESIDENTE Y VICE,21,Santa Fe,4,Garay,01040,,RECURRIDO,recurridos,0,PROVISORIO,2023_GENERAL_santafe_presidente_mesa.csv
2023,GENERAL,2023-10-22,PRESIDENTE Y VICE,21,Santa Fe,4,Garay,01040,,UNION POR LA PATRIA,agrupacion,65,PROVISORIO,2023_GENERAL_santafe_presidente_mesa.csv
2023,GENERAL,2023-10-22,PRESIDENTE Y VICE,21,Santa Fe,4,Garay,01050,,COMANDO,comando,0,PROVISORIO,2023_GENERAL_santafe_presidente_mesa.csv
2023,GENERAL,2023-10-22,PRESIDENTE Y VICE,21,Santa Fe,4,Garay,01050,,EN BLANCO,blancos,9,PROVISORIO,2023_GENERAL_santafe_presidente_mesa.csv
2023,GENERAL,2023-10-22,PRESIDENTE Y VICE,21,Santa Fe,4,Garay,01050,,FRENTE DE IZQUIERDA Y DE TRABAJADORES - UNIDAD,agrupacion,4,PROVISORIO,2023_GENERAL_santafe_presidente_mesa.csv
2023,GENERAL,2023-10-22,PRESIDENTE Y VICE,21,Santa Fe,4,Garay,01050,,HACEMOS POR NUESTRO PAIS,agrupacion,18,PROVISORIO,2023_GENERAL_santafe_presidente_mesa.csv
2023,GENERAL,2023-10-22,PRESIDENTE Y VICE,21,Santa Fe,4,Garay,01050,,IMPUGNADO,impugnados,0,PROVISORIO,2023_GENERAL_santafe_presidente_mesa.csv
2023,GENERAL,2023-10-22,PRESIDENTE Y VICE,21,Santa Fe,4,Garay,01050,,JUNTOS POR EL CAMBIO,agrupacion,71,PROVISORIO,2023_GENERAL_santafe_presidente_mesa.csv
2023,GENERAL,2023-10-22,PRESIDENTE Y VICE,21,Santa Fe,4,Garay,01050,,LA LIBERTAD AVANZA,agrupacion,158,PROVISORIO,2023_GENERAL_santafe_presidente_mesa.csv
2023,GENERAL,2023-10-22,PRESIDENTE Y VICE,21,Santa Fe,4,Garay,01050,,NULO,nulos,6,PROVISORIO,2023_GENERAL_santafe_presidente_mesa.csv
2023,GENERAL,2023-10-22,PRESIDENTE Y VICE,21,Santa Fe,4,Garay,01050,,RECURRIDO,recurridos,0,PROVISORIO,2023_GENERAL_santafe_presidente_mesa.csv
2023,GENERAL,2023-10-22,PRESIDENTE Y VICE,21,Santa Fe,4,Garay,01050,,UNION POR LA PATRIA,agrupacion,164,PROVISORIO,2023_GENERAL_santafe_presidente_mesa.csv
2023,GENERAL,2023-10-22,PRESIDENTE Y VICE,21,Santa Fe,4,Garay,01060,,COMANDO,comando,2,PROVISORIO,2023_GENERAL_santafe_presidente_mesa.csv
2023,GENERAL,2023-10-22,PRESIDENTE Y VICE,21,Santa Fe,4,Garay,01060,,EN BLANCO,blancos,60,PROVISORIO,2023_GENERAL_santafe_presidente_mesa.csv
2023,GENERAL,2023-10-22,PRESIDENTE Y VICE,21,Santa Fe,4,Garay,01060,,FRENTE DE IZQUIERDA Y DE TRABAJADORES - UNIDAD,agrupacion,46,PROVISORIO,2023_GENERAL_santafe_presidente_mesa.csv
2023,GENERAL,2023-10-22,PRESIDENTE Y VICE,21,Santa Fe,4,Garay,01060,,HACEMOS POR NUESTRO PAIS,agrupacion,248,PROVISORIO,2023_GENERAL_santafe_presidente_mesa.csv
2023,GENERAL,2023-10-22,PRESIDENTE Y VICE,21,Santa Fe,4,Garay,01060,,IMPUGNADO,impugnados,0,PROVISORIO,2023_GENERAL_santafe_presidente_mesa.csv
2023,GENERAL,2023-10-22,PRESIDENTE Y VICE,21,Santa Fe,4,Garay,01060,,JUNTOS POR EL CAMBIO,agrupacion,1558,PROVISORIO,2023_GENERAL_santafe_presidente_mesa.csv
2023,GENERAL,2023-10-22,PRESIDENTE Y VICE,21,Santa Fe,4,Garay,01060,,LA LIBERTAD AVANZA,agrupacion,1650,PROVISORIO,2023_GENERAL_santafe_presidente_mesa.csv
2023,GENERAL,2023-10-22,PRESIDENTE Y VICE,21,Santa Fe,4,Garay,01060,,NULO,nulos,61,PROVISORIO,2023_GENERAL_santafe_presidente_mesa.csv
2023,GENERAL,2023-10-22,PRESIDENTE Y VICE,21,Santa Fe,4,Garay,01060,,RECURRIDO,recurridos,0,PROVISORIO,2023_GENERAL_santafe_presidente_mesa.csv
2023,GENERAL,2023-10-22,PRESIDENTE Y VICE,21,Santa Fe,4,Garay,01060,,UNION POR LA PATRIA,agrupacion,1633,PROVISORIO,2023_GENERAL_santafe_presidente_mesa.csv
2023,GENERAL,2023-10-22,PRESIDENTE Y VICE,21,Santa Fe,4,Garay,01064,,COMANDO,comando,0,PROVISORIO,2023_GENERAL_santafe_presidente_mesa.csv
2023,GENERAL,2023-10-22,PRESIDENTE Y VICE,21,Santa Fe,4,Garay,01064,,EN BLANCO,blancos,0,PROVISORIO,2023_GENERAL_santafe_presidente_mesa.csv
2023,GENERAL,2023-10-22,PRESIDENTE Y VICE,21,Santa Fe,4,Garay,01064,,FRENTE DE IZQUIERDA Y DE TRABAJADORES - UNIDAD,agrupacion,0,PROVISORIO,2023_GENERAL_santafe_presidente_mesa.csv
2023,GENERAL,2023-10-22,PRESIDENTE Y VICE,21,Santa Fe,4,Garay,01064,,HACEMOS POR NUESTRO PAIS,agrupacion,0,PROVISORIO,2023_GENERAL_santafe_presidente_mesa.csv
2023,GENERAL,2023-10-22,PRESIDENTE Y VICE,21,Santa Fe,4,Garay,01064,,IMPUGNADO,impugnados,0,PROVISORIO,2023_GENERAL_santafe_presidente_mesa.csv
2023,GENERAL,2023-10-22,PRESIDENTE Y VICE,21,Santa Fe,4,Garay,01064,,JUNTOS POR EL CAMBIO,agrupacion,6,PROVISORIO,2023_GENERAL_santafe_presidente_mesa.csv
2023,GENERAL,2023-10-22,PRESIDENTE Y VICE,21,Santa Fe,4,Garay,01064,,LA LIBERTAD AVANZA,agrupacion,9,PROVISORIO,2023_GENERAL_santafe_presidente_mesa.csv
2023,GENERAL,2023-10-22,PRESIDENTE Y VICE,21,Santa Fe,4,Garay,01064,,NULO,nulos,0,PROVISORIO,2023_GENERAL_santafe_presidente_mesa.csv
2023,GENERAL,2023-10-22,PRESIDENTE Y VICE,21,Santa Fe,4,Garay,01064,,RECURRIDO,recurridos,0,PROVISORIO,2023_GENERAL_santafe_presidente_mesa.csv
2023,GENERAL,2023-10-22,PRESIDENTE Y VICE,21,Santa Fe,4,Garay,01064,,UNION POR LA PATRIA,agrupacion,0,PROVISORIO,2023_GENERAL_santafe_presidente_mesa.csv
2023,GENERAL,2023-10-22,PRESIDENTE Y VICE,21,Santa Fe,4,Garay,01066,,COMANDO,comando,0,PROVISORIO,2023_GENERAL_santafe_presidente_mesa.csv
2023,GENERAL,2023-10-22,PRESIDENTE Y VICE,21,Santa Fe,4,Garay,01066,,EN BLANCO,blancos,0,PROVISORIO,2023_GENERAL_santafe_presidente_mesa.csv
2023,GENERAL,2023-10-22,PRESIDENTE Y VICE,21,Santa Fe,4,Garay,01066,,FRENTE DE IZQUIERDA Y DE TRABAJADORES - UNIDAD,agrupacion,0,PROVISORIO,2023_GENERAL_santafe_presidente_mesa.csv
2023,GENERAL,2023-10-22,PRESIDENTE Y VICE,21,Santa Fe,4,Garay,01066,,HACEMOS POR NUESTRO PAIS,agrupacion,0,PROVISORIO,2023_GENERAL_santafe_presidente_mesa.csv
2023,GENERAL,2023-10-22,PRESIDENTE Y VICE,21,Santa Fe,4,Garay,01066,,IMPUGNADO,impugnados,0,PROVISORIO,2023_GENERAL_santafe_presidente_mesa.csv
2023,GENERAL,2023-10-22,PRESIDENTE Y VICE,21,Santa Fe,4,Garay,01066,,JUNTOS POR EL CAMBIO,agrupacion,14,PROVISORIO,2023_GENERAL_santafe_presidente_mesa.csv
2023,GENERAL,2023-10-22,PRESIDENTE Y VICE,21,Santa Fe,4,Garay,01066,,LA LIBERTAD AVANZA,agrupacion,9,PROVISORIO,2023_GENERAL_santafe_presidente_mesa.csv
2023,GENERAL,2023-10-22,PRESIDENTE Y VICE,21,Santa Fe,4,Garay,01066,,NULO,nulos,1,PROVISORIO,2023_GENERAL_santafe_presidente_mesa.csv
2023,GENERAL,2023-10-22,PRESIDENTE Y VICE,21,Santa Fe,4,Garay,01066,,RECURRIDO,recurridos,0,PROVISORIO,2023_GENERAL_santafe_presidente_mesa.csv
2023,GENERAL,2023-10-22,PRESIDENTE Y VICE,21,Santa Fe,4,Garay,01066,,UNION POR LA PATRIA,agrupacion,16,PROVISORIO,2023_GENERAL_santafe_presidente_mesa.csv
2023,GENERAL,2023-10-22,PRESIDENTE Y VICE,21,Santa Fe,4,Garay,01070,,COMANDO,comando,1,PROVISORIO,2023_GENERAL_santafe_presidente_mesa.csv
2023,GENERAL,2023-10-22,PRESIDENTE Y VICE,21,Santa Fe,4,Garay,01070,,EN BLANCO,blancos,13,PROVISORIO,2023_GENERAL_santafe_presidente_mesa.csv
2023,GENERAL,2023-10-22,PRESIDENTE Y VICE,21,Santa Fe,4,Garay,01070,,FRENTE DE IZQUIERDA Y DE TRABAJADORES - UNIDAD,agrupacion,21,PROVISORIO,2023_GENERAL_santafe_presidente_mesa.csv
2023,GENERAL,2023-10-22,PRESIDENTE Y VICE,21,Santa Fe,4,Garay,01070,,HACEMOS POR NUESTRO PAIS,agrupacion,172,PROVISORIO,2023_GENERAL_santafe_presidente_mesa.csv
2023,GENERAL,2023-10-22,PRESIDENTE Y VICE,21,Santa Fe,4,Garay,01070,,IMPUGNADO,impugnados,0,PROVISORIO,2023_GENERAL_santafe_presidente_mesa.csv
2023,GENERAL,2023-10-22,PRESIDENTE Y VICE,21,Santa Fe,4,Garay,01070,,JUNTOS POR EL CAMBIO,agrupacion,665,PROVISORIO,2023_GENERAL_santafe_presidente_mesa.csv
2023,GENERAL,2023-10-22,PRESIDENTE Y VICE,21,Santa Fe,4,Garay,01070,,LA LIBERTAD AVANZA,agrupacion,996,PROVISORIO,2023_GENERAL_santafe_presidente_mesa.csv
2023,GENERAL,2023-10-22,PRESIDENTE Y VICE,21,Santa Fe,4,Garay,01070,,NULO,nulos,13,PROVISORIO,2023_GENERAL_santafe_presidente_mesa.csv
2023,GENERAL,2023-10-22,PRESIDENTE Y VICE,21,Santa Fe,4,Garay,01070,,RECURRIDO,recurridos,0,PROVISORIO,2023_GENERAL_santafe_presidente_mesa.csv
2023,GENERAL,2023-10-22,PRESIDENTE Y VICE,21,Santa Fe,4,Garay,01070,,UNION POR LA PATRIA,agrupacion,720,PROVISORIO,2023_GENERAL_santafe_presidente_mesa.csv
2023,GENERAL,2023-10-22,PRESIDENTE Y VICE,21,Santa Fe,4,Garay,01080,,COMANDO,comando,0,PROVISORIO,2023_GENERAL_santafe_presidente_mesa.csv
2023,GENERAL,2023-10-22,PRESIDENTE Y VICE,21,Santa Fe,4,Garay,01080,,EN BLANCO,blancos,26,PROVISORIO,2023_GENERAL_santafe_presidente_mesa.csv
2023,GENERAL,2023-10-22,PRESIDENTE Y VICE,21,Santa Fe,4,Garay,01080,,FRENTE DE IZQUIERDA Y DE TRABAJADORES - UNIDAD,agrupacion,47,PROVISORIO,2023_GENERAL_santafe_presidente_mesa.csv
2023,GENERAL,2023-10-22,PRESIDENTE Y VICE,21,Santa Fe,4,Garay,01080,,HACEMOS POR NUESTRO PAIS,agrupacion,212,PROVISORIO,2023_GENERAL_santafe_presidente_mesa.csv
2023,GENERAL,2023-10-22,PRESIDENTE Y VICE,21,Santa Fe,4,Garay,01080,,IMPUGNADO,impugnados,0,PROVISORIO,2023_GENERAL_santafe_presidente_mesa.csv
2023,GENERAL,2023-10-22,PRESIDENTE Y VICE,21,Santa Fe,4,Garay,01080,,JUNTOS POR EL CAMBIO,agrupacion,791,PROVISORIO,2023_GENERAL_santafe_presidente_mesa.csv
2023,GENERAL,2023-10-22,PRESIDENTE Y VICE,21,Santa Fe,4,Garay,01080,,LA LIBERTAD AVANZA,agrupacion,1376,PROVISORIO,2023_GENERAL_santafe_presidente_mesa.csv
2023,GENERAL,2023-10-22,PRESIDENTE Y VICE,21,Santa Fe,4,Garay,01080,,NULO,nulos,55,PROVISORIO,2023_GENERAL_santafe_presidente_mesa.csv
2023,GENERAL,2023-10-22,PRESIDENTE Y VICE,21,Santa Fe,4,Garay,01080,,RECURRIDO,recurridos,0,PROVISORIO,2023_GENERAL_santafe_presidente_mesa.csv
2023,GENERAL,2023-10-22,PRESIDENTE Y VICE,21,Santa Fe,4,Garay,01080,,UNION POR LA PATRIA,agrupacion,1215,PROVISORIO,2023_GENERAL_santafe_presidente_mesa.csv
2023,GENERAL,2023-10-22,PRESIDENTE Y VICE,21,Santa Fe,4,Garay,01085,,COMANDO,comando,3,PROVISORIO,2023_GENERAL_santafe_presidente_mesa.csv
2023,GENERAL,2023-10-22,PRESIDENTE Y VICE,21,Santa Fe,4,Garay,01085,,EN BLANCO,blancos,6,PROVISORIO,2023_GENERAL_santafe_presidente_mesa.csv
2023,GENERAL,2023-10-22,PRESIDENTE Y VICE,21,Santa Fe,4,Garay,01085,,FRENTE DE IZQUIERDA Y DE TRABAJADORES - UNIDAD,agrupacion,5,PROVISORIO,2023_GENERAL_santafe_presidente_mesa.csv
2023,GENERAL,2023-10-22,PRESIDENTE Y VICE,21,Santa Fe,4,Garay,01085,,HACEMOS POR NUESTRO PAIS,agrupacion,41,PROVISORIO,2023_GENERAL_santafe_presidente_mesa.csv
2023,GENERAL,2023-10-22,PRESIDENTE Y VICE,21,Santa Fe,4,Garay,01085,,IMPUGNADO,impugnados,0,PROVISORIO,2023_GENERAL_santafe_presidente_mesa.csv
2023,GENERAL,2023-10-22,PRESIDENTE Y VICE,21,Santa Fe,4,Garay,01085,,JUNTOS POR EL CAMBIO,agrupacion,98,PROVISORIO,2023_GENERAL_santafe_presidente_mesa.csv
2023,GENERAL,2023-10-22,PRESIDENTE Y VICE,21,Santa Fe,4,Garay,01085,,LA LIBERTAD AVANZA,agrupacion,198,PROVISORIO,2023_GENERAL_santafe_presidente_mesa.csv
2023,GENERAL,2023-10-22,PRESIDENTE Y VICE,21,Santa Fe,4,Garay,01085,,NULO,nulos,3,PROVISORIO,2023_GENERAL_santafe_presidente_mesa.csv
2023,GENERAL,2023-10-22,PRESIDENTE Y VICE,21,Santa Fe,4,Garay,01085,,RECURRIDO,recurridos,0,PROVISORIO,2023_GENERAL_santafe_presidente_mesa.csv
2023,GENERAL,2023-10-22,PRESIDENTE Y VICE,21,Santa Fe,4,Garay,01085,,UNION POR LA PATRIA,agrupacion,181,PROVISORIO,2023_GENERAL_santafe_presidente_mesa.csv
2023,GENERAL,2023-10-22,PRESIDENTE Y VICE,21,Santa Fe,4,Garay,01090,,COMANDO,comando,2,PROVISORIO,2023_GENERAL_santafe_presidente_mesa.csv
2023,GENERAL,2023-10-22,PRESIDENTE Y VICE,21,Santa Fe,4,Garay,01090,,EN BLANCO,blancos,1,PROVISORIO,2023_GENERAL_santafe_presidente_mesa.csv
2023,GENERAL,2023-10-22,PRESIDENTE Y VICE,21,Santa Fe,4,Garay,01090,,FRENTE DE IZQUIERDA Y DE TRABAJADORES - UNIDAD,agrupacion,6,PROVISORIO,2023_GENERAL_santafe_presidente_mesa.csv
2023,GENERAL,2023-10-22,PRESIDENTE Y VICE,21,Santa Fe,4,Garay,01090,,HACEMOS POR NUESTRO PAIS,agrupacion,16,PROVISORIO,2023_GENERAL_santafe_presidente_mesa.csv
2023,GENERAL,2023-10-22,PRESIDENTE Y VICE,21,Santa Fe,4,Garay,01090,,IMPUGNADO,impugnados,0,PROVISORIO,2023_GENERAL_santafe_presidente_mesa.csv
2023,GENERAL,2023-10-22,PRESIDENTE Y VICE,21,Santa Fe,4,Garay,01090,,JUNTOS POR EL CAMBIO,agrupacion,59,PROVISORIO,2023_GENERAL_santafe_presidente_mesa.csv
2023,GENERAL,2023-10-22,PRESIDENTE Y VICE,21,Santa Fe,4,Garay,01090,,LA LIBERTAD AVANZA,agrupacion,221,PROVISORIO,2023_GENERAL_santafe_presidente_mesa.csv
2023,GENERAL,2023-10-22,PRESIDENTE Y VICE,21,Santa Fe,4,Garay,01090,,NULO,nulos,2,PROVISORIO,2023_GENERAL_santafe_presidente_mesa.csv
2023,GENERAL,2023-10-22,PRESIDENTE Y VICE,21,Santa Fe,4,Garay,01090,,RECURRIDO,recurridos,0,PROVISORIO,2023_GENERAL_santafe_presidente_mesa.csv
2023,GENERAL,2023-10-22,PRESIDENTE Y VICE,21,Santa Fe,4,Garay,01090,,UNION POR LA PATRIA,agrupacion,195,PROVISORIO,2023_GENERAL_santafe_presidente_mesa.csv
2023,GENERAL,2023-10-22,PRESIDENTE Y VICE,21,Santa Fe,4,Garay,01100,,COMANDO,comando,0,PROVISORIO,2023_GENERAL_santafe_presidente_mesa.csv
2023,GENERAL,2023-10-22,PRESIDENTE Y VICE,21,Santa Fe,4,Garay,01100,,EN BLANCO,blancos,3,PROVISORIO,2023_GENERAL_santafe_presidente_mesa.csv
2023,GENERAL,2023-10-22,PRESIDENTE Y VICE,21,Santa Fe,4,Garay,01100,,FRENTE DE IZQUIERDA Y DE TRABAJADORES - UNIDAD,agrupacion,4,PROVISORIO,2023_GENERAL_santafe_presidente_mesa.csv
2023,GENERAL,2023-10-22,PRESIDENTE Y VICE,21,Santa Fe,4,Garay,01100,,HACEMOS POR NUESTRO PAIS,agrupacion,8,PROVISORIO,2023_GENERAL_santafe_presidente_mesa.csv
2023,GENERAL,2023-10-22,PRESIDENTE Y VICE,21,Santa Fe,4,Garay,01100,,IMPUGNADO,impugnados,0,PROVISORIO,2023_GENERAL_santafe_presidente_mesa.csv
2023,GENERAL,2023-10-22,PRESIDENTE Y VICE,21,Santa Fe,4,Garay,01100,,JUNTOS POR EL CAMBIO,agrupacion,100,PROVISORIO,2023_GENERAL_santafe_presidente_mesa.csv
2023,GENERAL,2023-10-22,PRESIDENTE Y VICE,21,Santa Fe,4,Garay,01100,,LA LIBERTAD AVANZA,agrupacion,113,PROVISORIO,2023_GENERAL_santafe_presidente_mesa.csv
2023,GENERAL,2023-10-22,PRESIDENTE Y VICE,21,Santa Fe,4,Garay,01100,,NULO,nulos,0,PROVISORIO,2023_GENERAL_santafe_presidente_mesa.csv
2023,GENERAL,2023-10-22,PRESIDENTE Y VICE,21,Santa Fe,4,Garay,01100,,RECURRIDO,recurridos,0,PROVISORIO,2023_GENERAL_santafe_presidente_mesa.csv
2023,GENERAL,2023-10-22,PRESIDENTE Y VICE,21,Santa Fe,4,Garay,01100,,UNION POR LA PATRIA,agrupacion,125,PROVISORIO,2023_GENERAL_santafe_presidente_mesa.csv
2023,GENERAL,2023-10-22,PRESIDENTE Y VICE,21,Santa Fe,5,Castellanos,01110,,COMANDO,comando,1,PROVISORIO,2023_GENERAL_santafe_presidente_mesa.csv
2023,GENERAL,2023-10-22,PRESIDENTE Y VICE,21,Santa Fe,5,Castellanos,01110,,EN BLANCO,blancos,6,PROVISORIO,2023_GENERAL_santafe_presidente_mesa.csv
2023,GENERAL,2023-10-22,PRESIDENTE Y VICE,21,Santa Fe,5,Castellanos,01110,,FRENTE DE IZQUIERDA Y DE TRABAJADORES - UNIDAD,agrupacion,2,PROVISORIO,2023_GENERAL_santafe_presidente_mesa.csv
2023,GENERAL,2023-10-22,PRESIDENTE Y VICE,21,Santa Fe,5,Castellanos,01110,,HACEMOS POR NUESTRO PAIS,agrupacion,19,PROVISORIO,2023_GENERAL_santafe_presidente_mesa.csv
2023,GENERAL,2023-10-22,PRESIDENTE Y VICE,21,Santa Fe,5,Castellanos,01110,,IMPUGNADO,impugnados,0,PROVISORIO,2023_GENERAL_santafe_presidente_mesa.csv
2023,GENERAL,2023-10-22,PRESIDENTE Y VICE,21,Santa Fe,5,Castellanos,01110,,JUNTOS POR EL CAMBIO,agrupacion,54,PROVISORIO,2023_GENERAL_santafe_presidente_mesa.csv
2023,GENERAL,2023-10-22,PRESIDENTE Y VICE,21,Santa Fe,5,Castellanos,01110,,LA LIBERTAD AVANZA,agrupacion,55,PROVISORIO,2023_GENERAL_santafe_presidente_mesa.csv
2023,GENERAL,2023-10-22,PRESIDENTE Y VICE,21,Santa Fe,5,Castellanos,01110,,NULO,nulos,1,PROVISORIO,2023_GENERAL_santafe_presidente_mesa.csv
2023,GENERAL,2023-10-22,PRESIDENTE Y VICE,21,Santa Fe,5,Castellanos,01110,,RECURRIDO,recurridos,0,PROVISORIO,2023_GENERAL_santafe_presidente_mesa.csv
2023,GENERAL,2023-10-22,PRESIDENTE Y VICE,21,Santa Fe,5,Castellanos,01110,,UNION POR LA PATRIA,agrupacion,6,PROVISORIO,2023_GENERAL_santafe_presidente_mesa.csv
2023,GENERAL,2023-10-22,PRESIDENTE Y VICE,21,Santa Fe,5,Castellanos,01120,,COMANDO,comando,0,PROVISORIO,2023_GENERAL_santafe_presidente_mesa.csv
2023,GENERAL,2023-10-22,PRESIDENTE Y VICE,21,Santa Fe,5,Castellanos,01120,,EN BLANCO,blancos,1,PROVISORIO,2023_GENERAL_santafe_presidente_mesa.csv
2023,GENERAL,2023-10-22,PRESIDENTE Y VICE,21,Santa Fe,5,Castellanos,01120,,FRENTE DE IZQUIERDA Y DE TRABAJADORES - UNIDAD,agrupacion,0,PROVISORIO,2023_GENERAL_santafe_presidente_mesa.csv
2023,GENERAL,2023-10-22,PRESIDENTE Y VICE,21,Santa Fe,5,Castellanos,01120,,HACEMOS POR NUESTRO PAIS,agrupacion,8,PROVISORIO,2023_GENERAL_santafe_presidente_mesa.csv
2023,GENERAL,2023-10-22,PRESIDENTE Y VICE,21,Santa Fe,5,Castellanos,01120,,IMPUGNADO,impugnados,0,PROVISORIO,2023_GENERAL_santafe_presidente_mesa.csv
2023,GENERAL,2023-10-22,PRESIDENTE Y VICE,21,Santa Fe,5,Castellanos,01120,,JUNTOS POR EL CAMBIO,agrupacion,39,PROVISORIO,2023_GENERAL_santafe_presidente_mesa.csv
2023,GENERAL,2023-10-22,PRESIDENTE Y VICE,21,Santa Fe,5,Castellanos,01120,,LA LIBERTAD AVANZA,agrupacion,45,PROVISORIO,2023_GENERAL_santafe_presidente_mesa.csv
2023,GENERAL,2023-10-22,PRESIDENTE Y VICE,21,Santa Fe,5,Castellanos,01120,,NULO,nulos,0,PROVISORIO,2023_GENERAL_santafe_presidente_mesa.csv
2023,GENERAL,2023-10-22,PRESIDENTE Y VICE,21,Santa Fe,5,Castellanos,01120,,RECURRIDO,recurridos,0,PROVISORIO,2023_GENERAL_santafe_presidente_mesa.csv
2023,GENERAL,2023-10-22,PRESIDENTE Y VICE,21,Santa Fe,5,Castellanos,01120,,UNION POR LA PATRIA,agrupacion,12,PROVISORIO,2023_GENERAL_santafe_presidente_mesa.csv
2023,GENERAL,2023-10-22,PRESIDENTE Y VICE,21,Santa Fe,5,Castellanos,01130,,COMANDO,comando,0,PROVISORIO,2023_GENERAL_santafe_presidente_mesa.csv
2023,GENERAL,2023-10-22,PRESIDENTE Y VICE,21,Santa Fe,5,Castellanos,01130,,EN BLANCO,blancos,0,PROVISORIO,2023_GENERAL_santafe_presidente_mesa.csv
2023,GENERAL,2023-10-22,PRESIDENTE Y VICE,21,Santa Fe,5,Castellanos,01130,,FRENTE DE IZQUIERDA Y DE TRABAJADORES - UNIDAD,agrupacion,0,PROVISORIO,2023_GENERAL_santafe_presidente_mesa.csv
2023,GENERAL,2023-10-22,PRESIDENTE Y VICE,21,Santa Fe,5,Castellanos,01130,,HACEMOS POR NUESTRO PAIS,agrupacion,21,PROVISORIO,2023_GENERAL_santafe_presidente_mesa.csv
2023,GENERAL,2023-10-22,PRESIDENTE Y VICE,21,Santa Fe,5,Castellanos,01130,,IMPUGNADO,impugnados,0,PROVISORIO,2023_GENERAL_santafe_presidente_mesa.csv
2023,GENERAL,2023-10-22,PRESIDENTE Y VICE,21,Santa Fe,5,Castellanos,01130,,JUNTOS POR EL CAMBIO,agrupacion,45,PROVISORIO,2023_GENERAL_santafe_presidente_mesa.csv
2023,GENERAL,2023-10-22,PRESIDENTE Y VICE,21,Santa Fe,5,Castellanos,01130,,LA LIBERTAD AVANZA,agrupacion,49,PROVISORIO,2023_GENERAL_santafe_presidente_mesa.csv
2023,GENERAL,2023-10-22,PRESIDENTE Y VICE,21,Santa Fe,5,Castellanos,01130,,NULO,nulos,1,PROVISORIO,2023_GENERAL_santafe_presidente_mesa.csv
2023,GENERAL,2023-10-22,PRESIDENTE Y VICE,21,Santa Fe,5,Castellanos,01130,,RECURRIDO,recurridos,0,PROVISORIO,2023_GENERAL_santafe_presidente_mesa.csv
2023,GENERAL,2023-10-22,PRESIDENTE Y VICE,21,Santa Fe,5,Castellanos,01130,,UNION POR LA PATRIA,agrupacion,6,PROVISORIO,2023_GENERAL_santafe_presidente_mesa.csv
2023,GENERAL,2023-10-22,PRESIDENTE Y VICE,21,Santa Fe,5,Castellanos,01140,,COMANDO,comando,0,PROVISORIO,2023_GENERAL_santafe_presidente_mesa.csv
2023,GENERAL,2023-10-22,PRESIDENTE Y VICE,21,Santa Fe,5,Castellanos,01140,,EN BLANCO,blancos,0,PROVISORIO,2023_GENERAL_santafe_presidente_mesa.csv
2023,GENERAL,2023-10-22,PRESIDENTE Y VICE,21,Santa Fe,5,Castellanos,01140,,FRENTE DE IZQUIERDA Y DE TRABAJADORES - UNIDAD,agrupacion,0,PROVISORIO,2023_GENERAL_santafe_presidente_mesa.csv
2023,GENERAL,2023-10-22,PRESIDENTE Y VICE,21,Santa Fe,5,Castellanos,01140,,HACEMOS POR NUESTRO PAIS,agrupacion,10,PROVISORIO,2023_GENERAL_santafe_presidente_mesa.csv
2023,GENERAL,2023-10-22,PRESIDENTE Y VICE,21,Santa Fe,5,Castellanos,01140,,IMPUGNADO,impugnados,0,PROVISORIO,2023_GENERAL_santafe_presidente_mesa.csv
2023,GENERAL,2023-10-22,PRESIDENTE Y VICE,21,Santa Fe,5,Castellanos,01140,,JUNTOS POR EL CAMBIO,agrupacion,26,PROVISORIO,2023_GENERAL_santafe_presidente_mesa.csv
2023,GENERAL,2023-10-22,PRESIDENTE Y VICE,21,Santa Fe,5,Castellanos,01140,,LA LIBERTAD AVANZA,agrupacion,36,PROVISORIO,2023_GENERAL_santafe_presidente_mesa.csv
2023,GENERAL,2023-10-22,PRESIDENTE Y VICE,21,Santa Fe,5,Castellanos,01140,,NULO,nulos,0,PROVISORIO,2023_GENERAL_santafe_presidente_mesa.csv
2023,GENERAL,2023-10-22,PRESIDENTE Y VICE,21,Santa Fe,5,Castellanos,01140,,RECURRIDO,recurridos,0,PROVISORIO,2023_GENERAL_santafe_presidente_mesa.csv
2023,GENERAL,2023-10-22,PRESIDENTE Y VICE,21,Santa Fe,5,Castellanos,01140,,UNION POR LA PATRIA,agrupacion,36,PROVISORIO,2023_GENERAL_santafe_presidente_mesa.csv
2023,GENERAL,2023-10-22,PRESIDENTE Y VICE,21,Santa Fe,5,Castellanos,01150,,COMANDO,comando,0,PROVISORIO,2023_GENERAL_santafe_presidente_mesa.csv
2023,GENERAL,2023-10-22,PRESIDENTE Y VICE,21,Santa Fe,5,Castellanos,01150,,EN BLANCO,blancos,6,PROVISORIO,2023_GENERAL_santafe_presidente_mesa.csv
2023,GENERAL,2023-10-22,PRESIDENTE Y VICE,21,Santa Fe,5,Castellanos,01150,,FRENTE DE IZQUIERDA Y DE TRABAJADORES - UNIDAD,agrupacion,8,PROVISORIO,2023_GENERAL_santafe_presidente_mesa.csv
2023,GENERAL,2023-10-22,PRESIDENTE Y VICE,21,Santa Fe,5,Castellanos,01150,,HACEMOS POR NUESTRO PAIS,agrupacion,140,PROVISORIO,2023_GENERAL_santafe_presidente_mesa.csv
2023,GENERAL,2023-10-22,PRESIDENTE Y VICE,21,Santa Fe,5,Castellanos,01150,,IMPUGNADO,impugnados,0,PROVISORIO,2023_GENERAL_santafe_presidente_mesa.csv
2023,GENERAL,2023-10-22,PRESIDENTE Y VICE,21,Santa Fe,5,Castellanos,01150,,JUNTOS POR EL CAMBIO,agrupacion,255,PROVISORIO,2023_GENERAL_santafe_presidente_mesa.csv
2023,GENERAL,2023-10-22,PRESIDENTE Y VICE,21,Santa Fe,5,Castellanos,01150,,LA LIBERTAD AVANZA,agrupacion,431,PROVISORIO,2023_GENERAL_santafe_presidente_mesa.csv
2023,GENERAL,2023-10-22,PRESIDENTE Y VICE,21,Santa Fe,5,Castellanos,01150,,NULO,nulos,7,PROVISORIO,2023_GENERAL_santafe_presidente_mesa.csv
2023,GENERAL,2023-10-22,PRESIDENTE Y VICE,21,Santa Fe,5,Castellanos,01150,,RECURRIDO,recurridos,0,PROVISORIO,2023_GENERAL_santafe_presidente_mesa.csv
2023,GENERAL,2023-10-22,PRESIDENTE Y VICE,21,Santa Fe,5,Castellanos,01150,,UNION POR LA PATRIA,agrupacion,162,PROVISORIO,2023_GENERAL_santafe_presidente_mesa.csv
2023,GENERAL,2023-10-22,PRESIDENTE Y VICE,21,Santa Fe,5,Castellanos,01160,,COMANDO,comando,1,PROVISORIO,2023_GENERAL_santafe_presidente_mesa.csv
2023,GENERAL,2023-10-22,PRESIDENTE Y VICE,21,Santa Fe,5,Castellanos,01160,,EN BLANCO,blancos,4,PROVISORIO,2023_GENERAL_santafe_presidente_mesa.csv
2023,GENERAL,2023-10-22,PRESIDENTE Y VICE,21,Santa Fe,5,Castellanos,01160,,FRENTE DE IZQUIERDA Y DE TRABAJADORES - UNIDAD,agrupacion,1,PROVISORIO,2023_GENERAL_santafe_presidente_mesa.csv
2023,GENERAL,2023-10-22,PRESIDENTE Y VICE,21,Santa Fe,5,Castellanos,01160,,HACEMOS POR NUESTRO PAIS,agrupacion,15,PROVISORIO,2023_GENERAL_santafe_presidente_mesa.csv
2023,GENERAL,2023-10-22,PRESIDENTE Y VICE,21,Santa Fe,5,Castellanos,01160,,IMPUGNADO,impugnados,0,PROVISORIO,2023_GENERAL_santafe_presidente_mesa.csv
2023,GENERAL,2023-10-22,PRESIDENTE Y VICE,21,Santa Fe,5,Castellanos,01160,,JUNTOS POR EL CAMBIO,agrupacion,59,PROVISORIO,2023_GENERAL_santafe_presidente_mesa.csv
2023,GENERAL,2023-10-22,PRESIDENTE Y VICE,21,Santa Fe,5,Castellanos,01160,,LA LIBERTAD AVANZA,agrupacion,108,PROVISORIO,2023_GENERAL_santafe_presidente_mesa.csv
2023,GENERAL,2023-10-22,PRESIDENTE Y VICE,21,Santa Fe,5,Castellanos,01160,,NULO,nulos,0,PROVISORIO,2023_GENERAL_santafe_presidente_mesa.csv
2023,GENERAL,2023-10-22,PRESIDENTE Y VICE,21,Santa Fe,5,Castellanos,01160,,RECURRIDO,recurridos,0,PROVISORIO,2023_GENERAL_santafe_presidente_mesa.csv
2023,GENERAL,2023-10-22,PRESIDENTE Y VICE,21,Santa Fe,5,Castellanos,01160,,UNION POR LA PATRIA,agrupacion,14,PROVISORIO,2023_GENERAL_santafe_presidente_mesa.csv
2023,GENERAL,2023-10-22,PRESIDENTE Y VICE,21,Santa Fe,5,Castellanos,01170,Humberto Primo,COMANDO,comando,1,PROVISORIO,2023_GENERAL_santafe_presidente_mesa.csv
2023,GENERAL,2023-10-22,PRESIDENTE Y VICE,21,Santa Fe,5,Castellanos,01170,Humberto Primo,EN BLANCO,blancos,21,PROVISORIO,2023_GENERAL_santafe_presidente_mesa.csv
2023,GENERAL,2023-10-22,PRESIDENTE Y VICE,21,Santa Fe,5,Castellanos,01170,Humberto Primo,FRENTE DE IZQUIERDA Y DE TRABAJADORES - UNIDAD,agrupacion,24,PROVISORIO,2023_GENERAL_santafe_presidente_mesa.csv
2023,GENERAL,2023-10-22,PRESIDENTE Y VICE,21,Santa Fe,5,Castellanos,01170,Humberto Primo,HACEMOS POR NUESTRO PAIS,agrupacion,324,PROVISORIO,2023_GENERAL_santafe_presidente_mesa.csv
2023,GENERAL,2023-10-22,PRESIDENTE Y VICE,21,Santa Fe,5,Castellanos,01170,Humberto Primo,IMPUGNADO,impugnados,0,PROVISORIO,2023_GENERAL_santafe_presidente_mesa.csv
2023,GENERAL,2023-10-22,PRESIDENTE Y VICE,21,Santa Fe,5,Castellanos,01170,Humberto Primo,JUNTOS POR EL CAMBIO,agrupacion,1054,PROVISORIO,2023_GENERAL_santafe_presidente_mesa.csv
2023,GENERAL,2023-10-22,PRESIDENTE Y VICE,21,Santa Fe,5,Castellanos,01170,Humberto Primo,LA LIBERTAD AVANZA,agrupacion,1438,PROVISORIO,2023_GENERAL_santafe_presidente_mesa.csv
2023,GENERAL,2023-10-22,PRESIDENTE Y VICE,21,Santa Fe,5,Castellanos,01170,Humberto Primo,NULO,nulos,18,PROVISORIO,2023_GENERAL_santafe_presidente_mesa.csv
2023,GENERAL,2023-10-22,PRESIDENTE Y VICE,21,Santa Fe,5,Castellanos,01170,Humberto Primo,RECURRIDO,recurridos,0,PROVISORIO,2023_GENERAL_santafe_presidente_mesa.csv
2023,GENERAL,2023-10-22,PRESIDENTE Y VICE,21,Santa Fe,5,Castellanos,01170,Humberto Primo,UNION POR LA PATRIA,agrupacion,450,PROVISORIO,2023_GENERAL_santafe_presidente_mesa.csv
2023,GENERAL,2023-10-22,PRESIDENTE Y VICE,21,Santa Fe,5,Castellanos,01180,Sunchales,COMANDO,comando,2,PROVISORIO,2023_GENERAL_santafe_presidente_mesa.csv
2023,GENERAL,2023-10-22,PRESIDENTE Y VICE,21,Santa Fe,5,Castellanos,01180,Sunchales,EN BLANCO,blancos,132,PROVISORIO,2023_GENERAL_santafe_presidente_mesa.csv
2023,GENERAL,2023-10-22,PRESIDENTE Y VICE,21,Santa Fe,5,Castellanos,01180,Sunchales,FRENTE DE IZQUIERDA Y DE TRABAJADORES - UNIDAD,agrupacion,171,PROVISORIO,2023_GENERAL_santafe_presidente_mesa.csv
2023,GENERAL,2023-10-22,PRESIDENTE Y VICE,21,Santa Fe,5,Castellanos,01180,Sunchales,HACEMOS POR NUESTRO PAIS,agrupacion,2331,PROVISORIO,2023_GENERAL_santafe_presidente_mesa.csv
2023,GENERAL,2023-10-22,PRESIDENTE Y VICE,21,Santa Fe,5,Castellanos,01180,Sunchales,IMPUGNADO,impugnados,0,PROVISORIO,2023_GENERAL_santafe_presidente_mesa.csv
2023,GENERAL,2023-10-22,PRESIDENTE Y VICE,21,Santa Fe,5,Castellanos,01180,Sunchales,JUNTOS POR EL CAMBIO,agrupacion,4123,PROVISORIO,2023_GENERAL_santafe_presidente_mesa.csv
2023,GENERAL,2023-10-22,PRESIDENTE Y VICE,21,Santa Fe,5,Castellanos,01180,Sunchales,LA LIBERTAD AVANZA,agrupacion,4958,PROVISORIO,2023_GENERAL_santafe_presidente_mesa.csv
2023,GENERAL,2023-10-22,PRESIDENTE Y VICE,21,Santa Fe,5,Castellanos,01180,Sunchales,NULO,nulos,154,PROVISORIO,2023_GENERAL_santafe_presidente_mesa.csv
2023,GENERAL,2023-10-22,PRESIDENTE Y VICE,21,Santa Fe,5,Castellanos,01180,Sunchales,RECURRIDO,recurridos,0,PROVISORIO,2023_GENERAL_santafe_presidente_mesa.csv
2023,GENERAL,2023-10-22,PRESIDENTE Y VICE,21,Santa Fe,5,Castellanos,01180,Sunchales,UNION POR LA PATRIA,agrupacion,3045,PROVISORIO,2023_GENERAL_santafe_presidente_mesa.csv
2023,GENERAL,2023-10-22,PRESIDENTE Y VICE,21,Santa Fe,5,Castellanos,01190,,COMANDO,comando,0,PROVISORIO,2023_GENERAL_santafe_presidente_mesa.csv
2023,GENERAL,2023-10-22,PRESIDENTE Y VICE,21,Santa Fe,5,Castellanos,01190,,EN BLANCO,blancos,9,PROVISORIO,2023_GENERAL_santafe_presidente_mesa.csv
2023,GENERAL,2023-10-22,PRESIDENTE Y VICE,21,Santa Fe,5,Castellanos,01190,,FRENTE DE IZQUIERDA Y DE TRABAJADORES - UNIDAD,agrupacion,4,PROVISORIO,2023_GENERAL_santafe_presidente_mesa.csv
2023,GENERAL,2023-10-22,PRESIDENTE Y VICE,21,Santa Fe,5,Castellanos,01190,,HACEMOS POR NUESTRO PAIS,agrupacion,85,PROVISORIO,2023_GENERAL_santafe_presidente_mesa.csv
2023,GENERAL,2023-10-22,PRESIDENTE Y VICE,21,Santa Fe,5,Castellanos,01190,,IMPUGNADO,impugnados,0,PROVISORIO,2023_GENERAL_santafe_presidente_mesa.csv
2023,GENERAL,2023-10-22,PRESIDENTE Y VICE,21,Santa Fe,5,Castellanos,01190,,JUNTOS POR EL CAMBIO,agrupacion,120,PROVISORIO,2023_GENERAL_santafe_presidente_mesa.csv
2023,GENERAL,2023-10-22,PRESIDENTE Y VICE,21,Santa Fe,5,Castellanos,01190,,LA LIBERTAD AVANZA,agrupacion,225,PROVISORIO,2023_GENERAL_santafe_presidente_mesa.csv
2023,GENERAL,2023-10-22,PRESIDENTE Y VICE,21,Santa Fe,5,Castellanos,01190,,NULO,nulos,4,PROVISORIO,2023_GENERAL_santafe_presidente_mesa.csv
2023,GENERAL,2023-10-22,PRESIDENTE Y VICE,21,Santa Fe,5,Castellanos,01190,,RECURRIDO,recurridos,0,PROVISORIO,2023_GENERAL_santafe_presidente_mesa.csv
2023,GENERAL,2023-10-22,PRESIDENTE Y VICE,21,Santa Fe,5,Castellanos,01190,,UNION POR LA PATRIA,agrupacion,79,PROVISORIO,2023_GENERAL_santafe_presidente_mesa.csv
2023,GENERAL,2023-10-22,PRESIDENTE Y VICE,21,Santa Fe,5,Castellanos,01200,Colonia Aldao,COMANDO,comando,0,PROVISORIO,2023_GENERAL_santafe_presidente_mesa.csv
2023,GENERAL,2023-10-22,PRESIDENTE Y VICE,21,Santa Fe,5,Castellanos,01200,Colonia Aldao,EN BLANCO,blancos,17,PROVISORIO,2023_GENERAL_santafe_presidente_mesa.csv
2023,GENERAL,2023-10-22,PRESIDENTE Y VICE,21,Santa Fe,5,Castellanos,01200,Colonia Aldao,FRENTE DE IZQUIERDA Y DE TRABAJADORES - UNIDAD,agrupacion,9,PROVISORIO,2023_GENERAL_santafe_presidente_mesa.csv
2023,GENERAL,2023-10-22,PRESIDENTE Y VICE,21,Santa Fe,5,Castellanos,01200,Colonia Aldao,HACEMOS POR NUESTRO PAIS,agrupacion,186,PROVISORIO,2023_GENERAL_santafe_presidente_mesa.csv
2023,GENERAL,2023-10-22,PRESIDENTE Y VICE,21,Santa Fe,5,Castellanos,01200,Colonia Aldao,IMPUGNADO,impugnados,0,PROVISORIO,2023_GENERAL_santafe_presidente_mesa.csv
2023,GENERAL,2023-10-22,PRESIDENTE Y VICE,21,Santa Fe,5,Castellanos,01200,Colonia Aldao,JUNTOS POR EL CAMBIO,agrupacion,311,PROVISORIO,2023_GENERAL_santafe_presidente_mesa.csv
2023,GENERAL,2023-10-22,PRESIDENTE Y VICE,21,Santa Fe,5,Castellanos,01200,Colonia Aldao,LA LIBERTAD AVANZA,agrupacion,479,PROVISORIO,2023_GENERAL_santafe_presidente_mesa.csv
2023,GENERAL,2023-10-22,PRESIDENTE Y VICE,21,Santa Fe,5,Castellanos,01200,Colonia Aldao,NULO,nulos,10,PROVISORIO,2023_GENERAL_santafe_presidente_mesa.csv
2023,GENERAL,2023-10-22,PRESIDENTE Y VICE,21,Santa Fe,5,Castellanos,01200,Colonia Aldao,RECURRIDO,recurridos,0,PROVISORIO,2023_GENERAL_santafe_presidente_mesa.csv
2023,GENERAL,2023-10-22,PRESIDENTE Y VICE,21,Santa Fe,5,Castellanos,01200,Colonia Aldao,UNION POR LA PATRIA,agrupacion,196,PROVISORIO,2023_GENERAL_santafe_presidente_mesa.csv
2023,GENERAL,2023-10-22,PRESIDENTE Y VICE,21,Santa Fe,5,Castellanos,01202,,COMANDO,comando,1,PROVISORIO,2023_GENERAL_santafe_presidente_mesa.csv
2023,GENERAL,2023-10-22,PRESIDENTE Y VICE,21,Santa Fe,5,Castellanos,01202,,EN BLANCO,blancos,0,PROVISORIO,2023_GENERAL_santafe_presidente_mesa.csv
2023,GENERAL,2023-10-22,PRESIDENTE Y VICE,21,Santa Fe,5,Castellanos,01202,,FRENTE DE IZQUIERDA Y DE TRABAJADORES - UNIDAD,agrupacion,0,PROVISORIO,2023_GENERAL_santafe_presidente_mesa.csv
2023,GENERAL,2023-10-22,PRESIDENTE Y VICE,21,Santa Fe,5,Castellanos,01202,,HACEMOS POR NUESTRO PAIS,agrupacion,5,PROVISORIO,2023_GENERAL_santafe_presidente_mesa.csv
2023,GENERAL,2023-10-22,PRESIDENTE Y VICE,21,Santa Fe,5,Castellanos,01202,,IMPUGNADO,impugnados,0,PROVISORIO,2023_GENERAL_santafe_presidente_mesa.csv
2023,GENERAL,2023-10-22,PRESIDENTE Y VICE,21,Santa Fe,5,Castellanos,01202,,JUNTOS POR EL CAMBIO,agrupacion,14,PROVISORIO,2023_GENERAL_santafe_presidente_mesa.csv
2023,GENERAL,2023-10-22,PRESIDENTE Y VICE,21,Santa Fe,5,Castellanos,01202,,LA LIBERTAD AVANZA,agrupacion,4,PROVISORIO,2023_GENERAL_santafe_presidente_mesa.csv
2023,GENERAL,2023-10-22,PRESIDENTE Y VICE,21,Santa Fe,5,Castellanos,01202,,NULO,nulos,0,PROVISORIO,2023_GENERAL_santafe_presidente_mesa.csv
2023,GENERAL,2023-10-22,PRESIDENTE Y VICE,21,Santa Fe,5,Castellanos,01202,,RECURRIDO,recurridos,0,PROVISORIO,2023_GENERAL_santafe_presidente_mesa.csv
2023,GENERAL,2023-10-22,PRESIDENTE Y VICE,21,Santa Fe,5,Castellanos,01202,,UNION POR LA PATRIA,agrupacion,13,PROVISORIO,2023_GENERAL_santafe_presidente_mesa.csv
2023,GENERAL,2023-10-22,PRESIDENTE Y VICE,21,Santa Fe,5,Castellanos,01204,,COMANDO,comando,0,PROVISORIO,2023_GENERAL_santafe_presidente_mesa.csv
2023,GENERAL,2023-10-22,PRESIDENTE Y VICE,21,Santa Fe,5,Castellanos,01204,,EN BLANCO,blancos,0,PROVISORIO,2023_GENERAL_santafe_presidente_mesa.csv
2023,GENERAL,2023-10-22,PRESIDENTE Y VICE,21,Santa Fe,5,Castellanos,01204,,FRENTE DE IZQUIERDA Y DE TRABAJADORES - UNIDAD,agrupacion,0,PROVISORIO,2023_GENERAL_santafe_presidente_mesa.csv
2023,GENERAL,2023-10-22,PRESIDENTE Y VICE,21,Santa Fe,5,Castellanos,01204,,HACEMOS POR NUESTRO PAIS,agrupacion,10,PROVISORIO,2023_GENERAL_santafe_presidente_mesa.csv
2023,GENERAL,2023-10-22,PRESIDENTE Y VICE,21,Santa Fe,5,Castellanos,01204,,IMPUGNADO,impugnados,0,PROVISORIO,2023_GENERAL_santafe_presidente_mesa.csv
2023,GENERAL,2023-10-22,PRESIDENTE Y VICE,21,Santa Fe,5,Castellanos,01204,,JUNTOS POR EL CAMBIO,agrupacion,12,PROVISORIO,2023_GENERAL_santafe_presidente_mesa.csv
2023,GENERAL,2023-10-22,PRESIDENTE Y VICE,21,Santa Fe,5,Castellanos,01204,,LA LIBERTAD AVANZA,agrupacion,6,PROVISORIO,2023_GENERAL_santafe_presidente_mesa.csv
2023,GENERAL,2023-10-22,PRESIDENTE Y VICE,21,Santa Fe,5,Castellanos,01204,,NULO,nulos,0,PROVISORIO,2023_GENERAL_santafe_presidente_mesa.csv
2023,GENERAL,2023-10-22,PRESIDENTE Y VICE,21,Santa Fe,5,Castellanos,01204,,RECURRIDO,recurridos,0,PROVISORIO,2023_GENERAL_santafe_presidente_mesa.csv
2023,GENERAL,2023-10-22,PRESIDENTE Y VICE,21,Santa Fe,5,Castellanos,01204,,UNION POR LA PATRIA,agrupacion,10,PROVISORIO,2023_GENERAL_santafe_presidente_mesa.csv
2023,GENERAL,2023-10-22,PRESIDENTE Y VICE,21,Santa Fe,5,Castellanos,01210,Ataliva,COMANDO,comando,0,PROVISORIO,2023_GENERAL_santafe_presidente_mesa.csv
2023,GENERAL,2023-10-22,PRESIDENTE Y VICE,21,Santa Fe,5,Castellanos,01210,Ataliva,EN BLANCO,blancos,11,PROVISORIO,2023_GENERAL_santafe_presidente_mesa.csv
2023,GENERAL,2023-10-22,PRESIDENTE Y VICE,21,Santa Fe,5,Castellanos,01210,Ataliva,FRENTE DE IZQUIERDA Y DE TRABAJADORES - UNIDAD,agrupacion,20,PROVISORIO,2023_GENERAL_santafe_presidente_mesa.csv
2023,GENERAL,2023-10-22,PRESIDENTE Y VICE,21,Santa Fe,5,Castellanos,01210,Ataliva,HACEMOS POR NUESTRO PAIS,agrupacion,178,PROVISORIO,2023_GENERAL_santafe_presidente_mesa.csv
2023,GENERAL,2023-10-22,PRESIDENTE Y VICE,21,Santa Fe,5,Castellanos,01210,Ataliva,IMPUGNADO,impugnados,0,PROVISORIO,2023_GENERAL_santafe_presidente_mesa.csv
2023,GENERAL,2023-10-22,PRESIDENTE Y VICE,21,Santa Fe,5,Castellanos,01210,Ataliva,JUNTOS POR EL CAMBIO,agrupacion,371,PROVISORIO,2023_GENERAL_santafe_presidente_mesa.csv
2023,GENERAL,2023-10-22,PRESIDENTE Y VICE,21,Santa Fe,5,Castellanos,01210,Ataliva,LA LIBERTAD AVANZA,agrupacion,551,PROVISORIO,2023_GENERAL_santafe_presidente_mesa.csv
2023,GENERAL,2023-10-22,PRESIDENTE Y VICE,21,Santa Fe,5,Castellanos,01210,Ataliva,NULO,nulos,25,PROVISORIO,2023_GENERAL_santafe_presidente_mesa.csv
2023,GENERAL,2023-10-22,PRESIDENTE Y VICE,21,Santa Fe,5,Castellanos,01210,Ataliva,RECURRIDO,recurridos,0,PROVISORIO,2023_GENERAL_santafe_presidente_mesa.csv
2023,GENERAL,2023-10-22,PRESIDENTE Y VICE,21,Santa Fe,5,Castellanos,01210,Ataliva,UNION POR LA PATRIA,agrupacion,161,PROVISORIO,2023_GENERAL_santafe_presidente_mesa.csv
2023,GENERAL,2023-10-22,PRESIDENTE Y VICE,21,Santa Fe,5,Castellanos,01220,,COMANDO,comando,0,PROVISORIO,2023_GENERAL_santafe_presidente_mesa.csv
2023,GENERAL,2023-10-22,PRESIDENTE Y VICE,21,Santa Fe,5,Castellanos,01220,,EN BLANCO,blancos,2,PROVISORIO,2023_GENERAL_santafe_presidente_mesa.csv
2023,GENERAL,2023-10-22,PRESIDENTE Y VICE,21,Santa Fe,5,Castellanos,01220,,FRENTE DE IZQUIERDA Y DE TRABAJADORES - UNIDAD,agrupacion,2,PROVISORIO,2023_GENERAL_santafe_presidente_mesa.csv
2023,GENERAL,2023-10-22,PRESIDENTE Y VICE,21,Santa Fe,5,Castellanos,01220,,HACEMOS POR NUESTRO PAIS,agrupacion,33,PROVISORIO,2023_GENERAL_santafe_presidente_mesa.csv
2023,GENERAL,2023-10-22,PRESIDENTE Y VICE,21,Santa Fe,5,Castellanos,01220,,IMPUGNADO,impugnados,0,PROVISORIO,2023_GENERAL_santafe_presidente_mesa.csv
2023,GENERAL,2023-10-22,PRESIDENTE Y VICE,21,Santa Fe,5,Castellanos,01220,,JUNTOS POR EL CAMBIO,agrupacion,85,PROVISORIO,2023_GENERAL_santafe_presidente_mesa.csv
2023,GENERAL,2023-10-22,PRESIDENTE Y VICE,21,Santa Fe,5,Castellanos,01220,,LA LIBERTAD AVANZA,agrupacion,128,PROVISORIO,2023_GENERAL_santafe_presidente_mesa.csv
2023,GENERAL,2023-10-22,PRESIDENTE Y VICE,21,Santa Fe,5,Castellanos,01220,,NULO,nulos,1,PROVISORIO,2023_GENERAL_santafe_presidente_mesa.csv
2023,GENERAL,2023-10-22,PRESIDENTE Y VICE,21,Santa Fe,5,Castellanos,01220,,RECURRIDO,recurridos,0,PROVISORIO,2023_GENERAL_santafe_presidente_mesa.csv
2023,GENERAL,2023-10-22,PRESIDENTE Y VICE,21,Santa Fe,5,Castellanos,01220,,UNION POR LA PATRIA,agrupacion,53,PROVISORIO,2023_GENERAL_santafe_presidente_mesa.csv
2023,GENERAL,2023-10-22,PRESIDENTE Y VICE,21,Santa Fe,5,Castellanos,01230,Lehmann,COMANDO,comando,1,PROVISORIO,2023_GENERAL_santafe_presidente_mesa.csv
2023,GENERAL,2023-10-22,PRESIDENTE Y VICE,21,Santa Fe,5,Castellanos,01230,Lehmann,EN BLANCO,blancos,15,PROVISORIO,2023_GENERAL_santafe_presidente_mesa.csv
2023,GENERAL,2023-10-22,PRESIDENTE Y VICE,21,Santa Fe,5,Castellanos,01230,Lehmann,FRENTE DE IZQUIERDA Y DE TRABAJADORES - UNIDAD,agrupacion,17,PROVISORIO,2023_GENERAL_santafe_presidente_mesa.csv
2023,GENERAL,2023-10-22,PRESIDENTE Y VICE,21,Santa Fe,5,Castellanos,01230,Lehmann,HACEMOS POR NUESTRO PAIS,agrupacion,277,PROVISORIO,2023_GENERAL_santafe_presidente_mesa.csv
2023,GENERAL,2023-10-22,PRESIDENTE Y VICE,21,Santa Fe,5,Castellanos,01230,Lehmann,IMPUGNADO,impugnados,0,PROVISORIO,2023_GENERAL_santafe_presidente_mesa.csv
2023,GENERAL,2023-10-22,PRESIDENTE Y VICE,21,Santa Fe,5,Castellanos,01230,Lehmann,JUNTOS POR EL CAMBIO,agrupacion,519,PROVISORIO,2023_GENERAL_santafe_presidente_mesa.csv
2023,GENERAL,2023-10-22,PRESIDENTE Y VICE,21,Santa Fe,5,Castellanos,01230,Lehmann,LA LIBERTAD AVANZA,agrupacion,766,PROVISORIO,2023_GENERAL_santafe_presidente_mesa.csv
2023,GENERAL,2023-10-22,PRESIDENTE Y VICE,21,Santa Fe,5,Castellanos,01230,Lehmann,NULO,nulos,18,PROVISORIO,2023_GENERAL_santafe_presidente_mesa.csv
2023,GENERAL,2023-10-22,PRESIDENTE Y VICE,21,Santa Fe,5,Castellanos,01230,Lehmann,RECURRIDO,recurridos,0,PROVISORIO,2023_GENERAL_santafe_presidente_mesa.csv
2023,GENERAL,2023-10-22,PRESIDENTE Y VICE,21,Santa Fe,5,Castellanos,01230,Lehmann,UNION POR LA PATRIA,agrupacion,365,PROVISORIO,2023_GENERAL_santafe_presidente_mesa.csv
2023,GENERAL,2023-10-22,PRESIDENTE Y VICE,21,Santa Fe,5,Castellanos,01240,Ramona,COMANDO,comando,1,PROVISORIO,2023_GENERAL_santafe_presidente_mesa.csv
2023,GENERAL,2023-10-22,PRESIDENTE Y VICE,21,Santa Fe,5,Castellanos,01240,Ramona,EN BLANCO,blancos,16,PROVISORIO,2023_GENERAL_santafe_presidente_mesa.csv
2023,GENERAL,2023-10-22,PRESIDENTE Y VICE,21,Santa Fe,5,Castellanos,01240,Ramona,FRENTE DE IZQUIERDA Y DE TRABAJADORES - UNIDAD,agrupacion,11,PROVISORIO,2023_GENERAL_santafe_presidente_mesa.csv
2023,GENERAL,2023-10-22,PRESIDENTE Y VICE,21,Santa Fe,5,Castellanos,01240,Ramona,HACEMOS POR NUESTRO PAIS,agrupacion,202,PROVISORIO,2023_GENERAL_santafe_presidente_mesa.csv
2023,GENERAL,2023-10-22,PRESIDENTE Y VICE,21,Santa Fe,5,Castellanos,01240,Ramona,IMPUGNADO,impugnados,0,PROVISORIO,2023_GENERAL_santafe_presidente_mesa.csv
2023,GENERAL,2023-10-22,PRESIDENTE Y VICE,21,Santa Fe,5,Castellanos,01240,Ramona,JUNTOS POR EL CAMBIO,agrupacion,391,PROVISORIO,2023_GENERAL_santafe_presidente_mesa.csv
2023,GENERAL,2023-10-22,PRESIDENTE Y VICE,21,Santa Fe,5,Castellanos,01240,Ramona,LA LIBERTAD AVANZA,agrupacion,432,PROVISORIO,2023_GENERAL_santafe_presidente_mesa.csv
2023,GENERAL,2023-10-22,PRESIDENTE Y VICE,21,Santa Fe,5,Castellanos,01240,Ramona,NULO,nulos,18,PROVISORIO,2023_GENERAL_santafe_presidente_mesa.csv
2023,GENERAL,2023-10-22,PRESIDENTE Y VICE,21,Santa Fe,5,Castellanos,01240,Ramona,RECURRIDO,recurridos,0,PROVISORIO,2023_GENERAL_santafe_presidente_mesa.csv
2023,GENERAL,2023-10-22,PRESIDENTE Y VICE,21,Santa Fe,5,Castellanos,01240,Ramona,UNION POR LA PATRIA,agrupacion,225,PROVISORIO,2023_GENERAL_santafe_presidente_mesa.csv
2023,GENERAL,2023-10-22,PRESIDENTE Y VICE,21,Santa Fe,5,Castellanos,01250,,COMANDO,comando,0,PROVISORIO,2023_GENERAL_santafe_presidente_mesa.csv
2023,GENERAL,2023-10-22,PRESIDENTE Y VICE,21,Santa Fe,5,Castellanos,01250,,EN BLANCO,blancos,5,PROVISORIO,2023_GENERAL_santafe_presidente_mesa.csv
2023,GENERAL,2023-10-22,PRESIDENTE Y VICE,21,Santa Fe,5,Castellanos,01250,,FRENTE DE IZQUIERDA Y DE TRABAJADORES - UNIDAD,agrupacion,9,PROVISORIO,2023_GENERAL_santafe_presidente_mesa.csv
2023,GENERAL,2023-10-22,PRESIDENTE Y VICE,21,Santa Fe,5,Castellanos,01250,,HACEMOS POR NUESTRO PAIS,agrupacion,120,PROVISORIO,2023_GENERAL_santafe_presidente_mesa.csv
2023,GENERAL,2023-10-22,PRESIDENTE Y VICE,21,Santa Fe,5,Castellanos,01250,,IMPUGNADO,impugnados,0,PROVISORIO,2023_GENERAL_santafe_presidente_mesa.csv
2023,GENERAL,2023-10-22,PRESIDENTE Y VICE,21,Santa Fe,5,Castellanos,01250,,JUNTOS POR EL CAMBIO,agrupacion,298,PROVISORIO,2023_GENERAL_santafe_presidente_mesa.csv
2023,GENERAL,2023-10-22,PRESIDENTE Y VICE,21,Santa Fe,5,Castellanos,01250,,LA LIBERTAD AVANZA,agrupacion,329,PROVISORIO,2023_GENERAL_santafe_presidente_mesa.csv
2023,GENERAL,2023-10-22,PRESIDENTE Y VICE,21,Santa Fe,5,Castellanos,01250,,NULO,nulos,3,PROVISORIO,2023_GENERAL_santafe_presidente_mesa.csv
2023,GENERAL,2023-10-22,PRESIDENTE Y VICE,21,Santa Fe,5,Castellanos,01250,,RECURRIDO,recurridos,0,PROVISORIO,2023_GENERAL_santafe_presidente_mesa.csv
2023,GENERAL,2023-10-22,PRESIDENTE Y VICE,21,Santa Fe,5,Castellanos,01250,,UNION POR LA PATRIA,agrupacion,201,PROVISORIO,2023_GENERAL_santafe_presidente_mesa.csv
2023,GENERAL,2023-10-22,PRESIDENTE Y VICE,21,Santa Fe,5,Castellanos,01260,,COMANDO,comando,0,PROVISORIO,2023_GENERAL_santafe_presidente_mesa.csv
2023,GENERAL,2023-10-22,PRESIDENTE Y VICE,21,Santa Fe,5,Castellanos,01260,,EN BLANCO,blancos,1,PROVISORIO,2023_GENERAL_santafe_presidente_mesa.csv
2023,GENERAL,2023-10-22,PRESIDENTE Y VICE,21,Santa Fe,5,Castellanos,01260,,FRENTE DE IZQUIERDA Y DE TRABAJADORES - UNIDAD,agrupacion,2,PROVISORIO,2023_GENERAL_santafe_presidente_mesa.csv
2023,GENERAL,2023-10-22,PRESIDENTE Y VICE,21,Santa Fe,5,Castellanos,01260,,HACEMOS POR NUESTRO PAIS,agrupacion,34,PROVISORIO,2023_GENERAL_santafe_presidente_mesa.csv
2023,GENERAL,2023-10-22,PRESIDENTE Y VICE,21,Santa Fe,5,Castellanos,01260,,IMPUGNADO,impugnados,0,PROVISORIO,2023_GENERAL_santafe_presidente_mesa.csv
2023,GENERAL,2023-10-22,PRESIDENTE Y VICE,21,Santa Fe,5,Castellanos,01260,,JUNTOS POR EL CAMBIO,agrupacion,65,PROVISORIO,2023_GENERAL_santafe_presidente_mesa.csv
2023,GENERAL,2023-10-22,PRESIDENTE Y VICE,21,Santa Fe,5,Castellanos,01260,,LA LIBERTAD AVANZA,agrupacion,71,PROVISORIO,2023_GENERAL_santafe_presidente_mesa.csv
2023,GENERAL,2023-10-22,PRESIDENTE Y VICE,21,Santa Fe,5,Castellanos,01260,,NULO,nulos,3,PROVISORIO,2023_GENERAL_santafe_presidente_mesa.csv
2023,GENERAL,2023-10-22,PRESIDENTE Y VICE,21,Santa Fe,5,Castellanos,01260,,RECURRIDO,recurridos,0,PROVISORIO,2023_GENERAL_santafe_presidente_mesa.csv
2023,GENERAL,2023-10-22,PRESIDENTE Y VICE,21,Santa Fe,5,Castellanos,01260,,UNION POR LA PATRIA,agrupacion,38,PROVISORIO,2023_GENERAL_santafe_presidente_mesa.csv
2023,GENERAL,2023-10-22,PRESIDENTE Y VICE,21,Santa Fe,5,Castellanos,01270,,COMANDO,comando,0,PROVISORIO,2023_GENERAL_santafe_presidente_mesa.csv
2023,GENERAL,2023-10-22,PRESIDENTE Y VICE,21,Santa Fe,5,Castellanos,01270,,EN BLANCO,blancos,5,PROVISORIO,2023_GENERAL_santafe_presidente_mesa.csv
2023,GENERAL,2023-10-22,PRESIDENTE Y VICE,21,Santa Fe,5,Castellanos,01270,,FRENTE DE IZQUIERDA Y DE TRABAJADORES - UNIDAD,agrupacion,2,PROVISORIO,2023_GENERAL_santafe_presidente_mesa.csv
2023,GENERAL,2023-10-22,PRESIDENTE Y VICE,21,Santa Fe,5,Castellanos,01270,,HACEMOS POR NUESTRO PAIS,agrupacion,61,PROVISORIO,2023_GENERAL_santafe_presidente_mesa.csv
2023,GENERAL,2023-10-22,PRESIDENTE Y VICE,21,Santa Fe,5,Castellanos,01270,,IMPUGNADO,impugnados,0,PROVISORIO,2023_GENERAL_santafe_presidente_mesa.csv
2023,GENERAL,2023-10-22,PRESIDENTE Y VICE,21,Santa Fe,5,Castellanos,01270,,JUNTOS POR EL CAMBIO,agrupacion,204,PROVISORIO,2023_GENERAL_santafe_presidente_mesa.csv
2023,GENERAL,2023-10-22,PRESIDENTE Y VICE,21,Santa Fe,5,Castellanos,01270,,LA LIBERTAD AVANZA,agrupacion,258,PROVISORIO,2023_GENERAL_santafe_presidente_mesa.csv
2023,GENERAL,2023-10-22,PRESIDENTE Y VICE,21,Santa Fe,5,Castellanos,01270,,NULO,nulos,3,PROVISORIO,2023_GENERAL_santafe_presidente_mesa.csv
2023,GENERAL,2023-10-22,PRESIDENTE Y VICE,21,Santa Fe,5,Castellanos,01270,,RECURRIDO,recurridos,0,PROVISORIO,2023_GENERAL_santafe_presidente_mesa.csv
2023,GENERAL,2023-10-22,PRESIDENTE Y VICE,21,Santa Fe,5,Castellanos,01270,,UNION POR LA PATRIA,agrupacion,38,PROVISORIO,2023_GENERAL_santafe_presidente_mesa.csv
2023,GENERAL,2023-10-22,PRESIDENTE Y VICE,21,Santa Fe,5,Castellanos,01280,,COMANDO,comando,10,PROVISORIO,2023_GENERAL_santafe_presidente_mesa.csv
2023,GENERAL,2023-10-22,PRESIDENTE Y VICE,21,Santa Fe,5,Castellanos,01280,,EN BLANCO,blancos,176,PROVISORIO,2023_GENERAL_santafe_presidente_mesa.csv
2023,GENERAL,2023-10-22,PRESIDENTE Y VICE,21,Santa Fe,5,Castellanos,01280,,FRENTE DE IZQUIERDA Y DE TRABAJADORES - UNIDAD,agrupacion,327,PROVISORIO,2023_GENERAL_santafe_presidente_mesa.csv
2023,GENERAL,2023-10-22,PRESIDENTE Y VICE,21,Santa Fe,5,Castellanos,01280,,HACEMOS POR NUESTRO PAIS,agrupacion,3077,PROVISORIO,2023_GENERAL_santafe_presidente_mesa.csv
2023,GENERAL,2023-10-22,PRESIDENTE Y VICE,21,Santa Fe,5,Castellanos,01280,,IMPUGNADO,impugnados,2,PROVISORIO,2023_GENERAL_santafe_presidente_mesa.csv
2023,GENERAL,2023-10-22,PRESIDENTE Y VICE,21,Santa Fe,5,Castellanos,01280,,JUNTOS POR EL CAMBIO,agrupacion,6555,PROVISORIO,2023_GENERAL_santafe_presidente_mesa.csv
2023,GENERAL,2023-10-22,PRESIDENTE Y VICE,21,Santa Fe,5,Castellanos,01280,,LA LIBERTAD AVANZA,agrupacion,7761,PROVISORIO,2023_GENERAL_santafe_presidente_mesa.csv
2023,GENERAL,2023-10-22,PRESIDENTE Y VICE,21,Santa Fe,5,Castellanos,01280,,NULO,nulos,255,PROVISORIO,2023_GENERAL_santafe_presidente_mesa.csv
2023,GENERAL,2023-10-22,PRESIDENTE Y VICE,21,Santa Fe,5,Castellanos,01280,,RECURRIDO,recurridos,0,PROVISORIO,2023_GENERAL_santafe_presidente_mesa.csv
2023,GENERAL,2023-10-22,PRESIDENTE Y VICE,21,Santa Fe,5,Castellanos,01280,,UNION POR LA PATRIA,agrupacion,5006,PROVISORIO,2023_GENERAL_santafe_presidente_mesa.csv
2023,GENERAL,2023-10-22,PRESIDENTE Y VICE,21,Santa Fe,5,Castellanos,01282,,COMANDO,comando,13,PROVISORIO,2023_GENERAL_santafe_presidente_mesa.csv
2023,GENERAL,2023-10-22,PRESIDENTE Y VICE,21,Santa Fe,5,Castellanos,01282,,EN BLANCO,blancos,82,PROVISORIO,2023_GENERAL_santafe_presidente_mesa.csv
2023,GENERAL,2023-10-22,PRESIDENTE Y VICE,21,Santa Fe,5,Castellanos,01282,,FRENTE DE IZQUIERDA Y DE TRABAJADORES - UNIDAD,agrupacion,161,PROVISORIO,2023_GENERAL_santafe_presidente_mesa.csv
2023,GENERAL,2023-10-22,PRESIDENTE Y VICE,21,Santa Fe,5,Castellanos,01282,,HACEMOS POR NUESTRO PAIS,agrupacion,1586,PROVISORIO,2023_GENERAL_santafe_presidente_mesa.csv
2023,GENERAL,2023-10-22,PRESIDENTE Y VICE,21,Santa Fe,5,Castellanos,01282,,IMPUGNADO,impugnados,0,PROVISORIO,2023_GENERAL_santafe_presidente_mesa.csv
2023,GENERAL,2023-10-22,PRESIDENTE Y VICE,21,Santa Fe,5,Castellanos,01282,,JUNTOS POR EL CAMBIO,agrupacion,3498,PROVISORIO,2023_GENERAL_santafe_presidente_mesa.csv
2023,GENERAL,2023-10-22,PRESIDENTE Y VICE,21,Santa Fe,5,Castellanos,01282,,LA LIBERTAD AVANZA,agrupacion,4101,PROVISORIO,2023_GENERAL_santafe_presidente_mesa.csv
2023,GENERAL,2023-10-22,PRESIDENTE Y VICE,21,Santa Fe,5,Castellanos,01282,,NULO,nulos,135,PROVISORIO,2023_GENERAL_santafe_presidente_mesa.csv
2023,GENERAL,2023-10-22,PRESIDENTE Y VICE,21,Santa Fe,5,Castellanos,01282,,RECURRIDO,recurridos,0,PROVISORIO,2023_GENERAL_santafe_presidente_mesa.csv
2023,GENERAL,2023-10-22,PRESIDENTE Y VICE,21,Santa Fe,5,Castellanos,01282,,UNION POR LA PATRIA,agrupacion,2048,PROVISORIO,2023_GENERAL_santafe_presidente_mesa.csv
2023,GENERAL,2023-10-22,PRESIDENTE Y VICE,21,Santa Fe,5,Castellanos,01284,,COMANDO,comando,3,PROVISORIO,2023_GENERAL_santafe_presidente_mesa.csv
2023,GENERAL,2023-10-22,PRESIDENTE Y VICE,21,Santa Fe,5,Castellanos,01284,,EN BLANCO,blancos,114,PROVISORIO,2023_GENERAL_santafe_presidente_mesa.csv
2023,GENERAL,2023-10-22,PRESIDENTE Y VICE,21,Santa Fe,5,Castellanos,01284,,FRENTE DE IZQUIERDA Y DE TRABAJADORES - UNIDAD,agrupacion,158,PROVISORIO,2023_GENERAL_santafe_presidente_mesa.csv
2023,GENERAL,2023-10-22,PRESIDENTE Y VICE,21,Santa Fe,5,Castellanos,01284,,HACEMOS POR NUESTRO PAIS,agrupacion,1721,PROVISORIO,2023_GENERAL_santafe_presidente_mesa.csv
2023,GENERAL,2023-10-22,PRESIDENTE Y VICE,21,Santa Fe,5,Castellanos,01284,,IMPUGNADO,impugnados,0,PROVISORIO,2023_GENERAL_santafe_presidente_mesa.csv
2023,GENERAL,2023-10-22,PRESIDENTE Y VICE,21,Santa Fe,5,Castellanos,01284,,JUNTOS POR EL CAMBIO,agrupacion,5185,PROVISORIO,2023_GENERAL_santafe_presidente_mesa.csv
2023,GENERAL,2023-10-22,PRESIDENTE Y VICE,21,Santa Fe,5,Castellanos,01284,,LA LIBERTAD AVANZA,agrupacion,4743,PROVISORIO,2023_GENERAL_santafe_presidente_mesa.csv
2023,GENERAL,2023-10-22,PRESIDENTE Y VICE,21,Santa Fe,5,Castellanos,01284,,NULO,nulos,131,PROVISORIO,2023_GENERAL_santafe_presidente_mesa.csv
2023,GENERAL,2023-10-22,PRESIDENTE Y VICE,21,Santa Fe,5,Castellanos,01284,,RECURRIDO,recurridos,2,PROVISORIO,2023_GENERAL_santafe_presidente_mesa.csv
2023,GENERAL,2023-10-22,PRESIDENTE Y VICE,21,Santa Fe,5,Castellanos,01284,,UNION POR LA PATRIA,agrupacion,2353,PROVISORIO,2023_GENERAL_santafe_presidente_mesa.csv
2023,GENERAL,2023-10-22,PRESIDENTE Y VICE,21,Santa Fe,5,Castellanos,01286,,COMANDO,comando,5,PROVISORIO,2023_GENERAL_santafe_presidente_mesa.csv
2023,GENERAL,2023-10-22,PRESIDENTE Y VICE,21,Santa Fe,5,Castellanos,01286,,EN BLANCO,blancos,97,PROVISORIO,2023_GENERAL_santafe_presidente_mesa.csv
2023,GENERAL,2023-10-22,PRESIDENTE Y VICE,21,Santa Fe,5,Castellanos,01286,,FRENTE DE IZQUIERDA Y DE TRABAJADORES - UNIDAD,agrupacion,180,PROVISORIO,2023_GENERAL_santafe_presidente_mesa.csv
2023,GENERAL,2023-10-22,PRESIDENTE Y VICE,21,Santa Fe,5,Castellanos,01286,,HACEMOS POR NUESTRO PAIS,agrupacion,1734,PROVISORIO,2023_GENERAL_santafe_presidente_mesa.csv
2023,GENERAL,2023-10-22,PRESIDENTE Y VICE,21,Santa Fe,5,Castellanos,01286,,IMPUGNADO,impugnados,1,PROVISORIO,2023_GENERAL_santafe_presidente_mesa.csv
2023,GENERAL,2023-10-22,PRESIDENTE Y VICE,21,Santa Fe,5,Castellanos,01286,,JUNTOS POR EL CAMBIO,agrupacion,4443,PROVISORIO,2023_GENERAL_santafe_presidente_mesa.csv
2023,GENERAL,2023-10-22,PRESIDENTE Y VICE,21,Santa Fe,5,Castellanos,01286,,LA LIBERTAD AVANZA,agrupacion,4242,PROVISORIO,2023_GENERAL_santafe_presidente_mesa.csv
2023,GENERAL,2023-10-22,PRESIDENTE Y VICE,21,Santa Fe,5,Castellanos,01286,,NULO,nulos,110,PROVISORIO,2023_GENERAL_santafe_presidente_mesa.csv
2023,GENERAL,2023-10-22,PRESIDENTE Y VICE,21,Santa Fe,5,Castellanos,01286,,RECURRIDO,recurridos,0,PROVISORIO,2023_GENERAL_santafe_presidente_mesa.csv
2023,GENERAL,2023-10-22,PRESIDENTE Y VICE,21,Santa Fe,5,Castellanos,01286,,UNION POR LA PATRIA,agrupacion,2459,PROVISORIO,2023_GENERAL_santafe_presidente_mesa.csv
2023,GENERAL,2023-10-22,PRESIDENTE Y VICE,21,Santa Fe,5,Castellanos,01290,,COMANDO,comando,0,PROVISORIO,2023_GENERAL_santafe_presidente_mesa.csv
2023,GENERAL,2023-10-22,PRESIDENTE Y VICE,21,Santa Fe,5,Castellanos,01290,,EN BLANCO,blancos,2,PROVISORIO,2023_GENERAL_santafe_presidente_mesa.csv
2023,GENERAL,2023-10-22,PRESIDENTE Y VICE,21,Santa Fe,5,Castellanos,01290,,FRENTE DE IZQUIERDA Y DE TRABAJADORES - UNIDAD,agrupacion,1,PROVISORIO,2023_GENERAL_santafe_presidente_mesa.csv
2023,GENERAL,2023-10-22,PRESIDENTE Y VICE,21,Santa Fe,5,Castellanos,01290,,HACEMOS POR NUESTRO PAIS,agrupacion,33,PROVISORIO,2023_GENERAL_santafe_presidente_mesa.csv
2023,GENERAL,2023-10-22,PRESIDENTE Y VICE,21,Santa Fe,5,Castellanos,01290,,IMPUGNADO,impugnados,0,PROVISORIO,2023_GENERAL_santafe_presidente_mesa.csv
2023,GENERAL,2023-10-22,PRESIDENTE Y VICE,21,Santa Fe,5,Castellanos,01290,,JUNTOS POR EL CAMBIO,agrupacion,61,PROVISORIO,2023_GENERAL_santafe_presidente_mesa.csv
2023,GENERAL,2023-10-22,PRESIDENTE Y VICE,21,Santa Fe,5,Castellanos,01290,,LA LIBERTAD AVANZA,agrupacion,70,PROVISORIO,2023_GENERAL_santafe_presidente_mesa.csv
2023,GENERAL,2023-10-22,PRESIDENTE Y VICE,21,Santa Fe,5,Castellanos,01290,,NULO,nulos,0,PROVISORIO,2023_GENERAL_santafe_presidente_mesa.csv
2023,GENERAL,2023-10-22,PRESIDENTE Y VICE,21,Santa Fe,5,Castellanos,01290,,RECURRIDO,recurridos,0,PROVISORIO,2023_GENERAL_santafe_presidente_mesa.csv
2023,GENERAL,2023-10-22,PRESIDENTE Y VICE,21,Santa Fe,5,Castellanos,01290,,UNION POR LA PATRIA,agrupacion,14,PROVISORIO,2023_GENERAL_santafe_presidente_mesa.csv
2023,GENERAL,2023-10-22,PRESIDENTE Y VICE,21,Santa Fe,5,Castellanos,01300,Santa Clara de Saguier,COMANDO,comando,3,PROVISORIO,2023_GENERAL_santafe_presidente_mesa.csv
2023,GENERAL,2023-10-22,PRESIDENTE Y VICE,21,Santa Fe,5,Castellanos,01300,Santa Clara de Saguier,EN BLANCO,blancos,15,PROVISORIO,2023_GENERAL_santafe_presidente_mesa.csv
2023,GENERAL,2023-10-22,PRESIDENTE Y VICE,21,Santa Fe,5,Castellanos,01300,Santa Clara de Saguier,FRENTE DE IZQUIERDA Y DE TRABAJADORES - UNIDAD,agrupacion,18,PROVISORIO,2023_GENERAL_santafe_presidente_mesa.csv
2023,GENERAL,2023-10-22,PRESIDENTE Y VICE,21,Santa Fe,5,Castellanos,01300,Santa Clara de Saguier,HACEMOS POR NUESTRO PAIS,agrupacion,210,PROVISORIO,2023_GENERAL_santafe_presidente_mesa.csv
2023,GENERAL,2023-10-22,PRESIDENTE Y VICE,21,Santa Fe,5,Castellanos,01300,Santa Clara de Saguier,IMPUGNADO,impugnados,0,PROVISORIO,2023_GENERAL_santafe_presidente_mesa.csv
2023,GENERAL,2023-10-22,PRESIDENTE Y VICE,21,Santa Fe,5,Castellanos,01300,Santa Clara de Saguier,JUNTOS POR EL CAMBIO,agrupacion,384,PROVISORIO,2023_GENERAL_santafe_presidente_mesa.csv
2023,GENERAL,2023-10-22,PRESIDENTE Y VICE,21,Santa Fe,5,Castellanos,01300,Santa Clara de Saguier,LA LIBERTAD AVANZA,agrupacion,400,PROVISORIO,2023_GENERAL_santafe_presidente_mesa.csv
2023,GENERAL,2023-10-22,PRESIDENTE Y VICE,21,Santa Fe,5,Castellanos,01300,Santa Clara de Saguier,NULO,nulos,1,PROVISORIO,2023_GENERAL_santafe_presidente_mesa.csv
2023,GENERAL,2023-10-22,PRESIDENTE Y VICE,21,Santa Fe,5,Castellanos,01300,Santa Clara de Saguier,RECURRIDO,recurridos,0,PROVISORIO,2023_GENERAL_santafe_presidente_mesa.csv
2023,GENERAL,2023-10-22,PRESIDENTE Y VICE,21,Santa Fe,5,Castellanos,01300,Santa Clara de Saguier,UNION POR LA PATRIA,agrupacion,202,PROVISORIO,2023_GENERAL_santafe_presidente_mesa.csv
2023,GENERAL,2023-10-22,PRESIDENTE Y VICE,21,Santa Fe,5,Castellanos,01310,,COMANDO,comando,0,PROVISORIO,2023_GENERAL_santafe_presidente_mesa.csv
2023,GENERAL,2023-10-22,PRESIDENTE Y VICE,21,Santa Fe,5,Castellanos,01310,,EN BLANCO,blancos,8,PROVISORIO,2023_GENERAL_santafe_presidente_mesa.csv
2023,GENERAL,2023-10-22,PRESIDENTE Y VICE,21,Santa Fe,5,Castellanos,01310,,FRENTE DE IZQUIERDA Y DE TRABAJADORES - UNIDAD,agrupacion,1,PROVISORIO,2023_GENERAL_santafe_presidente_mesa.csv
2023,GENERAL,2023-10-22,PRESIDENTE Y VICE,21,Santa Fe,5,Castellanos,01310,,HACEMOS POR NUESTRO PAIS,agrupacion,38,PROVISORIO,2023_GENERAL_santafe_presidente_mesa.csv
2023,GENERAL,2023-10-22,PRESIDENTE Y VICE,21,Santa Fe,5,Castellanos,01310,,IMPUGNADO,impugnados,0,PROVISORIO,2023_GENERAL_santafe_presidente_mesa.csv
2023,GENERAL,2023-10-22,PRESIDENTE Y VICE,21,Santa Fe,5,Castellanos,01310,,JUNTOS POR EL CAMBIO,agrupacion,137,PROVISORIO,2023_GENERAL_santafe_presidente_mesa.csv
2023,GENERAL,2023-10-22,PRESIDENTE Y VICE,21,Santa Fe,5,Castellanos,01310,,LA LIBERTAD AVANZA,agrupacion,115,PROVISORIO,2023_GENERAL_santafe_presidente_mesa.csv
2023,GENERAL,2023-10-22,PRESIDENTE Y VICE,21,Santa Fe,5,Castellanos,01310,,NULO,nulos,2,PROVISORIO,2023_GENERAL_santafe_presidente_mesa.csv
2023,GENERAL,2023-10-22,PRESIDENTE Y VICE,21,Santa Fe,5,Castellanos,01310,,RECURRIDO,recurridos,0,PROVISORIO,2023_GENERAL_santafe_presidente_mesa.csv
2023,GENERAL,2023-10-22,PRESIDENTE Y VICE,21,Santa Fe,5,Castellanos,01310,,UNION POR LA PATRIA,agrupacion,103,PROVISORIO,2023_GENERAL_santafe_presidente_mesa.csv
2023,GENERAL,2023-10-22,PRESIDENTE Y VICE,21,Santa Fe,5,Castellanos,01320,,COMANDO,comando,0,PROVISORIO,2023_GENERAL_santafe_presidente_mesa.csv
2023,GENERAL,2023-10-22,PRESIDENTE Y VICE,21,Santa Fe,5,Castellanos,01320,,EN BLANCO,blancos,8,PROVISORIO,2023_GENERAL_santafe_presidente_mesa.csv
2023,GENERAL,2023-10-22,PRESIDENTE Y VICE,21,Santa Fe,5,Castellanos,01320,,FRENTE DE IZQUIERDA Y DE TRABAJADORES - UNIDAD,agrupacion,12,PROVISORIO,2023_GENERAL_santafe_presidente_mesa.csv
2023,GENERAL,2023-10-22,PRESIDENTE Y VICE,21,Santa Fe,5,Castellanos,01320,,HACEMOS POR NUESTRO PAIS,agrupacion,143,PROVISORIO,2023_GENERAL_santafe_presidente_mesa.csv
2023,GENERAL,2023-10-22,PRESIDENTE Y VICE,21,Santa Fe,5,Castellanos,01320,,IMPUGNADO,impugnados,0,PROVISORIO,2023_GENERAL_santafe_presidente_mesa.csv
2023,GENERAL,2023-10-22,PRESIDENTE Y VICE,21,Santa Fe,5,Castellanos,01320,,JUNTOS POR EL CAMBIO,agrupacion,363,PROVISORIO,2023_GENERAL_santafe_presidente_mesa.csv
2023,GENERAL,2023-10-22,PRESIDENTE Y VICE,21,Santa Fe,5,Castellanos,01320,,LA LIBERTAD AVANZA,agrupacion,343,PROVISORIO,2023_GENERAL_santafe_presidente_mesa.csv
2023,GENERAL,2023-10-22,PRESIDENTE Y VICE,21,Santa Fe,5,Castellanos,01320,,NULO,nulos,3,PROVISORIO,2023_GENERAL_santafe_presidente_mesa.csv
2023,GENERAL,2023-10-22,PRESIDENTE Y VICE,21,Santa Fe,5,Castellanos,01320,,RECURRIDO,recurridos,0,PROVISORIO,2023_GENERAL_santafe_presidente_mesa.csv
2023,GENERAL,2023-10-22,PRESIDENTE Y VICE,21,Santa Fe,5,Castellanos,01320,,UNION POR LA PATRIA,agrupacion,116,PROVISORIO,2023_GENERAL_santafe_presidente_mesa.csv
2023,GENERAL,2023-10-22,PRESIDENTE Y VICE,21,Santa Fe,5,Castellanos,01330,,COMANDO,comando,0,PROVISORIO,2023_GENERAL_santafe_presidente_mesa.csv
2023,GENERAL,2023-10-22,PRESIDENTE Y VICE,21,Santa Fe,5,Castellanos,01330,,EN BLANCO,blancos,1,PROVISORIO,2023_GENERAL_santafe_presidente_mesa.csv
2023,GENERAL,2023-10-22,PRESIDENTE Y VICE,21,Santa Fe,5,Castellanos,01330,,FRENTE DE IZQUIERDA Y DE TRABAJADORES - UNIDAD,agrupacion,0,PROVISORIO,2023_GENERAL_santafe_presidente_mesa.csv
2023,GENERAL,2023-10-22,PRESIDENTE Y VICE,21,Santa Fe,5,Castellanos,01330,,HACEMOS POR NUESTRO PAIS,agrupacion,8,PROVISORIO,2023_GENERAL_santafe_presidente_mesa.csv
2023,GENERAL,2023-10-22,PRESIDENTE Y VICE,21,Santa Fe,5,Castellanos,01330,,IMPUGNADO,impugnados,0,PROVISORIO,2023_GENERAL_santafe_presidente_mesa.csv
2023,GENERAL,2023-10-22,PRESIDENTE Y VICE,21,Santa Fe,5,Castellanos,01330,,JUNTOS POR EL CAMBIO,agrupacion,18,PROVISORIO,2023_GENERAL_santafe_presidente_mesa.csv
2023,GENERAL,2023-10-22,PRESIDENTE Y VICE,21,Santa Fe,5,Castellanos,01330,,LA LIBERTAD AVANZA,agrupacion,18,PROVISORIO,2023_GENERAL_santafe_presidente_mesa.csv
2023,GENERAL,2023-10-22,PRESIDENTE Y VICE,21,Santa Fe,5,Castellanos,01330,,NULO,nulos,0,PROVISORIO,2023_GENERAL_santafe_presidente_mesa.csv
2023,GENERAL,2023-10-22,PRESIDENTE Y VICE,21,Santa Fe,5,Castellanos,01330,,RECURRIDO,recurridos,0,PROVISORIO,2023_GENERAL_santafe_presidente_mesa.csv
2023,GENERAL,2023-10-22,PRESIDENTE Y VICE,21,Santa Fe,5,Castellanos,01330,,UNION POR LA PATRIA,agrupacion,26,PROVISORIO,2023_GENERAL_santafe_presidente_mesa.csv
2023,GENERAL,2023-10-22,PRESIDENTE Y VICE,21,Santa Fe,5,Castellanos,01340,Josefina,COMANDO,comando,0,PROVISORIO,2023_GENERAL_santafe_presidente_mesa.csv
2023,GENERAL,2023-10-22,PRESIDENTE Y VICE,21,Santa Fe,5,Castellanos,01340,Josefina,EN BLANCO,blancos,1,PROVISORIO,2023_GENERAL_santafe_presidente_mesa.csv
2023,GENERAL,2023-10-22,PRESIDENTE Y VICE,21,Santa Fe,5,Castellanos,01340,Josefina,FRENTE DE IZQUIERDA Y DE TRABAJADORES - UNIDAD,agrupacion,2,PROVISORIO,2023_GENERAL_santafe_presidente_mesa.csv
2023,GENERAL,2023-10-22,PRESIDENTE Y VICE,21,Santa Fe,5,Castellanos,01340,Josefina,HACEMOS POR NUESTRO PAIS,agrupacion,118,PROVISORIO,2023_GENERAL_santafe_presidente_mesa.csv
2023,GENERAL,2023-10-22,PRESIDENTE Y VICE,21,Santa Fe,5,Castellanos,01340,Josefina,IMPUGNADO,impugnados,0,PROVISORIO,2023_GENERAL_santafe_presidente_mesa.csv
2023,GENERAL,2023-10-22,PRESIDENTE Y VICE,21,Santa Fe,5,Castellanos,01340,Josefina,JUNTOS POR EL CAMBIO,agrupacion,164,PROVISORIO,2023_GENERAL_santafe_presidente_mesa.csv
2023,GENERAL,2023-10-22,PRESIDENTE Y VICE,21,Santa Fe,5,Castellanos,01340,Josefina,LA LIBERTAD AVANZA,agrupacion,244,PROVISORIO,2023_GENERAL_santafe_presidente_mesa.csv
2023,GENERAL,2023-10-22,PRESIDENTE Y VICE,21,Santa Fe,5,Castellanos,01340,Josefina,NULO,nulos,0,PROVISORIO,2023_GENERAL_santafe_presidente_mesa.csv
2023,GENERAL,2023-10-22,PRESIDENTE Y VICE,21,Santa Fe,5,Castellanos,01340,Josefina,RECURRIDO,recurridos,0,PROVISORIO,2023_GENERAL_santafe_presidente_mesa.csv
2023,GENERAL,2023-10-22,PRESIDENTE Y VICE,21,Santa Fe,5,Castellanos,01340,Josefina,UNION POR LA PATRIA,agrupacion,70,PROVISORIO,2023_GENERAL_santafe_presidente_mesa.csv
2023,GENERAL,2023-10-22,PRESIDENTE Y VICE,21,Santa Fe,5,Castellanos,01342,,COMANDO,comando,0,PROVISORIO,2023_GENERAL_santafe_presidente_mesa.csv
2023,GENERAL,2023-10-22,PRESIDENTE Y VICE,21,Santa Fe,5,Castellanos,01342,,EN BLANCO,blancos,5,PROVISORIO,2023_GENERAL_santafe_presidente_mesa.csv
2023,GENERAL,2023-10-22,PRESIDENTE Y VICE,21,Santa Fe,5,Castellanos,01342,,FRENTE DE IZQUIERDA Y DE TRABAJADORES - UNIDAD,agrupacion,7,PROVISORIO,2023_GENERAL_santafe_presidente_mesa.csv
2023,GENERAL,2023-10-22,PRESIDENTE Y VICE,21,Santa Fe,5,Castellanos,01342,,HACEMOS POR NUESTRO PAIS,agrupacion,146,PROVISORIO,2023_GENERAL_santafe_presidente_mesa.csv
2023,GENERAL,2023-10-22,PRESIDENTE Y VICE,21,Santa Fe,5,Castellanos,01342,,IMPUGNADO,impugnados,0,PROVISORIO,2023_GENERAL_santafe_presidente_mesa.csv
2023,GENERAL,2023-10-22,PRESIDENTE Y VICE,21,Santa Fe,5,Castellanos,01342,,JUNTOS POR EL CAMBIO,agrupacion,46,PROVISORIO,2023_GENERAL_santafe_presidente_mesa.csv
2023,GENERAL,2023-10-22,PRESIDENTE Y VICE,21,Santa Fe,5,Castellanos,01342,,LA LIBERTAD AVANZA,agrupacion,164,PROVISORIO,2023_GENERAL_santafe_presidente_mesa.csv
2023,GENERAL,2023-10-22,PRESIDENTE Y VICE,21,Santa Fe,5,Castellanos,01342,,NULO,nulos,5,PROVISORIO,2023_GENERAL_santafe_presidente_mesa.csv
2023,GENERAL,2023-10-22,PRESIDENTE Y VICE,21,Santa Fe,5,Castellanos,01342,,RECURRIDO,recurridos,2,PROVISORIO,2023_GENERAL_santafe_presidente_mesa.csv
2023,GENERAL,2023-10-22,PRESIDENTE Y VICE,21,Santa Fe,5,Castellanos,01342,,UNION POR LA PATRIA,agrupacion,133,PROVISORIO,2023_GENERAL_santafe_presidente_mesa.csv
2023,GENERAL,2023-10-22,PRESIDENTE Y VICE,21,Santa Fe,5,Castellanos,01345,Frontera,COMANDO,comando,2,PROVISORIO,2023_GENERAL_santafe_presidente_mesa.csv
2023,GENERAL,2023-10-22,PRESIDENTE Y VICE,21,Santa Fe,5,Castellanos,01345,Frontera,EN BLANCO,blancos,34,PROVISORIO,2023_GENERAL_santafe_presidente_mesa.csv
2023,GENERAL,2023-10-22,PRESIDENTE Y VICE,21,Santa Fe,5,Castellanos,01345,Frontera,FRENTE DE IZQUIERDA Y DE TRABAJADORES - UNIDAD,agrupacion,37,PROVISORIO,2023_GENERAL_santafe_presidente_mesa.csv
2023,GENERAL,2023-10-22,PRESIDENTE Y VICE,21,Santa Fe,5,Castellanos,01345,Frontera,HACEMOS POR NUESTRO PAIS,agrupacion,1493,PROVISORIO,2023_GENERAL_santafe_presidente_mesa.csv
2023,GENERAL,2023-10-22,PRESIDENTE Y VICE,21,Santa Fe,5,Castellanos,01345,Frontera,IMPUGNADO,impugnados,0,PROVISORIO,2023_GENERAL_santafe_presidente_mesa.csv
2023,GENERAL,2023-10-22,PRESIDENTE Y VICE,21,Santa Fe,5,Castellanos,01345,Frontera,JUNTOS POR EL CAMBIO,agrupacion,640,PROVISORIO,2023_GENERAL_santafe_presidente_mesa.csv
2023,GENERAL,2023-10-22,PRESIDENTE Y VICE,21,Santa Fe,5,Castellanos,01345,Frontera,LA LIBERTAD AVANZA,agrupacion,1653,PROVISORIO,2023_GENERAL_santafe_presidente_mesa.csv
2023,GENERAL,2023-10-22,PRESIDENTE Y VICE,21,Santa Fe,5,Castellanos,01345,Frontera,NULO,nulos,80,PROVISORIO,2023_GENERAL_santafe_presidente_mesa.csv
2023,GENERAL,2023-10-22,PRESIDENTE Y VICE,21,Santa Fe,5,Castellanos,01345,Frontera,RECURRIDO,recurridos,0,PROVISORIO,2023_GENERAL_santafe_presidente_mesa.csv
2023,GENERAL,2023-10-22,PRESIDENTE Y VICE,21,Santa Fe,5,Castellanos,01345,Frontera,UNION POR LA PATRIA,agrupacion,1234,PROVISORIO,2023_GENERAL_santafe_presidente_mesa.csv
2023,GENERAL,2023-10-22,PRESIDENTE Y VICE,21,Santa Fe,5,Castellanos,01350,,COMANDO,comando,0,PROVISORIO,2023_GENERAL_santafe_presidente_mesa.csv
2023,GENERAL,2023-10-22,PRESIDENTE Y VICE,21,Santa Fe,5,Castellanos,01350,,EN BLANCO,blancos,2,PROVISORIO,2023_GENERAL_santafe_presidente_mesa.csv
2023,GENERAL,2023-10-22,PRESIDENTE Y VICE,21,Santa Fe,5,Castellanos,01350,,FRENTE DE IZQUIERDA Y DE TRABAJADORES - UNIDAD,agrupacion,3,PROVISORIO,2023_GENERAL_santafe_presidente_mesa.csv
2023,GENERAL,2023-10-22,PRESIDENTE Y VICE,21,Santa Fe,5,Castellanos,01350,,HACEMOS POR NUESTRO PAIS,agrupacion,13,PROVISORIO,2023_GENERAL_santafe_presidente_mesa.csv
2023,GENERAL,2023-10-22,PRESIDENTE Y VICE,21,Santa Fe,5,Castellanos,01350,,IMPUGNADO,impugnados,0,PROVISORIO,2023_GENERAL_santafe_presidente_mesa.csv
2023,GENERAL,2023-10-22,PRESIDENTE Y VICE,21,Santa Fe,5,Castellanos,01350,,JUNTOS POR EL CAMBIO,agrupacion,74,PROVISORIO,2023_GENERAL_santafe_presidente_mesa.csv
2023,GENERAL,2023-10-22,PRESIDENTE Y VICE,21,Santa Fe,5,Castellanos,01350,,LA LIBERTAD AVANZA,agrupacion,57,PROVISORIO,2023_GENERAL_santafe_presidente_mesa.csv
2023,GENERAL,2023-10-22,PRESIDENTE Y VICE,21,Santa Fe,5,Castellanos,01350,,NULO,nulos,0,PROVISORIO,2023_GENERAL_santafe_presidente_mesa.csv
2023,GENERAL,2023-10-22,PRESIDENTE Y VICE,21,Santa Fe,5,Castellanos,01350,,RECURRIDO,recurridos,0,PROVISORIO,2023_GENERAL_santafe_presidente_mesa.csv
2023,GENERAL,2023-10-22,PRESIDENTE Y VICE,21,Santa Fe,5,Castellanos,01350,,UNION POR LA PATRIA,agrupacion,2,PROVISORIO,2023_GENERAL_santafe_presidente_mesa.csv
2023,GENERAL,2023-10-22,PRESIDENTE Y VICE,21,Santa Fe,5,Castellanos,01360,,COMANDO,comando,0,PROVISORIO,2023_GENERAL_santafe_presidente_mesa.csv
2023,GENERAL,2023-10-22,PRESIDENTE Y VICE,21,Santa Fe,5,Castellanos,01360,,EN BLANCO,blancos,7,PROVISORIO,2023_GENERAL_santafe_presidente_mesa.csv
2023,GENERAL,2023-10-22,PRESIDENTE Y VICE,21,Santa Fe,5,Castellanos,01360,,FRENTE DE IZQUIERDA Y DE TRABAJADORES - UNIDAD,agrupacion,8,PROVISORIO,2023_GENERAL_santafe_presidente_mesa.csv
2023,GENERAL,2023-10-22,PRESIDENTE Y VICE,21,Santa Fe,5,Castellanos,01360,,HACEMOS POR NUESTRO PAIS,agrupacion,130,PROVISORIO,2023_GENERAL_santafe_presidente_mesa.csv
2023,GENERAL,2023-10-22,PRESIDENTE Y VICE,21,Santa Fe,5,Castellanos,01360,,IMPUGNADO,impugnados,0,PROVISORIO,2023_GENERAL_santafe_presidente_mesa.csv
2023,GENERAL,2023-10-22,PRESIDENTE Y VICE,21,Santa Fe,5,Castellanos,01360,,JUNTOS POR EL CAMBIO,agrupacion,267,PROVISORIO,2023_GENERAL_santafe_presidente_mesa.csv
2023,GENERAL,2023-10-22,PRESIDENTE Y VICE,21,Santa Fe,5,Castellanos,01360,,LA LIBERTAD AVANZA,agrupacion,363,PROVISORIO,2023_GENERAL_santafe_presidente_mesa.csv
2023,GENERAL,2023-10-22,PRESIDENTE Y VICE,21,Santa Fe,5,Castellanos,01360,,NULO,nulos,5,PROVISORIO,2023_GENERAL_santafe_presidente_mesa.csv
2023,GENERAL,2023-10-22,PRESIDENTE Y VICE,21,Santa Fe,5,Castellanos,01360,,RECURRIDO,recurridos,0,PROVISORIO,2023_GENERAL_santafe_presidente_mesa.csv
2023,GENERAL,2023-10-22,PRESIDENTE Y VICE,21,Santa Fe,5,Castellanos,01360,,UNION POR LA PATRIA,agrupacion,161,PROVISORIO,2023_GENERAL_santafe_presidente_mesa.csv
2023,GENERAL,2023-10-22,PRESIDENTE Y VICE,21,Santa Fe,5,Castellanos,01365,,COMANDO,comando,0,PROVISORIO,2023_GENERAL_santafe_presidente_mesa.csv
2023,GENERAL,2023-10-22,PRESIDENTE Y VICE,21,Santa Fe,5,Castellanos,01365,,EN BLANCO,blancos,0,PROVISORIO,2023_GENERAL_santafe_presidente_mesa.csv
2023,GENERAL,2023-10-22,PRESIDENTE Y VICE,21,Santa Fe,5,Castellanos,01365,,FRENTE DE IZQUIERDA Y DE TRABAJADORES - UNIDAD,agrupacion,0,PROVISORIO,2023_GENERAL_santafe_presidente_mesa.csv
2023,GENERAL,2023-10-22,PRESIDENTE Y VICE,21,Santa Fe,5,Castellanos,01365,,HACEMOS POR NUESTRO PAIS,agrupacion,7,PROVISORIO,2023_GENERAL_santafe_presidente_mesa.csv
2023,GENERAL,2023-10-22,PRESIDENTE Y VICE,21,Santa Fe,5,Castellanos,01365,,IMPUGNADO,impugnados,0,PROVISORIO,2023_GENERAL_santafe_presidente_mesa.csv
2023,GENERAL,2023-10-22,PRESIDENTE Y VICE,21,Santa Fe,5,Castellanos,01365,,JUNTOS POR EL CAMBIO,agrupacion,11,PROVISORIO,2023_GENERAL_santafe_presidente_mesa.csv
2023,GENERAL,2023-10-22,PRESIDENTE Y VICE,21,Santa Fe,5,Castellanos,01365,,LA LIBERTAD AVANZA,agrupacion,9,PROVISORIO,2023_GENERAL_santafe_presidente_mesa.csv
2023,GENERAL,2023-10-22,PRESIDENTE Y VICE,21,Santa Fe,5,Castellanos,01365,,NULO,nulos,0,PROVISORIO,2023_GENERAL_santafe_presidente_mesa.csv
2023,GENERAL,2023-10-22,PRESIDENTE Y VICE,21,Santa Fe,5,Castellanos,01365,,RECURRIDO,recurridos,0,PROVISORIO,2023_GENERAL_santafe_presidente_mesa.csv
2023,GENERAL,2023-10-22,PRESIDENTE Y VICE,21,Santa Fe,5,Castellanos,01365,,UNION POR LA PATRIA,agrupacion,8,PROVISORIO,2023_GENERAL_santafe_presidente_mesa.csv
2023,GENERAL,2023-10-22,PRESIDENTE Y VICE,21,Santa Fe,5,Castellanos,01370,,COMANDO,comando,0,PROVISORIO,2023_GENERAL_santafe_presidente_mesa.csv
2023,GENERAL,2023-10-22,PRESIDENTE Y VICE,21,Santa Fe,5,Castellanos,01370,,EN BLANCO,blancos,7,PROVISORIO,2023_GENERAL_santafe_presidente_mesa.csv
2023,GENERAL,2023-10-22,PRESIDENTE Y VICE,21,Santa Fe,5,Castellanos,01370,,FRENTE DE IZQUIERDA Y DE TRABAJADORES - UNIDAD,agrupacion,11,PROVISORIO,2023_GENERAL_santafe_presidente_mesa.csv
2023,GENERAL,2023-10-22,PRESIDENTE Y VICE,21,Santa Fe,5,Castellanos,01370,,HACEMOS POR NUESTRO PAIS,agrupacion,147,PROVISORIO,2023_GENERAL_santafe_presidente_mesa.csv
2023,GENERAL,2023-10-22,PRESIDENTE Y VICE,21,Santa Fe,5,Castellanos,01370,,IMPUGNADO,impugnados,0,PROVISORIO,2023_GENERAL_santafe_presidente_mesa.csv
2023,GENERAL,2023-10-22,PRESIDENTE Y VICE,21,Santa Fe,5,Castellanos,01370,,JUNTOS POR EL CAMBIO,agrupacion,203,PROVISORIO,2023_GENERAL_santafe_presidente_mesa.csv
2023,GENERAL,2023-10-22,PRESIDENTE Y VICE,21,Santa Fe,5,Castellanos,01370,,LA LIBERTAD AVANZA,agrupacion,287,PROVISORIO,2023_GENERAL_santafe_presidente_mesa.csv
2023,GENERAL,2023-10-22,PRESIDENTE Y VICE,21,Santa Fe,5,Castellanos,01370,,NULO,nulos,1,PROVISORIO,2023_GENERAL_santafe_presidente_mesa.csv
2023,GENERAL,2023-10-22,PRESIDENTE Y VICE,21,Santa Fe,5,Castellanos,01370,,RECURRIDO,recurridos,0,PROVISORIO,2023_GENERAL_santafe_presidente_mesa.csv
2023,GENERAL,2023-10-22,PRESIDENTE Y VICE,21,Santa Fe,5,Castellanos,01370,,UNION POR LA PATRIA,agrupacion,226,PROVISORIO,2023_GENERAL_santafe_presidente_mesa.csv
2023,GENERAL,2023-10-22,PRESIDENTE Y VICE,21,Santa Fe,5,Castellanos,01380,Zenón Pereyra,COMANDO,comando,0,PROVISORIO,2023_GENERAL_santafe_presidente_mesa.csv
2023,GENERAL,2023-10-22,PRESIDENTE Y VICE,21,Santa Fe,5,Castellanos,01380,Zenón Pereyra,EN BLANCO,blancos,11,PROVISORIO,2023_GENERAL_santafe_presidente_mesa.csv
2023,GENERAL,2023-10-22,PRESIDENTE Y VICE,21,Santa Fe,5,Castellanos,01380,Zenón Pereyra,FRENTE DE IZQUIERDA Y DE TRABAJADORES - UNIDAD,agrupacion,14,PROVISORIO,2023_GENERAL_santafe_presidente_mesa.csv
2023,GENERAL,2023-10-22,PRESIDENTE Y VICE,21,Santa Fe,5,Castellanos,01380,Zenón Pereyra,HACEMOS POR NUESTRO PAIS,agrupacion,165,PROVISORIO,2023_GENERAL_santafe_presidente_mesa.csv
2023,GENERAL,2023-10-22,PRESIDENTE Y VICE,21,Santa Fe,5,Castellanos,01380,Zenón Pereyra,IMPUGNADO,impugnados,0,PROVISORIO,2023_GENERAL_santafe_presidente_mesa.csv
2023,GENERAL,2023-10-22,PRESIDENTE Y VICE,21,Santa Fe,5,Castellanos,01380,Zenón Pereyra,JUNTOS POR EL CAMBIO,agrupacion,354,PROVISORIO,2023_GENERAL_santafe_presidente_mesa.csv
2023,GENERAL,2023-10-22,PRESIDENTE Y VICE,21,Santa Fe,5,Castellanos,01380,Zenón Pereyra,LA LIBERTAD AVANZA,agrupacion,454,PROVISORIO,2023_GENERAL_santafe_presidente_mesa.csv
2023,GENERAL,2023-10-22,PRESIDENTE Y VICE,21,Santa Fe,5,Castellanos,01380,Zenón Pereyra,NULO,nulos,8,PROVISORIO,2023_GENERAL_santafe_presidente_mesa.csv
2023,GENERAL,2023-10-22,PRESIDENTE Y VICE,21,Santa Fe,5,Castellanos,01380,Zenón Pereyra,RECURRIDO,recurridos,0,PROVISORIO,2023_GENERAL_santafe_presidente_mesa.csv
2023,GENERAL,2023-10-22,PRESIDENTE Y VICE,21,Santa Fe,5,Castellanos,01380,Zenón Pereyra,UNION POR LA PATRIA,agrupacion,128,PROVISORIO,2023_GENERAL_santafe_presidente_mesa.csv
2023,GENERAL,2023-10-22,PRESIDENTE Y VICE,21,Santa Fe,5,Castellanos,01390,,COMANDO,comando,0,PROVISORIO,2023_GENERAL_santafe_presidente_mesa.csv
2023,GENERAL,2023-10-22,PRESIDENTE Y VICE,21,Santa Fe,5,Castellanos,01390,,EN BLANCO,blancos,6,PROVISORIO,2023_GENERAL_santafe_presidente_mesa.csv
2023,GENERAL,2023-10-22,PRESIDENTE Y VICE,21,Santa Fe,5,Castellanos,01390,,FRENTE DE IZQUIERDA Y DE TRABAJADORES - UNIDAD,agrupacion,2,PROVISORIO,2023_GENERAL_santafe_presidente_mesa.csv
2023,GENERAL,2023-10-22,PRESIDENTE Y VICE,21,Santa Fe,5,Castellanos,01390,,HACEMOS POR NUESTRO PAIS,agrupacion,51,PROVISORIO,2023_GENERAL_santafe_presidente_mesa.csv
2023,GENERAL,2023-10-22,PRESIDENTE Y VICE,21,Santa Fe,5,Castellanos,01390,,IMPUGNADO,impugnados,0,PROVISORIO,2023_GENERAL_santafe_presidente_mesa.csv
2023,GENERAL,2023-10-22,PRESIDENTE Y VICE,21,Santa Fe,5,Castellanos,01390,,JUNTOS POR EL CAMBIO,agrupacion,122,PROVISORIO,2023_GENERAL_santafe_presidente_mesa.csv
2023,GENERAL,2023-10-22,PRESIDENTE Y VICE,21,Santa Fe,5,Castellanos,01390,,LA LIBERTAD AVANZA,agrupacion,166,PROVISORIO,2023_GENERAL_santafe_presidente_mesa.csv
2023,GENERAL,2023-10-22,PRESIDENTE Y VICE,21,Santa Fe,5,Castellanos,01390,,NULO,nulos,2,PROVISORIO,2023_GENERAL_santafe_presidente_mesa.csv
2023,GENERAL,2023-10-22,PRESIDENTE Y VICE,21,Santa Fe,5,Castellanos,01390,,RECURRIDO,recurridos,0,PROVISORIO,2023_GENERAL_santafe_presidente_mesa.csv
2023,GENERAL,2023-10-22,PRESIDENTE Y VICE,21,Santa Fe,5,Castellanos,01390,,UNION POR LA PATRIA,agrupacion,53,PROVISORIO,2023_GENERAL_santafe_presidente_mesa.csv
2023,GENERAL,2023-10-22,PRESIDENTE Y VICE,21,Santa Fe,5,Castellanos,01400,María Juana,COMANDO,comando,1,PROVISORIO,2023_GENERAL_santafe_presidente_mesa.csv
2023,GENERAL,2023-10-22,PRESIDENTE Y VICE,21,Santa Fe,5,Castellanos,01400,María Juana,EN BLANCO,blancos,26,PROVISORIO,2023_GENERAL_santafe_presidente_mesa.csv
2023,GENERAL,2023-10-22,PRESIDENTE Y VICE,21,Santa Fe,5,Castellanos,01400,María Juana,FRENTE DE IZQUIERDA Y DE TRABAJADORES - UNIDAD,agrupacion,46,PROVISORIO,2023_GENERAL_santafe_presidente_mesa.csv
2023,GENERAL,2023-10-22,PRESIDENTE Y VICE,21,Santa Fe,5,Castellanos,01400,María Juana,HACEMOS POR NUESTRO PAIS,agrupacion,653,PROVISORIO,2023_GENERAL_santafe_presidente_mesa.csv
2023,GENERAL,2023-10-22,PRESIDENTE Y VICE,21,Santa Fe,5,Castellanos,01400,María Juana,IMPUGNADO,impugnados,0,PROVISORIO,2023_GENERAL_santafe_presidente_mesa.csv
2023,GENERAL,2023-10-22,PRESIDENTE Y VICE,21,Santa Fe,5,Castellanos,01400,María Juana,JUNTOS POR EL CAMBIO,agrupacion,768,PROVISORIO,2023_GENERAL_santafe_presidente_mesa.csv
2023,GENERAL,2023-10-22,PRESIDENTE Y VICE,21,Santa Fe,5,Castellanos,01400,María Juana,LA LIBERTAD AVANZA,agrupacion,1039,PROVISORIO,2023_GENERAL_santafe_presidente_mesa.csv
2023,GENERAL,2023-10-22,PRESIDENTE Y VICE,21,Santa Fe,5,Castellanos,01400,María Juana,NULO,nulos,36,PROVISORIO,2023_GENERAL_santafe_presidente_mesa.csv
2023,GENERAL,2023-10-22,PRESIDENTE Y VICE,21,Santa Fe,5,Castellanos,01400,María Juana,RECURRIDO,recurridos,0,PROVISORIO,2023_GENERAL_santafe_presidente_mesa.csv
2023,GENERAL,2023-10-22,PRESIDENTE Y VICE,21,Santa Fe,5,Castellanos,01400,María Juana,UNION POR LA PATRIA,agrupacion,654,PROVISORIO,2023_GENERAL_santafe_presidente_mesa.csv
2023,GENERAL,2023-10-22,PRESIDENTE Y VICE,21,Santa Fe,5,Castellanos,01410,,COMANDO,comando,2,PROVISORIO,2023_GENERAL_santafe_presidente_mesa.csv
2023,GENERAL,2023-10-22,PRESIDENTE Y VICE,21,Santa Fe,5,Castellanos,01410,,EN BLANCO,blancos,4,PROVISORIO,2023_GENERAL_santafe_presidente_mesa.csv
2023,GENERAL,2023-10-22,PRESIDENTE Y VICE,21,Santa Fe,5,Castellanos,01410,,FRENTE DE IZQUIERDA Y DE TRABAJADORES - UNIDAD,agrupacion,1,PROVISORIO,2023_GENERAL_santafe_presidente_mesa.csv
2023,GENERAL,2023-10-22,PRESIDENTE Y VICE,21,Santa Fe,5,Castellanos,01410,,HACEMOS POR NUESTRO PAIS,agrupacion,16,PROVISORIO,2023_GENERAL_santafe_presidente_mesa.csv
2023,GENERAL,2023-10-22,PRESIDENTE Y VICE,21,Santa Fe,5,Castellanos,01410,,IMPUGNADO,impugnados,0,PROVISORIO,2023_GENERAL_santafe_presidente_mesa.csv
2023,GENERAL,2023-10-22,PRESIDENTE Y VICE,21,Santa Fe,5,Castellanos,01410,,JUNTOS POR EL CAMBIO,agrupacion,32,PROVISORIO,2023_GENERAL_santafe_presidente_mesa.csv
2023,GENERAL,2023-10-22,PRESIDENTE Y VICE,21,Santa Fe,5,Castellanos,01410,,LA LIBERTAD AVANZA,agrupacion,111,PROVISORIO,2023_GENERAL_santafe_presidente_mesa.csv
2023,GENERAL,2023-10-22,PRESIDENTE Y VICE,21,Santa Fe,5,Castellanos,01410,,NULO,nulos,7,PROVISORIO,2023_GENERAL_santafe_presidente_mesa.csv
2023,GENERAL,2023-10-22,PRESIDENTE Y VICE,21,Santa Fe,5,Castellanos,01410,,RECURRIDO,recurridos,0,PROVISORIO,2023_GENERAL_santafe_presidente_mesa.csv
2023,GENERAL,2023-10-22,PRESIDENTE Y VICE,21,Santa Fe,5,Castellanos,01410,,UNION POR LA PATRIA,agrupacion,42,PROVISORIO,2023_GENERAL_santafe_presidente_mesa.csv
2023,GENERAL,2023-10-22,PRESIDENTE Y VICE,21,Santa Fe,5,Castellanos,01420,San Vicente,COMANDO,comando,0,PROVISORIO,2023_GENERAL_santafe_presidente_mesa.csv
2023,GENERAL,2023-10-22,PRESIDENTE Y VICE,21,Santa Fe,5,Castellanos,01420,San Vicente,EN BLANCO,blancos,45,PROVISORIO,2023_GENERAL_santafe_presidente_mesa.csv
2023,GENERAL,2023-10-22,PRESIDENTE Y VICE,21,Santa Fe,5,Castellanos,01420,San Vicente,FRENTE DE IZQUIERDA Y DE TRABAJADORES - UNIDAD,agrupacion,51,PROVISORIO,2023_GENERAL_santafe_presidente_mesa.csv
2023,GENERAL,2023-10-22,PRESIDENTE Y VICE,21,Santa Fe,5,Castellanos,01420,San Vicente,HACEMOS POR NUESTRO PAIS,agrupacion,592,PROVISORIO,2023_GENERAL_santafe_presidente_mesa.csv
2023,GENERAL,2023-10-22,PRESIDENTE Y VICE,21,Santa Fe,5,Castellanos,01420,San Vicente,IMPUGNADO,impugnados,0,PROVISORIO,2023_GENERAL_santafe_presidente_mesa.csv
2023,GENERAL,2023-10-22,PRESIDENTE Y VICE,21,Santa Fe,5,Castellanos,01420,San Vicente,JUNTOS POR EL CAMBIO,agrupacion,962,PROVISORIO,2023_GENERAL_santafe_presidente_mesa.csv
2023,GENERAL,2023-10-22,PRESIDENTE Y VICE,21,Santa Fe,5,Castellanos,01420,San Vicente,LA LIBERTAD AVANZA,agrupacion,1630,PROVISORIO,2023_GENERAL_santafe_presidente_mesa.csv
2023,GENERAL,2023-10-22,PRESIDENTE Y VICE,21,Santa Fe,5,Castellanos,01420,San Vicente,NULO,nulos,43,PROVISORIO,2023_GENERAL_santafe_presidente_mesa.csv
2023,GENERAL,2023-10-22,PRESIDENTE Y VICE,21,Santa Fe,5,Castellanos,01420,San Vicente,RECURRIDO,recurridos,0,PROVISORIO,2023_GENERAL_santafe_presidente_mesa.csv
2023,GENERAL,2023-10-22,PRESIDENTE Y VICE,21,Santa Fe,5,Castellanos,01420,San Vicente,UNION POR LA PATRIA,agrupacion,736,PROVISORIO,2023_GENERAL_santafe_presidente_mesa.csv
2023,GENERAL,2023-10-22,PRESIDENTE Y VICE,21,Santa Fe,5,Castellanos,01430,,COMANDO,comando,0,PROVISORIO,2023_GENERAL_santafe_presidente_mesa.csv
2023,GENERAL,2023-10-22,PRESIDENTE Y VICE,21,Santa Fe,5,Castellanos,01430,,EN BLANCO,blancos,9,PROVISORIO,2023_GENERAL_santafe_presidente_mesa.csv
2023,GENERAL,2023-10-22,PRESIDENTE Y VICE,21,Santa Fe,5,Castellanos,01430,,FRENTE DE IZQUIERDA Y DE TRABAJADORES - UNIDAD,agrupacion,16,PROVISORIO,2023_GENERAL_santafe_presidente_mesa.csv
2023,GENERAL,2023-10-22,PRESIDENTE Y VICE,21,Santa Fe,5,Castellanos,01430,,HACEMOS POR NUESTRO PAIS,agrupacion,142,PROVISORIO,2023_GENERAL_santafe_presidente_mesa.csv
2023,GENERAL,2023-10-22,PRESIDENTE Y VICE,21,Santa Fe,5,Castellanos,01430,,IMPUGNADO,impugnados,0,PROVISORIO,2023_GENERAL_santafe_presidente_mesa.csv
2023,GENERAL,2023-10-22,PRESIDENTE Y VICE,21,Santa Fe,5,Castellanos,01430,,JUNTOS POR EL CAMBIO,agrupacion,278,PROVISORIO,2023_GENERAL_santafe_presidente_mesa.csv
2023,GENERAL,2023-10-22,PRESIDENTE Y VICE,21,Santa Fe,5,Castellanos,01430,,LA LIBERTAD AVANZA,agrupacion,501,PROVISORIO,2023_GENERAL_santafe_presidente_mesa.csv
2023,GENERAL,2023-10-22,PRESIDENTE Y VICE,21,Santa Fe,5,Castellanos,01430,,NULO,nulos,4,PROVISORIO,2023_GENERAL_santafe_presidente_mesa.csv
2023,GENERAL,2023-10-22,PRESIDENTE Y VICE,21,Santa Fe,5,Castellanos,01430,,RECURRIDO,recurridos,0,PROVISORIO,2023_GENERAL_santafe_presidente_mesa.csv
2023,GENERAL,2023-10-22,PRESIDENTE Y VICE,21,Santa Fe,5,Castellanos,01430,,UNION POR LA PATRIA,agrupacion,220,PROVISORIO,2023_GENERAL_santafe_presidente_mesa.csv
2023,GENERAL,2023-10-22,PRESIDENTE Y VICE,21,Santa Fe,5,Castellanos,01440,,COMANDO,comando,0,PROVISORIO,2023_GENERAL_santafe_presidente_mesa.csv
2023,GENERAL,2023-10-22,PRESIDENTE Y VICE,21,Santa Fe,5,Castellanos,01440,,EN BLANCO,blancos,5,PROVISORIO,2023_GENERAL_santafe_presidente_mesa.csv
2023,GENERAL,2023-10-22,PRESIDENTE Y VICE,21,Santa Fe,5,Castellanos,01440,,FRENTE DE IZQUIERDA Y DE TRABAJADORES - UNIDAD,agrupacion,1,PROVISORIO,2023_GENERAL_santafe_presidente_mesa.csv
2023,GENERAL,2023-10-22,PRESIDENTE Y VICE,21,Santa Fe,5,Castellanos,01440,,HACEMOS POR NUESTRO PAIS,agrupacion,121,PROVISORIO,2023_GENERAL_santafe_presidente_mesa.csv
2023,GENERAL,2023-10-22,PRESIDENTE Y VICE,21,Santa Fe,5,Castellanos,01440,,IMPUGNADO,impugnados,0,PROVISORIO,2023_GENERAL_santafe_presidente_mesa.csv
2023,GENERAL,2023-10-22,PRESIDENTE Y VICE,21,Santa Fe,5,Castellanos,01440,,JUNTOS POR EL CAMBIO,agrupacion,153,PROVISORIO,2023_GENERAL_santafe_presidente_mesa.csv
2023,GENERAL,2023-10-22,PRESIDENTE Y VICE,21,Santa Fe,5,Castellanos,01440,,LA LIBERTAD AVANZA,agrupacion,255,PROVISORIO,2023_GENERAL_santafe_presidente_mesa.csv
2023,GENERAL,2023-10-22,PRESIDENTE Y VICE,21,Santa Fe,5,Castellanos,01440,,NULO,nulos,4,PROVISORIO,2023_GENERAL_santafe_presidente_mesa.csv
2023,GENERAL,2023-10-22,PRESIDENTE Y VICE,21,Santa Fe,5,Castellanos,01440,,RECURRIDO,recurridos,0,PROVISORIO,2023_GENERAL_santafe_presidente_mesa.csv
2023,GENERAL,2023-10-22,PRESIDENTE Y VICE,21,Santa Fe,5,Castellanos,01440,,UNION POR LA PATRIA,agrupacion,72,PROVISORIO,2023_GENERAL_santafe_presidente_mesa.csv
2023,GENERAL,2023-10-22,PRESIDENTE Y VICE,21,Santa Fe,5,Castellanos,01450,,COMANDO,comando,0,PROVISORIO,2023_GENERAL_santafe_presidente_mesa.csv
2023,GENERAL,2023-10-22,PRESIDENTE Y VICE,21,Santa Fe,5,Castellanos,01450,,EN BLANCO,blancos,2,PROVISORIO,2023_GENERAL_santafe_presidente_mesa.csv
2023,GENERAL,2023-10-22,PRESIDENTE Y VICE,21,Santa Fe,5,Castellanos,01450,,FRENTE DE IZQUIERDA Y DE TRABAJADORES - UNIDAD,agrupacion,4,PROVISORIO,2023_GENERAL_santafe_presidente_mesa.csv
2023,GENERAL,2023-10-22,PRESIDENTE Y VICE,21,Santa Fe,5,Castellanos,01450,,HACEMOS POR NUESTRO PAIS,agrupacion,23,PROVISORIO,2023_GENERAL_santafe_presidente_mesa.csv
2023,GENERAL,2023-10-22,PRESIDENTE Y VICE,21,Santa Fe,5,Castellanos,01450,,IMPUGNADO,impugnados,0,PROVISORIO,2023_GENERAL_santafe_presidente_mesa.csv
2023,GENERAL,2023-10-22,PRESIDENTE Y VICE,21,Santa Fe,5,Castellanos,01450,,JUNTOS POR EL CAMBIO,agrupacion,100,PROVISORIO,2023_GENERAL_santafe_presidente_mesa.csv
2023,GENERAL,2023-10-22,PRESIDENTE Y VICE,21,Santa Fe,5,Castellanos,01450,,LA LIBERTAD AVANZA,agrupacion,74,PROVISORIO,2023_GENERAL_santafe_presidente_mesa.csv
2023,GENERAL,2023-10-22,PRESIDENTE Y VICE,21,Santa Fe,5,Castellanos,01450,,NULO,nulos,4,PROVISORIO,2023_GENERAL_santafe_presidente_mesa.csv
2023,GENERAL,2023-10-22,PRESIDENTE Y VICE,21,Santa Fe,5,Castellanos,01450,,RECURRIDO,recurridos,0,PROVISORIO,2023_GENERAL_santafe_presidente_mesa.csv
2023,GENERAL,2023-10-22,PRESIDENTE Y VICE,21,Santa Fe,5,Castellanos,01450,,UNION POR LA PATRIA,agrupacion,33,PROVISORIO,2023_GENERAL_santafe_presidente_mesa.csv
2023,GENERAL,2023-10-22,PRESIDENTE Y VICE,21,Santa Fe,5,Castellanos,01460,,COMANDO,comando,1,PROVISORIO,2023_GENERAL_santafe_presidente_mesa.csv
2023,GENERAL,2023-10-22,PRESIDENTE Y VICE,21,Santa Fe,5,Castellanos,01460,,EN BLANCO,blancos,12,PROVISORIO,2023_GENERAL_santafe_presidente_mesa.csv
2023,GENERAL,2023-10-22,PRESIDENTE Y VICE,21,Santa Fe,5,Castellanos,01460,,FRENTE DE IZQUIERDA Y DE TRABAJADORES - UNIDAD,agrupacion,1,PROVISORIO,2023_GENERAL_santafe_presidente_mesa.csv
2023,GENERAL,2023-10-22,PRESIDENTE Y VICE,21,Santa Fe,5,Castellanos,01460,,HACEMOS POR NUESTRO PAIS,agrupacion,36,PROVISORIO,2023_GENERAL_santafe_presidente_mesa.csv
2023,GENERAL,2023-10-22,PRESIDENTE Y VICE,21,Santa Fe,5,Castellanos,01460,,IMPUGNADO,impugnados,0,PROVISORIO,2023_GENERAL_santafe_presidente_mesa.csv
2023,GENERAL,2023-10-22,PRESIDENTE Y VICE,21,Santa Fe,5,Castellanos,01460,,JUNTOS POR EL CAMBIO,agrupacion,78,PROVISORIO,2023_GENERAL_santafe_presidente_mesa.csv
2023,GENERAL,2023-10-22,PRESIDENTE Y VICE,21,Santa Fe,5,Castellanos,01460,,LA LIBERTAD AVANZA,agrupacion,151,PROVISORIO,2023_GENERAL_santafe_presidente_mesa.csv
2023,GENERAL,2023-10-22,PRESIDENTE Y VICE,21,Santa Fe,5,Castellanos,01460,,NULO,nulos,1,PROVISORIO,2023_GENERAL_santafe_presidente_mesa.csv
2023,GENERAL,2023-10-22,PRESIDENTE Y VICE,21,Santa Fe,5,Castellanos,01460,,RECURRIDO,recurridos,0,PROVISORIO,2023_GENERAL_santafe_presidente_mesa.csv
2023,GENERAL,2023-10-22,PRESIDENTE Y VICE,21,Santa Fe,5,Castellanos,01460,,UNION POR LA PATRIA,agrupacion,5,PROVISORIO,2023_GENERAL_santafe_presidente_mesa.csv
2023,GENERAL,2023-10-22,PRESIDENTE Y VICE,21,Santa Fe,5,Castellanos,01470,,COMANDO,comando,0,PROVISORIO,2023_GENERAL_santafe_presidente_mesa.csv
2023,GENERAL,2023-10-22,PRESIDENTE Y VICE,21,Santa Fe,5,Castellanos,01470,,EN BLANCO,blancos,0,PROVISORIO,2023_GENERAL_santafe_presidente_mesa.csv
2023,GENERAL,2023-10-22,PRESIDENTE Y VICE,21,Santa Fe,5,Castellanos,01470,,FRENTE DE IZQUIERDA Y DE TRABAJADORES - UNIDAD,agrupacion,1,PROVISORIO,2023_GENERAL_santafe_presidente_mesa.csv
2023,GENERAL,2023-10-22,PRESIDENTE Y VICE,21,Santa Fe,5,Castellanos,01470,,HACEMOS POR NUESTRO PAIS,agrupacion,15,PROVISORIO,2023_GENERAL_santafe_presidente_mesa.csv
2023,GENERAL,2023-10-22,PRESIDENTE Y VICE,21,Santa Fe,5,Castellanos,01470,,IMPUGNADO,impugnados,0,PROVISORIO,2023_GENERAL_santafe_presidente_mesa.csv
2023,GENERAL,2023-10-22,PRESIDENTE Y VICE,21,Santa Fe,5,Castellanos,01470,,JUNTOS POR EL CAMBIO,agrupacion,17,PROVISORIO,2023_GENERAL_santafe_presidente_mesa.csv
2023,GENERAL,2023-10-22,PRESIDENTE Y VICE,21,Santa Fe,5,Castellanos,01470,,LA LIBERTAD AVANZA,agrupacion,46,PROVISORIO,2023_GENERAL_santafe_presidente_mesa.csv
2023,GENERAL,2023-10-22,PRESIDENTE Y VICE,21,Santa Fe,5,Castellanos,01470,,NULO,nulos,0,PROVISORIO,2023_GENERAL_santafe_presidente_mesa.csv
2023,GENERAL,2023-10-22,PRESIDENTE Y VICE,21,Santa Fe,5,Castellanos,01470,,RECURRIDO,recurridos,0,PROVISORIO,2023_GENERAL_santafe_presidente_mesa.csv
2023,GENERAL,2023-10-22,PRESIDENTE Y VICE,21,Santa Fe,5,Castellanos,01470,,UNION POR LA PATRIA,agrupacion,42,PROVISORIO,2023_GENERAL_santafe_presidente_mesa.csv
2023,GENERAL,2023-10-22,PRESIDENTE Y VICE,21,Santa Fe,5,Castellanos,01480,,COMANDO,comando,2,PROVISORIO,2023_GENERAL_santafe_presidente_mesa.csv
2023,GENERAL,2023-10-22,PRESIDENTE Y VICE,21,Santa Fe,5,Castellanos,01480,,EN BLANCO,blancos,2,PROVISORIO,2023_GENERAL_santafe_presidente_mesa.csv
2023,GENERAL,2023-10-22,PRESIDENTE Y VICE,21,Santa Fe,5,Castellanos,01480,,FRENTE DE IZQUIERDA Y DE TRABAJADORES - UNIDAD,agrupacion,2,PROVISORIO,2023_GENERAL_santafe_presidente_mesa.csv
2023,GENERAL,2023-10-22,PRESIDENTE Y VICE,21,Santa Fe,5,Castellanos,01480,,HACEMOS POR NUESTRO PAIS,agrupacion,11,PROVISORIO,2023_GENERAL_santafe_presidente_mesa.csv
2023,GENERAL,2023-10-22,PRESIDENTE Y VICE,21,Santa Fe,5,Castellanos,01480,,IMPUGNADO,impugnados,0,PROVISORIO,2023_GENERAL_santafe_presidente_mesa.csv
2023,GENERAL,2023-10-22,PRESIDENTE Y VICE,21,Santa Fe,5,Castellanos,01480,,JUNTOS POR EL CAMBIO,agrupacion,22,PROVISORIO,2023_GENERAL_santafe_presidente_mesa.csv
2023,GENERAL,2023-10-22,PRESIDENTE Y VICE,21,Santa Fe,5,Castellanos,01480,,LA LIBERTAD AVANZA,agrupacion,35,PROVISORIO,2023_GENERAL_santafe_presidente_mesa.csv
2023,GENERAL,2023-10-22,PRESIDENTE Y VICE,21,Santa Fe,5,Castellanos,01480,,NULO,nulos,1,PROVISORIO,2023_GENERAL_santafe_presidente_mesa.csv
2023,GENERAL,2023-10-22,PRESIDENTE Y VICE,21,Santa Fe,5,Castellanos,01480,,RECURRIDO,recurridos,0,PROVISORIO,2023_GENERAL_santafe_presidente_mesa.csv
2023,GENERAL,2023-10-22,PRESIDENTE Y VICE,21,Santa Fe,5,Castellanos,01480,,UNION POR LA PATRIA,agrupacion,22,PROVISORIO,2023_GENERAL_santafe_presidente_mesa.csv
2023,GENERAL,2023-10-22,PRESIDENTE Y VICE,21,Santa Fe,5,Castellanos,01490,,COMANDO,comando,0,PROVISORIO,2023_GENERAL_santafe_presidente_mesa.csv
2023,GENERAL,2023-10-22,PRESIDENTE Y VICE,21,Santa Fe,5,Castellanos,01490,,EN BLANCO,blancos,0,PROVISORIO,2023_GENERAL_santafe_presidente_mesa.csv
2023,GENERAL,2023-10-22,PRESIDENTE Y VICE,21,Santa Fe,5,Castellanos,01490,,FRENTE DE IZQUIERDA Y DE TRABAJADORES - UNIDAD,agrupacion,1,PROVISORIO,2023_GENERAL_santafe_presidente_mesa.csv
2023,GENERAL,2023-10-22,PRESIDENTE Y VICE,21,Santa Fe,5,Castellanos,01490,,HACEMOS POR NUESTRO PAIS,agrupacion,17,PROVISORIO,2023_GENERAL_santafe_presidente_mesa.csv
2023,GENERAL,2023-10-22,PRESIDENTE Y VICE,21,Santa Fe,5,Castellanos,01490,,IMPUGNADO,impugnados,0,PROVISORIO,2023_GENERAL_santafe_presidente_mesa.csv
2023,GENERAL,2023-10-22,PRESIDENTE Y VICE,21,Santa Fe,5,Castellanos,01490,,JUNTOS POR EL CAMBIO,agrupacion,15,PROVISORIO,2023_GENERAL_santafe_presidente_mesa.csv
2023,GENERAL,2023-10-22,PRESIDENTE Y VICE,21,Santa Fe,5,Castellanos,01490,,LA LIBERTAD AVANZA,agrupacion,35,PROVISORIO,2023_GENERAL_santafe_presidente_mesa.csv
2023,GENERAL,2023-10-22,PRESIDENTE Y VICE,21,Santa Fe,5,Castellanos,01490,,NULO,nulos,1,PROVISORIO,2023_GENERAL_santafe_presidente_mesa.csv
2023,GENERAL,2023-10-22,PRESIDENTE Y VICE,21,Santa Fe,5,Castellanos,01490,,RECURRIDO,recurridos,0,PROVISORIO,2023_GENERAL_santafe_presidente_mesa.csv
2023,GENERAL,2023-10-22,PRESIDENTE Y VICE,21,Santa Fe,5,Castellanos,01490,,UNION POR LA PATRIA,agrupacion,14,PROVISORIO,2023_GENERAL_santafe_presidente_mesa.csv
2023,GENERAL,2023-10-22,PRESIDENTE Y VICE,21,Santa Fe,5,Castellanos,01500,,COMANDO,comando,0,PROVISORIO,2023_GENERAL_santafe_presidente_mesa.csv
2023,GENERAL,2023-10-22,PRESIDENTE Y VICE,21,Santa Fe,5,Castellanos,01500,,EN BLANCO,blancos,0,PROVISORIO,2023_GENERAL_santafe_presidente_mesa.csv
2023,GENERAL,2023-10-22,PRESIDENTE Y VICE,21,Santa Fe,5,Castellanos,01500,,FRENTE DE IZQUIERDA Y DE TRABAJADORES - UNIDAD,agrupacion,0,PROVISORIO,2023_GENERAL_santafe_presidente_mesa.csv
2023,GENERAL,2023-10-22,PRESIDENTE Y VICE,21,Santa Fe,5,Castellanos,01500,,HACEMOS POR NUESTRO PAIS,agrupacion,6,PROVISORIO,2023_GENERAL_santafe_presidente_mesa.csv
2023,GENERAL,2023-10-22,PRESIDENTE Y VICE,21,Santa Fe,5,Castellanos,01500,,IMPUGNADO,impugnados,0,PROVISORIO,2023_GENERAL_santafe_presidente_mesa.csv
2023,GENERAL,2023-10-22,PRESIDENTE Y VICE,21,Santa Fe,5,Castellanos,01500,,JUNTOS POR EL CAMBIO,agrupacion,37,PROVISORIO,2023_GENERAL_santafe_presidente_mesa.csv
2023,GENERAL,2023-10-22,PRESIDENTE Y VICE,21,Santa Fe,5,Castellanos,01500,,LA LIBERTAD AVANZA,agrupacion,20,PROVISORIO,2023_GENERAL_santafe_presidente_mesa.csv
2023,GENERAL,2023-10-22,PRESIDENTE Y VICE,21,Santa Fe,5,Castellanos,01500,,NULO,nulos,0,PROVISORIO,2023_GENERAL_santafe_presidente_mesa.csv
2023,GENERAL,2023-10-22,PRESIDENTE Y VICE,21,Santa Fe,5,Castellanos,01500,,RECURRIDO,recurridos,0,PROVISORIO,2023_GENERAL_santafe_presidente_mesa.csv
2023,GENERAL,2023-10-22,PRESIDENTE Y VICE,21,Santa Fe,5,Castellanos,01500,,UNION POR LA PATRIA,agrupacion,1,PROVISORIO,2023_GENERAL_santafe_presidente_mesa.csv
2023,GENERAL,2023-10-22,PRESIDENTE Y VICE,21,Santa Fe,5,Castellanos,01510,,COMANDO,comando,3,PROVISORIO,2023_GENERAL_santafe_presidente_mesa.csv
2023,GENERAL,2023-10-22,PRESIDENTE Y VICE,21,Santa Fe,5,Castellanos,01510,,EN BLANCO,blancos,0,PROVISORIO,2023_GENERAL_santafe_presidente_mesa.csv
2023,GENERAL,2023-10-22,PRESIDENTE Y VICE,21,Santa Fe,5,Castellanos,01510,,FRENTE DE IZQUIERDA Y DE TRABAJADORES - UNIDAD,agrupacion,2,PROVISORIO,2023_GENERAL_santafe_presidente_mesa.csv
2023,GENERAL,2023-10-22,PRESIDENTE Y VICE,21,Santa Fe,5,Castellanos,01510,,HACEMOS POR NUESTRO PAIS,agrupacion,24,PROVISORIO,2023_GENERAL_santafe_presidente_mesa.csv
2023,GENERAL,2023-10-22,PRESIDENTE Y VICE,21,Santa Fe,5,Castellanos,01510,,IMPUGNADO,impugnados,0,PROVISORIO,2023_GENERAL_santafe_presidente_mesa.csv
2023,GENERAL,2023-10-22,PRESIDENTE Y VICE,21,Santa Fe,5,Castellanos,01510,,JUNTOS POR EL CAMBIO,agrupacion,40,PROVISORIO,2023_GENERAL_santafe_presidente_mesa.csv
2023,GENERAL,2023-10-22,PRESIDENTE Y VICE,21,Santa Fe,5,Castellanos,01510,,LA LIBERTAD AVANZA,agrupacion,93,PROVISORIO,2023_GENERAL_santafe_presidente_mesa.csv
2023,GENERAL,2023-10-22,PRESIDENTE Y VICE,21,Santa Fe,5,Castellanos,01510,,NULO,nulos,1,PROVISORIO,2023_GENERAL_santafe_presidente_mesa.csv
2023,GENERAL,2023-10-22,PRESIDENTE Y VICE,21,Santa Fe,5,Castellanos,01510,,RECURRIDO,recurridos,0,PROVISORIO,2023_GENERAL_santafe_presidente_mesa.csv
2023,GENERAL,2023-10-22,PRESIDENTE Y VICE,21,Santa Fe,5,Castellanos,01510,,UNION POR LA PATRIA,agrupacion,60,PROVISORIO,2023_GENERAL_santafe_presidente_mesa.csv
2023,GENERAL,2023-10-22,PRESIDENTE Y VICE,21,Santa Fe,5,Castellanos,01520,,COMANDO,comando,0,PROVISORIO,2023_GENERAL_santafe_presidente_mesa.csv
2023,GENERAL,2023-10-22,PRESIDENTE Y VICE,21,Santa Fe,5,Castellanos,01520,,EN BLANCO,blancos,1,PROVISORIO,2023_GENERAL_santafe_presidente_mesa.csv
2023,GENERAL,2023-10-22,PRESIDENTE Y VICE,21,Santa Fe,5,Castellanos,01520,,FRENTE DE IZQUIERDA Y DE TRABAJADORES - UNIDAD,agrupacion,0,PROVISORIO,2023_GENERAL_santafe_presidente_mesa.csv
2023,GENERAL,2023-10-22,PRESIDENTE Y VICE,21,Santa Fe,5,Castellanos,01520,,HACEMOS POR NUESTRO PAIS,agrupacion,2,PROVISORIO,2023_GENERAL_santafe_presidente_mesa.csv
2023,GENERAL,2023-10-22,PRESIDENTE Y VICE,21,Santa Fe,5,Castellanos,01520,,IMPUGNADO,impugnados,0,PROVISORIO,2023_GENERAL_santafe_presidente_mesa.csv
2023,GENERAL,2023-10-22,PRESIDENTE Y VICE,21,Santa Fe,5,Castellanos,01520,,JUNTOS POR EL CAMBIO,agrupacion,13,PROVISORIO,2023_GENERAL_santafe_presidente_mesa.csv
2023,GENERAL,2023-10-22,PRESIDENTE Y VICE,21,Santa Fe,5,Castellanos,01520,,LA LIBERTAD AVANZA,agrupacion,15,PROVISORIO,2023_GENERAL_santafe_presidente_mesa.csv
2023,GENERAL,2023-10-22,PRESIDENTE Y VICE,21,Santa Fe,5,Castellanos,01520,,NULO,nulos,0,PROVISORIO,2023_GENERAL_santafe_presidente_mesa.csv
2023,GENERAL,2023-10-22,PRESIDENTE Y VICE,21,Santa Fe,5,Castellanos,01520,,RECURRIDO,recurridos,0,PROVISORIO,2023_GENERAL_santafe_presidente_mesa.csv
2023,GENERAL,2023-10-22,PRESIDENTE Y VICE,21,Santa Fe,5,Castellanos,01520,,UNION POR LA PATRIA,agrupacion,0,PROVISORIO,2023_GENERAL_santafe_presidente_mesa.csv
2023,GENERAL,2023-10-22,PRESIDENTE Y VICE,21,Santa Fe,6,San Martín,01530,,COMANDO,comando,0,PROVISORIO,2023_GENERAL_santafe_presidente_mesa.csv
2023,GENERAL,2023-10-22,PRESIDENTE Y VICE,21,Santa Fe,6,San Martín,01530,,EN BLANCO,blancos,2,PROVISORIO,2023_GENERAL_santafe_presidente_mesa.csv
2023,GENERAL,2023-10-22,PRESIDENTE Y VICE,21,Santa Fe,6,San Martín,01530,,FRENTE DE IZQUIERDA Y DE TRABAJADORES - UNIDAD,agrupacion,3,PROVISORIO,2023_GENERAL_santafe_presidente_mesa.csv
2023,GENERAL,2023-10-22,PRESIDENTE Y VICE,21,Santa Fe,6,San Martín,01530,,HACEMOS POR NUESTRO PAIS,agrupacion,88,PROVISORIO,2023_GENERAL_santafe_presidente_mesa.csv
2023,GENERAL,2023-10-22,PRESIDENTE Y VICE,21,Santa Fe,6,San Martín,01530,,IMPUGNADO,impugnados,0,PROVISORIO,2023_GENERAL_santafe_presidente_mesa.csv
2023,GENERAL,2023-10-22,PRESIDENTE Y VICE,21,Santa Fe,6,San Martín,01530,,JUNTOS POR EL CAMBIO,agrupacion,75,PROVISORIO,2023_GENERAL_santafe_presidente_mesa.csv
2023,GENERAL,2023-10-22,PRESIDENTE Y VICE,21,Santa Fe,6,San Martín,01530,,LA LIBERTAD AVANZA,agrupacion,177,PROVISORIO,2023_GENERAL_santafe_presidente_mesa.csv
2023,GENERAL,2023-10-22,PRESIDENTE Y VICE,21,Santa Fe,6,San Martín,01530,,NULO,nulos,4,PROVISORIO,2023_GENERAL_santafe_presidente_mesa.csv
2023,GENERAL,2023-10-22,PRESIDENTE Y VICE,21,Santa Fe,6,San Martín,01530,,RECURRIDO,recurridos,0,PROVISORIO,2023_GENERAL_santafe_presidente_mesa.csv
2023,GENERAL,2023-10-22,PRESIDENTE Y VICE,21,Santa Fe,6,San Martín,01530,,UNION POR LA PATRIA,agrupacion,41,PROVISORIO,2023_GENERAL_santafe_presidente_mesa.csv
2023,GENERAL,2023-10-22,PRESIDENTE Y VICE,21,Santa Fe,6,San Martín,01540,,COMANDO,comando,0,PROVISORIO,2023_GENERAL_santafe_presidente_mesa.csv
2023,GENERAL,2023-10-22,PRESIDENTE Y VICE,21,Santa Fe,6,San Martín,01540,,EN BLANCO,blancos,0,PROVISORIO,2023_GENERAL_santafe_presidente_mesa.csv
2023,GENERAL,2023-10-22,PRESIDENTE Y VICE,21,Santa Fe,6,San Martín,01540,,FRENTE DE IZQUIERDA Y DE TRABAJADORES - UNIDAD,agrupacion,2,PROVISORIO,2023_GENERAL_santafe_presidente_mesa.csv
2023,GENERAL,2023-10-22,PRESIDENTE Y VICE,21,Santa Fe,6,San Martín,01540,,HACEMOS POR NUESTRO PAIS,agrupacion,38,PROVISORIO,2023_GENERAL_santafe_presidente_mesa.csv
2023,GENERAL,2023-10-22,PRESIDENTE Y VICE,21,Santa Fe,6,San Martín,01540,,IMPUGNADO,impugnados,0,PROVISORIO,2023_GENERAL_santafe_presidente_mesa.csv
2023,GENERAL,2023-10-22,PRESIDENTE Y VICE,21,Santa Fe,6,San Martín,01540,,JUNTOS POR EL CAMBIO,agrupacion,44,PROVISORIO,2023_GENERAL_santafe_presidente_mesa.csv
2023,GENERAL,2023-10-22,PRESIDENTE Y VICE,21,Santa Fe,6,San Martín,01540,,LA LIBERTAD AVANZA,agrupacion,65,PROVISORIO,2023_GENERAL_santafe_presidente_mesa.csv
2023,GENERAL,2023-10-22,PRESIDENTE Y VICE,21,Santa Fe,6,San Martín,01540,,NULO,nulos,1,PROVISORIO,2023_GENERAL_santafe_presidente_mesa.csv
2023,GENERAL,2023-10-22,PRESIDENTE Y VICE,21,Santa Fe,6,San Martín,01540,,RECURRIDO,recurridos,0,PROVISORIO,2023_GENERAL_santafe_presidente_mesa.csv
2023,GENERAL,2023-10-22,PRESIDENTE Y VICE,21,Santa Fe,6,San Martín,01540,,UNION POR LA PATRIA,agrupacion,41,PROVISORIO,2023_GENERAL_santafe_presidente_mesa.csv
2023,GENERAL,2023-10-22,PRESIDENTE Y VICE,21,Santa Fe,6,San Martín,01550,Sastre y Ortiz,COMANDO,comando,0,PROVISORIO,2023_GENERAL_santafe_presidente_mesa.csv
2023,GENERAL,2023-10-22,PRESIDENTE Y VICE,21,Santa Fe,6,San Martín,01550,Sastre y Ortiz,EN BLANCO,blancos,28,PROVISORIO,2023_GENERAL_santafe_presidente_mesa.csv
2023,GENERAL,2023-10-22,PRESIDENTE Y VICE,21,Santa Fe,6,San Martín,01550,Sastre y Ortiz,FRENTE DE IZQUIERDA Y DE TRABAJADORES - UNIDAD,agrupacion,46,PROVISORIO,2023_GENERAL_santafe_presidente_mesa.csv
2023,GENERAL,2023-10-22,PRESIDENTE Y VICE,21,Santa Fe,6,San Martín,01550,Sastre y Ortiz,HACEMOS POR NUESTRO PAIS,agrupacion,602,PROVISORIO,2023_GENERAL_santafe_presidente_mesa.csv
2023,GENERAL,2023-10-22,PRESIDENTE Y VICE,21,Santa Fe,6,San Martín,01550,Sastre y Ortiz,IMPUGNADO,impugnados,0,PROVISORIO,2023_GENERAL_santafe_presidente_mesa.csv
2023,GENERAL,2023-10-22,PRESIDENTE Y VICE,21,Santa Fe,6,San Martín,01550,Sastre y Ortiz,JUNTOS POR EL CAMBIO,agrupacion,1106,PROVISORIO,2023_GENERAL_santafe_presidente_mesa.csv
2023,GENERAL,2023-10-22,PRESIDENTE Y VICE,21,Santa Fe,6,San Martín,01550,Sastre y Ortiz,LA LIBERTAD AVANZA,agrupacion,915,PROVISORIO,2023_GENERAL_santafe_presidente_mesa.csv
2023,GENERAL,2023-10-22,PRESIDENTE Y VICE,21,Santa Fe,6,San Martín,01550,Sastre y Ortiz,NULO,nulos,45,PROVISORIO,2023_GENERAL_santafe_presidente_mesa.csv
2023,GENERAL,2023-10-22,PRESIDENTE Y VICE,21,Santa Fe,6,San Martín,01550,Sastre y Ortiz,RECURRIDO,recurridos,1,PROVISORIO,2023_GENERAL_santafe_presidente_mesa.csv
2023,GENERAL,2023-10-22,PRESIDENTE Y VICE,21,Santa Fe,6,San Martín,01550,Sastre y Ortiz,UNION POR LA PATRIA,agrupacion,1064,PROVISORIO,2023_GENERAL_santafe_presidente_mesa.csv
2023,GENERAL,2023-10-22,PRESIDENTE Y VICE,21,Santa Fe,6,San Martín,01560,San Martín de las Escobas,COMANDO,comando,0,PROVISORIO,2023_GENERAL_santafe_presidente_mesa.csv
2023,GENERAL,2023-10-22,PRESIDENTE Y VICE,21,Santa Fe,6,San Martín,01560,San Martín de las Escobas,EN BLANCO,blancos,16,PROVISORIO,2023_GENERAL_santafe_presidente_mesa.csv
2023,GENERAL,2023-10-22,PRESIDENTE Y VICE,21,Santa Fe,6,San Martín,01560,San Martín de las Escobas,FRENTE DE IZQUIERDA Y DE TRABAJADORES - UNIDAD,agrupacion,12,PROVISORIO,2023_GENERAL_santafe_presidente_mesa.csv
2023,GENERAL,2023-10-22,PRESIDENTE Y VICE,21,Santa Fe,6,San Martín,01560,San Martín de las Escobas,HACEMOS POR NUESTRO PAIS,agrupacion,266,PROVISORIO,2023_GENERAL_santafe_presidente_mesa.csv
2023,GENERAL,2023-10-22,PRESIDENTE Y VICE,21,Santa Fe,6,San Martín,01560,San Martín de las Escobas,IMPUGNADO,impugnados,0,PROVISORIO,2023_GENERAL_santafe_presidente_mesa.csv
2023,GENERAL,2023-10-22,PRESIDENTE Y VICE,21,Santa Fe,6,San Martín,01560,San Martín de las Escobas,JUNTOS POR EL CAMBIO,agrupacion,557,PROVISORIO,2023_GENERAL_santafe_presidente_mesa.csv
2023,GENERAL,2023-10-22,PRESIDENTE Y VICE,21,Santa Fe,6,San Martín,01560,San Martín de las Escobas,LA LIBERTAD AVANZA,agrupacion,742,PROVISORIO,2023_GENERAL_santafe_presidente_mesa.csv
2023,GENERAL,2023-10-22,PRESIDENTE Y VICE,21,Santa Fe,6,San Martín,01560,San Martín de las Escobas,NULO,nulos,17,PROVISORIO,2023_GENERAL_santafe_presidente_mesa.csv
2023,GENERAL,2023-10-22,PRESIDENTE Y VICE,21,Santa Fe,6,San Martín,01560,San Martín de las Escobas,RECURRIDO,recurridos,0,PROVISORIO,2023_GENERAL_santafe_presidente_mesa.csv
2023,GENERAL,2023-10-22,PRESIDENTE Y VICE,21,Santa Fe,6,San Martín,01560,San Martín de las Escobas,UNION POR LA PATRIA,agrupacion,204,PROVISORIO,2023_GENERAL_santafe_presidente_mesa.csv
2023,GENERAL,2023-10-22,PRESIDENTE Y VICE,21,Santa Fe,6,San Martín,01570,,COMANDO,comando,0,PROVISORIO,2023_GENERAL_santafe_presidente_mesa.csv
2023,GENERAL,2023-10-22,PRESIDENTE Y VICE,21,Santa Fe,6,San Martín,01570,,EN BLANCO,blancos,4,PROVISORIO,2023_GENERAL_santafe_presidente_mesa.csv
2023,GENERAL,2023-10-22,PRESIDENTE Y VICE,21,Santa Fe,6,San Martín,01570,,FRENTE DE IZQUIERDA Y DE TRABAJADORES - UNIDAD,agrupacion,6,PROVISORIO,2023_GENERAL_santafe_presidente_mesa.csv
2023,GENERAL,2023-10-22,PRESIDENTE Y VICE,21,Santa Fe,6,San Martín,01570,,HACEMOS POR NUESTRO PAIS,agrupacion,103,PROVISORIO,2023_GENERAL_santafe_presidente_mesa.csv
2023,GENERAL,2023-10-22,PRESIDENTE Y VICE,21,Santa Fe,6,San Martín,01570,,IMPUGNADO,impugnados,0,PROVISORIO,2023_GENERAL_santafe_presidente_mesa.csv
2023,GENERAL,2023-10-22,PRESIDENTE Y VICE,21,Santa Fe,6,San Martín,01570,,JUNTOS POR EL CAMBIO,agrupacion,204,PROVISORIO,2023_GENERAL_santafe_presidente_mesa.csv
2023,GENERAL,2023-10-22,PRESIDENTE Y VICE,21,Santa Fe,6,San Martín,01570,,LA LIBERTAD AVANZA,agrupacion,311,PROVISORIO,2023_GENERAL_santafe_presidente_mesa.csv
2023,GENERAL,2023-10-22,PRESIDENTE Y VICE,21,Santa Fe,6,San Martín,01570,,NULO,nulos,5,PROVISORIO,2023_GENERAL_santafe_presidente_mesa.csv
2023,GENERAL,2023-10-22,PRESIDENTE Y VICE,21,Santa Fe,6,San Martín,01570,,RECURRIDO,recurridos,0,PROVISORIO,2023_GENERAL_santafe_presidente_mesa.csv
2023,GENERAL,2023-10-22,PRESIDENTE Y VICE,21,Santa Fe,6,San Martín,01570,,UNION POR LA PATRIA,agrupacion,121,PROVISORIO,2023_GENERAL_santafe_presidente_mesa.csv
2023,GENERAL,2023-10-22,PRESIDENTE Y VICE,21,Santa Fe,6,San Martín,01580,San Jorge,COMANDO,comando,0,PROVISORIO,2023_GENERAL_santafe_presidente_mesa.csv
2023,GENERAL,2023-10-22,PRESIDENTE Y VICE,21,Santa Fe,6,San Martín,01580,San Jorge,EN BLANCO,blancos,105,PROVISORIO,2023_GENERAL_santafe_presidente_mesa.csv
2023,GENERAL,2023-10-22,PRESIDENTE Y VICE,21,Santa Fe,6,San Martín,01580,San Jorge,FRENTE DE IZQUIERDA Y DE TRABAJADORES - UNIDAD,agrupacion,122,PROVISORIO,2023_GENERAL_santafe_presidente_mesa.csv
2023,GENERAL,2023-10-22,PRESIDENTE Y VICE,21,Santa Fe,6,San Martín,01580,San Jorge,HACEMOS POR NUESTRO PAIS,agrupacion,2005,PROVISORIO,2023_GENERAL_santafe_presidente_mesa.csv
2023,GENERAL,2023-10-22,PRESIDENTE Y VICE,21,Santa Fe,6,San Martín,01580,San Jorge,IMPUGNADO,impugnados,0,PROVISORIO,2023_GENERAL_santafe_presidente_mesa.csv
2023,GENERAL,2023-10-22,PRESIDENTE Y VICE,21,Santa Fe,6,San Martín,01580,San Jorge,JUNTOS POR EL CAMBIO,agrupacion,3004,PROVISORIO,2023_GENERAL_santafe_presidente_mesa.csv
2023,GENERAL,2023-10-22,PRESIDENTE Y VICE,21,Santa Fe,6,San Martín,01580,San Jorge,LA LIBERTAD AVANZA,agrupacion,4641,PROVISORIO,2023_GENERAL_santafe_presidente_mesa.csv
2023,GENERAL,2023-10-22,PRESIDENTE Y VICE,21,Santa Fe,6,San Martín,01580,San Jorge,NULO,nulos,148,PROVISORIO,2023_GENERAL_santafe_presidente_mesa.csv
2023,GENERAL,2023-10-22,PRESIDENTE Y VICE,21,Santa Fe,6,San Martín,01580,San Jorge,RECURRIDO,recurridos,0,PROVISORIO,2023_GENERAL_santafe_presidente_mesa.csv
2023,GENERAL,2023-10-22,PRESIDENTE Y VICE,21,Santa Fe,6,San Martín,01580,San Jorge,UNION POR LA PATRIA,agrupacion,2394,PROVISORIO,2023_GENERAL_santafe_presidente_mesa.csv
2023,GENERAL,2023-10-22,PRESIDENTE Y VICE,21,Santa Fe,6,San Martín,01590,,COMANDO,comando,0,PROVISORIO,2023_GENERAL_santafe_presidente_mesa.csv
2023,GENERAL,2023-10-22,PRESIDENTE Y VICE,21,Santa Fe,6,San Martín,01590,,EN BLANCO,blancos,6,PROVISORIO,2023_GENERAL_santafe_presidente_mesa.csv
2023,GENERAL,2023-10-22,PRESIDENTE Y VICE,21,Santa Fe,6,San Martín,01590,,FRENTE DE IZQUIERDA Y DE TRABAJADORES - UNIDAD,agrupacion,8,PROVISORIO,2023_GENERAL_santafe_presidente_mesa.csv
2023,GENERAL,2023-10-22,PRESIDENTE Y VICE,21,Santa Fe,6,San Martín,01590,,HACEMOS POR NUESTRO PAIS,agrupacion,107,PROVISORIO,2023_GENERAL_santafe_presidente_mesa.csv
2023,GENERAL,2023-10-22,PRESIDENTE Y VICE,21,Santa Fe,6,San Martín,01590,,IMPUGNADO,impugnados,0,PROVISORIO,2023_GENERAL_santafe_presidente_mesa.csv
2023,GENERAL,2023-10-22,PRESIDENTE Y VICE,21,Santa Fe,6,San Martín,01590,,JUNTOS POR EL CAMBIO,agrupacion,239,PROVISORIO,2023_GENERAL_santafe_presidente_mesa.csv
2023,GENERAL,2023-10-22,PRESIDENTE Y VICE,21,Santa Fe,6,San Martín,01590,,LA LIBERTAD AVANZA,agrupacion,323,PROVISORIO,2023_GENERAL_santafe_presidente_mesa.csv
2023,GENERAL,2023-10-22,PRESIDENTE Y VICE,21,Santa Fe,6,San Martín,01590,,NULO,nulos,5,PROVISORIO,2023_GENERAL_santafe_presidente_mesa.csv
2023,GENERAL,2023-10-22,PRESIDENTE Y VICE,21,Santa Fe,6,San Martín,01590,,RECURRIDO,recurridos,0,PROVISORIO,2023_GENERAL_santafe_presidente_mesa.csv
2023,GENERAL,2023-10-22,PRESIDENTE Y VICE,21,Santa Fe,6,San Martín,01590,,UNION POR LA PATRIA,agrupacion,179,PROVISORIO,2023_GENERAL_santafe_presidente_mesa.csv
2023,GENERAL,2023-10-22,PRESIDENTE Y VICE,21,Santa Fe,6,San Martín,01600,Carlos Pellegrini,COMANDO,comando,0,PROVISORIO,2023_GENERAL_santafe_presidente_mesa.csv
2023,GENERAL,2023-10-22,PRESIDENTE Y VICE,21,Santa Fe,6,San Martín,01600,Carlos Pellegrini,EN BLANCO,blancos,30,PROVISORIO,2023_GENERAL_santafe_presidente_mesa.csv
2023,GENERAL,2023-10-22,PRESIDENTE Y VICE,21,Santa Fe,6,San Martín,01600,Carlos Pellegrini,FRENTE DE IZQUIERDA Y DE TRABAJADORES - UNIDAD,agrupacion,41,PROVISORIO,2023_GENERAL_santafe_presidente_mesa.csv
2023,GENERAL,2023-10-22,PRESIDENTE Y VICE,21,Santa Fe,6,San Martín,01600,Carlos Pellegrini,HACEMOS POR NUESTRO PAIS,agrupacion,458,PROVISORIO,2023_GENERAL_santafe_presidente_mesa.csv
2023,GENERAL,2023-10-22,PRESIDENTE Y VICE,21,Santa Fe,6,San Martín,01600,Carlos Pellegrini,IMPUGNADO,impugnados,0,PROVISORIO,2023_GENERAL_santafe_presidente_mesa.csv
2023,GENERAL,2023-10-22,PRESIDENTE Y VICE,21,Santa Fe,6,San Martín,01600,Carlos Pellegrini,JUNTOS POR EL CAMBIO,agrupacion,1138,PROVISORIO,2023_GENERAL_santafe_presidente_mesa.csv
2023,GENERAL,2023-10-22,PRESIDENTE Y VICE,21,Santa Fe,6,San Martín,01600,Carlos Pellegrini,LA LIBERTAD AVANZA,agrupacion,1455,PROVISORIO,2023_GENERAL_santafe_presidente_mesa.csv
2023,GENERAL,2023-10-22,PRESIDENTE Y VICE,21,Santa Fe,6,San Martín,01600,Carlos Pellegrini,NULO,nulos,36,PROVISORIO,2023_GENERAL_santafe_presidente_mesa.csv
2023,GENERAL,2023-10-22,PRESIDENTE Y VICE,21,Santa Fe,6,San Martín,01600,Carlos Pellegrini,RECURRIDO,recurridos,0,PROVISORIO,2023_GENERAL_santafe_presidente_mesa.csv
2023,GENERAL,2023-10-22,PRESIDENTE Y VICE,21,Santa Fe,6,San Martín,01600,Carlos Pellegrini,UNION POR LA PATRIA,agrupacion,524,PROVISORIO,2023_GENERAL_santafe_presidente_mesa.csv
2023,GENERAL,2023-10-22,PRESIDENTE Y VICE,21,Santa Fe,6,San Martín,01610,Cañada Rosquín,COMANDO,comando,0,PROVISORIO,2023_GENERAL_santafe_presidente_mesa.csv
2023,GENERAL,2023-10-22,PRESIDENTE Y VICE,21,Santa Fe,6,San Martín,01610,Cañada Rosquín,EN BLANCO,blancos,19,PROVISORIO,2023_GENERAL_santafe_presidente_mesa.csv
2023,GENERAL,2023-10-22,PRESIDENTE Y VICE,21,Santa Fe,6,San Martín,01610,Cañada Rosquín,FRENTE DE IZQUIERDA Y DE TRABAJADORES - UNIDAD,agrupacion,48,PROVISORIO,2023_GENERAL_santafe_presidente_mesa.csv
2023,GENERAL,2023-10-22,PRESIDENTE Y VICE,21,Santa Fe,6,San Martín,01610,Cañada Rosquín,HACEMOS POR NUESTRO PAIS,agrupacion,483,PROVISORIO,2023_GENERAL_santafe_presidente_mesa.csv
2023,GENERAL,2023-10-22,PRESIDENTE Y VICE,21,Santa Fe,6,San Martín,01610,Cañada Rosquín,IMPUGNADO,impugnados,0,PROVISORIO,2023_GENERAL_santafe_presidente_mesa.csv
2023,GENERAL,2023-10-22,PRESIDENTE Y VICE,21,Santa Fe,6,San Martín,01610,Cañada Rosquín,JUNTOS POR EL CAMBIO,agrupacion,947,PROVISORIO,2023_GENERAL_santafe_presidente_mesa.csv
2023,GENERAL,2023-10-22,PRESIDENTE Y VICE,21,Santa Fe,6,San Martín,01610,Cañada Rosquín,LA LIBERTAD AVANZA,agrupacion,1268,PROVISORIO,2023_GENERAL_santafe_presidente_mesa.csv
2023,GENERAL,2023-10-22,PRESIDENTE Y VICE,21,Santa Fe,6,San Martín,01610,Cañada Rosquín,NULO,nulos,36,PROVISORIO,2023_GENERAL_santafe_presidente_mesa.csv
2023,GENERAL,2023-10-22,PRESIDENTE Y VICE,21,Santa Fe,6,San Martín,01610,Cañada Rosquín,RECURRIDO,recurridos,0,PROVISORIO,2023_GENERAL_santafe_presidente_mesa.csv
2023,GENERAL,2023-10-22,PRESIDENTE Y VICE,21,Santa Fe,6,San Martín,01610,Cañada Rosquín,UNION POR LA PATRIA,agrupacion,601,PROVISORIO,2023_GENERAL_santafe_presidente_mesa.csv
2023,GENERAL,2023-10-22,PRESIDENTE Y VICE,21,Santa Fe,6,San Martín,01620,,COMANDO,comando,0,PROVISORIO,2023_GENERAL_santafe_presidente_mesa.csv
2023,GENERAL,2023-10-22,PRESIDENTE Y VICE,21,Santa Fe,6,San Martín,01620,,EN BLANCO,blancos,5,PROVISORIO,2023_GENERAL_santafe_presidente_mesa.csv
2023,GENERAL,2023-10-22,PRESIDENTE Y VICE,21,Santa Fe,6,San Martín,01620,,FRENTE DE IZQUIERDA Y DE TRABAJADORES - UNIDAD,agrupacion,6,PROVISORIO,2023_GENERAL_santafe_presidente_mesa.csv
2023,GENERAL,2023-10-22,PRESIDENTE Y VICE,21,Santa Fe,6,San Martín,01620,,HACEMOS POR NUESTRO PAIS,agrupacion,53,PROVISORIO,2023_GENERAL_santafe_presidente_mesa.csv
2023,GENERAL,2023-10-22,PRESIDENTE Y VICE,21,Santa Fe,6,San Martín,01620,,IMPUGNADO,impugnados,0,PROVISORIO,2023_GENERAL_santafe_presidente_mesa.csv
2023,GENERAL,2023-10-22,PRESIDENTE Y VICE,21,Santa Fe,6,San Martín,01620,,JUNTOS POR EL CAMBIO,agrupacion,104,PROVISORIO,2023_GENERAL_santafe_presidente_mesa.csv
2023,GENERAL,2023-10-22,PRESIDENTE Y VICE,21,Santa Fe,6,San Martín,01620,,LA LIBERTAD AVANZA,agrupacion,118,PROVISORIO,2023_GENERAL_santafe_presidente_mesa.csv
2023,GENERAL,2023-10-22,PRESIDENTE Y VICE,21,Santa Fe,6,San Martín,01620,,NULO,nulos,1,PROVISORIO,2023_GENERAL_santafe_presidente_mesa.csv
2023,GENERAL,2023-10-22,PRESIDENTE Y VICE,21,Santa Fe,6,San Martín,01620,,RECURRIDO,recurridos,0,PROVISORIO,2023_GENERAL_santafe_presidente_mesa.csv
2023,GENERAL,2023-10-22,PRESIDENTE Y VICE,21,Santa Fe,6,San Martín,01620,,UNION POR LA PATRIA,agrupacion,189,PROVISORIO,2023_GENERAL_santafe_presidente_mesa.csv
2023,GENERAL,2023-10-22,PRESIDENTE Y VICE,21,Santa Fe,6,San Martín,01630,,COMANDO,comando,0,PROVISORIO,2023_GENERAL_santafe_presidente_mesa.csv
2023,GENERAL,2023-10-22,PRESIDENTE Y VICE,21,Santa Fe,6,San Martín,01630,,EN BLANCO,blancos,2,PROVISORIO,2023_GENERAL_santafe_presidente_mesa.csv
2023,GENERAL,2023-10-22,PRESIDENTE Y VICE,21,Santa Fe,6,San Martín,01630,,FRENTE DE IZQUIERDA Y DE TRABAJADORES - UNIDAD,agrupacion,1,PROVISORIO,2023_GENERAL_santafe_presidente_mesa.csv
2023,GENERAL,2023-10-22,PRESIDENTE Y VICE,21,Santa Fe,6,San Martín,01630,,HACEMOS POR NUESTRO PAIS,agrupacion,9,PROVISORIO,2023_GENERAL_santafe_presidente_mesa.csv
2023,GENERAL,2023-10-22,PRESIDENTE Y VICE,21,Santa Fe,6,San Martín,01630,,IMPUGNADO,impugnados,0,PROVISORIO,2023_GENERAL_santafe_presidente_mesa.csv
2023,GENERAL,2023-10-22,PRESIDENTE Y VICE,21,Santa Fe,6,San Martín,01630,,JUNTOS POR EL CAMBIO,agrupacion,13,PROVISORIO,2023_GENERAL_santafe_presidente_mesa.csv
2023,GENERAL,2023-10-22,PRESIDENTE Y VICE,21,Santa Fe,6,San Martín,01630,,LA LIBERTAD AVANZA,agrupacion,36,PROVISORIO,2023_GENERAL_santafe_presidente_mesa.csv
2023,GENERAL,2023-10-22,PRESIDENTE Y VICE,21,Santa Fe,6,San Martín,01630,,NULO,nulos,2,PROVISORIO,2023_GENERAL_santafe_presidente_mesa.csv
2023,GENERAL,2023-10-22,PRESIDENTE Y VICE,21,Santa Fe,6,San Martín,01630,,RECURRIDO,recurridos,0,PROVISORIO,2023_GENERAL_santafe_presidente_mesa.csv
2023,GENERAL,2023-10-22,PRESIDENTE Y VICE,21,Santa Fe,6,San Martín,01630,,UNION POR LA PATRIA,agrupacion,57,PROVISORIO,2023_GENERAL_santafe_presidente_mesa.csv
2023,GENERAL,2023-10-22,PRESIDENTE Y VICE,21,Santa Fe,6,San Martín,01640,Piamonte,COMANDO,comando,0,PROVISORIO,2023_GENERAL_santafe_presidente_mesa.csv
2023,GENERAL,2023-10-22,PRESIDENTE Y VICE,21,Santa Fe,6,San Martín,01640,Piamonte,EN BLANCO,blancos,13,PROVISORIO,2023_GENERAL_santafe_presidente_mesa.csv
2023,GENERAL,2023-10-22,PRESIDENTE Y VICE,21,Santa Fe,6,San Martín,01640,Piamonte,FRENTE DE IZQUIERDA Y DE TRABAJADORES - UNIDAD,agrupacion,27,PROVISORIO,2023_GENERAL_santafe_presidente_mesa.csv
2023,GENERAL,2023-10-22,PRESIDENTE Y VICE,21,Santa Fe,6,San Martín,01640,Piamonte,HACEMOS POR NUESTRO PAIS,agrupacion,302,PROVISORIO,2023_GENERAL_santafe_presidente_mesa.csv
2023,GENERAL,2023-10-22,PRESIDENTE Y VICE,21,Santa Fe,6,San Martín,01640,Piamonte,IMPUGNADO,impugnados,0,PROVISORIO,2023_GENERAL_santafe_presidente_mesa.csv
2023,GENERAL,2023-10-22,PRESIDENTE Y VICE,21,Santa Fe,6,San Martín,01640,Piamonte,JUNTOS POR EL CAMBIO,agrupacion,693,PROVISORIO,2023_GENERAL_santafe_presidente_mesa.csv
2023,GENERAL,2023-10-22,PRESIDENTE Y VICE,21,Santa Fe,6,San Martín,01640,Piamonte,LA LIBERTAD AVANZA,agrupacion,748,PROVISORIO,2023_GENERAL_santafe_presidente_mesa.csv
2023,GENERAL,2023-10-22,PRESIDENTE Y VICE,21,Santa Fe,6,San Martín,01640,Piamonte,NULO,nulos,32,PROVISORIO,2023_GENERAL_santafe_presidente_mesa.csv
2023,GENERAL,2023-10-22,PRESIDENTE Y VICE,21,Santa Fe,6,San Martín,01640,Piamonte,RECURRIDO,recurridos,0,PROVISORIO,2023_GENERAL_santafe_presidente_mesa.csv
2023,GENERAL,2023-10-22,PRESIDENTE Y VICE,21,Santa Fe,6,San Martín,01640,Piamonte,UNION POR LA PATRIA,agrupacion,311,PROVISORIO,2023_GENERAL_santafe_presidente_mesa.csv
2023,GENERAL,2023-10-22,PRESIDENTE Y VICE,21,Santa Fe,6,San Martín,01650,El Trébol,COMANDO,comando,0,PROVISORIO,2023_GENERAL_santafe_presidente_mesa.csv
2023,GENERAL,2023-10-22,PRESIDENTE Y VICE,21,Santa Fe,6,San Martín,01650,El Trébol,EN BLANCO,blancos,76,PROVISORIO,2023_GENERAL_santafe_presidente_mesa.csv
2023,GENERAL,2023-10-22,PRESIDENTE Y VICE,21,Santa Fe,6,San Martín,01650,El Trébol,FRENTE DE IZQUIERDA Y DE TRABAJADORES - UNIDAD,agrupacion,69,PROVISORIO,2023_GENERAL_santafe_presidente_mesa.csv
2023,GENERAL,2023-10-22,PRESIDENTE Y VICE,21,Santa Fe,6,San Martín,01650,El Trébol,HACEMOS POR NUESTRO PAIS,agrupacion,1064,PROVISORIO,2023_GENERAL_santafe_presidente_mesa.csv
2023,GENERAL,2023-10-22,PRESIDENTE Y VICE,21,Santa Fe,6,San Martín,01650,El Trébol,IMPUGNADO,impugnados,0,PROVISORIO,2023_GENERAL_santafe_presidente_mesa.csv
2023,GENERAL,2023-10-22,PRESIDENTE Y VICE,21,Santa Fe,6,San Martín,01650,El Trébol,JUNTOS POR EL CAMBIO,agrupacion,1989,PROVISORIO,2023_GENERAL_santafe_presidente_mesa.csv
2023,GENERAL,2023-10-22,PRESIDENTE Y VICE,21,Santa Fe,6,San Martín,01650,El Trébol,LA LIBERTAD AVANZA,agrupacion,3127,PROVISORIO,2023_GENERAL_santafe_presidente_mesa.csv
2023,GENERAL,2023-10-22,PRESIDENTE Y VICE,21,Santa Fe,6,San Martín,01650,El Trébol,NULO,nulos,130,PROVISORIO,2023_GENERAL_santafe_presidente_mesa.csv
2023,GENERAL,2023-10-22,PRESIDENTE Y VICE,21,Santa Fe,6,San Martín,01650,El Trébol,RECURRIDO,recurridos,0,PROVISORIO,2023_GENERAL_santafe_presidente_mesa.csv
2023,GENERAL,2023-10-22,PRESIDENTE Y VICE,21,Santa Fe,6,San Martín,01650,El Trébol,UNION POR LA PATRIA,agrupacion,1547,PROVISORIO,2023_GENERAL_santafe_presidente_mesa.csv
2023,GENERAL,2023-10-22,PRESIDENTE Y VICE,21,Santa Fe,6,San Martín,01660,María Susana,COMANDO,comando,0,PROVISORIO,2023_GENERAL_santafe_presidente_mesa.csv
2023,GENERAL,2023-10-22,PRESIDENTE Y VICE,21,Santa Fe,6,San Martín,01660,María Susana,EN BLANCO,blancos,12,PROVISORIO,2023_GENERAL_santafe_presidente_mesa.csv
2023,GENERAL,2023-10-22,PRESIDENTE Y VICE,21,Santa Fe,6,San Martín,01660,María Susana,FRENTE DE IZQUIERDA Y DE TRABAJADORES - UNIDAD,agrupacion,17,PROVISORIO,2023_GENERAL_santafe_presidente_mesa.csv
2023,GENERAL,2023-10-22,PRESIDENTE Y VICE,21,Santa Fe,6,San Martín,01660,María Susana,HACEMOS POR NUESTRO PAIS,agrupacion,225,PROVISORIO,2023_GENERAL_santafe_presidente_mesa.csv
2023,GENERAL,2023-10-22,PRESIDENTE Y VICE,21,Santa Fe,6,San Martín,01660,María Susana,IMPUGNADO,impugnados,0,PROVISORIO,2023_GENERAL_santafe_presidente_mesa.csv
2023,GENERAL,2023-10-22,PRESIDENTE Y VICE,21,Santa Fe,6,San Martín,01660,María Susana,JUNTOS POR EL CAMBIO,agrupacion,694,PROVISORIO,2023_GENERAL_santafe_presidente_mesa.csv
2023,GENERAL,2023-10-22,PRESIDENTE Y VICE,21,Santa Fe,6,San Martín,01660,María Susana,LA LIBERTAD AVANZA,agrupacion,919,PROVISORIO,2023_GENERAL_santafe_presidente_mesa.csv
2023,GENERAL,2023-10-22,PRESIDENTE Y VICE,21,Santa Fe,6,San Martín,01660,María Susana,NULO,nulos,45,PROVISORIO,2023_GENERAL_santafe_presidente_mesa.csv
2023,GENERAL,2023-10-22,PRESIDENTE Y VICE,21,Santa Fe,6,San Martín,01660,María Susana,RECURRIDO,recurridos,0,PROVISORIO,2023_GENERAL_santafe_presidente_mesa.csv
2023,GENERAL,2023-10-22,PRESIDENTE Y VICE,21,Santa Fe,6,San Martín,01660,María Susana,UNION POR LA PATRIA,agrupacion,224,PROVISORIO,2023_GENERAL_santafe_presidente_mesa.csv
2023,GENERAL,2023-10-22,PRESIDENTE Y VICE,21,Santa Fe,6,San Martín,01670,,COMANDO,comando,0,PROVISORIO,2023_GENERAL_santafe_presidente_mesa.csv
2023,GENERAL,2023-10-22,PRESIDENTE Y VICE,21,Santa Fe,6,San Martín,01670,,EN BLANCO,blancos,5,PROVISORIO,2023_GENERAL_santafe_presidente_mesa.csv
2023,GENERAL,2023-10-22,PRESIDENTE Y VICE,21,Santa Fe,6,San Martín,01670,,FRENTE DE IZQUIERDA Y DE TRABAJADORES - UNIDAD,agrupacion,6,PROVISORIO,2023_GENERAL_santafe_presidente_mesa.csv
2023,GENERAL,2023-10-22,PRESIDENTE Y VICE,21,Santa Fe,6,San Martín,01670,,HACEMOS POR NUESTRO PAIS,agrupacion,81,PROVISORIO,2023_GENERAL_santafe_presidente_mesa.csv
2023,GENERAL,2023-10-22,PRESIDENTE Y VICE,21,Santa Fe,6,San Martín,01670,,IMPUGNADO,impugnados,0,PROVISORIO,2023_GENERAL_santafe_presidente_mesa.csv
2023,GENERAL,2023-10-22,PRESIDENTE Y VICE,21,Santa Fe,6,San Martín,01670,,JUNTOS POR EL CAMBIO,agrupacion,250,PROVISORIO,2023_GENERAL_santafe_presidente_mesa.csv
2023,GENERAL,2023-10-22,PRESIDENTE Y VICE,21,Santa Fe,6,San Martín,01670,,LA LIBERTAD AVANZA,agrupacion,386,PROVISORIO,2023_GENERAL_santafe_presidente_mesa.csv
2023,GENERAL,2023-10-22,PRESIDENTE Y VICE,21,Santa Fe,6,San Martín,01670,,NULO,nulos,2,PROVISORIO,2023_GENERAL_santafe_presidente_mesa.csv
2023,GENERAL,2023-10-22,PRESIDENTE Y VICE,21,Santa Fe,6,San Martín,01670,,RECURRIDO,recurridos,0,PROVISORIO,2023_GENERAL_santafe_presidente_mesa.csv
2023,GENERAL,2023-10-22,PRESIDENTE Y VICE,21,Santa Fe,6,San Martín,01670,,UNION POR LA PATRIA,agrupacion,114,PROVISORIO,2023_GENERAL_santafe_presidente_mesa.csv
2023,GENERAL,2023-10-22,PRESIDENTE Y VICE,21,Santa Fe,6,San Martín,01680,,COMANDO,comando,0,PROVISORIO,2023_GENERAL_santafe_presidente_mesa.csv
2023,GENERAL,2023-10-22,PRESIDENTE Y VICE,21,Santa Fe,6,San Martín,01680,,EN BLANCO,blancos,0,PROVISORIO,2023_GENERAL_santafe_presidente_mesa.csv
2023,GENERAL,2023-10-22,PRESIDENTE Y VICE,21,Santa Fe,6,San Martín,01680,,FRENTE DE IZQUIERDA Y DE TRABAJADORES - UNIDAD,agrupacion,0,PROVISORIO,2023_GENERAL_santafe_presidente_mesa.csv
2023,GENERAL,2023-10-22,PRESIDENTE Y VICE,21,Santa Fe,6,San Martín,01680,,HACEMOS POR NUESTRO PAIS,agrupacion,7,PROVISORIO,2023_GENERAL_santafe_presidente_mesa.csv
2023,GENERAL,2023-10-22,PRESIDENTE Y VICE,21,Santa Fe,6,San Martín,01680,,IMPUGNADO,impugnados,0,PROVISORIO,2023_GENERAL_santafe_presidente_mesa.csv
2023,GENERAL,2023-10-22,PRESIDENTE Y VICE,21,Santa Fe,6,San Martín,01680,,JUNTOS POR EL CAMBIO,agrupacion,11,PROVISORIO,2023_GENERAL_santafe_presidente_mesa.csv
2023,GENERAL,2023-10-22,PRESIDENTE Y VICE,21,Santa Fe,6,San Martín,01680,,LA LIBERTAD AVANZA,agrupacion,22,PROVISORIO,2023_GENERAL_santafe_presidente_mesa.csv
2023,GENERAL,2023-10-22,PRESIDENTE Y VICE,21,Santa Fe,6,San Martín,01680,,NULO,nulos,2,PROVISORIO,2023_GENERAL_santafe_presidente_mesa.csv
2023,GENERAL,2023-10-22,PRESIDENTE Y VICE,21,Santa Fe,6,San Martín,01680,,RECURRIDO,recurridos,0,PROVISORIO,2023_GENERAL_santafe_presidente_mesa.csv
2023,GENERAL,2023-10-22,PRESIDENTE Y VICE,21,Santa Fe,6,San Martín,01680,,UNION POR LA PATRIA,agrupacion,16,PROVISORIO,2023_GENERAL_santafe_presidente_mesa.csv
2023,GENERAL,2023-10-22,PRESIDENTE Y VICE,21,Santa Fe,6,San Martín,01690,,COMANDO,comando,0,PROVISORIO,2023_GENERAL_santafe_presidente_mesa.csv
2023,GENERAL,2023-10-22,PRESIDENTE Y VICE,21,Santa Fe,6,San Martín,01690,,EN BLANCO,blancos,4,PROVISORIO,2023_GENERAL_santafe_presidente_mesa.csv
2023,GENERAL,2023-10-22,PRESIDENTE Y VICE,21,Santa Fe,6,San Martín,01690,,FRENTE DE IZQUIERDA Y DE TRABAJADORES - UNIDAD,agrupacion,11,PROVISORIO,2023_GENERAL_santafe_presidente_mesa.csv
2023,GENERAL,2023-10-22,PRESIDENTE Y VICE,21,Santa Fe,6,San Martín,01690,,HACEMOS POR NUESTRO PAIS,agrupacion,93,PROVISORIO,2023_GENERAL_santafe_presidente_mesa.csv
2023,GENERAL,2023-10-22,PRESIDENTE Y VICE,21,Santa Fe,6,San Martín,01690,,IMPUGNADO,impugnados,0,PROVISORIO,2023_GENERAL_santafe_presidente_mesa.csv
2023,GENERAL,2023-10-22,PRESIDENTE Y VICE,21,Santa Fe,6,San Martín,01690,,JUNTOS POR EL CAMBIO,agrupacion,146,PROVISORIO,2023_GENERAL_santafe_presidente_mesa.csv
2023,GENERAL,2023-10-22,PRESIDENTE Y VICE,21,Santa Fe,6,San Martín,01690,,LA LIBERTAD AVANZA,agrupacion,208,PROVISORIO,2023_GENERAL_santafe_presidente_mesa.csv
2023,GENERAL,2023-10-22,PRESIDENTE Y VICE,21,Santa Fe,6,San Martín,01690,,NULO,nulos,2,PROVISORIO,2023_GENERAL_santafe_presidente_mesa.csv
2023,GENERAL,2023-10-22,PRESIDENTE Y VICE,21,Santa Fe,6,San Martín,01690,,RECURRIDO,recurridos,0,PROVISORIO,2023_GENERAL_santafe_presidente_mesa.csv
2023,GENERAL,2023-10-22,PRESIDENTE Y VICE,21,Santa Fe,6,San Martín,01690,,UNION POR LA PATRIA,agrupacion,66,PROVISORIO,2023_GENERAL_santafe_presidente_mesa.csv
2023,GENERAL,2023-10-22,PRESIDENTE Y VICE,21,Santa Fe,7,San Cristóbal,01740,,COMANDO,comando,0,PROVISORIO,2023_GENERAL_santafe_presidente_mesa.csv
2023,GENERAL,2023-10-22,PRESIDENTE Y VICE,21,Santa Fe,7,San Cristóbal,01740,,EN BLANCO,blancos,1,PROVISORIO,2023_GENERAL_santafe_presidente_mesa.csv
2023,GENERAL,2023-10-22,PRESIDENTE Y VICE,21,Santa Fe,7,San Cristóbal,01740,,FRENTE DE IZQUIERDA Y DE TRABAJADORES - UNIDAD,agrupacion,1,PROVISORIO,2023_GENERAL_santafe_presidente_mesa.csv
2023,GENERAL,2023-10-22,PRESIDENTE Y VICE,21,Santa Fe,7,San Cristóbal,01740,,HACEMOS POR NUESTRO PAIS,agrupacion,27,PROVISORIO,2023_GENERAL_santafe_presidente_mesa.csv
2023,GENERAL,2023-10-22,PRESIDENTE Y VICE,21,Santa Fe,7,San Cristóbal,01740,,IMPUGNADO,impugnados,0,PROVISORIO,2023_GENERAL_santafe_presidente_mesa.csv
2023,GENERAL,2023-10-22,PRESIDENTE Y VICE,21,Santa Fe,7,San Cristóbal,01740,,JUNTOS POR EL CAMBIO,agrupacion,20,PROVISORIO,2023_GENERAL_santafe_presidente_mesa.csv
2023,GENERAL,2023-10-22,PRESIDENTE Y VICE,21,Santa Fe,7,San Cristóbal,01740,,LA LIBERTAD AVANZA,agrupacion,49,PROVISORIO,2023_GENERAL_santafe_presidente_mesa.csv
2023,GENERAL,2023-10-22,PRESIDENTE Y VICE,21,Santa Fe,7,San Cristóbal,01740,,NULO,nulos,0,PROVISORIO,2023_GENERAL_santafe_presidente_mesa.csv
2023,GENERAL,2023-10-22,PRESIDENTE Y VICE,21,Santa Fe,7,San Cristóbal,01740,,RECURRIDO,recurridos,0,PROVISORIO,2023_GENERAL_santafe_presidente_mesa.csv
2023,GENERAL,2023-10-22,PRESIDENTE Y VICE,21,Santa Fe,7,San Cristóbal,01740,,UNION POR LA PATRIA,agrupacion,9,PROVISORIO,2023_GENERAL_santafe_presidente_mesa.csv
2023,GENERAL,2023-10-22,PRESIDENTE Y VICE,21,Santa Fe,7,San Cristóbal,01750,,COMANDO,comando,0,PROVISORIO,2023_GENERAL_santafe_presidente_mesa.csv
2023,GENERAL,2023-10-22,PRESIDENTE Y VICE,21,Santa Fe,7,San Cristóbal,01750,,EN BLANCO,blancos,1,PROVISORIO,2023_GENERAL_santafe_presidente_mesa.csv
2023,GENERAL,2023-10-22,PRESIDENTE Y VICE,21,Santa Fe,7,San Cristóbal,01750,,FRENTE DE IZQUIERDA Y DE TRABAJADORES - UNIDAD,agrupacion,2,PROVISORIO,2023_GENERAL_santafe_presidente_mesa.csv
2023,GENERAL,2023-10-22,PRESIDENTE Y VICE,21,Santa Fe,7,San Cristóbal,01750,,HACEMOS POR NUESTRO PAIS,agrupacion,5,PROVISORIO,2023_GENERAL_santafe_presidente_mesa.csv
2023,GENERAL,2023-10-22,PRESIDENTE Y VICE,21,Santa Fe,7,San Cristóbal,01750,,IMPUGNADO,impugnados,0,PROVISORIO,2023_GENERAL_santafe_presidente_mesa.csv
2023,GENERAL,2023-10-22,PRESIDENTE Y VICE,21,Santa Fe,7,San Cristóbal,01750,,JUNTOS POR EL CAMBIO,agrupacion,35,PROVISORIO,2023_GENERAL_santafe_presidente_mesa.csv
2023,GENERAL,2023-10-22,PRESIDENTE Y VICE,21,Santa Fe,7,San Cristóbal,01750,,LA LIBERTAD AVANZA,agrupacion,38,PROVISORIO,2023_GENERAL_santafe_presidente_mesa.csv
2023,GENERAL,2023-10-22,PRESIDENTE Y VICE,21,Santa Fe,7,San Cristóbal,01750,,NULO,nulos,1,PROVISORIO,2023_GENERAL_santafe_presidente_mesa.csv
2023,GENERAL,2023-10-22,PRESIDENTE Y VICE,21,Santa Fe,7,San Cristóbal,01750,,RECURRIDO,recurridos,0,PROVISORIO,2023_GENERAL_santafe_presidente_mesa.csv
2023,GENERAL,2023-10-22,PRESIDENTE Y VICE,21,Santa Fe,7,San Cristóbal,01750,,UNION POR LA PATRIA,agrupacion,21,PROVISORIO,2023_GENERAL_santafe_presidente_mesa.csv
2023,GENERAL,2023-10-22,PRESIDENTE Y VICE,21,Santa Fe,7,San Cristóbal,01760,,COMANDO,comando,1,PROVISORIO,2023_GENERAL_santafe_presidente_mesa.csv
2023,GENERAL,2023-10-22,PRESIDENTE Y VICE,21,Santa Fe,7,San Cristóbal,01760,,EN BLANCO,blancos,1,PROVISORIO,2023_GENERAL_santafe_presidente_mesa.csv
2023,GENERAL,2023-10-22,PRESIDENTE Y VICE,21,Santa Fe,7,San Cristóbal,01760,,FRENTE DE IZQUIERDA Y DE TRABAJADORES - UNIDAD,agrupacion,0,PROVISORIO,2023_GENERAL_santafe_presidente_mesa.csv
2023,GENERAL,2023-10-22,PRESIDENTE Y VICE,21,Santa Fe,7,San Cristóbal,01760,,HACEMOS POR NUESTRO PAIS,agrupacion,14,PROVISORIO,2023_GENERAL_santafe_presidente_mesa.csv
2023,GENERAL,2023-10-22,PRESIDENTE Y VICE,21,Santa Fe,7,San Cristóbal,01760,,IMPUGNADO,impugnados,0,PROVISORIO,2023_GENERAL_santafe_presidente_mesa.csv
2023,GENERAL,2023-10-22,PRESIDENTE Y VICE,21,Santa Fe,7,San Cristóbal,01760,,JUNTOS POR EL CAMBIO,agrupacion,67,PROVISORIO,2023_GENERAL_santafe_presidente_mesa.csv
2023,GENERAL,2023-10-22,PRESIDENTE Y VICE,21,Santa Fe,7,San Cristóbal,01760,,LA LIBERTAD AVANZA,agrupacion,75,PROVISORIO,2023_GENERAL_santafe_presidente_mesa.csv
2023,GENERAL,2023-10-22,PRESIDENTE Y VICE,21,Santa Fe,7,San Cristóbal,01760,,NULO,nulos,2,PROVISORIO,2023_GENERAL_santafe_presidente_mesa.csv
2023,GENERAL,2023-10-22,PRESIDENTE Y VICE,21,Santa Fe,7,San Cristóbal,01760,,RECURRIDO,recurridos,0,PROVISORIO,2023_GENERAL_santafe_presidente_mesa.csv
2023,GENERAL,2023-10-22,PRESIDENTE Y VICE,21,Santa Fe,7,San Cristóbal,01760,,UNION POR LA PATRIA,agrupacion,40,PROVISORIO,2023_GENERAL_santafe_presidente_mesa.csv
2023,GENERAL,2023-10-22,PRESIDENTE Y VICE,21,Santa Fe,7,San Cristóbal,01770,,COMANDO,comando,2,PROVISORIO,2023_GENERAL_santafe_presidente_mesa.csv
2023,GENERAL,2023-10-22,PRESIDENTE Y VICE,21,Santa Fe,7,San Cristóbal,01770,,EN BLANCO,blancos,0,PROVISORIO,2023_GENERAL_santafe_presidente_mesa.csv
2023,GENERAL,2023-10-22,PRESIDENTE Y VICE,21,Santa Fe,7,San Cristóbal,01770,,FRENTE DE IZQUIERDA Y DE TRABAJADORES - UNIDAD,agrupacion,1,PROVISORIO,2023_GENERAL_santafe_presidente_mesa.csv
2023,GENERAL,2023-10-22,PRESIDENTE Y VICE,21,Santa Fe,7,San Cristóbal,01770,,HACEMOS POR NUESTRO PAIS,agrupacion,3,PROVISORIO,2023_GENERAL_santafe_presidente_mesa.csv
2023,GENERAL,2023-10-22,PRESIDENTE Y VICE,21,Santa Fe,7,San Cristóbal,01770,,IMPUGNADO,impugnados,0,PROVISORIO,2023_GENERAL_santafe_presidente_mesa.csv
2023,GENERAL,2023-10-22,PRESIDENTE Y VICE,21,Santa Fe,7,San Cristóbal,01770,,JUNTOS POR EL CAMBIO,agrupacion,24,PROVISORIO,2023_GENERAL_santafe_presidente_mesa.csv
2023,GENERAL,2023-10-22,PRESIDENTE Y VICE,21,Santa Fe,7,San Cristóbal,01770,,LA LIBERTAD AVANZA,agrupacion,20,PROVISORIO,2023_GENERAL_santafe_presidente_mesa.csv
2023,GENERAL,2023-10-22,PRESIDENTE Y VICE,21,Santa Fe,7,San Cristóbal,01770,,NULO,nulos,0,PROVISORIO,2023_GENERAL_santafe_presidente_mesa.csv
2023,GENERAL,2023-10-22,PRESIDENTE Y VICE,21,Santa Fe,7,San Cristóbal,01770,,RECURRIDO,recurridos,0,PROVISORIO,2023_GENERAL_santafe_presidente_mesa.csv
2023,GENERAL,2023-10-22,PRESIDENTE Y VICE,21,Santa Fe,7,San Cristóbal,01770,,UNION POR LA PATRIA,agrupacion,29,PROVISORIO,2023_GENERAL_santafe_presidente_mesa.csv
2023,GENERAL,2023-10-22,PRESIDENTE Y VICE,21,Santa Fe,7,San Cristóbal,01780,,COMANDO,comando,0,PROVISORIO,2023_GENERAL_santafe_presidente_mesa.csv
2023,GENERAL,2023-10-22,PRESIDENTE Y VICE,21,Santa Fe,7,San Cristóbal,01780,,EN BLANCO,blancos,85,PROVISORIO,2023_GENERAL_santafe_presidente_mesa.csv
2023,GENERAL,2023-10-22,PRESIDENTE Y VICE,21,Santa Fe,7,San Cristóbal,01780,,FRENTE DE IZQUIERDA Y DE TRABAJADORES - UNIDAD,agrupacion,131,PROVISORIO,2023_GENERAL_santafe_presidente_mesa.csv
2023,GENERAL,2023-10-22,PRESIDENTE Y VICE,21,Santa Fe,7,San Cristóbal,01780,,HACEMOS POR NUESTRO PAIS,agrupacion,905,PROVISORIO,2023_GENERAL_santafe_presidente_mesa.csv
2023,GENERAL,2023-10-22,PRESIDENTE Y VICE,21,Santa Fe,7,San Cristóbal,01780,,IMPUGNADO,impugnados,0,PROVISORIO,2023_GENERAL_santafe_presidente_mesa.csv
2023,GENERAL,2023-10-22,PRESIDENTE Y VICE,21,Santa Fe,7,San Cristóbal,01780,,JUNTOS POR EL CAMBIO,agrupacion,2804,PROVISORIO,2023_GENERAL_santafe_presidente_mesa.csv
2023,GENERAL,2023-10-22,PRESIDENTE Y VICE,21,Santa Fe,7,San Cristóbal,01780,,LA LIBERTAD AVANZA,agrupacion,3303,PROVISORIO,2023_GENERAL_santafe_presidente_mesa.csv
2023,GENERAL,2023-10-22,PRESIDENTE Y VICE,21,Santa Fe,7,San Cristóbal,01780,,NULO,nulos,83,PROVISORIO,2023_GENERAL_santafe_presidente_mesa.csv
2023,GENERAL,2023-10-22,PRESIDENTE Y VICE,21,Santa Fe,7,San Cristóbal,01780,,RECURRIDO,recurridos,0,PROVISORIO,2023_GENERAL_santafe_presidente_mesa.csv
2023,GENERAL,2023-10-22,PRESIDENTE Y VICE,21,Santa Fe,7,San Cristóbal,01780,,UNION POR LA PATRIA,agrupacion,2929,PROVISORIO,2023_GENERAL_santafe_presidente_mesa.csv
2023,GENERAL,2023-10-22,PRESIDENTE Y VICE,21,Santa Fe,7,San Cristóbal,01790,,COMANDO,comando,1,PROVISORIO,2023_GENERAL_santafe_presidente_mesa.csv
2023,GENERAL,2023-10-22,PRESIDENTE Y VICE,21,Santa Fe,7,San Cristóbal,01790,,EN BLANCO,blancos,40,PROVISORIO,2023_GENERAL_santafe_presidente_mesa.csv
2023,GENERAL,2023-10-22,PRESIDENTE Y VICE,21,Santa Fe,7,San Cristóbal,01790,,FRENTE DE IZQUIERDA Y DE TRABAJADORES - UNIDAD,agrupacion,31,PROVISORIO,2023_GENERAL_santafe_presidente_mesa.csv
2023,GENERAL,2023-10-22,PRESIDENTE Y VICE,21,Santa Fe,7,San Cristóbal,01790,,HACEMOS POR NUESTRO PAIS,agrupacion,157,PROVISORIO,2023_GENERAL_santafe_presidente_mesa.csv
2023,GENERAL,2023-10-22,PRESIDENTE Y VICE,21,Santa Fe,7,San Cristóbal,01790,,IMPUGNADO,impugnados,0,PROVISORIO,2023_GENERAL_santafe_presidente_mesa.csv
2023,GENERAL,2023-10-22,PRESIDENTE Y VICE,21,Santa Fe,7,San Cristóbal,01790,,JUNTOS POR EL CAMBIO,agrupacion,555,PROVISORIO,2023_GENERAL_santafe_presidente_mesa.csv
2023,GENERAL,2023-10-22,PRESIDENTE Y VICE,21,Santa Fe,7,San Cristóbal,01790,,LA LIBERTAD AVANZA,agrupacion,582,PROVISORIO,2023_GENERAL_santafe_presidente_mesa.csv
2023,GENERAL,2023-10-22,PRESIDENTE Y VICE,21,Santa Fe,7,San Cristóbal,01790,,NULO,nulos,19,PROVISORIO,2023_GENERAL_santafe_presidente_mesa.csv
2023,GENERAL,2023-10-22,PRESIDENTE Y VICE,21,Santa Fe,7,San Cristóbal,01790,,RECURRIDO,recurridos,0,PROVISORIO,2023_GENERAL_santafe_presidente_mesa.csv
2023,GENERAL,2023-10-22,PRESIDENTE Y VICE,21,Santa Fe,7,San Cristóbal,01790,,UNION POR LA PATRIA,agrupacion,491,PROVISORIO,2023_GENERAL_santafe_presidente_mesa.csv
2023,GENERAL,2023-10-22,PRESIDENTE Y VICE,21,Santa Fe,7,San Cristóbal,01800,,COMANDO,comando,0,PROVISORIO,2023_GENERAL_santafe_presidente_mesa.csv
2023,GENERAL,2023-10-22,PRESIDENTE Y VICE,21,Santa Fe,7,San Cristóbal,01800,,EN BLANCO,blancos,8,PROVISORIO,2023_GENERAL_santafe_presidente_mesa.csv
2023,GENERAL,2023-10-22,PRESIDENTE Y VICE,21,Santa Fe,7,San Cristóbal,01800,,FRENTE DE IZQUIERDA Y DE TRABAJADORES - UNIDAD,agrupacion,7,PROVISORIO,2023_GENERAL_santafe_presidente_mesa.csv
2023,GENERAL,2023-10-22,PRESIDENTE Y VICE,21,Santa Fe,7,San Cristóbal,01800,,HACEMOS POR NUESTRO PAIS,agrupacion,43,PROVISORIO,2023_GENERAL_santafe_presidente_mesa.csv
2023,GENERAL,2023-10-22,PRESIDENTE Y VICE,21,Santa Fe,7,San Cristóbal,01800,,IMPUGNADO,impugnados,0,PROVISORIO,2023_GENERAL_santafe_presidente_mesa.csv
2023,GENERAL,2023-10-22,PRESIDENTE Y VICE,21,Santa Fe,7,San Cristóbal,01800,,JUNTOS POR EL CAMBIO,agrupacion,191,PROVISORIO,2023_GENERAL_santafe_presidente_mesa.csv
2023,GENERAL,2023-10-22,PRESIDENTE Y VICE,21,Santa Fe,7,San Cristóbal,01800,,LA LIBERTAD AVANZA,agrupacion,298,PROVISORIO,2023_GENERAL_santafe_presidente_mesa.csv
2023,GENERAL,2023-10-22,PRESIDENTE Y VICE,21,Santa Fe,7,San Cristóbal,01800,,NULO,nulos,2,PROVISORIO,2023_GENERAL_santafe_presidente_mesa.csv
2023,GENERAL,2023-10-22,PRESIDENTE Y VICE,21,Santa Fe,7,San Cristóbal,01800,,RECURRIDO,recurridos,0,PROVISORIO,2023_GENERAL_santafe_presidente_mesa.csv
2023,GENERAL,2023-10-22,PRESIDENTE Y VICE,21,Santa Fe,7,San Cristóbal,01800,,UNION POR LA PATRIA,agrupacion,150,PROVISORIO,2023_GENERAL_santafe_presidente_mesa.csv
2023,GENERAL,2023-10-22,PRESIDENTE Y VICE,21,Santa Fe,7,San Cristóbal,01810,,COMANDO,comando,0,PROVISORIO,2023_GENERAL_santafe_presidente_mesa.csv
2023,GENERAL,2023-10-22,PRESIDENTE Y VICE,21,Santa Fe,7,San Cristóbal,01810,,EN BLANCO,blancos,6,PROVISORIO,2023_GENERAL_santafe_presidente_mesa.csv
2023,GENERAL,2023-10-22,PRESIDENTE Y VICE,21,Santa Fe,7,San Cristóbal,01810,,FRENTE DE IZQUIERDA Y DE TRABAJADORES - UNIDAD,agrupacion,9,PROVISORIO,2023_GENERAL_santafe_presidente_mesa.csv
2023,GENERAL,2023-10-22,PRESIDENTE Y VICE,21,Santa Fe,7,San Cristóbal,01810,,HACEMOS POR NUESTRO PAIS,agrupacion,34,PROVISORIO,2023_GENERAL_santafe_presidente_mesa.csv
2023,GENERAL,2023-10-22,PRESIDENTE Y VICE,21,Santa Fe,7,San Cristóbal,01810,,IMPUGNADO,impugnados,0,PROVISORIO,2023_GENERAL_santafe_presidente_mesa.csv
2023,GENERAL,2023-10-22,PRESIDENTE Y VICE,21,Santa Fe,7,San Cristóbal,01810,,JUNTOS POR EL CAMBIO,agrupacion,139,PROVISORIO,2023_GENERAL_santafe_presidente_mesa.csv
2023,GENERAL,2023-10-22,PRESIDENTE Y VICE,21,Santa Fe,7,San Cristóbal,01810,,LA LIBERTAD AVANZA,agrupacion,153,PROVISORIO,2023_GENERAL_santafe_presidente_mesa.csv
2023,GENERAL,2023-10-22,PRESIDENTE Y VICE,21,Santa Fe,7,San Cristóbal,01810,,NULO,nulos,1,PROVISORIO,2023_GENERAL_santafe_presidente_mesa.csv
2023,GENERAL,2023-10-22,PRESIDENTE Y VICE,21,Santa Fe,7,San Cristóbal,01810,,RECURRIDO,recurridos,0,PROVISORIO,2023_GENERAL_santafe_presidente_mesa.csv
2023,GENERAL,2023-10-22,PRESIDENTE Y VICE,21,Santa Fe,7,San Cristóbal,01810,,UNION POR LA PATRIA,agrupacion,81,PROVISORIO,2023_GENERAL_santafe_presidente_mesa.csv
2023,GENERAL,2023-10-22,PRESIDENTE Y VICE,21,Santa Fe,7,San Cristóbal,01815,,COMANDO,comando,0,PROVISORIO,2023_GENERAL_santafe_presidente_mesa.csv
2023,GENERAL,2023-10-22,PRESIDENTE Y VICE,21,Santa Fe,7,San Cristóbal,01815,,EN BLANCO,blancos,0,PROVISORIO,2023_GENERAL_santafe_presidente_mesa.csv
2023,GENERAL,2023-10-22,PRESIDENTE Y VICE,21,Santa Fe,7,San Cristóbal,01815,,FRENTE DE IZQUIERDA Y DE TRABAJADORES - UNIDAD,agrupacion,1,PROVISORIO,2023_GENERAL_santafe_presidente_mesa.csv
2023,GENERAL,2023-10-22,PRESIDENTE Y VICE,21,Santa Fe,7,San Cristóbal,01815,,HACEMOS POR NUESTRO PAIS,agrupacion,5,PROVISORIO,2023_GENERAL_santafe_presidente_mesa.csv
2023,GENERAL,2023-10-22,PRESIDENTE Y VICE,21,Santa Fe,7,San Cristóbal,01815,,IMPUGNADO,impugnados,0,PROVISORIO,2023_GENERAL_santafe_presidente_mesa.csv
2023,GENERAL,2023-10-22,PRESIDENTE Y VICE,21,Santa Fe,7,San Cristóbal,01815,,JUNTOS POR EL CAMBIO,agrupacion,15,PROVISORIO,2023_GENERAL_santafe_presidente_mesa.csv
2023,GENERAL,2023-10-22,PRESIDENTE Y VICE,21,Santa Fe,7,San Cristóbal,01815,,LA LIBERTAD AVANZA,agrupacion,20,PROVISORIO,2023_GENERAL_santafe_presidente_mesa.csv
2023,GENERAL,2023-10-22,PRESIDENTE Y VICE,21,Santa Fe,7,San Cristóbal,01815,,NULO,nulos,0,PROVISORIO,2023_GENERAL_santafe_presidente_mesa.csv
2023,GENERAL,2023-10-22,PRESIDENTE Y VICE,21,Santa Fe,7,San Cristóbal,01815,,RECURRIDO,recurridos,0,PROVISORIO,2023_GENERAL_santafe_presidente_mesa.csv
2023,GENERAL,2023-10-22,PRESIDENTE Y VICE,21,Santa Fe,7,San Cristóbal,01815,,UNION POR LA PATRIA,agrupacion,9,PROVISORIO,2023_GENERAL_santafe_presidente_mesa.csv
2023,GENERAL,2023-10-22,PRESIDENTE Y VICE,21,Santa Fe,7,San Cristóbal,01820,,COMANDO,comando,1,PROVISORIO,2023_GENERAL_santafe_presidente_mesa.csv
2023,GENERAL,2023-10-22,PRESIDENTE Y VICE,21,Santa Fe,7,San Cristóbal,01820,,EN BLANCO,blancos,1,PROVISORIO,2023_GENERAL_santafe_presidente_mesa.csv
2023,GENERAL,2023-10-22,PRESIDENTE Y VICE,21,Santa Fe,7,San Cristóbal,01820,,FRENTE DE IZQUIERDA Y DE TRABAJADORES - UNIDAD,agrupacion,0,PROVISORIO,2023_GENERAL_santafe_presidente_mesa.csv
2023,GENERAL,2023-10-22,PRESIDENTE Y VICE,21,Santa Fe,7,San Cristóbal,01820,,HACEMOS POR NUESTRO PAIS,agrupacion,8,PROVISORIO,2023_GENERAL_santafe_presidente_mesa.csv
2023,GENERAL,2023-10-22,PRESIDENTE Y VICE,21,Santa Fe,7,San Cristóbal,01820,,IMPUGNADO,impugnados,0,PROVISORIO,2023_GENERAL_santafe_presidente_mesa.csv
2023,GENERAL,2023-10-22,PRESIDENTE Y VICE,21,Santa Fe,7,San Cristóbal,01820,,JUNTOS POR EL CAMBIO,agrupacion,31,PROVISORIO,2023_GENERAL_santafe_presidente_mesa.csv
2023,GENERAL,2023-10-22,PRESIDENTE Y VICE,21,Santa Fe,7,San Cristóbal,01820,,LA LIBERTAD AVANZA,agrupacion,27,PROVISORIO,2023_GENERAL_santafe_presidente_mesa.csv
2023,GENERAL,2023-10-22,PRESIDENTE Y VICE,21,Santa Fe,7,San Cristóbal,01820,,NULO,nulos,1,PROVISORIO,2023_GENERAL_santafe_presidente_mesa.csv
2023,GENERAL,2023-10-22,PRESIDENTE Y VICE,21,Santa Fe,7,San Cristóbal,01820,,RECURRIDO,recurridos,0,PROVISORIO,2023_GENERAL_santafe_presidente_mesa.csv
2023,GENERAL,2023-10-22,PRESIDENTE Y VICE,21,Santa Fe,7,San Cristóbal,01820,,UNION POR LA PATRIA,agrupacion,16,PROVISORIO,2023_GENERAL_santafe_presidente_mesa.csv
2023,GENERAL,2023-10-22,PRESIDENTE Y VICE,21,Santa Fe,7,San Cristóbal,01830,,COMANDO,comando,0,PROVISORIO,2023_GENERAL_santafe_presidente_mesa.csv
2023,GENERAL,2023-10-22,PRESIDENTE Y VICE,21,Santa Fe,7,San Cristóbal,01830,,EN BLANCO,blancos,14,PROVISORIO,2023_GENERAL_santafe_presidente_mesa.csv
2023,GENERAL,2023-10-22,PRESIDENTE Y VICE,21,Santa Fe,7,San Cristóbal,01830,,FRENTE DE IZQUIERDA Y DE TRABAJADORES - UNIDAD,agrupacion,16,PROVISORIO,2023_GENERAL_santafe_presidente_mesa.csv
2023,GENERAL,2023-10-22,PRESIDENTE Y VICE,21,Santa Fe,7,San Cristóbal,01830,,HACEMOS POR NUESTRO PAIS,agrupacion,234,PROVISORIO,2023_GENERAL_santafe_presidente_mesa.csv
2023,GENERAL,2023-10-22,PRESIDENTE Y VICE,21,Santa Fe,7,San Cristóbal,01830,,IMPUGNADO,impugnados,0,PROVISORIO,2023_GENERAL_santafe_presidente_mesa.csv
2023,GENERAL,2023-10-22,PRESIDENTE Y VICE,21,Santa Fe,7,San Cristóbal,01830,,JUNTOS POR EL CAMBIO,agrupacion,547,PROVISORIO,2023_GENERAL_santafe_presidente_mesa.csv
2023,GENERAL,2023-10-22,PRESIDENTE Y VICE,21,Santa Fe,7,San Cristóbal,01830,,LA LIBERTAD AVANZA,agrupacion,854,PROVISORIO,2023_GENERAL_santafe_presidente_mesa.csv
2023,GENERAL,2023-10-22,PRESIDENTE Y VICE,21,Santa Fe,7,San Cristóbal,01830,,NULO,nulos,12,PROVISORIO,2023_GENERAL_santafe_presidente_mesa.csv
2023,GENERAL,2023-10-22,PRESIDENTE Y VICE,21,Santa Fe,7,San Cristóbal,01830,,RECURRIDO,recurridos,0,PROVISORIO,2023_GENERAL_santafe_presidente_mesa.csv
2023,GENERAL,2023-10-22,PRESIDENTE Y VICE,21,Santa Fe,7,San Cristóbal,01830,,UNION POR LA PATRIA,agrupacion,325,PROVISORIO,2023_GENERAL_santafe_presidente_mesa.csv
2023,GENERAL,2023-10-22,PRESIDENTE Y VICE,21,Santa Fe,7,San Cristóbal,01840,,COMANDO,comando,2,PROVISORIO,2023_GENERAL_santafe_presidente_mesa.csv
2023,GENERAL,2023-10-22,PRESIDENTE Y VICE,21,Santa Fe,7,San Cristóbal,01840,,EN BLANCO,blancos,7,PROVISORIO,2023_GENERAL_santafe_presidente_mesa.csv
2023,GENERAL,2023-10-22,PRESIDENTE Y VICE,21,Santa Fe,7,San Cristóbal,01840,,FRENTE DE IZQUIERDA Y DE TRABAJADORES - UNIDAD,agrupacion,12,PROVISORIO,2023_GENERAL_santafe_presidente_mesa.csv
2023,GENERAL,2023-10-22,PRESIDENTE Y VICE,21,Santa Fe,7,San Cristóbal,01840,,HACEMOS POR NUESTRO PAIS,agrupacion,151,PROVISORIO,2023_GENERAL_santafe_presidente_mesa.csv
2023,GENERAL,2023-10-22,PRESIDENTE Y VICE,21,Santa Fe,7,San Cristóbal,01840,,IMPUGNADO,impugnados,0,PROVISORIO,2023_GENERAL_santafe_presidente_mesa.csv
2023,GENERAL,2023-10-22,PRESIDENTE Y VICE,21,Santa Fe,7,San Cristóbal,01840,,JUNTOS POR EL CAMBIO,agrupacion,360,PROVISORIO,2023_GENERAL_santafe_presidente_mesa.csv
2023,GENERAL,2023-10-22,PRESIDENTE Y VICE,21,Santa Fe,7,San Cristóbal,01840,,LA LIBERTAD AVANZA,agrupacion,483,PROVISORIO,2023_GENERAL_santafe_presidente_mesa.csv
2023,GENERAL,2023-10-22,PRESIDENTE Y VICE,21,Santa Fe,7,San Cristóbal,01840,,NULO,nulos,2,PROVISORIO,2023_GENERAL_santafe_presidente_mesa.csv
2023,GENERAL,2023-10-22,PRESIDENTE Y VICE,21,Santa Fe,7,San Cristóbal,01840,,RECURRIDO,recurridos,0,PROVISORIO,2023_GENERAL_santafe_presidente_mesa.csv
2023,GENERAL,2023-10-22,PRESIDENTE Y VICE,21,Santa Fe,7,San Cristóbal,01840,,UNION POR LA PATRIA,agrupacion,332,PROVISORIO,2023_GENERAL_santafe_presidente_mesa.csv
2023,GENERAL,2023-10-22,PRESIDENTE Y VICE,21,Santa Fe,7,San Cristóbal,01850,,COMANDO,comando,7,PROVISORIO,2023_GENERAL_santafe_presidente_mesa.csv
2023,GENERAL,2023-10-22,PRESIDENTE Y VICE,21,Santa Fe,7,San Cristóbal,01850,,EN BLANCO,blancos,62,PROVISORIO,2023_GENERAL_santafe_presidente_mesa.csv
2023,GENERAL,2023-10-22,PRESIDENTE Y VICE,21,Santa Fe,7,San Cristóbal,01850,,FRENTE DE IZQUIERDA Y DE TRABAJADORES - UNIDAD,agrupacion,83,PROVISORIO,2023_GENERAL_santafe_presidente_mesa.csv
2023,GENERAL,2023-10-22,PRESIDENTE Y VICE,21,Santa Fe,7,San Cristóbal,01850,,HACEMOS POR NUESTRO PAIS,agrupacion,1287,PROVISORIO,2023_GENERAL_santafe_presidente_mesa.csv
2023,GENERAL,2023-10-22,PRESIDENTE Y VICE,21,Santa Fe,7,San Cristóbal,01850,,IMPUGNADO,impugnados,0,PROVISORIO,2023_GENERAL_santafe_presidente_mesa.csv
2023,GENERAL,2023-10-22,PRESIDENTE Y VICE,21,Santa Fe,7,San Cristóbal,01850,,JUNTOS POR EL CAMBIO,agrupacion,1937,PROVISORIO,2023_GENERAL_santafe_presidente_mesa.csv
2023,GENERAL,2023-10-22,PRESIDENTE Y VICE,21,Santa Fe,7,San Cristóbal,01850,,LA LIBERTAD AVANZA,agrupacion,2368,PROVISORIO,2023_GENERAL_santafe_presidente_mesa.csv
2023,GENERAL,2023-10-22,PRESIDENTE Y VICE,21,Santa Fe,7,San Cristóbal,01850,,NULO,nulos,96,PROVISORIO,2023_GENERAL_santafe_presidente_mesa.csv
2023,GENERAL,2023-10-22,PRESIDENTE Y VICE,21,Santa Fe,7,San Cristóbal,01850,,RECURRIDO,recurridos,0,PROVISORIO,2023_GENERAL_santafe_presidente_mesa.csv
2023,GENERAL,2023-10-22,PRESIDENTE Y VICE,21,Santa Fe,7,San Cristóbal,01850,,UNION POR LA PATRIA,agrupacion,2903,PROVISORIO,2023_GENERAL_santafe_presidente_mesa.csv
2023,GENERAL,2023-10-22,PRESIDENTE Y VICE,21,Santa Fe,7,San Cristóbal,01860,,COMANDO,comando,1,PROVISORIO,2023_GENERAL_santafe_presidente_mesa.csv
2023,GENERAL,2023-10-22,PRESIDENTE Y VICE,21,Santa Fe,7,San Cristóbal,01860,,EN BLANCO,blancos,1,PROVISORIO,2023_GENERAL_santafe_presidente_mesa.csv
2023,GENERAL,2023-10-22,PRESIDENTE Y VICE,21,Santa Fe,7,San Cristóbal,01860,,FRENTE DE IZQUIERDA Y DE TRABAJADORES - UNIDAD,agrupacion,0,PROVISORIO,2023_GENERAL_santafe_presidente_mesa.csv
2023,GENERAL,2023-10-22,PRESIDENTE Y VICE,21,Santa Fe,7,San Cristóbal,01860,,HACEMOS POR NUESTRO PAIS,agrupacion,10,PROVISORIO,2023_GENERAL_santafe_presidente_mesa.csv
2023,GENERAL,2023-10-22,PRESIDENTE Y VICE,21,Santa Fe,7,San Cristóbal,01860,,IMPUGNADO,impugnados,0,PROVISORIO,2023_GENERAL_santafe_presidente_mesa.csv
2023,GENERAL,2023-10-22,PRESIDENTE Y VICE,21,Santa Fe,7,San Cristóbal,01860,,JUNTOS POR EL CAMBIO,agrupacion,33,PROVISORIO,2023_GENERAL_santafe_presidente_mesa.csv
2023,GENERAL,2023-10-22,PRESIDENTE Y VICE,21,Santa Fe,7,San Cristóbal,01860,,LA LIBERTAD AVANZA,agrupacion,86,PROVISORIO,2023_GENERAL_santafe_presidente_mesa.csv
2023,GENERAL,2023-10-22,PRESIDENTE Y VICE,21,Santa Fe,7,San Cristóbal,01860,,NULO,nulos,0,PROVISORIO,2023_GENERAL_santafe_presidente_mesa.csv
2023,GENERAL,2023-10-22,PRESIDENTE Y VICE,21,Santa Fe,7,San Cristóbal,01860,,RECURRIDO,recurridos,0,PROVISORIO,2023_GENERAL_santafe_presidente_mesa.csv
2023,GENERAL,2023-10-22,PRESIDENTE Y VICE,21,Santa Fe,7,San Cristóbal,01860,,UNION POR LA PATRIA,agrupacion,23,PROVISORIO,2023_GENERAL_santafe_presidente_mesa.csv
2023,GENERAL,2023-10-22,PRESIDENTE Y VICE,21,Santa Fe,7,San Cristóbal,01870,,COMANDO,comando,0,PROVISORIO,2023_GENERAL_santafe_presidente_mesa.csv
2023,GENERAL,2023-10-22,PRESIDENTE Y VICE,21,Santa Fe,7,San Cristóbal,01870,,EN BLANCO,blancos,8,PROVISORIO,2023_GENERAL_santafe_presidente_mesa.csv
2023,GENERAL,2023-10-22,PRESIDENTE Y VICE,21,Santa Fe,7,San Cristóbal,01870,,FRENTE DE IZQUIERDA Y DE TRABAJADORES - UNIDAD,agrupacion,5,PROVISORIO,2023_GENERAL_santafe_presidente_mesa.csv
2023,GENERAL,2023-10-22,PRESIDENTE Y VICE,21,Santa Fe,7,San Cristóbal,01870,,HACEMOS POR NUESTRO PAIS,agrupacion,75,PROVISORIO,2023_GENERAL_santafe_presidente_mesa.csv
2023,GENERAL,2023-10-22,PRESIDENTE Y VICE,21,Santa Fe,7,San Cristóbal,01870,,IMPUGNADO,impugnados,0,PROVISORIO,2023_GENERAL_santafe_presidente_mesa.csv
2023,GENERAL,2023-10-22,PRESIDENTE Y VICE,21,Santa Fe,7,San Cristóbal,01870,,JUNTOS POR EL CAMBIO,agrupacion,111,PROVISORIO,2023_GENERAL_santafe_presidente_mesa.csv
2023,GENERAL,2023-10-22,PRESIDENTE Y VICE,21,Santa Fe,7,San Cristóbal,01870,,LA LIBERTAD AVANZA,agrupacion,281,PROVISORIO,2023_GENERAL_santafe_presidente_mesa.csv
2023,GENERAL,2023-10-22,PRESIDENTE Y VICE,21,Santa Fe,7,San Cristóbal,01870,,NULO,nulos,4,PROVISORIO,2023_GENERAL_santafe_presidente_mesa.csv
2023,GENERAL,2023-10-22,PRESIDENTE Y VICE,21,Santa Fe,7,San Cristóbal,01870,,RECURRIDO,recurridos,0,PROVISORIO,2023_GENERAL_santafe_presidente_mesa.csv
2023,GENERAL,2023-10-22,PRESIDENTE Y VICE,21,Santa Fe,7,San Cristóbal,01870,,UNION POR LA PATRIA,agrupacion,80,PROVISORIO,2023_GENERAL_santafe_presidente_mesa.csv
2023,GENERAL,2023-10-22,PRESIDENTE Y VICE,21,Santa Fe,7,San Cristóbal,01880,,COMANDO,comando,4,PROVISORIO,2023_GENERAL_santafe_presidente_mesa.csv
2023,GENERAL,2023-10-22,PRESIDENTE Y VICE,21,Santa Fe,7,San Cristóbal,01880,,EN BLANCO,blancos,21,PROVISORIO,2023_GENERAL_santafe_presidente_mesa.csv
2023,GENERAL,2023-10-22,PRESIDENTE Y VICE,21,Santa Fe,7,San Cristóbal,01880,,FRENTE DE IZQUIERDA Y DE TRABAJADORES - UNIDAD,agrupacion,62,PROVISORIO,2023_GENERAL_santafe_presidente_mesa.csv
2023,GENERAL,2023-10-22,PRESIDENTE Y VICE,21,Santa Fe,7,San Cristóbal,01880,,HACEMOS POR NUESTRO PAIS,agrupacion,1035,PROVISORIO,2023_GENERAL_santafe_presidente_mesa.csv
2023,GENERAL,2023-10-22,PRESIDENTE Y VICE,21,Santa Fe,7,San Cristóbal,01880,,IMPUGNADO,impugnados,0,PROVISORIO,2023_GENERAL_santafe_presidente_mesa.csv
2023,GENERAL,2023-10-22,PRESIDENTE Y VICE,21,Santa Fe,7,San Cristóbal,01880,,JUNTOS POR EL CAMBIO,agrupacion,1394,PROVISORIO,2023_GENERAL_santafe_presidente_mesa.csv
2023,GENERAL,2023-10-22,PRESIDENTE Y VICE,21,Santa Fe,7,San Cristóbal,01880,,LA LIBERTAD AVANZA,agrupacion,2197,PROVISORIO,2023_GENERAL_santafe_presidente_mesa.csv
2023,GENERAL,2023-10-22,PRESIDENTE Y VICE,21,Santa Fe,7,San Cristóbal,01880,,NULO,nulos,41,PROVISORIO,2023_GENERAL_santafe_presidente_mesa.csv
2023,GENERAL,2023-10-22,PRESIDENTE Y VICE,21,Santa Fe,7,San Cristóbal,01880,,RECURRIDO,recurridos,0,PROVISORIO,2023_GENERAL_santafe_presidente_mesa.csv
2023,GENERAL,2023-10-22,PRESIDENTE Y VICE,21,Santa Fe,7,San Cristóbal,01880,,UNION POR LA PATRIA,agrupacion,976,PROVISORIO,2023_GENERAL_santafe_presidente_mesa.csv
2023,GENERAL,2023-10-22,PRESIDENTE Y VICE,21,Santa Fe,7,San Cristóbal,01890,,COMANDO,comando,1,PROVISORIO,2023_GENERAL_santafe_presidente_mesa.csv
2023,GENERAL,2023-10-22,PRESIDENTE Y VICE,21,Santa Fe,7,San Cristóbal,01890,,EN BLANCO,blancos,4,PROVISORIO,2023_GENERAL_santafe_presidente_mesa.csv
2023,GENERAL,2023-10-22,PRESIDENTE Y VICE,21,Santa Fe,7,San Cristóbal,01890,,FRENTE DE IZQUIERDA Y DE TRABAJADORES - UNIDAD,agrupacion,4,PROVISORIO,2023_GENERAL_santafe_presidente_mesa.csv
2023,GENERAL,2023-10-22,PRESIDENTE Y VICE,21,Santa Fe,7,San Cristóbal,01890,,HACEMOS POR NUESTRO PAIS,agrupacion,22,PROVISORIO,2023_GENERAL_santafe_presidente_mesa.csv
2023,GENERAL,2023-10-22,PRESIDENTE Y VICE,21,Santa Fe,7,San Cristóbal,01890,,IMPUGNADO,impugnados,0,PROVISORIO,2023_GENERAL_santafe_presidente_mesa.csv
2023,GENERAL,2023-10-22,PRESIDENTE Y VICE,21,Santa Fe,7,San Cristóbal,01890,,JUNTOS POR EL CAMBIO,agrupacion,84,PROVISORIO,2023_GENERAL_santafe_presidente_mesa.csv
2023,GENERAL,2023-10-22,PRESIDENTE Y VICE,21,Santa Fe,7,San Cristóbal,01890,,LA LIBERTAD AVANZA,agrupacion,82,PROVISORIO,2023_GENERAL_santafe_presidente_mesa.csv
2023,GENERAL,2023-10-22,PRESIDENTE Y VICE,21,Santa Fe,7,San Cristóbal,01890,,NULO,nulos,0,PROVISORIO,2023_GENERAL_santafe_presidente_mesa.csv
2023,GENERAL,2023-10-22,PRESIDENTE Y VICE,21,Santa Fe,7,San Cristóbal,01890,,RECURRIDO,recurridos,0,PROVISORIO,2023_GENERAL_santafe_presidente_mesa.csv
2023,GENERAL,2023-10-22,PRESIDENTE Y VICE,21,Santa Fe,7,San Cristóbal,01890,,UNION POR LA PATRIA,agrupacion,96,PROVISORIO,2023_GENERAL_santafe_presidente_mesa.csv
2023,GENERAL,2023-10-22,PRESIDENTE Y VICE,21,Santa Fe,7,San Cristóbal,01910,,COMANDO,comando,2,PROVISORIO,2023_GENERAL_santafe_presidente_mesa.csv
2023,GENERAL,2023-10-22,PRESIDENTE Y VICE,21,Santa Fe,7,San Cristóbal,01910,,EN BLANCO,blancos,22,PROVISORIO,2023_GENERAL_santafe_presidente_mesa.csv
2023,GENERAL,2023-10-22,PRESIDENTE Y VICE,21,Santa Fe,7,San Cristóbal,01910,,FRENTE DE IZQUIERDA Y DE TRABAJADORES - UNIDAD,agrupacion,22,PROVISORIO,2023_GENERAL_santafe_presidente_mesa.csv
2023,GENERAL,2023-10-22,PRESIDENTE Y VICE,21,Santa Fe,7,San Cristóbal,01910,,HACEMOS POR NUESTRO PAIS,agrupacion,811,PROVISORIO,2023_GENERAL_santafe_presidente_mesa.csv
2023,GENERAL,2023-10-22,PRESIDENTE Y VICE,21,Santa Fe,7,San Cristóbal,01910,,IMPUGNADO,impugnados,0,PROVISORIO,2023_GENERAL_santafe_presidente_mesa.csv
2023,GENERAL,2023-10-22,PRESIDENTE Y VICE,21,Santa Fe,7,San Cristóbal,01910,,JUNTOS POR EL CAMBIO,agrupacion,1019,PROVISORIO,2023_GENERAL_santafe_presidente_mesa.csv
2023,GENERAL,2023-10-22,PRESIDENTE Y VICE,21,Santa Fe,7,San Cristóbal,01910,,LA LIBERTAD AVANZA,agrupacion,1763,PROVISORIO,2023_GENERAL_santafe_presidente_mesa.csv
2023,GENERAL,2023-10-22,PRESIDENTE Y VICE,21,Santa Fe,7,San Cristóbal,01910,,NULO,nulos,30,PROVISORIO,2023_GENERAL_santafe_presidente_mesa.csv
2023,GENERAL,2023-10-22,PRESIDENTE Y VICE,21,Santa Fe,7,San Cristóbal,01910,,RECURRIDO,recurridos,0,PROVISORIO,2023_GENERAL_santafe_presidente_mesa.csv
2023,GENERAL,2023-10-22,PRESIDENTE Y VICE,21,Santa Fe,7,San Cristóbal,01910,,UNION POR LA PATRIA,agrupacion,604,PROVISORIO,2023_GENERAL_santafe_presidente_mesa.csv
2023,GENERAL,2023-10-22,PRESIDENTE Y VICE,21,Santa Fe,7,San Cristóbal,01920,,COMANDO,comando,1,PROVISORIO,2023_GENERAL_santafe_presidente_mesa.csv
2023,GENERAL,2023-10-22,PRESIDENTE Y VICE,21,Santa Fe,7,San Cristóbal,01920,,EN BLANCO,blancos,0,PROVISORIO,2023_GENERAL_santafe_presidente_mesa.csv
2023,GENERAL,2023-10-22,PRESIDENTE Y VICE,21,Santa Fe,7,San Cristóbal,01920,,FRENTE DE IZQUIERDA Y DE TRABAJADORES - UNIDAD,agrupacion,1,PROVISORIO,2023_GENERAL_santafe_presidente_mesa.csv
2023,GENERAL,2023-10-22,PRESIDENTE Y VICE,21,Santa Fe,7,San Cristóbal,01920,,HACEMOS POR NUESTRO PAIS,agrupacion,6,PROVISORIO,2023_GENERAL_santafe_presidente_mesa.csv
2023,GENERAL,2023-10-22,PRESIDENTE Y VICE,21,Santa Fe,7,San Cristóbal,01920,,IMPUGNADO,impugnados,0,PROVISORIO,2023_GENERAL_santafe_presidente_mesa.csv
2023,GENERAL,2023-10-22,PRESIDENTE Y VICE,21,Santa Fe,7,San Cristóbal,01920,,JUNTOS POR EL CAMBIO,agrupacion,23,PROVISORIO,2023_GENERAL_santafe_presidente_mesa.csv
2023,GENERAL,2023-10-22,PRESIDENTE Y VICE,21,Santa Fe,7,San Cristóbal,01920,,LA LIBERTAD AVANZA,agrupacion,53,PROVISORIO,2023_GENERAL_santafe_presidente_mesa.csv
2023,GENERAL,2023-10-22,PRESIDENTE Y VICE,21,Santa Fe,7,San Cristóbal,01920,,NULO,nulos,2,PROVISORIO,2023_GENERAL_santafe_presidente_mesa.csv
2023,GENERAL,2023-10-22,PRESIDENTE Y VICE,21,Santa Fe,7,San Cristóbal,01920,,RECURRIDO,recurridos,0,PROVISORIO,2023_GENERAL_santafe_presidente_mesa.csv
2023,GENERAL,2023-10-22,PRESIDENTE Y VICE,21,Santa Fe,7,San Cristóbal,01920,,UNION POR LA PATRIA,agrupacion,35,PROVISORIO,2023_GENERAL_santafe_presidente_mesa.csv
2023,GENERAL,2023-10-22,PRESIDENTE Y VICE,21,Santa Fe,7,San Cristóbal,01930,,COMANDO,comando,2,PROVISORIO,2023_GENERAL_santafe_presidente_mesa.csv
2023,GENERAL,2023-10-22,PRESIDENTE Y VICE,21,Santa Fe,7,San Cristóbal,01930,,EN BLANCO,blancos,9,PROVISORIO,2023_GENERAL_santafe_presidente_mesa.csv
2023,GENERAL,2023-10-22,PRESIDENTE Y VICE,21,Santa Fe,7,San Cristóbal,01930,,FRENTE DE IZQUIERDA Y DE TRABAJADORES - UNIDAD,agrupacion,6,PROVISORIO,2023_GENERAL_santafe_presidente_mesa.csv
2023,GENERAL,2023-10-22,PRESIDENTE Y VICE,21,Santa Fe,7,San Cristóbal,01930,,HACEMOS POR NUESTRO PAIS,agrupacion,122,PROVISORIO,2023_GENERAL_santafe_presidente_mesa.csv
2023,GENERAL,2023-10-22,PRESIDENTE Y VICE,21,Santa Fe,7,San Cristóbal,01930,,IMPUGNADO,impugnados,0,PROVISORIO,2023_GENERAL_santafe_presidente_mesa.csv
2023,GENERAL,2023-10-22,PRESIDENTE Y VICE,21,Santa Fe,7,San Cristóbal,01930,,JUNTOS POR EL CAMBIO,agrupacion,423,PROVISORIO,2023_GENERAL_santafe_presidente_mesa.csv
2023,GENERAL,2023-10-22,PRESIDENTE Y VICE,21,Santa Fe,7,San Cristóbal,01930,,LA LIBERTAD AVANZA,agrupacion,427,PROVISORIO,2023_GENERAL_santafe_presidente_mesa.csv
2023,GENERAL,2023-10-22,PRESIDENTE Y VICE,21,Santa Fe,7,San Cristóbal,01930,,NULO,nulos,20,PROVISORIO,2023_GENERAL_santafe_presidente_mesa.csv
2023,GENERAL,2023-10-22,PRESIDENTE Y VICE,21,Santa Fe,7,San Cristóbal,01930,,RECURRIDO,recurridos,0,PROVISORIO,2023_GENERAL_santafe_presidente_mesa.csv
2023,GENERAL,2023-10-22,PRESIDENTE Y VICE,21,Santa Fe,7,San Cristóbal,01930,,UNION POR LA PATRIA,agrupacion,352,PROVISORIO,2023_GENERAL_santafe_presidente_mesa.csv
2023,GENERAL,2023-10-22,PRESIDENTE Y VICE,21,Santa Fe,7,San Cristóbal,01940,,COMANDO,comando,1,PROVISORIO,2023_GENERAL_santafe_presidente_mesa.csv
2023,GENERAL,2023-10-22,PRESIDENTE Y VICE,21,Santa Fe,7,San Cristóbal,01940,,EN BLANCO,blancos,4,PROVISORIO,2023_GENERAL_santafe_presidente_mesa.csv
2023,GENERAL,2023-10-22,PRESIDENTE Y VICE,21,Santa Fe,7,San Cristóbal,01940,,FRENTE DE IZQUIERDA Y DE TRABAJADORES - UNIDAD,agrupacion,0,PROVISORIO,2023_GENERAL_santafe_presidente_mesa.csv
2023,GENERAL,2023-10-22,PRESIDENTE Y VICE,21,Santa Fe,7,San Cristóbal,01940,,HACEMOS POR NUESTRO PAIS,agrupacion,27,PROVISORIO,2023_GENERAL_santafe_presidente_mesa.csv
2023,GENERAL,2023-10-22,PRESIDENTE Y VICE,21,Santa Fe,7,San Cristóbal,01940,,IMPUGNADO,impugnados,0,PROVISORIO,2023_GENERAL_santafe_presidente_mesa.csv
2023,GENERAL,2023-10-22,PRESIDENTE Y VICE,21,Santa Fe,7,San Cristóbal,01940,,JUNTOS POR EL CAMBIO,agrupacion,65,PROVISORIO,2023_GENERAL_santafe_presidente_mesa.csv
2023,GENERAL,2023-10-22,PRESIDENTE Y VICE,21,Santa Fe,7,San Cristóbal,01940,,LA LIBERTAD AVANZA,agrupacion,150,PROVISORIO,2023_GENERAL_santafe_presidente_mesa.csv
2023,GENERAL,2023-10-22,PRESIDENTE Y VICE,21,Santa Fe,7,San Cristóbal,01940,,NULO,nulos,0,PROVISORIO,2023_GENERAL_santafe_presidente_mesa.csv
2023,GENERAL,2023-10-22,PRESIDENTE Y VICE,21,Santa Fe,7,San Cristóbal,01940,,RECURRIDO,recurridos,0,PROVISORIO,2023_GENERAL_santafe_presidente_mesa.csv
2023,GENERAL,2023-10-22,PRESIDENTE Y VICE,21,Santa Fe,7,San Cristóbal,01940,,UNION POR LA PATRIA,agrupacion,55,PROVISORIO,2023_GENERAL_santafe_presidente_mesa.csv
2023,GENERAL,2023-10-22,PRESIDENTE Y VICE,21,Santa Fe,7,San Cristóbal,01950,,COMANDO,comando,0,PROVISORIO,2023_GENERAL_santafe_presidente_mesa.csv
2023,GENERAL,2023-10-22,PRESIDENTE Y VICE,21,Santa Fe,7,San Cristóbal,01950,,EN BLANCO,blancos,5,PROVISORIO,2023_GENERAL_santafe_presidente_mesa.csv
2023,GENERAL,2023-10-22,PRESIDENTE Y VICE,21,Santa Fe,7,San Cristóbal,01950,,FRENTE DE IZQUIERDA Y DE TRABAJADORES - UNIDAD,agrupacion,8,PROVISORIO,2023_GENERAL_santafe_presidente_mesa.csv
2023,GENERAL,2023-10-22,PRESIDENTE Y VICE,21,Santa Fe,7,San Cristóbal,01950,,HACEMOS POR NUESTRO PAIS,agrupacion,42,PROVISORIO,2023_GENERAL_santafe_presidente_mesa.csv
2023,GENERAL,2023-10-22,PRESIDENTE Y VICE,21,Santa Fe,7,San Cristóbal,01950,,IMPUGNADO,impugnados,0,PROVISORIO,2023_GENERAL_santafe_presidente_mesa.csv
2023,GENERAL,2023-10-22,PRESIDENTE Y VICE,21,Santa Fe,7,San Cristóbal,01950,,JUNTOS POR EL CAMBIO,agrupacion,176,PROVISORIO,2023_GENERAL_santafe_presidente_mesa.csv
2023,GENERAL,2023-10-22,PRESIDENTE Y VICE,21,Santa Fe,7,San Cristóbal,01950,,LA LIBERTAD AVANZA,agrupacion,249,PROVISORIO,2023_GENERAL_santafe_presidente_mesa.csv
2023,GENERAL,2023-10-22,PRESIDENTE Y VICE,21,Santa Fe,7,San Cristóbal,01950,,NULO,nulos,1,PROVISORIO,2023_GENERAL_santafe_presidente_mesa.csv
2023,GENERAL,2023-10-22,PRESIDENTE Y VICE,21,Santa Fe,7,San Cristóbal,01950,,RECURRIDO,recurridos,0,PROVISORIO,2023_GENERAL_santafe_presidente_mesa.csv
2023,GENERAL,2023-10-22,PRESIDENTE Y VICE,21,Santa Fe,7,San Cristóbal,01950,,UNION POR LA PATRIA,agrupacion,209,PROVISORIO,2023_GENERAL_santafe_presidente_mesa.csv
2023,GENERAL,2023-10-22,PRESIDENTE Y VICE,21,Santa Fe,7,San Cristóbal,01960,,COMANDO,comando,1,PROVISORIO,2023_GENERAL_santafe_presidente_mesa.csv
2023,GENERAL,2023-10-22,PRESIDENTE Y VICE,21,Santa Fe,7,San Cristóbal,01960,,EN BLANCO,blancos,3,PROVISORIO,2023_GENERAL_santafe_presidente_mesa.csv
2023,GENERAL,2023-10-22,PRESIDENTE Y VICE,21,Santa Fe,7,San Cristóbal,01960,,FRENTE DE IZQUIERDA Y DE TRABAJADORES - UNIDAD,agrupacion,1,PROVISORIO,2023_GENERAL_santafe_presidente_mesa.csv
2023,GENERAL,2023-10-22,PRESIDENTE Y VICE,21,Santa Fe,7,San Cristóbal,01960,,HACEMOS POR NUESTRO PAIS,agrupacion,8,PROVISORIO,2023_GENERAL_santafe_presidente_mesa.csv
2023,GENERAL,2023-10-22,PRESIDENTE Y VICE,21,Santa Fe,7,San Cristóbal,01960,,IMPUGNADO,impugnados,0,PROVISORIO,2023_GENERAL_santafe_presidente_mesa.csv
2023,GENERAL,2023-10-22,PRESIDENTE Y VICE,21,Santa Fe,7,San Cristóbal,01960,,JUNTOS POR EL CAMBIO,agrupacion,32,PROVISORIO,2023_GENERAL_santafe_presidente_mesa.csv
2023,GENERAL,2023-10-22,PRESIDENTE Y VICE,21,Santa Fe,7,San Cristóbal,01960,,LA LIBERTAD AVANZA,agrupacion,88,PROVISORIO,2023_GENERAL_santafe_presidente_mesa.csv
2023,GENERAL,2023-10-22,PRESIDENTE Y VICE,21,Santa Fe,7,San Cristóbal,01960,,NULO,nulos,0,PROVISORIO,2023_GENERAL_santafe_presidente_mesa.csv
2023,GENERAL,2023-10-22,PRESIDENTE Y VICE,21,Santa Fe,7,San Cristóbal,01960,,RECURRIDO,recurridos,0,PROVISORIO,2023_GENERAL_santafe_presidente_mesa.csv
2023,GENERAL,2023-10-22,PRESIDENTE Y VICE,21,Santa Fe,7,San Cristóbal,01960,,UNION POR LA PATRIA,agrupacion,157,PROVISORIO,2023_GENERAL_santafe_presidente_mesa.csv
2023,GENERAL,2023-10-22,PRESIDENTE Y VICE,21,Santa Fe,7,San Cristóbal,01964,,COMANDO,comando,1,PROVISORIO,2023_GENERAL_santafe_presidente_mesa.csv
2023,GENERAL,2023-10-22,PRESIDENTE Y VICE,21,Santa Fe,7,San Cristóbal,01964,,EN BLANCO,blancos,0,PROVISORIO,2023_GENERAL_santafe_presidente_mesa.csv
2023,GENERAL,2023-10-22,PRESIDENTE Y VICE,21,Santa Fe,7,San Cristóbal,01964,,FRENTE DE IZQUIERDA Y DE TRABAJADORES - UNIDAD,agrupacion,0,PROVISORIO,2023_GENERAL_santafe_presidente_mesa.csv
2023,GENERAL,2023-10-22,PRESIDENTE Y VICE,21,Santa Fe,7,San Cristóbal,01964,,HACEMOS POR NUESTRO PAIS,agrupacion,1,PROVISORIO,2023_GENERAL_santafe_presidente_mesa.csv
2023,GENERAL,2023-10-22,PRESIDENTE Y VICE,21,Santa Fe,7,San Cristóbal,01964,,IMPUGNADO,impugnados,0,PROVISORIO,2023_GENERAL_santafe_presidente_mesa.csv
2023,GENERAL,2023-10-22,PRESIDENTE Y VICE,21,Santa Fe,7,San Cristóbal,01964,,JUNTOS POR EL CAMBIO,agrupacion,6,PROVISORIO,2023_GENERAL_santafe_presidente_mesa.csv
2023,GENERAL,2023-10-22,PRESIDENTE Y VICE,21,Santa Fe,7,San Cristóbal,01964,,LA LIBERTAD AVANZA,agrupacion,1,PROVISORIO,2023_GENERAL_santafe_presidente_mesa.csv
2023,GENERAL,2023-10-22,PRESIDENTE Y VICE,21,Santa Fe,7,San Cristóbal,01964,,NULO,nulos,0,PROVISORIO,2023_GENERAL_santafe_presidente_mesa.csv
2023,GENERAL,2023-10-22,PRESIDENTE Y VICE,21,Santa Fe,7,San Cristóbal,01964,,RECURRIDO,recurridos,0,PROVISORIO,2023_GENERAL_santafe_presidente_mesa.csv
2023,GENERAL,2023-10-22,PRESIDENTE Y VICE,21,Santa Fe,7,San Cristóbal,01964,,UNION POR LA PATRIA,agrupacion,1,PROVISORIO,2023_GENERAL_santafe_presidente_mesa.csv
2023,GENERAL,2023-10-22,PRESIDENTE Y VICE,21,Santa Fe,7,San Cristóbal,01970,,COMANDO,comando,1,PROVISORIO,2023_GENERAL_santafe_presidente_mesa.csv
2023,GENERAL,2023-10-22,PRESIDENTE Y VICE,21,Santa Fe,7,San Cristóbal,01970,,EN BLANCO,blancos,0,PROVISORIO,2023_GENERAL_santafe_presidente_mesa.csv
2023,GENERAL,2023-10-22,PRESIDENTE Y VICE,21,Santa Fe,7,San Cristóbal,01970,,FRENTE DE IZQUIERDA Y DE TRABAJADORES - UNIDAD,agrupacion,0,PROVISORIO,2023_GENERAL_santafe_presidente_mesa.csv
2023,GENERAL,2023-10-22,PRESIDENTE Y VICE,21,Santa Fe,7,San Cristóbal,01970,,HACEMOS POR NUESTRO PAIS,agrupacion,39,PROVISORIO,2023_GENERAL_santafe_presidente_mesa.csv
2023,GENERAL,2023-10-22,PRESIDENTE Y VICE,21,Santa Fe,7,San Cristóbal,01970,,IMPUGNADO,impugnados,0,PROVISORIO,2023_GENERAL_santafe_presidente_mesa.csv
2023,GENERAL,2023-10-22,PRESIDENTE Y VICE,21,Santa Fe,7,San Cristóbal,01970,,JUNTOS POR EL CAMBIO,agrupacion,43,PROVISORIO,2023_GENERAL_santafe_presidente_mesa.csv
2023,GENERAL,2023-10-22,PRESIDENTE Y VICE,21,Santa Fe,7,San Cristóbal,01970,,LA LIBERTAD AVANZA,agrupacion,107,PROVISORIO,2023_GENERAL_santafe_presidente_mesa.csv
2023,GENERAL,2023-10-22,PRESIDENTE Y VICE,21,Santa Fe,7,San Cristóbal,01970,,NULO,nulos,1,PROVISORIO,2023_GENERAL_santafe_presidente_mesa.csv
2023,GENERAL,2023-10-22,PRESIDENTE Y VICE,21,Santa Fe,7,San Cristóbal,01970,,RECURRIDO,recurridos,0,PROVISORIO,2023_GENERAL_santafe_presidente_mesa.csv
2023,GENERAL,2023-10-22,PRESIDENTE Y VICE,21,Santa Fe,7,San Cristóbal,01970,,UNION POR LA PATRIA,agrupacion,30,PROVISORIO,2023_GENERAL_santafe_presidente_mesa.csv
2023,GENERAL,2023-10-22,PRESIDENTE Y VICE,21,Santa Fe,7,San Cristóbal,01980,,COMANDO,comando,1,PROVISORIO,2023_GENERAL_santafe_presidente_mesa.csv
2023,GENERAL,2023-10-22,PRESIDENTE Y VICE,21,Santa Fe,7,San Cristóbal,01980,,EN BLANCO,blancos,0,PROVISORIO,2023_GENERAL_santafe_presidente_mesa.csv
2023,GENERAL,2023-10-22,PRESIDENTE Y VICE,21,Santa Fe,7,San Cristóbal,01980,,FRENTE DE IZQUIERDA Y DE TRABAJADORES - UNIDAD,agrupacion,1,PROVISORIO,2023_GENERAL_santafe_presidente_mesa.csv
2023,GENERAL,2023-10-22,PRESIDENTE Y VICE,21,Santa Fe,7,San Cristóbal,01980,,HACEMOS POR NUESTRO PAIS,agrupacion,20,PROVISORIO,2023_GENERAL_santafe_presidente_mesa.csv
2023,GENERAL,2023-10-22,PRESIDENTE Y VICE,21,Santa Fe,7,San Cristóbal,01980,,IMPUGNADO,impugnados,0,PROVISORIO,2023_GENERAL_santafe_presidente_mesa.csv
2023,GENERAL,2023-10-22,PRESIDENTE Y VICE,21,Santa Fe,7,San Cristóbal,01980,,JUNTOS POR EL CAMBIO,agrupacion,20,PROVISORIO,2023_GENERAL_santafe_presidente_mesa.csv
2023,GENERAL,2023-10-22,PRESIDENTE Y VICE,21,Santa Fe,7,San Cristóbal,01980,,LA LIBERTAD AVANZA,agrupacion,38,PROVISORIO,2023_GENERAL_santafe_presidente_mesa.csv
2023,GENERAL,2023-10-22,PRESIDENTE Y VICE,21,Santa Fe,7,San Cristóbal,01980,,NULO,nulos,0,PROVISORIO,2023_GENERAL_santafe_presidente_mesa.csv
2023,GENERAL,2023-10-22,PRESIDENTE Y VICE,21,Santa Fe,7,San Cristóbal,01980,,RECURRIDO,recurridos,0,PROVISORIO,2023_GENERAL_santafe_presidente_mesa.csv
2023,GENERAL,2023-10-22,PRESIDENTE Y VICE,21,Santa Fe,7,San Cristóbal,01980,,UNION POR LA PATRIA,agrupacion,52,PROVISORIO,2023_GENERAL_santafe_presidente_mesa.csv
2023,GENERAL,2023-10-22,PRESIDENTE Y VICE,21,Santa Fe,7,San Cristóbal,01990,,COMANDO,comando,0,PROVISORIO,2023_GENERAL_santafe_presidente_mesa.csv
2023,GENERAL,2023-10-22,PRESIDENTE Y VICE,21,Santa Fe,7,San Cristóbal,01990,,EN BLANCO,blancos,0,PROVISORIO,2023_GENERAL_santafe_presidente_mesa.csv
2023,GENERAL,2023-10-22,PRESIDENTE Y VICE,21,Santa Fe,7,San Cristóbal,01990,,FRENTE DE IZQUIERDA Y DE TRABAJADORES - UNIDAD,agrupacion,1,PROVISORIO,2023_GENERAL_santafe_presidente_mesa.csv
2023,GENERAL,2023-10-22,PRESIDENTE Y VICE,21,Santa Fe,7,San Cristóbal,01990,,HACEMOS POR NUESTRO PAIS,agrupacion,3,PROVISORIO,2023_GENERAL_santafe_presidente_mesa.csv
2023,GENERAL,2023-10-22,PRESIDENTE Y VICE,21,Santa Fe,7,San Cristóbal,01990,,IMPUGNADO,impugnados,0,PROVISORIO,2023_GENERAL_santafe_presidente_mesa.csv
2023,GENERAL,2023-10-22,PRESIDENTE Y VICE,21,Santa Fe,7,San Cristóbal,01990,,JUNTOS POR EL CAMBIO,agrupacion,18,PROVISORIO,2023_GENERAL_santafe_presidente_mesa.csv
2023,GENERAL,2023-10-22,PRESIDENTE Y VICE,21,Santa Fe,7,San Cristóbal,01990,,LA LIBERTAD AVANZA,agrupacion,28,PROVISORIO,2023_GENERAL_santafe_presidente_mesa.csv
2023,GENERAL,2023-10-22,PRESIDENTE Y VICE,21,Santa Fe,7,San Cristóbal,01990,,NULO,nulos,0,PROVISORIO,2023_GENERAL_santafe_presidente_mesa.csv
2023,GENERAL,2023-10-22,PRESIDENTE Y VICE,21,Santa Fe,7,San Cristóbal,01990,,RECURRIDO,recurridos,0,PROVISORIO,2023_GENERAL_santafe_presidente_mesa.csv
2023,GENERAL,2023-10-22,PRESIDENTE Y VICE,21,Santa Fe,7,San Cristóbal,01990,,UNION POR LA PATRIA,agrupacion,7,PROVISORIO,2023_GENERAL_santafe_presidente_mesa.csv
2023,GENERAL,2023-10-22,PRESIDENTE Y VICE,21,Santa Fe,7,San Cristóbal,02000,,COMANDO,comando,0,PROVISORIO,2023_GENERAL_santafe_presidente_mesa.csv
2023,GENERAL,2023-10-22,PRESIDENTE Y VICE,21,Santa Fe,7,San Cristóbal,02000,,EN BLANCO,blancos,3,PROVISORIO,2023_GENERAL_santafe_presidente_mesa.csv
2023,GENERAL,2023-10-22,PRESIDENTE Y VICE,21,Santa Fe,7,San Cristóbal,02000,,FRENTE DE IZQUIERDA Y DE TRABAJADORES - UNIDAD,agrupacion,2,PROVISORIO,2023_GENERAL_santafe_presidente_mesa.csv
2023,GENERAL,2023-10-22,PRESIDENTE Y VICE,21,Santa Fe,7,San Cristóbal,02000,,HACEMOS POR NUESTRO PAIS,agrupacion,25,PROVISORIO,2023_GENERAL_santafe_presidente_mesa.csv
2023,GENERAL,2023-10-22,PRESIDENTE Y VICE,21,Santa Fe,7,San Cristóbal,02000,,IMPUGNADO,impugnados,0,PROVISORIO,2023_GENERAL_santafe_presidente_mesa.csv
2023,GENERAL,2023-10-22,PRESIDENTE Y VICE,21,Santa Fe,7,San Cristóbal,02000,,JUNTOS POR EL CAMBIO,agrupacion,82,PROVISORIO,2023_GENERAL_santafe_presidente_mesa.csv
2023,GENERAL,2023-10-22,PRESIDENTE Y VICE,21,Santa Fe,7,San Cristóbal,02000,,LA LIBERTAD AVANZA,agrupacion,97,PROVISORIO,2023_GENERAL_santafe_presidente_mesa.csv
2023,GENERAL,2023-10-22,PRESIDENTE Y VICE,21,Santa Fe,7,San Cristóbal,02000,,NULO,nulos,2,PROVISORIO,2023_GENERAL_santafe_presidente_mesa.csv
2023,GENERAL,2023-10-22,PRESIDENTE Y VICE,21,Santa Fe,7,San Cristóbal,02000,,RECURRIDO,recurridos,0,PROVISORIO,2023_GENERAL_santafe_presidente_mesa.csv
2023,GENERAL,2023-10-22,PRESIDENTE Y VICE,21,Santa Fe,7,San Cristóbal,02000,,UNION POR LA PATRIA,agrupacion,88,PROVISORIO,2023_GENERAL_santafe_presidente_mesa.csv
2023,GENERAL,2023-10-22,PRESIDENTE Y VICE,21,Santa Fe,7,San Cristóbal,02010,,COMANDO,comando,1,PROVISORIO,2023_GENERAL_santafe_presidente_mesa.csv
2023,GENERAL,2023-10-22,PRESIDENTE Y VICE,21,Santa Fe,7,San Cristóbal,02010,,EN BLANCO,blancos,8,PROVISORIO,2023_GENERAL_santafe_presidente_mesa.csv
2023,GENERAL,2023-10-22,PRESIDENTE Y VICE,21,Santa Fe,7,San Cristóbal,02010,,FRENTE DE IZQUIERDA Y DE TRABAJADORES - UNIDAD,agrupacion,5,PROVISORIO,2023_GENERAL_santafe_presidente_mesa.csv
2023,GENERAL,2023-10-22,PRESIDENTE Y VICE,21,Santa Fe,7,San Cristóbal,02010,,HACEMOS POR NUESTRO PAIS,agrupacion,24,PROVISORIO,2023_GENERAL_santafe_presidente_mesa.csv
2023,GENERAL,2023-10-22,PRESIDENTE Y VICE,21,Santa Fe,7,San Cristóbal,02010,,IMPUGNADO,impugnados,0,PROVISORIO,2023_GENERAL_santafe_presidente_mesa.csv
2023,GENERAL,2023-10-22,PRESIDENTE Y VICE,21,Santa Fe,7,San Cristóbal,02010,,JUNTOS POR EL CAMBIO,agrupacion,74,PROVISORIO,2023_GENERAL_santafe_presidente_mesa.csv
2023,GENERAL,2023-10-22,PRESIDENTE Y VICE,21,Santa Fe,7,San Cristóbal,02010,,LA LIBERTAD AVANZA,agrupacion,88,PROVISORIO,2023_GENERAL_santafe_presidente_mesa.csv
2023,GENERAL,2023-10-22,PRESIDENTE Y VICE,21,Santa Fe,7,San Cristóbal,02010,,NULO,nulos,0,PROVISORIO,2023_GENERAL_santafe_presidente_mesa.csv
2023,GENERAL,2023-10-22,PRESIDENTE Y VICE,21,Santa Fe,7,San Cristóbal,02010,,RECURRIDO,recurridos,0,PROVISORIO,2023_GENERAL_santafe_presidente_mesa.csv
2023,GENERAL,2023-10-22,PRESIDENTE Y VICE,21,Santa Fe,7,San Cristóbal,02010,,UNION POR LA PATRIA,agrupacion,51,PROVISORIO,2023_GENERAL_santafe_presidente_mesa.csv
2023,GENERAL,2023-10-22,PRESIDENTE Y VICE,21,Santa Fe,7,San Cristóbal,02020,,COMANDO,comando,1,PROVISORIO,2023_GENERAL_santafe_presidente_mesa.csv
2023,GENERAL,2023-10-22,PRESIDENTE Y VICE,21,Santa Fe,7,San Cristóbal,02020,,EN BLANCO,blancos,5,PROVISORIO,2023_GENERAL_santafe_presidente_mesa.csv
2023,GENERAL,2023-10-22,PRESIDENTE Y VICE,21,Santa Fe,7,San Cristóbal,02020,,FRENTE DE IZQUIERDA Y DE TRABAJADORES - UNIDAD,agrupacion,2,PROVISORIO,2023_GENERAL_santafe_presidente_mesa.csv
2023,GENERAL,2023-10-22,PRESIDENTE Y VICE,21,Santa Fe,7,San Cristóbal,02020,,HACEMOS POR NUESTRO PAIS,agrupacion,18,PROVISORIO,2023_GENERAL_santafe_presidente_mesa.csv
2023,GENERAL,2023-10-22,PRESIDENTE Y VICE,21,Santa Fe,7,San Cristóbal,02020,,IMPUGNADO,impugnados,0,PROVISORIO,2023_GENERAL_santafe_presidente_mesa.csv
2023,GENERAL,2023-10-22,PRESIDENTE Y VICE,21,Santa Fe,7,San Cristóbal,02020,,JUNTOS POR EL CAMBIO,agrupacion,67,PROVISORIO,2023_GENERAL_santafe_presidente_mesa.csv
2023,GENERAL,2023-10-22,PRESIDENTE Y VICE,21,Santa Fe,7,San Cristóbal,02020,,LA LIBERTAD AVANZA,agrupacion,79,PROVISORIO,2023_GENERAL_santafe_presidente_mesa.csv
2023,GENERAL,2023-10-22,PRESIDENTE Y VICE,21,Santa Fe,7,San Cristóbal,02020,,NULO,nulos,3,PROVISORIO,2023_GENERAL_santafe_presidente_mesa.csv
2023,GENERAL,2023-10-22,PRESIDENTE Y VICE,21,Santa Fe,7,San Cristóbal,02020,,RECURRIDO,recurridos,0,PROVISORIO,2023_GENERAL_santafe_presidente_mesa.csv
2023,GENERAL,2023-10-22,PRESIDENTE Y VICE,21,Santa Fe,7,San Cristóbal,02020,,UNION POR LA PATRIA,agrupacion,39,PROVISORIO,2023_GENERAL_santafe_presidente_mesa.csv
2023,GENERAL,2023-10-22,PRESIDENTE Y VICE,21,Santa Fe,7,San Cristóbal,02030,,COMANDO,comando,1,PROVISORIO,2023_GENERAL_santafe_presidente_mesa.csv
2023,GENERAL,2023-10-22,PRESIDENTE Y VICE,21,Santa Fe,7,San Cristóbal,02030,,EN BLANCO,blancos,0,PROVISORIO,2023_GENERAL_santafe_presidente_mesa.csv
2023,GENERAL,2023-10-22,PRESIDENTE Y VICE,21,Santa Fe,7,San Cristóbal,02030,,FRENTE DE IZQUIERDA Y DE TRABAJADORES - UNIDAD,agrupacion,1,PROVISORIO,2023_GENERAL_santafe_presidente_mesa.csv
2023,GENERAL,2023-10-22,PRESIDENTE Y VICE,21,Santa Fe,7,San Cristóbal,02030,,HACEMOS POR NUESTRO PAIS,agrupacion,35,PROVISORIO,2023_GENERAL_santafe_presidente_mesa.csv
2023,GENERAL,2023-10-22,PRESIDENTE Y VICE,21,Santa Fe,7,San Cristóbal,02030,,IMPUGNADO,impugnados,0,PROVISORIO,2023_GENERAL_santafe_presidente_mesa.csv
2023,GENERAL,2023-10-22,PRESIDENTE Y VICE,21,Santa Fe,7,San Cristóbal,02030,,JUNTOS POR EL CAMBIO,agrupacion,90,PROVISORIO,2023_GENERAL_santafe_presidente_mesa.csv
2023,GENERAL,2023-10-22,PRESIDENTE Y VICE,21,Santa Fe,7,San Cristóbal,02030,,LA LIBERTAD AVANZA,agrupacion,93,PROVISORIO,2023_GENERAL_santafe_presidente_mesa.csv
2023,GENERAL,2023-10-22,PRESIDENTE Y VICE,21,Santa Fe,7,San Cristóbal,02030,,NULO,nulos,1,PROVISORIO,2023_GENERAL_santafe_presidente_mesa.csv
2023,GENERAL,2023-10-22,PRESIDENTE Y VICE,21,Santa Fe,7,San Cristóbal,02030,,RECURRIDO,recurridos,0,PROVISORIO,2023_GENERAL_santafe_presidente_mesa.csv
2023,GENERAL,2023-10-22,PRESIDENTE Y VICE,21,Santa Fe,7,San Cristóbal,02030,,UNION POR LA PATRIA,agrupacion,14,PROVISORIO,2023_GENERAL_santafe_presidente_mesa.csv
2023,GENERAL,2023-10-22,PRESIDENTE Y VICE,21,Santa Fe,7,San Cristóbal,02040,,COMANDO,comando,2,PROVISORIO,2023_GENERAL_santafe_presidente_mesa.csv
2023,GENERAL,2023-10-22,PRESIDENTE Y VICE,21,Santa Fe,7,San Cristóbal,02040,,EN BLANCO,blancos,0,PROVISORIO,2023_GENERAL_santafe_presidente_mesa.csv
2023,GENERAL,2023-10-22,PRESIDENTE Y VICE,21,Santa Fe,7,San Cristóbal,02040,,FRENTE DE IZQUIERDA Y DE TRABAJADORES - UNIDAD,agrupacion,0,PROVISORIO,2023_GENERAL_santafe_presidente_mesa.csv
2023,GENERAL,2023-10-22,PRESIDENTE Y VICE,21,Santa Fe,7,San Cristóbal,02040,,HACEMOS POR NUESTRO PAIS,agrupacion,13,PROVISORIO,2023_GENERAL_santafe_presidente_mesa.csv
2023,GENERAL,2023-10-22,PRESIDENTE Y VICE,21,Santa Fe,7,San Cristóbal,02040,,IMPUGNADO,impugnados,0,PROVISORIO,2023_GENERAL_santafe_presidente_mesa.csv
2023,GENERAL,2023-10-22,PRESIDENTE Y VICE,21,Santa Fe,7,San Cristóbal,02040,,JUNTOS POR EL CAMBIO,agrupacion,18,PROVISORIO,2023_GENERAL_santafe_presidente_mesa.csv
2023,GENERAL,2023-10-22,PRESIDENTE Y VICE,21,Santa Fe,7,San Cristóbal,02040,,LA LIBERTAD AVANZA,agrupacion,47,PROVISORIO,2023_GENERAL_santafe_presidente_mesa.csv
2023,GENERAL,2023-10-22,PRESIDENTE Y VICE,21,Santa Fe,7,San Cristóbal,02040,,NULO,nulos,1,PROVISORIO,2023_GENERAL_santafe_presidente_mesa.csv
2023,GENERAL,2023-10-22,PRESIDENTE Y VICE,21,Santa Fe,7,San Cristóbal,02040,,RECURRIDO,recurridos,0,PROVISORIO,2023_GENERAL_santafe_presidente_mesa.csv
2023,GENERAL,2023-10-22,PRESIDENTE Y VICE,21,Santa Fe,7,San Cristóbal,02040,,UNION POR LA PATRIA,agrupacion,7,PROVISORIO,2023_GENERAL_santafe_presidente_mesa.csv
2023,GENERAL,2023-10-22,PRESIDENTE Y VICE,21,Santa Fe,7,San Cristóbal,02050,,COMANDO,comando,0,PROVISORIO,2023_GENERAL_santafe_presidente_mesa.csv
2023,GENERAL,2023-10-22,PRESIDENTE Y VICE,21,Santa Fe,7,San Cristóbal,02050,,EN BLANCO,blancos,6,PROVISORIO,2023_GENERAL_santafe_presidente_mesa.csv
2023,GENERAL,2023-10-22,PRESIDENTE Y VICE,21,Santa Fe,7,San Cristóbal,02050,,FRENTE DE IZQUIERDA Y DE TRABAJADORES - UNIDAD,agrupacion,1,PROVISORIO,2023_GENERAL_santafe_presidente_mesa.csv
2023,GENERAL,2023-10-22,PRESIDENTE Y VICE,21,Santa Fe,7,San Cristóbal,02050,,HACEMOS POR NUESTRO PAIS,agrupacion,12,PROVISORIO,2023_GENERAL_santafe_presidente_mesa.csv
2023,GENERAL,2023-10-22,PRESIDENTE Y VICE,21,Santa Fe,7,San Cristóbal,02050,,IMPUGNADO,impugnados,0,PROVISORIO,2023_GENERAL_santafe_presidente_mesa.csv
2023,GENERAL,2023-10-22,PRESIDENTE Y VICE,21,Santa Fe,7,San Cristóbal,02050,,JUNTOS POR EL CAMBIO,agrupacion,42,PROVISORIO,2023_GENERAL_santafe_presidente_mesa.csv
2023,GENERAL,2023-10-22,PRESIDENTE Y VICE,21,Santa Fe,7,San Cristóbal,02050,,LA LIBERTAD AVANZA,agrupacion,51,PROVISORIO,2023_GENERAL_santafe_presidente_mesa.csv
2023,GENERAL,2023-10-22,PRESIDENTE Y VICE,21,Santa Fe,7,San Cristóbal,02050,,NULO,nulos,1,PROVISORIO,2023_GENERAL_santafe_presidente_mesa.csv
2023,GENERAL,2023-10-22,PRESIDENTE Y VICE,21,Santa Fe,7,San Cristóbal,02050,,RECURRIDO,recurridos,0,PROVISORIO,2023_GENERAL_santafe_presidente_mesa.csv
2023,GENERAL,2023-10-22,PRESIDENTE Y VICE,21,Santa Fe,7,San Cristóbal,02050,,UNION POR LA PATRIA,agrupacion,38,PROVISORIO,2023_GENERAL_santafe_presidente_mesa.csv
2023,GENERAL,2023-10-22,PRESIDENTE Y VICE,21,Santa Fe,8,San Justo,02070,,COMANDO,comando,0,PROVISORIO,2023_GENERAL_santafe_presidente_mesa.csv
2023,GENERAL,2023-10-22,PRESIDENTE Y VICE,21,Santa Fe,8,San Justo,02070,,EN BLANCO,blancos,0,PROVISORIO,2023_GENERAL_santafe_presidente_mesa.csv
2023,GENERAL,2023-10-22,PRESIDENTE Y VICE,21,Santa Fe,8,San Justo,02070,,FRENTE DE IZQUIERDA Y DE TRABAJADORES - UNIDAD,agrupacion,3,PROVISORIO,2023_GENERAL_santafe_presidente_mesa.csv
2023,GENERAL,2023-10-22,PRESIDENTE Y VICE,21,Santa Fe,8,San Justo,02070,,HACEMOS POR NUESTRO PAIS,agrupacion,15,PROVISORIO,2023_GENERAL_santafe_presidente_mesa.csv
2023,GENERAL,2023-10-22,PRESIDENTE Y VICE,21,Santa Fe,8,San Justo,02070,,IMPUGNADO,impugnados,0,PROVISORIO,2023_GENERAL_santafe_presidente_mesa.csv
2023,GENERAL,2023-10-22,PRESIDENTE Y VICE,21,Santa Fe,8,San Justo,02070,,JUNTOS POR EL CAMBIO,agrupacion,54,PROVISORIO,2023_GENERAL_santafe_presidente_mesa.csv
2023,GENERAL,2023-10-22,PRESIDENTE Y VICE,21,Santa Fe,8,San Justo,02070,,LA LIBERTAD AVANZA,agrupacion,88,PROVISORIO,2023_GENERAL_santafe_presidente_mesa.csv
2023,GENERAL,2023-10-22,PRESIDENTE Y VICE,21,Santa Fe,8,San Justo,02070,,NULO,nulos,1,PROVISORIO,2023_GENERAL_santafe_presidente_mesa.csv
2023,GENERAL,2023-10-22,PRESIDENTE Y VICE,21,Santa Fe,8,San Justo,02070,,RECURRIDO,recurridos,0,PROVISORIO,2023_GENERAL_santafe_presidente_mesa.csv
2023,GENERAL,2023-10-22,PRESIDENTE Y VICE,21,Santa Fe,8,San Justo,02070,,UNION POR LA PATRIA,agrupacion,131,PROVISORIO,2023_GENERAL_santafe_presidente_mesa.csv
2023,GENERAL,2023-10-22,PRESIDENTE Y VICE,21,Santa Fe,8,San Justo,02080,,COMANDO,comando,1,PROVISORIO,2023_GENERAL_santafe_presidente_mesa.csv
2023,GENERAL,2023-10-22,PRESIDENTE Y VICE,21,Santa Fe,8,San Justo,02080,,EN BLANCO,blancos,10,PROVISORIO,2023_GENERAL_santafe_presidente_mesa.csv
2023,GENERAL,2023-10-22,PRESIDENTE Y VICE,21,Santa Fe,8,San Justo,02080,,FRENTE DE IZQUIERDA Y DE TRABAJADORES - UNIDAD,agrupacion,20,PROVISORIO,2023_GENERAL_santafe_presidente_mesa.csv
2023,GENERAL,2023-10-22,PRESIDENTE Y VICE,21,Santa Fe,8,San Justo,02080,,HACEMOS POR NUESTRO PAIS,agrupacion,183,PROVISORIO,2023_GENERAL_santafe_presidente_mesa.csv
2023,GENERAL,2023-10-22,PRESIDENTE Y VICE,21,Santa Fe,8,San Justo,02080,,IMPUGNADO,impugnados,0,PROVISORIO,2023_GENERAL_santafe_presidente_mesa.csv
2023,GENERAL,2023-10-22,PRESIDENTE Y VICE,21,Santa Fe,8,San Justo,02080,,JUNTOS POR EL CAMBIO,agrupacion,437,PROVISORIO,2023_GENERAL_santafe_presidente_mesa.csv
2023,GENERAL,2023-10-22,PRESIDENTE Y VICE,21,Santa Fe,8,San Justo,02080,,LA LIBERTAD AVANZA,agrupacion,511,PROVISORIO,2023_GENERAL_santafe_presidente_mesa.csv
2023,GENERAL,2023-10-22,PRESIDENTE Y VICE,21,Santa Fe,8,San Justo,02080,,NULO,nulos,11,PROVISORIO,2023_GENERAL_santafe_presidente_mesa.csv
2023,GENERAL,2023-10-22,PRESIDENTE Y VICE,21,Santa Fe,8,San Justo,02080,,RECURRIDO,recurridos,0,PROVISORIO,2023_GENERAL_santafe_presidente_mesa.csv
2023,GENERAL,2023-10-22,PRESIDENTE Y VICE,21,Santa Fe,8,San Justo,02080,,UNION POR LA PATRIA,agrupacion,330,PROVISORIO,2023_GENERAL_santafe_presidente_mesa.csv
2023,GENERAL,2023-10-22,PRESIDENTE Y VICE,21,Santa Fe,8,San Justo,02084,,COMANDO,comando,0,PROVISORIO,2023_GENERAL_santafe_presidente_mesa.csv
2023,GENERAL,2023-10-22,PRESIDENTE Y VICE,21,Santa Fe,8,San Justo,02084,,EN BLANCO,blancos,1,PROVISORIO,2023_GENERAL_santafe_presidente_mesa.csv
2023,GENERAL,2023-10-22,PRESIDENTE Y VICE,21,Santa Fe,8,San Justo,02084,,FRENTE DE IZQUIERDA Y DE TRABAJADORES - UNIDAD,agrupacion,0,PROVISORIO,2023_GENERAL_santafe_presidente_mesa.csv
2023,GENERAL,2023-10-22,PRESIDENTE Y VICE,21,Santa Fe,8,San Justo,02084,,HACEMOS POR NUESTRO PAIS,agrupacion,5,PROVISORIO,2023_GENERAL_santafe_presidente_mesa.csv
2023,GENERAL,2023-10-22,PRESIDENTE Y VICE,21,Santa Fe,8,San Justo,02084,,IMPUGNADO,impugnados,0,PROVISORIO,2023_GENERAL_santafe_presidente_mesa.csv
2023,GENERAL,2023-10-22,PRESIDENTE Y VICE,21,Santa Fe,8,San Justo,02084,,JUNTOS POR EL CAMBIO,agrupacion,15,PROVISORIO,2023_GENERAL_santafe_presidente_mesa.csv
2023,GENERAL,2023-10-22,PRESIDENTE Y VICE,21,Santa Fe,8,San Justo,02084,,LA LIBERTAD AVANZA,agrupacion,24,PROVISORIO,2023_GENERAL_santafe_presidente_mesa.csv
2023,GENERAL,2023-10-22,PRESIDENTE Y VICE,21,Santa Fe,8,San Justo,02084,,NULO,nulos,0,PROVISORIO,2023_GENERAL_santafe_presidente_mesa.csv
2023,GENERAL,2023-10-22,PRESIDENTE Y VICE,21,Santa Fe,8,San Justo,02084,,RECURRIDO,recurridos,0,PROVISORIO,2023_GENERAL_santafe_presidente_mesa.csv
2023,GENERAL,2023-10-22,PRESIDENTE Y VICE,21,Santa Fe,8,San Justo,02084,,UNION POR LA PATRIA,agrupacion,15,PROVISORIO,2023_GENERAL_santafe_presidente_mesa.csv
2023,GENERAL,2023-10-22,PRESIDENTE Y VICE,21,Santa Fe,8,San Justo,02086,,COMANDO,comando,0,PROVISORIO,2023_GENERAL_santafe_presidente_mesa.csv
2023,GENERAL,2023-10-22,PRESIDENTE Y VICE,21,Santa Fe,8,San Justo,02086,,EN BLANCO,blancos,4,PROVISORIO,2023_GENERAL_santafe_presidente_mesa.csv
2023,GENERAL,2023-10-22,PRESIDENTE Y VICE,21,Santa Fe,8,San Justo,02086,,FRENTE DE IZQUIERDA Y DE TRABAJADORES - UNIDAD,agrupacion,3,PROVISORIO,2023_GENERAL_santafe_presidente_mesa.csv
2023,GENERAL,2023-10-22,PRESIDENTE Y VICE,21,Santa Fe,8,San Justo,02086,,HACEMOS POR NUESTRO PAIS,agrupacion,4,PROVISORIO,2023_GENERAL_santafe_presidente_mesa.csv
2023,GENERAL,2023-10-22,PRESIDENTE Y VICE,21,Santa Fe,8,San Justo,02086,,IMPUGNADO,impugnados,0,PROVISORIO,2023_GENERAL_santafe_presidente_mesa.csv
2023,GENERAL,2023-10-22,PRESIDENTE Y VICE,21,Santa Fe,8,San Justo,02086,,JUNTOS POR EL CAMBIO,agrupacion,42,PROVISORIO,2023_GENERAL_santafe_presidente_mesa.csv
2023,GENERAL,2023-10-22,PRESIDENTE Y VICE,21,Santa Fe,8,San Justo,02086,,LA LIBERTAD AVANZA,agrupacion,66,PROVISORIO,2023_GENERAL_santafe_presidente_mesa.csv
2023,GENERAL,2023-10-22,PRESIDENTE Y VICE,21,Santa Fe,8,San Justo,02086,,NULO,nulos,0,PROVISORIO,2023_GENERAL_santafe_presidente_mesa.csv
2023,GENERAL,2023-10-22,PRESIDENTE Y VICE,21,Santa Fe,8,San Justo,02086,,RECURRIDO,recurridos,0,PROVISORIO,2023_GENERAL_santafe_presidente_mesa.csv
2023,GENERAL,2023-10-22,PRESIDENTE Y VICE,21,Santa Fe,8,San Justo,02086,,UNION POR LA PATRIA,agrupacion,22,PROVISORIO,2023_GENERAL_santafe_presidente_mesa.csv
2023,GENERAL,2023-10-22,PRESIDENTE Y VICE,21,Santa Fe,8,San Justo,02090,,COMANDO,comando,0,PROVISORIO,2023_GENERAL_santafe_presidente_mesa.csv
2023,GENERAL,2023-10-22,PRESIDENTE Y VICE,21,Santa Fe,8,San Justo,02090,,EN BLANCO,blancos,2,PROVISORIO,2023_GENERAL_santafe_presidente_mesa.csv
2023,GENERAL,2023-10-22,PRESIDENTE Y VICE,21,Santa Fe,8,San Justo,02090,,FRENTE DE IZQUIERDA Y DE TRABAJADORES - UNIDAD,agrupacion,2,PROVISORIO,2023_GENERAL_santafe_presidente_mesa.csv
2023,GENERAL,2023-10-22,PRESIDENTE Y VICE,21,Santa Fe,8,San Justo,02090,,HACEMOS POR NUESTRO PAIS,agrupacion,9,PROVISORIO,2023_GENERAL_santafe_presidente_mesa.csv
2023,GENERAL,2023-10-22,PRESIDENTE Y VICE,21,Santa Fe,8,San Justo,02090,,IMPUGNADO,impugnados,0,PROVISORIO,2023_GENERAL_santafe_presidente_mesa.csv
2023,GENERAL,2023-10-22,PRESIDENTE Y VICE,21,Santa Fe,8,San Justo,02090,,JUNTOS POR EL CAMBIO,agrupacion,54,PROVISORIO,2023_GENERAL_santafe_presidente_mesa.csv
2023,GENERAL,2023-10-22,PRESIDENTE Y VICE,21,Santa Fe,8,San Justo,02090,,LA LIBERTAD AVANZA,agrupacion,65,PROVISORIO,2023_GENERAL_santafe_presidente_mesa.csv
2023,GENERAL,2023-10-22,PRESIDENTE Y VICE,21,Santa Fe,8,San Justo,02090,,NULO,nulos,0,PROVISORIO,2023_GENERAL_santafe_presidente_mesa.csv
2023,GENERAL,2023-10-22,PRESIDENTE Y VICE,21,Santa Fe,8,San Justo,02090,,RECURRIDO,recurridos,0,PROVISORIO,2023_GENERAL_santafe_presidente_mesa.csv
2023,GENERAL,2023-10-22,PRESIDENTE Y VICE,21,Santa Fe,8,San Justo,02090,,UNION POR LA PATRIA,agrupacion,91,PROVISORIO,2023_GENERAL_santafe_presidente_mesa.csv
2023,GENERAL,2023-10-22,PRESIDENTE Y VICE,21,Santa Fe,8,San Justo,02100,,COMANDO,comando,0,PROVISORIO,2023_GENERAL_santafe_presidente_mesa.csv
2023,GENERAL,2023-10-22,PRESIDENTE Y VICE,21,Santa Fe,8,San Justo,02100,,EN BLANCO,blancos,113,PROVISORIO,2023_GENERAL_santafe_presidente_mesa.csv
2023,GENERAL,2023-10-22,PRESIDENTE Y VICE,21,Santa Fe,8,San Justo,02100,,FRENTE DE IZQUIERDA Y DE TRABAJADORES - UNIDAD,agrupacion,142,PROVISORIO,2023_GENERAL_santafe_presidente_mesa.csv
2023,GENERAL,2023-10-22,PRESIDENTE Y VICE,21,Santa Fe,8,San Justo,02100,,HACEMOS POR NUESTRO PAIS,agrupacion,1525,PROVISORIO,2023_GENERAL_santafe_presidente_mesa.csv
2023,GENERAL,2023-10-22,PRESIDENTE Y VICE,21,Santa Fe,8,San Justo,02100,,IMPUGNADO,impugnados,1,PROVISORIO,2023_GENERAL_santafe_presidente_mesa.csv
2023,GENERAL,2023-10-22,PRESIDENTE Y VICE,21,Santa Fe,8,San Justo,02100,,JUNTOS POR EL CAMBIO,agrupacion,4159,PROVISORIO,2023_GENERAL_santafe_presidente_mesa.csv
2023,GENERAL,2023-10-22,PRESIDENTE Y VICE,21,Santa Fe,8,San Justo,02100,,LA LIBERTAD AVANZA,agrupacion,5333,PROVISORIO,2023_GENERAL_santafe_presidente_mesa.csv
2023,GENERAL,2023-10-22,PRESIDENTE Y VICE,21,Santa Fe,8,San Justo,02100,,NULO,nulos,218,PROVISORIO,2023_GENERAL_santafe_presidente_mesa.csv
2023,GENERAL,2023-10-22,PRESIDENTE Y VICE,21,Santa Fe,8,San Justo,02100,,RECURRIDO,recurridos,1,PROVISORIO,2023_GENERAL_santafe_presidente_mesa.csv
2023,GENERAL,2023-10-22,PRESIDENTE Y VICE,21,Santa Fe,8,San Justo,02100,,UNION POR LA PATRIA,agrupacion,3097,PROVISORIO,2023_GENERAL_santafe_presidente_mesa.csv
2023,GENERAL,2023-10-22,PRESIDENTE Y VICE,21,Santa Fe,8,San Justo,02105,,COMANDO,comando,0,PROVISORIO,2023_GENERAL_santafe_presidente_mesa.csv
2023,GENERAL,2023-10-22,PRESIDENTE Y VICE,21,Santa Fe,8,San Justo,02105,,EN BLANCO,blancos,0,PROVISORIO,2023_GENERAL_santafe_presidente_mesa.csv
2023,GENERAL,2023-10-22,PRESIDENTE Y VICE,21,Santa Fe,8,San Justo,02105,,FRENTE DE IZQUIERDA Y DE TRABAJADORES - UNIDAD,agrupacion,2,PROVISORIO,2023_GENERAL_santafe_presidente_mesa.csv
2023,GENERAL,2023-10-22,PRESIDENTE Y VICE,21,Santa Fe,8,San Justo,02105,,HACEMOS POR NUESTRO PAIS,agrupacion,9,PROVISORIO,2023_GENERAL_santafe_presidente_mesa.csv
2023,GENERAL,2023-10-22,PRESIDENTE Y VICE,21,Santa Fe,8,San Justo,02105,,IMPUGNADO,impugnados,0,PROVISORIO,2023_GENERAL_santafe_presidente_mesa.csv
2023,GENERAL,2023-10-22,PRESIDENTE Y VICE,21,Santa Fe,8,San Justo,02105,,JUNTOS POR EL CAMBIO,agrupacion,17,PROVISORIO,2023_GENERAL_santafe_presidente_mesa.csv
2023,GENERAL,2023-10-22,PRESIDENTE Y VICE,21,Santa Fe,8,San Justo,02105,,LA LIBERTAD AVANZA,agrupacion,32,PROVISORIO,2023_GENERAL_santafe_presidente_mesa.csv
2023,GENERAL,2023-10-22,PRESIDENTE Y VICE,21,Santa Fe,8,San Justo,02105,,NULO,nulos,0,PROVISORIO,2023_GENERAL_santafe_presidente_mesa.csv
2023,GENERAL,2023-10-22,PRESIDENTE Y VICE,21,Santa Fe,8,San Justo,02105,,RECURRIDO,recurridos,0,PROVISORIO,2023_GENERAL_santafe_presidente_mesa.csv
2023,GENERAL,2023-10-22,PRESIDENTE Y VICE,21,Santa Fe,8,San Justo,02105,,UNION POR LA PATRIA,agrupacion,9,PROVISORIO,2023_GENERAL_santafe_presidente_mesa.csv
2023,GENERAL,2023-10-22,PRESIDENTE Y VICE,21,Santa Fe,8,San Justo,02110,,COMANDO,comando,0,PROVISORIO,2023_GENERAL_santafe_presidente_mesa.csv
2023,GENERAL,2023-10-22,PRESIDENTE Y VICE,21,Santa Fe,8,San Justo,02110,,EN BLANCO,blancos,4,PROVISORIO,2023_GENERAL_santafe_presidente_mesa.csv
2023,GENERAL,2023-10-22,PRESIDENTE Y VICE,21,Santa Fe,8,San Justo,02110,,FRENTE DE IZQUIERDA Y DE TRABAJADORES - UNIDAD,agrupacion,5,PROVISORIO,2023_GENERAL_santafe_presidente_mesa.csv
2023,GENERAL,2023-10-22,PRESIDENTE Y VICE,21,Santa Fe,8,San Justo,02110,,HACEMOS POR NUESTRO PAIS,agrupacion,51,PROVISORIO,2023_GENERAL_santafe_presidente_mesa.csv
2023,GENERAL,2023-10-22,PRESIDENTE Y VICE,21,Santa Fe,8,San Justo,02110,,IMPUGNADO,impugnados,0,PROVISORIO,2023_GENERAL_santafe_presidente_mesa.csv
2023,GENERAL,2023-10-22,PRESIDENTE Y VICE,21,Santa Fe,8,San Justo,02110,,JUNTOS POR EL CAMBIO,agrupacion,144,PROVISORIO,2023_GENERAL_santafe_presidente_mesa.csv
2023,GENERAL,2023-10-22,PRESIDENTE Y VICE,21,Santa Fe,8,San Justo,02110,,LA LIBERTAD AVANZA,agrupacion,175,PROVISORIO,2023_GENERAL_santafe_presidente_mesa.csv
2023,GENERAL,2023-10-22,PRESIDENTE Y VICE,21,Santa Fe,8,San Justo,02110,,NULO,nulos,6,PROVISORIO,2023_GENERAL_santafe_presidente_mesa.csv
2023,GENERAL,2023-10-22,PRESIDENTE Y VICE,21,Santa Fe,8,San Justo,02110,,RECURRIDO,recurridos,0,PROVISORIO,2023_GENERAL_santafe_presidente_mesa.csv
2023,GENERAL,2023-10-22,PRESIDENTE Y VICE,21,Santa Fe,8,San Justo,02110,,UNION POR LA PATRIA,agrupacion,93,PROVISORIO,2023_GENERAL_santafe_presidente_mesa.csv
2023,GENERAL,2023-10-22,PRESIDENTE Y VICE,21,Santa Fe,8,San Justo,02120,,COMANDO,comando,0,PROVISORIO,2023_GENERAL_santafe_presidente_mesa.csv
2023,GENERAL,2023-10-22,PRESIDENTE Y VICE,21,Santa Fe,8,San Justo,02120,,EN BLANCO,blancos,9,PROVISORIO,2023_GENERAL_santafe_presidente_mesa.csv
2023,GENERAL,2023-10-22,PRESIDENTE Y VICE,21,Santa Fe,8,San Justo,02120,,FRENTE DE IZQUIERDA Y DE TRABAJADORES - UNIDAD,agrupacion,8,PROVISORIO,2023_GENERAL_santafe_presidente_mesa.csv
2023,GENERAL,2023-10-22,PRESIDENTE Y VICE,21,Santa Fe,8,San Justo,02120,,HACEMOS POR NUESTRO PAIS,agrupacion,90,PROVISORIO,2023_GENERAL_santafe_presidente_mesa.csv
2023,GENERAL,2023-10-22,PRESIDENTE Y VICE,21,Santa Fe,8,San Justo,02120,,IMPUGNADO,impugnados,0,PROVISORIO,2023_GENERAL_santafe_presidente_mesa.csv
2023,GENERAL,2023-10-22,PRESIDENTE Y VICE,21,Santa Fe,8,San Justo,02120,,JUNTOS POR EL CAMBIO,agrupacion,298,PROVISORIO,2023_GENERAL_santafe_presidente_mesa.csv
2023,GENERAL,2023-10-22,PRESIDENTE Y VICE,21,Santa Fe,8,San Justo,02120,,LA LIBERTAD AVANZA,agrupacion,441,PROVISORIO,2023_GENERAL_santafe_presidente_mesa.csv
2023,GENERAL,2023-10-22,PRESIDENTE Y VICE,21,Santa Fe,8,San Justo,02120,,NULO,nulos,6,PROVISORIO,2023_GENERAL_santafe_presidente_mesa.csv
2023,GENERAL,2023-10-22,PRESIDENTE Y VICE,21,Santa Fe,8,San Justo,02120,,RECURRIDO,recurridos,0,PROVISORIO,2023_GENERAL_santafe_presidente_mesa.csv
2023,GENERAL,2023-10-22,PRESIDENTE Y VICE,21,Santa Fe,8,San Justo,02120,,UNION POR LA PATRIA,agrupacion,250,PROVISORIO,2023_GENERAL_santafe_presidente_mesa.csv
2023,GENERAL,2023-10-22,PRESIDENTE Y VICE,21,Santa Fe,8,San Justo,02125,,COMANDO,comando,0,PROVISORIO,2023_GENERAL_santafe_presidente_mesa.csv
2023,GENERAL,2023-10-22,PRESIDENTE Y VICE,21,Santa Fe,8,San Justo,02125,,EN BLANCO,blancos,2,PROVISORIO,2023_GENERAL_santafe_presidente_mesa.csv
2023,GENERAL,2023-10-22,PRESIDENTE Y VICE,21,Santa Fe,8,San Justo,02125,,FRENTE DE IZQUIERDA Y DE TRABAJADORES - UNIDAD,agrupacion,4,PROVISORIO,2023_GENERAL_santafe_presidente_mesa.csv
2023,GENERAL,2023-10-22,PRESIDENTE Y VICE,21,Santa Fe,8,San Justo,02125,,HACEMOS POR NUESTRO PAIS,agrupacion,16,PROVISORIO,2023_GENERAL_santafe_presidente_mesa.csv
2023,GENERAL,2023-10-22,PRESIDENTE Y VICE,21,Santa Fe,8,San Justo,02125,,IMPUGNADO,impugnados,0,PROVISORIO,2023_GENERAL_santafe_presidente_mesa.csv
2023,GENERAL,2023-10-22,PRESIDENTE Y VICE,21,Santa Fe,8,San Justo,02125,,JUNTOS POR EL CAMBIO,agrupacion,69,PROVISORIO,2023_GENERAL_santafe_presidente_mesa.csv
2023,GENERAL,2023-10-22,PRESIDENTE Y VICE,21,Santa Fe,8,San Justo,02125,,LA LIBERTAD AVANZA,agrupacion,164,PROVISORIO,2023_GENERAL_santafe_presidente_mesa.csv
2023,GENERAL,2023-10-22,PRESIDENTE Y VICE,21,Santa Fe,8,San Justo,02125,,NULO,nulos,4,PROVISORIO,2023_GENERAL_santafe_presidente_mesa.csv
2023,GENERAL,2023-10-22,PRESIDENTE Y VICE,21,Santa Fe,8,San Justo,02125,,RECURRIDO,recurridos,0,PROVISORIO,2023_GENERAL_santafe_presidente_mesa.csv
2023,GENERAL,2023-10-22,PRESIDENTE Y VICE,21,Santa Fe,8,San Justo,02125,,UNION POR LA PATRIA,agrupacion,78,PROVISORIO,2023_GENERAL_santafe_presidente_mesa.csv
2023,GENERAL,2023-10-22,PRESIDENTE Y VICE,21,Santa Fe,8,San Justo,02130,,COMANDO,comando,0,PROVISORIO,2023_GENERAL_santafe_presidente_mesa.csv
2023,GENERAL,2023-10-22,PRESIDENTE Y VICE,21,Santa Fe,8,San Justo,02130,,EN BLANCO,blancos,33,PROVISORIO,2023_GENERAL_santafe_presidente_mesa.csv
2023,GENERAL,2023-10-22,PRESIDENTE Y VICE,21,Santa Fe,8,San Justo,02130,,FRENTE DE IZQUIERDA Y DE TRABAJADORES - UNIDAD,agrupacion,26,PROVISORIO,2023_GENERAL_santafe_presidente_mesa.csv
2023,GENERAL,2023-10-22,PRESIDENTE Y VICE,21,Santa Fe,8,San Justo,02130,,HACEMOS POR NUESTRO PAIS,agrupacion,440,PROVISORIO,2023_GENERAL_santafe_presidente_mesa.csv
2023,GENERAL,2023-10-22,PRESIDENTE Y VICE,21,Santa Fe,8,San Justo,02130,,IMPUGNADO,impugnados,0,PROVISORIO,2023_GENERAL_santafe_presidente_mesa.csv
2023,GENERAL,2023-10-22,PRESIDENTE Y VICE,21,Santa Fe,8,San Justo,02130,,JUNTOS POR EL CAMBIO,agrupacion,1094,PROVISORIO,2023_GENERAL_santafe_presidente_mesa.csv
2023,GENERAL,2023-10-22,PRESIDENTE Y VICE,21,Santa Fe,8,San Justo,02130,,LA LIBERTAD AVANZA,agrupacion,1675,PROVISORIO,2023_GENERAL_santafe_presidente_mesa.csv
2023,GENERAL,2023-10-22,PRESIDENTE Y VICE,21,Santa Fe,8,San Justo,02130,,NULO,nulos,31,PROVISORIO,2023_GENERAL_santafe_presidente_mesa.csv
2023,GENERAL,2023-10-22,PRESIDENTE Y VICE,21,Santa Fe,8,San Justo,02130,,RECURRIDO,recurridos,0,PROVISORIO,2023_GENERAL_santafe_presidente_mesa.csv
2023,GENERAL,2023-10-22,PRESIDENTE Y VICE,21,Santa Fe,8,San Justo,02130,,UNION POR LA PATRIA,agrupacion,808,PROVISORIO,2023_GENERAL_santafe_presidente_mesa.csv
2023,GENERAL,2023-10-22,PRESIDENTE Y VICE,21,Santa Fe,8,San Justo,02140,,COMANDO,comando,0,PROVISORIO,2023_GENERAL_santafe_presidente_mesa.csv
2023,GENERAL,2023-10-22,PRESIDENTE Y VICE,21,Santa Fe,8,San Justo,02140,,EN BLANCO,blancos,3,PROVISORIO,2023_GENERAL_santafe_presidente_mesa.csv
2023,GENERAL,2023-10-22,PRESIDENTE Y VICE,21,Santa Fe,8,San Justo,02140,,FRENTE DE IZQUIERDA Y DE TRABAJADORES - UNIDAD,agrupacion,2,PROVISORIO,2023_GENERAL_santafe_presidente_mesa.csv
2023,GENERAL,2023-10-22,PRESIDENTE Y VICE,21,Santa Fe,8,San Justo,02140,,HACEMOS POR NUESTRO PAIS,agrupacion,41,PROVISORIO,2023_GENERAL_santafe_presidente_mesa.csv
2023,GENERAL,2023-10-22,PRESIDENTE Y VICE,21,Santa Fe,8,San Justo,02140,,IMPUGNADO,impugnados,0,PROVISORIO,2023_GENERAL_santafe_presidente_mesa.csv
2023,GENERAL,2023-10-22,PRESIDENTE Y VICE,21,Santa Fe,8,San Justo,02140,,JUNTOS POR EL CAMBIO,agrupacion,78,PROVISORIO,2023_GENERAL_santafe_presidente_mesa.csv
2023,GENERAL,2023-10-22,PRESIDENTE Y VICE,21,Santa Fe,8,San Justo,02140,,LA LIBERTAD AVANZA,agrupacion,124,PROVISORIO,2023_GENERAL_santafe_presidente_mesa.csv
2023,GENERAL,2023-10-22,PRESIDENTE Y VICE,21,Santa Fe,8,San Justo,02140,,NULO,nulos,3,PROVISORIO,2023_GENERAL_santafe_presidente_mesa.csv
2023,GENERAL,2023-10-22,PRESIDENTE Y VICE,21,Santa Fe,8,San Justo,02140,,RECURRIDO,recurridos,0,PROVISORIO,2023_GENERAL_santafe_presidente_mesa.csv
2023,GENERAL,2023-10-22,PRESIDENTE Y VICE,21,Santa Fe,8,San Justo,02140,,UNION POR LA PATRIA,agrupacion,239,PROVISORIO,2023_GENERAL_santafe_presidente_mesa.csv
2023,GENERAL,2023-10-22,PRESIDENTE Y VICE,21,Santa Fe,8,San Justo,02145,,COMANDO,comando,0,PROVISORIO,2023_GENERAL_santafe_presidente_mesa.csv
2023,GENERAL,2023-10-22,PRESIDENTE Y VICE,21,Santa Fe,8,San Justo,02145,,EN BLANCO,blancos,4,PROVISORIO,2023_GENERAL_santafe_presidente_mesa.csv
2023,GENERAL,2023-10-22,PRESIDENTE Y VICE,21,Santa Fe,8,San Justo,02145,,FRENTE DE IZQUIERDA Y DE TRABAJADORES - UNIDAD,agrupacion,7,PROVISORIO,2023_GENERAL_santafe_presidente_mesa.csv
2023,GENERAL,2023-10-22,PRESIDENTE Y VICE,21,Santa Fe,8,San Justo,02145,,HACEMOS POR NUESTRO PAIS,agrupacion,28,PROVISORIO,2023_GENERAL_santafe_presidente_mesa.csv
2023,GENERAL,2023-10-22,PRESIDENTE Y VICE,21,Santa Fe,8,San Justo,02145,,IMPUGNADO,impugnados,0,PROVISORIO,2023_GENERAL_santafe_presidente_mesa.csv
2023,GENERAL,2023-10-22,PRESIDENTE Y VICE,21,Santa Fe,8,San Justo,02145,,JUNTOS POR EL CAMBIO,agrupacion,74,PROVISORIO,2023_GENERAL_santafe_presidente_mesa.csv
2023,GENERAL,2023-10-22,PRESIDENTE Y VICE,21,Santa Fe,8,San Justo,02145,,LA LIBERTAD AVANZA,agrupacion,135,PROVISORIO,2023_GENERAL_santafe_presidente_mesa.csv
2023,GENERAL,2023-10-22,PRESIDENTE Y VICE,21,Santa Fe,8,San Justo,02145,,NULO,nulos,2,PROVISORIO,2023_GENERAL_santafe_presidente_mesa.csv
2023,GENERAL,2023-10-22,PRESIDENTE Y VICE,21,Santa Fe,8,San Justo,02145,,RECURRIDO,recurridos,0,PROVISORIO,2023_GENERAL_santafe_presidente_mesa.csv
2023,GENERAL,2023-10-22,PRESIDENTE Y VICE,21,Santa Fe,8,San Justo,02145,,UNION POR LA PATRIA,agrupacion,240,PROVISORIO,2023_GENERAL_santafe_presidente_mesa.csv
2023,GENERAL,2023-10-22,PRESIDENTE Y VICE,21,Santa Fe,8,San Justo,02150,,COMANDO,comando,0,PROVISORIO,2023_GENERAL_santafe_presidente_mesa.csv
2023,GENERAL,2023-10-22,PRESIDENTE Y VICE,21,Santa Fe,8,San Justo,02150,,EN BLANCO,blancos,4,PROVISORIO,2023_GENERAL_santafe_presidente_mesa.csv
2023,GENERAL,2023-10-22,PRESIDENTE Y VICE,21,Santa Fe,8,San Justo,02150,,FRENTE DE IZQUIERDA Y DE TRABAJADORES - UNIDAD,agrupacion,3,PROVISORIO,2023_GENERAL_santafe_presidente_mesa.csv
2023,GENERAL,2023-10-22,PRESIDENTE Y VICE,21,Santa Fe,8,San Justo,02150,,HACEMOS POR NUESTRO PAIS,agrupacion,61,PROVISORIO,2023_GENERAL_santafe_presidente_mesa.csv
2023,GENERAL,2023-10-22,PRESIDENTE Y VICE,21,Santa Fe,8,San Justo,02150,,IMPUGNADO,impugnados,0,PROVISORIO,2023_GENERAL_santafe_presidente_mesa.csv
2023,GENERAL,2023-10-22,PRESIDENTE Y VICE,21,Santa Fe,8,San Justo,02150,,JUNTOS POR EL CAMBIO,agrupacion,195,PROVISORIO,2023_GENERAL_santafe_presidente_mesa.csv
2023,GENERAL,2023-10-22,PRESIDENTE Y VICE,21,Santa Fe,8,San Justo,02150,,LA LIBERTAD AVANZA,agrupacion,236,PROVISORIO,2023_GENERAL_santafe_presidente_mesa.csv
2023,GENERAL,2023-10-22,PRESIDENTE Y VICE,21,Santa Fe,8,San Justo,02150,,NULO,nulos,8,PROVISORIO,2023_GENERAL_santafe_presidente_mesa.csv
2023,GENERAL,2023-10-22,PRESIDENTE Y VICE,21,Santa Fe,8,San Justo,02150,,RECURRIDO,recurridos,0,PROVISORIO,2023_GENERAL_santafe_presidente_mesa.csv
2023,GENERAL,2023-10-22,PRESIDENTE Y VICE,21,Santa Fe,8,San Justo,02150,,UNION POR LA PATRIA,agrupacion,310,PROVISORIO,2023_GENERAL_santafe_presidente_mesa.csv
2023,GENERAL,2023-10-22,PRESIDENTE Y VICE,21,Santa Fe,8,San Justo,02155,,COMANDO,comando,0,PROVISORIO,2023_GENERAL_santafe_presidente_mesa.csv
2023,GENERAL,2023-10-22,PRESIDENTE Y VICE,21,Santa Fe,8,San Justo,02155,,EN BLANCO,blancos,0,PROVISORIO,2023_GENERAL_santafe_presidente_mesa.csv
2023,GENERAL,2023-10-22,PRESIDENTE Y VICE,21,Santa Fe,8,San Justo,02155,,FRENTE DE IZQUIERDA Y DE TRABAJADORES - UNIDAD,agrupacion,0,PROVISORIO,2023_GENERAL_santafe_presidente_mesa.csv
2023,GENERAL,2023-10-22,PRESIDENTE Y VICE,21,Santa Fe,8,San Justo,02155,,HACEMOS POR NUESTRO PAIS,agrupacion,3,PROVISORIO,2023_GENERAL_santafe_presidente_mesa.csv
2023,GENERAL,2023-10-22,PRESIDENTE Y VICE,21,Santa Fe,8,San Justo,02155,,IMPUGNADO,impugnados,0,PROVISORIO,2023_GENERAL_santafe_presidente_mesa.csv
2023,GENERAL,2023-10-22,PRESIDENTE Y VICE,21,Santa Fe,8,San Justo,02155,,JUNTOS POR EL CAMBIO,agrupacion,24,PROVISORIO,2023_GENERAL_santafe_presidente_mesa.csv
2023,GENERAL,2023-10-22,PRESIDENTE Y VICE,21,Santa Fe,8,San Justo,02155,,LA LIBERTAD AVANZA,agrupacion,36,PROVISORIO,2023_GENERAL_santafe_presidente_mesa.csv
2023,GENERAL,2023-10-22,PRESIDENTE Y VICE,21,Santa Fe,8,San Justo,02155,,NULO,nulos,0,PROVISORIO,2023_GENERAL_santafe_presidente_mesa.csv
2023,GENERAL,2023-10-22,PRESIDENTE Y VICE,21,Santa Fe,8,San Justo,02155,,RECURRIDO,recurridos,0,PROVISORIO,2023_GENERAL_santafe_presidente_mesa.csv
2023,GENERAL,2023-10-22,PRESIDENTE Y VICE,21,Santa Fe,8,San Justo,02155,,UNION POR LA PATRIA,agrupacion,3,PROVISORIO,2023_GENERAL_santafe_presidente_mesa.csv
2023,GENERAL,2023-10-22,PRESIDENTE Y VICE,21,Santa Fe,8,San Justo,02160,,COMANDO,comando,0,PROVISORIO,2023_GENERAL_santafe_presidente_mesa.csv
2023,GENERAL,2023-10-22,PRESIDENTE Y VICE,21,Santa Fe,8,San Justo,02160,,EN BLANCO,blancos,7,PROVISORIO,2023_GENERAL_santafe_presidente_mesa.csv
2023,GENERAL,2023-10-22,PRESIDENTE Y VICE,21,Santa Fe,8,San Justo,02160,,FRENTE DE IZQUIERDA Y DE TRABAJADORES - UNIDAD,agrupacion,11,PROVISORIO,2023_GENERAL_santafe_presidente_mesa.csv
2023,GENERAL,2023-10-22,PRESIDENTE Y VICE,21,Santa Fe,8,San Justo,02160,,HACEMOS POR NUESTRO PAIS,agrupacion,156,PROVISORIO,2023_GENERAL_santafe_presidente_mesa.csv
2023,GENERAL,2023-10-22,PRESIDENTE Y VICE,21,Santa Fe,8,San Justo,02160,,IMPUGNADO,impugnados,0,PROVISORIO,2023_GENERAL_santafe_presidente_mesa.csv
2023,GENERAL,2023-10-22,PRESIDENTE Y VICE,21,Santa Fe,8,San Justo,02160,,JUNTOS POR EL CAMBIO,agrupacion,323,PROVISORIO,2023_GENERAL_santafe_presidente_mesa.csv
2023,GENERAL,2023-10-22,PRESIDENTE Y VICE,21,Santa Fe,8,San Justo,02160,,LA LIBERTAD AVANZA,agrupacion,573,PROVISORIO,2023_GENERAL_santafe_presidente_mesa.csv
2023,GENERAL,2023-10-22,PRESIDENTE Y VICE,21,Santa Fe,8,San Justo,02160,,NULO,nulos,8,PROVISORIO,2023_GENERAL_santafe_presidente_mesa.csv
2023,GENERAL,2023-10-22,PRESIDENTE Y VICE,21,Santa Fe,8,San Justo,02160,,RECURRIDO,recurridos,0,PROVISORIO,2023_GENERAL_santafe_presidente_mesa.csv
2023,GENERAL,2023-10-22,PRESIDENTE Y VICE,21,Santa Fe,8,San Justo,02160,,UNION POR LA PATRIA,agrupacion,386,PROVISORIO,2023_GENERAL_santafe_presidente_mesa.csv
2023,GENERAL,2023-10-22,PRESIDENTE Y VICE,21,Santa Fe,8,San Justo,02165,,COMANDO,comando,0,PROVISORIO,2023_GENERAL_santafe_presidente_mesa.csv
2023,GENERAL,2023-10-22,PRESIDENTE Y VICE,21,Santa Fe,8,San Justo,02165,,EN BLANCO,blancos,1,PROVISORIO,2023_GENERAL_santafe_presidente_mesa.csv
2023,GENERAL,2023-10-22,PRESIDENTE Y VICE,21,Santa Fe,8,San Justo,02165,,FRENTE DE IZQUIERDA Y DE TRABAJADORES - UNIDAD,agrupacion,1,PROVISORIO,2023_GENERAL_santafe_presidente_mesa.csv
2023,GENERAL,2023-10-22,PRESIDENTE Y VICE,21,Santa Fe,8,San Justo,02165,,HACEMOS POR NUESTRO PAIS,agrupacion,0,PROVISORIO,2023_GENERAL_santafe_presidente_mesa.csv
2023,GENERAL,2023-10-22,PRESIDENTE Y VICE,21,Santa Fe,8,San Justo,02165,,IMPUGNADO,impugnados,0,PROVISORIO,2023_GENERAL_santafe_presidente_mesa.csv
2023,GENERAL,2023-10-22,PRESIDENTE Y VICE,21,Santa Fe,8,San Justo,02165,,JUNTOS POR EL CAMBIO,agrupacion,11,PROVISORIO,2023_GENERAL_santafe_presidente_mesa.csv
2023,GENERAL,2023-10-22,PRESIDENTE Y VICE,21,Santa Fe,8,San Justo,02165,,LA LIBERTAD AVANZA,agrupacion,10,PROVISORIO,2023_GENERAL_santafe_presidente_mesa.csv
2023,GENERAL,2023-10-22,PRESIDENTE Y VICE,21,Santa Fe,8,San Justo,02165,,NULO,nulos,0,PROVISORIO,2023_GENERAL_santafe_presidente_mesa.csv
2023,GENERAL,2023-10-22,PRESIDENTE Y VICE,21,Santa Fe,8,San Justo,02165,,RECURRIDO,recurridos,0,PROVISORIO,2023_GENERAL_santafe_presidente_mesa.csv
2023,GENERAL,2023-10-22,PRESIDENTE Y VICE,21,Santa Fe,8,San Justo,02165,,UNION POR LA PATRIA,agrupacion,5,PROVISORIO,2023_GENERAL_santafe_presidente_mesa.csv
2023,GENERAL,2023-10-22,PRESIDENTE Y VICE,21,Santa Fe,8,San Justo,02170,,COMANDO,comando,0,PROVISORIO,2023_GENERAL_santafe_presidente_mesa.csv
2023,GENERAL,2023-10-22,PRESIDENTE Y VICE,21,Santa Fe,8,San Justo,02170,,EN BLANCO,blancos,2,PROVISORIO,2023_GENERAL_santafe_presidente_mesa.csv
2023,GENERAL,2023-10-22,PRESIDENTE Y VICE,21,Santa Fe,8,San Justo,02170,,FRENTE DE IZQUIERDA Y DE TRABAJADORES - UNIDAD,agrupacion,3,PROVISORIO,2023_GENERAL_santafe_presidente_mesa.csv
2023,GENERAL,2023-10-22,PRESIDENTE Y VICE,21,Santa Fe,8,San Justo,02170,,HACEMOS POR NUESTRO PAIS,agrupacion,18,PROVISORIO,2023_GENERAL_santafe_presidente_mesa.csv
2023,GENERAL,2023-10-22,PRESIDENTE Y VICE,21,Santa Fe,8,San Justo,02170,,IMPUGNADO,impugnados,0,PROVISORIO,2023_GENERAL_santafe_presidente_mesa.csv
2023,GENERAL,2023-10-22,PRESIDENTE Y VICE,21,Santa Fe,8,San Justo,02170,,JUNTOS POR EL CAMBIO,agrupacion,99,PROVISORIO,2023_GENERAL_santafe_presidente_mesa.csv
2023,GENERAL,2023-10-22,PRESIDENTE Y VICE,21,Santa Fe,8,San Justo,02170,,LA LIBERTAD AVANZA,agrupacion,101,PROVISORIO,2023_GENERAL_santafe_presidente_mesa.csv
2023,GENERAL,2023-10-22,PRESIDENTE Y VICE,21,Santa Fe,8,San Justo,02170,,NULO,nulos,3,PROVISORIO,2023_GENERAL_santafe_presidente_mesa.csv
2023,GENERAL,2023-10-22,PRESIDENTE Y VICE,21,Santa Fe,8,San Justo,02170,,RECURRIDO,recurridos,0,PROVISORIO,2023_GENERAL_santafe_presidente_mesa.csv
2023,GENERAL,2023-10-22,PRESIDENTE Y VICE,21,Santa Fe,8,San Justo,02170,,UNION POR LA PATRIA,agrupacion,39,PROVISORIO,2023_GENERAL_santafe_presidente_mesa.csv
2023,GENERAL,2023-10-22,PRESIDENTE Y VICE,21,Santa Fe,8,San Justo,02180,,COMANDO,comando,0,PROVISORIO,2023_GENERAL_santafe_presidente_mesa.csv
2023,GENERAL,2023-10-22,PRESIDENTE Y VICE,21,Santa Fe,8,San Justo,02180,,EN BLANCO,blancos,3,PROVISORIO,2023_GENERAL_santafe_presidente_mesa.csv
2023,GENERAL,2023-10-22,PRESIDENTE Y VICE,21,Santa Fe,8,San Justo,02180,,FRENTE DE IZQUIERDA Y DE TRABAJADORES - UNIDAD,agrupacion,4,PROVISORIO,2023_GENERAL_santafe_presidente_mesa.csv
2023,GENERAL,2023-10-22,PRESIDENTE Y VICE,21,Santa Fe,8,San Justo,02180,,HACEMOS POR NUESTRO PAIS,agrupacion,24,PROVISORIO,2023_GENERAL_santafe_presidente_mesa.csv
2023,GENERAL,2023-10-22,PRESIDENTE Y VICE,21,Santa Fe,8,San Justo,02180,,IMPUGNADO,impugnados,0,PROVISORIO,2023_GENERAL_santafe_presidente_mesa.csv
2023,GENERAL,2023-10-22,PRESIDENTE Y VICE,21,Santa Fe,8,San Justo,02180,,JUNTOS POR EL CAMBIO,agrupacion,151,PROVISORIO,2023_GENERAL_santafe_presidente_mesa.csv
2023,GENERAL,2023-10-22,PRESIDENTE Y VICE,21,Santa Fe,8,San Justo,02180,,LA LIBERTAD AVANZA,agrupacion,89,PROVISORIO,2023_GENERAL_santafe_presidente_mesa.csv
2023,GENERAL,2023-10-22,PRESIDENTE Y VICE,21,Santa Fe,8,San Justo,02180,,NULO,nulos,2,PROVISORIO,2023_GENERAL_santafe_presidente_mesa.csv
2023,GENERAL,2023-10-22,PRESIDENTE Y VICE,21,Santa Fe,8,San Justo,02180,,RECURRIDO,recurridos,0,PROVISORIO,2023_GENERAL_santafe_presidente_mesa.csv
2023,GENERAL,2023-10-22,PRESIDENTE Y VICE,21,Santa Fe,8,San Justo,02180,,UNION POR LA PATRIA,agrupacion,154,PROVISORIO,2023_GENERAL_santafe_presidente_mesa.csv
2023,GENERAL,2023-10-22,PRESIDENTE Y VICE,21,Santa Fe,8,San Justo,02190,,COMANDO,comando,0,PROVISORIO,2023_GENERAL_santafe_presidente_mesa.csv
2023,GENERAL,2023-10-22,PRESIDENTE Y VICE,21,Santa Fe,8,San Justo,02190,,EN BLANCO,blancos,0,PROVISORIO,2023_GENERAL_santafe_presidente_mesa.csv
2023,GENERAL,2023-10-22,PRESIDENTE Y VICE,21,Santa Fe,8,San Justo,02190,,FRENTE DE IZQUIERDA Y DE TRABAJADORES - UNIDAD,agrupacion,0,PROVISORIO,2023_GENERAL_santafe_presidente_mesa.csv
2023,GENERAL,2023-10-22,PRESIDENTE Y VICE,21,Santa Fe,8,San Justo,02190,,HACEMOS POR NUESTRO PAIS,agrupacion,2,PROVISORIO,2023_GENERAL_santafe_presidente_mesa.csv
2023,GENERAL,2023-10-22,PRESIDENTE Y VICE,21,Santa Fe,8,San Justo,02190,,IMPUGNADO,impugnados,0,PROVISORIO,2023_GENERAL_santafe_presidente_mesa.csv
2023,GENERAL,2023-10-22,PRESIDENTE Y VICE,21,Santa Fe,8,San Justo,02190,,JUNTOS POR EL CAMBIO,agrupacion,4,PROVISORIO,2023_GENERAL_santafe_presidente_mesa.csv
2023,GENERAL,2023-10-22,PRESIDENTE Y VICE,21,Santa Fe,8,San Justo,02190,,LA LIBERTAD AVANZA,agrupacion,10,PROVISORIO,2023_GENERAL_santafe_presidente_mesa.csv
2023,GENERAL,2023-10-22,PRESIDENTE Y VICE,21,Santa Fe,8,San Justo,02190,,NULO,nulos,0,PROVISORIO,2023_GENERAL_santafe_presidente_mesa.csv
2023,GENERAL,2023-10-22,PRESIDENTE Y VICE,21,Santa Fe,8,San Justo,02190,,RECURRIDO,recurridos,0,PROVISORIO,2023_GENERAL_santafe_presidente_mesa.csv
2023,GENERAL,2023-10-22,PRESIDENTE Y VICE,21,Santa Fe,8,San Justo,02190,,UNION POR LA PATRIA,agrupacion,4,PROVISORIO,2023_GENERAL_santafe_presidente_mesa.csv
2023,GENERAL,2023-10-22,PRESIDENTE Y VICE,21,Santa Fe,9,General Obligado,02200,,COMANDO,comando,2,PROVISORIO,2023_GENERAL_santafe_presidente_mesa.csv
2023,GENERAL,2023-10-22,PRESIDENTE Y VICE,21,Santa Fe,9,General Obligado,02200,,EN BLANCO,blancos,2,PROVISORIO,2023_GENERAL_santafe_presidente_mesa.csv
2023,GENERAL,2023-10-22,PRESIDENTE Y VICE,21,Santa Fe,9,General Obligado,02200,,FRENTE DE IZQUIERDA Y DE TRABAJADORES - UNIDAD,agrupacion,0,PROVISORIO,2023_GENERAL_santafe_presidente_mesa.csv
2023,GENERAL,2023-10-22,PRESIDENTE Y VICE,21,Santa Fe,9,General Obligado,02200,,HACEMOS POR NUESTRO PAIS,agrupacion,17,PROVISORIO,2023_GENERAL_santafe_presidente_mesa.csv
2023,GENERAL,2023-10-22,PRESIDENTE Y VICE,21,Santa Fe,9,General Obligado,02200,,IMPUGNADO,impugnados,0,PROVISORIO,2023_GENERAL_santafe_presidente_mesa.csv
2023,GENERAL,2023-10-22,PRESIDENTE Y VICE,21,Santa Fe,9,General Obligado,02200,,JUNTOS POR EL CAMBIO,agrupacion,38,PROVISORIO,2023_GENERAL_santafe_presidente_mesa.csv
2023,GENERAL,2023-10-22,PRESIDENTE Y VICE,21,Santa Fe,9,General Obligado,02200,,LA LIBERTAD AVANZA,agrupacion,66,PROVISORIO,2023_GENERAL_santafe_presidente_mesa.csv
2023,GENERAL,2023-10-22,PRESIDENTE Y VICE,21,Santa Fe,9,General Obligado,02200,,NULO,nulos,2,PROVISORIO,2023_GENERAL_santafe_presidente_mesa.csv
2023,GENERAL,2023-10-22,PRESIDENTE Y VICE,21,Santa Fe,9,General Obligado,02200,,RECURRIDO,recurridos,0,PROVISORIO,2023_GENERAL_santafe_presidente_mesa.csv
2023,GENERAL,2023-10-22,PRESIDENTE Y VICE,21,Santa Fe,9,General Obligado,02200,,UNION POR LA PATRIA,agrupacion,157,PROVISORIO,2023_GENERAL_santafe_presidente_mesa.csv
2023,GENERAL,2023-10-22,PRESIDENTE Y VICE,21,Santa Fe,9,General Obligado,02210,,COMANDO,comando,6,PROVISORIO,2023_GENERAL_santafe_presidente_mesa.csv
2023,GENERAL,2023-10-22,PRESIDENTE Y VICE,21,Santa Fe,9,General Obligado,02210,,EN BLANCO,blancos,32,PROVISORIO,2023_GENERAL_santafe_presidente_mesa.csv
2023,GENERAL,2023-10-22,PRESIDENTE Y VICE,21,Santa Fe,9,General Obligado,02210,,FRENTE DE IZQUIERDA Y DE TRABAJADORES - UNIDAD,agrupacion,47,PROVISORIO,2023_GENERAL_santafe_presidente_mesa.csv
2023,GENERAL,2023-10-22,PRESIDENTE Y VICE,21,Santa Fe,9,General Obligado,02210,,HACEMOS POR NUESTRO PAIS,agrupacion,363,PROVISORIO,2023_GENERAL_santafe_presidente_mesa.csv
2023,GENERAL,2023-10-22,PRESIDENTE Y VICE,21,Santa Fe,9,General Obligado,02210,,IMPUGNADO,impugnados,0,PROVISORIO,2023_GENERAL_santafe_presidente_mesa.csv
2023,GENERAL,2023-10-22,PRESIDENTE Y VICE,21,Santa Fe,9,General Obligado,02210,,JUNTOS POR EL CAMBIO,agrupacion,1607,PROVISORIO,2023_GENERAL_santafe_presidente_mesa.csv
2023,GENERAL,2023-10-22,PRESIDENTE Y VICE,21,Santa Fe,9,General Obligado,02210,,LA LIBERTAD AVANZA,agrupacion,1947,PROVISORIO,2023_GENERAL_santafe_presidente_mesa.csv
2023,GENERAL,2023-10-22,PRESIDENTE Y VICE,21,Santa Fe,9,General Obligado,02210,,NULO,nulos,48,PROVISORIO,2023_GENERAL_santafe_presidente_mesa.csv
2023,GENERAL,2023-10-22,PRESIDENTE Y VICE,21,Santa Fe,9,General Obligado,02210,,RECURRIDO,recurridos,0,PROVISORIO,2023_GENERAL_santafe_presidente_mesa.csv
2023,GENERAL,2023-10-22,PRESIDENTE Y VICE,21,Santa Fe,9,General Obligado,02210,,UNION POR LA PATRIA,agrupacion,1403,PROVISORIO,2023_GENERAL_santafe_presidente_mesa.csv
2023,GENERAL,2023-10-22,PRESIDENTE Y VICE,21,Santa Fe,9,General Obligado,02215,,COMANDO,comando,0,PROVISORIO,2023_GENERAL_santafe_presidente_mesa.csv
2023,GENERAL,2023-10-22,PRESIDENTE Y VICE,21,Santa Fe,9,General Obligado,02215,,EN BLANCO,blancos,0,PROVISORIO,2023_GENERAL_santafe_presidente_mesa.csv
2023,GENERAL,2023-10-22,PRESIDENTE Y VICE,21,Santa Fe,9,General Obligado,02215,,FRENTE DE IZQUIERDA Y DE TRABAJADORES - UNIDAD,agrupacion,0,PROVISORIO,2023_GENERAL_santafe_presidente_mesa.csv
2023,GENERAL,2023-10-22,PRESIDENTE Y VICE,21,Santa Fe,9,General Obligado,02215,,HACEMOS POR NUESTRO PAIS,agrupacion,3,PROVISORIO,2023_GENERAL_santafe_presidente_mesa.csv
2023,GENERAL,2023-10-22,PRESIDENTE Y VICE,21,Santa Fe,9,General Obligado,02215,,IMPUGNADO,impugnados,0,PROVISORIO,2023_GENERAL_santafe_presidente_mesa.csv
2023,GENERAL,2023-10-22,PRESIDENTE Y VICE,21,Santa Fe,9,General Obligado,02215,,JUNTOS POR EL CAMBIO,agrupacion,8,PROVISORIO,2023_GENERAL_santafe_presidente_mesa.csv
2023,GENERAL,2023-10-22,PRESIDENTE Y VICE,21,Santa Fe,9,General Obligado,02215,,LA LIBERTAD AVANZA,agrupacion,20,PROVISORIO,2023_GENERAL_santafe_presidente_mesa.csv
2023,GENERAL,2023-10-22,PRESIDENTE Y VICE,21,Santa Fe,9,General Obligado,02215,,NULO,nulos,0,PROVISORIO,2023_GENERAL_santafe_presidente_mesa.csv
2023,GENERAL,2023-10-22,PRESIDENTE Y VICE,21,Santa Fe,9,General Obligado,02215,,RECURRIDO,recurridos,0,PROVISORIO,2023_GENERAL_santafe_presidente_mesa.csv
2023,GENERAL,2023-10-22,PRESIDENTE Y VICE,21,Santa Fe,9,General Obligado,02215,,UNION POR LA PATRIA,agrupacion,5,PROVISORIO,2023_GENERAL_santafe_presidente_mesa.csv
2023,GENERAL,2023-10-22,PRESIDENTE Y VICE,21,Santa Fe,9,General Obligado,02220,,COMANDO,comando,2,PROVISORIO,2023_GENERAL_santafe_presidente_mesa.csv
2023,GENERAL,2023-10-22,PRESIDENTE Y VICE,21,Santa Fe,9,General Obligado,02220,,EN BLANCO,blancos,6,PROVISORIO,2023_GENERAL_santafe_presidente_mesa.csv
2023,GENERAL,2023-10-22,PRESIDENTE Y VICE,21,Santa Fe,9,General Obligado,02220,,FRENTE DE IZQUIERDA Y DE TRABAJADORES - UNIDAD,agrupacion,4,PROVISORIO,2023_GENERAL_santafe_presidente_mesa.csv
2023,GENERAL,2023-10-22,PRESIDENTE Y VICE,21,Santa Fe,9,General Obligado,02220,,HACEMOS POR NUESTRO PAIS,agrupacion,22,PROVISORIO,2023_GENERAL_santafe_presidente_mesa.csv
2023,GENERAL,2023-10-22,PRESIDENTE Y VICE,21,Santa Fe,9,General Obligado,02220,,IMPUGNADO,impugnados,0,PROVISORIO,2023_GENERAL_santafe_presidente_mesa.csv
2023,GENERAL,2023-10-22,PRESIDENTE Y VICE,21,Santa Fe,9,General Obligado,02220,,JUNTOS POR EL CAMBIO,agrupacion,104,PROVISORIO,2023_GENERAL_santafe_presidente_mesa.csv
2023,GENERAL,2023-10-22,PRESIDENTE Y VICE,21,Santa Fe,9,General Obligado,02220,,LA LIBERTAD AVANZA,agrupacion,143,PROVISORIO,2023_GENERAL_santafe_presidente_mesa.csv
2023,GENERAL,2023-10-22,PRESIDENTE Y VICE,21,Santa Fe,9,General Obligado,02220,,NULO,nulos,1,PROVISORIO,2023_GENERAL_santafe_presidente_mesa.csv
2023,GENERAL,2023-10-22,PRESIDENTE Y VICE,21,Santa Fe,9,General Obligado,02220,,RECURRIDO,recurridos,0,PROVISORIO,2023_GENERAL_santafe_presidente_mesa.csv
2023,GENERAL,2023-10-22,PRESIDENTE Y VICE,21,Santa Fe,9,General Obligado,02220,,UNION POR LA PATRIA,agrupacion,215,PROVISORIO,2023_GENERAL_santafe_presidente_mesa.csv
2023,GENERAL,2023-10-22,PRESIDENTE Y VICE,21,Santa Fe,9,General Obligado,02230,,COMANDO,comando,1,PROVISORIO,2023_GENERAL_santafe_presidente_mesa.csv
2023,GENERAL,2023-10-22,PRESIDENTE Y VICE,21,Santa Fe,9,General Obligado,02230,,EN BLANCO,blancos,2,PROVISORIO,2023_GENERAL_santafe_presidente_mesa.csv
2023,GENERAL,2023-10-22,PRESIDENTE Y VICE,21,Santa Fe,9,General Obligado,02230,,FRENTE DE IZQUIERDA Y DE TRABAJADORES - UNIDAD,agrupacion,0,PROVISORIO,2023_GENERAL_santafe_presidente_mesa.csv
2023,GENERAL,2023-10-22,PRESIDENTE Y VICE,21,Santa Fe,9,General Obligado,02230,,HACEMOS POR NUESTRO PAIS,agrupacion,9,PROVISORIO,2023_GENERAL_santafe_presidente_mesa.csv
2023,GENERAL,2023-10-22,PRESIDENTE Y VICE,21,Santa Fe,9,General Obligado,02230,,IMPUGNADO,impugnados,0,PROVISORIO,2023_GENERAL_santafe_presidente_mesa.csv
2023,GENERAL,2023-10-22,PRESIDENTE Y VICE,21,Santa Fe,9,General Obligado,02230,,JUNTOS POR EL CAMBIO,agrupacion,177,PROVISORIO,2023_GENERAL_santafe_presidente_mesa.csv
2023,GENERAL,2023-10-22,PRESIDENTE Y VICE,21,Santa Fe,9,General Obligado,02230,,LA LIBERTAD AVANZA,agrupacion,127,PROVISORIO,2023_GENERAL_santafe_presidente_mesa.csv
2023,GENERAL,2023-10-22,PRESIDENTE Y VICE,21,Santa Fe,9,General Obligado,02230,,NULO,nulos,2,PROVISORIO,2023_GENERAL_santafe_presidente_mesa.csv
2023,GENERAL,2023-10-22,PRESIDENTE Y VICE,21,Santa Fe,9,General Obligado,02230,,RECURRIDO,recurridos,0,PROVISORIO,2023_GENERAL_santafe_presidente_mesa.csv
2023,GENERAL,2023-10-22,PRESIDENTE Y VICE,21,Santa Fe,9,General Obligado,02230,,UNION POR LA PATRIA,agrupacion,64,PROVISORIO,2023_GENERAL_santafe_presidente_mesa.csv
2023,GENERAL,2023-10-22,PRESIDENTE Y VICE,21,Santa Fe,9,General Obligado,02235,,COMANDO,comando,0,PROVISORIO,2023_GENERAL_santafe_presidente_mesa.csv
2023,GENERAL,2023-10-22,PRESIDENTE Y VICE,21,Santa Fe,9,General Obligado,02235,,EN BLANCO,blancos,0,PROVISORIO,2023_GENERAL_santafe_presidente_mesa.csv
2023,GENERAL,2023-10-22,PRESIDENTE Y VICE,21,Santa Fe,9,General Obligado,02235,,FRENTE DE IZQUIERDA Y DE TRABAJADORES - UNIDAD,agrupacion,0,PROVISORIO,2023_GENERAL_santafe_presidente_mesa.csv
2023,GENERAL,2023-10-22,PRESIDENTE Y VICE,21,Santa Fe,9,General Obligado,02235,,HACEMOS POR NUESTRO PAIS,agrupacion,4,PROVISORIO,2023_GENERAL_santafe_presidente_mesa.csv
2023,GENERAL,2023-10-22,PRESIDENTE Y VICE,21,Santa Fe,9,General Obligado,02235,,IMPUGNADO,impugnados,0,PROVISORIO,2023_GENERAL_santafe_presidente_mesa.csv
2023,GENERAL,2023-10-22,PRESIDENTE Y VICE,21,Santa Fe,9,General Obligado,02235,,JUNTOS POR EL CAMBIO,agrupacion,26,PROVISORIO,2023_GENERAL_santafe_presidente_mesa.csv
2023,GENERAL,2023-10-22,PRESIDENTE Y VICE,21,Santa Fe,9,General Obligado,02235,,LA LIBERTAD AVANZA,agrupacion,21,PROVISORIO,2023_GENERAL_santafe_presidente_mesa.csv
2023,GENERAL,2023-10-22,PRESIDENTE Y VICE,21,Santa Fe,9,General Obligado,02235,,NULO,nulos,1,PROVISORIO,2023_GENERAL_santafe_presidente_mesa.csv
2023,GENERAL,2023-10-22,PRESIDENTE Y VICE,21,Santa Fe,9,General Obligado,02235,,RECURRIDO,recurridos,0,PROVISORIO,2023_GENERAL_santafe_presidente_mesa.csv
2023,GENERAL,2023-10-22,PRESIDENTE Y VICE,21,Santa Fe,9,General Obligado,02235,,UNION POR LA PATRIA,agrupacion,13,PROVISORIO,2023_GENERAL_santafe_presidente_mesa.csv
2023,GENERAL,2023-10-22,PRESIDENTE Y VICE,21,Santa Fe,9,General Obligado,02240,,COMANDO,comando,5,PROVISORIO,2023_GENERAL_santafe_presidente_mesa.csv
2023,GENERAL,2023-10-22,PRESIDENTE Y VICE,21,Santa Fe,9,General Obligado,02240,,EN BLANCO,blancos,103,PROVISORIO,2023_GENERAL_santafe_presidente_mesa.csv
2023,GENERAL,2023-10-22,PRESIDENTE Y VICE,21,Santa Fe,9,General Obligado,02240,,FRENTE DE IZQUIERDA Y DE TRABAJADORES - UNIDAD,agrupacion,186,PROVISORIO,2023_GENERAL_santafe_presidente_mesa.csv
2023,GENERAL,2023-10-22,PRESIDENTE Y VICE,21,Santa Fe,9,General Obligado,02240,,HACEMOS POR NUESTRO PAIS,agrupacion,1103,PROVISORIO,2023_GENERAL_santafe_presidente_mesa.csv
2023,GENERAL,2023-10-22,PRESIDENTE Y VICE,21,Santa Fe,9,General Obligado,02240,,IMPUGNADO,impugnados,0,PROVISORIO,2023_GENERAL_santafe_presidente_mesa.csv
2023,GENERAL,2023-10-22,PRESIDENTE Y VICE,21,Santa Fe,9,General Obligado,02240,,JUNTOS POR EL CAMBIO,agrupacion,5034,PROVISORIO,2023_GENERAL_santafe_presidente_mesa.csv
2023,GENERAL,2023-10-22,PRESIDENTE Y VICE,21,Santa Fe,9,General Obligado,02240,,LA LIBERTAD AVANZA,agrupacion,4365,PROVISORIO,2023_GENERAL_santafe_presidente_mesa.csv
2023,GENERAL,2023-10-22,PRESIDENTE Y VICE,21,Santa Fe,9,General Obligado,02240,,NULO,nulos,92,PROVISORIO,2023_GENERAL_santafe_presidente_mesa.csv
2023,GENERAL,2023-10-22,PRESIDENTE Y VICE,21,Santa Fe,9,General Obligado,02240,,RECURRIDO,recurridos,0,PROVISORIO,2023_GENERAL_santafe_presidente_mesa.csv
2023,GENERAL,2023-10-22,PRESIDENTE Y VICE,21,Santa Fe,9,General Obligado,02240,,UNION POR LA PATRIA,agrupacion,4145,PROVISORIO,2023_GENERAL_santafe_presidente_mesa.csv
2023,GENERAL,2023-10-22,PRESIDENTE Y VICE,21,Santa Fe,9,General Obligado,02242,,COMANDO,comando,4,PROVISORIO,2023_GENERAL_santafe_presidente_mesa.csv
2023,GENERAL,2023-10-22,PRESIDENTE Y VICE,21,Santa Fe,9,General Obligado,02242,,EN BLANCO,blancos,51,PROVISORIO,2023_GENERAL_santafe_presidente_mesa.csv
2023,GENERAL,2023-10-22,PRESIDENTE Y VICE,21,Santa Fe,9,General Obligado,02242,,FRENTE DE IZQUIERDA Y DE TRABAJADORES - UNIDAD,agrupacion,86,PROVISORIO,2023_GENERAL_santafe_presidente_mesa.csv
2023,GENERAL,2023-10-22,PRESIDENTE Y VICE,21,Santa Fe,9,General Obligado,02242,,HACEMOS POR NUESTRO PAIS,agrupacion,560,PROVISORIO,2023_GENERAL_santafe_presidente_mesa.csv
2023,GENERAL,2023-10-22,PRESIDENTE Y VICE,21,Santa Fe,9,General Obligado,02242,,IMPUGNADO,impugnados,0,PROVISORIO,2023_GENERAL_santafe_presidente_mesa.csv
2023,GENERAL,2023-10-22,PRESIDENTE Y VICE,21,Santa Fe,9,General Obligado,02242,,JUNTOS POR EL CAMBIO,agrupacion,1863,PROVISORIO,2023_GENERAL_santafe_presidente_mesa.csv
2023,GENERAL,2023-10-22,PRESIDENTE Y VICE,21,Santa Fe,9,General Obligado,02242,,LA LIBERTAD AVANZA,agrupacion,2126,PROVISORIO,2023_GENERAL_santafe_presidente_mesa.csv
2023,GENERAL,2023-10-22,PRESIDENTE Y VICE,21,Santa Fe,9,General Obligado,02242,,NULO,nulos,42,PROVISORIO,2023_GENERAL_santafe_presidente_mesa.csv
2023,GENERAL,2023-10-22,PRESIDENTE Y VICE,21,Santa Fe,9,General Obligado,02242,,RECURRIDO,recurridos,0,PROVISORIO,2023_GENERAL_santafe_presidente_mesa.csv
2023,GENERAL,2023-10-22,PRESIDENTE Y VICE,21,Santa Fe,9,General Obligado,02242,,UNION POR LA PATRIA,agrupacion,1330,PROVISORIO,2023_GENERAL_santafe_presidente_mesa.csv
2023,GENERAL,2023-10-22,PRESIDENTE Y VICE,21,Santa Fe,9,General Obligado,02244,,COMANDO,comando,0,PROVISORIO,2023_GENERAL_santafe_presidente_mesa.csv
2023,GENERAL,2023-10-22,PRESIDENTE Y VICE,21,Santa Fe,9,General Obligado,02244,,EN BLANCO,blancos,49,PROVISORIO,2023_GENERAL_santafe_presidente_mesa.csv
2023,GENERAL,2023-10-22,PRESIDENTE Y VICE,21,Santa Fe,9,General Obligado,02244,,FRENTE DE IZQUIERDA Y DE TRABAJADORES - UNIDAD,agrupacion,111,PROVISORIO,2023_GENERAL_santafe_presidente_mesa.csv
2023,GENERAL,2023-10-22,PRESIDENTE Y VICE,21,Santa Fe,9,General Obligado,02244,,HACEMOS POR NUESTRO PAIS,agrupacion,619,PROVISORIO,2023_GENERAL_santafe_presidente_mesa.csv
2023,GENERAL,2023-10-22,PRESIDENTE Y VICE,21,Santa Fe,9,General Obligado,02244,,IMPUGNADO,impugnados,0,PROVISORIO,2023_GENERAL_santafe_presidente_mesa.csv
2023,GENERAL,2023-10-22,PRESIDENTE Y VICE,21,Santa Fe,9,General Obligado,02244,,JUNTOS POR EL CAMBIO,agrupacion,1242,PROVISORIO,2023_GENERAL_santafe_presidente_mesa.csv
2023,GENERAL,2023-10-22,PRESIDENTE Y VICE,21,Santa Fe,9,General Obligado,02244,,LA LIBERTAD AVANZA,agrupacion,2819,PROVISORIO,2023_GENERAL_santafe_presidente_mesa.csv
2023,GENERAL,2023-10-22,PRESIDENTE Y VICE,21,Santa Fe,9,General Obligado,02244,,NULO,nulos,71,PROVISORIO,2023_GENERAL_santafe_presidente_mesa.csv
2023,GENERAL,2023-10-22,PRESIDENTE Y VICE,21,Santa Fe,9,General Obligado,02244,,RECURRIDO,recurridos,0,PROVISORIO,2023_GENERAL_santafe_presidente_mesa.csv
2023,GENERAL,2023-10-22,PRESIDENTE Y VICE,21,Santa Fe,9,General Obligado,02244,,UNION POR LA PATRIA,agrupacion,2893,PROVISORIO,2023_GENERAL_santafe_presidente_mesa.csv
2023,GENERAL,2023-10-22,PRESIDENTE Y VICE,21,Santa Fe,9,General Obligado,02246,,COMANDO,comando,3,PROVISORIO,2023_GENERAL_santafe_presidente_mesa.csv
2023,GENERAL,2023-10-22,PRESIDENTE Y VICE,21,Santa Fe,9,General Obligado,02246,,EN BLANCO,blancos,125,PROVISORIO,2023_GENERAL_santafe_presidente_mesa.csv
2023,GENERAL,2023-10-22,PRESIDENTE Y VICE,21,Santa Fe,9,General Obligado,02246,,FRENTE DE IZQUIERDA Y DE TRABAJADORES - UNIDAD,agrupacion,214,PROVISORIO,2023_GENERAL_santafe_presidente_mesa.csv
2023,GENERAL,2023-10-22,PRESIDENTE Y VICE,21,Santa Fe,9,General Obligado,02246,,HACEMOS POR NUESTRO PAIS,agrupacion,1696,PROVISORIO,2023_GENERAL_santafe_presidente_mesa.csv
2023,GENERAL,2023-10-22,PRESIDENTE Y VICE,21,Santa Fe,9,General Obligado,02246,,IMPUGNADO,impugnados,0,PROVISORIO,2023_GENERAL_santafe_presidente_mesa.csv
2023,GENERAL,2023-10-22,PRESIDENTE Y VICE,21,Santa Fe,9,General Obligado,02246,,JUNTOS POR EL CAMBIO,agrupacion,3727,PROVISORIO,2023_GENERAL_santafe_presidente_mesa.csv
2023,GENERAL,2023-10-22,PRESIDENTE Y VICE,21,Santa Fe,9,General Obligado,02246,,LA LIBERTAD AVANZA,agrupacion,6674,PROVISORIO,2023_GENERAL_santafe_presidente_mesa.csv
2023,GENERAL,2023-10-22,PRESIDENTE Y VICE,21,Santa Fe,9,General Obligado,02246,,NULO,nulos,168,PROVISORIO,2023_GENERAL_santafe_presidente_mesa.csv
2023,GENERAL,2023-10-22,PRESIDENTE Y VICE,21,Santa Fe,9,General Obligado,02246,,RECURRIDO,recurridos,1,PROVISORIO,2023_GENERAL_santafe_presidente_mesa.csv
2023,GENERAL,2023-10-22,PRESIDENTE Y VICE,21,Santa Fe,9,General Obligado,02246,,UNION POR LA PATRIA,agrupacion,5299,PROVISORIO,2023_GENERAL_santafe_presidente_mesa.csv
2023,GENERAL,2023-10-22,PRESIDENTE Y VICE,21,Santa Fe,9,General Obligado,02248,,COMANDO,comando,0,PROVISORIO,2023_GENERAL_santafe_presidente_mesa.csv
2023,GENERAL,2023-10-22,PRESIDENTE Y VICE,21,Santa Fe,9,General Obligado,02248,,EN BLANCO,blancos,9,PROVISORIO,2023_GENERAL_santafe_presidente_mesa.csv
2023,GENERAL,2023-10-22,PRESIDENTE Y VICE,21,Santa Fe,9,General Obligado,02248,,FRENTE DE IZQUIERDA Y DE TRABAJADORES - UNIDAD,agrupacion,3,PROVISORIO,2023_GENERAL_santafe_presidente_mesa.csv
2023,GENERAL,2023-10-22,PRESIDENTE Y VICE,21,Santa Fe,9,General Obligado,02248,,HACEMOS POR NUESTRO PAIS,agrupacion,19,PROVISORIO,2023_GENERAL_santafe_presidente_mesa.csv
2023,GENERAL,2023-10-22,PRESIDENTE Y VICE,21,Santa Fe,9,General Obligado,02248,,IMPUGNADO,impugnados,0,PROVISORIO,2023_GENERAL_santafe_presidente_mesa.csv
2023,GENERAL,2023-10-22,PRESIDENTE Y VICE,21,Santa Fe,9,General Obligado,02248,,JUNTOS POR EL CAMBIO,agrupacion,39,PROVISORIO,2023_GENERAL_santafe_presidente_mesa.csv
2023,GENERAL,2023-10-22,PRESIDENTE Y VICE,21,Santa Fe,9,General Obligado,02248,,LA LIBERTAD AVANZA,agrupacion,170,PROVISORIO,2023_GENERAL_santafe_presidente_mesa.csv
2023,GENERAL,2023-10-22,PRESIDENTE Y VICE,21,Santa Fe,9,General Obligado,02248,,NULO,nulos,6,PROVISORIO,2023_GENERAL_santafe_presidente_mesa.csv
2023,GENERAL,2023-10-22,PRESIDENTE Y VICE,21,Santa Fe,9,General Obligado,02248,,RECURRIDO,recurridos,0,PROVISORIO,2023_GENERAL_santafe_presidente_mesa.csv
2023,GENERAL,2023-10-22,PRESIDENTE Y VICE,21,Santa Fe,9,General Obligado,02248,,UNION POR LA PATRIA,agrupacion,530,PROVISORIO,2023_GENERAL_santafe_presidente_mesa.csv
2023,GENERAL,2023-10-22,PRESIDENTE Y VICE,21,Santa Fe,9,General Obligado,02249,,COMANDO,comando,1,PROVISORIO,2023_GENERAL_santafe_presidente_mesa.csv
2023,GENERAL,2023-10-22,PRESIDENTE Y VICE,21,Santa Fe,9,General Obligado,02249,,EN BLANCO,blancos,1,PROVISORIO,2023_GENERAL_santafe_presidente_mesa.csv
2023,GENERAL,2023-10-22,PRESIDENTE Y VICE,21,Santa Fe,9,General Obligado,02249,,FRENTE DE IZQUIERDA Y DE TRABAJADORES - UNIDAD,agrupacion,0,PROVISORIO,2023_GENERAL_santafe_presidente_mesa.csv
2023,GENERAL,2023-10-22,PRESIDENTE Y VICE,21,Santa Fe,9,General Obligado,02249,,HACEMOS POR NUESTRO PAIS,agrupacion,6,PROVISORIO,2023_GENERAL_santafe_presidente_mesa.csv
2023,GENERAL,2023-10-22,PRESIDENTE Y VICE,21,Santa Fe,9,General Obligado,02249,,IMPUGNADO,impugnados,0,PROVISORIO,2023_GENERAL_santafe_presidente_mesa.csv
2023,GENERAL,2023-10-22,PRESIDENTE Y VICE,21,Santa Fe,9,General Obligado,02249,,JUNTOS POR EL CAMBIO,agrupacion,37,PROVISORIO,2023_GENERAL_santafe_presidente_mesa.csv
2023,GENERAL,2023-10-22,PRESIDENTE Y VICE,21,Santa Fe,9,General Obligado,02249,,LA LIBERTAD AVANZA,agrupacion,49,PROVISORIO,2023_GENERAL_santafe_presidente_mesa.csv
2023,GENERAL,2023-10-22,PRESIDENTE Y VICE,21,Santa Fe,9,General Obligado,02249,,NULO,nulos,4,PROVISORIO,2023_GENERAL_santafe_presidente_mesa.csv
2023,GENERAL,2023-10-22,PRESIDENTE Y VICE,21,Santa Fe,9,General Obligado,02249,,RECURRIDO,recurridos,0,PROVISORIO,2023_GENERAL_santafe_presidente_mesa.csv
2023,GENERAL,2023-10-22,PRESIDENTE Y VICE,21,Santa Fe,9,General Obligado,02249,,UNION POR LA PATRIA,agrupacion,26,PROVISORIO,2023_GENERAL_santafe_presidente_mesa.csv
2023,GENERAL,2023-10-22,PRESIDENTE Y VICE,21,Santa Fe,9,General Obligado,02250,,COMANDO,comando,11,PROVISORIO,2023_GENERAL_santafe_presidente_mesa.csv
2023,GENERAL,2023-10-22,PRESIDENTE Y VICE,21,Santa Fe,9,General Obligado,02250,,EN BLANCO,blancos,157,PROVISORIO,2023_GENERAL_santafe_presidente_mesa.csv
2023,GENERAL,2023-10-22,PRESIDENTE Y VICE,21,Santa Fe,9,General Obligado,02250,,FRENTE DE IZQUIERDA Y DE TRABAJADORES - UNIDAD,agrupacion,195,PROVISORIO,2023_GENERAL_santafe_presidente_mesa.csv
2023,GENERAL,2023-10-22,PRESIDENTE Y VICE,21,Santa Fe,9,General Obligado,02250,,HACEMOS POR NUESTRO PAIS,agrupacion,1324,PROVISORIO,2023_GENERAL_santafe_presidente_mesa.csv
2023,GENERAL,2023-10-22,PRESIDENTE Y VICE,21,Santa Fe,9,General Obligado,02250,,IMPUGNADO,impugnados,0,PROVISORIO,2023_GENERAL_santafe_presidente_mesa.csv
2023,GENERAL,2023-10-22,PRESIDENTE Y VICE,21,Santa Fe,9,General Obligado,02250,,JUNTOS POR EL CAMBIO,agrupacion,5130,PROVISORIO,2023_GENERAL_santafe_presidente_mesa.csv
2023,GENERAL,2023-10-22,PRESIDENTE Y VICE,21,Santa Fe,9,General Obligado,02250,,LA LIBERTAD AVANZA,agrupacion,6737,PROVISORIO,2023_GENERAL_santafe_presidente_mesa.csv
2023,GENERAL,2023-10-22,PRESIDENTE Y VICE,21,Santa Fe,9,General Obligado,02250,,NULO,nulos,224,PROVISORIO,2023_GENERAL_santafe_presidente_mesa.csv
2023,GENERAL,2023-10-22,PRESIDENTE Y VICE,21,Santa Fe,9,General Obligado,02250,,RECURRIDO,recurridos,0,PROVISORIO,2023_GENERAL_santafe_presidente_mesa.csv
2023,GENERAL,2023-10-22,PRESIDENTE Y VICE,21,Santa Fe,9,General Obligado,02250,,UNION POR LA PATRIA,agrupacion,3772,PROVISORIO,2023_GENERAL_santafe_presidente_mesa.csv
2023,GENERAL,2023-10-22,PRESIDENTE Y VICE,21,Santa Fe,9,General Obligado,02255,,COMANDO,comando,0,PROVISORIO,2023_GENERAL_santafe_presidente_mesa.csv
2023,GENERAL,2023-10-22,PRESIDENTE Y VICE,21,Santa Fe,9,General Obligado,02255,,EN BLANCO,blancos,0,PROVISORIO,2023_GENERAL_santafe_presidente_mesa.csv
2023,GENERAL,2023-10-22,PRESIDENTE Y VICE,21,Santa Fe,9,General Obligado,02255,,FRENTE DE IZQUIERDA Y DE TRABAJADORES - UNIDAD,agrupacion,0,PROVISORIO,2023_GENERAL_santafe_presidente_mesa.csv
2023,GENERAL,2023-10-22,PRESIDENTE Y VICE,21,Santa Fe,9,General Obligado,02255,,HACEMOS POR NUESTRO PAIS,agrupacion,2,PROVISORIO,2023_GENERAL_santafe_presidente_mesa.csv
2023,GENERAL,2023-10-22,PRESIDENTE Y VICE,21,Santa Fe,9,General Obligado,02255,,IMPUGNADO,impugnados,0,PROVISORIO,2023_GENERAL_santafe_presidente_mesa.csv
2023,GENERAL,2023-10-22,PRESIDENTE Y VICE,21,Santa Fe,9,General Obligado,02255,,JUNTOS POR EL CAMBIO,agrupacion,21,PROVISORIO,2023_GENERAL_santafe_presidente_mesa.csv
2023,GENERAL,2023-10-22,PRESIDENTE Y VICE,21,Santa Fe,9,General Obligado,02255,,LA LIBERTAD AVANZA,agrupacion,27,PROVISORIO,2023_GENERAL_santafe_presidente_mesa.csv
2023,GENERAL,2023-10-22,PRESIDENTE Y VICE,21,Santa Fe,9,General Obligado,02255,,NULO,nulos,1,PROVISORIO,2023_GENERAL_santafe_presidente_mesa.csv
2023,GENERAL,2023-10-22,PRESIDENTE Y VICE,21,Santa Fe,9,General Obligado,02255,,RECURRIDO,recurridos,0,PROVISORIO,2023_GENERAL_santafe_presidente_mesa.csv
2023,GENERAL,2023-10-22,PRESIDENTE Y VICE,21,Santa Fe,9,General Obligado,02255,,UNION POR LA PATRIA,agrupacion,50,PROVISORIO,2023_GENERAL_santafe_presidente_mesa.csv
2023,GENERAL,2023-10-22,PRESIDENTE Y VICE,21,Santa Fe,9,General Obligado,02260,,COMANDO,comando,1,PROVISORIO,2023_GENERAL_santafe_presidente_mesa.csv
2023,GENERAL,2023-10-22,PRESIDENTE Y VICE,21,Santa Fe,9,General Obligado,02260,,EN BLANCO,blancos,5,PROVISORIO,2023_GENERAL_santafe_presidente_mesa.csv
2023,GENERAL,2023-10-22,PRESIDENTE Y VICE,21,Santa Fe,9,General Obligado,02260,,FRENTE DE IZQUIERDA Y DE TRABAJADORES - UNIDAD,agrupacion,11,PROVISORIO,2023_GENERAL_santafe_presidente_mesa.csv
2023,GENERAL,2023-10-22,PRESIDENTE Y VICE,21,Santa Fe,9,General Obligado,02260,,HACEMOS POR NUESTRO PAIS,agrupacion,36,PROVISORIO,2023_GENERAL_santafe_presidente_mesa.csv
2023,GENERAL,2023-10-22,PRESIDENTE Y VICE,21,Santa Fe,9,General Obligado,02260,,IMPUGNADO,impugnados,0,PROVISORIO,2023_GENERAL_santafe_presidente_mesa.csv
2023,GENERAL,2023-10-22,PRESIDENTE Y VICE,21,Santa Fe,9,General Obligado,02260,,JUNTOS POR EL CAMBIO,agrupacion,159,PROVISORIO,2023_GENERAL_santafe_presidente_mesa.csv
2023,GENERAL,2023-10-22,PRESIDENTE Y VICE,21,Santa Fe,9,General Obligado,02260,,LA LIBERTAD AVANZA,agrupacion,175,PROVISORIO,2023_GENERAL_santafe_presidente_mesa.csv
2023,GENERAL,2023-10-22,PRESIDENTE Y VICE,21,Santa Fe,9,General Obligado,02260,,NULO,nulos,1,PROVISORIO,2023_GENERAL_santafe_presidente_mesa.csv
2023,GENERAL,2023-10-22,PRESIDENTE Y VICE,21,Santa Fe,9,General Obligado,02260,,RECURRIDO,recurridos,0,PROVISORIO,2023_GENERAL_santafe_presidente_mesa.csv
2023,GENERAL,2023-10-22,PRESIDENTE Y VICE,21,Santa Fe,9,General Obligado,02260,,UNION POR LA PATRIA,agrupacion,136,PROVISORIO,2023_GENERAL_santafe_presidente_mesa.csv
2023,GENERAL,2023-10-22,PRESIDENTE Y VICE,21,Santa Fe,9,General Obligado,02270,,COMANDO,comando,1,PROVISORIO,2023_GENERAL_santafe_presidente_mesa.csv
2023,GENERAL,2023-10-22,PRESIDENTE Y VICE,21,Santa Fe,9,General Obligado,02270,,EN BLANCO,blancos,15,PROVISORIO,2023_GENERAL_santafe_presidente_mesa.csv
2023,GENERAL,2023-10-22,PRESIDENTE Y VICE,21,Santa Fe,9,General Obligado,02270,,FRENTE DE IZQUIERDA Y DE TRABAJADORES - UNIDAD,agrupacion,2,PROVISORIO,2023_GENERAL_santafe_presidente_mesa.csv
2023,GENERAL,2023-10-22,PRESIDENTE Y VICE,21,Santa Fe,9,General Obligado,02270,,HACEMOS POR NUESTRO PAIS,agrupacion,56,PROVISORIO,2023_GENERAL_santafe_presidente_mesa.csv
2023,GENERAL,2023-10-22,PRESIDENTE Y VICE,21,Santa Fe,9,General Obligado,02270,,IMPUGNADO,impugnados,0,PROVISORIO,2023_GENERAL_santafe_presidente_mesa.csv
2023,GENERAL,2023-10-22,PRESIDENTE Y VICE,21,Santa Fe,9,General Obligado,02270,,JUNTOS POR EL CAMBIO,agrupacion,495,PROVISORIO,2023_GENERAL_santafe_presidente_mesa.csv
2023,GENERAL,2023-10-22,PRESIDENTE Y VICE,21,Santa Fe,9,General Obligado,02270,,LA LIBERTAD AVANZA,agrupacion,607,PROVISORIO,2023_GENERAL_santafe_presidente_mesa.csv
2023,GENERAL,2023-10-22,PRESIDENTE Y VICE,21,Santa Fe,9,General Obligado,02270,,NULO,nulos,7,PROVISORIO,2023_GENERAL_santafe_presidente_mesa.csv
2023,GENERAL,2023-10-22,PRESIDENTE Y VICE,21,Santa Fe,9,General Obligado,02270,,RECURRIDO,recurridos,0,PROVISORIO,2023_GENERAL_santafe_presidente_mesa.csv
2023,GENERAL,2023-10-22,PRESIDENTE Y VICE,21,Santa Fe,9,General Obligado,02270,,UNION POR LA PATRIA,agrupacion,382,PROVISORIO,2023_GENERAL_santafe_presidente_mesa.csv
2023,GENERAL,2023-10-22,PRESIDENTE Y VICE,21,Santa Fe,9,General Obligado,02272,,COMANDO,comando,1,PROVISORIO,2023_GENERAL_santafe_presidente_mesa.csv
2023,GENERAL,2023-10-22,PRESIDENTE Y VICE,21,Santa Fe,9,General Obligado,02272,,EN BLANCO,blancos,4,PROVISORIO,2023_GENERAL_santafe_presidente_mesa.csv
2023,GENERAL,2023-10-22,PRESIDENTE Y VICE,21,Santa Fe,9,General Obligado,02272,,FRENTE DE IZQUIERDA Y DE TRABAJADORES - UNIDAD,agrupacion,3,PROVISORIO,2023_GENERAL_santafe_presidente_mesa.csv
2023,GENERAL,2023-10-22,PRESIDENTE Y VICE,21,Santa Fe,9,General Obligado,02272,,HACEMOS POR NUESTRO PAIS,agrupacion,14,PROVISORIO,2023_GENERAL_santafe_presidente_mesa.csv
2023,GENERAL,2023-10-22,PRESIDENTE Y VICE,21,Santa Fe,9,General Obligado,02272,,IMPUGNADO,impugnados,0,PROVISORIO,2023_GENERAL_santafe_presidente_mesa.csv
2023,GENERAL,2023-10-22,PRESIDENTE Y VICE,21,Santa Fe,9,General Obligado,02272,,JUNTOS POR EL CAMBIO,agrupacion,89,PROVISORIO,2023_GENERAL_santafe_presidente_mesa.csv
2023,GENERAL,2023-10-22,PRESIDENTE Y VICE,21,Santa Fe,9,General Obligado,02272,,LA LIBERTAD AVANZA,agrupacion,226,PROVISORIO,2023_GENERAL_santafe_presidente_mesa.csv
2023,GENERAL,2023-10-22,PRESIDENTE Y VICE,21,Santa Fe,9,General Obligado,02272,,NULO,nulos,5,PROVISORIO,2023_GENERAL_santafe_presidente_mesa.csv
2023,GENERAL,2023-10-22,PRESIDENTE Y VICE,21,Santa Fe,9,General Obligado,02272,,RECURRIDO,recurridos,0,PROVISORIO,2023_GENERAL_santafe_presidente_mesa.csv
2023,GENERAL,2023-10-22,PRESIDENTE Y VICE,21,Santa Fe,9,General Obligado,02272,,UNION POR LA PATRIA,agrupacion,174,PROVISORIO,2023_GENERAL_santafe_presidente_mesa.csv
2023,GENERAL,2023-10-22,PRESIDENTE Y VICE,21,Santa Fe,9,General Obligado,02274,,COMANDO,comando,0,PROVISORIO,2023_GENERAL_santafe_presidente_mesa.csv
2023,GENERAL,2023-10-22,PRESIDENTE Y VICE,21,Santa Fe,9,General Obligado,02274,,EN BLANCO,blancos,0,PROVISORIO,2023_GENERAL_santafe_presidente_mesa.csv
2023,GENERAL,2023-10-22,PRESIDENTE Y VICE,21,Santa Fe,9,General Obligado,02274,,FRENTE DE IZQUIERDA Y DE TRABAJADORES - UNIDAD,agrupacion,1,PROVISORIO,2023_GENERAL_santafe_presidente_mesa.csv
2023,GENERAL,2023-10-22,PRESIDENTE Y VICE,21,Santa Fe,9,General Obligado,02274,,HACEMOS POR NUESTRO PAIS,agrupacion,0,PROVISORIO,2023_GENERAL_santafe_presidente_mesa.csv
2023,GENERAL,2023-10-22,PRESIDENTE Y VICE,21,Santa Fe,9,General Obligado,02274,,IMPUGNADO,impugnados,0,PROVISORIO,2023_GENERAL_santafe_presidente_mesa.csv
2023,GENERAL,2023-10-22,PRESIDENTE Y VICE,21,Santa Fe,9,General Obligado,02274,,JUNTOS POR EL CAMBIO,agrupacion,23,PROVISORIO,2023_GENERAL_santafe_presidente_mesa.csv
2023,GENERAL,2023-10-22,PRESIDENTE Y VICE,21,Santa Fe,9,General Obligado,02274,,LA LIBERTAD AVANZA,agrupacion,25,PROVISORIO,2023_GENERAL_santafe_presidente_mesa.csv
2023,GENERAL,2023-10-22,PRESIDENTE Y VICE,21,Santa Fe,9,General Obligado,02274,,NULO,nulos,0,PROVISORIO,2023_GENERAL_santafe_presidente_mesa.csv
2023,GENERAL,2023-10-22,PRESIDENTE Y VICE,21,Santa Fe,9,General Obligado,02274,,RECURRIDO,recurridos,0,PROVISORIO,2023_GENERAL_santafe_presidente_mesa.csv
2023,GENERAL,2023-10-22,PRESIDENTE Y VICE,21,Santa Fe,9,General Obligado,02274,,UNION POR LA PATRIA,agrupacion,14,PROVISORIO,2023_GENERAL_santafe_presidente_mesa.csv
2023,GENERAL,2023-10-22,PRESIDENTE Y VICE,21,Santa Fe,9,General Obligado,02280,,COMANDO,comando,0,PROVISORIO,2023_GENERAL_santafe_presidente_mesa.csv
2023,GENERAL,2023-10-22,PRESIDENTE Y VICE,21,Santa Fe,9,General Obligado,02280,,EN BLANCO,blancos,7,PROVISORIO,2023_GENERAL_santafe_presidente_mesa.csv
2023,GENERAL,2023-10-22,PRESIDENTE Y VICE,21,Santa Fe,9,General Obligado,02280,,FRENTE DE IZQUIERDA Y DE TRABAJADORES - UNIDAD,agrupacion,11,PROVISORIO,2023_GENERAL_santafe_presidente_mesa.csv
2023,GENERAL,2023-10-22,PRESIDENTE Y VICE,21,Santa Fe,9,General Obligado,02280,,HACEMOS POR NUESTRO PAIS,agrupacion,26,PROVISORIO,2023_GENERAL_santafe_presidente_mesa.csv
2023,GENERAL,2023-10-22,PRESIDENTE Y VICE,21,Santa Fe,9,General Obligado,02280,,IMPUGNADO,impugnados,0,PROVISORIO,2023_GENERAL_santafe_presidente_mesa.csv
2023,GENERAL,2023-10-22,PRESIDENTE Y VICE,21,Santa Fe,9,General Obligado,02280,,JUNTOS POR EL CAMBIO,agrupacion,282,PROVISORIO,2023_GENERAL_santafe_presidente_mesa.csv
2023,GENERAL,2023-10-22,PRESIDENTE Y VICE,21,Santa Fe,9,General Obligado,02280,,LA LIBERTAD AVANZA,agrupacion,302,PROVISORIO,2023_GENERAL_santafe_presidente_mesa.csv
2023,GENERAL,2023-10-22,PRESIDENTE Y VICE,21,Santa Fe,9,General Obligado,02280,,NULO,nulos,1,PROVISORIO,2023_GENERAL_santafe_presidente_mesa.csv
2023,GENERAL,2023-10-22,PRESIDENTE Y VICE,21,Santa Fe,9,General Obligado,02280,,RECURRIDO,recurridos,0,PROVISORIO,2023_GENERAL_santafe_presidente_mesa.csv
2023,GENERAL,2023-10-22,PRESIDENTE Y VICE,21,Santa Fe,9,General Obligado,02280,,UNION POR LA PATRIA,agrupacion,339,PROVISORIO,2023_GENERAL_santafe_presidente_mesa.csv
2023,GENERAL,2023-10-22,PRESIDENTE Y VICE,21,Santa Fe,9,General Obligado,02290,,COMANDO,comando,0,PROVISORIO,2023_GENERAL_santafe_presidente_mesa.csv
2023,GENERAL,2023-10-22,PRESIDENTE Y VICE,21,Santa Fe,9,General Obligado,02290,,EN BLANCO,blancos,7,PROVISORIO,2023_GENERAL_santafe_presidente_mesa.csv
2023,GENERAL,2023-10-22,PRESIDENTE Y VICE,21,Santa Fe,9,General Obligado,02290,,FRENTE DE IZQUIERDA Y DE TRABAJADORES - UNIDAD,agrupacion,3,PROVISORIO,2023_GENERAL_santafe_presidente_mesa.csv
2023,GENERAL,2023-10-22,PRESIDENTE Y VICE,21,Santa Fe,9,General Obligado,02290,,HACEMOS POR NUESTRO PAIS,agrupacion,21,PROVISORIO,2023_GENERAL_santafe_presidente_mesa.csv
2023,GENERAL,2023-10-22,PRESIDENTE Y VICE,21,Santa Fe,9,General Obligado,02290,,IMPUGNADO,impugnados,0,PROVISORIO,2023_GENERAL_santafe_presidente_mesa.csv
2023,GENERAL,2023-10-22,PRESIDENTE Y VICE,21,Santa Fe,9,General Obligado,02290,,JUNTOS POR EL CAMBIO,agrupacion,105,PROVISORIO,2023_GENERAL_santafe_presidente_mesa.csv
2023,GENERAL,2023-10-22,PRESIDENTE Y VICE,21,Santa Fe,9,General Obligado,02290,,LA LIBERTAD AVANZA,agrupacion,211,PROVISORIO,2023_GENERAL_santafe_presidente_mesa.csv
2023,GENERAL,2023-10-22,PRESIDENTE Y VICE,21,Santa Fe,9,General Obligado,02290,,NULO,nulos,4,PROVISORIO,2023_GENERAL_santafe_presidente_mesa.csv
2023,GENERAL,2023-10-22,PRESIDENTE Y VICE,21,Santa Fe,9,General Obligado,02290,,RECURRIDO,recurridos,0,PROVISORIO,2023_GENERAL_santafe_presidente_mesa.csv
2023,GENERAL,2023-10-22,PRESIDENTE Y VICE,21,Santa Fe,9,General Obligado,02290,,UNION POR LA PATRIA,agrupacion,256,PROVISORIO,2023_GENERAL_santafe_presidente_mesa.csv
2023,GENERAL,2023-10-22,PRESIDENTE Y VICE,21,Santa Fe,9,General Obligado,02300,,COMANDO,comando,0,PROVISORIO,2023_GENERAL_santafe_presidente_mesa.csv
2023,GENERAL,2023-10-22,PRESIDENTE Y VICE,21,Santa Fe,9,General Obligado,02300,,EN BLANCO,blancos,18,PROVISORIO,2023_GENERAL_santafe_presidente_mesa.csv
2023,GENERAL,2023-10-22,PRESIDENTE Y VICE,21,Santa Fe,9,General Obligado,02300,,FRENTE DE IZQUIERDA Y DE TRABAJADORES - UNIDAD,agrupacion,17,PROVISORIO,2023_GENERAL_santafe_presidente_mesa.csv
2023,GENERAL,2023-10-22,PRESIDENTE Y VICE,21,Santa Fe,9,General Obligado,02300,,HACEMOS POR NUESTRO PAIS,agrupacion,110,PROVISORIO,2023_GENERAL_santafe_presidente_mesa.csv
2023,GENERAL,2023-10-22,PRESIDENTE Y VICE,21,Santa Fe,9,General Obligado,02300,,IMPUGNADO,impugnados,0,PROVISORIO,2023_GENERAL_santafe_presidente_mesa.csv
2023,GENERAL,2023-10-22,PRESIDENTE Y VICE,21,Santa Fe,9,General Obligado,02300,,JUNTOS POR EL CAMBIO,agrupacion,285,PROVISORIO,2023_GENERAL_santafe_presidente_mesa.csv
2023,GENERAL,2023-10-22,PRESIDENTE Y VICE,21,Santa Fe,9,General Obligado,02300,,LA LIBERTAD AVANZA,agrupacion,542,PROVISORIO,2023_GENERAL_santafe_presidente_mesa.csv
2023,GENERAL,2023-10-22,PRESIDENTE Y VICE,21,Santa Fe,9,General Obligado,02300,,NULO,nulos,21,PROVISORIO,2023_GENERAL_santafe_presidente_mesa.csv
2023,GENERAL,2023-10-22,PRESIDENTE Y VICE,21,Santa Fe,9,General Obligado,02300,,RECURRIDO,recurridos,0,PROVISORIO,2023_GENERAL_santafe_presidente_mesa.csv
2023,GENERAL,2023-10-22,PRESIDENTE Y VICE,21,Santa Fe,9,General Obligado,02300,,UNION POR LA PATRIA,agrupacion,914,PROVISORIO,2023_GENERAL_santafe_presidente_mesa.csv
2023,GENERAL,2023-10-22,PRESIDENTE Y VICE,21,Santa Fe,9,General Obligado,02305,,COMANDO,comando,0,PROVISORIO,2023_GENERAL_santafe_presidente_mesa.csv
2023,GENERAL,2023-10-22,PRESIDENTE Y VICE,21,Santa Fe,9,General Obligado,02305,,EN BLANCO,blancos,0,PROVISORIO,2023_GENERAL_santafe_presidente_mesa.csv
2023,GENERAL,2023-10-22,PRESIDENTE Y VICE,21,Santa Fe,9,General Obligado,02305,,FRENTE DE IZQUIERDA Y DE TRABAJADORES - UNIDAD,agrupacion,0,PROVISORIO,2023_GENERAL_santafe_presidente_mesa.csv
2023,GENERAL,2023-10-22,PRESIDENTE Y VICE,21,Santa Fe,9,General Obligado,02305,,HACEMOS POR NUESTRO PAIS,agrupacion,0,PROVISORIO,2023_GENERAL_santafe_presidente_mesa.csv
2023,GENERAL,2023-10-22,PRESIDENTE Y VICE,21,Santa Fe,9,General Obligado,02305,,IMPUGNADO,impugnados,0,PROVISORIO,2023_GENERAL_santafe_presidente_mesa.csv
2023,GENERAL,2023-10-22,PRESIDENTE Y VICE,21,Santa Fe,9,General Obligado,02305,,JUNTOS POR EL CAMBIO,agrupacion,2,PROVISORIO,2023_GENERAL_santafe_presidente_mesa.csv
2023,GENERAL,2023-10-22,PRESIDENTE Y VICE,21,Santa Fe,9,General Obligado,02305,,LA LIBERTAD AVANZA,agrupacion,4,PROVISORIO,2023_GENERAL_santafe_presidente_mesa.csv
2023,GENERAL,2023-10-22,PRESIDENTE Y VICE,21,Santa Fe,9,General Obligado,02305,,NULO,nulos,0,PROVISORIO,2023_GENERAL_santafe_presidente_mesa.csv
2023,GENERAL,2023-10-22,PRESIDENTE Y VICE,21,Santa Fe,9,General Obligado,02305,,RECURRIDO,recurridos,0,PROVISORIO,2023_GENERAL_santafe_presidente_mesa.csv
2023,GENERAL,2023-10-22,PRESIDENTE Y VICE,21,Santa Fe,9,General Obligado,02305,,UNION POR LA PATRIA,agrupacion,16,PROVISORIO,2023_GENERAL_santafe_presidente_mesa.csv
2023,GENERAL,2023-10-22,PRESIDENTE Y VICE,21,Santa Fe,9,General Obligado,02310,,COMANDO,comando,0,PROVISORIO,2023_GENERAL_santafe_presidente_mesa.csv
2023,GENERAL,2023-10-22,PRESIDENTE Y VICE,21,Santa Fe,9,General Obligado,02310,,EN BLANCO,blancos,3,PROVISORIO,2023_GENERAL_santafe_presidente_mesa.csv
2023,GENERAL,2023-10-22,PRESIDENTE Y VICE,21,Santa Fe,9,General Obligado,02310,,FRENTE DE IZQUIERDA Y DE TRABAJADORES - UNIDAD,agrupacion,3,PROVISORIO,2023_GENERAL_santafe_presidente_mesa.csv
2023,GENERAL,2023-10-22,PRESIDENTE Y VICE,21,Santa Fe,9,General Obligado,02310,,HACEMOS POR NUESTRO PAIS,agrupacion,8,PROVISORIO,2023_GENERAL_santafe_presidente_mesa.csv
2023,GENERAL,2023-10-22,PRESIDENTE Y VICE,21,Santa Fe,9,General Obligado,02310,,IMPUGNADO,impugnados,0,PROVISORIO,2023_GENERAL_santafe_presidente_mesa.csv
2023,GENERAL,2023-10-22,PRESIDENTE Y VICE,21,Santa Fe,9,General Obligado,02310,,JUNTOS POR EL CAMBIO,agrupacion,51,PROVISORIO,2023_GENERAL_santafe_presidente_mesa.csv
2023,GENERAL,2023-10-22,PRESIDENTE Y VICE,21,Santa Fe,9,General Obligado,02310,,LA LIBERTAD AVANZA,agrupacion,75,PROVISORIO,2023_GENERAL_santafe_presidente_mesa.csv
2023,GENERAL,2023-10-22,PRESIDENTE Y VICE,21,Santa Fe,9,General Obligado,02310,,NULO,nulos,2,PROVISORIO,2023_GENERAL_santafe_presidente_mesa.csv
2023,GENERAL,2023-10-22,PRESIDENTE Y VICE,21,Santa Fe,9,General Obligado,02310,,RECURRIDO,recurridos,0,PROVISORIO,2023_GENERAL_santafe_presidente_mesa.csv
2023,GENERAL,2023-10-22,PRESIDENTE Y VICE,21,Santa Fe,9,General Obligado,02310,,UNION POR LA PATRIA,agrupacion,122,PROVISORIO,2023_GENERAL_santafe_presidente_mesa.csv
2023,GENERAL,2023-10-22,PRESIDENTE Y VICE,21,Santa Fe,9,General Obligado,02320,,COMANDO,comando,4,PROVISORIO,2023_GENERAL_santafe_presidente_mesa.csv
2023,GENERAL,2023-10-22,PRESIDENTE Y VICE,21,Santa Fe,9,General Obligado,02320,,EN BLANCO,blancos,94,PROVISORIO,2023_GENERAL_santafe_presidente_mesa.csv
2023,GENERAL,2023-10-22,PRESIDENTE Y VICE,21,Santa Fe,9,General Obligado,02320,,FRENTE DE IZQUIERDA Y DE TRABAJADORES - UNIDAD,agrupacion,91,PROVISORIO,2023_GENERAL_santafe_presidente_mesa.csv
2023,GENERAL,2023-10-22,PRESIDENTE Y VICE,21,Santa Fe,9,General Obligado,02320,,HACEMOS POR NUESTRO PAIS,agrupacion,775,PROVISORIO,2023_GENERAL_santafe_presidente_mesa.csv
2023,GENERAL,2023-10-22,PRESIDENTE Y VICE,21,Santa Fe,9,General Obligado,02320,,IMPUGNADO,impugnados,0,PROVISORIO,2023_GENERAL_santafe_presidente_mesa.csv
2023,GENERAL,2023-10-22,PRESIDENTE Y VICE,21,Santa Fe,9,General Obligado,02320,,JUNTOS POR EL CAMBIO,agrupacion,2673,PROVISORIO,2023_GENERAL_santafe_presidente_mesa.csv
2023,GENERAL,2023-10-22,PRESIDENTE Y VICE,21,Santa Fe,9,General Obligado,02320,,LA LIBERTAD AVANZA,agrupacion,3535,PROVISORIO,2023_GENERAL_santafe_presidente_mesa.csv
2023,GENERAL,2023-10-22,PRESIDENTE Y VICE,21,Santa Fe,9,General Obligado,02320,,NULO,nulos,176,PROVISORIO,2023_GENERAL_santafe_presidente_mesa.csv
2023,GENERAL,2023-10-22,PRESIDENTE Y VICE,21,Santa Fe,9,General Obligado,02320,,RECURRIDO,recurridos,0,PROVISORIO,2023_GENERAL_santafe_presidente_mesa.csv
2023,GENERAL,2023-10-22,PRESIDENTE Y VICE,21,Santa Fe,9,General Obligado,02320,,UNION POR LA PATRIA,agrupacion,4272,PROVISORIO,2023_GENERAL_santafe_presidente_mesa.csv
2023,GENERAL,2023-10-22,PRESIDENTE Y VICE,21,Santa Fe,9,General Obligado,02325,,COMANDO,comando,1,PROVISORIO,2023_GENERAL_santafe_presidente_mesa.csv
2023,GENERAL,2023-10-22,PRESIDENTE Y VICE,21,Santa Fe,9,General Obligado,02325,,EN BLANCO,blancos,1,PROVISORIO,2023_GENERAL_santafe_presidente_mesa.csv
2023,GENERAL,2023-10-22,PRESIDENTE Y VICE,21,Santa Fe,9,General Obligado,02325,,FRENTE DE IZQUIERDA Y DE TRABAJADORES - UNIDAD,agrupacion,0,PROVISORIO,2023_GENERAL_santafe_presidente_mesa.csv
2023,GENERAL,2023-10-22,PRESIDENTE Y VICE,21,Santa Fe,9,General Obligado,02325,,HACEMOS POR NUESTRO PAIS,agrupacion,3,PROVISORIO,2023_GENERAL_santafe_presidente_mesa.csv
2023,GENERAL,2023-10-22,PRESIDENTE Y VICE,21,Santa Fe,9,General Obligado,02325,,IMPUGNADO,impugnados,0,PROVISORIO,2023_GENERAL_santafe_presidente_mesa.csv
2023,GENERAL,2023-10-22,PRESIDENTE Y VICE,21,Santa Fe,9,General Obligado,02325,,JUNTOS POR EL CAMBIO,agrupacion,3,PROVISORIO,2023_GENERAL_santafe_presidente_mesa.csv
2023,GENERAL,2023-10-22,PRESIDENTE Y VICE,21,Santa Fe,9,General Obligado,02325,,LA LIBERTAD AVANZA,agrupacion,18,PROVISORIO,2023_GENERAL_santafe_presidente_mesa.csv
2023,GENERAL,2023-10-22,PRESIDENTE Y VICE,21,Santa Fe,9,General Obligado,02325,,NULO,nulos,1,PROVISORIO,2023_GENERAL_santafe_presidente_mesa.csv
2023,GENERAL,2023-10-22,PRESIDENTE Y VICE,21,Santa Fe,9,General Obligado,02325,,RECURRIDO,recurridos,0,PROVISORIO,2023_GENERAL_santafe_presidente_mesa.csv
2023,GENERAL,2023-10-22,PRESIDENTE Y VICE,21,Santa Fe,9,General Obligado,02325,,UNION POR LA PATRIA,agrupacion,29,PROVISORIO,2023_GENERAL_santafe_presidente_mesa.csv
2023,GENERAL,2023-10-22,PRESIDENTE Y VICE,21,Santa Fe,9,General Obligado,02330,,COMANDO,comando,0,PROVISORIO,2023_GENERAL_santafe_presidente_mesa.csv
2023,GENERAL,2023-10-22,PRESIDENTE Y VICE,21,Santa Fe,9,General Obligado,02330,,EN BLANCO,blancos,13,PROVISORIO,2023_GENERAL_santafe_presidente_mesa.csv
2023,GENERAL,2023-10-22,PRESIDENTE Y VICE,21,Santa Fe,9,General Obligado,02330,,FRENTE DE IZQUIERDA Y DE TRABAJADORES - UNIDAD,agrupacion,34,PROVISORIO,2023_GENERAL_santafe_presidente_mesa.csv
2023,GENERAL,2023-10-22,PRESIDENTE Y VICE,21,Santa Fe,9,General Obligado,02330,,HACEMOS POR NUESTRO PAIS,agrupacion,118,PROVISORIO,2023_GENERAL_santafe_presidente_mesa.csv
2023,GENERAL,2023-10-22,PRESIDENTE Y VICE,21,Santa Fe,9,General Obligado,02330,,IMPUGNADO,impugnados,0,PROVISORIO,2023_GENERAL_santafe_presidente_mesa.csv
2023,GENERAL,2023-10-22,PRESIDENTE Y VICE,21,Santa Fe,9,General Obligado,02330,,JUNTOS POR EL CAMBIO,agrupacion,432,PROVISORIO,2023_GENERAL_santafe_presidente_mesa.csv
2023,GENERAL,2023-10-22,PRESIDENTE Y VICE,21,Santa Fe,9,General Obligado,02330,,LA LIBERTAD AVANZA,agrupacion,547,PROVISORIO,2023_GENERAL_santafe_presidente_mesa.csv
2023,GENERAL,2023-10-22,PRESIDENTE Y VICE,21,Santa Fe,9,General Obligado,02330,,NULO,nulos,11,PROVISORIO,2023_GENERAL_santafe_presidente_mesa.csv
2023,GENERAL,2023-10-22,PRESIDENTE Y VICE,21,Santa Fe,9,General Obligado,02330,,RECURRIDO,recurridos,0,PROVISORIO,2023_GENERAL_santafe_presidente_mesa.csv
2023,GENERAL,2023-10-22,PRESIDENTE Y VICE,21,Santa Fe,9,General Obligado,02330,,UNION POR LA PATRIA,agrupacion,787,PROVISORIO,2023_GENERAL_santafe_presidente_mesa.csv
2023,GENERAL,2023-10-22,PRESIDENTE Y VICE,21,Santa Fe,9,General Obligado,02340,,COMANDO,comando,0,PROVISORIO,2023_GENERAL_santafe_presidente_mesa.csv
2023,GENERAL,2023-10-22,PRESIDENTE Y VICE,21,Santa Fe,9,General Obligado,02340,,EN BLANCO,blancos,10,PROVISORIO,2023_GENERAL_santafe_presidente_mesa.csv
2023,GENERAL,2023-10-22,PRESIDENTE Y VICE,21,Santa Fe,9,General Obligado,02340,,FRENTE DE IZQUIERDA Y DE TRABAJADORES - UNIDAD,agrupacion,11,PROVISORIO,2023_GENERAL_santafe_presidente_mesa.csv
2023,GENERAL,2023-10-22,PRESIDENTE Y VICE,21,Santa Fe,9,General Obligado,02340,,HACEMOS POR NUESTRO PAIS,agrupacion,87,PROVISORIO,2023_GENERAL_santafe_presidente_mesa.csv
2023,GENERAL,2023-10-22,PRESIDENTE Y VICE,21,Santa Fe,9,General Obligado,02340,,IMPUGNADO,impugnados,0,PROVISORIO,2023_GENERAL_santafe_presidente_mesa.csv
2023,GENERAL,2023-10-22,PRESIDENTE Y VICE,21,Santa Fe,9,General Obligado,02340,,JUNTOS POR EL CAMBIO,agrupacion,176,PROVISORIO,2023_GENERAL_santafe_presidente_mesa.csv
2023,GENERAL,2023-10-22,PRESIDENTE Y VICE,21,Santa Fe,9,General Obligado,02340,,LA LIBERTAD AVANZA,agrupacion,585,PROVISORIO,2023_GENERAL_santafe_presidente_mesa.csv
2023,GENERAL,2023-10-22,PRESIDENTE Y VICE,21,Santa Fe,9,General Obligado,02340,,NULO,nulos,14,PROVISORIO,2023_GENERAL_santafe_presidente_mesa.csv
2023,GENERAL,2023-10-22,PRESIDENTE Y VICE,21,Santa Fe,9,General Obligado,02340,,RECURRIDO,recurridos,0,PROVISORIO,2023_GENERAL_santafe_presidente_mesa.csv
2023,GENERAL,2023-10-22,PRESIDENTE Y VICE,21,Santa Fe,9,General Obligado,02340,,UNION POR LA PATRIA,agrupacion,798,PROVISORIO,2023_GENERAL_santafe_presidente_mesa.csv
2023,GENERAL,2023-10-22,PRESIDENTE Y VICE,21,Santa Fe,9,General Obligado,02350,,COMANDO,comando,0,PROVISORIO,2023_GENERAL_santafe_presidente_mesa.csv
2023,GENERAL,2023-10-22,PRESIDENTE Y VICE,21,Santa Fe,9,General Obligado,02350,,EN BLANCO,blancos,54,PROVISORIO,2023_GENERAL_santafe_presidente_mesa.csv
2023,GENERAL,2023-10-22,PRESIDENTE Y VICE,21,Santa Fe,9,General Obligado,02350,,FRENTE DE IZQUIERDA Y DE TRABAJADORES - UNIDAD,agrupacion,53,PROVISORIO,2023_GENERAL_santafe_presidente_mesa.csv
2023,GENERAL,2023-10-22,PRESIDENTE Y VICE,21,Santa Fe,9,General Obligado,02350,,HACEMOS POR NUESTRO PAIS,agrupacion,583,PROVISORIO,2023_GENERAL_santafe_presidente_mesa.csv
2023,GENERAL,2023-10-22,PRESIDENTE Y VICE,21,Santa Fe,9,General Obligado,02350,,IMPUGNADO,impugnados,0,PROVISORIO,2023_GENERAL_santafe_presidente_mesa.csv
2023,GENERAL,2023-10-22,PRESIDENTE Y VICE,21,Santa Fe,9,General Obligado,02350,,JUNTOS POR EL CAMBIO,agrupacion,1284,PROVISORIO,2023_GENERAL_santafe_presidente_mesa.csv
2023,GENERAL,2023-10-22,PRESIDENTE Y VICE,21,Santa Fe,9,General Obligado,02350,,LA LIBERTAD AVANZA,agrupacion,2635,PROVISORIO,2023_GENERAL_santafe_presidente_mesa.csv
2023,GENERAL,2023-10-22,PRESIDENTE Y VICE,21,Santa Fe,9,General Obligado,02350,,NULO,nulos,72,PROVISORIO,2023_GENERAL_santafe_presidente_mesa.csv
2023,GENERAL,2023-10-22,PRESIDENTE Y VICE,21,Santa Fe,9,General Obligado,02350,,RECURRIDO,recurridos,0,PROVISORIO,2023_GENERAL_santafe_presidente_mesa.csv
2023,GENERAL,2023-10-22,PRESIDENTE Y VICE,21,Santa Fe,9,General Obligado,02350,,UNION POR LA PATRIA,agrupacion,2949,PROVISORIO,2023_GENERAL_santafe_presidente_mesa.csv
2023,GENERAL,2023-10-22,PRESIDENTE Y VICE,21,Santa Fe,9,General Obligado,02370,,COMANDO,comando,0,PROVISORIO,2023_GENERAL_santafe_presidente_mesa.csv
2023,GENERAL,2023-10-22,PRESIDENTE Y VICE,21,Santa Fe,9,General Obligado,02370,,EN BLANCO,blancos,15,PROVISORIO,2023_GENERAL_santafe_presidente_mesa.csv
2023,GENERAL,2023-10-22,PRESIDENTE Y VICE,21,Santa Fe,9,General Obligado,02370,,FRENTE DE IZQUIERDA Y DE TRABAJADORES - UNIDAD,agrupacion,37,PROVISORIO,2023_GENERAL_santafe_presidente_mesa.csv
2023,GENERAL,2023-10-22,PRESIDENTE Y VICE,21,Santa Fe,9,General Obligado,02370,,HACEMOS POR NUESTRO PAIS,agrupacion,132,PROVISORIO,2023_GENERAL_santafe_presidente_mesa.csv
2023,GENERAL,2023-10-22,PRESIDENTE Y VICE,21,Santa Fe,9,General Obligado,02370,,IMPUGNADO,impugnados,0,PROVISORIO,2023_GENERAL_santafe_presidente_mesa.csv
2023,GENERAL,2023-10-22,PRESIDENTE Y VICE,21,Santa Fe,9,General Obligado,02370,,JUNTOS POR EL CAMBIO,agrupacion,470,PROVISORIO,2023_GENERAL_santafe_presidente_mesa.csv
2023,GENERAL,2023-10-22,PRESIDENTE Y VICE,21,Santa Fe,9,General Obligado,02370,,LA LIBERTAD AVANZA,agrupacion,798,PROVISORIO,2023_GENERAL_santafe_presidente_mesa.csv
2023,GENERAL,2023-10-22,PRESIDENTE Y VICE,21,Santa Fe,9,General Obligado,02370,,NULO,nulos,26,PROVISORIO,2023_GENERAL_santafe_presidente_mesa.csv
2023,GENERAL,2023-10-22,PRESIDENTE Y VICE,21,Santa Fe,9,General Obligado,02370,,RECURRIDO,recurridos,0,PROVISORIO,2023_GENERAL_santafe_presidente_mesa.csv
2023,GENERAL,2023-10-22,PRESIDENTE Y VICE,21,Santa Fe,9,General Obligado,02370,,UNION POR LA PATRIA,agrupacion,1289,PROVISORIO,2023_GENERAL_santafe_presidente_mesa.csv
2023,GENERAL,2023-10-22,PRESIDENTE Y VICE,21,Santa Fe,9,General Obligado,02380,,COMANDO,comando,0,PROVISORIO,2023_GENERAL_santafe_presidente_mesa.csv
2023,GENERAL,2023-10-22,PRESIDENTE Y VICE,21,Santa Fe,9,General Obligado,02380,,EN BLANCO,blancos,0,PROVISORIO,2023_GENERAL_santafe_presidente_mesa.csv
2023,GENERAL,2023-10-22,PRESIDENTE Y VICE,21,Santa Fe,9,General Obligado,02380,,FRENTE DE IZQUIERDA Y DE TRABAJADORES - UNIDAD,agrupacion,6,PROVISORIO,2023_GENERAL_santafe_presidente_mesa.csv
2023,GENERAL,2023-10-22,PRESIDENTE Y VICE,21,Santa Fe,9,General Obligado,02380,,HACEMOS POR NUESTRO PAIS,agrupacion,19,PROVISORIO,2023_GENERAL_santafe_presidente_mesa.csv
2023,GENERAL,2023-10-22,PRESIDENTE Y VICE,21,Santa Fe,9,General Obligado,02380,,IMPUGNADO,impugnados,0,PROVISORIO,2023_GENERAL_santafe_presidente_mesa.csv
2023,GENERAL,2023-10-22,PRESIDENTE Y VICE,21,Santa Fe,9,General Obligado,02380,,JUNTOS POR EL CAMBIO,agrupacion,92,PROVISORIO,2023_GENERAL_santafe_presidente_mesa.csv
2023,GENERAL,2023-10-22,PRESIDENTE Y VICE,21,Santa Fe,9,General Obligado,02380,,LA LIBERTAD AVANZA,agrupacion,162,PROVISORIO,2023_GENERAL_santafe_presidente_mesa.csv
2023,GENERAL,2023-10-22,PRESIDENTE Y VICE,21,Santa Fe,9,General Obligado,02380,,NULO,nulos,1,PROVISORIO,2023_GENERAL_santafe_presidente_mesa.csv
2023,GENERAL,2023-10-22,PRESIDENTE Y VICE,21,Santa Fe,9,General Obligado,02380,,RECURRIDO,recurridos,0,PROVISORIO,2023_GENERAL_santafe_presidente_mesa.csv
2023,GENERAL,2023-10-22,PRESIDENTE Y VICE,21,Santa Fe,9,General Obligado,02380,,UNION POR LA PATRIA,agrupacion,416,PROVISORIO,2023_GENERAL_santafe_presidente_mesa.csv
2023,GENERAL,2023-10-22,PRESIDENTE Y VICE,21,Santa Fe,9,General Obligado,02390,,COMANDO,comando,5,PROVISORIO,2023_GENERAL_santafe_presidente_mesa.csv
2023,GENERAL,2023-10-22,PRESIDENTE Y VICE,21,Santa Fe,9,General Obligado,02390,,EN BLANCO,blancos,30,PROVISORIO,2023_GENERAL_santafe_presidente_mesa.csv
2023,GENERAL,2023-10-22,PRESIDENTE Y VICE,21,Santa Fe,9,General Obligado,02390,,FRENTE DE IZQUIERDA Y DE TRABAJADORES - UNIDAD,agrupacion,23,PROVISORIO,2023_GENERAL_santafe_presidente_mesa.csv
2023,GENERAL,2023-10-22,PRESIDENTE Y VICE,21,Santa Fe,9,General Obligado,02390,,HACEMOS POR NUESTRO PAIS,agrupacion,95,PROVISORIO,2023_GENERAL_santafe_presidente_mesa.csv
2023,GENERAL,2023-10-22,PRESIDENTE Y VICE,21,Santa Fe,9,General Obligado,02390,,IMPUGNADO,impugnados,0,PROVISORIO,2023_GENERAL_santafe_presidente_mesa.csv
2023,GENERAL,2023-10-22,PRESIDENTE Y VICE,21,Santa Fe,9,General Obligado,02390,,JUNTOS POR EL CAMBIO,agrupacion,764,PROVISORIO,2023_GENERAL_santafe_presidente_mesa.csv
2023,GENERAL,2023-10-22,PRESIDENTE Y VICE,21,Santa Fe,9,General Obligado,02390,,LA LIBERTAD AVANZA,agrupacion,929,PROVISORIO,2023_GENERAL_santafe_presidente_mesa.csv
2023,GENERAL,2023-10-22,PRESIDENTE Y VICE,21,Santa Fe,9,General Obligado,02390,,NULO,nulos,24,PROVISORIO,2023_GENERAL_santafe_presidente_mesa.csv
2023,GENERAL,2023-10-22,PRESIDENTE Y VICE,21,Santa Fe,9,General Obligado,02390,,RECURRIDO,recurridos,0,PROVISORIO,2023_GENERAL_santafe_presidente_mesa.csv
2023,GENERAL,2023-10-22,PRESIDENTE Y VICE,21,Santa Fe,9,General Obligado,02390,,UNION POR LA PATRIA,agrupacion,1953,PROVISORIO,2023_GENERAL_santafe_presidente_mesa.csv
2023,GENERAL,2023-10-22,PRESIDENTE Y VICE,21,Santa Fe,9,General Obligado,02395,,COMANDO,comando,0,PROVISORIO,2023_GENERAL_santafe_presidente_mesa.csv
2023,GENERAL,2023-10-22,PRESIDENTE Y VICE,21,Santa Fe,9,General Obligado,02395,,EN BLANCO,blancos,4,PROVISORIO,2023_GENERAL_santafe_presidente_mesa.csv
2023,GENERAL,2023-10-22,PRESIDENTE Y VICE,21,Santa Fe,9,General Obligado,02395,,FRENTE DE IZQUIERDA Y DE TRABAJADORES - UNIDAD,agrupacion,0,PROVISORIO,2023_GENERAL_santafe_presidente_mesa.csv
2023,GENERAL,2023-10-22,PRESIDENTE Y VICE,21,Santa Fe,9,General Obligado,02395,,HACEMOS POR NUESTRO PAIS,agrupacion,15,PROVISORIO,2023_GENERAL_santafe_presidente_mesa.csv
2023,GENERAL,2023-10-22,PRESIDENTE Y VICE,21,Santa Fe,9,General Obligado,02395,,IMPUGNADO,impugnados,0,PROVISORIO,2023_GENERAL_santafe_presidente_mesa.csv
2023,GENERAL,2023-10-22,PRESIDENTE Y VICE,21,Santa Fe,9,General Obligado,02395,,JUNTOS POR EL CAMBIO,agrupacion,96,PROVISORIO,2023_GENERAL_santafe_presidente_mesa.csv
2023,GENERAL,2023-10-22,PRESIDENTE Y VICE,21,Santa Fe,9,General Obligado,02395,,LA LIBERTAD AVANZA,agrupacion,150,PROVISORIO,2023_GENERAL_santafe_presidente_mesa.csv
2023,GENERAL,2023-10-22,PRESIDENTE Y VICE,21,Santa Fe,9,General Obligado,02395,,NULO,nulos,0,PROVISORIO,2023_GENERAL_santafe_presidente_mesa.csv
2023,GENERAL,2023-10-22,PRESIDENTE Y VICE,21,Santa Fe,9,General Obligado,02395,,RECURRIDO,recurridos,0,PROVISORIO,2023_GENERAL_santafe_presidente_mesa.csv
2023,GENERAL,2023-10-22,PRESIDENTE Y VICE,21,Santa Fe,9,General Obligado,02395,,UNION POR LA PATRIA,agrupacion,261,PROVISORIO,2023_GENERAL_santafe_presidente_mesa.csv
2023,GENERAL,2023-10-22,PRESIDENTE Y VICE,21,Santa Fe,9,General Obligado,02400,,COMANDO,comando,0,PROVISORIO,2023_GENERAL_santafe_presidente_mesa.csv
2023,GENERAL,2023-10-22,PRESIDENTE Y VICE,21,Santa Fe,9,General Obligado,02400,,EN BLANCO,blancos,0,PROVISORIO,2023_GENERAL_santafe_presidente_mesa.csv
2023,GENERAL,2023-10-22,PRESIDENTE Y VICE,21,Santa Fe,9,General Obligado,02400,,FRENTE DE IZQUIERDA Y DE TRABAJADORES - UNIDAD,agrupacion,0,PROVISORIO,2023_GENERAL_santafe_presidente_mesa.csv
2023,GENERAL,2023-10-22,PRESIDENTE Y VICE,21,Santa Fe,9,General Obligado,02400,,HACEMOS POR NUESTRO PAIS,agrupacion,0,PROVISORIO,2023_GENERAL_santafe_presidente_mesa.csv
2023,GENERAL,2023-10-22,PRESIDENTE Y VICE,21,Santa Fe,9,General Obligado,02400,,IMPUGNADO,impugnados,0,PROVISORIO,2023_GENERAL_santafe_presidente_mesa.csv
2023,GENERAL,2023-10-22,PRESIDENTE Y VICE,21,Santa Fe,9,General Obligado,02400,,JUNTOS POR EL CAMBIO,agrupacion,13,PROVISORIO,2023_GENERAL_santafe_presidente_mesa.csv
2023,GENERAL,2023-10-22,PRESIDENTE Y VICE,21,Santa Fe,9,General Obligado,02400,,LA LIBERTAD AVANZA,agrupacion,28,PROVISORIO,2023_GENERAL_santafe_presidente_mesa.csv
2023,GENERAL,2023-10-22,PRESIDENTE Y VICE,21,Santa Fe,9,General Obligado,02400,,NULO,nulos,0,PROVISORIO,2023_GENERAL_santafe_presidente_mesa.csv
2023,GENERAL,2023-10-22,PRESIDENTE Y VICE,21,Santa Fe,9,General Obligado,02400,,RECURRIDO,recurridos,0,PROVISORIO,2023_GENERAL_santafe_presidente_mesa.csv
2023,GENERAL,2023-10-22,PRESIDENTE Y VICE,21,Santa Fe,9,General Obligado,02400,,UNION POR LA PATRIA,agrupacion,149,PROVISORIO,2023_GENERAL_santafe_presidente_mesa.csv
2023,GENERAL,2023-10-22,PRESIDENTE Y VICE,21,Santa Fe,9,General Obligado,02410,,COMANDO,comando,0,PROVISORIO,2023_GENERAL_santafe_presidente_mesa.csv
2023,GENERAL,2023-10-22,PRESIDENTE Y VICE,21,Santa Fe,9,General Obligado,02410,,EN BLANCO,blancos,0,PROVISORIO,2023_GENERAL_santafe_presidente_mesa.csv
2023,GENERAL,2023-10-22,PRESIDENTE Y VICE,21,Santa Fe,9,General Obligado,02410,,FRENTE DE IZQUIERDA Y DE TRABAJADORES - UNIDAD,agrupacion,0,PROVISORIO,2023_GENERAL_santafe_presidente_mesa.csv
2023,GENERAL,2023-10-22,PRESIDENTE Y VICE,21,Santa Fe,9,General Obligado,02410,,HACEMOS POR NUESTRO PAIS,agrupacion,0,PROVISORIO,2023_GENERAL_santafe_presidente_mesa.csv
2023,GENERAL,2023-10-22,PRESIDENTE Y VICE,21,Santa Fe,9,General Obligado,02410,,IMPUGNADO,impugnados,0,PROVISORIO,2023_GENERAL_santafe_presidente_mesa.csv
2023,GENERAL,2023-10-22,PRESIDENTE Y VICE,21,Santa Fe,9,General Obligado,02410,,JUNTOS POR EL CAMBIO,agrupacion,4,PROVISORIO,2023_GENERAL_santafe_presidente_mesa.csv
2023,GENERAL,2023-10-22,PRESIDENTE Y VICE,21,Santa Fe,9,General Obligado,02410,,LA LIBERTAD AVANZA,agrupacion,11,PROVISORIO,2023_GENERAL_santafe_presidente_mesa.csv
2023,GENERAL,2023-10-22,PRESIDENTE Y VICE,21,Santa Fe,9,General Obligado,02410,,NULO,nulos,0,PROVISORIO,2023_GENERAL_santafe_presidente_mesa.csv
2023,GENERAL,2023-10-22,PRESIDENTE Y VICE,21,Santa Fe,9,General Obligado,02410,,RECURRIDO,recurridos,0,PROVISORIO,2023_GENERAL_santafe_presidente_mesa.csv
2023,GENERAL,2023-10-22,PRESIDENTE Y VICE,21,Santa Fe,9,General Obligado,02410,,UNION POR LA PATRIA,agrupacion,9,PROVISORIO,2023_GENERAL_santafe_presidente_mesa.csv
2023,GENERAL,2023-10-22,PRESIDENTE Y VICE,21,Santa Fe,9,General Obligado,02420,,COMANDO,comando,0,PROVISORIO,2023_GENERAL_santafe_presidente_mesa.csv
2023,GENERAL,2023-10-22,PRESIDENTE Y VICE,21,Santa Fe,9,General Obligado,02420,,EN BLANCO,blancos,13,PROVISORIO,2023_GENERAL_santafe_presidente_mesa.csv
2023,GENERAL,2023-10-22,PRESIDENTE Y VICE,21,Santa Fe,9,General Obligado,02420,,FRENTE DE IZQUIERDA Y DE TRABAJADORES - UNIDAD,agrupacion,7,PROVISORIO,2023_GENERAL_santafe_presidente_mesa.csv
2023,GENERAL,2023-10-22,PRESIDENTE Y VICE,21,Santa Fe,9,General Obligado,02420,,HACEMOS POR NUESTRO PAIS,agrupacion,35,PROVISORIO,2023_GENERAL_santafe_presidente_mesa.csv
2023,GENERAL,2023-10-22,PRESIDENTE Y VICE,21,Santa Fe,9,General Obligado,02420,,IMPUGNADO,impugnados,0,PROVISORIO,2023_GENERAL_santafe_presidente_mesa.csv
2023,GENERAL,2023-10-22,PRESIDENTE Y VICE,21,Santa Fe,9,General Obligado,02420,,JUNTOS POR EL CAMBIO,agrupacion,247,PROVISORIO,2023_GENERAL_santafe_presidente_mesa.csv
2023,GENERAL,2023-10-22,PRESIDENTE Y VICE,21,Santa Fe,9,General Obligado,02420,,LA LIBERTAD AVANZA,agrupacion,385,PROVISORIO,2023_GENERAL_santafe_presidente_mesa.csv
2023,GENERAL,2023-10-22,PRESIDENTE Y VICE,21,Santa Fe,9,General Obligado,02420,,NULO,nulos,10,PROVISORIO,2023_GENERAL_santafe_presidente_mesa.csv
2023,GENERAL,2023-10-22,PRESIDENTE Y VICE,21,Santa Fe,9,General Obligado,02420,,RECURRIDO,recurridos,0,PROVISORIO,2023_GENERAL_santafe_presidente_mesa.csv
2023,GENERAL,2023-10-22,PRESIDENTE Y VICE,21,Santa Fe,9,General Obligado,02420,,UNION POR LA PATRIA,agrupacion,221,PROVISORIO,2023_GENERAL_santafe_presidente_mesa.csv
2023,GENERAL,2023-10-22,PRESIDENTE Y VICE,21,Santa Fe,9,General Obligado,02440,,COMANDO,comando,0,PROVISORIO,2023_GENERAL_santafe_presidente_mesa.csv
2023,GENERAL,2023-10-22,PRESIDENTE Y VICE,21,Santa Fe,9,General Obligado,02440,,EN BLANCO,blancos,2,PROVISORIO,2023_GENERAL_santafe_presidente_mesa.csv
2023,GENERAL,2023-10-22,PRESIDENTE Y VICE,21,Santa Fe,9,General Obligado,02440,,FRENTE DE IZQUIERDA Y DE TRABAJADORES - UNIDAD,agrupacion,0,PROVISORIO,2023_GENERAL_santafe_presidente_mesa.csv
2023,GENERAL,2023-10-22,PRESIDENTE Y VICE,21,Santa Fe,9,General Obligado,02440,,HACEMOS POR NUESTRO PAIS,agrupacion,8,PROVISORIO,2023_GENERAL_santafe_presidente_mesa.csv
2023,GENERAL,2023-10-22,PRESIDENTE Y VICE,21,Santa Fe,9,General Obligado,02440,,IMPUGNADO,impugnados,0,PROVISORIO,2023_GENERAL_santafe_presidente_mesa.csv
2023,GENERAL,2023-10-22,PRESIDENTE Y VICE,21,Santa Fe,9,General Obligado,02440,,JUNTOS POR EL CAMBIO,agrupacion,32,PROVISORIO,2023_GENERAL_santafe_presidente_mesa.csv
2023,GENERAL,2023-10-22,PRESIDENTE Y VICE,21,Santa Fe,9,General Obligado,02440,,LA LIBERTAD AVANZA,agrupacion,41,PROVISORIO,2023_GENERAL_santafe_presidente_mesa.csv
2023,GENERAL,2023-10-22,PRESIDENTE Y VICE,21,Santa Fe,9,General Obligado,02440,,NULO,nulos,3,PROVISORIO,2023_GENERAL_santafe_presidente_mesa.csv
2023,GENERAL,2023-10-22,PRESIDENTE Y VICE,21,Santa Fe,9,General Obligado,02440,,RECURRIDO,recurridos,0,PROVISORIO,2023_GENERAL_santafe_presidente_mesa.csv
2023,GENERAL,2023-10-22,PRESIDENTE Y VICE,21,Santa Fe,9,General Obligado,02440,,UNION POR LA PATRIA,agrupacion,21,PROVISORIO,2023_GENERAL_santafe_presidente_mesa.csv
2023,GENERAL,2023-10-22,PRESIDENTE Y VICE,21,Santa Fe,9,General Obligado,02444,,COMANDO,comando,0,PROVISORIO,2023_GENERAL_santafe_presidente_mesa.csv
2023,GENERAL,2023-10-22,PRESIDENTE Y VICE,21,Santa Fe,9,General Obligado,02444,,EN BLANCO,blancos,2,PROVISORIO,2023_GENERAL_santafe_presidente_mesa.csv
2023,GENERAL,2023-10-22,PRESIDENTE Y VICE,21,Santa Fe,9,General Obligado,02444,,FRENTE DE IZQUIERDA Y DE TRABAJADORES - UNIDAD,agrupacion,4,PROVISORIO,2023_GENERAL_santafe_presidente_mesa.csv
2023,GENERAL,2023-10-22,PRESIDENTE Y VICE,21,Santa Fe,9,General Obligado,02444,,HACEMOS POR NUESTRO PAIS,agrupacion,26,PROVISORIO,2023_GENERAL_santafe_presidente_mesa.csv
2023,GENERAL,2023-10-22,PRESIDENTE Y VICE,21,Santa Fe,9,General Obligado,02444,,IMPUGNADO,impugnados,0,PROVISORIO,2023_GENERAL_santafe_presidente_mesa.csv
2023,GENERAL,2023-10-22,PRESIDENTE Y VICE,21,Santa Fe,9,General Obligado,02444,,JUNTOS POR EL CAMBIO,agrupacion,127,PROVISORIO,2023_GENERAL_santafe_presidente_mesa.csv
2023,GENERAL,2023-10-22,PRESIDENTE Y VICE,21,Santa Fe,9,General Obligado,02444,,LA LIBERTAD AVANZA,agrupacion,136,PROVISORIO,2023_GENERAL_santafe_presidente_mesa.csv
2023,GENERAL,2023-10-22,PRESIDENTE Y VICE,21,Santa Fe,9,General Obligado,02444,,NULO,nulos,1,PROVISORIO,2023_GENERAL_santafe_presidente_mesa.csv
2023,GENERAL,2023-10-22,PRESIDENTE Y VICE,21,Santa Fe,9,General Obligado,02444,,RECURRIDO,recurridos,0,PROVISORIO,2023_GENERAL_santafe_presidente_mesa.csv
2023,GENERAL,2023-10-22,PRESIDENTE Y VICE,21,Santa Fe,9,General Obligado,02444,,UNION POR LA PATRIA,agrupacion,79,PROVISORIO,2023_GENERAL_santafe_presidente_mesa.csv
2023,GENERAL,2023-10-22,PRESIDENTE Y VICE,21,Santa Fe,9,General Obligado,02446,,COMANDO,comando,0,PROVISORIO,2023_GENERAL_santafe_presidente_mesa.csv
2023,GENERAL,2023-10-22,PRESIDENTE Y VICE,21,Santa Fe,9,General Obligado,02446,,EN BLANCO,blancos,3,PROVISORIO,2023_GENERAL_santafe_presidente_mesa.csv
2023,GENERAL,2023-10-22,PRESIDENTE Y VICE,21,Santa Fe,9,General Obligado,02446,,FRENTE DE IZQUIERDA Y DE TRABAJADORES - UNIDAD,agrupacion,5,PROVISORIO,2023_GENERAL_santafe_presidente_mesa.csv
2023,GENERAL,2023-10-22,PRESIDENTE Y VICE,21,Santa Fe,9,General Obligado,02446,,HACEMOS POR NUESTRO PAIS,agrupacion,18,PROVISORIO,2023_GENERAL_santafe_presidente_mesa.csv
2023,GENERAL,2023-10-22,PRESIDENTE Y VICE,21,Santa Fe,9,General Obligado,02446,,IMPUGNADO,impugnados,0,PROVISORIO,2023_GENERAL_santafe_presidente_mesa.csv
2023,GENERAL,2023-10-22,PRESIDENTE Y VICE,21,Santa Fe,9,General Obligado,02446,,JUNTOS POR EL CAMBIO,agrupacion,59,PROVISORIO,2023_GENERAL_santafe_presidente_mesa.csv
2023,GENERAL,2023-10-22,PRESIDENTE Y VICE,21,Santa Fe,9,General Obligado,02446,,LA LIBERTAD AVANZA,agrupacion,128,PROVISORIO,2023_GENERAL_santafe_presidente_mesa.csv
2023,GENERAL,2023-10-22,PRESIDENTE Y VICE,21,Santa Fe,9,General Obligado,02446,,NULO,nulos,3,PROVISORIO,2023_GENERAL_santafe_presidente_mesa.csv
2023,GENERAL,2023-10-22,PRESIDENTE Y VICE,21,Santa Fe,9,General Obligado,02446,,RECURRIDO,recurridos,0,PROVISORIO,2023_GENERAL_santafe_presidente_mesa.csv
2023,GENERAL,2023-10-22,PRESIDENTE Y VICE,21,Santa Fe,9,General Obligado,02446,,UNION POR LA PATRIA,agrupacion,137,PROVISORIO,2023_GENERAL_santafe_presidente_mesa.csv
2023,GENERAL,2023-10-22,PRESIDENTE Y VICE,21,Santa Fe,9,General Obligado,02450,,COMANDO,comando,3,PROVISORIO,2023_GENERAL_santafe_presidente_mesa.csv
2023,GENERAL,2023-10-22,PRESIDENTE Y VICE,21,Santa Fe,9,General Obligado,02450,,EN BLANCO,blancos,11,PROVISORIO,2023_GENERAL_santafe_presidente_mesa.csv
2023,GENERAL,2023-10-22,PRESIDENTE Y VICE,21,Santa Fe,9,General Obligado,02450,,FRENTE DE IZQUIERDA Y DE TRABAJADORES - UNIDAD,agrupacion,5,PROVISORIO,2023_GENERAL_santafe_presidente_mesa.csv
2023,GENERAL,2023-10-22,PRESIDENTE Y VICE,21,Santa Fe,9,General Obligado,02450,,HACEMOS POR NUESTRO PAIS,agrupacion,47,PROVISORIO,2023_GENERAL_santafe_presidente_mesa.csv
2023,GENERAL,2023-10-22,PRESIDENTE Y VICE,21,Santa Fe,9,General Obligado,02450,,IMPUGNADO,impugnados,0,PROVISORIO,2023_GENERAL_santafe_presidente_mesa.csv
2023,GENERAL,2023-10-22,PRESIDENTE Y VICE,21,Santa Fe,9,General Obligado,02450,,JUNTOS POR EL CAMBIO,agrupacion,234,PROVISORIO,2023_GENERAL_santafe_presidente_mesa.csv
2023,GENERAL,2023-10-22,PRESIDENTE Y VICE,21,Santa Fe,9,General Obligado,02450,,LA LIBERTAD AVANZA,agrupacion,303,PROVISORIO,2023_GENERAL_santafe_presidente_mesa.csv
2023,GENERAL,2023-10-22,PRESIDENTE Y VICE,21,Santa Fe,9,General Obligado,02450,,NULO,nulos,6,PROVISORIO,2023_GENERAL_santafe_presidente_mesa.csv
2023,GENERAL,2023-10-22,PRESIDENTE Y VICE,21,Santa Fe,9,General Obligado,02450,,RECURRIDO,recurridos,0,PROVISORIO,2023_GENERAL_santafe_presidente_mesa.csv
2023,GENERAL,2023-10-22,PRESIDENTE Y VICE,21,Santa Fe,9,General Obligado,02450,,UNION POR LA PATRIA,agrupacion,163,PROVISORIO,2023_GENERAL_santafe_presidente_mesa.csv
2023,GENERAL,2023-10-22,PRESIDENTE Y VICE,21,Santa Fe,9,General Obligado,02460,,COMANDO,comando,0,PROVISORIO,2023_GENERAL_santafe_presidente_mesa.csv
2023,GENERAL,2023-10-22,PRESIDENTE Y VICE,21,Santa Fe,9,General Obligado,02460,,EN BLANCO,blancos,3,PROVISORIO,2023_GENERAL_santafe_presidente_mesa.csv
2023,GENERAL,2023-10-22,PRESIDENTE Y VICE,21,Santa Fe,9,General Obligado,02460,,FRENTE DE IZQUIERDA Y DE TRABAJADORES - UNIDAD,agrupacion,3,PROVISORIO,2023_GENERAL_santafe_presidente_mesa.csv
2023,GENERAL,2023-10-22,PRESIDENTE Y VICE,21,Santa Fe,9,General Obligado,02460,,HACEMOS POR NUESTRO PAIS,agrupacion,26,PROVISORIO,2023_GENERAL_santafe_presidente_mesa.csv
2023,GENERAL,2023-10-22,PRESIDENTE Y VICE,21,Santa Fe,9,General Obligado,02460,,IMPUGNADO,impugnados,0,PROVISORIO,2023_GENERAL_santafe_presidente_mesa.csv
2023,GENERAL,2023-10-22,PRESIDENTE Y VICE,21,Santa Fe,9,General Obligado,02460,,JUNTOS POR EL CAMBIO,agrupacion,206,PROVISORIO,2023_GENERAL_santafe_presidente_mesa.csv
2023,GENERAL,2023-10-22,PRESIDENTE Y VICE,21,Santa Fe,9,General Obligado,02460,,LA LIBERTAD AVANZA,agrupacion,281,PROVISORIO,2023_GENERAL_santafe_presidente_mesa.csv
2023,GENERAL,2023-10-22,PRESIDENTE Y VICE,21,Santa Fe,9,General Obligado,02460,,NULO,nulos,9,PROVISORIO,2023_GENERAL_santafe_presidente_mesa.csv
2023,GENERAL,2023-10-22,PRESIDENTE Y VICE,21,Santa Fe,9,General Obligado,02460,,RECURRIDO,recurridos,0,PROVISORIO,2023_GENERAL_santafe_presidente_mesa.csv
2023,GENERAL,2023-10-22,PRESIDENTE Y VICE,21,Santa Fe,9,General Obligado,02460,,UNION POR LA PATRIA,agrupacion,295,PROVISORIO,2023_GENERAL_santafe_presidente_mesa.csv
2023,GENERAL,2023-10-22,PRESIDENTE Y VICE,21,Santa Fe,9,General Obligado,02465,,COMANDO,comando,0,PROVISORIO,2023_GENERAL_santafe_presidente_mesa.csv
2023,GENERAL,2023-10-22,PRESIDENTE Y VICE,21,Santa Fe,9,General Obligado,02465,,EN BLANCO,blancos,2,PROVISORIO,2023_GENERAL_santafe_presidente_mesa.csv
2023,GENERAL,2023-10-22,PRESIDENTE Y VICE,21,Santa Fe,9,General Obligado,02465,,FRENTE DE IZQUIERDA Y DE TRABAJADORES - UNIDAD,agrupacion,1,PROVISORIO,2023_GENERAL_santafe_presidente_mesa.csv
2023,GENERAL,2023-10-22,PRESIDENTE Y VICE,21,Santa Fe,9,General Obligado,02465,,HACEMOS POR NUESTRO PAIS,agrupacion,3,PROVISORIO,2023_GENERAL_santafe_presidente_mesa.csv
2023,GENERAL,2023-10-22,PRESIDENTE Y VICE,21,Santa Fe,9,General Obligado,02465,,IMPUGNADO,impugnados,0,PROVISORIO,2023_GENERAL_santafe_presidente_mesa.csv
2023,GENERAL,2023-10-22,PRESIDENTE Y VICE,21,Santa Fe,9,General Obligado,02465,,JUNTOS POR EL CAMBIO,agrupacion,14,PROVISORIO,2023_GENERAL_santafe_presidente_mesa.csv
2023,GENERAL,2023-10-22,PRESIDENTE Y VICE,21,Santa Fe,9,General Obligado,02465,,LA LIBERTAD AVANZA,agrupacion,20,PROVISORIO,2023_GENERAL_santafe_presidente_mesa.csv
2023,GENERAL,2023-10-22,PRESIDENTE Y VICE,21,Santa Fe,9,General Obligado,02465,,NULO,nulos,1,PROVISORIO,2023_GENERAL_santafe_presidente_mesa.csv
2023,GENERAL,2023-10-22,PRESIDENTE Y VICE,21,Santa Fe,9,General Obligado,02465,,RECURRIDO,recurridos,0,PROVISORIO,2023_GENERAL_santafe_presidente_mesa.csv
2023,GENERAL,2023-10-22,PRESIDENTE Y VICE,21,Santa Fe,9,General Obligado,02465,,UNION POR LA PATRIA,agrupacion,53,PROVISORIO,2023_GENERAL_santafe_presidente_mesa.csv
2023,GENERAL,2023-10-22,PRESIDENTE Y VICE,21,Santa Fe,9,General Obligado,02470,,COMANDO,comando,0,PROVISORIO,2023_GENERAL_santafe_presidente_mesa.csv
2023,GENERAL,2023-10-22,PRESIDENTE Y VICE,21,Santa Fe,9,General Obligado,02470,,EN BLANCO,blancos,2,PROVISORIO,2023_GENERAL_santafe_presidente_mesa.csv
2023,GENERAL,2023-10-22,PRESIDENTE Y VICE,21,Santa Fe,9,General Obligado,02470,,FRENTE DE IZQUIERDA Y DE TRABAJADORES - UNIDAD,agrupacion,4,PROVISORIO,2023_GENERAL_santafe_presidente_mesa.csv
2023,GENERAL,2023-10-22,PRESIDENTE Y VICE,21,Santa Fe,9,General Obligado,02470,,HACEMOS POR NUESTRO PAIS,agrupacion,40,PROVISORIO,2023_GENERAL_santafe_presidente_mesa.csv
2023,GENERAL,2023-10-22,PRESIDENTE Y VICE,21,Santa Fe,9,General Obligado,02470,,IMPUGNADO,impugnados,0,PROVISORIO,2023_GENERAL_santafe_presidente_mesa.csv
2023,GENERAL,2023-10-22,PRESIDENTE Y VICE,21,Santa Fe,9,General Obligado,02470,,JUNTOS POR EL CAMBIO,agrupacion,180,PROVISORIO,2023_GENERAL_santafe_presidente_mesa.csv
2023,GENERAL,2023-10-22,PRESIDENTE Y VICE,21,Santa Fe,9,General Obligado,02470,,LA LIBERTAD AVANZA,agrupacion,232,PROVISORIO,2023_GENERAL_santafe_presidente_mesa.csv
2023,GENERAL,2023-10-22,PRESIDENTE Y VICE,21,Santa Fe,9,General Obligado,02470,,NULO,nulos,3,PROVISORIO,2023_GENERAL_santafe_presidente_mesa.csv
2023,GENERAL,2023-10-22,PRESIDENTE Y VICE,21,Santa Fe,9,General Obligado,02470,,RECURRIDO,recurridos,0,PROVISORIO,2023_GENERAL_santafe_presidente_mesa.csv
2023,GENERAL,2023-10-22,PRESIDENTE Y VICE,21,Santa Fe,9,General Obligado,02470,,UNION POR LA PATRIA,agrupacion,79,PROVISORIO,2023_GENERAL_santafe_presidente_mesa.csv
2023,GENERAL,2023-10-22,PRESIDENTE Y VICE,21,Santa Fe,9,General Obligado,02480,,COMANDO,comando,0,PROVISORIO,2023_GENERAL_santafe_presidente_mesa.csv
2023,GENERAL,2023-10-22,PRESIDENTE Y VICE,21,Santa Fe,9,General Obligado,02480,,EN BLANCO,blancos,1,PROVISORIO,2023_GENERAL_santafe_presidente_mesa.csv
2023,GENERAL,2023-10-22,PRESIDENTE Y VICE,21,Santa Fe,9,General Obligado,02480,,FRENTE DE IZQUIERDA Y DE TRABAJADORES - UNIDAD,agrupacion,4,PROVISORIO,2023_GENERAL_santafe_presidente_mesa.csv
2023,GENERAL,2023-10-22,PRESIDENTE Y VICE,21,Santa Fe,9,General Obligado,02480,,HACEMOS POR NUESTRO PAIS,agrupacion,5,PROVISORIO,2023_GENERAL_santafe_presidente_mesa.csv
2023,GENERAL,2023-10-22,PRESIDENTE Y VICE,21,Santa Fe,9,General Obligado,02480,,IMPUGNADO,impugnados,0,PROVISORIO,2023_GENERAL_santafe_presidente_mesa.csv
2023,GENERAL,2023-10-22,PRESIDENTE Y VICE,21,Santa Fe,9,General Obligado,02480,,JUNTOS POR EL CAMBIO,agrupacion,44,PROVISORIO,2023_GENERAL_santafe_presidente_mesa.csv
2023,GENERAL,2023-10-22,PRESIDENTE Y VICE,21,Santa Fe,9,General Obligado,02480,,LA LIBERTAD AVANZA,agrupacion,42,PROVISORIO,2023_GENERAL_santafe_presidente_mesa.csv
2023,GENERAL,2023-10-22,PRESIDENTE Y VICE,21,Santa Fe,9,General Obligado,02480,,NULO,nulos,0,PROVISORIO,2023_GENERAL_santafe_presidente_mesa.csv
2023,GENERAL,2023-10-22,PRESIDENTE Y VICE,21,Santa Fe,9,General Obligado,02480,,RECURRIDO,recurridos,0,PROVISORIO,2023_GENERAL_santafe_presidente_mesa.csv
2023,GENERAL,2023-10-22,PRESIDENTE Y VICE,21,Santa Fe,9,General Obligado,02480,,UNION POR LA PATRIA,agrupacion,26,PROVISORIO,2023_GENERAL_santafe_presidente_mesa.csv
2023,GENERAL,2023-10-22,PRESIDENTE Y VICE,21,Santa Fe,9,General Obligado,02490,,COMANDO,comando,0,PROVISORIO,2023_GENERAL_santafe_presidente_mesa.csv
2023,GENERAL,2023-10-22,PRESIDENTE Y VICE,21,Santa Fe,9,General Obligado,02490,,EN BLANCO,blancos,3,PROVISORIO,2023_GENERAL_santafe_presidente_mesa.csv
2023,GENERAL,2023-10-22,PRESIDENTE Y VICE,21,Santa Fe,9,General Obligado,02490,,FRENTE DE IZQUIERDA Y DE TRABAJADORES - UNIDAD,agrupacion,0,PROVISORIO,2023_GENERAL_santafe_presidente_mesa.csv
2023,GENERAL,2023-10-22,PRESIDENTE Y VICE,21,Santa Fe,9,General Obligado,02490,,HACEMOS POR NUESTRO PAIS,agrupacion,3,PROVISORIO,2023_GENERAL_santafe_presidente_mesa.csv
2023,GENERAL,2023-10-22,PRESIDENTE Y VICE,21,Santa Fe,9,General Obligado,02490,,IMPUGNADO,impugnados,0,PROVISORIO,2023_GENERAL_santafe_presidente_mesa.csv
2023,GENERAL,2023-10-22,PRESIDENTE Y VICE,21,Santa Fe,9,General Obligado,02490,,JUNTOS POR EL CAMBIO,agrupacion,40,PROVISORIO,2023_GENERAL_santafe_presidente_mesa.csv
2023,GENERAL,2023-10-22,PRESIDENTE Y VICE,21,Santa Fe,9,General Obligado,02490,,LA LIBERTAD AVANZA,agrupacion,16,PROVISORIO,2023_GENERAL_santafe_presidente_mesa.csv
2023,GENERAL,2023-10-22,PRESIDENTE Y VICE,21,Santa Fe,9,General Obligado,02490,,NULO,nulos,0,PROVISORIO,2023_GENERAL_santafe_presidente_mesa.csv
2023,GENERAL,2023-10-22,PRESIDENTE Y VICE,21,Santa Fe,9,General Obligado,02490,,RECURRIDO,recurridos,0,PROVISORIO,2023_GENERAL_santafe_presidente_mesa.csv
2023,GENERAL,2023-10-22,PRESIDENTE Y VICE,21,Santa Fe,9,General Obligado,02490,,UNION POR LA PATRIA,agrupacion,31,PROVISORIO,2023_GENERAL_santafe_presidente_mesa.csv
2023,GENERAL,2023-10-22,PRESIDENTE Y VICE,21,Santa Fe,10,Vera,02510,,COMANDO,comando,5,PROVISORIO,2023_GENERAL_santafe_presidente_mesa.csv
2023,GENERAL,2023-10-22,PRESIDENTE Y VICE,21,Santa Fe,10,Vera,02510,,EN BLANCO,blancos,72,PROVISORIO,2023_GENERAL_santafe_presidente_mesa.csv
2023,GENERAL,2023-10-22,PRESIDENTE Y VICE,21,Santa Fe,10,Vera,02510,,FRENTE DE IZQUIERDA Y DE TRABAJADORES - UNIDAD,agrupacion,60,PROVISORIO,2023_GENERAL_santafe_presidente_mesa.csv
2023,GENERAL,2023-10-22,PRESIDENTE Y VICE,21,Santa Fe,10,Vera,02510,,HACEMOS POR NUESTRO PAIS,agrupacion,587,PROVISORIO,2023_GENERAL_santafe_presidente_mesa.csv
2023,GENERAL,2023-10-22,PRESIDENTE Y VICE,21,Santa Fe,10,Vera,02510,,IMPUGNADO,impugnados,0,PROVISORIO,2023_GENERAL_santafe_presidente_mesa.csv
2023,GENERAL,2023-10-22,PRESIDENTE Y VICE,21,Santa Fe,10,Vera,02510,,JUNTOS POR EL CAMBIO,agrupacion,1245,PROVISORIO,2023_GENERAL_santafe_presidente_mesa.csv
2023,GENERAL,2023-10-22,PRESIDENTE Y VICE,21,Santa Fe,10,Vera,02510,,LA LIBERTAD AVANZA,agrupacion,2515,PROVISORIO,2023_GENERAL_santafe_presidente_mesa.csv
2023,GENERAL,2023-10-22,PRESIDENTE Y VICE,21,Santa Fe,10,Vera,02510,,NULO,nulos,85,PROVISORIO,2023_GENERAL_santafe_presidente_mesa.csv
2023,GENERAL,2023-10-22,PRESIDENTE Y VICE,21,Santa Fe,10,Vera,02510,,RECURRIDO,recurridos,0,PROVISORIO,2023_GENERAL_santafe_presidente_mesa.csv
2023,GENERAL,2023-10-22,PRESIDENTE Y VICE,21,Santa Fe,10,Vera,02510,,UNION POR LA PATRIA,agrupacion,3015,PROVISORIO,2023_GENERAL_santafe_presidente_mesa.csv
2023,GENERAL,2023-10-22,PRESIDENTE Y VICE,21,Santa Fe,10,Vera,02520,,COMANDO,comando,2,PROVISORIO,2023_GENERAL_santafe_presidente_mesa.csv
2023,GENERAL,2023-10-22,PRESIDENTE Y VICE,21,Santa Fe,10,Vera,02520,,EN BLANCO,blancos,16,PROVISORIO,2023_GENERAL_santafe_presidente_mesa.csv
2023,GENERAL,2023-10-22,PRESIDENTE Y VICE,21,Santa Fe,10,Vera,02520,,FRENTE DE IZQUIERDA Y DE TRABAJADORES - UNIDAD,agrupacion,20,PROVISORIO,2023_GENERAL_santafe_presidente_mesa.csv
2023,GENERAL,2023-10-22,PRESIDENTE Y VICE,21,Santa Fe,10,Vera,02520,,HACEMOS POR NUESTRO PAIS,agrupacion,198,PROVISORIO,2023_GENERAL_santafe_presidente_mesa.csv
2023,GENERAL,2023-10-22,PRESIDENTE Y VICE,21,Santa Fe,10,Vera,02520,,IMPUGNADO,impugnados,0,PROVISORIO,2023_GENERAL_santafe_presidente_mesa.csv
2023,GENERAL,2023-10-22,PRESIDENTE Y VICE,21,Santa Fe,10,Vera,02520,,JUNTOS POR EL CAMBIO,agrupacion,697,PROVISORIO,2023_GENERAL_santafe_presidente_mesa.csv
2023,GENERAL,2023-10-22,PRESIDENTE Y VICE,21,Santa Fe,10,Vera,02520,,LA LIBERTAD AVANZA,agrupacion,860,PROVISORIO,2023_GENERAL_santafe_presidente_mesa.csv
2023,GENERAL,2023-10-22,PRESIDENTE Y VICE,21,Santa Fe,10,Vera,02520,,NULO,nulos,19,PROVISORIO,2023_GENERAL_santafe_presidente_mesa.csv
2023,GENERAL,2023-10-22,PRESIDENTE Y VICE,21,Santa Fe,10,Vera,02520,,RECURRIDO,recurridos,0,PROVISORIO,2023_GENERAL_santafe_presidente_mesa.csv
2023,GENERAL,2023-10-22,PRESIDENTE Y VICE,21,Santa Fe,10,Vera,02520,,UNION POR LA PATRIA,agrupacion,904,PROVISORIO,2023_GENERAL_santafe_presidente_mesa.csv
2023,GENERAL,2023-10-22,PRESIDENTE Y VICE,21,Santa Fe,10,Vera,02530,,COMANDO,comando,1,PROVISORIO,2023_GENERAL_santafe_presidente_mesa.csv
2023,GENERAL,2023-10-22,PRESIDENTE Y VICE,21,Santa Fe,10,Vera,02530,,EN BLANCO,blancos,14,PROVISORIO,2023_GENERAL_santafe_presidente_mesa.csv
2023,GENERAL,2023-10-22,PRESIDENTE Y VICE,21,Santa Fe,10,Vera,02530,,FRENTE DE IZQUIERDA Y DE TRABAJADORES - UNIDAD,agrupacion,26,PROVISORIO,2023_GENERAL_santafe_presidente_mesa.csv
2023,GENERAL,2023-10-22,PRESIDENTE Y VICE,21,Santa Fe,10,Vera,02530,,HACEMOS POR NUESTRO PAIS,agrupacion,76,PROVISORIO,2023_GENERAL_santafe_presidente_mesa.csv
2023,GENERAL,2023-10-22,PRESIDENTE Y VICE,21,Santa Fe,10,Vera,02530,,IMPUGNADO,impugnados,0,PROVISORIO,2023_GENERAL_santafe_presidente_mesa.csv
2023,GENERAL,2023-10-22,PRESIDENTE Y VICE,21,Santa Fe,10,Vera,02530,,JUNTOS POR EL CAMBIO,agrupacion,316,PROVISORIO,2023_GENERAL_santafe_presidente_mesa.csv
2023,GENERAL,2023-10-22,PRESIDENTE Y VICE,21,Santa Fe,10,Vera,02530,,LA LIBERTAD AVANZA,agrupacion,344,PROVISORIO,2023_GENERAL_santafe_presidente_mesa.csv
2023,GENERAL,2023-10-22,PRESIDENTE Y VICE,21,Santa Fe,10,Vera,02530,,NULO,nulos,11,PROVISORIO,2023_GENERAL_santafe_presidente_mesa.csv
2023,GENERAL,2023-10-22,PRESIDENTE Y VICE,21,Santa Fe,10,Vera,02530,,RECURRIDO,recurridos,0,PROVISORIO,2023_GENERAL_santafe_presidente_mesa.csv
2023,GENERAL,2023-10-22,PRESIDENTE Y VICE,21,Santa Fe,10,Vera,02530,,UNION POR LA PATRIA,agrupacion,642,PROVISORIO,2023_GENERAL_santafe_presidente_mesa.csv
2023,GENERAL,2023-10-22,PRESIDENTE Y VICE,21,Santa Fe,10,Vera,02540,,COMANDO,comando,0,PROVISORIO,2023_GENERAL_santafe_presidente_mesa.csv
2023,GENERAL,2023-10-22,PRESIDENTE Y VICE,21,Santa Fe,10,Vera,02540,,EN BLANCO,blancos,149,PROVISORIO,2023_GENERAL_santafe_presidente_mesa.csv
2023,GENERAL,2023-10-22,PRESIDENTE Y VICE,21,Santa Fe,10,Vera,02540,,FRENTE DE IZQUIERDA Y DE TRABAJADORES - UNIDAD,agrupacion,129,PROVISORIO,2023_GENERAL_santafe_presidente_mesa.csv
2023,GENERAL,2023-10-22,PRESIDENTE Y VICE,21,Santa Fe,10,Vera,02540,,HACEMOS POR NUESTRO PAIS,agrupacion,925,PROVISORIO,2023_GENERAL_santafe_presidente_mesa.csv
2023,GENERAL,2023-10-22,PRESIDENTE Y VICE,21,Santa Fe,10,Vera,02540,,IMPUGNADO,impugnados,0,PROVISORIO,2023_GENERAL_santafe_presidente_mesa.csv
2023,GENERAL,2023-10-22,PRESIDENTE Y VICE,21,Santa Fe,10,Vera,02540,,JUNTOS POR EL CAMBIO,agrupacion,3229,PROVISORIO,2023_GENERAL_santafe_presidente_mesa.csv
2023,GENERAL,2023-10-22,PRESIDENTE Y VICE,21,Santa Fe,10,Vera,02540,,LA LIBERTAD AVANZA,agrupacion,3827,PROVISORIO,2023_GENERAL_santafe_presidente_mesa.csv
2023,GENERAL,2023-10-22,PRESIDENTE Y VICE,21,Santa Fe,10,Vera,02540,,NULO,nulos,149,PROVISORIO,2023_GENERAL_santafe_presidente_mesa.csv
2023,GENERAL,2023-10-22,PRESIDENTE Y VICE,21,Santa Fe,10,Vera,02540,,RECURRIDO,recurridos,0,PROVISORIO,2023_GENERAL_santafe_presidente_mesa.csv
2023,GENERAL,2023-10-22,PRESIDENTE Y VICE,21,Santa Fe,10,Vera,02540,,UNION POR LA PATRIA,agrupacion,4057,PROVISORIO,2023_GENERAL_santafe_presidente_mesa.csv
2023,GENERAL,2023-10-22,PRESIDENTE Y VICE,21,Santa Fe,10,Vera,02545,,COMANDO,comando,0,PROVISORIO,2023_GENERAL_santafe_presidente_mesa.csv
2023,GENERAL,2023-10-22,PRESIDENTE Y VICE,21,Santa Fe,10,Vera,02545,,EN BLANCO,blancos,0,PROVISORIO,2023_GENERAL_santafe_presidente_mesa.csv
2023,GENERAL,2023-10-22,PRESIDENTE Y VICE,21,Santa Fe,10,Vera,02545,,FRENTE DE IZQUIERDA Y DE TRABAJADORES - UNIDAD,agrupacion,2,PROVISORIO,2023_GENERAL_santafe_presidente_mesa.csv
2023,GENERAL,2023-10-22,PRESIDENTE Y VICE,21,Santa Fe,10,Vera,02545,,HACEMOS POR NUESTRO PAIS,agrupacion,6,PROVISORIO,2023_GENERAL_santafe_presidente_mesa.csv
2023,GENERAL,2023-10-22,PRESIDENTE Y VICE,21,Santa Fe,10,Vera,02545,,IMPUGNADO,impugnados,0,PROVISORIO,2023_GENERAL_santafe_presidente_mesa.csv
2023,GENERAL,2023-10-22,PRESIDENTE Y VICE,21,Santa Fe,10,Vera,02545,,JUNTOS POR EL CAMBIO,agrupacion,17,PROVISORIO,2023_GENERAL_santafe_presidente_mesa.csv
2023,GENERAL,2023-10-22,PRESIDENTE Y VICE,21,Santa Fe,10,Vera,02545,,LA LIBERTAD AVANZA,agrupacion,37,PROVISORIO,2023_GENERAL_santafe_presidente_mesa.csv
2023,GENERAL,2023-10-22,PRESIDENTE Y VICE,21,Santa Fe,10,Vera,02545,,NULO,nulos,2,PROVISORIO,2023_GENERAL_santafe_presidente_mesa.csv
2023,GENERAL,2023-10-22,PRESIDENTE Y VICE,21,Santa Fe,10,Vera,02545,,RECURRIDO,recurridos,0,PROVISORIO,2023_GENERAL_santafe_presidente_mesa.csv
2023,GENERAL,2023-10-22,PRESIDENTE Y VICE,21,Santa Fe,10,Vera,02545,,UNION POR LA PATRIA,agrupacion,75,PROVISORIO,2023_GENERAL_santafe_presidente_mesa.csv
2023,GENERAL,2023-10-22,PRESIDENTE Y VICE,21,Santa Fe,10,Vera,02550,,COMANDO,comando,1,PROVISORIO,2023_GENERAL_santafe_presidente_mesa.csv
2023,GENERAL,2023-10-22,PRESIDENTE Y VICE,21,Santa Fe,10,Vera,02550,,EN BLANCO,blancos,1,PROVISORIO,2023_GENERAL_santafe_presidente_mesa.csv
2023,GENERAL,2023-10-22,PRESIDENTE Y VICE,21,Santa Fe,10,Vera,02550,,FRENTE DE IZQUIERDA Y DE TRABAJADORES - UNIDAD,agrupacion,1,PROVISORIO,2023_GENERAL_santafe_presidente_mesa.csv
2023,GENERAL,2023-10-22,PRESIDENTE Y VICE,21,Santa Fe,10,Vera,02550,,HACEMOS POR NUESTRO PAIS,agrupacion,0,PROVISORIO,2023_GENERAL_santafe_presidente_mesa.csv
2023,GENERAL,2023-10-22,PRESIDENTE Y VICE,21,Santa Fe,10,Vera,02550,,IMPUGNADO,impugnados,0,PROVISORIO,2023_GENERAL_santafe_presidente_mesa.csv
2023,GENERAL,2023-10-22,PRESIDENTE Y VICE,21,Santa Fe,10,Vera,02550,,JUNTOS POR EL CAMBIO,agrupacion,5,PROVISORIO,2023_GENERAL_santafe_presidente_mesa.csv
2023,GENERAL,2023-10-22,PRESIDENTE Y VICE,21,Santa Fe,10,Vera,02550,,LA LIBERTAD AVANZA,agrupacion,17,PROVISORIO,2023_GENERAL_santafe_presidente_mesa.csv
2023,GENERAL,2023-10-22,PRESIDENTE Y VICE,21,Santa Fe,10,Vera,02550,,NULO,nulos,0,PROVISORIO,2023_GENERAL_santafe_presidente_mesa.csv
2023,GENERAL,2023-10-22,PRESIDENTE Y VICE,21,Santa Fe,10,Vera,02550,,RECURRIDO,recurridos,0,PROVISORIO,2023_GENERAL_santafe_presidente_mesa.csv
2023,GENERAL,2023-10-22,PRESIDENTE Y VICE,21,Santa Fe,10,Vera,02550,,UNION POR LA PATRIA,agrupacion,19,PROVISORIO,2023_GENERAL_santafe_presidente_mesa.csv
2023,GENERAL,2023-10-22,PRESIDENTE Y VICE,21,Santa Fe,10,Vera,02560,,COMANDO,comando,0,PROVISORIO,2023_GENERAL_santafe_presidente_mesa.csv
2023,GENERAL,2023-10-22,PRESIDENTE Y VICE,21,Santa Fe,10,Vera,02560,,EN BLANCO,blancos,10,PROVISORIO,2023_GENERAL_santafe_presidente_mesa.csv
2023,GENERAL,2023-10-22,PRESIDENTE Y VICE,21,Santa Fe,10,Vera,02560,,FRENTE DE IZQUIERDA Y DE TRABAJADORES - UNIDAD,agrupacion,1,PROVISORIO,2023_GENERAL_santafe_presidente_mesa.csv
2023,GENERAL,2023-10-22,PRESIDENTE Y VICE,21,Santa Fe,10,Vera,02560,,HACEMOS POR NUESTRO PAIS,agrupacion,16,PROVISORIO,2023_GENERAL_santafe_presidente_mesa.csv
2023,GENERAL,2023-10-22,PRESIDENTE Y VICE,21,Santa Fe,10,Vera,02560,,IMPUGNADO,impugnados,0,PROVISORIO,2023_GENERAL_santafe_presidente_mesa.csv
2023,GENERAL,2023-10-22,PRESIDENTE Y VICE,21,Santa Fe,10,Vera,02560,,JUNTOS POR EL CAMBIO,agrupacion,85,PROVISORIO,2023_GENERAL_santafe_presidente_mesa.csv
2023,GENERAL,2023-10-22,PRESIDENTE Y VICE,21,Santa Fe,10,Vera,02560,,LA LIBERTAD AVANZA,agrupacion,106,PROVISORIO,2023_GENERAL_santafe_presidente_mesa.csv
2023,GENERAL,2023-10-22,PRESIDENTE Y VICE,21,Santa Fe,10,Vera,02560,,NULO,nulos,0,PROVISORIO,2023_GENERAL_santafe_presidente_mesa.csv
2023,GENERAL,2023-10-22,PRESIDENTE Y VICE,21,Santa Fe,10,Vera,02560,,RECURRIDO,recurridos,0,PROVISORIO,2023_GENERAL_santafe_presidente_mesa.csv
2023,GENERAL,2023-10-22,PRESIDENTE Y VICE,21,Santa Fe,10,Vera,02560,,UNION POR LA PATRIA,agrupacion,198,PROVISORIO,2023_GENERAL_santafe_presidente_mesa.csv
2023,GENERAL,2023-10-22,PRESIDENTE Y VICE,21,Santa Fe,10,Vera,02570,,COMANDO,comando,0,PROVISORIO,2023_GENERAL_santafe_presidente_mesa.csv
2023,GENERAL,2023-10-22,PRESIDENTE Y VICE,21,Santa Fe,10,Vera,02570,,EN BLANCO,blancos,1,PROVISORIO,2023_GENERAL_santafe_presidente_mesa.csv
2023,GENERAL,2023-10-22,PRESIDENTE Y VICE,21,Santa Fe,10,Vera,02570,,FRENTE DE IZQUIERDA Y DE TRABAJADORES - UNIDAD,agrupacion,6,PROVISORIO,2023_GENERAL_santafe_presidente_mesa.csv
2023,GENERAL,2023-10-22,PRESIDENTE Y VICE,21,Santa Fe,10,Vera,02570,,HACEMOS POR NUESTRO PAIS,agrupacion,41,PROVISORIO,2023_GENERAL_santafe_presidente_mesa.csv
2023,GENERAL,2023-10-22,PRESIDENTE Y VICE,21,Santa Fe,10,Vera,02570,,IMPUGNADO,impugnados,0,PROVISORIO,2023_GENERAL_santafe_presidente_mesa.csv
2023,GENERAL,2023-10-22,PRESIDENTE Y VICE,21,Santa Fe,10,Vera,02570,,JUNTOS POR EL CAMBIO,agrupacion,98,PROVISORIO,2023_GENERAL_santafe_presidente_mesa.csv
2023,GENERAL,2023-10-22,PRESIDENTE Y VICE,21,Santa Fe,10,Vera,02570,,LA LIBERTAD AVANZA,agrupacion,290,PROVISORIO,2023_GENERAL_santafe_presidente_mesa.csv
2023,GENERAL,2023-10-22,PRESIDENTE Y VICE,21,Santa Fe,10,Vera,02570,,NULO,nulos,6,PROVISORIO,2023_GENERAL_santafe_presidente_mesa.csv
2023,GENERAL,2023-10-22,PRESIDENTE Y VICE,21,Santa Fe,10,Vera,02570,,RECURRIDO,recurridos,0,PROVISORIO,2023_GENERAL_santafe_presidente_mesa.csv
2023,GENERAL,2023-10-22,PRESIDENTE Y VICE,21,Santa Fe,10,Vera,02570,,UNION POR LA PATRIA,agrupacion,512,PROVISORIO,2023_GENERAL_santafe_presidente_mesa.csv
2023,GENERAL,2023-10-22,PRESIDENTE Y VICE,21,Santa Fe,10,Vera,02580,,COMANDO,comando,0,PROVISORIO,2023_GENERAL_santafe_presidente_mesa.csv
2023,GENERAL,2023-10-22,PRESIDENTE Y VICE,21,Santa Fe,10,Vera,02580,,EN BLANCO,blancos,1,PROVISORIO,2023_GENERAL_santafe_presidente_mesa.csv
2023,GENERAL,2023-10-22,PRESIDENTE Y VICE,21,Santa Fe,10,Vera,02580,,FRENTE DE IZQUIERDA Y DE TRABAJADORES - UNIDAD,agrupacion,0,PROVISORIO,2023_GENERAL_santafe_presidente_mesa.csv
2023,GENERAL,2023-10-22,PRESIDENTE Y VICE,21,Santa Fe,10,Vera,02580,,HACEMOS POR NUESTRO PAIS,agrupacion,2,PROVISORIO,2023_GENERAL_santafe_presidente_mesa.csv
2023,GENERAL,2023-10-22,PRESIDENTE Y VICE,21,Santa Fe,10,Vera,02580,,IMPUGNADO,impugnados,0,PROVISORIO,2023_GENERAL_santafe_presidente_mesa.csv
2023,GENERAL,2023-10-22,PRESIDENTE Y VICE,21,Santa Fe,10,Vera,02580,,JUNTOS POR EL CAMBIO,agrupacion,13,PROVISORIO,2023_GENERAL_santafe_presidente_mesa.csv
2023,GENERAL,2023-10-22,PRESIDENTE Y VICE,21,Santa Fe,10,Vera,02580,,LA LIBERTAD AVANZA,agrupacion,21,PROVISORIO,2023_GENERAL_santafe_presidente_mesa.csv
2023,GENERAL,2023-10-22,PRESIDENTE Y VICE,21,Santa Fe,10,Vera,02580,,NULO,nulos,1,PROVISORIO,2023_GENERAL_santafe_presidente_mesa.csv
2023,GENERAL,2023-10-22,PRESIDENTE Y VICE,21,Santa Fe,10,Vera,02580,,RECURRIDO,recurridos,0,PROVISORIO,2023_GENERAL_santafe_presidente_mesa.csv
2023,GENERAL,2023-10-22,PRESIDENTE Y VICE,21,Santa Fe,10,Vera,02580,,UNION POR LA PATRIA,agrupacion,38,PROVISORIO,2023_GENERAL_santafe_presidente_mesa.csv
2023,GENERAL,2023-10-22,PRESIDENTE Y VICE,21,Santa Fe,10,Vera,02590,,COMANDO,comando,1,PROVISORIO,2023_GENERAL_santafe_presidente_mesa.csv
2023,GENERAL,2023-10-22,PRESIDENTE Y VICE,21,Santa Fe,10,Vera,02590,,EN BLANCO,blancos,4,PROVISORIO,2023_GENERAL_santafe_presidente_mesa.csv
2023,GENERAL,2023-10-22,PRESIDENTE Y VICE,21,Santa Fe,10,Vera,02590,,FRENTE DE IZQUIERDA Y DE TRABAJADORES - UNIDAD,agrupacion,11,PROVISORIO,2023_GENERAL_santafe_presidente_mesa.csv
2023,GENERAL,2023-10-22,PRESIDENTE Y VICE,21,Santa Fe,10,Vera,02590,,HACEMOS POR NUESTRO PAIS,agrupacion,17,PROVISORIO,2023_GENERAL_santafe_presidente_mesa.csv
2023,GENERAL,2023-10-22,PRESIDENTE Y VICE,21,Santa Fe,10,Vera,02590,,IMPUGNADO,impugnados,0,PROVISORIO,2023_GENERAL_santafe_presidente_mesa.csv
2023,GENERAL,2023-10-22,PRESIDENTE Y VICE,21,Santa Fe,10,Vera,02590,,JUNTOS POR EL CAMBIO,agrupacion,129,PROVISORIO,2023_GENERAL_santafe_presidente_mesa.csv
2023,GENERAL,2023-10-22,PRESIDENTE Y VICE,21,Santa Fe,10,Vera,02590,,LA LIBERTAD AVANZA,agrupacion,209,PROVISORIO,2023_GENERAL_santafe_presidente_mesa.csv
2023,GENERAL,2023-10-22,PRESIDENTE Y VICE,21,Santa Fe,10,Vera,02590,,NULO,nulos,5,PROVISORIO,2023_GENERAL_santafe_presidente_mesa.csv
2023,GENERAL,2023-10-22,PRESIDENTE Y VICE,21,Santa Fe,10,Vera,02590,,RECURRIDO,recurridos,0,PROVISORIO,2023_GENERAL_santafe_presidente_mesa.csv
2023,GENERAL,2023-10-22,PRESIDENTE Y VICE,21,Santa Fe,10,Vera,02590,,UNION POR LA PATRIA,agrupacion,343,PROVISORIO,2023_GENERAL_santafe_presidente_mesa.csv
2023,GENERAL,2023-10-22,PRESIDENTE Y VICE,21,Santa Fe,10,Vera,02600,,COMANDO,comando,1,PROVISORIO,2023_GENERAL_santafe_presidente_mesa.csv
2023,GENERAL,2023-10-22,PRESIDENTE Y VICE,21,Santa Fe,10,Vera,02600,,EN BLANCO,blancos,8,PROVISORIO,2023_GENERAL_santafe_presidente_mesa.csv
2023,GENERAL,2023-10-22,PRESIDENTE Y VICE,21,Santa Fe,10,Vera,02600,,FRENTE DE IZQUIERDA Y DE TRABAJADORES - UNIDAD,agrupacion,5,PROVISORIO,2023_GENERAL_santafe_presidente_mesa.csv
2023,GENERAL,2023-10-22,PRESIDENTE Y VICE,21,Santa Fe,10,Vera,02600,,HACEMOS POR NUESTRO PAIS,agrupacion,46,PROVISORIO,2023_GENERAL_santafe_presidente_mesa.csv
2023,GENERAL,2023-10-22,PRESIDENTE Y VICE,21,Santa Fe,10,Vera,02600,,IMPUGNADO,impugnados,0,PROVISORIO,2023_GENERAL_santafe_presidente_mesa.csv
2023,GENERAL,2023-10-22,PRESIDENTE Y VICE,21,Santa Fe,10,Vera,02600,,JUNTOS POR EL CAMBIO,agrupacion,293,PROVISORIO,2023_GENERAL_santafe_presidente_mesa.csv
2023,GENERAL,2023-10-22,PRESIDENTE Y VICE,21,Santa Fe,10,Vera,02600,,LA LIBERTAD AVANZA,agrupacion,303,PROVISORIO,2023_GENERAL_santafe_presidente_mesa.csv
2023,GENERAL,2023-10-22,PRESIDENTE Y VICE,21,Santa Fe,10,Vera,02600,,NULO,nulos,7,PROVISORIO,2023_GENERAL_santafe_presidente_mesa.csv
2023,GENERAL,2023-10-22,PRESIDENTE Y VICE,21,Santa Fe,10,Vera,02600,,RECURRIDO,recurridos,0,PROVISORIO,2023_GENERAL_santafe_presidente_mesa.csv
2023,GENERAL,2023-10-22,PRESIDENTE Y VICE,21,Santa Fe,10,Vera,02600,,UNION POR LA PATRIA,agrupacion,596,PROVISORIO,2023_GENERAL_santafe_presidente_mesa.csv
2023,GENERAL,2023-10-22,PRESIDENTE Y VICE,21,Santa Fe,10,Vera,02610,,COMANDO,comando,2,PROVISORIO,2023_GENERAL_santafe_presidente_mesa.csv
2023,GENERAL,2023-10-22,PRESIDENTE Y VICE,21,Santa Fe,10,Vera,02610,,EN BLANCO,blancos,1,PROVISORIO,2023_GENERAL_santafe_presidente_mesa.csv
2023,GENERAL,2023-10-22,PRESIDENTE Y VICE,21,Santa Fe,10,Vera,02610,,FRENTE DE IZQUIERDA Y DE TRABAJADORES - UNIDAD,agrupacion,0,PROVISORIO,2023_GENERAL_santafe_presidente_mesa.csv
2023,GENERAL,2023-10-22,PRESIDENTE Y VICE,21,Santa Fe,10,Vera,02610,,HACEMOS POR NUESTRO PAIS,agrupacion,10,PROVISORIO,2023_GENERAL_santafe_presidente_mesa.csv
2023,GENERAL,2023-10-22,PRESIDENTE Y VICE,21,Santa Fe,10,Vera,02610,,IMPUGNADO,impugnados,0,PROVISORIO,2023_GENERAL_santafe_presidente_mesa.csv
2023,GENERAL,2023-10-22,PRESIDENTE Y VICE,21,Santa Fe,10,Vera,02610,,JUNTOS POR EL CAMBIO,agrupacion,42,PROVISORIO,2023_GENERAL_santafe_presidente_mesa.csv
2023,GENERAL,2023-10-22,PRESIDENTE Y VICE,21,Santa Fe,10,Vera,02610,,LA LIBERTAD AVANZA,agrupacion,66,PROVISORIO,2023_GENERAL_santafe_presidente_mesa.csv
2023,GENERAL,2023-10-22,PRESIDENTE Y VICE,21,Santa Fe,10,Vera,02610,,NULO,nulos,0,PROVISORIO,2023_GENERAL_santafe_presidente_mesa.csv
2023,GENERAL,2023-10-22,PRESIDENTE Y VICE,21,Santa Fe,10,Vera,02610,,RECURRIDO,recurridos,0,PROVISORIO,2023_GENERAL_santafe_presidente_mesa.csv
2023,GENERAL,2023-10-22,PRESIDENTE Y VICE,21,Santa Fe,10,Vera,02610,,UNION POR LA PATRIA,agrupacion,94,PROVISORIO,2023_GENERAL_santafe_presidente_mesa.csv
2023,GENERAL,2023-10-22,PRESIDENTE Y VICE,21,Santa Fe,10,Vera,02620,,COMANDO,comando,1,PROVISORIO,2023_GENERAL_santafe_presidente_mesa.csv
2023,GENERAL,2023-10-22,PRESIDENTE Y VICE,21,Santa Fe,10,Vera,02620,,EN BLANCO,blancos,3,PROVISORIO,2023_GENERAL_santafe_presidente_mesa.csv
2023,GENERAL,2023-10-22,PRESIDENTE Y VICE,21,Santa Fe,10,Vera,02620,,FRENTE DE IZQUIERDA Y DE TRABAJADORES - UNIDAD,agrupacion,4,PROVISORIO,2023_GENERAL_santafe_presidente_mesa.csv
2023,GENERAL,2023-10-22,PRESIDENTE Y VICE,21,Santa Fe,10,Vera,02620,,HACEMOS POR NUESTRO PAIS,agrupacion,25,PROVISORIO,2023_GENERAL_santafe_presidente_mesa.csv
2023,GENERAL,2023-10-22,PRESIDENTE Y VICE,21,Santa Fe,10,Vera,02620,,IMPUGNADO,impugnados,0,PROVISORIO,2023_GENERAL_santafe_presidente_mesa.csv
2023,GENERAL,2023-10-22,PRESIDENTE Y VICE,21,Santa Fe,10,Vera,02620,,JUNTOS POR EL CAMBIO,agrupacion,47,PROVISORIO,2023_GENERAL_santafe_presidente_mesa.csv
2023,GENERAL,2023-10-22,PRESIDENTE Y VICE,21,Santa Fe,10,Vera,02620,,LA LIBERTAD AVANZA,agrupacion,79,PROVISORIO,2023_GENERAL_santafe_presidente_mesa.csv
2023,GENERAL,2023-10-22,PRESIDENTE Y VICE,21,Santa Fe,10,Vera,02620,,NULO,nulos,0,PROVISORIO,2023_GENERAL_santafe_presidente_mesa.csv
2023,GENERAL,2023-10-22,PRESIDENTE Y VICE,21,Santa Fe,10,Vera,02620,,RECURRIDO,recurridos,0,PROVISORIO,2023_GENERAL_santafe_presidente_mesa.csv
2023,GENERAL,2023-10-22,PRESIDENTE Y VICE,21,Santa Fe,10,Vera,02620,,UNION POR LA PATRIA,agrupacion,132,PROVISORIO,2023_GENERAL_santafe_presidente_mesa.csv
2023,GENERAL,2023-10-22,PRESIDENTE Y VICE,21,Santa Fe,10,Vera,02630,,COMANDO,comando,0,PROVISORIO,2023_GENERAL_santafe_presidente_mesa.csv
2023,GENERAL,2023-10-22,PRESIDENTE Y VICE,21,Santa Fe,10,Vera,02630,,EN BLANCO,blancos,6,PROVISORIO,2023_GENERAL_santafe_presidente_mesa.csv
2023,GENERAL,2023-10-22,PRESIDENTE Y VICE,21,Santa Fe,10,Vera,02630,,FRENTE DE IZQUIERDA Y DE TRABAJADORES - UNIDAD,agrupacion,10,PROVISORIO,2023_GENERAL_santafe_presidente_mesa.csv
2023,GENERAL,2023-10-22,PRESIDENTE Y VICE,21,Santa Fe,10,Vera,02630,,HACEMOS POR NUESTRO PAIS,agrupacion,23,PROVISORIO,2023_GENERAL_santafe_presidente_mesa.csv
2023,GENERAL,2023-10-22,PRESIDENTE Y VICE,21,Santa Fe,10,Vera,02630,,IMPUGNADO,impugnados,0,PROVISORIO,2023_GENERAL_santafe_presidente_mesa.csv
2023,GENERAL,2023-10-22,PRESIDENTE Y VICE,21,Santa Fe,10,Vera,02630,,JUNTOS POR EL CAMBIO,agrupacion,93,PROVISORIO,2023_GENERAL_santafe_presidente_mesa.csv
2023,GENERAL,2023-10-22,PRESIDENTE Y VICE,21,Santa Fe,10,Vera,02630,,LA LIBERTAD AVANZA,agrupacion,132,PROVISORIO,2023_GENERAL_santafe_presidente_mesa.csv
2023,GENERAL,2023-10-22,PRESIDENTE Y VICE,21,Santa Fe,10,Vera,02630,,NULO,nulos,6,PROVISORIO,2023_GENERAL_santafe_presidente_mesa.csv
2023,GENERAL,2023-10-22,PRESIDENTE Y VICE,21,Santa Fe,10,Vera,02630,,RECURRIDO,recurridos,0,PROVISORIO,2023_GENERAL_santafe_presidente_mesa.csv
2023,GENERAL,2023-10-22,PRESIDENTE Y VICE,21,Santa Fe,10,Vera,02630,,UNION POR LA PATRIA,agrupacion,446,PROVISORIO,2023_GENERAL_santafe_presidente_mesa.csv
2023,GENERAL,2023-10-22,PRESIDENTE Y VICE,21,Santa Fe,10,Vera,02640,,COMANDO,comando,0,PROVISORIO,2023_GENERAL_santafe_presidente_mesa.csv
2023,GENERAL,2023-10-22,PRESIDENTE Y VICE,21,Santa Fe,10,Vera,02640,,EN BLANCO,blancos,0,PROVISORIO,2023_GENERAL_santafe_presidente_mesa.csv
2023,GENERAL,2023-10-22,PRESIDENTE Y VICE,21,Santa Fe,10,Vera,02640,,FRENTE DE IZQUIERDA Y DE TRABAJADORES - UNIDAD,agrupacion,1,PROVISORIO,2023_GENERAL_santafe_presidente_mesa.csv
2023,GENERAL,2023-10-22,PRESIDENTE Y VICE,21,Santa Fe,10,Vera,02640,,HACEMOS POR NUESTRO PAIS,agrupacion,2,PROVISORIO,2023_GENERAL_santafe_presidente_mesa.csv
2023,GENERAL,2023-10-22,PRESIDENTE Y VICE,21,Santa Fe,10,Vera,02640,,IMPUGNADO,impugnados,0,PROVISORIO,2023_GENERAL_santafe_presidente_mesa.csv
2023,GENERAL,2023-10-22,PRESIDENTE Y VICE,21,Santa Fe,10,Vera,02640,,JUNTOS POR EL CAMBIO,agrupacion,23,PROVISORIO,2023_GENERAL_santafe_presidente_mesa.csv
2023,GENERAL,2023-10-22,PRESIDENTE Y VICE,21,Santa Fe,10,Vera,02640,,LA LIBERTAD AVANZA,agrupacion,40,PROVISORIO,2023_GENERAL_santafe_presidente_mesa.csv
2023,GENERAL,2023-10-22,PRESIDENTE Y VICE,21,Santa Fe,10,Vera,02640,,NULO,nulos,1,PROVISORIO,2023_GENERAL_santafe_presidente_mesa.csv
2023,GENERAL,2023-10-22,PRESIDENTE Y VICE,21,Santa Fe,10,Vera,02640,,RECURRIDO,recurridos,0,PROVISORIO,2023_GENERAL_santafe_presidente_mesa.csv
2023,GENERAL,2023-10-22,PRESIDENTE Y VICE,21,Santa Fe,10,Vera,02640,,UNION POR LA PATRIA,agrupacion,81,PROVISORIO,2023_GENERAL_santafe_presidente_mesa.csv
2023,GENERAL,2023-10-22,PRESIDENTE Y VICE,21,Santa Fe,10,Vera,02670,,COMANDO,comando,0,PROVISORIO,2023_GENERAL_santafe_presidente_mesa.csv
2023,GENERAL,2023-10-22,PRESIDENTE Y VICE,21,Santa Fe,10,Vera,02670,,EN BLANCO,blancos,0,PROVISORIO,2023_GENERAL_santafe_presidente_mesa.csv
2023,GENERAL,2023-10-22,PRESIDENTE Y VICE,21,Santa Fe,10,Vera,02670,,FRENTE DE IZQUIERDA Y DE TRABAJADORES - UNIDAD,agrupacion,1,PROVISORIO,2023_GENERAL_santafe_presidente_mesa.csv
2023,GENERAL,2023-10-22,PRESIDENTE Y VICE,21,Santa Fe,10,Vera,02670,,HACEMOS POR NUESTRO PAIS,agrupacion,2,PROVISORIO,2023_GENERAL_santafe_presidente_mesa.csv
2023,GENERAL,2023-10-22,PRESIDENTE Y VICE,21,Santa Fe,10,Vera,02670,,IMPUGNADO,impugnados,0,PROVISORIO,2023_GENERAL_santafe_presidente_mesa.csv
2023,GENERAL,2023-10-22,PRESIDENTE Y VICE,21,Santa Fe,10,Vera,02670,,JUNTOS POR EL CAMBIO,agrupacion,7,PROVISORIO,2023_GENERAL_santafe_presidente_mesa.csv
2023,GENERAL,2023-10-22,PRESIDENTE Y VICE,21,Santa Fe,10,Vera,02670,,LA LIBERTAD AVANZA,agrupacion,11,PROVISORIO,2023_GENERAL_santafe_presidente_mesa.csv
2023,GENERAL,2023-10-22,PRESIDENTE Y VICE,21,Santa Fe,10,Vera,02670,,NULO,nulos,1,PROVISORIO,2023_GENERAL_santafe_presidente_mesa.csv
2023,GENERAL,2023-10-22,PRESIDENTE Y VICE,21,Santa Fe,10,Vera,02670,,RECURRIDO,recurridos,0,PROVISORIO,2023_GENERAL_santafe_presidente_mesa.csv
2023,GENERAL,2023-10-22,PRESIDENTE Y VICE,21,Santa Fe,10,Vera,02670,,UNION POR LA PATRIA,agrupacion,11,PROVISORIO,2023_GENERAL_santafe_presidente_mesa.csv
2023,GENERAL,2023-10-22,PRESIDENTE Y VICE,21,Santa Fe,10,Vera,02680,,COMANDO,comando,0,PROVISORIO,2023_GENERAL_santafe_presidente_mesa.csv
2023,GENERAL,2023-10-22,PRESIDENTE Y VICE,21,Santa Fe,10,Vera,02680,,EN BLANCO,blancos,14,PROVISORIO,2023_GENERAL_santafe_presidente_mesa.csv
2023,GENERAL,2023-10-22,PRESIDENTE Y VICE,21,Santa Fe,10,Vera,02680,,FRENTE DE IZQUIERDA Y DE TRABAJADORES - UNIDAD,agrupacion,9,PROVISORIO,2023_GENERAL_santafe_presidente_mesa.csv
2023,GENERAL,2023-10-22,PRESIDENTE Y VICE,21,Santa Fe,10,Vera,02680,,HACEMOS POR NUESTRO PAIS,agrupacion,71,PROVISORIO,2023_GENERAL_santafe_presidente_mesa.csv
2023,GENERAL,2023-10-22,PRESIDENTE Y VICE,21,Santa Fe,10,Vera,02680,,IMPUGNADO,impugnados,0,PROVISORIO,2023_GENERAL_santafe_presidente_mesa.csv
2023,GENERAL,2023-10-22,PRESIDENTE Y VICE,21,Santa Fe,10,Vera,02680,,JUNTOS POR EL CAMBIO,agrupacion,351,PROVISORIO,2023_GENERAL_santafe_presidente_mesa.csv
2023,GENERAL,2023-10-22,PRESIDENTE Y VICE,21,Santa Fe,10,Vera,02680,,LA LIBERTAD AVANZA,agrupacion,379,PROVISORIO,2023_GENERAL_santafe_presidente_mesa.csv
2023,GENERAL,2023-10-22,PRESIDENTE Y VICE,21,Santa Fe,10,Vera,02680,,NULO,nulos,10,PROVISORIO,2023_GENERAL_santafe_presidente_mesa.csv
2023,GENERAL,2023-10-22,PRESIDENTE Y VICE,21,Santa Fe,10,Vera,02680,,RECURRIDO,recurridos,0,PROVISORIO,2023_GENERAL_santafe_presidente_mesa.csv
2023,GENERAL,2023-10-22,PRESIDENTE Y VICE,21,Santa Fe,10,Vera,02680,,UNION POR LA PATRIA,agrupacion,528,PROVISORIO,2023_GENERAL_santafe_presidente_mesa.csv
2023,GENERAL,2023-10-22,PRESIDENTE Y VICE,21,Santa Fe,10,Vera,02682,,COMANDO,comando,0,PROVISORIO,2023_GENERAL_santafe_presidente_mesa.csv
2023,GENERAL,2023-10-22,PRESIDENTE Y VICE,21,Santa Fe,10,Vera,02682,,EN BLANCO,blancos,1,PROVISORIO,2023_GENERAL_santafe_presidente_mesa.csv
2023,GENERAL,2023-10-22,PRESIDENTE Y VICE,21,Santa Fe,10,Vera,02682,,FRENTE DE IZQUIERDA Y DE TRABAJADORES - UNIDAD,agrupacion,0,PROVISORIO,2023_GENERAL_santafe_presidente_mesa.csv
2023,GENERAL,2023-10-22,PRESIDENTE Y VICE,21,Santa Fe,10,Vera,02682,,HACEMOS POR NUESTRO PAIS,agrupacion,8,PROVISORIO,2023_GENERAL_santafe_presidente_mesa.csv
2023,GENERAL,2023-10-22,PRESIDENTE Y VICE,21,Santa Fe,10,Vera,02682,,IMPUGNADO,impugnados,0,PROVISORIO,2023_GENERAL_santafe_presidente_mesa.csv
2023,GENERAL,2023-10-22,PRESIDENTE Y VICE,21,Santa Fe,10,Vera,02682,,JUNTOS POR EL CAMBIO,agrupacion,52,PROVISORIO,2023_GENERAL_santafe_presidente_mesa.csv
2023,GENERAL,2023-10-22,PRESIDENTE Y VICE,21,Santa Fe,10,Vera,02682,,LA LIBERTAD AVANZA,agrupacion,95,PROVISORIO,2023_GENERAL_santafe_presidente_mesa.csv
2023,GENERAL,2023-10-22,PRESIDENTE Y VICE,21,Santa Fe,10,Vera,02682,,NULO,nulos,2,PROVISORIO,2023_GENERAL_santafe_presidente_mesa.csv
2023,GENERAL,2023-10-22,PRESIDENTE Y VICE,21,Santa Fe,10,Vera,02682,,RECURRIDO,recurridos,0,PROVISORIO,2023_GENERAL_santafe_presidente_mesa.csv
2023,GENERAL,2023-10-22,PRESIDENTE Y VICE,21,Santa Fe,10,Vera,02682,,UNION POR LA PATRIA,agrupacion,132,PROVISORIO,2023_GENERAL_santafe_presidente_mesa.csv
2023,GENERAL,2023-10-22,PRESIDENTE Y VICE,21,Santa Fe,10,Vera,02684,,COMANDO,comando,0,PROVISORIO,2023_GENERAL_santafe_presidente_mesa.csv
2023,GENERAL,2023-10-22,PRESIDENTE Y VICE,21,Santa Fe,10,Vera,02684,,EN BLANCO,blancos,2,PROVISORIO,2023_GENERAL_santafe_presidente_mesa.csv
2023,GENERAL,2023-10-22,PRESIDENTE Y VICE,21,Santa Fe,10,Vera,02684,,FRENTE DE IZQUIERDA Y DE TRABAJADORES - UNIDAD,agrupacion,2,PROVISORIO,2023_GENERAL_santafe_presidente_mesa.csv
2023,GENERAL,2023-10-22,PRESIDENTE Y VICE,21,Santa Fe,10,Vera,02684,,HACEMOS POR NUESTRO PAIS,agrupacion,8,PROVISORIO,2023_GENERAL_santafe_presidente_mesa.csv
2023,GENERAL,2023-10-22,PRESIDENTE Y VICE,21,Santa Fe,10,Vera,02684,,IMPUGNADO,impugnados,0,PROVISORIO,2023_GENERAL_santafe_presidente_mesa.csv
2023,GENERAL,2023-10-22,PRESIDENTE Y VICE,21,Santa Fe,10,Vera,02684,,JUNTOS POR EL CAMBIO,agrupacion,13,PROVISORIO,2023_GENERAL_santafe_presidente_mesa.csv
2023,GENERAL,2023-10-22,PRESIDENTE Y VICE,21,Santa Fe,10,Vera,02684,,LA LIBERTAD AVANZA,agrupacion,30,PROVISORIO,2023_GENERAL_santafe_presidente_mesa.csv
2023,GENERAL,2023-10-22,PRESIDENTE Y VICE,21,Santa Fe,10,Vera,02684,,NULO,nulos,1,PROVISORIO,2023_GENERAL_santafe_presidente_mesa.csv
2023,GENERAL,2023-10-22,PRESIDENTE Y VICE,21,Santa Fe,10,Vera,02684,,RECURRIDO,recurridos,0,PROVISORIO,2023_GENERAL_santafe_presidente_mesa.csv
2023,GENERAL,2023-10-22,PRESIDENTE Y VICE,21,Santa Fe,10,Vera,02684,,UNION POR LA PATRIA,agrupacion,53,PROVISORIO,2023_GENERAL_santafe_presidente_mesa.csv
2023,GENERAL,2023-10-22,PRESIDENTE Y VICE,21,Santa Fe,10,Vera,02690,,COMANDO,comando,0,PROVISORIO,2023_GENERAL_santafe_presidente_mesa.csv
2023,GENERAL,2023-10-22,PRESIDENTE Y VICE,21,Santa Fe,10,Vera,02690,,EN BLANCO,blancos,7,PROVISORIO,2023_GENERAL_santafe_presidente_mesa.csv
2023,GENERAL,2023-10-22,PRESIDENTE Y VICE,21,Santa Fe,10,Vera,02690,,FRENTE DE IZQUIERDA Y DE TRABAJADORES - UNIDAD,agrupacion,3,PROVISORIO,2023_GENERAL_santafe_presidente_mesa.csv
2023,GENERAL,2023-10-22,PRESIDENTE Y VICE,21,Santa Fe,10,Vera,02690,,HACEMOS POR NUESTRO PAIS,agrupacion,3,PROVISORIO,2023_GENERAL_santafe_presidente_mesa.csv
2023,GENERAL,2023-10-22,PRESIDENTE Y VICE,21,Santa Fe,10,Vera,02690,,IMPUGNADO,impugnados,0,PROVISORIO,2023_GENERAL_santafe_presidente_mesa.csv
2023,GENERAL,2023-10-22,PRESIDENTE Y VICE,21,Santa Fe,10,Vera,02690,,JUNTOS POR EL CAMBIO,agrupacion,14,PROVISORIO,2023_GENERAL_santafe_presidente_mesa.csv
2023,GENERAL,2023-10-22,PRESIDENTE Y VICE,21,Santa Fe,10,Vera,02690,,LA LIBERTAD AVANZA,agrupacion,61,PROVISORIO,2023_GENERAL_santafe_presidente_mesa.csv
2023,GENERAL,2023-10-22,PRESIDENTE Y VICE,21,Santa Fe,10,Vera,02690,,NULO,nulos,3,PROVISORIO,2023_GENERAL_santafe_presidente_mesa.csv
2023,GENERAL,2023-10-22,PRESIDENTE Y VICE,21,Santa Fe,10,Vera,02690,,RECURRIDO,recurridos,0,PROVISORIO,2023_GENERAL_santafe_presidente_mesa.csv
2023,GENERAL,2023-10-22,PRESIDENTE Y VICE,21,Santa Fe,10,Vera,02690,,UNION POR LA PATRIA,agrupacion,73,PROVISORIO,2023_GENERAL_santafe_presidente_mesa.csv
2023,GENERAL,2023-10-22,PRESIDENTE Y VICE,21,Santa Fe,10,Vera,02700,,COMANDO,comando,0,PROVISORIO,2023_GENERAL_santafe_presidente_mesa.csv
2023,GENERAL,2023-10-22,PRESIDENTE Y VICE,21,Santa Fe,10,Vera,02700,,EN BLANCO,blancos,0,PROVISORIO,2023_GENERAL_santafe_presidente_mesa.csv
2023,GENERAL,2023-10-22,PRESIDENTE Y VICE,21,Santa Fe,10,Vera,02700,,FRENTE DE IZQUIERDA Y DE TRABAJADORES - UNIDAD,agrupacion,0,PROVISORIO,2023_GENERAL_santafe_presidente_mesa.csv
2023,GENERAL,2023-10-22,PRESIDENTE Y VICE,21,Santa Fe,10,Vera,02700,,HACEMOS POR NUESTRO PAIS,agrupacion,0,PROVISORIO,2023_GENERAL_santafe_presidente_mesa.csv
2023,GENERAL,2023-10-22,PRESIDENTE Y VICE,21,Santa Fe,10,Vera,02700,,IMPUGNADO,impugnados,0,PROVISORIO,2023_GENERAL_santafe_presidente_mesa.csv
2023,GENERAL,2023-10-22,PRESIDENTE Y VICE,21,Santa Fe,10,Vera,02700,,JUNTOS POR EL CAMBIO,agrupacion,8,PROVISORIO,2023_GENERAL_santafe_presidente_mesa.csv
2023,GENERAL,2023-10-22,PRESIDENTE Y VICE,21,Santa Fe,10,Vera,02700,,LA LIBERTAD AVANZA,agrupacion,10,PROVISORIO,2023_GENERAL_santafe_presidente_mesa.csv
2023,GENERAL,2023-10-22,PRESIDENTE Y VICE,21,Santa Fe,10,Vera,02700,,NULO,nulos,0,PROVISORIO,2023_GENERAL_santafe_presidente_mesa.csv
2023,GENERAL,2023-10-22,PRESIDENTE Y VICE,21,Santa Fe,10,Vera,02700,,RECURRIDO,recurridos,0,PROVISORIO,2023_GENERAL_santafe_presidente_mesa.csv
2023,GENERAL,2023-10-22,PRESIDENTE Y VICE,21,Santa Fe,10,Vera,02700,,UNION POR LA PATRIA,agrupacion,7,PROVISORIO,2023_GENERAL_santafe_presidente_mesa.csv
2023,GENERAL,2023-10-22,PRESIDENTE Y VICE,21,Santa Fe,10,Vera,02710,,COMANDO,comando,0,PROVISORIO,2023_GENERAL_santafe_presidente_mesa.csv
2023,GENERAL,2023-10-22,PRESIDENTE Y VICE,21,Santa Fe,10,Vera,02710,,EN BLANCO,blancos,1,PROVISORIO,2023_GENERAL_santafe_presidente_mesa.csv
2023,GENERAL,2023-10-22,PRESIDENTE Y VICE,21,Santa Fe,10,Vera,02710,,FRENTE DE IZQUIERDA Y DE TRABAJADORES - UNIDAD,agrupacion,0,PROVISORIO,2023_GENERAL_santafe_presidente_mesa.csv
2023,GENERAL,2023-10-22,PRESIDENTE Y VICE,21,Santa Fe,10,Vera,02710,,HACEMOS POR NUESTRO PAIS,agrupacion,1,PROVISORIO,2023_GENERAL_santafe_presidente_mesa.csv
2023,GENERAL,2023-10-22,PRESIDENTE Y VICE,21,Santa Fe,10,Vera,02710,,IMPUGNADO,impugnados,0,PROVISORIO,2023_GENERAL_santafe_presidente_mesa.csv
2023,GENERAL,2023-10-22,PRESIDENTE Y VICE,21,Santa Fe,10,Vera,02710,,JUNTOS POR EL CAMBIO,agrupacion,3,PROVISORIO,2023_GENERAL_santafe_presidente_mesa.csv
2023,GENERAL,2023-10-22,PRESIDENTE Y VICE,21,Santa Fe,10,Vera,02710,,LA LIBERTAD AVANZA,agrupacion,5,PROVISORIO,2023_GENERAL_santafe_presidente_mesa.csv
2023,GENERAL,2023-10-22,PRESIDENTE Y VICE,21,Santa Fe,10,Vera,02710,,NULO,nulos,0,PROVISORIO,2023_GENERAL_santafe_presidente_mesa.csv
2023,GENERAL,2023-10-22,PRESIDENTE Y VICE,21,Santa Fe,10,Vera,02710,,RECURRIDO,recurridos,0,PROVISORIO,2023_GENERAL_santafe_presidente_mesa.csv
2023,GENERAL,2023-10-22,PRESIDENTE Y VICE,21,Santa Fe,10,Vera,02710,,UNION POR LA PATRIA,agrupacion,1,PROVISORIO,2023_GENERAL_santafe_presidente_mesa.csv
2023,GENERAL,2023-10-22,PRESIDENTE Y VICE,21,Santa Fe,11,San Javier,02740,,COMANDO,comando,0,PROVISORIO,2023_GENERAL_santafe_presidente_mesa.csv
2023,GENERAL,2023-10-22,PRESIDENTE Y VICE,21,Santa Fe,11,San Javier,02740,,EN BLANCO,blancos,0,PROVISORIO,2023_GENERAL_santafe_presidente_mesa.csv
2023,GENERAL,2023-10-22,PRESIDENTE Y VICE,21,Santa Fe,11,San Javier,02740,,FRENTE DE IZQUIERDA Y DE TRABAJADORES - UNIDAD,agrupacion,1,PROVISORIO,2023_GENERAL_santafe_presidente_mesa.csv
2023,GENERAL,2023-10-22,PRESIDENTE Y VICE,21,Santa Fe,11,San Javier,02740,,HACEMOS POR NUESTRO PAIS,agrupacion,11,PROVISORIO,2023_GENERAL_santafe_presidente_mesa.csv
2023,GENERAL,2023-10-22,PRESIDENTE Y VICE,21,Santa Fe,11,San Javier,02740,,IMPUGNADO,impugnados,0,PROVISORIO,2023_GENERAL_santafe_presidente_mesa.csv
2023,GENERAL,2023-10-22,PRESIDENTE Y VICE,21,Santa Fe,11,San Javier,02740,,JUNTOS POR EL CAMBIO,agrupacion,62,PROVISORIO,2023_GENERAL_santafe_presidente_mesa.csv
2023,GENERAL,2023-10-22,PRESIDENTE Y VICE,21,Santa Fe,11,San Javier,02740,,LA LIBERTAD AVANZA,agrupacion,51,PROVISORIO,2023_GENERAL_santafe_presidente_mesa.csv
2023,GENERAL,2023-10-22,PRESIDENTE Y VICE,21,Santa Fe,11,San Javier,02740,,NULO,nulos,0,PROVISORIO,2023_GENERAL_santafe_presidente_mesa.csv
2023,GENERAL,2023-10-22,PRESIDENTE Y VICE,21,Santa Fe,11,San Javier,02740,,RECURRIDO,recurridos,0,PROVISORIO,2023_GENERAL_santafe_presidente_mesa.csv
2023,GENERAL,2023-10-22,PRESIDENTE Y VICE,21,Santa Fe,11,San Javier,02740,,UNION POR LA PATRIA,agrupacion,67,PROVISORIO,2023_GENERAL_santafe_presidente_mesa.csv
2023,GENERAL,2023-10-22,PRESIDENTE Y VICE,21,Santa Fe,11,San Javier,02750,,COMANDO,comando,0,PROVISORIO,2023_GENERAL_santafe_presidente_mesa.csv
2023,GENERAL,2023-10-22,PRESIDENTE Y VICE,21,Santa Fe,11,San Javier,02750,,EN BLANCO,blancos,95,PROVISORIO,2023_GENERAL_santafe_presidente_mesa.csv
2023,GENERAL,2023-10-22,PRESIDENTE Y VICE,21,Santa Fe,11,San Javier,02750,,FRENTE DE IZQUIERDA Y DE TRABAJADORES - UNIDAD,agrupacion,91,PROVISORIO,2023_GENERAL_santafe_presidente_mesa.csv
2023,GENERAL,2023-10-22,PRESIDENTE Y VICE,21,Santa Fe,11,San Javier,02750,,HACEMOS POR NUESTRO PAIS,agrupacion,779,PROVISORIO,2023_GENERAL_santafe_presidente_mesa.csv
2023,GENERAL,2023-10-22,PRESIDENTE Y VICE,21,Santa Fe,11,San Javier,02750,,IMPUGNADO,impugnados,0,PROVISORIO,2023_GENERAL_santafe_presidente_mesa.csv
2023,GENERAL,2023-10-22,PRESIDENTE Y VICE,21,Santa Fe,11,San Javier,02750,,JUNTOS POR EL CAMBIO,agrupacion,2423,PROVISORIO,2023_GENERAL_santafe_presidente_mesa.csv
2023,GENERAL,2023-10-22,PRESIDENTE Y VICE,21,Santa Fe,11,San Javier,02750,,LA LIBERTAD AVANZA,agrupacion,3050,PROVISORIO,2023_GENERAL_santafe_presidente_mesa.csv
2023,GENERAL,2023-10-22,PRESIDENTE Y VICE,21,Santa Fe,11,San Javier,02750,,NULO,nulos,97,PROVISORIO,2023_GENERAL_santafe_presidente_mesa.csv
2023,GENERAL,2023-10-22,PRESIDENTE Y VICE,21,Santa Fe,11,San Javier,02750,,RECURRIDO,recurridos,0,PROVISORIO,2023_GENERAL_santafe_presidente_mesa.csv
2023,GENERAL,2023-10-22,PRESIDENTE Y VICE,21,Santa Fe,11,San Javier,02750,,UNION POR LA PATRIA,agrupacion,3197,PROVISORIO,2023_GENERAL_santafe_presidente_mesa.csv
2023,GENERAL,2023-10-22,PRESIDENTE Y VICE,21,Santa Fe,11,San Javier,02755,,COMANDO,comando,0,PROVISORIO,2023_GENERAL_santafe_presidente_mesa.csv
2023,GENERAL,2023-10-22,PRESIDENTE Y VICE,21,Santa Fe,11,San Javier,02755,,EN BLANCO,blancos,3,PROVISORIO,2023_GENERAL_santafe_presidente_mesa.csv
2023,GENERAL,2023-10-22,PRESIDENTE Y VICE,21,Santa Fe,11,San Javier,02755,,FRENTE DE IZQUIERDA Y DE TRABAJADORES - UNIDAD,agrupacion,2,PROVISORIO,2023_GENERAL_santafe_presidente_mesa.csv
2023,GENERAL,2023-10-22,PRESIDENTE Y VICE,21,Santa Fe,11,San Javier,02755,,HACEMOS POR NUESTRO PAIS,agrupacion,27,PROVISORIO,2023_GENERAL_santafe_presidente_mesa.csv
2023,GENERAL,2023-10-22,PRESIDENTE Y VICE,21,Santa Fe,11,San Javier,02755,,IMPUGNADO,impugnados,0,PROVISORIO,2023_GENERAL_santafe_presidente_mesa.csv
2023,GENERAL,2023-10-22,PRESIDENTE Y VICE,21,Santa Fe,11,San Javier,02755,,JUNTOS POR EL CAMBIO,agrupacion,83,PROVISORIO,2023_GENERAL_santafe_presidente_mesa.csv
2023,GENERAL,2023-10-22,PRESIDENTE Y VICE,21,Santa Fe,11,San Javier,02755,,LA LIBERTAD AVANZA,agrupacion,193,PROVISORIO,2023_GENERAL_santafe_presidente_mesa.csv
2023,GENERAL,2023-10-22,PRESIDENTE Y VICE,21,Santa Fe,11,San Javier,02755,,NULO,nulos,0,PROVISORIO,2023_GENERAL_santafe_presidente_mesa.csv
2023,GENERAL,2023-10-22,PRESIDENTE Y VICE,21,Santa Fe,11,San Javier,02755,,RECURRIDO,recurridos,0,PROVISORIO,2023_GENERAL_santafe_presidente_mesa.csv
2023,GENERAL,2023-10-22,PRESIDENTE Y VICE,21,Santa Fe,11,San Javier,02755,,UNION POR LA PATRIA,agrupacion,196,PROVISORIO,2023_GENERAL_santafe_presidente_mesa.csv
2023,GENERAL,2023-10-22,PRESIDENTE Y VICE,21,Santa Fe,11,San Javier,02758,,COMANDO,comando,0,PROVISORIO,2023_GENERAL_santafe_presidente_mesa.csv
2023,GENERAL,2023-10-22,PRESIDENTE Y VICE,21,Santa Fe,11,San Javier,02758,,EN BLANCO,blancos,1,PROVISORIO,2023_GENERAL_santafe_presidente_mesa.csv
2023,GENERAL,2023-10-22,PRESIDENTE Y VICE,21,Santa Fe,11,San Javier,02758,,FRENTE DE IZQUIERDA Y DE TRABAJADORES - UNIDAD,agrupacion,1,PROVISORIO,2023_GENERAL_santafe_presidente_mesa.csv
2023,GENERAL,2023-10-22,PRESIDENTE Y VICE,21,Santa Fe,11,San Javier,02758,,HACEMOS POR NUESTRO PAIS,agrupacion,21,PROVISORIO,2023_GENERAL_santafe_presidente_mesa.csv
2023,GENERAL,2023-10-22,PRESIDENTE Y VICE,21,Santa Fe,11,San Javier,02758,,IMPUGNADO,impugnados,0,PROVISORIO,2023_GENERAL_santafe_presidente_mesa.csv
2023,GENERAL,2023-10-22,PRESIDENTE Y VICE,21,Santa Fe,11,San Javier,02758,,JUNTOS POR EL CAMBIO,agrupacion,78,PROVISORIO,2023_GENERAL_santafe_presidente_mesa.csv
2023,GENERAL,2023-10-22,PRESIDENTE Y VICE,21,Santa Fe,11,San Javier,02758,,LA LIBERTAD AVANZA,agrupacion,150,PROVISORIO,2023_GENERAL_santafe_presidente_mesa.csv
2023,GENERAL,2023-10-22,PRESIDENTE Y VICE,21,Santa Fe,11,San Javier,02758,,NULO,nulos,4,PROVISORIO,2023_GENERAL_santafe_presidente_mesa.csv
2023,GENERAL,2023-10-22,PRESIDENTE Y VICE,21,Santa Fe,11,San Javier,02758,,RECURRIDO,recurridos,0,PROVISORIO,2023_GENERAL_santafe_presidente_mesa.csv
2023,GENERAL,2023-10-22,PRESIDENTE Y VICE,21,Santa Fe,11,San Javier,02758,,UNION POR LA PATRIA,agrupacion,208,PROVISORIO,2023_GENERAL_santafe_presidente_mesa.csv
2023,GENERAL,2023-10-22,PRESIDENTE Y VICE,21,Santa Fe,11,San Javier,02760,,COMANDO,comando,0,PROVISORIO,2023_GENERAL_santafe_presidente_mesa.csv
2023,GENERAL,2023-10-22,PRESIDENTE Y VICE,21,Santa Fe,11,San Javier,02760,,EN BLANCO,blancos,22,PROVISORIO,2023_GENERAL_santafe_presidente_mesa.csv
2023,GENERAL,2023-10-22,PRESIDENTE Y VICE,21,Santa Fe,11,San Javier,02760,,FRENTE DE IZQUIERDA Y DE TRABAJADORES - UNIDAD,agrupacion,11,PROVISORIO,2023_GENERAL_santafe_presidente_mesa.csv
2023,GENERAL,2023-10-22,PRESIDENTE Y VICE,21,Santa Fe,11,San Javier,02760,,HACEMOS POR NUESTRO PAIS,agrupacion,65,PROVISORIO,2023_GENERAL_santafe_presidente_mesa.csv
2023,GENERAL,2023-10-22,PRESIDENTE Y VICE,21,Santa Fe,11,San Javier,02760,,IMPUGNADO,impugnados,0,PROVISORIO,2023_GENERAL_santafe_presidente_mesa.csv
2023,GENERAL,2023-10-22,PRESIDENTE Y VICE,21,Santa Fe,11,San Javier,02760,,JUNTOS POR EL CAMBIO,agrupacion,481,PROVISORIO,2023_GENERAL_santafe_presidente_mesa.csv
2023,GENERAL,2023-10-22,PRESIDENTE Y VICE,21,Santa Fe,11,San Javier,02760,,LA LIBERTAD AVANZA,agrupacion,448,PROVISORIO,2023_GENERAL_santafe_presidente_mesa.csv
2023,GENERAL,2023-10-22,PRESIDENTE Y VICE,21,Santa Fe,11,San Javier,02760,,NULO,nulos,43,PROVISORIO,2023_GENERAL_santafe_presidente_mesa.csv
2023,GENERAL,2023-10-22,PRESIDENTE Y VICE,21,Santa Fe,11,San Javier,02760,,RECURRIDO,recurridos,0,PROVISORIO,2023_GENERAL_santafe_presidente_mesa.csv
2023,GENERAL,2023-10-22,PRESIDENTE Y VICE,21,Santa Fe,11,San Javier,02760,,UNION POR LA PATRIA,agrupacion,767,PROVISORIO,2023_GENERAL_santafe_presidente_mesa.csv
2023,GENERAL,2023-10-22,PRESIDENTE Y VICE,21,Santa Fe,11,San Javier,02762,,COMANDO,comando,0,PROVISORIO,2023_GENERAL_santafe_presidente_mesa.csv
2023,GENERAL,2023-10-22,PRESIDENTE Y VICE,21,Santa Fe,11,San Javier,02762,,EN BLANCO,blancos,0,PROVISORIO,2023_GENERAL_santafe_presidente_mesa.csv
2023,GENERAL,2023-10-22,PRESIDENTE Y VICE,21,Santa Fe,11,San Javier,02762,,FRENTE DE IZQUIERDA Y DE TRABAJADORES - UNIDAD,agrupacion,0,PROVISORIO,2023_GENERAL_santafe_presidente_mesa.csv
2023,GENERAL,2023-10-22,PRESIDENTE Y VICE,21,Santa Fe,11,San Javier,02762,,HACEMOS POR NUESTRO PAIS,agrupacion,0,PROVISORIO,2023_GENERAL_santafe_presidente_mesa.csv
2023,GENERAL,2023-10-22,PRESIDENTE Y VICE,21,Santa Fe,11,San Javier,02762,,IMPUGNADO,impugnados,0,PROVISORIO,2023_GENERAL_santafe_presidente_mesa.csv
2023,GENERAL,2023-10-22,PRESIDENTE Y VICE,21,Santa Fe,11,San Javier,02762,,JUNTOS POR EL CAMBIO,agrupacion,1,PROVISORIO,2023_GENERAL_santafe_presidente_mesa.csv
2023,GENERAL,2023-10-22,PRESIDENTE Y VICE,21,Santa Fe,11,San Javier,02762,,LA LIBERTAD AVANZA,agrupacion,4,PROVISORIO,2023_GENERAL_santafe_presidente_mesa.csv
2023,GENERAL,2023-10-22,PRESIDENTE Y VICE,21,Santa Fe,11,San Javier,02762,,NULO,nulos,0,PROVISORIO,2023_GENERAL_santafe_presidente_mesa.csv
2023,GENERAL,2023-10-22,PRESIDENTE Y VICE,21,Santa Fe,11,San Javier,02762,,RECURRIDO,recurridos,0,PROVISORIO,2023_GENERAL_santafe_presidente_mesa.csv
2023,GENERAL,2023-10-22,PRESIDENTE Y VICE,21,Santa Fe,11,San Javier,02762,,UNION POR LA PATRIA,agrupacion,3,PROVISORIO,2023_GENERAL_santafe_presidente_mesa.csv
2023,GENERAL,2023-10-22,PRESIDENTE Y VICE,21,Santa Fe,11,San Javier,02764,,COMANDO,comando,0,PROVISORIO,2023_GENERAL_santafe_presidente_mesa.csv
2023,GENERAL,2023-10-22,PRESIDENTE Y VICE,21,Santa Fe,11,San Javier,02764,,EN BLANCO,blancos,0,PROVISORIO,2023_GENERAL_santafe_presidente_mesa.csv
2023,GENERAL,2023-10-22,PRESIDENTE Y VICE,21,Santa Fe,11,San Javier,02764,,FRENTE DE IZQUIERDA Y DE TRABAJADORES - UNIDAD,agrupacion,1,PROVISORIO,2023_GENERAL_santafe_presidente_mesa.csv
2023,GENERAL,2023-10-22,PRESIDENTE Y VICE,21,Santa Fe,11,San Javier,02764,,HACEMOS POR NUESTRO PAIS,agrupacion,2,PROVISORIO,2023_GENERAL_santafe_presidente_mesa.csv
2023,GENERAL,2023-10-22,PRESIDENTE Y VICE,21,Santa Fe,11,San Javier,02764,,IMPUGNADO,impugnados,0,PROVISORIO,2023_GENERAL_santafe_presidente_mesa.csv
2023,GENERAL,2023-10-22,PRESIDENTE Y VICE,21,Santa Fe,11,San Javier,02764,,JUNTOS POR EL CAMBIO,agrupacion,9,PROVISORIO,2023_GENERAL_santafe_presidente_mesa.csv
2023,GENERAL,2023-10-22,PRESIDENTE Y VICE,21,Santa Fe,11,San Javier,02764,,LA LIBERTAD AVANZA,agrupacion,5,PROVISORIO,2023_GENERAL_santafe_presidente_mesa.csv
2023,GENERAL,2023-10-22,PRESIDENTE Y VICE,21,Santa Fe,11,San Javier,02764,,NULO,nulos,0,PROVISORIO,2023_GENERAL_santafe_presidente_mesa.csv
2023,GENERAL,2023-10-22,PRESIDENTE Y VICE,21,Santa Fe,11,San Javier,02764,,RECURRIDO,recurridos,0,PROVISORIO,2023_GENERAL_santafe_presidente_mesa.csv
2023,GENERAL,2023-10-22,PRESIDENTE Y VICE,21,Santa Fe,11,San Javier,02764,,UNION POR LA PATRIA,agrupacion,4,PROVISORIO,2023_GENERAL_santafe_presidente_mesa.csv
2023,GENERAL,2023-10-22,PRESIDENTE Y VICE,21,Santa Fe,11,San Javier,02766,,COMANDO,comando,0,PROVISORIO,2023_GENERAL_santafe_presidente_mesa.csv
2023,GENERAL,2023-10-22,PRESIDENTE Y VICE,21,Santa Fe,11,San Javier,02766,,EN BLANCO,blancos,0,PROVISORIO,2023_GENERAL_santafe_presidente_mesa.csv
2023,GENERAL,2023-10-22,PRESIDENTE Y VICE,21,Santa Fe,11,San Javier,02766,,FRENTE DE IZQUIERDA Y DE TRABAJADORES - UNIDAD,agrupacion,0,PROVISORIO,2023_GENERAL_santafe_presidente_mesa.csv
2023,GENERAL,2023-10-22,PRESIDENTE Y VICE,21,Santa Fe,11,San Javier,02766,,HACEMOS POR NUESTRO PAIS,agrupacion,0,PROVISORIO,2023_GENERAL_santafe_presidente_mesa.csv
2023,GENERAL,2023-10-22,PRESIDENTE Y VICE,21,Santa Fe,11,San Javier,02766,,IMPUGNADO,impugnados,0,PROVISORIO,2023_GENERAL_santafe_presidente_mesa.csv
2023,GENERAL,2023-10-22,PRESIDENTE Y VICE,21,Santa Fe,11,San Javier,02766,,JUNTOS POR EL CAMBIO,agrupacion,0,PROVISORIO,2023_GENERAL_santafe_presidente_mesa.csv
2023,GENERAL,2023-10-22,PRESIDENTE Y VICE,21,Santa Fe,11,San Javier,02766,,LA LIBERTAD AVANZA,agrupacion,0,PROVISORIO,2023_GENERAL_santafe_presidente_mesa.csv
2023,GENERAL,2023-10-22,PRESIDENTE Y VICE,21,Santa Fe,11,San Javier,02766,,NULO,nulos,0,PROVISORIO,2023_GENERAL_santafe_presidente_mesa.csv
2023,GENERAL,2023-10-22,PRESIDENTE Y VICE,21,Santa Fe,11,San Javier,02766,,RECURRIDO,recurridos,0,PROVISORIO,2023_GENERAL_santafe_presidente_mesa.csv
2023,GENERAL,2023-10-22,PRESIDENTE Y VICE,21,Santa Fe,11,San Javier,02766,,UNION POR LA PATRIA,agrupacion,0,PROVISORIO,2023_GENERAL_santafe_presidente_mesa.csv
2023,GENERAL,2023-10-22,PRESIDENTE Y VICE,21,Santa Fe,11,San Javier,02770,,COMANDO,comando,0,PROVISORIO,2023_GENERAL_santafe_presidente_mesa.csv
2023,GENERAL,2023-10-22,PRESIDENTE Y VICE,21,Santa Fe,11,San Javier,02770,,EN BLANCO,blancos,70,PROVISORIO,2023_GENERAL_santafe_presidente_mesa.csv
2023,GENERAL,2023-10-22,PRESIDENTE Y VICE,21,Santa Fe,11,San Javier,02770,,FRENTE DE IZQUIERDA Y DE TRABAJADORES - UNIDAD,agrupacion,50,PROVISORIO,2023_GENERAL_santafe_presidente_mesa.csv
2023,GENERAL,2023-10-22,PRESIDENTE Y VICE,21,Santa Fe,11,San Javier,02770,,HACEMOS POR NUESTRO PAIS,agrupacion,457,PROVISORIO,2023_GENERAL_santafe_presidente_mesa.csv
2023,GENERAL,2023-10-22,PRESIDENTE Y VICE,21,Santa Fe,11,San Javier,02770,,IMPUGNADO,impugnados,0,PROVISORIO,2023_GENERAL_santafe_presidente_mesa.csv
2023,GENERAL,2023-10-22,PRESIDENTE Y VICE,21,Santa Fe,11,San Javier,02770,,JUNTOS POR EL CAMBIO,agrupacion,1181,PROVISORIO,2023_GENERAL_santafe_presidente_mesa.csv
2023,GENERAL,2023-10-22,PRESIDENTE Y VICE,21,Santa Fe,11,San Javier,02770,,LA LIBERTAD AVANZA,agrupacion,1548,PROVISORIO,2023_GENERAL_santafe_presidente_mesa.csv
2023,GENERAL,2023-10-22,PRESIDENTE Y VICE,21,Santa Fe,11,San Javier,02770,,NULO,nulos,82,PROVISORIO,2023_GENERAL_santafe_presidente_mesa.csv
2023,GENERAL,2023-10-22,PRESIDENTE Y VICE,21,Santa Fe,11,San Javier,02770,,RECURRIDO,recurridos,0,PROVISORIO,2023_GENERAL_santafe_presidente_mesa.csv
2023,GENERAL,2023-10-22,PRESIDENTE Y VICE,21,Santa Fe,11,San Javier,02770,,UNION POR LA PATRIA,agrupacion,2072,PROVISORIO,2023_GENERAL_santafe_presidente_mesa.csv
2023,GENERAL,2023-10-22,PRESIDENTE Y VICE,21,Santa Fe,11,San Javier,02772,,COMANDO,comando,0,PROVISORIO,2023_GENERAL_santafe_presidente_mesa.csv
2023,GENERAL,2023-10-22,PRESIDENTE Y VICE,21,Santa Fe,11,San Javier,02772,,EN BLANCO,blancos,0,PROVISORIO,2023_GENERAL_santafe_presidente_mesa.csv
2023,GENERAL,2023-10-22,PRESIDENTE Y VICE,21,Santa Fe,11,San Javier,02772,,FRENTE DE IZQUIERDA Y DE TRABAJADORES - UNIDAD,agrupacion,0,PROVISORIO,2023_GENERAL_santafe_presidente_mesa.csv
2023,GENERAL,2023-10-22,PRESIDENTE Y VICE,21,Santa Fe,11,San Javier,02772,,HACEMOS POR NUESTRO PAIS,agrupacion,1,PROVISORIO,2023_GENERAL_santafe_presidente_mesa.csv
2023,GENERAL,2023-10-22,PRESIDENTE Y VICE,21,Santa Fe,11,San Javier,02772,,IMPUGNADO,impugnados,0,PROVISORIO,2023_GENERAL_santafe_presidente_mesa.csv
2023,GENERAL,2023-10-22,PRESIDENTE Y VICE,21,Santa Fe,11,San Javier,02772,,JUNTOS POR EL CAMBIO,agrupacion,6,PROVISORIO,2023_GENERAL_santafe_presidente_mesa.csv
2023,GENERAL,2023-10-22,PRESIDENTE Y VICE,21,Santa Fe,11,San Javier,02772,,LA LIBERTAD AVANZA,agrupacion,8,PROVISORIO,2023_GENERAL_santafe_presidente_mesa.csv
2023,GENERAL,2023-10-22,PRESIDENTE Y VICE,21,Santa Fe,11,San Javier,02772,,NULO,nulos,1,PROVISORIO,2023_GENERAL_santafe_presidente_mesa.csv
2023,GENERAL,2023-10-22,PRESIDENTE Y VICE,21,Santa Fe,11,San Javier,02772,,RECURRIDO,recurridos,0,PROVISORIO,2023_GENERAL_santafe_presidente_mesa.csv
2023,GENERAL,2023-10-22,PRESIDENTE Y VICE,21,Santa Fe,11,San Javier,02772,,UNION POR LA PATRIA,agrupacion,2,PROVISORIO,2023_GENERAL_santafe_presidente_mesa.csv
2023,GENERAL,2023-10-22,PRESIDENTE Y VICE,21,Santa Fe,11,San Javier,02774,,COMANDO,comando,0,PROVISORIO,2023_GENERAL_santafe_presidente_mesa.csv
2023,GENERAL,2023-10-22,PRESIDENTE Y VICE,21,Santa Fe,11,San Javier,02774,,EN BLANCO,blancos,0,PROVISORIO,2023_GENERAL_santafe_presidente_mesa.csv
2023,GENERAL,2023-10-22,PRESIDENTE Y VICE,21,Santa Fe,11,San Javier,02774,,FRENTE DE IZQUIERDA Y DE TRABAJADORES - UNIDAD,agrupacion,0,PROVISORIO,2023_GENERAL_santafe_presidente_mesa.csv
2023,GENERAL,2023-10-22,PRESIDENTE Y VICE,21,Santa Fe,11,San Javier,02774,,HACEMOS POR NUESTRO PAIS,agrupacion,3,PROVISORIO,2023_GENERAL_santafe_presidente_mesa.csv
2023,GENERAL,2023-10-22,PRESIDENTE Y VICE,21,Santa Fe,11,San Javier,02774,,IMPUGNADO,impugnados,0,PROVISORIO,2023_GENERAL_santafe_presidente_mesa.csv
2023,GENERAL,2023-10-22,PRESIDENTE Y VICE,21,Santa Fe,11,San Javier,02774,,JUNTOS POR EL CAMBIO,agrupacion,8,PROVISORIO,2023_GENERAL_santafe_presidente_mesa.csv
2023,GENERAL,2023-10-22,PRESIDENTE Y VICE,21,Santa Fe,11,San Javier,02774,,LA LIBERTAD AVANZA,agrupacion,14,PROVISORIO,2023_GENERAL_santafe_presidente_mesa.csv
2023,GENERAL,2023-10-22,PRESIDENTE Y VICE,21,Santa Fe,11,San Javier,02774,,NULO,nulos,1,PROVISORIO,2023_GENERAL_santafe_presidente_mesa.csv
2023,GENERAL,2023-10-22,PRESIDENTE Y VICE,21,Santa Fe,11,San Javier,02774,,RECURRIDO,recurridos,0,PROVISORIO,2023_GENERAL_santafe_presidente_mesa.csv
2023,GENERAL,2023-10-22,PRESIDENTE Y VICE,21,Santa Fe,11,San Javier,02774,,UNION POR LA PATRIA,agrupacion,12,PROVISORIO,2023_GENERAL_santafe_presidente_mesa.csv
2023,GENERAL,2023-10-22,PRESIDENTE Y VICE,21,Santa Fe,11,San Javier,02780,,COMANDO,comando,0,PROVISORIO,2023_GENERAL_santafe_presidente_mesa.csv
2023,GENERAL,2023-10-22,PRESIDENTE Y VICE,21,Santa Fe,11,San Javier,02780,,EN BLANCO,blancos,0,PROVISORIO,2023_GENERAL_santafe_presidente_mesa.csv
2023,GENERAL,2023-10-22,PRESIDENTE Y VICE,21,Santa Fe,11,San Javier,02780,,FRENTE DE IZQUIERDA Y DE TRABAJADORES - UNIDAD,agrupacion,0,PROVISORIO,2023_GENERAL_santafe_presidente_mesa.csv
2023,GENERAL,2023-10-22,PRESIDENTE Y VICE,21,Santa Fe,11,San Javier,02780,,HACEMOS POR NUESTRO PAIS,agrupacion,0,PROVISORIO,2023_GENERAL_santafe_presidente_mesa.csv
2023,GENERAL,2023-10-22,PRESIDENTE Y VICE,21,Santa Fe,11,San Javier,02780,,IMPUGNADO,impugnados,0,PROVISORIO,2023_GENERAL_santafe_presidente_mesa.csv
2023,GENERAL,2023-10-22,PRESIDENTE Y VICE,21,Santa Fe,11,San Javier,02780,,JUNTOS POR EL CAMBIO,agrupacion,0,PROVISORIO,2023_GENERAL_santafe_presidente_mesa.csv
2023,GENERAL,2023-10-22,PRESIDENTE Y VICE,21,Santa Fe,11,San Javier,02780,,LA LIBERTAD AVANZA,agrupacion,7,PROVISORIO,2023_GENERAL_santafe_presidente_mesa.csv
2023,GENERAL,2023-10-22,PRESIDENTE Y VICE,21,Santa Fe,11,San Javier,02780,,NULO,nulos,0,PROVISORIO,2023_GENERAL_santafe_presidente_mesa.csv
2023,GENERAL,2023-10-22,PRESIDENTE Y VICE,21,Santa Fe,11,San Javier,02780,,RECURRIDO,recurridos,0,PROVISORIO,2023_GENERAL_santafe_presidente_mesa.csv
2023,GENERAL,2023-10-22,PRESIDENTE Y VICE,21,Santa Fe,11,San Javier,02780,,UNION POR LA PATRIA,agrupacion,0,PROVISORIO,2023_GENERAL_santafe_presidente_mesa.csv
2023,GENERAL,2023-10-22,PRESIDENTE Y VICE,21,Santa Fe,11,San Javier,02790,,COMANDO,comando,1,PROVISORIO,2023_GENERAL_santafe_presidente_mesa.csv
2023,GENERAL,2023-10-22,PRESIDENTE Y VICE,21,Santa Fe,11,San Javier,02790,,EN BLANCO,blancos,8,PROVISORIO,2023_GENERAL_santafe_presidente_mesa.csv
2023,GENERAL,2023-10-22,PRESIDENTE Y VICE,21,Santa Fe,11,San Javier,02790,,FRENTE DE IZQUIERDA Y DE TRABAJADORES - UNIDAD,agrupacion,7,PROVISORIO,2023_GENERAL_santafe_presidente_mesa.csv
2023,GENERAL,2023-10-22,PRESIDENTE Y VICE,21,Santa Fe,11,San Javier,02790,,HACEMOS POR NUESTRO PAIS,agrupacion,28,PROVISORIO,2023_GENERAL_santafe_presidente_mesa.csv
2023,GENERAL,2023-10-22,PRESIDENTE Y VICE,21,Santa Fe,11,San Javier,02790,,IMPUGNADO,impugnados,0,PROVISORIO,2023_GENERAL_santafe_presidente_mesa.csv
2023,GENERAL,2023-10-22,PRESIDENTE Y VICE,21,Santa Fe,11,San Javier,02790,,JUNTOS POR EL CAMBIO,agrupacion,74,PROVISORIO,2023_GENERAL_santafe_presidente_mesa.csv
2023,GENERAL,2023-10-22,PRESIDENTE Y VICE,21,Santa Fe,11,San Javier,02790,,LA LIBERTAD AVANZA,agrupacion,149,PROVISORIO,2023_GENERAL_santafe_presidente_mesa.csv
2023,GENERAL,2023-10-22,PRESIDENTE Y VICE,21,Santa Fe,11,San Javier,02790,,NULO,nulos,2,PROVISORIO,2023_GENERAL_santafe_presidente_mesa.csv
2023,GENERAL,2023-10-22,PRESIDENTE Y VICE,21,Santa Fe,11,San Javier,02790,,RECURRIDO,recurridos,0,PROVISORIO,2023_GENERAL_santafe_presidente_mesa.csv
2023,GENERAL,2023-10-22,PRESIDENTE Y VICE,21,Santa Fe,11,San Javier,02790,,UNION POR LA PATRIA,agrupacion,115,PROVISORIO,2023_GENERAL_santafe_presidente_mesa.csv
2023,GENERAL,2023-10-22,PRESIDENTE Y VICE,21,Santa Fe,11,San Javier,02800,,COMANDO,comando,0,PROVISORIO,2023_GENERAL_santafe_presidente_mesa.csv
2023,GENERAL,2023-10-22,PRESIDENTE Y VICE,21,Santa Fe,11,San Javier,02800,,EN BLANCO,blancos,1,PROVISORIO,2023_GENERAL_santafe_presidente_mesa.csv
2023,GENERAL,2023-10-22,PRESIDENTE Y VICE,21,Santa Fe,11,San Javier,02800,,FRENTE DE IZQUIERDA Y DE TRABAJADORES - UNIDAD,agrupacion,1,PROVISORIO,2023_GENERAL_santafe_presidente_mesa.csv
2023,GENERAL,2023-10-22,PRESIDENTE Y VICE,21,Santa Fe,11,San Javier,02800,,HACEMOS POR NUESTRO PAIS,agrupacion,16,PROVISORIO,2023_GENERAL_santafe_presidente_mesa.csv
2023,GENERAL,2023-10-22,PRESIDENTE Y VICE,21,Santa Fe,11,San Javier,02800,,IMPUGNADO,impugnados,0,PROVISORIO,2023_GENERAL_santafe_presidente_mesa.csv
2023,GENERAL,2023-10-22,PRESIDENTE Y VICE,21,Santa Fe,11,San Javier,02800,,JUNTOS POR EL CAMBIO,agrupacion,108,PROVISORIO,2023_GENERAL_santafe_presidente_mesa.csv
2023,GENERAL,2023-10-22,PRESIDENTE Y VICE,21,Santa Fe,11,San Javier,02800,,LA LIBERTAD AVANZA,agrupacion,98,PROVISORIO,2023_GENERAL_santafe_presidente_mesa.csv
2023,GENERAL,2023-10-22,PRESIDENTE Y VICE,21,Santa Fe,11,San Javier,02800,,NULO,nulos,2,PROVISORIO,2023_GENERAL_santafe_presidente_mesa.csv
2023,GENERAL,2023-10-22,PRESIDENTE Y VICE,21,Santa Fe,11,San Javier,02800,,RECURRIDO,recurridos,0,PROVISORIO,2023_GENERAL_santafe_presidente_mesa.csv
2023,GENERAL,2023-10-22,PRESIDENTE Y VICE,21,Santa Fe,11,San Javier,02800,,UNION POR LA PATRIA,agrupacion,67,PROVISORIO,2023_GENERAL_santafe_presidente_mesa.csv
2023,GENERAL,2023-10-22,PRESIDENTE Y VICE,21,Santa Fe,11,San Javier,02810,,COMANDO,comando,0,PROVISORIO,2023_GENERAL_santafe_presidente_mesa.csv
2023,GENERAL,2023-10-22,PRESIDENTE Y VICE,21,Santa Fe,11,San Javier,02810,,EN BLANCO,blancos,0,PROVISORIO,2023_GENERAL_santafe_presidente_mesa.csv
2023,GENERAL,2023-10-22,PRESIDENTE Y VICE,21,Santa Fe,11,San Javier,02810,,FRENTE DE IZQUIERDA Y DE TRABAJADORES - UNIDAD,agrupacion,1,PROVISORIO,2023_GENERAL_santafe_presidente_mesa.csv
2023,GENERAL,2023-10-22,PRESIDENTE Y VICE,21,Santa Fe,11,San Javier,02810,,HACEMOS POR NUESTRO PAIS,agrupacion,0,PROVISORIO,2023_GENERAL_santafe_presidente_mesa.csv
2023,GENERAL,2023-10-22,PRESIDENTE Y VICE,21,Santa Fe,11,San Javier,02810,,IMPUGNADO,impugnados,0,PROVISORIO,2023_GENERAL_santafe_presidente_mesa.csv
2023,GENERAL,2023-10-22,PRESIDENTE Y VICE,21,Santa Fe,11,San Javier,02810,,JUNTOS POR EL CAMBIO,agrupacion,5,PROVISORIO,2023_GENERAL_santafe_presidente_mesa.csv
2023,GENERAL,2023-10-22,PRESIDENTE Y VICE,21,Santa Fe,11,San Javier,02810,,LA LIBERTAD AVANZA,agrupacion,3,PROVISORIO,2023_GENERAL_santafe_presidente_mesa.csv
2023,GENERAL,2023-10-22,PRESIDENTE Y VICE,21,Santa Fe,11,San Javier,02810,,NULO,nulos,0,PROVISORIO,2023_GENERAL_santafe_presidente_mesa.csv
2023,GENERAL,2023-10-22,PRESIDENTE Y VICE,21,Santa Fe,11,San Javier,02810,,RECURRIDO,recurridos,0,PROVISORIO,2023_GENERAL_santafe_presidente_mesa.csv
2023,GENERAL,2023-10-22,PRESIDENTE Y VICE,21,Santa Fe,11,San Javier,02810,,UNION POR LA PATRIA,agrupacion,0,PROVISORIO,2023_GENERAL_santafe_presidente_mesa.csv
2023,GENERAL,2023-10-22,PRESIDENTE Y VICE,21,Santa Fe,12,9 de Julio,02830,,COMANDO,comando,0,PROVISORIO,2023_GENERAL_santafe_presidente_mesa.csv
2023,GENERAL,2023-10-22,PRESIDENTE Y VICE,21,Santa Fe,12,9 de Julio,02830,,EN BLANCO,blancos,5,PROVISORIO,2023_GENERAL_santafe_presidente_mesa.csv
2023,GENERAL,2023-10-22,PRESIDENTE Y VICE,21,Santa Fe,12,9 de Julio,02830,,FRENTE DE IZQUIERDA Y DE TRABAJADORES - UNIDAD,agrupacion,2,PROVISORIO,2023_GENERAL_santafe_presidente_mesa.csv
2023,GENERAL,2023-10-22,PRESIDENTE Y VICE,21,Santa Fe,12,9 de Julio,02830,,HACEMOS POR NUESTRO PAIS,agrupacion,13,PROVISORIO,2023_GENERAL_santafe_presidente_mesa.csv
2023,GENERAL,2023-10-22,PRESIDENTE Y VICE,21,Santa Fe,12,9 de Julio,02830,,IMPUGNADO,impugnados,0,PROVISORIO,2023_GENERAL_santafe_presidente_mesa.csv
2023,GENERAL,2023-10-22,PRESIDENTE Y VICE,21,Santa Fe,12,9 de Julio,02830,,JUNTOS POR EL CAMBIO,agrupacion,25,PROVISORIO,2023_GENERAL_santafe_presidente_mesa.csv
2023,GENERAL,2023-10-22,PRESIDENTE Y VICE,21,Santa Fe,12,9 de Julio,02830,,LA LIBERTAD AVANZA,agrupacion,35,PROVISORIO,2023_GENERAL_santafe_presidente_mesa.csv
2023,GENERAL,2023-10-22,PRESIDENTE Y VICE,21,Santa Fe,12,9 de Julio,02830,,NULO,nulos,1,PROVISORIO,2023_GENERAL_santafe_presidente_mesa.csv
2023,GENERAL,2023-10-22,PRESIDENTE Y VICE,21,Santa Fe,12,9 de Julio,02830,,RECURRIDO,recurridos,0,PROVISORIO,2023_GENERAL_santafe_presidente_mesa.csv
2023,GENERAL,2023-10-22,PRESIDENTE Y VICE,21,Santa Fe,12,9 de Julio,02830,,UNION POR LA PATRIA,agrupacion,52,PROVISORIO,2023_GENERAL_santafe_presidente_mesa.csv
2023,GENERAL,2023-10-22,PRESIDENTE Y VICE,21,Santa Fe,12,9 de Julio,02840,,COMANDO,comando,0,PROVISORIO,2023_GENERAL_santafe_presidente_mesa.csv
2023,GENERAL,2023-10-22,PRESIDENTE Y VICE,21,Santa Fe,12,9 de Julio,02840,,EN BLANCO,blancos,5,PROVISORIO,2023_GENERAL_santafe_presidente_mesa.csv
2023,GENERAL,2023-10-22,PRESIDENTE Y VICE,21,Santa Fe,12,9 de Julio,02840,,FRENTE DE IZQUIERDA Y DE TRABAJADORES - UNIDAD,agrupacion,2,PROVISORIO,2023_GENERAL_santafe_presidente_mesa.csv
2023,GENERAL,2023-10-22,PRESIDENTE Y VICE,21,Santa Fe,12,9 de Julio,02840,,HACEMOS POR NUESTRO PAIS,agrupacion,24,PROVISORIO,2023_GENERAL_santafe_presidente_mesa.csv
2023,GENERAL,2023-10-22,PRESIDENTE Y VICE,21,Santa Fe,12,9 de Julio,02840,,IMPUGNADO,impugnados,0,PROVISORIO,2023_GENERAL_santafe_presidente_mesa.csv
2023,GENERAL,2023-10-22,PRESIDENTE Y VICE,21,Santa Fe,12,9 de Julio,02840,,JUNTOS POR EL CAMBIO,agrupacion,150,PROVISORIO,2023_GENERAL_santafe_presidente_mesa.csv
2023,GENERAL,2023-10-22,PRESIDENTE Y VICE,21,Santa Fe,12,9 de Julio,02840,,LA LIBERTAD AVANZA,agrupacion,157,PROVISORIO,2023_GENERAL_santafe_presidente_mesa.csv
2023,GENERAL,2023-10-22,PRESIDENTE Y VICE,21,Santa Fe,12,9 de Julio,02840,,NULO,nulos,2,PROVISORIO,2023_GENERAL_santafe_presidente_mesa.csv
2023,GENERAL,2023-10-22,PRESIDENTE Y VICE,21,Santa Fe,12,9 de Julio,02840,,RECURRIDO,recurridos,0,PROVISORIO,2023_GENERAL_santafe_presidente_mesa.csv
2023,GENERAL,2023-10-22,PRESIDENTE Y VICE,21,Santa Fe,12,9 de Julio,02840,,UNION POR LA PATRIA,agrupacion,109,PROVISORIO,2023_GENERAL_santafe_presidente_mesa.csv
2023,GENERAL,2023-10-22,PRESIDENTE Y VICE,21,Santa Fe,12,9 de Julio,02850,,COMANDO,comando,3,PROVISORIO,2023_GENERAL_santafe_presidente_mesa.csv
2023,GENERAL,2023-10-22,PRESIDENTE Y VICE,21,Santa Fe,12,9 de Julio,02850,,EN BLANCO,blancos,74,PROVISORIO,2023_GENERAL_santafe_presidente_mesa.csv
2023,GENERAL,2023-10-22,PRESIDENTE Y VICE,21,Santa Fe,12,9 de Julio,02850,,FRENTE DE IZQUIERDA Y DE TRABAJADORES - UNIDAD,agrupacion,111,PROVISORIO,2023_GENERAL_santafe_presidente_mesa.csv
2023,GENERAL,2023-10-22,PRESIDENTE Y VICE,21,Santa Fe,12,9 de Julio,02850,,HACEMOS POR NUESTRO PAIS,agrupacion,720,PROVISORIO,2023_GENERAL_santafe_presidente_mesa.csv
2023,GENERAL,2023-10-22,PRESIDENTE Y VICE,21,Santa Fe,12,9 de Julio,02850,,IMPUGNADO,impugnados,0,PROVISORIO,2023_GENERAL_santafe_presidente_mesa.csv
2023,GENERAL,2023-10-22,PRESIDENTE Y VICE,21,Santa Fe,12,9 de Julio,02850,,JUNTOS POR EL CAMBIO,agrupacion,2328,PROVISORIO,2023_GENERAL_santafe_presidente_mesa.csv
2023,GENERAL,2023-10-22,PRESIDENTE Y VICE,21,Santa Fe,12,9 de Julio,02850,,LA LIBERTAD AVANZA,agrupacion,4017,PROVISORIO,2023_GENERAL_santafe_presidente_mesa.csv
2023,GENERAL,2023-10-22,PRESIDENTE Y VICE,21,Santa Fe,12,9 de Julio,02850,,NULO,nulos,74,PROVISORIO,2023_GENERAL_santafe_presidente_mesa.csv
2023,GENERAL,2023-10-22,PRESIDENTE Y VICE,21,Santa Fe,12,9 de Julio,02850,,RECURRIDO,recurridos,5,PROVISORIO,2023_GENERAL_santafe_presidente_mesa.csv
2023,GENERAL,2023-10-22,PRESIDENTE Y VICE,21,Santa Fe,12,9 de Julio,02850,,UNION POR LA PATRIA,agrupacion,3136,PROVISORIO,2023_GENERAL_santafe_presidente_mesa.csv
2023,GENERAL,2023-10-22,PRESIDENTE Y VICE,21,Santa Fe,12,9 de Julio,02852,,COMANDO,comando,0,PROVISORIO,2023_GENERAL_santafe_presidente_mesa.csv
2023,GENERAL,2023-10-22,PRESIDENTE Y VICE,21,Santa Fe,12,9 de Julio,02852,,EN BLANCO,blancos,2,PROVISORIO,2023_GENERAL_santafe_presidente_mesa.csv
2023,GENERAL,2023-10-22,PRESIDENTE Y VICE,21,Santa Fe,12,9 de Julio,02852,,FRENTE DE IZQUIERDA Y DE TRABAJADORES - UNIDAD,agrupacion,7,PROVISORIO,2023_GENERAL_santafe_presidente_mesa.csv
2023,GENERAL,2023-10-22,PRESIDENTE Y VICE,21,Santa Fe,12,9 de Julio,02852,,HACEMOS POR NUESTRO PAIS,agrupacion,24,PROVISORIO,2023_GENERAL_santafe_presidente_mesa.csv
2023,GENERAL,2023-10-22,PRESIDENTE Y VICE,21,Santa Fe,12,9 de Julio,02852,,IMPUGNADO,impugnados,0,PROVISORIO,2023_GENERAL_santafe_presidente_mesa.csv
2023,GENERAL,2023-10-22,PRESIDENTE Y VICE,21,Santa Fe,12,9 de Julio,02852,,JUNTOS POR EL CAMBIO,agrupacion,164,PROVISORIO,2023_GENERAL_santafe_presidente_mesa.csv
2023,GENERAL,2023-10-22,PRESIDENTE Y VICE,21,Santa Fe,12,9 de Julio,02852,,LA LIBERTAD AVANZA,agrupacion,292,PROVISORIO,2023_GENERAL_santafe_presidente_mesa.csv
2023,GENERAL,2023-10-22,PRESIDENTE Y VICE,21,Santa Fe,12,9 de Julio,02852,,NULO,nulos,6,PROVISORIO,2023_GENERAL_santafe_presidente_mesa.csv
2023,GENERAL,2023-10-22,PRESIDENTE Y VICE,21,Santa Fe,12,9 de Julio,02852,,RECURRIDO,recurridos,0,PROVISORIO,2023_GENERAL_santafe_presidente_mesa.csv
2023,GENERAL,2023-10-22,PRESIDENTE Y VICE,21,Santa Fe,12,9 de Julio,02852,,UNION POR LA PATRIA,agrupacion,178,PROVISORIO,2023_GENERAL_santafe_presidente_mesa.csv
2023,GENERAL,2023-10-22,PRESIDENTE Y VICE,21,Santa Fe,12,9 de Julio,02854,,COMANDO,comando,0,PROVISORIO,2023_GENERAL_santafe_presidente_mesa.csv
2023,GENERAL,2023-10-22,PRESIDENTE Y VICE,21,Santa Fe,12,9 de Julio,02854,,EN BLANCO,blancos,0,PROVISORIO,2023_GENERAL_santafe_presidente_mesa.csv
2023,GENERAL,2023-10-22,PRESIDENTE Y VICE,21,Santa Fe,12,9 de Julio,02854,,FRENTE DE IZQUIERDA Y DE TRABAJADORES - UNIDAD,agrupacion,0,PROVISORIO,2023_GENERAL_santafe_presidente_mesa.csv
2023,GENERAL,2023-10-22,PRESIDENTE Y VICE,21,Santa Fe,12,9 de Julio,02854,,HACEMOS POR NUESTRO PAIS,agrupacion,2,PROVISORIO,2023_GENERAL_santafe_presidente_mesa.csv
2023,GENERAL,2023-10-22,PRESIDENTE Y VICE,21,Santa Fe,12,9 de Julio,02854,,IMPUGNADO,impugnados,0,PROVISORIO,2023_GENERAL_santafe_presidente_mesa.csv
2023,GENERAL,2023-10-22,PRESIDENTE Y VICE,21,Santa Fe,12,9 de Julio,02854,,JUNTOS POR EL CAMBIO,agrupacion,5,PROVISORIO,2023_GENERAL_santafe_presidente_mesa.csv
2023,GENERAL,2023-10-22,PRESIDENTE Y VICE,21,Santa Fe,12,9 de Julio,02854,,LA LIBERTAD AVANZA,agrupacion,5,PROVISORIO,2023_GENERAL_santafe_presidente_mesa.csv
2023,GENERAL,2023-10-22,PRESIDENTE Y VICE,21,Santa Fe,12,9 de Julio,02854,,NULO,nulos,0,PROVISORIO,2023_GENERAL_santafe_presidente_mesa.csv
2023,GENERAL,2023-10-22,PRESIDENTE Y VICE,21,Santa Fe,12,9 de Julio,02854,,RECURRIDO,recurridos,0,PROVISORIO,2023_GENERAL_santafe_presidente_mesa.csv
2023,GENERAL,2023-10-22,PRESIDENTE Y VICE,21,Santa Fe,12,9 de Julio,02854,,UNION POR LA PATRIA,agrupacion,2,PROVISORIO,2023_GENERAL_santafe_presidente_mesa.csv
2023,GENERAL,2023-10-22,PRESIDENTE Y VICE,21,Santa Fe,12,9 de Julio,02860,,COMANDO,comando,1,PROVISORIO,2023_GENERAL_santafe_presidente_mesa.csv
2023,GENERAL,2023-10-22,PRESIDENTE Y VICE,21,Santa Fe,12,9 de Julio,02860,,EN BLANCO,blancos,0,PROVISORIO,2023_GENERAL_santafe_presidente_mesa.csv
2023,GENERAL,2023-10-22,PRESIDENTE Y VICE,21,Santa Fe,12,9 de Julio,02860,,FRENTE DE IZQUIERDA Y DE TRABAJADORES - UNIDAD,agrupacion,0,PROVISORIO,2023_GENERAL_santafe_presidente_mesa.csv
2023,GENERAL,2023-10-22,PRESIDENTE Y VICE,21,Santa Fe,12,9 de Julio,02860,,HACEMOS POR NUESTRO PAIS,agrupacion,0,PROVISORIO,2023_GENERAL_santafe_presidente_mesa.csv
2023,GENERAL,2023-10-22,PRESIDENTE Y VICE,21,Santa Fe,12,9 de Julio,02860,,IMPUGNADO,impugnados,0,PROVISORIO,2023_GENERAL_santafe_presidente_mesa.csv
2023,GENERAL,2023-10-22,PRESIDENTE Y VICE,21,Santa Fe,12,9 de Julio,02860,,JUNTOS POR EL CAMBIO,agrupacion,2,PROVISORIO,2023_GENERAL_santafe_presidente_mesa.csv
2023,GENERAL,2023-10-22,PRESIDENTE Y VICE,21,Santa Fe,12,9 de Julio,02860,,LA LIBERTAD AVANZA,agrupacion,4,PROVISORIO,2023_GENERAL_santafe_presidente_mesa.csv
2023,GENERAL,2023-10-22,PRESIDENTE Y VICE,21,Santa Fe,12,9 de Julio,02860,,NULO,nulos,0,PROVISORIO,2023_GENERAL_santafe_presidente_mesa.csv
2023,GENERAL,2023-10-22,PRESIDENTE Y VICE,21,Santa Fe,12,9 de Julio,02860,,RECURRIDO,recurridos,0,PROVISORIO,2023_GENERAL_santafe_presidente_mesa.csv
2023,GENERAL,2023-10-22,PRESIDENTE Y VICE,21,Santa Fe,12,9 de Julio,02860,,UNION POR LA PATRIA,agrupacion,2,PROVISORIO,2023_GENERAL_santafe_presidente_mesa.csv
2023,GENERAL,2023-10-22,PRESIDENTE Y VICE,21,Santa Fe,12,9 de Julio,02870,,COMANDO,comando,0,PROVISORIO,2023_GENERAL_santafe_presidente_mesa.csv
2023,GENERAL,2023-10-22,PRESIDENTE Y VICE,21,Santa Fe,12,9 de Julio,02870,,EN BLANCO,blancos,4,PROVISORIO,2023_GENERAL_santafe_presidente_mesa.csv
2023,GENERAL,2023-10-22,PRESIDENTE Y VICE,21,Santa Fe,12,9 de Julio,02870,,FRENTE DE IZQUIERDA Y DE TRABAJADORES - UNIDAD,agrupacion,4,PROVISORIO,2023_GENERAL_santafe_presidente_mesa.csv
2023,GENERAL,2023-10-22,PRESIDENTE Y VICE,21,Santa Fe,12,9 de Julio,02870,,HACEMOS POR NUESTRO PAIS,agrupacion,16,PROVISORIO,2023_GENERAL_santafe_presidente_mesa.csv
2023,GENERAL,2023-10-22,PRESIDENTE Y VICE,21,Santa Fe,12,9 de Julio,02870,,IMPUGNADO,impugnados,0,PROVISORIO,2023_GENERAL_santafe_presidente_mesa.csv
2023,GENERAL,2023-10-22,PRESIDENTE Y VICE,21,Santa Fe,12,9 de Julio,02870,,JUNTOS POR EL CAMBIO,agrupacion,103,PROVISORIO,2023_GENERAL_santafe_presidente_mesa.csv
2023,GENERAL,2023-10-22,PRESIDENTE Y VICE,21,Santa Fe,12,9 de Julio,02870,,LA LIBERTAD AVANZA,agrupacion,172,PROVISORIO,2023_GENERAL_santafe_presidente_mesa.csv
2023,GENERAL,2023-10-22,PRESIDENTE Y VICE,21,Santa Fe,12,9 de Julio,02870,,NULO,nulos,1,PROVISORIO,2023_GENERAL_santafe_presidente_mesa.csv
2023,GENERAL,2023-10-22,PRESIDENTE Y VICE,21,Santa Fe,12,9 de Julio,02870,,RECURRIDO,recurridos,0,PROVISORIO,2023_GENERAL_santafe_presidente_mesa.csv
2023,GENERAL,2023-10-22,PRESIDENTE Y VICE,21,Santa Fe,12,9 de Julio,02870,,UNION POR LA PATRIA,agrupacion,83,PROVISORIO,2023_GENERAL_santafe_presidente_mesa.csv
2023,GENERAL,2023-10-22,PRESIDENTE Y VICE,21,Santa Fe,12,9 de Julio,02890,,COMANDO,comando,0,PROVISORIO,2023_GENERAL_santafe_presidente_mesa.csv
2023,GENERAL,2023-10-22,PRESIDENTE Y VICE,21,Santa Fe,12,9 de Julio,02890,,EN BLANCO,blancos,8,PROVISORIO,2023_GENERAL_santafe_presidente_mesa.csv
2023,GENERAL,2023-10-22,PRESIDENTE Y VICE,21,Santa Fe,12,9 de Julio,02890,,FRENTE DE IZQUIERDA Y DE TRABAJADORES - UNIDAD,agrupacion,10,PROVISORIO,2023_GENERAL_santafe_presidente_mesa.csv
2023,GENERAL,2023-10-22,PRESIDENTE Y VICE,21,Santa Fe,12,9 de Julio,02890,,HACEMOS POR NUESTRO PAIS,agrupacion,29,PROVISORIO,2023_GENERAL_santafe_presidente_mesa.csv
2023,GENERAL,2023-10-22,PRESIDENTE Y VICE,21,Santa Fe,12,9 de Julio,02890,,IMPUGNADO,impugnados,0,PROVISORIO,2023_GENERAL_santafe_presidente_mesa.csv
2023,GENERAL,2023-10-22,PRESIDENTE Y VICE,21,Santa Fe,12,9 de Julio,02890,,JUNTOS POR EL CAMBIO,agrupacion,316,PROVISORIO,2023_GENERAL_santafe_presidente_mesa.csv
2023,GENERAL,2023-10-22,PRESIDENTE Y VICE,21,Santa Fe,12,9 de Julio,02890,,LA LIBERTAD AVANZA,agrupacion,393,PROVISORIO,2023_GENERAL_santafe_presidente_mesa.csv
2023,GENERAL,2023-10-22,PRESIDENTE Y VICE,21,Santa Fe,12,9 de Julio,02890,,NULO,nulos,2,PROVISORIO,2023_GENERAL_santafe_presidente_mesa.csv
2023,GENERAL,2023-10-22,PRESIDENTE Y VICE,21,Santa Fe,12,9 de Julio,02890,,RECURRIDO,recurridos,0,PROVISORIO,2023_GENERAL_santafe_presidente_mesa.csv
2023,GENERAL,2023-10-22,PRESIDENTE Y VICE,21,Santa Fe,12,9 de Julio,02890,,UNION POR LA PATRIA,agrupacion,294,PROVISORIO,2023_GENERAL_santafe_presidente_mesa.csv
2023,GENERAL,2023-10-22,PRESIDENTE Y VICE,21,Santa Fe,12,9 de Julio,02900,,COMANDO,comando,4,PROVISORIO,2023_GENERAL_santafe_presidente_mesa.csv
2023,GENERAL,2023-10-22,PRESIDENTE Y VICE,21,Santa Fe,12,9 de Julio,02900,,EN BLANCO,blancos,1,PROVISORIO,2023_GENERAL_santafe_presidente_mesa.csv
2023,GENERAL,2023-10-22,PRESIDENTE Y VICE,21,Santa Fe,12,9 de Julio,02900,,FRENTE DE IZQUIERDA Y DE TRABAJADORES - UNIDAD,agrupacion,0,PROVISORIO,2023_GENERAL_santafe_presidente_mesa.csv
2023,GENERAL,2023-10-22,PRESIDENTE Y VICE,21,Santa Fe,12,9 de Julio,02900,,HACEMOS POR NUESTRO PAIS,agrupacion,6,PROVISORIO,2023_GENERAL_santafe_presidente_mesa.csv
2023,GENERAL,2023-10-22,PRESIDENTE Y VICE,21,Santa Fe,12,9 de Julio,02900,,IMPUGNADO,impugnados,0,PROVISORIO,2023_GENERAL_santafe_presidente_mesa.csv
2023,GENERAL,2023-10-22,PRESIDENTE Y VICE,21,Santa Fe,12,9 de Julio,02900,,JUNTOS POR EL CAMBIO,agrupacion,30,PROVISORIO,2023_GENERAL_santafe_presidente_mesa.csv
2023,GENERAL,2023-10-22,PRESIDENTE Y VICE,21,Santa Fe,12,9 de Julio,02900,,LA LIBERTAD AVANZA,agrupacion,66,PROVISORIO,2023_GENERAL_santafe_presidente_mesa.csv
2023,GENERAL,2023-10-22,PRESIDENTE Y VICE,21,Santa Fe,12,9 de Julio,02900,,NULO,nulos,0,PROVISORIO,2023_GENERAL_santafe_presidente_mesa.csv
2023,GENERAL,2023-10-22,PRESIDENTE Y VICE,21,Santa Fe,12,9 de Julio,02900,,RECURRIDO,recurridos,0,PROVISORIO,2023_GENERAL_santafe_presidente_mesa.csv
2023,GENERAL,2023-10-22,PRESIDENTE Y VICE,21,Santa Fe,12,9 de Julio,02900,,UNION POR LA PATRIA,agrupacion,30,PROVISORIO,2023_GENERAL_santafe_presidente_mesa.csv
2023,GENERAL,2023-10-22,PRESIDENTE Y VICE,21,Santa Fe,12,9 de Julio,02910,,COMANDO,comando,0,PROVISORIO,2023_GENERAL_santafe_presidente_mesa.csv
2023,GENERAL,2023-10-22,PRESIDENTE Y VICE,21,Santa Fe,12,9 de Julio,02910,,EN BLANCO,blancos,32,PROVISORIO,2023_GENERAL_santafe_presidente_mesa.csv
2023,GENERAL,2023-10-22,PRESIDENTE Y VICE,21,Santa Fe,12,9 de Julio,02910,,FRENTE DE IZQUIERDA Y DE TRABAJADORES - UNIDAD,agrupacion,28,PROVISORIO,2023_GENERAL_santafe_presidente_mesa.csv
2023,GENERAL,2023-10-22,PRESIDENTE Y VICE,21,Santa Fe,12,9 de Julio,02910,,HACEMOS POR NUESTRO PAIS,agrupacion,229,PROVISORIO,2023_GENERAL_santafe_presidente_mesa.csv
2023,GENERAL,2023-10-22,PRESIDENTE Y VICE,21,Santa Fe,12,9 de Julio,02910,,IMPUGNADO,impugnados,0,PROVISORIO,2023_GENERAL_santafe_presidente_mesa.csv
2023,GENERAL,2023-10-22,PRESIDENTE Y VICE,21,Santa Fe,12,9 de Julio,02910,,JUNTOS POR EL CAMBIO,agrupacion,705,PROVISORIO,2023_GENERAL_santafe_presidente_mesa.csv
2023,GENERAL,2023-10-22,PRESIDENTE Y VICE,21,Santa Fe,12,9 de Julio,02910,,LA LIBERTAD AVANZA,agrupacion,1757,PROVISORIO,2023_GENERAL_santafe_presidente_mesa.csv
2023,GENERAL,2023-10-22,PRESIDENTE Y VICE,21,Santa Fe,12,9 de Julio,02910,,NULO,nulos,22,PROVISORIO,2023_GENERAL_santafe_presidente_mesa.csv
2023,GENERAL,2023-10-22,PRESIDENTE Y VICE,21,Santa Fe,12,9 de Julio,02910,,RECURRIDO,recurridos,0,PROVISORIO,2023_GENERAL_santafe_presidente_mesa.csv
2023,GENERAL,2023-10-22,PRESIDENTE Y VICE,21,Santa Fe,12,9 de Julio,02910,,UNION POR LA PATRIA,agrupacion,1015,PROVISORIO,2023_GENERAL_santafe_presidente_mesa.csv
2023,GENERAL,2023-10-22,PRESIDENTE Y VICE,21,Santa Fe,12,9 de Julio,02920,,COMANDO,comando,0,PROVISORIO,2023_GENERAL_santafe_presidente_mesa.csv
2023,GENERAL,2023-10-22,PRESIDENTE Y VICE,21,Santa Fe,12,9 de Julio,02920,,EN BLANCO,blancos,5,PROVISORIO,2023_GENERAL_santafe_presidente_mesa.csv
2023,GENERAL,2023-10-22,PRESIDENTE Y VICE,21,Santa Fe,12,9 de Julio,02920,,FRENTE DE IZQUIERDA Y DE TRABAJADORES - UNIDAD,agrupacion,4,PROVISORIO,2023_GENERAL_santafe_presidente_mesa.csv
2023,GENERAL,2023-10-22,PRESIDENTE Y VICE,21,Santa Fe,12,9 de Julio,02920,,HACEMOS POR NUESTRO PAIS,agrupacion,21,PROVISORIO,2023_GENERAL_santafe_presidente_mesa.csv
2023,GENERAL,2023-10-22,PRESIDENTE Y VICE,21,Santa Fe,12,9 de Julio,02920,,IMPUGNADO,impugnados,0,PROVISORIO,2023_GENERAL_santafe_presidente_mesa.csv
2023,GENERAL,2023-10-22,PRESIDENTE Y VICE,21,Santa Fe,12,9 de Julio,02920,,JUNTOS POR EL CAMBIO,agrupacion,68,PROVISORIO,2023_GENERAL_santafe_presidente_mesa.csv
2023,GENERAL,2023-10-22,PRESIDENTE Y VICE,21,Santa Fe,12,9 de Julio,02920,,LA LIBERTAD AVANZA,agrupacion,127,PROVISORIO,2023_GENERAL_santafe_presidente_mesa.csv
2023,GENERAL,2023-10-22,PRESIDENTE Y VICE,21,Santa Fe,12,9 de Julio,02920,,NULO,nulos,3,PROVISORIO,2023_GENERAL_santafe_presidente_mesa.csv
2023,GENERAL,2023-10-22,PRESIDENTE Y VICE,21,Santa Fe,12,9 de Julio,02920,,RECURRIDO,recurridos,0,PROVISORIO,2023_GENERAL_santafe_presidente_mesa.csv
2023,GENERAL,2023-10-22,PRESIDENTE Y VICE,21,Santa Fe,12,9 de Julio,02920,,UNION POR LA PATRIA,agrupacion,171,PROVISORIO,2023_GENERAL_santafe_presidente_mesa.csv
2023,GENERAL,2023-10-22,PRESIDENTE Y VICE,21,Santa Fe,12,9 de Julio,02930,,COMANDO,comando,0,PROVISORIO,2023_GENERAL_santafe_presidente_mesa.csv
2023,GENERAL,2023-10-22,PRESIDENTE Y VICE,21,Santa Fe,12,9 de Julio,02930,,EN BLANCO,blancos,4,PROVISORIO,2023_GENERAL_santafe_presidente_mesa.csv
2023,GENERAL,2023-10-22,PRESIDENTE Y VICE,21,Santa Fe,12,9 de Julio,02930,,FRENTE DE IZQUIERDA Y DE TRABAJADORES - UNIDAD,agrupacion,4,PROVISORIO,2023_GENERAL_santafe_presidente_mesa.csv
2023,GENERAL,2023-10-22,PRESIDENTE Y VICE,21,Santa Fe,12,9 de Julio,02930,,HACEMOS POR NUESTRO PAIS,agrupacion,23,PROVISORIO,2023_GENERAL_santafe_presidente_mesa.csv
2023,GENERAL,2023-10-22,PRESIDENTE Y VICE,21,Santa Fe,12,9 de Julio,02930,,IMPUGNADO,impugnados,0,PROVISORIO,2023_GENERAL_santafe_presidente_mesa.csv
2023,GENERAL,2023-10-22,PRESIDENTE Y VICE,21,Santa Fe,12,9 de Julio,02930,,JUNTOS POR EL CAMBIO,agrupacion,119,PROVISORIO,2023_GENERAL_santafe_presidente_mesa.csv
2023,GENERAL,2023-10-22,PRESIDENTE Y VICE,21,Santa Fe,12,9 de Julio,02930,,LA LIBERTAD AVANZA,agrupacion,299,PROVISORIO,2023_GENERAL_santafe_presidente_mesa.csv
2023,GENERAL,2023-10-22,PRESIDENTE Y VICE,21,Santa Fe,12,9 de Julio,02930,,NULO,nulos,6,PROVISORIO,2023_GENERAL_santafe_presidente_mesa.csv
2023,GENERAL,2023-10-22,PRESIDENTE Y VICE,21,Santa Fe,12,9 de Julio,02930,,RECURRIDO,recurridos,0,PROVISORIO,2023_GENERAL_santafe_presidente_mesa.csv
2023,GENERAL,2023-10-22,PRESIDENTE Y VICE,21,Santa Fe,12,9 de Julio,02930,,UNION POR LA PATRIA,agrupacion,202,PROVISORIO,2023_GENERAL_santafe_presidente_mesa.csv
2023,GENERAL,2023-10-22,PRESIDENTE Y VICE,21,Santa Fe,12,9 de Julio,02940,,COMANDO,comando,1,PROVISORIO,2023_GENERAL_santafe_presidente_mesa.csv
2023,GENERAL,2023-10-22,PRESIDENTE Y VICE,21,Santa Fe,12,9 de Julio,02940,,EN BLANCO,blancos,2,PROVISORIO,2023_GENERAL_santafe_presidente_mesa.csv
2023,GENERAL,2023-10-22,PRESIDENTE Y VICE,21,Santa Fe,12,9 de Julio,02940,,FRENTE DE IZQUIERDA Y DE TRABAJADORES - UNIDAD,agrupacion,0,PROVISORIO,2023_GENERAL_santafe_presidente_mesa.csv
2023,GENERAL,2023-10-22,PRESIDENTE Y VICE,21,Santa Fe,12,9 de Julio,02940,,HACEMOS POR NUESTRO PAIS,agrupacion,23,PROVISORIO,2023_GENERAL_santafe_presidente_mesa.csv
2023,GENERAL,2023-10-22,PRESIDENTE Y VICE,21,Santa Fe,12,9 de Julio,02940,,IMPUGNADO,impugnados,0,PROVISORIO,2023_GENERAL_santafe_presidente_mesa.csv
2023,GENERAL,2023-10-22,PRESIDENTE Y VICE,21,Santa Fe,12,9 de Julio,02940,,JUNTOS POR EL CAMBIO,agrupacion,14,PROVISORIO,2023_GENERAL_santafe_presidente_mesa.csv
2023,GENERAL,2023-10-22,PRESIDENTE Y VICE,21,Santa Fe,12,9 de Julio,02940,,LA LIBERTAD AVANZA,agrupacion,18,PROVISORIO,2023_GENERAL_santafe_presidente_mesa.csv
2023,GENERAL,2023-10-22,PRESIDENTE Y VICE,21,Santa Fe,12,9 de Julio,02940,,NULO,nulos,2,PROVISORIO,2023_GENERAL_santafe_presidente_mesa.csv
2023,GENERAL,2023-10-22,PRESIDENTE Y VICE,21,Santa Fe,12,9 de Julio,02940,,RECURRIDO,recurridos,0,PROVISORIO,2023_GENERAL_santafe_presidente_mesa.csv
2023,GENERAL,2023-10-22,PRESIDENTE Y VICE,21,Santa Fe,12,9 de Julio,02940,,UNION POR LA PATRIA,agrupacion,4,PROVISORIO,2023_GENERAL_santafe_presidente_mesa.csv
2023,GENERAL,2023-10-22,PRESIDENTE Y VICE,21,Santa Fe,13,Rosario,03010,,COMANDO,comando,1,PROVISORIO,2023_GENERAL_santafe_presidente_mesa.csv
2023,GENERAL,2023-10-22,PRESIDENTE Y VICE,21,Santa Fe,13,Rosario,03010,,EN BLANCO,blancos,40,PROVISORIO,2023_GENERAL_santafe_presidente_mesa.csv
2023,GENERAL,2023-10-22,PRESIDENTE Y VICE,21,Santa Fe,13,Rosario,03010,,FRENTE DE IZQUIERDA Y DE TRABAJADORES - UNIDAD,agrupacion,109,PROVISORIO,2023_GENERAL_santafe_presidente_mesa.csv
2023,GENERAL,2023-10-22,PRESIDENTE Y VICE,21,Santa Fe,13,Rosario,03010,,HACEMOS POR NUESTRO PAIS,agrupacion,205,PROVISORIO,2023_GENERAL_santafe_presidente_mesa.csv
2023,GENERAL,2023-10-22,PRESIDENTE Y VICE,21,Santa Fe,13,Rosario,03010,,IMPUGNADO,impugnados,0,PROVISORIO,2023_GENERAL_santafe_presidente_mesa.csv
2023,GENERAL,2023-10-22,PRESIDENTE Y VICE,21,Santa Fe,13,Rosario,03010,,JUNTOS POR EL CAMBIO,agrupacion,1835,PROVISORIO,2023_GENERAL_santafe_presidente_mesa.csv
2023,GENERAL,2023-10-22,PRESIDENTE Y VICE,21,Santa Fe,13,Rosario,03010,,LA LIBERTAD AVANZA,agrupacion,876,PROVISORIO,2023_GENERAL_santafe_presidente_mesa.csv
2023,GENERAL,2023-10-22,PRESIDENTE Y VICE,21,Santa Fe,13,Rosario,03010,,NULO,nulos,31,PROVISORIO,2023_GENERAL_santafe_presidente_mesa.csv
2023,GENERAL,2023-10-22,PRESIDENTE Y VICE,21,Santa Fe,13,Rosario,03010,,RECURRIDO,recurridos,3,PROVISORIO,2023_GENERAL_santafe_presidente_mesa.csv
2023,GENERAL,2023-10-22,PRESIDENTE Y VICE,21,Santa Fe,13,Rosario,03010,,UNION POR LA PATRIA,agrupacion,1124,PROVISORIO,2023_GENERAL_santafe_presidente_mesa.csv
2023,GENERAL,2023-10-22,PRESIDENTE Y VICE,21,Santa Fe,13,Rosario,03015,,COMANDO,comando,2,PROVISORIO,2023_GENERAL_santafe_presidente_mesa.csv
2023,GENERAL,2023-10-22,PRESIDENTE Y VICE,21,Santa Fe,13,Rosario,03015,,EN BLANCO,blancos,52,PROVISORIO,2023_GENERAL_santafe_presidente_mesa.csv
2023,GENERAL,2023-10-22,PRESIDENTE Y VICE,21,Santa Fe,13,Rosario,03015,,FRENTE DE IZQUIERDA Y DE TRABAJADORES - UNIDAD,agrupacion,139,PROVISORIO,2023_GENERAL_santafe_presidente_mesa.csv
2023,GENERAL,2023-10-22,PRESIDENTE Y VICE,21,Santa Fe,13,Rosario,03015,,HACEMOS POR NUESTRO PAIS,agrupacion,283,PROVISORIO,2023_GENERAL_santafe_presidente_mesa.csv
2023,GENERAL,2023-10-22,PRESIDENTE Y VICE,21,Santa Fe,13,Rosario,03015,,IMPUGNADO,impugnados,0,PROVISORIO,2023_GENERAL_santafe_presidente_mesa.csv
2023,GENERAL,2023-10-22,PRESIDENTE Y VICE,21,Santa Fe,13,Rosario,03015,,JUNTOS POR EL CAMBIO,agrupacion,2389,PROVISORIO,2023_GENERAL_santafe_presidente_mesa.csv
2023,GENERAL,2023-10-22,PRESIDENTE Y VICE,21,Santa Fe,13,Rosario,03015,,LA LIBERTAD AVANZA,agrupacion,1075,PROVISORIO,2023_GENERAL_santafe_presidente_mesa.csv
2023,GENERAL,2023-10-22,PRESIDENTE Y VICE,21,Santa Fe,13,Rosario,03015,,NULO,nulos,60,PROVISORIO,2023_GENERAL_santafe_presidente_mesa.csv
2023,GENERAL,2023-10-22,PRESIDENTE Y VICE,21,Santa Fe,13,Rosario,03015,,RECURRIDO,recurridos,2,PROVISORIO,2023_GENERAL_santafe_presidente_mesa.csv
2023,GENERAL,2023-10-22,PRESIDENTE Y VICE,21,Santa Fe,13,Rosario,03015,,UNION POR LA PATRIA,agrupacion,1546,PROVISORIO,2023_GENERAL_santafe_presidente_mesa.csv
2023,GENERAL,2023-10-22,PRESIDENTE Y VICE,21,Santa Fe,13,Rosario,03020,,COMANDO,comando,1,PROVISORIO,2023_GENERAL_santafe_presidente_mesa.csv
2023,GENERAL,2023-10-22,PRESIDENTE Y VICE,21,Santa Fe,13,Rosario,03020,,EN BLANCO,blancos,19,PROVISORIO,2023_GENERAL_santafe_presidente_mesa.csv
2023,GENERAL,2023-10-22,PRESIDENTE Y VICE,21,Santa Fe,13,Rosario,03020,,FRENTE DE IZQUIERDA Y DE TRABAJADORES - UNIDAD,agrupacion,59,PROVISORIO,2023_GENERAL_santafe_presidente_mesa.csv
2023,GENERAL,2023-10-22,PRESIDENTE Y VICE,21,Santa Fe,13,Rosario,03020,,HACEMOS POR NUESTRO PAIS,agrupacion,138,PROVISORIO,2023_GENERAL_santafe_presidente_mesa.csv
2023,GENERAL,2023-10-22,PRESIDENTE Y VICE,21,Santa Fe,13,Rosario,03020,,IMPUGNADO,impugnados,0,PROVISORIO,2023_GENERAL_santafe_presidente_mesa.csv
2023,GENERAL,2023-10-22,PRESIDENTE Y VICE,21,Santa Fe,13,Rosario,03020,,JUNTOS POR EL CAMBIO,agrupacion,1500,PROVISORIO,2023_GENERAL_santafe_presidente_mesa.csv
2023,GENERAL,2023-10-22,PRESIDENTE Y VICE,21,Santa Fe,13,Rosario,03020,,LA LIBERTAD AVANZA,agrupacion,619,PROVISORIO,2023_GENERAL_santafe_presidente_mesa.csv
2023,GENERAL,2023-10-22,PRESIDENTE Y VICE,21,Santa Fe,13,Rosario,03020,,NULO,nulos,23,PROVISORIO,2023_GENERAL_santafe_presidente_mesa.csv
2023,GENERAL,2023-10-22,PRESIDENTE Y VICE,21,Santa Fe,13,Rosario,03020,,RECURRIDO,recurridos,0,PROVISORIO,2023_GENERAL_santafe_presidente_mesa.csv
2023,GENERAL,2023-10-22,PRESIDENTE Y VICE,21,Santa Fe,13,Rosario,03020,,UNION POR LA PATRIA,agrupacion,690,PROVISORIO,2023_GENERAL_santafe_presidente_mesa.csv
2023,GENERAL,2023-10-22,PRESIDENTE Y VICE,21,Santa Fe,13,Rosario,03025,,COMANDO,comando,1,PROVISORIO,2023_GENERAL_santafe_presidente_mesa.csv
2023,GENERAL,2023-10-22,PRESIDENTE Y VICE,21,Santa Fe,13,Rosario,03025,,EN BLANCO,blancos,28,PROVISORIO,2023_GENERAL_santafe_presidente_mesa.csv
2023,GENERAL,2023-10-22,PRESIDENTE Y VICE,21,Santa Fe,13,Rosario,03025,,FRENTE DE IZQUIERDA Y DE TRABAJADORES - UNIDAD,agrupacion,93,PROVISORIO,2023_GENERAL_santafe_presidente_mesa.csv
2023,GENERAL,2023-10-22,PRESIDENTE Y VICE,21,Santa Fe,13,Rosario,03025,,HACEMOS POR NUESTRO PAIS,agrupacion,211,PROVISORIO,2023_GENERAL_santafe_presidente_mesa.csv
2023,GENERAL,2023-10-22,PRESIDENTE Y VICE,21,Santa Fe,13,Rosario,03025,,IMPUGNADO,impugnados,0,PROVISORIO,2023_GENERAL_santafe_presidente_mesa.csv
2023,GENERAL,2023-10-22,PRESIDENTE Y VICE,21,Santa Fe,13,Rosario,03025,,JUNTOS POR EL CAMBIO,agrupacion,1644,PROVISORIO,2023_GENERAL_santafe_presidente_mesa.csv
2023,GENERAL,2023-10-22,PRESIDENTE Y VICE,21,Santa Fe,13,Rosario,03025,,LA LIBERTAD AVANZA,agrupacion,701,PROVISORIO,2023_GENERAL_santafe_presidente_mesa.csv
2023,GENERAL,2023-10-22,PRESIDENTE Y VICE,21,Santa Fe,13,Rosario,03025,,NULO,nulos,47,PROVISORIO,2023_GENERAL_santafe_presidente_mesa.csv
2023,GENERAL,2023-10-22,PRESIDENTE Y VICE,21,Santa Fe,13,Rosario,03025,,RECURRIDO,recurridos,0,PROVISORIO,2023_GENERAL_santafe_presidente_mesa.csv
2023,GENERAL,2023-10-22,PRESIDENTE Y VICE,21,Santa Fe,13,Rosario,03025,,UNION POR LA PATRIA,agrupacion,1156,PROVISORIO,2023_GENERAL_santafe_presidente_mesa.csv
2023,GENERAL,2023-10-22,PRESIDENTE Y VICE,21,Santa Fe,13,Rosario,03030,,COMANDO,comando,4,PROVISORIO,2023_GENERAL_santafe_presidente_mesa.csv
2023,GENERAL,2023-10-22,PRESIDENTE Y VICE,21,Santa Fe,13,Rosario,03030,,EN BLANCO,blancos,17,PROVISORIO,2023_GENERAL_santafe_presidente_mesa.csv
2023,GENERAL,2023-10-22,PRESIDENTE Y VICE,21,Santa Fe,13,Rosario,03030,,FRENTE DE IZQUIERDA Y DE TRABAJADORES - UNIDAD,agrupacion,75,PROVISORIO,2023_GENERAL_santafe_presidente_mesa.csv
2023,GENERAL,2023-10-22,PRESIDENTE Y VICE,21,Santa Fe,13,Rosario,03030,,HACEMOS POR NUESTRO PAIS,agrupacion,180,PROVISORIO,2023_GENERAL_santafe_presidente_mesa.csv
2023,GENERAL,2023-10-22,PRESIDENTE Y VICE,21,Santa Fe,13,Rosario,03030,,IMPUGNADO,impugnados,0,PROVISORIO,2023_GENERAL_santafe_presidente_mesa.csv
2023,GENERAL,2023-10-22,PRESIDENTE Y VICE,21,Santa Fe,13,Rosario,03030,,JUNTOS POR EL CAMBIO,agrupacion,1725,PROVISORIO,2023_GENERAL_santafe_presidente_mesa.csv
2023,GENERAL,2023-10-22,PRESIDENTE Y VICE,21,Santa Fe,13,Rosario,03030,,LA LIBERTAD AVANZA,agrupacion,773,PROVISORIO,2023_GENERAL_santafe_presidente_mesa.csv
2023,GENERAL,2023-10-22,PRESIDENTE Y VICE,21,Santa Fe,13,Rosario,03030,,NULO,nulos,23,PROVISORIO,2023_GENERAL_santafe_presidente_mesa.csv
2023,GENERAL,2023-10-22,PRESIDENTE Y VICE,21,Santa Fe,13,Rosario,03030,,RECURRIDO,recurridos,1,PROVISORIO,2023_GENERAL_santafe_presidente_mesa.csv
2023,GENERAL,2023-10-22,PRESIDENTE Y VICE,21,Santa Fe,13,Rosario,03030,,UNION POR LA PATRIA,agrupacion,877,PROVISORIO,2023_GENERAL_santafe_presidente_mesa.csv
2023,GENERAL,2023-10-22,PRESIDENTE Y VICE,21,Santa Fe,13,Rosario,03035,,COMANDO,comando,1,PROVISORIO,2023_GENERAL_santafe_presidente_mesa.csv
2023,GENERAL,2023-10-22,PRESIDENTE Y VICE,21,Santa Fe,13,Rosario,03035,,EN BLANCO,blancos,26,PROVISORIO,2023_GENERAL_santafe_presidente_mesa.csv
2023,GENERAL,2023-10-22,PRESIDENTE Y VICE,21,Santa Fe,13,Rosario,03035,,FRENTE DE IZQUIERDA Y DE TRABAJADORES - UNIDAD,agrupacion,50,PROVISORIO,2023_GENERAL_santafe_presidente_mesa.csv
2023,GENERAL,2023-10-22,PRESIDENTE Y VICE,21,Santa Fe,13,Rosario,03035,,HACEMOS POR NUESTRO PAIS,agrupacion,120,PROVISORIO,2023_GENERAL_santafe_presidente_mesa.csv
2023,GENERAL,2023-10-22,PRESIDENTE Y VICE,21,Santa Fe,13,Rosario,03035,,IMPUGNADO,impugnados,0,PROVISORIO,2023_GENERAL_santafe_presidente_mesa.csv
2023,GENERAL,2023-10-22,PRESIDENTE Y VICE,21,Santa Fe,13,Rosario,03035,,JUNTOS POR EL CAMBIO,agrupacion,1432,PROVISORIO,2023_GENERAL_santafe_presidente_mesa.csv
2023,GENERAL,2023-10-22,PRESIDENTE Y VICE,21,Santa Fe,13,Rosario,03035,,LA LIBERTAD AVANZA,agrupacion,535,PROVISORIO,2023_GENERAL_santafe_presidente_mesa.csv
2023,GENERAL,2023-10-22,PRESIDENTE Y VICE,21,Santa Fe,13,Rosario,03035,,NULO,nulos,20,PROVISORIO,2023_GENERAL_santafe_presidente_mesa.csv
2023,GENERAL,2023-10-22,PRESIDENTE Y VICE,21,Santa Fe,13,Rosario,03035,,RECURRIDO,recurridos,0,PROVISORIO,2023_GENERAL_santafe_presidente_mesa.csv
2023,GENERAL,2023-10-22,PRESIDENTE Y VICE,21,Santa Fe,13,Rosario,03035,,UNION POR LA PATRIA,agrupacion,815,PROVISORIO,2023_GENERAL_santafe_presidente_mesa.csv
2023,GENERAL,2023-10-22,PRESIDENTE Y VICE,21,Santa Fe,13,Rosario,03040,,COMANDO,comando,3,PROVISORIO,2023_GENERAL_santafe_presidente_mesa.csv
2023,GENERAL,2023-10-22,PRESIDENTE Y VICE,21,Santa Fe,13,Rosario,03040,,EN BLANCO,blancos,39,PROVISORIO,2023_GENERAL_santafe_presidente_mesa.csv
2023,GENERAL,2023-10-22,PRESIDENTE Y VICE,21,Santa Fe,13,Rosario,03040,,FRENTE DE IZQUIERDA Y DE TRABAJADORES - UNIDAD,agrupacion,104,PROVISORIO,2023_GENERAL_santafe_presidente_mesa.csv
2023,GENERAL,2023-10-22,PRESIDENTE Y VICE,21,Santa Fe,13,Rosario,03040,,HACEMOS POR NUESTRO PAIS,agrupacion,217,PROVISORIO,2023_GENERAL_santafe_presidente_mesa.csv
2023,GENERAL,2023-10-22,PRESIDENTE Y VICE,21,Santa Fe,13,Rosario,03040,,IMPUGNADO,impugnados,0,PROVISORIO,2023_GENERAL_santafe_presidente_mesa.csv
2023,GENERAL,2023-10-22,PRESIDENTE Y VICE,21,Santa Fe,13,Rosario,03040,,JUNTOS POR EL CAMBIO,agrupacion,2178,PROVISORIO,2023_GENERAL_santafe_presidente_mesa.csv
2023,GENERAL,2023-10-22,PRESIDENTE Y VICE,21,Santa Fe,13,Rosario,03040,,LA LIBERTAD AVANZA,agrupacion,887,PROVISORIO,2023_GENERAL_santafe_presidente_mesa.csv
2023,GENERAL,2023-10-22,PRESIDENTE Y VICE,21,Santa Fe,13,Rosario,03040,,NULO,nulos,27,PROVISORIO,2023_GENERAL_santafe_presidente_mesa.csv
2023,GENERAL,2023-10-22,PRESIDENTE Y VICE,21,Santa Fe,13,Rosario,03040,,RECURRIDO,recurridos,1,PROVISORIO,2023_GENERAL_santafe_presidente_mesa.csv
2023,GENERAL,2023-10-22,PRESIDENTE Y VICE,21,Santa Fe,13,Rosario,03040,,UNION POR LA PATRIA,agrupacion,1176,PROVISORIO,2023_GENERAL_santafe_presidente_mesa.csv
2023,GENERAL,2023-10-22,PRESIDENTE Y VICE,21,Santa Fe,13,Rosario,03045,,COMANDO,comando,1,PROVISORIO,2023_GENERAL_santafe_presidente_mesa.csv
2023,GENERAL,2023-10-22,PRESIDENTE Y VICE,21,Santa Fe,13,Rosario,03045,,EN BLANCO,blancos,18,PROVISORIO,2023_GENERAL_santafe_presidente_mesa.csv
2023,GENERAL,2023-10-22,PRESIDENTE Y VICE,21,Santa Fe,13,Rosario,03045,,FRENTE DE IZQUIERDA Y DE TRABAJADORES - UNIDAD,agrupacion,69,PROVISORIO,2023_GENERAL_santafe_presidente_mesa.csv
2023,GENERAL,2023-10-22,PRESIDENTE Y VICE,21,Santa Fe,13,Rosario,03045,,HACEMOS POR NUESTRO PAIS,agrupacion,137,PROVISORIO,2023_GENERAL_santafe_presidente_mesa.csv
2023,GENERAL,2023-10-22,PRESIDENTE Y VICE,21,Santa Fe,13,Rosario,03045,,IMPUGNADO,impugnados,0,PROVISORIO,2023_GENERAL_santafe_presidente_mesa.csv
2023,GENERAL,2023-10-22,PRESIDENTE Y VICE,21,Santa Fe,13,Rosario,03045,,JUNTOS POR EL CAMBIO,agrupacion,1631,PROVISORIO,2023_GENERAL_santafe_presidente_mesa.csv
2023,GENERAL,2023-10-22,PRESIDENTE Y VICE,21,Santa Fe,13,Rosario,03045,,LA LIBERTAD AVANZA,agrupacion,525,PROVISORIO,2023_GENERAL_santafe_presidente_mesa.csv
2023,GENERAL,2023-10-22,PRESIDENTE Y VICE,21,Santa Fe,13,Rosario,03045,,NULO,nulos,21,PROVISORIO,2023_GENERAL_santafe_presidente_mesa.csv
2023,GENERAL,2023-10-22,PRESIDENTE Y VICE,21,Santa Fe,13,Rosario,03045,,RECURRIDO,recurridos,0,PROVISORIO,2023_GENERAL_santafe_presidente_mesa.csv
2023,GENERAL,2023-10-22,PRESIDENTE Y VICE,21,Santa Fe,13,Rosario,03045,,UNION POR LA PATRIA,agrupacion,669,PROVISORIO,2023_GENERAL_santafe_presidente_mesa.csv
2023,GENERAL,2023-10-22,PRESIDENTE Y VICE,21,Santa Fe,13,Rosario,03050,,COMANDO,comando,0,PROVISORIO,2023_GENERAL_santafe_presidente_mesa.csv
2023,GENERAL,2023-10-22,PRESIDENTE Y VICE,21,Santa Fe,13,Rosario,03050,,EN BLANCO,blancos,9,PROVISORIO,2023_GENERAL_santafe_presidente_mesa.csv
2023,GENERAL,2023-10-22,PRESIDENTE Y VICE,21,Santa Fe,13,Rosario,03050,,FRENTE DE IZQUIERDA Y DE TRABAJADORES - UNIDAD,agrupacion,31,PROVISORIO,2023_GENERAL_santafe_presidente_mesa.csv
2023,GENERAL,2023-10-22,PRESIDENTE Y VICE,21,Santa Fe,13,Rosario,03050,,HACEMOS POR NUESTRO PAIS,agrupacion,73,PROVISORIO,2023_GENERAL_santafe_presidente_mesa.csv
2023,GENERAL,2023-10-22,PRESIDENTE Y VICE,21,Santa Fe,13,Rosario,03050,,IMPUGNADO,impugnados,1,PROVISORIO,2023_GENERAL_santafe_presidente_mesa.csv
2023,GENERAL,2023-10-22,PRESIDENTE Y VICE,21,Santa Fe,13,Rosario,03050,,JUNTOS POR EL CAMBIO,agrupacion,841,PROVISORIO,2023_GENERAL_santafe_presidente_mesa.csv
2023,GENERAL,2023-10-22,PRESIDENTE Y VICE,21,Santa Fe,13,Rosario,03050,,LA LIBERTAD AVANZA,agrupacion,374,PROVISORIO,2023_GENERAL_santafe_presidente_mesa.csv
2023,GENERAL,2023-10-22,PRESIDENTE Y VICE,21,Santa Fe,13,Rosario,03050,,NULO,nulos,12,PROVISORIO,2023_GENERAL_santafe_presidente_mesa.csv
2023,GENERAL,2023-10-22,PRESIDENTE Y VICE,21,Santa Fe,13,Rosario,03050,,RECURRIDO,recurridos,0,PROVISORIO,2023_GENERAL_santafe_presidente_mesa.csv
2023,GENERAL,2023-10-22,PRESIDENTE Y VICE,21,Santa Fe,13,Rosario,03050,,UNION POR LA PATRIA,agrupacion,451,PROVISORIO,2023_GENERAL_santafe_presidente_mesa.csv
2023,GENERAL,2023-10-22,PRESIDENTE Y VICE,21,Santa Fe,13,Rosario,03055,,COMANDO,comando,0,PROVISORIO,2023_GENERAL_santafe_presidente_mesa.csv
2023,GENERAL,2023-10-22,PRESIDENTE Y VICE,21,Santa Fe,13,Rosario,03055,,EN BLANCO,blancos,15,PROVISORIO,2023_GENERAL_santafe_presidente_mesa.csv
2023,GENERAL,2023-10-22,PRESIDENTE Y VICE,21,Santa Fe,13,Rosario,03055,,FRENTE DE IZQUIERDA Y DE TRABAJADORES - UNIDAD,agrupacion,48,PROVISORIO,2023_GENERAL_santafe_presidente_mesa.csv
2023,GENERAL,2023-10-22,PRESIDENTE Y VICE,21,Santa Fe,13,Rosario,03055,,HACEMOS POR NUESTRO PAIS,agrupacion,78,PROVISORIO,2023_GENERAL_santafe_presidente_mesa.csv
2023,GENERAL,2023-10-22,PRESIDENTE Y VICE,21,Santa Fe,13,Rosario,03055,,IMPUGNADO,impugnados,0,PROVISORIO,2023_GENERAL_santafe_presidente_mesa.csv
2023,GENERAL,2023-10-22,PRESIDENTE Y VICE,21,Santa Fe,13,Rosario,03055,,JUNTOS POR EL CAMBIO,agrupacion,639,PROVISORIO,2023_GENERAL_santafe_presidente_mesa.csv
2023,GENERAL,2023-10-22,PRESIDENTE Y VICE,21,Santa Fe,13,Rosario,03055,,LA LIBERTAD AVANZA,agrupacion,336,PROVISORIO,2023_GENERAL_santafe_presidente_mesa.csv
2023,GENERAL,2023-10-22,PRESIDENTE Y VICE,21,Santa Fe,13,Rosario,03055,,NULO,nulos,27,PROVISORIO,2023_GENERAL_santafe_presidente_mesa.csv
2023,GENERAL,2023-10-22,PRESIDENTE Y VICE,21,Santa Fe,13,Rosario,03055,,RECURRIDO,recurridos,0,PROVISORIO,2023_GENERAL_santafe_presidente_mesa.csv
2023,GENERAL,2023-10-22,PRESIDENTE Y VICE,21,Santa Fe,13,Rosario,03055,,UNION POR LA PATRIA,agrupacion,435,PROVISORIO,2023_GENERAL_santafe_presidente_mesa.csv
2023,GENERAL,2023-10-22,PRESIDENTE Y VICE,21,Santa Fe,13,Rosario,03060,,COMANDO,comando,0,PROVISORIO,2023_GENERAL_santafe_presidente_mesa.csv
2023,GENERAL,2023-10-22,PRESIDENTE Y VICE,21,Santa Fe,13,Rosario,03060,,EN BLANCO,blancos,9,PROVISORIO,2023_GENERAL_santafe_presidente_mesa.csv
2023,GENERAL,2023-10-22,PRESIDENTE Y VICE,21,Santa Fe,13,Rosario,03060,,FRENTE DE IZQUIERDA Y DE TRABAJADORES - UNIDAD,agrupacion,35,PROVISORIO,2023_GENERAL_santafe_presidente_mesa.csv
2023,GENERAL,2023-10-22,PRESIDENTE Y VICE,21,Santa Fe,13,Rosario,03060,,HACEMOS POR NUESTRO PAIS,agrupacion,87,PROVISORIO,2023_GENERAL_santafe_presidente_mesa.csv
2023,GENERAL,2023-10-22,PRESIDENTE Y VICE,21,Santa Fe,13,Rosario,03060,,IMPUGNADO,impugnados,0,PROVISORIO,2023_GENERAL_santafe_presidente_mesa.csv
2023,GENERAL,2023-10-22,PRESIDENTE Y VICE,21,Santa Fe,13,Rosario,03060,,JUNTOS POR EL CAMBIO,agrupacion,645,PROVISORIO,2023_GENERAL_santafe_presidente_mesa.csv
2023,GENERAL,2023-10-22,PRESIDENTE Y VICE,21,Santa Fe,13,Rosario,03060,,LA LIBERTAD AVANZA,agrupacion,319,PROVISORIO,2023_GENERAL_santafe_presidente_mesa.csv
2023,GENERAL,2023-10-22,PRESIDENTE Y VICE,21,Santa Fe,13,Rosario,03060,,NULO,nulos,8,PROVISORIO,2023_GENERAL_santafe_presidente_mesa.csv
2023,GENERAL,2023-10-22,PRESIDENTE Y VICE,21,Santa Fe,13,Rosario,03060,,RECURRIDO,recurridos,1,PROVISORIO,2023_GENERAL_santafe_presidente_mesa.csv
2023,GENERAL,2023-10-22,PRESIDENTE Y VICE,21,Santa Fe,13,Rosario,03060,,UNION POR LA PATRIA,agrupacion,424,PROVISORIO,2023_GENERAL_santafe_presidente_mesa.csv
2023,GENERAL,2023-10-22,PRESIDENTE Y VICE,21,Santa Fe,13,Rosario,03065,,COMANDO,comando,1,PROVISORIO,2023_GENERAL_santafe_presidente_mesa.csv
2023,GENERAL,2023-10-22,PRESIDENTE Y VICE,21,Santa Fe,13,Rosario,03065,,EN BLANCO,blancos,27,PROVISORIO,2023_GENERAL_santafe_presidente_mesa.csv
2023,GENERAL,2023-10-22,PRESIDENTE Y VICE,21,Santa Fe,13,Rosario,03065,,FRENTE DE IZQUIERDA Y DE TRABAJADORES - UNIDAD,agrupacion,77,PROVISORIO,2023_GENERAL_santafe_presidente_mesa.csv
2023,GENERAL,2023-10-22,PRESIDENTE Y VICE,21,Santa Fe,13,Rosario,03065,,HACEMOS POR NUESTRO PAIS,agrupacion,181,PROVISORIO,2023_GENERAL_santafe_presidente_mesa.csv
2023,GENERAL,2023-10-22,PRESIDENTE Y VICE,21,Santa Fe,13,Rosario,03065,,IMPUGNADO,impugnados,0,PROVISORIO,2023_GENERAL_santafe_presidente_mesa.csv
2023,GENERAL,2023-10-22,PRESIDENTE Y VICE,21,Santa Fe,13,Rosario,03065,,JUNTOS POR EL CAMBIO,agrupacion,1460,PROVISORIO,2023_GENERAL_santafe_presidente_mesa.csv
2023,GENERAL,2023-10-22,PRESIDENTE Y VICE,21,Santa Fe,13,Rosario,03065,,LA LIBERTAD AVANZA,agrupacion,698,PROVISORIO,2023_GENERAL_santafe_presidente_mesa.csv
2023,GENERAL,2023-10-22,PRESIDENTE Y VICE,21,Santa Fe,13,Rosario,03065,,NULO,nulos,37,PROVISORIO,2023_GENERAL_santafe_presidente_mesa.csv
2023,GENERAL,2023-10-22,PRESIDENTE Y VICE,21,Santa Fe,13,Rosario,03065,,RECURRIDO,recurridos,1,PROVISORIO,2023_GENERAL_santafe_presidente_mesa.csv
2023,GENERAL,2023-10-22,PRESIDENTE Y VICE,21,Santa Fe,13,Rosario,03065,,UNION POR LA PATRIA,agrupacion,1027,PROVISORIO,2023_GENERAL_santafe_presidente_mesa.csv
2023,GENERAL,2023-10-22,PRESIDENTE Y VICE,21,Santa Fe,13,Rosario,03070,,COMANDO,comando,1,PROVISORIO,2023_GENERAL_santafe_presidente_mesa.csv
2023,GENERAL,2023-10-22,PRESIDENTE Y VICE,21,Santa Fe,13,Rosario,03070,,EN BLANCO,blancos,42,PROVISORIO,2023_GENERAL_santafe_presidente_mesa.csv
2023,GENERAL,2023-10-22,PRESIDENTE Y VICE,21,Santa Fe,13,Rosario,03070,,FRENTE DE IZQUIERDA Y DE TRABAJADORES - UNIDAD,agrupacion,96,PROVISORIO,2023_GENERAL_santafe_presidente_mesa.csv
2023,GENERAL,2023-10-22,PRESIDENTE Y VICE,21,Santa Fe,13,Rosario,03070,,HACEMOS POR NUESTRO PAIS,agrupacion,209,PROVISORIO,2023_GENERAL_santafe_presidente_mesa.csv
2023,GENERAL,2023-10-22,PRESIDENTE Y VICE,21,Santa Fe,13,Rosario,03070,,IMPUGNADO,impugnados,0,PROVISORIO,2023_GENERAL_santafe_presidente_mesa.csv
2023,GENERAL,2023-10-22,PRESIDENTE Y VICE,21,Santa Fe,13,Rosario,03070,,JUNTOS POR EL CAMBIO,agrupacion,1542,PROVISORIO,2023_GENERAL_santafe_presidente_mesa.csv
2023,GENERAL,2023-10-22,PRESIDENTE Y VICE,21,Santa Fe,13,Rosario,03070,,LA LIBERTAD AVANZA,agrupacion,722,PROVISORIO,2023_GENERAL_santafe_presidente_mesa.csv
2023,GENERAL,2023-10-22,PRESIDENTE Y VICE,21,Santa Fe,13,Rosario,03070,,NULO,nulos,41,PROVISORIO,2023_GENERAL_santafe_presidente_mesa.csv
2023,GENERAL,2023-10-22,PRESIDENTE Y VICE,21,Santa Fe,13,Rosario,03070,,RECURRIDO,recurridos,3,PROVISORIO,2023_GENERAL_santafe_presidente_mesa.csv
2023,GENERAL,2023-10-22,PRESIDENTE Y VICE,21,Santa Fe,13,Rosario,03070,,UNION POR LA PATRIA,agrupacion,981,PROVISORIO,2023_GENERAL_santafe_presidente_mesa.csv
2023,GENERAL,2023-10-22,PRESIDENTE Y VICE,21,Santa Fe,13,Rosario,03075,,COMANDO,comando,2,PROVISORIO,2023_GENERAL_santafe_presidente_mesa.csv
2023,GENERAL,2023-10-22,PRESIDENTE Y VICE,21,Santa Fe,13,Rosario,03075,,EN BLANCO,blancos,25,PROVISORIO,2023_GENERAL_santafe_presidente_mesa.csv
2023,GENERAL,2023-10-22,PRESIDENTE Y VICE,21,Santa Fe,13,Rosario,03075,,FRENTE DE IZQUIERDA Y DE TRABAJADORES - UNIDAD,agrupacion,71,PROVISORIO,2023_GENERAL_santafe_presidente_mesa.csv
2023,GENERAL,2023-10-22,PRESIDENTE Y VICE,21,Santa Fe,13,Rosario,03075,,HACEMOS POR NUESTRO PAIS,agrupacion,143,PROVISORIO,2023_GENERAL_santafe_presidente_mesa.csv
2023,GENERAL,2023-10-22,PRESIDENTE Y VICE,21,Santa Fe,13,Rosario,03075,,IMPUGNADO,impugnados,0,PROVISORIO,2023_GENERAL_santafe_presidente_mesa.csv
2023,GENERAL,2023-10-22,PRESIDENTE Y VICE,21,Santa Fe,13,Rosario,03075,,JUNTOS POR EL CAMBIO,agrupacion,1471,PROVISORIO,2023_GENERAL_santafe_presidente_mesa.csv
2023,GENERAL,2023-10-22,PRESIDENTE Y VICE,21,Santa Fe,13,Rosario,03075,,LA LIBERTAD AVANZA,agrupacion,636,PROVISORIO,2023_GENERAL_santafe_presidente_mesa.csv
2023,GENERAL,2023-10-22,PRESIDENTE Y VICE,21,Santa Fe,13,Rosario,03075,,NULO,nulos,24,PROVISORIO,2023_GENERAL_santafe_presidente_mesa.csv
2023,GENERAL,2023-10-22,PRESIDENTE Y VICE,21,Santa Fe,13,Rosario,03075,,RECURRIDO,recurridos,0,PROVISORIO,2023_GENERAL_santafe_presidente_mesa.csv
2023,GENERAL,2023-10-22,PRESIDENTE Y VICE,21,Santa Fe,13,Rosario,03075,,UNION POR LA PATRIA,agrupacion,796,PROVISORIO,2023_GENERAL_santafe_presidente_mesa.csv
2023,GENERAL,2023-10-22,PRESIDENTE Y VICE,21,Santa Fe,13,Rosario,03080,,COMANDO,comando,1,PROVISORIO,2023_GENERAL_santafe_presidente_mesa.csv
2023,GENERAL,2023-10-22,PRESIDENTE Y VICE,21,Santa Fe,13,Rosario,03080,,EN BLANCO,blancos,23,PROVISORIO,2023_GENERAL_santafe_presidente_mesa.csv
2023,GENERAL,2023-10-22,PRESIDENTE Y VICE,21,Santa Fe,13,Rosario,03080,,FRENTE DE IZQUIERDA Y DE TRABAJADORES - UNIDAD,agrupacion,48,PROVISORIO,2023_GENERAL_santafe_presidente_mesa.csv
2023,GENERAL,2023-10-22,PRESIDENTE Y VICE,21,Santa Fe,13,Rosario,03080,,HACEMOS POR NUESTRO PAIS,agrupacion,140,PROVISORIO,2023_GENERAL_santafe_presidente_mesa.csv
2023,GENERAL,2023-10-22,PRESIDENTE Y VICE,21,Santa Fe,13,Rosario,03080,,IMPUGNADO,impugnados,0,PROVISORIO,2023_GENERAL_santafe_presidente_mesa.csv
2023,GENERAL,2023-10-22,PRESIDENTE Y VICE,21,Santa Fe,13,Rosario,03080,,JUNTOS POR EL CAMBIO,agrupacion,1239,PROVISORIO,2023_GENERAL_santafe_presidente_mesa.csv
2023,GENERAL,2023-10-22,PRESIDENTE Y VICE,21,Santa Fe,13,Rosario,03080,,LA LIBERTAD AVANZA,agrupacion,509,PROVISORIO,2023_GENERAL_santafe_presidente_mesa.csv
2023,GENERAL,2023-10-22,PRESIDENTE Y VICE,21,Santa Fe,13,Rosario,03080,,NULO,nulos,25,PROVISORIO,2023_GENERAL_santafe_presidente_mesa.csv
2023,GENERAL,2023-10-22,PRESIDENTE Y VICE,21,Santa Fe,13,Rosario,03080,,RECURRIDO,recurridos,0,PROVISORIO,2023_GENERAL_santafe_presidente_mesa.csv
2023,GENERAL,2023-10-22,PRESIDENTE Y VICE,21,Santa Fe,13,Rosario,03080,,UNION POR LA PATRIA,agrupacion,693,PROVISORIO,2023_GENERAL_santafe_presidente_mesa.csv
2023,GENERAL,2023-10-22,PRESIDENTE Y VICE,21,Santa Fe,13,Rosario,03085,,COMANDO,comando,1,PROVISORIO,2023_GENERAL_santafe_presidente_mesa.csv
2023,GENERAL,2023-10-22,PRESIDENTE Y VICE,21,Santa Fe,13,Rosario,03085,,EN BLANCO,blancos,41,PROVISORIO,2023_GENERAL_santafe_presidente_mesa.csv
2023,GENERAL,2023-10-22,PRESIDENTE Y VICE,21,Santa Fe,13,Rosario,03085,,FRENTE DE IZQUIERDA Y DE TRABAJADORES - UNIDAD,agrupacion,87,PROVISORIO,2023_GENERAL_santafe_presidente_mesa.csv
2023,GENERAL,2023-10-22,PRESIDENTE Y VICE,21,Santa Fe,13,Rosario,03085,,HACEMOS POR NUESTRO PAIS,agrupacion,215,PROVISORIO,2023_GENERAL_santafe_presidente_mesa.csv
2023,GENERAL,2023-10-22,PRESIDENTE Y VICE,21,Santa Fe,13,Rosario,03085,,IMPUGNADO,impugnados,0,PROVISORIO,2023_GENERAL_santafe_presidente_mesa.csv
2023,GENERAL,2023-10-22,PRESIDENTE Y VICE,21,Santa Fe,13,Rosario,03085,,JUNTOS POR EL CAMBIO,agrupacion,2294,PROVISORIO,2023_GENERAL_santafe_presidente_mesa.csv
2023,GENERAL,2023-10-22,PRESIDENTE Y VICE,21,Santa Fe,13,Rosario,03085,,LA LIBERTAD AVANZA,agrupacion,975,PROVISORIO,2023_GENERAL_santafe_presidente_mesa.csv
2023,GENERAL,2023-10-22,PRESIDENTE Y VICE,21,Santa Fe,13,Rosario,03085,,NULO,nulos,37,PROVISORIO,2023_GENERAL_santafe_presidente_mesa.csv
2023,GENERAL,2023-10-22,PRESIDENTE Y VICE,21,Santa Fe,13,Rosario,03085,,RECURRIDO,recurridos,0,PROVISORIO,2023_GENERAL_santafe_presidente_mesa.csv
2023,GENERAL,2023-10-22,PRESIDENTE Y VICE,21,Santa Fe,13,Rosario,03085,,UNION POR LA PATRIA,agrupacion,1233,PROVISORIO,2023_GENERAL_santafe_presidente_mesa.csv
2023,GENERAL,2023-10-22,PRESIDENTE Y VICE,21,Santa Fe,13,Rosario,03090,,COMANDO,comando,1,PROVISORIO,2023_GENERAL_santafe_presidente_mesa.csv
2023,GENERAL,2023-10-22,PRESIDENTE Y VICE,21,Santa Fe,13,Rosario,03090,,EN BLANCO,blancos,32,PROVISORIO,2023_GENERAL_santafe_presidente_mesa.csv
2023,GENERAL,2023-10-22,PRESIDENTE Y VICE,21,Santa Fe,13,Rosario,03090,,FRENTE DE IZQUIERDA Y DE TRABAJADORES - UNIDAD,agrupacion,75,PROVISORIO,2023_GENERAL_santafe_presidente_mesa.csv
2023,GENERAL,2023-10-22,PRESIDENTE Y VICE,21,Santa Fe,13,Rosario,03090,,HACEMOS POR NUESTRO PAIS,agrupacion,168,PROVISORIO,2023_GENERAL_santafe_presidente_mesa.csv
2023,GENERAL,2023-10-22,PRESIDENTE Y VICE,21,Santa Fe,13,Rosario,03090,,IMPUGNADO,impugnados,0,PROVISORIO,2023_GENERAL_santafe_presidente_mesa.csv
2023,GENERAL,2023-10-22,PRESIDENTE Y VICE,21,Santa Fe,13,Rosario,03090,,JUNTOS POR EL CAMBIO,agrupacion,1964,PROVISORIO,2023_GENERAL_santafe_presidente_mesa.csv
2023,GENERAL,2023-10-22,PRESIDENTE Y VICE,21,Santa Fe,13,Rosario,03090,,LA LIBERTAD AVANZA,agrupacion,814,PROVISORIO,2023_GENERAL_santafe_presidente_mesa.csv
2023,GENERAL,2023-10-22,PRESIDENTE Y VICE,21,Santa Fe,13,Rosario,03090,,NULO,nulos,20,PROVISORIO,2023_GENERAL_santafe_presidente_mesa.csv
2023,GENERAL,2023-10-22,PRESIDENTE Y VICE,21,Santa Fe,13,Rosario,03090,,RECURRIDO,recurridos,0,PROVISORIO,2023_GENERAL_santafe_presidente_mesa.csv
2023,GENERAL,2023-10-22,PRESIDENTE Y VICE,21,Santa Fe,13,Rosario,03090,,UNION POR LA PATRIA,agrupacion,1112,PROVISORIO,2023_GENERAL_santafe_presidente_mesa.csv
2023,GENERAL,2023-10-22,PRESIDENTE Y VICE,21,Santa Fe,13,Rosario,03095,,COMANDO,comando,1,PROVISORIO,2023_GENERAL_santafe_presidente_mesa.csv
2023,GENERAL,2023-10-22,PRESIDENTE Y VICE,21,Santa Fe,13,Rosario,03095,,EN BLANCO,blancos,21,PROVISORIO,2023_GENERAL_santafe_presidente_mesa.csv
2023,GENERAL,2023-10-22,PRESIDENTE Y VICE,21,Santa Fe,13,Rosario,03095,,FRENTE DE IZQUIERDA Y DE TRABAJADORES - UNIDAD,agrupacion,91,PROVISORIO,2023_GENERAL_santafe_presidente_mesa.csv
2023,GENERAL,2023-10-22,PRESIDENTE Y VICE,21,Santa Fe,13,Rosario,03095,,HACEMOS POR NUESTRO PAIS,agrupacion,221,PROVISORIO,2023_GENERAL_santafe_presidente_mesa.csv
2023,GENERAL,2023-10-22,PRESIDENTE Y VICE,21,Santa Fe,13,Rosario,03095,,IMPUGNADO,impugnados,0,PROVISORIO,2023_GENERAL_santafe_presidente_mesa.csv
2023,GENERAL,2023-10-22,PRESIDENTE Y VICE,21,Santa Fe,13,Rosario,03095,,JUNTOS POR EL CAMBIO,agrupacion,1892,PROVISORIO,2023_GENERAL_santafe_presidente_mesa.csv
2023,GENERAL,2023-10-22,PRESIDENTE Y VICE,21,Santa Fe,13,Rosario,03095,,LA LIBERTAD AVANZA,agrupacion,834,PROVISORIO,2023_GENERAL_santafe_presidente_mesa.csv
2023,GENERAL,2023-10-22,PRESIDENTE Y VICE,21,Santa Fe,13,Rosario,03095,,NULO,nulos,36,PROVISORIO,2023_GENERAL_santafe_presidente_mesa.csv
2023,GENERAL,2023-10-22,PRESIDENTE Y VICE,21,Santa Fe,13,Rosario,03095,,RECURRIDO,recurridos,0,PROVISORIO,2023_GENERAL_santafe_presidente_mesa.csv
2023,GENERAL,2023-10-22,PRESIDENTE Y VICE,21,Santa Fe,13,Rosario,03095,,UNION POR LA PATRIA,agrupacion,1135,PROVISORIO,2023_GENERAL_santafe_presidente_mesa.csv
2023,GENERAL,2023-10-22,PRESIDENTE Y VICE,21,Santa Fe,13,Rosario,03100,,COMANDO,comando,0,PROVISORIO,2023_GENERAL_santafe_presidente_mesa.csv
2023,GENERAL,2023-10-22,PRESIDENTE Y VICE,21,Santa Fe,13,Rosario,03100,,EN BLANCO,blancos,20,PROVISORIO,2023_GENERAL_santafe_presidente_mesa.csv
2023,GENERAL,2023-10-22,PRESIDENTE Y VICE,21,Santa Fe,13,Rosario,03100,,FRENTE DE IZQUIERDA Y DE TRABAJADORES - UNIDAD,agrupacion,59,PROVISORIO,2023_GENERAL_santafe_presidente_mesa.csv
2023,GENERAL,2023-10-22,PRESIDENTE Y VICE,21,Santa Fe,13,Rosario,03100,,HACEMOS POR NUESTRO PAIS,agrupacion,137,PROVISORIO,2023_GENERAL_santafe_presidente_mesa.csv
2023,GENERAL,2023-10-22,PRESIDENTE Y VICE,21,Santa Fe,13,Rosario,03100,,IMPUGNADO,impugnados,0,PROVISORIO,2023_GENERAL_santafe_presidente_mesa.csv
2023,GENERAL,2023-10-22,PRESIDENTE Y VICE,21,Santa Fe,13,Rosario,03100,,JUNTOS POR EL CAMBIO,agrupacion,1448,PROVISORIO,2023_GENERAL_santafe_presidente_mesa.csv
2023,GENERAL,2023-10-22,PRESIDENTE Y VICE,21,Santa Fe,13,Rosario,03100,,LA LIBERTAD AVANZA,agrupacion,560,PROVISORIO,2023_GENERAL_santafe_presidente_mesa.csv
2023,GENERAL,2023-10-22,PRESIDENTE Y VICE,21,Santa Fe,13,Rosario,03100,,NULO,nulos,18,PROVISORIO,2023_GENERAL_santafe_presidente_mesa.csv
2023,GENERAL,2023-10-22,PRESIDENTE Y VICE,21,Santa Fe,13,Rosario,03100,,RECURRIDO,recurridos,1,PROVISORIO,2023_GENERAL_santafe_presidente_mesa.csv
2023,GENERAL,2023-10-22,PRESIDENTE Y VICE,21,Santa Fe,13,Rosario,03100,,UNION POR LA PATRIA,agrupacion,796,PROVISORIO,2023_GENERAL_santafe_presidente_mesa.csv
2023,GENERAL,2023-10-22,PRESIDENTE Y VICE,21,Santa Fe,13,Rosario,03105,,COMANDO,comando,4,PROVISORIO,2023_GENERAL_santafe_presidente_mesa.csv
2023,GENERAL,2023-10-22,PRESIDENTE Y VICE,21,Santa Fe,13,Rosario,03105,,EN BLANCO,blancos,31,PROVISORIO,2023_GENERAL_santafe_presidente_mesa.csv
2023,GENERAL,2023-10-22,PRESIDENTE Y VICE,21,Santa Fe,13,Rosario,03105,,FRENTE DE IZQUIERDA Y DE TRABAJADORES - UNIDAD,agrupacion,78,PROVISORIO,2023_GENERAL_santafe_presidente_mesa.csv
2023,GENERAL,2023-10-22,PRESIDENTE Y VICE,21,Santa Fe,13,Rosario,03105,,HACEMOS POR NUESTRO PAIS,agrupacion,175,PROVISORIO,2023_GENERAL_santafe_presidente_mesa.csv
2023,GENERAL,2023-10-22,PRESIDENTE Y VICE,21,Santa Fe,13,Rosario,03105,,IMPUGNADO,impugnados,2,PROVISORIO,2023_GENERAL_santafe_presidente_mesa.csv
2023,GENERAL,2023-10-22,PRESIDENTE Y VICE,21,Santa Fe,13,Rosario,03105,,JUNTOS POR EL CAMBIO,agrupacion,2012,PROVISORIO,2023_GENERAL_santafe_presidente_mesa.csv
2023,GENERAL,2023-10-22,PRESIDENTE Y VICE,21,Santa Fe,13,Rosario,03105,,LA LIBERTAD AVANZA,agrupacion,798,PROVISORIO,2023_GENERAL_santafe_presidente_mesa.csv
2023,GENERAL,2023-10-22,PRESIDENTE Y VICE,21,Santa Fe,13,Rosario,03105,,NULO,nulos,31,PROVISORIO,2023_GENERAL_santafe_presidente_mesa.csv
2023,GENERAL,2023-10-22,PRESIDENTE Y VICE,21,Santa Fe,13,Rosario,03105,,RECURRIDO,recurridos,0,PROVISORIO,2023_GENERAL_santafe_presidente_mesa.csv
2023,GENERAL,2023-10-22,PRESIDENTE Y VICE,21,Santa Fe,13,Rosario,03105,,UNION POR LA PATRIA,agrupacion,969,PROVISORIO,2023_GENERAL_santafe_presidente_mesa.csv
2023,GENERAL,2023-10-22,PRESIDENTE Y VICE,21,Santa Fe,13,Rosario,03110,,COMANDO,comando,1,PROVISORIO,2023_GENERAL_santafe_presidente_mesa.csv
2023,GENERAL,2023-10-22,PRESIDENTE Y VICE,21,Santa Fe,13,Rosario,03110,,EN BLANCO,blancos,20,PROVISORIO,2023_GENERAL_santafe_presidente_mesa.csv
2023,GENERAL,2023-10-22,PRESIDENTE Y VICE,21,Santa Fe,13,Rosario,03110,,FRENTE DE IZQUIERDA Y DE TRABAJADORES - UNIDAD,agrupacion,76,PROVISORIO,2023_GENERAL_santafe_presidente_mesa.csv
2023,GENERAL,2023-10-22,PRESIDENTE Y VICE,21,Santa Fe,13,Rosario,03110,,HACEMOS POR NUESTRO PAIS,agrupacion,148,PROVISORIO,2023_GENERAL_santafe_presidente_mesa.csv
2023,GENERAL,2023-10-22,PRESIDENTE Y VICE,21,Santa Fe,13,Rosario,03110,,IMPUGNADO,impugnados,0,PROVISORIO,2023_GENERAL_santafe_presidente_mesa.csv
2023,GENERAL,2023-10-22,PRESIDENTE Y VICE,21,Santa Fe,13,Rosario,03110,,JUNTOS POR EL CAMBIO,agrupacion,1643,PROVISORIO,2023_GENERAL_santafe_presidente_mesa.csv
2023,GENERAL,2023-10-22,PRESIDENTE Y VICE,21,Santa Fe,13,Rosario,03110,,LA LIBERTAD AVANZA,agrupacion,625,PROVISORIO,2023_GENERAL_santafe_presidente_mesa.csv
2023,GENERAL,2023-10-22,PRESIDENTE Y VICE,21,Santa Fe,13,Rosario,03110,,NULO,nulos,18,PROVISORIO,2023_GENERAL_santafe_presidente_mesa.csv
2023,GENERAL,2023-10-22,PRESIDENTE Y VICE,21,Santa Fe,13,Rosario,03110,,RECURRIDO,recurridos,4,PROVISORIO,2023_GENERAL_santafe_presidente_mesa.csv
2023,GENERAL,2023-10-22,PRESIDENTE Y VICE,21,Santa Fe,13,Rosario,03110,,UNION POR LA PATRIA,agrupacion,770,PROVISORIO,2023_GENERAL_santafe_presidente_mesa.csv
2023,GENERAL,2023-10-22,PRESIDENTE Y VICE,21,Santa Fe,13,Rosario,03115,,COMANDO,comando,0,PROVISORIO,2023_GENERAL_santafe_presidente_mesa.csv
2023,GENERAL,2023-10-22,PRESIDENTE Y VICE,21,Santa Fe,13,Rosario,03115,,EN BLANCO,blancos,26,PROVISORIO,2023_GENERAL_santafe_presidente_mesa.csv
2023,GENERAL,2023-10-22,PRESIDENTE Y VICE,21,Santa Fe,13,Rosario,03115,,FRENTE DE IZQUIERDA Y DE TRABAJADORES - UNIDAD,agrupacion,81,PROVISORIO,2023_GENERAL_santafe_presidente_mesa.csv
2023,GENERAL,2023-10-22,PRESIDENTE Y VICE,21,Santa Fe,13,Rosario,03115,,HACEMOS POR NUESTRO PAIS,agrupacion,149,PROVISORIO,2023_GENERAL_santafe_presidente_mesa.csv
2023,GENERAL,2023-10-22,PRESIDENTE Y VICE,21,Santa Fe,13,Rosario,03115,,IMPUGNADO,impugnados,0,PROVISORIO,2023_GENERAL_santafe_presidente_mesa.csv
2023,GENERAL,2023-10-22,PRESIDENTE Y VICE,21,Santa Fe,13,Rosario,03115,,JUNTOS POR EL CAMBIO,agrupacion,942,PROVISORIO,2023_GENERAL_santafe_presidente_mesa.csv
2023,GENERAL,2023-10-22,PRESIDENTE Y VICE,21,Santa Fe,13,Rosario,03115,,LA LIBERTAD AVANZA,agrupacion,611,PROVISORIO,2023_GENERAL_santafe_presidente_mesa.csv
2023,GENERAL,2023-10-22,PRESIDENTE Y VICE,21,Santa Fe,13,Rosario,03115,,NULO,nulos,27,PROVISORIO,2023_GENERAL_santafe_presidente_mesa.csv
2023,GENERAL,2023-10-22,PRESIDENTE Y VICE,21,Santa Fe,13,Rosario,03115,,RECURRIDO,recurridos,0,PROVISORIO,2023_GENERAL_santafe_presidente_mesa.csv
2023,GENERAL,2023-10-22,PRESIDENTE Y VICE,21,Santa Fe,13,Rosario,03115,,UNION POR LA PATRIA,agrupacion,924,PROVISORIO,2023_GENERAL_santafe_presidente_mesa.csv
2023,GENERAL,2023-10-22,PRESIDENTE Y VICE,21,Santa Fe,13,Rosario,03120,,COMANDO,comando,2,PROVISORIO,2023_GENERAL_santafe_presidente_mesa.csv
2023,GENERAL,2023-10-22,PRESIDENTE Y VICE,21,Santa Fe,13,Rosario,03120,,EN BLANCO,blancos,58,PROVISORIO,2023_GENERAL_santafe_presidente_mesa.csv
2023,GENERAL,2023-10-22,PRESIDENTE Y VICE,21,Santa Fe,13,Rosario,03120,,FRENTE DE IZQUIERDA Y DE TRABAJADORES - UNIDAD,agrupacion,166,PROVISORIO,2023_GENERAL_santafe_presidente_mesa.csv
2023,GENERAL,2023-10-22,PRESIDENTE Y VICE,21,Santa Fe,13,Rosario,03120,,HACEMOS POR NUESTRO PAIS,agrupacion,341,PROVISORIO,2023_GENERAL_santafe_presidente_mesa.csv
2023,GENERAL,2023-10-22,PRESIDENTE Y VICE,21,Santa Fe,13,Rosario,03120,,IMPUGNADO,impugnados,0,PROVISORIO,2023_GENERAL_santafe_presidente_mesa.csv
2023,GENERAL,2023-10-22,PRESIDENTE Y VICE,21,Santa Fe,13,Rosario,03120,,JUNTOS POR EL CAMBIO,agrupacion,1828,PROVISORIO,2023_GENERAL_santafe_presidente_mesa.csv
2023,GENERAL,2023-10-22,PRESIDENTE Y VICE,21,Santa Fe,13,Rosario,03120,,LA LIBERTAD AVANZA,agrupacion,1343,PROVISORIO,2023_GENERAL_santafe_presidente_mesa.csv
2023,GENERAL,2023-10-22,PRESIDENTE Y VICE,21,Santa Fe,13,Rosario,03120,,NULO,nulos,50,PROVISORIO,2023_GENERAL_santafe_presidente_mesa.csv
2023,GENERAL,2023-10-22,PRESIDENTE Y VICE,21,Santa Fe,13,Rosario,03120,,RECURRIDO,recurridos,1,PROVISORIO,2023_GENERAL_santafe_presidente_mesa.csv
2023,GENERAL,2023-10-22,PRESIDENTE Y VICE,21,Santa Fe,13,Rosario,03120,,UNION POR LA PATRIA,agrupacion,2479,PROVISORIO,2023_GENERAL_santafe_presidente_mesa.csv
2023,GENERAL,2023-10-22,PRESIDENTE Y VICE,21,Santa Fe,13,Rosario,03125,,COMANDO,comando,0,PROVISORIO,2023_GENERAL_santafe_presidente_mesa.csv
2023,GENERAL,2023-10-22,PRESIDENTE Y VICE,21,Santa Fe,13,Rosario,03125,,EN BLANCO,blancos,27,PROVISORIO,2023_GENERAL_santafe_presidente_mesa.csv
2023,GENERAL,2023-10-22,PRESIDENTE Y VICE,21,Santa Fe,13,Rosario,03125,,FRENTE DE IZQUIERDA Y DE TRABAJADORES - UNIDAD,agrupacion,101,PROVISORIO,2023_GENERAL_santafe_presidente_mesa.csv
2023,GENERAL,2023-10-22,PRESIDENTE Y VICE,21,Santa Fe,13,Rosario,03125,,HACEMOS POR NUESTRO PAIS,agrupacion,183,PROVISORIO,2023_GENERAL_santafe_presidente_mesa.csv
2023,GENERAL,2023-10-22,PRESIDENTE Y VICE,21,Santa Fe,13,Rosario,03125,,IMPUGNADO,impugnados,0,PROVISORIO,2023_GENERAL_santafe_presidente_mesa.csv
2023,GENERAL,2023-10-22,PRESIDENTE Y VICE,21,Santa Fe,13,Rosario,03125,,JUNTOS POR EL CAMBIO,agrupacion,1282,PROVISORIO,2023_GENERAL_santafe_presidente_mesa.csv
2023,GENERAL,2023-10-22,PRESIDENTE Y VICE,21,Santa Fe,13,Rosario,03125,,LA LIBERTAD AVANZA,agrupacion,606,PROVISORIO,2023_GENERAL_santafe_presidente_mesa.csv
2023,GENERAL,2023-10-22,PRESIDENTE Y VICE,21,Santa Fe,13,Rosario,03125,,NULO,nulos,27,PROVISORIO,2023_GENERAL_santafe_presidente_mesa.csv
2023,GENERAL,2023-10-22,PRESIDENTE Y VICE,21,Santa Fe,13,Rosario,03125,,RECURRIDO,recurridos,0,PROVISORIO,2023_GENERAL_santafe_presidente_mesa.csv
2023,GENERAL,2023-10-22,PRESIDENTE Y VICE,21,Santa Fe,13,Rosario,03125,,UNION POR LA PATRIA,agrupacion,910,PROVISORIO,2023_GENERAL_santafe_presidente_mesa.csv
2023,GENERAL,2023-10-22,PRESIDENTE Y VICE,21,Santa Fe,13,Rosario,03130,,COMANDO,comando,0,PROVISORIO,2023_GENERAL_santafe_presidente_mesa.csv
2023,GENERAL,2023-10-22,PRESIDENTE Y VICE,21,Santa Fe,13,Rosario,03130,,EN BLANCO,blancos,21,PROVISORIO,2023_GENERAL_santafe_presidente_mesa.csv
2023,GENERAL,2023-10-22,PRESIDENTE Y VICE,21,Santa Fe,13,Rosario,03130,,FRENTE DE IZQUIERDA Y DE TRABAJADORES - UNIDAD,agrupacion,74,PROVISORIO,2023_GENERAL_santafe_presidente_mesa.csv
2023,GENERAL,2023-10-22,PRESIDENTE Y VICE,21,Santa Fe,13,Rosario,03130,,HACEMOS POR NUESTRO PAIS,agrupacion,168,PROVISORIO,2023_GENERAL_santafe_presidente_mesa.csv
2023,GENERAL,2023-10-22,PRESIDENTE Y VICE,21,Santa Fe,13,Rosario,03130,,IMPUGNADO,impugnados,0,PROVISORIO,2023_GENERAL_santafe_presidente_mesa.csv
2023,GENERAL,2023-10-22,PRESIDENTE Y VICE,21,Santa Fe,13,Rosario,03130,,JUNTOS POR EL CAMBIO,agrupacion,1189,PROVISORIO,2023_GENERAL_santafe_presidente_mesa.csv
2023,GENERAL,2023-10-22,PRESIDENTE Y VICE,21,Santa Fe,13,Rosario,03130,,LA LIBERTAD AVANZA,agrupacion,575,PROVISORIO,2023_GENERAL_santafe_presidente_mesa.csv
2023,GENERAL,2023-10-22,PRESIDENTE Y VICE,21,Santa Fe,13,Rosario,03130,,NULO,nulos,34,PROVISORIO,2023_GENERAL_santafe_presidente_mesa.csv
2023,GENERAL,2023-10-22,PRESIDENTE Y VICE,21,Santa Fe,13,Rosario,03130,,RECURRIDO,recurridos,1,PROVISORIO,2023_GENERAL_santafe_presidente_mesa.csv
2023,GENERAL,2023-10-22,PRESIDENTE Y VICE,21,Santa Fe,13,Rosario,03130,,UNION POR LA PATRIA,agrupacion,850,PROVISORIO,2023_GENERAL_santafe_presidente_mesa.csv
2023,GENERAL,2023-10-22,PRESIDENTE Y VICE,21,Santa Fe,13,Rosario,03135,,COMANDO,comando,3,PROVISORIO,2023_GENERAL_santafe_presidente_mesa.csv
2023,GENERAL,2023-10-22,PRESIDENTE Y VICE,21,Santa Fe,13,Rosario,03135,,EN BLANCO,blancos,33,PROVISORIO,2023_GENERAL_santafe_presidente_mesa.csv
2023,GENERAL,2023-10-22,PRESIDENTE Y VICE,21,Santa Fe,13,Rosario,03135,,FRENTE DE IZQUIERDA Y DE TRABAJADORES - UNIDAD,agrupacion,109,PROVISORIO,2023_GENERAL_santafe_presidente_mesa.csv
2023,GENERAL,2023-10-22,PRESIDENTE Y VICE,21,Santa Fe,13,Rosario,03135,,HACEMOS POR NUESTRO PAIS,agrupacion,235,PROVISORIO,2023_GENERAL_santafe_presidente_mesa.csv
2023,GENERAL,2023-10-22,PRESIDENTE Y VICE,21,Santa Fe,13,Rosario,03135,,IMPUGNADO,impugnados,0,PROVISORIO,2023_GENERAL_santafe_presidente_mesa.csv
2023,GENERAL,2023-10-22,PRESIDENTE Y VICE,21,Santa Fe,13,Rosario,03135,,JUNTOS POR EL CAMBIO,agrupacion,1555,PROVISORIO,2023_GENERAL_santafe_presidente_mesa.csv
2023,GENERAL,2023-10-22,PRESIDENTE Y VICE,21,Santa Fe,13,Rosario,03135,,LA LIBERTAD AVANZA,agrupacion,801,PROVISORIO,2023_GENERAL_santafe_presidente_mesa.csv
2023,GENERAL,2023-10-22,PRESIDENTE Y VICE,21,Santa Fe,13,Rosario,03135,,NULO,nulos,34,PROVISORIO,2023_GENERAL_santafe_presidente_mesa.csv
2023,GENERAL,2023-10-22,PRESIDENTE Y VICE,21,Santa Fe,13,Rosario,03135,,RECURRIDO,recurridos,0,PROVISORIO,2023_GENERAL_santafe_presidente_mesa.csv
2023,GENERAL,2023-10-22,PRESIDENTE Y VICE,21,Santa Fe,13,Rosario,03135,,UNION POR LA PATRIA,agrupacion,1158,PROVISORIO,2023_GENERAL_santafe_presidente_mesa.csv
2023,GENERAL,2023-10-22,PRESIDENTE Y VICE,21,Santa Fe,13,Rosario,03140,,COMANDO,comando,1,PROVISORIO,2023_GENERAL_santafe_presidente_mesa.csv
2023,GENERAL,2023-10-22,PRESIDENTE Y VICE,21,Santa Fe,13,Rosario,03140,,EN BLANCO,blancos,30,PROVISORIO,2023_GENERAL_santafe_presidente_mesa.csv
2023,GENERAL,2023-10-22,PRESIDENTE Y VICE,21,Santa Fe,13,Rosario,03140,,FRENTE DE IZQUIERDA Y DE TRABAJADORES - UNIDAD,agrupacion,111,PROVISORIO,2023_GENERAL_santafe_presidente_mesa.csv
2023,GENERAL,2023-10-22,PRESIDENTE Y VICE,21,Santa Fe,13,Rosario,03140,,HACEMOS POR NUESTRO PAIS,agrupacion,231,PROVISORIO,2023_GENERAL_santafe_presidente_mesa.csv
2023,GENERAL,2023-10-22,PRESIDENTE Y VICE,21,Santa Fe,13,Rosario,03140,,IMPUGNADO,impugnados,0,PROVISORIO,2023_GENERAL_santafe_presidente_mesa.csv
2023,GENERAL,2023-10-22,PRESIDENTE Y VICE,21,Santa Fe,13,Rosario,03140,,JUNTOS POR EL CAMBIO,agrupacion,1904,PROVISORIO,2023_GENERAL_santafe_presidente_mesa.csv
2023,GENERAL,2023-10-22,PRESIDENTE Y VICE,21,Santa Fe,13,Rosario,03140,,LA LIBERTAD AVANZA,agrupacion,994,PROVISORIO,2023_GENERAL_santafe_presidente_mesa.csv
2023,GENERAL,2023-10-22,PRESIDENTE Y VICE,21,Santa Fe,13,Rosario,03140,,NULO,nulos,30,PROVISORIO,2023_GENERAL_santafe_presidente_mesa.csv
2023,GENERAL,2023-10-22,PRESIDENTE Y VICE,21,Santa Fe,13,Rosario,03140,,RECURRIDO,recurridos,1,PROVISORIO,2023_GENERAL_santafe_presidente_mesa.csv
2023,GENERAL,2023-10-22,PRESIDENTE Y VICE,21,Santa Fe,13,Rosario,03140,,UNION POR LA PATRIA,agrupacion,1246,PROVISORIO,2023_GENERAL_santafe_presidente_mesa.csv
2023,GENERAL,2023-10-22,PRESIDENTE Y VICE,21,Santa Fe,13,Rosario,03145,,COMANDO,comando,1,PROVISORIO,2023_GENERAL_santafe_presidente_mesa.csv
2023,GENERAL,2023-10-22,PRESIDENTE Y VICE,21,Santa Fe,13,Rosario,03145,,EN BLANCO,blancos,40,PROVISORIO,2023_GENERAL_santafe_presidente_mesa.csv
2023,GENERAL,2023-10-22,PRESIDENTE Y VICE,21,Santa Fe,13,Rosario,03145,,FRENTE DE IZQUIERDA Y DE TRABAJADORES - UNIDAD,agrupacion,126,PROVISORIO,2023_GENERAL_santafe_presidente_mesa.csv
2023,GENERAL,2023-10-22,PRESIDENTE Y VICE,21,Santa Fe,13,Rosario,03145,,HACEMOS POR NUESTRO PAIS,agrupacion,359,PROVISORIO,2023_GENERAL_santafe_presidente_mesa.csv
2023,GENERAL,2023-10-22,PRESIDENTE Y VICE,21,Santa Fe,13,Rosario,03145,,IMPUGNADO,impugnados,1,PROVISORIO,2023_GENERAL_santafe_presidente_mesa.csv
2023,GENERAL,2023-10-22,PRESIDENTE Y VICE,21,Santa Fe,13,Rosario,03145,,JUNTOS POR EL CAMBIO,agrupacion,1769,PROVISORIO,2023_GENERAL_santafe_presidente_mesa.csv
2023,GENERAL,2023-10-22,PRESIDENTE Y VICE,21,Santa Fe,13,Rosario,03145,,LA LIBERTAD AVANZA,agrupacion,1173,PROVISORIO,2023_GENERAL_santafe_presidente_mesa.csv
2023,GENERAL,2023-10-22,PRESIDENTE Y VICE,21,Santa Fe,13,Rosario,03145,,NULO,nulos,53,PROVISORIO,2023_GENERAL_santafe_presidente_mesa.csv
2023,GENERAL,2023-10-22,PRESIDENTE Y VICE,21,Santa Fe,13,Rosario,03145,,RECURRIDO,recurridos,0,PROVISORIO,2023_GENERAL_santafe_presidente_mesa.csv
2023,GENERAL,2023-10-22,PRESIDENTE Y VICE,21,Santa Fe,13,Rosario,03145,,UNION POR LA PATRIA,agrupacion,1530,PROVISORIO,2023_GENERAL_santafe_presidente_mesa.csv
2023,GENERAL,2023-10-22,PRESIDENTE Y VICE,21,Santa Fe,13,Rosario,03150,,COMANDO,comando,7,PROVISORIO,2023_GENERAL_santafe_presidente_mesa.csv
2023,GENERAL,2023-10-22,PRESIDENTE Y VICE,21,Santa Fe,13,Rosario,03150,,EN BLANCO,blancos,102,PROVISORIO,2023_GENERAL_santafe_presidente_mesa.csv
2023,GENERAL,2023-10-22,PRESIDENTE Y VICE,21,Santa Fe,13,Rosario,03150,,FRENTE DE IZQUIERDA Y DE TRABAJADORES - UNIDAD,agrupacion,312,PROVISORIO,2023_GENERAL_santafe_presidente_mesa.csv
2023,GENERAL,2023-10-22,PRESIDENTE Y VICE,21,Santa Fe,13,Rosario,03150,,HACEMOS POR NUESTRO PAIS,agrupacion,781,PROVISORIO,2023_GENERAL_santafe_presidente_mesa.csv
2023,GENERAL,2023-10-22,PRESIDENTE Y VICE,21,Santa Fe,13,Rosario,03150,,IMPUGNADO,impugnados,0,PROVISORIO,2023_GENERAL_santafe_presidente_mesa.csv
2023,GENERAL,2023-10-22,PRESIDENTE Y VICE,21,Santa Fe,13,Rosario,03150,,JUNTOS POR EL CAMBIO,agrupacion,3779,PROVISORIO,2023_GENERAL_santafe_presidente_mesa.csv
2023,GENERAL,2023-10-22,PRESIDENTE Y VICE,21,Santa Fe,13,Rosario,03150,,LA LIBERTAD AVANZA,agrupacion,2465,PROVISORIO,2023_GENERAL_santafe_presidente_mesa.csv
2023,GENERAL,2023-10-22,PRESIDENTE Y VICE,21,Santa Fe,13,Rosario,03150,,NULO,nulos,121,PROVISORIO,2023_GENERAL_santafe_presidente_mesa.csv
2023,GENERAL,2023-10-22,PRESIDENTE Y VICE,21,Santa Fe,13,Rosario,03150,,RECURRIDO,recurridos,1,PROVISORIO,2023_GENERAL_santafe_presidente_mesa.csv
2023,GENERAL,2023-10-22,PRESIDENTE Y VICE,21,Santa Fe,13,Rosario,03150,,UNION POR LA PATRIA,agrupacion,3368,PROVISORIO,2023_GENERAL_santafe_presidente_mesa.csv
2023,GENERAL,2023-10-22,PRESIDENTE Y VICE,21,Santa Fe,13,Rosario,03155,,COMANDO,comando,4,PROVISORIO,2023_GENERAL_santafe_presidente_mesa.csv
2023,GENERAL,2023-10-22,PRESIDENTE Y VICE,21,Santa Fe,13,Rosario,03155,,EN BLANCO,blancos,49,PROVISORIO,2023_GENERAL_santafe_presidente_mesa.csv
2023,GENERAL,2023-10-22,PRESIDENTE Y VICE,21,Santa Fe,13,Rosario,03155,,FRENTE DE IZQUIERDA Y DE TRABAJADORES - UNIDAD,agrupacion,148,PROVISORIO,2023_GENERAL_santafe_presidente_mesa.csv
2023,GENERAL,2023-10-22,PRESIDENTE Y VICE,21,Santa Fe,13,Rosario,03155,,HACEMOS POR NUESTRO PAIS,agrupacion,352,PROVISORIO,2023_GENERAL_santafe_presidente_mesa.csv
2023,GENERAL,2023-10-22,PRESIDENTE Y VICE,21,Santa Fe,13,Rosario,03155,,IMPUGNADO,impugnados,0,PROVISORIO,2023_GENERAL_santafe_presidente_mesa.csv
2023,GENERAL,2023-10-22,PRESIDENTE Y VICE,21,Santa Fe,13,Rosario,03155,,JUNTOS POR EL CAMBIO,agrupacion,2519,PROVISORIO,2023_GENERAL_santafe_presidente_mesa.csv
2023,GENERAL,2023-10-22,PRESIDENTE Y VICE,21,Santa Fe,13,Rosario,03155,,LA LIBERTAD AVANZA,agrupacion,1226,PROVISORIO,2023_GENERAL_santafe_presidente_mesa.csv
2023,GENERAL,2023-10-22,PRESIDENTE Y VICE,21,Santa Fe,13,Rosario,03155,,NULO,nulos,46,PROVISORIO,2023_GENERAL_santafe_presidente_mesa.csv
2023,GENERAL,2023-10-22,PRESIDENTE Y VICE,21,Santa Fe,13,Rosario,03155,,RECURRIDO,recurridos,0,PROVISORIO,2023_GENERAL_santafe_presidente_mesa.csv
2023,GENERAL,2023-10-22,PRESIDENTE Y VICE,21,Santa Fe,13,Rosario,03155,,UNION POR LA PATRIA,agrupacion,1673,PROVISORIO,2023_GENERAL_santafe_presidente_mesa.csv
2023,GENERAL,2023-10-22,PRESIDENTE Y VICE,21,Santa Fe,13,Rosario,03160,,COMANDO,comando,4,PROVISORIO,2023_GENERAL_santafe_presidente_mesa.csv
2023,GENERAL,2023-10-22,PRESIDENTE Y VICE,21,Santa Fe,13,Rosario,03160,,EN BLANCO,blancos,56,PROVISORIO,2023_GENERAL_santafe_presidente_mesa.csv
2023,GENERAL,2023-10-22,PRESIDENTE Y VICE,21,Santa Fe,13,Rosario,03160,,FRENTE DE IZQUIERDA Y DE TRABAJADORES - UNIDAD,agrupacion,140,PROVISORIO,2023_GENERAL_santafe_presidente_mesa.csv
2023,GENERAL,2023-10-22,PRESIDENTE Y VICE,21,Santa Fe,13,Rosario,03160,,HACEMOS POR NUESTRO PAIS,agrupacion,276,PROVISORIO,2023_GENERAL_santafe_presidente_mesa.csv
2023,GENERAL,2023-10-22,PRESIDENTE Y VICE,21,Santa Fe,13,Rosario,03160,,IMPUGNADO,impugnados,0,PROVISORIO,2023_GENERAL_santafe_presidente_mesa.csv
2023,GENERAL,2023-10-22,PRESIDENTE Y VICE,21,Santa Fe,13,Rosario,03160,,JUNTOS POR EL CAMBIO,agrupacion,1749,PROVISORIO,2023_GENERAL_santafe_presidente_mesa.csv
2023,GENERAL,2023-10-22,PRESIDENTE Y VICE,21,Santa Fe,13,Rosario,03160,,LA LIBERTAD AVANZA,agrupacion,971,PROVISORIO,2023_GENERAL_santafe_presidente_mesa.csv
2023,GENERAL,2023-10-22,PRESIDENTE Y VICE,21,Santa Fe,13,Rosario,03160,,NULO,nulos,44,PROVISORIO,2023_GENERAL_santafe_presidente_mesa.csv
2023,GENERAL,2023-10-22,PRESIDENTE Y VICE,21,Santa Fe,13,Rosario,03160,,RECURRIDO,recurridos,0,PROVISORIO,2023_GENERAL_santafe_presidente_mesa.csv
2023,GENERAL,2023-10-22,PRESIDENTE Y VICE,21,Santa Fe,13,Rosario,03160,,UNION POR LA PATRIA,agrupacion,1345,PROVISORIO,2023_GENERAL_santafe_presidente_mesa.csv
2023,GENERAL,2023-10-22,PRESIDENTE Y VICE,21,Santa Fe,13,Rosario,03165,,COMANDO,comando,0,PROVISORIO,2023_GENERAL_santafe_presidente_mesa.csv
2023,GENERAL,2023-10-22,PRESIDENTE Y VICE,21,Santa Fe,13,Rosario,03165,,EN BLANCO,blancos,31,PROVISORIO,2023_GENERAL_santafe_presidente_mesa.csv
2023,GENERAL,2023-10-22,PRESIDENTE Y VICE,21,Santa Fe,13,Rosario,03165,,FRENTE DE IZQUIERDA Y DE TRABAJADORES - UNIDAD,agrupacion,114,PROVISORIO,2023_GENERAL_santafe_presidente_mesa.csv
2023,GENERAL,2023-10-22,PRESIDENTE Y VICE,21,Santa Fe,13,Rosario,03165,,HACEMOS POR NUESTRO PAIS,agrupacion,254,PROVISORIO,2023_GENERAL_santafe_presidente_mesa.csv
2023,GENERAL,2023-10-22,PRESIDENTE Y VICE,21,Santa Fe,13,Rosario,03165,,IMPUGNADO,impugnados,0,PROVISORIO,2023_GENERAL_santafe_presidente_mesa.csv
2023,GENERAL,2023-10-22,PRESIDENTE Y VICE,21,Santa Fe,13,Rosario,03165,,JUNTOS POR EL CAMBIO,agrupacion,1539,PROVISORIO,2023_GENERAL_santafe_presidente_mesa.csv
2023,GENERAL,2023-10-22,PRESIDENTE Y VICE,21,Santa Fe,13,Rosario,03165,,LA LIBERTAD AVANZA,agrupacion,905,PROVISORIO,2023_GENERAL_santafe_presidente_mesa.csv
2023,GENERAL,2023-10-22,PRESIDENTE Y VICE,21,Santa Fe,13,Rosario,03165,,NULO,nulos,41,PROVISORIO,2023_GENERAL_santafe_presidente_mesa.csv
2023,GENERAL,2023-10-22,PRESIDENTE Y VICE,21,Santa Fe,13,Rosario,03165,,RECURRIDO,recurridos,0,PROVISORIO,2023_GENERAL_santafe_presidente_mesa.csv
2023,GENERAL,2023-10-22,PRESIDENTE Y VICE,21,Santa Fe,13,Rosario,03165,,UNION POR LA PATRIA,agrupacion,1112,PROVISORIO,2023_GENERAL_santafe_presidente_mesa.csv
2023,GENERAL,2023-10-22,PRESIDENTE Y VICE,21,Santa Fe,13,Rosario,03170,,COMANDO,comando,5,PROVISORIO,2023_GENERAL_santafe_presidente_mesa.csv
2023,GENERAL,2023-10-22,PRESIDENTE Y VICE,21,Santa Fe,13,Rosario,03170,,EN BLANCO,blancos,55,PROVISORIO,2023_GENERAL_santafe_presidente_mesa.csv
2023,GENERAL,2023-10-22,PRESIDENTE Y VICE,21,Santa Fe,13,Rosario,03170,,FRENTE DE IZQUIERDA Y DE TRABAJADORES - UNIDAD,agrupacion,204,PROVISORIO,2023_GENERAL_santafe_presidente_mesa.csv
2023,GENERAL,2023-10-22,PRESIDENTE Y VICE,21,Santa Fe,13,Rosario,03170,,HACEMOS POR NUESTRO PAIS,agrupacion,466,PROVISORIO,2023_GENERAL_santafe_presidente_mesa.csv
2023,GENERAL,2023-10-22,PRESIDENTE Y VICE,21,Santa Fe,13,Rosario,03170,,IMPUGNADO,impugnados,0,PROVISORIO,2023_GENERAL_santafe_presidente_mesa.csv
2023,GENERAL,2023-10-22,PRESIDENTE Y VICE,21,Santa Fe,13,Rosario,03170,,JUNTOS POR EL CAMBIO,agrupacion,2723,PROVISORIO,2023_GENERAL_santafe_presidente_mesa.csv
2023,GENERAL,2023-10-22,PRESIDENTE Y VICE,21,Santa Fe,13,Rosario,03170,,LA LIBERTAD AVANZA,agrupacion,1748,PROVISORIO,2023_GENERAL_santafe_presidente_mesa.csv
2023,GENERAL,2023-10-22,PRESIDENTE Y VICE,21,Santa Fe,13,Rosario,03170,,NULO,nulos,66,PROVISORIO,2023_GENERAL_santafe_presidente_mesa.csv
2023,GENERAL,2023-10-22,PRESIDENTE Y VICE,21,Santa Fe,13,Rosario,03170,,RECURRIDO,recurridos,0,PROVISORIO,2023_GENERAL_santafe_presidente_mesa.csv
2023,GENERAL,2023-10-22,PRESIDENTE Y VICE,21,Santa Fe,13,Rosario,03170,,UNION POR LA PATRIA,agrupacion,1939,PROVISORIO,2023_GENERAL_santafe_presidente_mesa.csv
2023,GENERAL,2023-10-22,PRESIDENTE Y VICE,21,Santa Fe,13,Rosario,03175,,COMANDO,comando,7,PROVISORIO,2023_GENERAL_santafe_presidente_mesa.csv
2023,GENERAL,2023-10-22,PRESIDENTE Y VICE,21,Santa Fe,13,Rosario,03175,,EN BLANCO,blancos,66,PROVISORIO,2023_GENERAL_santafe_presidente_mesa.csv
2023,GENERAL,2023-10-22,PRESIDENTE Y VICE,21,Santa Fe,13,Rosario,03175,,FRENTE DE IZQUIERDA Y DE TRABAJADORES - UNIDAD,agrupacion,248,PROVISORIO,2023_GENERAL_santafe_presidente_mesa.csv
2023,GENERAL,2023-10-22,PRESIDENTE Y VICE,21,Santa Fe,13,Rosario,03175,,HACEMOS POR NUESTRO PAIS,agrupacion,619,PROVISORIO,2023_GENERAL_santafe_presidente_mesa.csv
2023,GENERAL,2023-10-22,PRESIDENTE Y VICE,21,Santa Fe,13,Rosario,03175,,IMPUGNADO,impugnados,0,PROVISORIO,2023_GENERAL_santafe_presidente_mesa.csv
2023,GENERAL,2023-10-22,PRESIDENTE Y VICE,21,Santa Fe,13,Rosario,03175,,JUNTOS POR EL CAMBIO,agrupacion,2813,PROVISORIO,2023_GENERAL_santafe_presidente_mesa.csv
2023,GENERAL,2023-10-22,PRESIDENTE Y VICE,21,Santa Fe,13,Rosario,03175,,LA LIBERTAD AVANZA,agrupacion,2314,PROVISORIO,2023_GENERAL_santafe_presidente_mesa.csv
2023,GENERAL,2023-10-22,PRESIDENTE Y VICE,21,Santa Fe,13,Rosario,03175,,NULO,nulos,106,PROVISORIO,2023_GENERAL_santafe_presidente_mesa.csv
2023,GENERAL,2023-10-22,PRESIDENTE Y VICE,21,Santa Fe,13,Rosario,03175,,RECURRIDO,recurridos,2,PROVISORIO,2023_GENERAL_santafe_presidente_mesa.csv
2023,GENERAL,2023-10-22,PRESIDENTE Y VICE,21,Santa Fe,13,Rosario,03175,,UNION POR LA PATRIA,agrupacion,2744,PROVISORIO,2023_GENERAL_santafe_presidente_mesa.csv
2023,GENERAL,2023-10-22,PRESIDENTE Y VICE,21,Santa Fe,13,Rosario,03180,,COMANDO,comando,3,PROVISORIO,2023_GENERAL_santafe_presidente_mesa.csv
2023,GENERAL,2023-10-22,PRESIDENTE Y VICE,21,Santa Fe,13,Rosario,03180,,EN BLANCO,blancos,20,PROVISORIO,2023_GENERAL_santafe_presidente_mesa.csv
2023,GENERAL,2023-10-22,PRESIDENTE Y VICE,21,Santa Fe,13,Rosario,03180,,FRENTE DE IZQUIERDA Y DE TRABAJADORES - UNIDAD,agrupacion,79,PROVISORIO,2023_GENERAL_santafe_presidente_mesa.csv
2023,GENERAL,2023-10-22,PRESIDENTE Y VICE,21,Santa Fe,13,Rosario,03180,,HACEMOS POR NUESTRO PAIS,agrupacion,136,PROVISORIO,2023_GENERAL_santafe_presidente_mesa.csv
2023,GENERAL,2023-10-22,PRESIDENTE Y VICE,21,Santa Fe,13,Rosario,03180,,IMPUGNADO,impugnados,0,PROVISORIO,2023_GENERAL_santafe_presidente_mesa.csv
2023,GENERAL,2023-10-22,PRESIDENTE Y VICE,21,Santa Fe,13,Rosario,03180,,JUNTOS POR EL CAMBIO,agrupacion,870,PROVISORIO,2023_GENERAL_santafe_presidente_mesa.csv
2023,GENERAL,2023-10-22,PRESIDENTE Y VICE,21,Santa Fe,13,Rosario,03180,,LA LIBERTAD AVANZA,agrupacion,481,PROVISORIO,2023_GENERAL_santafe_presidente_mesa.csv
2023,GENERAL,2023-10-22,PRESIDENTE Y VICE,21,Santa Fe,13,Rosario,03180,,NULO,nulos,34,PROVISORIO,2023_GENERAL_santafe_presidente_mesa.csv
2023,GENERAL,2023-10-22,PRESIDENTE Y VICE,21,Santa Fe,13,Rosario,03180,,RECURRIDO,recurridos,0,PROVISORIO,2023_GENERAL_santafe_presidente_mesa.csv
2023,GENERAL,2023-10-22,PRESIDENTE Y VICE,21,Santa Fe,13,Rosario,03180,,UNION POR LA PATRIA,agrupacion,780,PROVISORIO,2023_GENERAL_santafe_presidente_mesa.csv
2023,GENERAL,2023-10-22,PRESIDENTE Y VICE,21,Santa Fe,13,Rosario,03185,,COMANDO,comando,2,PROVISORIO,2023_GENERAL_santafe_presidente_mesa.csv
2023,GENERAL,2023-10-22,PRESIDENTE Y VICE,21,Santa Fe,13,Rosario,03185,,EN BLANCO,blancos,32,PROVISORIO,2023_GENERAL_santafe_presidente_mesa.csv
2023,GENERAL,2023-10-22,PRESIDENTE Y VICE,21,Santa Fe,13,Rosario,03185,,FRENTE DE IZQUIERDA Y DE TRABAJADORES - UNIDAD,agrupacion,108,PROVISORIO,2023_GENERAL_santafe_presidente_mesa.csv
2023,GENERAL,2023-10-22,PRESIDENTE Y VICE,21,Santa Fe,13,Rosario,03185,,HACEMOS POR NUESTRO PAIS,agrupacion,193,PROVISORIO,2023_GENERAL_santafe_presidente_mesa.csv
2023,GENERAL,2023-10-22,PRESIDENTE Y VICE,21,Santa Fe,13,Rosario,03185,,IMPUGNADO,impugnados,0,PROVISORIO,2023_GENERAL_santafe_presidente_mesa.csv
2023,GENERAL,2023-10-22,PRESIDENTE Y VICE,21,Santa Fe,13,Rosario,03185,,JUNTOS POR EL CAMBIO,agrupacion,1478,PROVISORIO,2023_GENERAL_santafe_presidente_mesa.csv
2023,GENERAL,2023-10-22,PRESIDENTE Y VICE,21,Santa Fe,13,Rosario,03185,,LA LIBERTAD AVANZA,agrupacion,754,PROVISORIO,2023_GENERAL_santafe_presidente_mesa.csv
2023,GENERAL,2023-10-22,PRESIDENTE Y VICE,21,Santa Fe,13,Rosario,03185,,NULO,nulos,42,PROVISORIO,2023_GENERAL_santafe_presidente_mesa.csv
2023,GENERAL,2023-10-22,PRESIDENTE Y VICE,21,Santa Fe,13,Rosario,03185,,RECURRIDO,recurridos,0,PROVISORIO,2023_GENERAL_santafe_presidente_mesa.csv
2023,GENERAL,2023-10-22,PRESIDENTE Y VICE,21,Santa Fe,13,Rosario,03185,,UNION POR LA PATRIA,agrupacion,1121,PROVISORIO,2023_GENERAL_santafe_presidente_mesa.csv
2023,GENERAL,2023-10-22,PRESIDENTE Y VICE,21,Santa Fe,13,Rosario,03190,,COMANDO,comando,4,PROVISORIO,2023_GENERAL_santafe_presidente_mesa.csv
2023,GENERAL,2023-10-22,PRESIDENTE Y VICE,21,Santa Fe,13,Rosario,03190,,EN BLANCO,blancos,20,PROVISORIO,2023_GENERAL_santafe_presidente_mesa.csv
2023,GENERAL,2023-10-22,PRESIDENTE Y VICE,21,Santa Fe,13,Rosario,03190,,FRENTE DE IZQUIERDA Y DE TRABAJADORES - UNIDAD,agrupacion,75,PROVISORIO,2023_GENERAL_santafe_presidente_mesa.csv
2023,GENERAL,2023-10-22,PRESIDENTE Y VICE,21,Santa Fe,13,Rosario,03190,,HACEMOS POR NUESTRO PAIS,agrupacion,160,PROVISORIO,2023_GENERAL_santafe_presidente_mesa.csv
2023,GENERAL,2023-10-22,PRESIDENTE Y VICE,21,Santa Fe,13,Rosario,03190,,IMPUGNADO,impugnados,0,PROVISORIO,2023_GENERAL_santafe_presidente_mesa.csv
2023,GENERAL,2023-10-22,PRESIDENTE Y VICE,21,Santa Fe,13,Rosario,03190,,JUNTOS POR EL CAMBIO,agrupacion,834,PROVISORIO,2023_GENERAL_santafe_presidente_mesa.csv
2023,GENERAL,2023-10-22,PRESIDENTE Y VICE,21,Santa Fe,13,Rosario,03190,,LA LIBERTAD AVANZA,agrupacion,548,PROVISORIO,2023_GENERAL_santafe_presidente_mesa.csv
2023,GENERAL,2023-10-22,PRESIDENTE Y VICE,21,Santa Fe,13,Rosario,03190,,NULO,nulos,27,PROVISORIO,2023_GENERAL_santafe_presidente_mesa.csv
2023,GENERAL,2023-10-22,PRESIDENTE Y VICE,21,Santa Fe,13,Rosario,03190,,RECURRIDO,recurridos,0,PROVISORIO,2023_GENERAL_santafe_presidente_mesa.csv
2023,GENERAL,2023-10-22,PRESIDENTE Y VICE,21,Santa Fe,13,Rosario,03190,,UNION POR LA PATRIA,agrupacion,856,PROVISORIO,2023_GENERAL_santafe_presidente_mesa.csv
2023,GENERAL,2023-10-22,PRESIDENTE Y VICE,21,Santa Fe,13,Rosario,03195,,COMANDO,comando,3,PROVISORIO,2023_GENERAL_santafe_presidente_mesa.csv
2023,GENERAL,2023-10-22,PRESIDENTE Y VICE,21,Santa Fe,13,Rosario,03195,,EN BLANCO,blancos,30,PROVISORIO,2023_GENERAL_santafe_presidente_mesa.csv
2023,GENERAL,2023-10-22,PRESIDENTE Y VICE,21,Santa Fe,13,Rosario,03195,,FRENTE DE IZQUIERDA Y DE TRABAJADORES - UNIDAD,agrupacion,123,PROVISORIO,2023_GENERAL_santafe_presidente_mesa.csv
2023,GENERAL,2023-10-22,PRESIDENTE Y VICE,21,Santa Fe,13,Rosario,03195,,HACEMOS POR NUESTRO PAIS,agrupacion,264,PROVISORIO,2023_GENERAL_santafe_presidente_mesa.csv
2023,GENERAL,2023-10-22,PRESIDENTE Y VICE,21,Santa Fe,13,Rosario,03195,,IMPUGNADO,impugnados,0,PROVISORIO,2023_GENERAL_santafe_presidente_mesa.csv
2023,GENERAL,2023-10-22,PRESIDENTE Y VICE,21,Santa Fe,13,Rosario,03195,,JUNTOS POR EL CAMBIO,agrupacion,1273,PROVISORIO,2023_GENERAL_santafe_presidente_mesa.csv
2023,GENERAL,2023-10-22,PRESIDENTE Y VICE,21,Santa Fe,13,Rosario,03195,,LA LIBERTAD AVANZA,agrupacion,876,PROVISORIO,2023_GENERAL_santafe_presidente_mesa.csv
2023,GENERAL,2023-10-22,PRESIDENTE Y VICE,21,Santa Fe,13,Rosario,03195,,NULO,nulos,44,PROVISORIO,2023_GENERAL_santafe_presidente_mesa.csv
2023,GENERAL,2023-10-22,PRESIDENTE Y VICE,21,Santa Fe,13,Rosario,03195,,RECURRIDO,recurridos,1,PROVISORIO,2023_GENERAL_santafe_presidente_mesa.csv
2023,GENERAL,2023-10-22,PRESIDENTE Y VICE,21,Santa Fe,13,Rosario,03195,,UNION POR LA PATRIA,agrupacion,1213,PROVISORIO,2023_GENERAL_santafe_presidente_mesa.csv
2023,GENERAL,2023-10-22,PRESIDENTE Y VICE,21,Santa Fe,13,Rosario,03200,,COMANDO,comando,2,PROVISORIO,2023_GENERAL_santafe_presidente_mesa.csv
2023,GENERAL,2023-10-22,PRESIDENTE Y VICE,21,Santa Fe,13,Rosario,03200,,EN BLANCO,blancos,30,PROVISORIO,2023_GENERAL_santafe_presidente_mesa.csv
2023,GENERAL,2023-10-22,PRESIDENTE Y VICE,21,Santa Fe,13,Rosario,03200,,FRENTE DE IZQUIERDA Y DE TRABAJADORES - UNIDAD,agrupacion,90,PROVISORIO,2023_GENERAL_santafe_presidente_mesa.csv
2023,GENERAL,2023-10-22,PRESIDENTE Y VICE,21,Santa Fe,13,Rosario,03200,,HACEMOS POR NUESTRO PAIS,agrupacion,258,PROVISORIO,2023_GENERAL_santafe_presidente_mesa.csv
2023,GENERAL,2023-10-22,PRESIDENTE Y VICE,21,Santa Fe,13,Rosario,03200,,IMPUGNADO,impugnados,0,PROVISORIO,2023_GENERAL_santafe_presidente_mesa.csv
2023,GENERAL,2023-10-22,PRESIDENTE Y VICE,21,Santa Fe,13,Rosario,03200,,JUNTOS POR EL CAMBIO,agrupacion,1740,PROVISORIO,2023_GENERAL_santafe_presidente_mesa.csv
2023,GENERAL,2023-10-22,PRESIDENTE Y VICE,21,Santa Fe,13,Rosario,03200,,LA LIBERTAD AVANZA,agrupacion,1093,PROVISORIO,2023_GENERAL_santafe_presidente_mesa.csv
2023,GENERAL,2023-10-22,PRESIDENTE Y VICE,21,Santa Fe,13,Rosario,03200,,NULO,nulos,43,PROVISORIO,2023_GENERAL_santafe_presidente_mesa.csv
2023,GENERAL,2023-10-22,PRESIDENTE Y VICE,21,Santa Fe,13,Rosario,03200,,RECURRIDO,recurridos,1,PROVISORIO,2023_GENERAL_santafe_presidente_mesa.csv
2023,GENERAL,2023-10-22,PRESIDENTE Y VICE,21,Santa Fe,13,Rosario,03200,,UNION POR LA PATRIA,agrupacion,1186,PROVISORIO,2023_GENERAL_santafe_presidente_mesa.csv
2023,GENERAL,2023-10-22,PRESIDENTE Y VICE,21,Santa Fe,13,Rosario,03205,,COMANDO,comando,2,PROVISORIO,2023_GENERAL_santafe_presidente_mesa.csv
2023,GENERAL,2023-10-22,PRESIDENTE Y VICE,21,Santa Fe,13,Rosario,03205,,EN BLANCO,blancos,52,PROVISORIO,2023_GENERAL_santafe_presidente_mesa.csv
2023,GENERAL,2023-10-22,PRESIDENTE Y VICE,21,Santa Fe,13,Rosario,03205,,FRENTE DE IZQUIERDA Y DE TRABAJADORES - UNIDAD,agrupacion,181,PROVISORIO,2023_GENERAL_santafe_presidente_mesa.csv
2023,GENERAL,2023-10-22,PRESIDENTE Y VICE,21,Santa Fe,13,Rosario,03205,,HACEMOS POR NUESTRO PAIS,agrupacion,512,PROVISORIO,2023_GENERAL_santafe_presidente_mesa.csv
2023,GENERAL,2023-10-22,PRESIDENTE Y VICE,21,Santa Fe,13,Rosario,03205,,IMPUGNADO,impugnados,0,PROVISORIO,2023_GENERAL_santafe_presidente_mesa.csv
2023,GENERAL,2023-10-22,PRESIDENTE Y VICE,21,Santa Fe,13,Rosario,03205,,JUNTOS POR EL CAMBIO,agrupacion,1883,PROVISORIO,2023_GENERAL_santafe_presidente_mesa.csv
2023,GENERAL,2023-10-22,PRESIDENTE Y VICE,21,Santa Fe,13,Rosario,03205,,LA LIBERTAD AVANZA,agrupacion,1653,PROVISORIO,2023_GENERAL_santafe_presidente_mesa.csv
2023,GENERAL,2023-10-22,PRESIDENTE Y VICE,21,Santa Fe,13,Rosario,03205,,NULO,nulos,80,PROVISORIO,2023_GENERAL_santafe_presidente_mesa.csv
2023,GENERAL,2023-10-22,PRESIDENTE Y VICE,21,Santa Fe,13,Rosario,03205,,RECURRIDO,recurridos,0,PROVISORIO,2023_GENERAL_santafe_presidente_mesa.csv
2023,GENERAL,2023-10-22,PRESIDENTE Y VICE,21,Santa Fe,13,Rosario,03205,,UNION POR LA PATRIA,agrupacion,1954,PROVISORIO,2023_GENERAL_santafe_presidente_mesa.csv
2023,GENERAL,2023-10-22,PRESIDENTE Y VICE,21,Santa Fe,13,Rosario,03210,,COMANDO,comando,15,PROVISORIO,2023_GENERAL_santafe_presidente_mesa.csv
2023,GENERAL,2023-10-22,PRESIDENTE Y VICE,21,Santa Fe,13,Rosario,03210,,EN BLANCO,blancos,205,PROVISORIO,2023_GENERAL_santafe_presidente_mesa.csv
2023,GENERAL,2023-10-22,PRESIDENTE Y VICE,21,Santa Fe,13,Rosario,03210,,FRENTE DE IZQUIERDA Y DE TRABAJADORES - UNIDAD,agrupacion,682,PROVISORIO,2023_GENERAL_santafe_presidente_mesa.csv
2023,GENERAL,2023-10-22,PRESIDENTE Y VICE,21,Santa Fe,13,Rosario,03210,,HACEMOS POR NUESTRO PAIS,agrupacion,1805,PROVISORIO,2023_GENERAL_santafe_presidente_mesa.csv
2023,GENERAL,2023-10-22,PRESIDENTE Y VICE,21,Santa Fe,13,Rosario,03210,,IMPUGNADO,impugnados,1,PROVISORIO,2023_GENERAL_santafe_presidente_mesa.csv
2023,GENERAL,2023-10-22,PRESIDENTE Y VICE,21,Santa Fe,13,Rosario,03210,,JUNTOS POR EL CAMBIO,agrupacion,6671,PROVISORIO,2023_GENERAL_santafe_presidente_mesa.csv
2023,GENERAL,2023-10-22,PRESIDENTE Y VICE,21,Santa Fe,13,Rosario,03210,,LA LIBERTAD AVANZA,agrupacion,7222,PROVISORIO,2023_GENERAL_santafe_presidente_mesa.csv
2023,GENERAL,2023-10-22,PRESIDENTE Y VICE,21,Santa Fe,13,Rosario,03210,,NULO,nulos,369,PROVISORIO,2023_GENERAL_santafe_presidente_mesa.csv
2023,GENERAL,2023-10-22,PRESIDENTE Y VICE,21,Santa Fe,13,Rosario,03210,,RECURRIDO,recurridos,6,PROVISORIO,2023_GENERAL_santafe_presidente_mesa.csv
2023,GENERAL,2023-10-22,PRESIDENTE Y VICE,21,Santa Fe,13,Rosario,03210,,UNION POR LA PATRIA,agrupacion,8212,PROVISORIO,2023_GENERAL_santafe_presidente_mesa.csv
2023,GENERAL,2023-10-22,PRESIDENTE Y VICE,21,Santa Fe,13,Rosario,03220,,COMANDO,comando,5,PROVISORIO,2023_GENERAL_santafe_presidente_mesa.csv
2023,GENERAL,2023-10-22,PRESIDENTE Y VICE,21,Santa Fe,13,Rosario,03220,,EN BLANCO,blancos,109,PROVISORIO,2023_GENERAL_santafe_presidente_mesa.csv
2023,GENERAL,2023-10-22,PRESIDENTE Y VICE,21,Santa Fe,13,Rosario,03220,,FRENTE DE IZQUIERDA Y DE TRABAJADORES - UNIDAD,agrupacion,346,PROVISORIO,2023_GENERAL_santafe_presidente_mesa.csv
2023,GENERAL,2023-10-22,PRESIDENTE Y VICE,21,Santa Fe,13,Rosario,03220,,HACEMOS POR NUESTRO PAIS,agrupacion,1013,PROVISORIO,2023_GENERAL_santafe_presidente_mesa.csv
2023,GENERAL,2023-10-22,PRESIDENTE Y VICE,21,Santa Fe,13,Rosario,03220,,IMPUGNADO,impugnados,1,PROVISORIO,2023_GENERAL_santafe_presidente_mesa.csv
2023,GENERAL,2023-10-22,PRESIDENTE Y VICE,21,Santa Fe,13,Rosario,03220,,JUNTOS POR EL CAMBIO,agrupacion,4304,PROVISORIO,2023_GENERAL_santafe_presidente_mesa.csv
2023,GENERAL,2023-10-22,PRESIDENTE Y VICE,21,Santa Fe,13,Rosario,03220,,LA LIBERTAD AVANZA,agrupacion,4192,PROVISORIO,2023_GENERAL_santafe_presidente_mesa.csv
2023,GENERAL,2023-10-22,PRESIDENTE Y VICE,21,Santa Fe,13,Rosario,03220,,NULO,nulos,193,PROVISORIO,2023_GENERAL_santafe_presidente_mesa.csv
2023,GENERAL,2023-10-22,PRESIDENTE Y VICE,21,Santa Fe,13,Rosario,03220,,RECURRIDO,recurridos,5,PROVISORIO,2023_GENERAL_santafe_presidente_mesa.csv
2023,GENERAL,2023-10-22,PRESIDENTE Y VICE,21,Santa Fe,13,Rosario,03220,,UNION POR LA PATRIA,agrupacion,4337,PROVISORIO,2023_GENERAL_santafe_presidente_mesa.csv
2023,GENERAL,2023-10-22,PRESIDENTE Y VICE,21,Santa Fe,13,Rosario,03230,,COMANDO,comando,5,PROVISORIO,2023_GENERAL_santafe_presidente_mesa.csv
2023,GENERAL,2023-10-22,PRESIDENTE Y VICE,21,Santa Fe,13,Rosario,03230,,EN BLANCO,blancos,141,PROVISORIO,2023_GENERAL_santafe_presidente_mesa.csv
2023,GENERAL,2023-10-22,PRESIDENTE Y VICE,21,Santa Fe,13,Rosario,03230,,FRENTE DE IZQUIERDA Y DE TRABAJADORES - UNIDAD,agrupacion,306,PROVISORIO,2023_GENERAL_santafe_presidente_mesa.csv
2023,GENERAL,2023-10-22,PRESIDENTE Y VICE,21,Santa Fe,13,Rosario,03230,,HACEMOS POR NUESTRO PAIS,agrupacion,810,PROVISORIO,2023_GENERAL_santafe_presidente_mesa.csv
2023,GENERAL,2023-10-22,PRESIDENTE Y VICE,21,Santa Fe,13,Rosario,03230,,IMPUGNADO,impugnados,0,PROVISORIO,2023_GENERAL_santafe_presidente_mesa.csv
2023,GENERAL,2023-10-22,PRESIDENTE Y VICE,21,Santa Fe,13,Rosario,03230,,JUNTOS POR EL CAMBIO,agrupacion,1904,PROVISORIO,2023_GENERAL_santafe_presidente_mesa.csv
2023,GENERAL,2023-10-22,PRESIDENTE Y VICE,21,Santa Fe,13,Rosario,03230,,LA LIBERTAD AVANZA,agrupacion,3867,PROVISORIO,2023_GENERAL_santafe_presidente_mesa.csv
2023,GENERAL,2023-10-22,PRESIDENTE Y VICE,21,Santa Fe,13,Rosario,03230,,NULO,nulos,178,PROVISORIO,2023_GENERAL_santafe_presidente_mesa.csv
2023,GENERAL,2023-10-22,PRESIDENTE Y VICE,21,Santa Fe,13,Rosario,03230,,RECURRIDO,recurridos,2,PROVISORIO,2023_GENERAL_santafe_presidente_mesa.csv
2023,GENERAL,2023-10-22,PRESIDENTE Y VICE,21,Santa Fe,13,Rosario,03230,,UNION POR LA PATRIA,agrupacion,4404,PROVISORIO,2023_GENERAL_santafe_presidente_mesa.csv
2023,GENERAL,2023-10-22,PRESIDENTE Y VICE,21,Santa Fe,13,Rosario,03240,,COMANDO,comando,7,PROVISORIO,2023_GENERAL_santafe_presidente_mesa.csv
2023,GENERAL,2023-10-22,PRESIDENTE Y VICE,21,Santa Fe,13,Rosario,03240,,EN BLANCO,blancos,131,PROVISORIO,2023_GENERAL_santafe_presidente_mesa.csv
2023,GENERAL,2023-10-22,PRESIDENTE Y VICE,21,Santa Fe,13,Rosario,03240,,FRENTE DE IZQUIERDA Y DE TRABAJADORES - UNIDAD,agrupacion,264,PROVISORIO,2023_GENERAL_santafe_presidente_mesa.csv
2023,GENERAL,2023-10-22,PRESIDENTE Y VICE,21,Santa Fe,13,Rosario,03240,,HACEMOS POR NUESTRO PAIS,agrupacion,660,PROVISORIO,2023_GENERAL_santafe_presidente_mesa.csv
2023,GENERAL,2023-10-22,PRESIDENTE Y VICE,21,Santa Fe,13,Rosario,03240,,IMPUGNADO,impugnados,0,PROVISORIO,2023_GENERAL_santafe_presidente_mesa.csv
2023,GENERAL,2023-10-22,PRESIDENTE Y VICE,21,Santa Fe,13,Rosario,03240,,JUNTOS POR EL CAMBIO,agrupacion,3834,PROVISORIO,2023_GENERAL_santafe_presidente_mesa.csv
2023,GENERAL,2023-10-22,PRESIDENTE Y VICE,21,Santa Fe,13,Rosario,03240,,LA LIBERTAD AVANZA,agrupacion,2818,PROVISORIO,2023_GENERAL_santafe_presidente_mesa.csv
2023,GENERAL,2023-10-22,PRESIDENTE Y VICE,21,Santa Fe,13,Rosario,03240,,NULO,nulos,135,PROVISORIO,2023_GENERAL_santafe_presidente_mesa.csv
2023,GENERAL,2023-10-22,PRESIDENTE Y VICE,21,Santa Fe,13,Rosario,03240,,RECURRIDO,recurridos,2,PROVISORIO,2023_GENERAL_santafe_presidente_mesa.csv
2023,GENERAL,2023-10-22,PRESIDENTE Y VICE,21,Santa Fe,13,Rosario,03240,,UNION POR LA PATRIA,agrupacion,4112,PROVISORIO,2023_GENERAL_santafe_presidente_mesa.csv
2023,GENERAL,2023-10-22,PRESIDENTE Y VICE,21,Santa Fe,13,Rosario,03250,,COMANDO,comando,7,PROVISORIO,2023_GENERAL_santafe_presidente_mesa.csv
2023,GENERAL,2023-10-22,PRESIDENTE Y VICE,21,Santa Fe,13,Rosario,03250,,EN BLANCO,blancos,175,PROVISORIO,2023_GENERAL_santafe_presidente_mesa.csv
2023,GENERAL,2023-10-22,PRESIDENTE Y VICE,21,Santa Fe,13,Rosario,03250,,FRENTE DE IZQUIERDA Y DE TRABAJADORES - UNIDAD,agrupacion,390,PROVISORIO,2023_GENERAL_santafe_presidente_mesa.csv
2023,GENERAL,2023-10-22,PRESIDENTE Y VICE,21,Santa Fe,13,Rosario,03250,,HACEMOS POR NUESTRO PAIS,agrupacion,1220,PROVISORIO,2023_GENERAL_santafe_presidente_mesa.csv
2023,GENERAL,2023-10-22,PRESIDENTE Y VICE,21,Santa Fe,13,Rosario,03250,,IMPUGNADO,impugnados,0,PROVISORIO,2023_GENERAL_santafe_presidente_mesa.csv
2023,GENERAL,2023-10-22,PRESIDENTE Y VICE,21,Santa Fe,13,Rosario,03250,,JUNTOS POR EL CAMBIO,agrupacion,2450,PROVISORIO,2023_GENERAL_santafe_presidente_mesa.csv
2023,GENERAL,2023-10-22,PRESIDENTE Y VICE,21,Santa Fe,13,Rosario,03250,,LA LIBERTAD AVANZA,agrupacion,4997,PROVISORIO,2023_GENERAL_santafe_presidente_mesa.csv
2023,GENERAL,2023-10-22,PRESIDENTE Y VICE,21,Santa Fe,13,Rosario,03250,,NULO,nulos,266,PROVISORIO,2023_GENERAL_santafe_presidente_mesa.csv
2023,GENERAL,2023-10-22,PRESIDENTE Y VICE,21,Santa Fe,13,Rosario,03250,,RECURRIDO,recurridos,0,PROVISORIO,2023_GENERAL_santafe_presidente_mesa.csv
2023,GENERAL,2023-10-22,PRESIDENTE Y VICE,21,Santa Fe,13,Rosario,03250,,UNION POR LA PATRIA,agrupacion,7338,PROVISORIO,2023_GENERAL_santafe_presidente_mesa.csv
2023,GENERAL,2023-10-22,PRESIDENTE Y VICE,21,Santa Fe,13,Rosario,03260,,COMANDO,comando,46,PROVISORIO,2023_GENERAL_santafe_presidente_mesa.csv
2023,GENERAL,2023-10-22,PRESIDENTE Y VICE,21,Santa Fe,13,Rosario,03260,,EN BLANCO,blancos,434,PROVISORIO,2023_GENERAL_santafe_presidente_mesa.csv
2023,GENERAL,2023-10-22,PRESIDENTE Y VICE,21,Santa Fe,13,Rosario,03260,,FRENTE DE IZQUIERDA Y DE TRABAJADORES - UNIDAD,agrupacion,1318,PROVISORIO,2023_GENERAL_santafe_presidente_mesa.csv
2023,GENERAL,2023-10-22,PRESIDENTE Y VICE,21,Santa Fe,13,Rosario,03260,,HACEMOS POR NUESTRO PAIS,agrupacion,3812,PROVISORIO,2023_GENERAL_santafe_presidente_mesa.csv
2023,GENERAL,2023-10-22,PRESIDENTE Y VICE,21,Santa Fe,13,Rosario,03260,,IMPUGNADO,impugnados,0,PROVISORIO,2023_GENERAL_santafe_presidente_mesa.csv
2023,GENERAL,2023-10-22,PRESIDENTE Y VICE,21,Santa Fe,13,Rosario,03260,,JUNTOS POR EL CAMBIO,agrupacion,12377,PROVISORIO,2023_GENERAL_santafe_presidente_mesa.csv
2023,GENERAL,2023-10-22,PRESIDENTE Y VICE,21,Santa Fe,13,Rosario,03260,,LA LIBERTAD AVANZA,agrupacion,15485,PROVISORIO,2023_GENERAL_santafe_presidente_mesa.csv
2023,GENERAL,2023-10-22,PRESIDENTE Y VICE,21,Santa Fe,13,Rosario,03260,,NULO,nulos,852,PROVISORIO,2023_GENERAL_santafe_presidente_mesa.csv
2023,GENERAL,2023-10-22,PRESIDENTE Y VICE,21,Santa Fe,13,Rosario,03260,,RECURRIDO,recurridos,3,PROVISORIO,2023_GENERAL_santafe_presidente_mesa.csv
2023,GENERAL,2023-10-22,PRESIDENTE Y VICE,21,Santa Fe,13,Rosario,03260,,UNION POR LA PATRIA,agrupacion,16290,PROVISORIO,2023_GENERAL_santafe_presidente_mesa.csv
2023,GENERAL,2023-10-22,PRESIDENTE Y VICE,21,Santa Fe,13,Rosario,03270,,COMANDO,comando,12,PROVISORIO,2023_GENERAL_santafe_presidente_mesa.csv
2023,GENERAL,2023-10-22,PRESIDENTE Y VICE,21,Santa Fe,13,Rosario,03270,,EN BLANCO,blancos,139,PROVISORIO,2023_GENERAL_santafe_presidente_mesa.csv
2023,GENERAL,2023-10-22,PRESIDENTE Y VICE,21,Santa Fe,13,Rosario,03270,,FRENTE DE IZQUIERDA Y DE TRABAJADORES - UNIDAD,agrupacion,526,PROVISORIO,2023_GENERAL_santafe_presidente_mesa.csv
2023,GENERAL,2023-10-22,PRESIDENTE Y VICE,21,Santa Fe,13,Rosario,03270,,HACEMOS POR NUESTRO PAIS,agrupacion,1169,PROVISORIO,2023_GENERAL_santafe_presidente_mesa.csv
2023,GENERAL,2023-10-22,PRESIDENTE Y VICE,21,Santa Fe,13,Rosario,03270,,IMPUGNADO,impugnados,0,PROVISORIO,2023_GENERAL_santafe_presidente_mesa.csv
2023,GENERAL,2023-10-22,PRESIDENTE Y VICE,21,Santa Fe,13,Rosario,03270,,JUNTOS POR EL CAMBIO,agrupacion,2563,PROVISORIO,2023_GENERAL_santafe_presidente_mesa.csv
2023,GENERAL,2023-10-22,PRESIDENTE Y VICE,21,Santa Fe,13,Rosario,03270,,LA LIBERTAD AVANZA,agrupacion,5411,PROVISORIO,2023_GENERAL_santafe_presidente_mesa.csv
2023,GENERAL,2023-10-22,PRESIDENTE Y VICE,21,Santa Fe,13,Rosario,03270,,NULO,nulos,352,PROVISORIO,2023_GENERAL_santafe_presidente_mesa.csv
2023,GENERAL,2023-10-22,PRESIDENTE Y VICE,21,Santa Fe,13,Rosario,03270,,RECURRIDO,recurridos,1,PROVISORIO,2023_GENERAL_santafe_presidente_mesa.csv
2023,GENERAL,2023-10-22,PRESIDENTE Y VICE,21,Santa Fe,13,Rosario,03270,,UNION POR LA PATRIA,agrupacion,6056,PROVISORIO,2023_GENERAL_santafe_presidente_mesa.csv
2023,GENERAL,2023-10-22,PRESIDENTE Y VICE,21,Santa Fe,13,Rosario,03280,,COMANDO,comando,12,PROVISORIO,2023_GENERAL_santafe_presidente_mesa.csv
2023,GENERAL,2023-10-22,PRESIDENTE Y VICE,21,Santa Fe,13,Rosario,03280,,EN BLANCO,blancos,362,PROVISORIO,2023_GENERAL_santafe_presidente_mesa.csv
2023,GENERAL,2023-10-22,PRESIDENTE Y VICE,21,Santa Fe,13,Rosario,03280,,FRENTE DE IZQUIERDA Y DE TRABAJADORES - UNIDAD,agrupacion,998,PROVISORIO,2023_GENERAL_santafe_presidente_mesa.csv
2023,GENERAL,2023-10-22,PRESIDENTE Y VICE,21,Santa Fe,13,Rosario,03280,,HACEMOS POR NUESTRO PAIS,agrupacion,2759,PROVISORIO,2023_GENERAL_santafe_presidente_mesa.csv
2023,GENERAL,2023-10-22,PRESIDENTE Y VICE,21,Santa Fe,13,Rosario,03280,,IMPUGNADO,impugnados,2,PROVISORIO,2023_GENERAL_santafe_presidente_mesa.csv
2023,GENERAL,2023-10-22,PRESIDENTE Y VICE,21,Santa Fe,13,Rosario,03280,,JUNTOS POR EL CAMBIO,agrupacion,8939,PROVISORIO,2023_GENERAL_santafe_presidente_mesa.csv
2023,GENERAL,2023-10-22,PRESIDENTE Y VICE,21,Santa Fe,13,Rosario,03280,,LA LIBERTAD AVANZA,agrupacion,10659,PROVISORIO,2023_GENERAL_santafe_presidente_mesa.csv
2023,GENERAL,2023-10-22,PRESIDENTE Y VICE,21,Santa Fe,13,Rosario,03280,,NULO,nulos,567,PROVISORIO,2023_GENERAL_santafe_presidente_mesa.csv
2023,GENERAL,2023-10-22,PRESIDENTE Y VICE,21,Santa Fe,13,Rosario,03280,,RECURRIDO,recurridos,4,PROVISORIO,2023_GENERAL_santafe_presidente_mesa.csv
2023,GENERAL,2023-10-22,PRESIDENTE Y VICE,21,Santa Fe,13,Rosario,03280,,UNION POR LA PATRIA,agrupacion,14184,PROVISORIO,2023_GENERAL_santafe_presidente_mesa.csv
2023,GENERAL,2023-10-22,PRESIDENTE Y VICE,21,Santa Fe,13,Rosario,03290,,COMANDO,comando,9,PROVISORIO,2023_GENERAL_santafe_presidente_mesa.csv
2023,GENERAL,2023-10-22,PRESIDENTE Y VICE,21,Santa Fe,13,Rosario,03290,,EN BLANCO,blancos,216,PROVISORIO,2023_GENERAL_santafe_presidente_mesa.csv
2023,GENERAL,2023-10-22,PRESIDENTE Y VICE,21,Santa Fe,13,Rosario,03290,,FRENTE DE IZQUIERDA Y DE TRABAJADORES - UNIDAD,agrupacion,554,PROVISORIO,2023_GENERAL_santafe_presidente_mesa.csv
2023,GENERAL,2023-10-22,PRESIDENTE Y VICE,21,Santa Fe,13,Rosario,03290,,HACEMOS POR NUESTRO PAIS,agrupacion,1320,PROVISORIO,2023_GENERAL_santafe_presidente_mesa.csv
2023,GENERAL,2023-10-22,PRESIDENTE Y VICE,21,Santa Fe,13,Rosario,03290,,IMPUGNADO,impugnados,0,PROVISORIO,2023_GENERAL_santafe_presidente_mesa.csv
2023,GENERAL,2023-10-22,PRESIDENTE Y VICE,21,Santa Fe,13,Rosario,03290,,JUNTOS POR EL CAMBIO,agrupacion,4820,PROVISORIO,2023_GENERAL_santafe_presidente_mesa.csv
2023,GENERAL,2023-10-22,PRESIDENTE Y VICE,21,Santa Fe,13,Rosario,03290,,LA LIBERTAD AVANZA,agrupacion,5783,PROVISORIO,2023_GENERAL_santafe_presidente_mesa.csv
2023,GENERAL,2023-10-22,PRESIDENTE Y VICE,21,Santa Fe,13,Rosario,03290,,NULO,nulos,378,PROVISORIO,2023_GENERAL_santafe_presidente_mesa.csv
2023,GENERAL,2023-10-22,PRESIDENTE Y VICE,21,Santa Fe,13,Rosario,03290,,RECURRIDO,recurridos,0,PROVISORIO,2023_GENERAL_santafe_presidente_mesa.csv
2023,GENERAL,2023-10-22,PRESIDENTE Y VICE,21,Santa Fe,13,Rosario,03290,,UNION POR LA PATRIA,agrupacion,7664,PROVISORIO,2023_GENERAL_santafe_presidente_mesa.csv
2023,GENERAL,2023-10-22,PRESIDENTE Y VICE,21,Santa Fe,13,Rosario,03300,,COMANDO,comando,25,PROVISORIO,2023_GENERAL_santafe_presidente_mesa.csv
2023,GENERAL,2023-10-22,PRESIDENTE Y VICE,21,Santa Fe,13,Rosario,03300,,EN BLANCO,blancos,344,PROVISORIO,2023_GENERAL_santafe_presidente_mesa.csv
2023,GENERAL,2023-10-22,PRESIDENTE Y VICE,21,Santa Fe,13,Rosario,03300,,FRENTE DE IZQUIERDA Y DE TRABAJADORES - UNIDAD,agrupacion,1014,PROVISORIO,2023_GENERAL_santafe_presidente_mesa.csv
2023,GENERAL,2023-10-22,PRESIDENTE Y VICE,21,Santa Fe,13,Rosario,03300,,HACEMOS POR NUESTRO PAIS,agrupacion,2449,PROVISORIO,2023_GENERAL_santafe_presidente_mesa.csv
2023,GENERAL,2023-10-22,PRESIDENTE Y VICE,21,Santa Fe,13,Rosario,03300,,IMPUGNADO,impugnados,0,PROVISORIO,2023_GENERAL_santafe_presidente_mesa.csv
2023,GENERAL,2023-10-22,PRESIDENTE Y VICE,21,Santa Fe,13,Rosario,03300,,JUNTOS POR EL CAMBIO,agrupacion,6575,PROVISORIO,2023_GENERAL_santafe_presidente_mesa.csv
2023,GENERAL,2023-10-22,PRESIDENTE Y VICE,21,Santa Fe,13,Rosario,03300,,LA LIBERTAD AVANZA,agrupacion,10971,PROVISORIO,2023_GENERAL_santafe_presidente_mesa.csv
2023,GENERAL,2023-10-22,PRESIDENTE Y VICE,21,Santa Fe,13,Rosario,03300,,NULO,nulos,603,PROVISORIO,2023_GENERAL_santafe_presidente_mesa.csv
2023,GENERAL,2023-10-22,PRESIDENTE Y VICE,21,Santa Fe,13,Rosario,03300,,RECURRIDO,recurridos,1,PROVISORIO,2023_GENERAL_santafe_presidente_mesa.csv
2023,GENERAL,2023-10-22,PRESIDENTE Y VICE,21,Santa Fe,13,Rosario,03300,,UNION POR LA PATRIA,agrupacion,13717,PROVISORIO,2023_GENERAL_santafe_presidente_mesa.csv
2023,GENERAL,2023-10-22,PRESIDENTE Y VICE,21,Santa Fe,13,Rosario,03310,,COMANDO,comando,8,PROVISORIO,2023_GENERAL_santafe_presidente_mesa.csv
2023,GENERAL,2023-10-22,PRESIDENTE Y VICE,21,Santa Fe,13,Rosario,03310,,EN BLANCO,blancos,164,PROVISORIO,2023_GENERAL_santafe_presidente_mesa.csv
2023,GENERAL,2023-10-22,PRESIDENTE Y VICE,21,Santa Fe,13,Rosario,03310,,FRENTE DE IZQUIERDA Y DE TRABAJADORES - UNIDAD,agrupacion,485,PROVISORIO,2023_GENERAL_santafe_presidente_mesa.csv
2023,GENERAL,2023-10-22,PRESIDENTE Y VICE,21,Santa Fe,13,Rosario,03310,,HACEMOS POR NUESTRO PAIS,agrupacion,1043,PROVISORIO,2023_GENERAL_santafe_presidente_mesa.csv
2023,GENERAL,2023-10-22,PRESIDENTE Y VICE,21,Santa Fe,13,Rosario,03310,,IMPUGNADO,impugnados,2,PROVISORIO,2023_GENERAL_santafe_presidente_mesa.csv
2023,GENERAL,2023-10-22,PRESIDENTE Y VICE,21,Santa Fe,13,Rosario,03310,,JUNTOS POR EL CAMBIO,agrupacion,2337,PROVISORIO,2023_GENERAL_santafe_presidente_mesa.csv
2023,GENERAL,2023-10-22,PRESIDENTE Y VICE,21,Santa Fe,13,Rosario,03310,,LA LIBERTAD AVANZA,agrupacion,5355,PROVISORIO,2023_GENERAL_santafe_presidente_mesa.csv
2023,GENERAL,2023-10-22,PRESIDENTE Y VICE,21,Santa Fe,13,Rosario,03310,,NULO,nulos,388,PROVISORIO,2023_GENERAL_santafe_presidente_mesa.csv
2023,GENERAL,2023-10-22,PRESIDENTE Y VICE,21,Santa Fe,13,Rosario,03310,,RECURRIDO,recurridos,0,PROVISORIO,2023_GENERAL_santafe_presidente_mesa.csv
2023,GENERAL,2023-10-22,PRESIDENTE Y VICE,21,Santa Fe,13,Rosario,03310,,UNION POR LA PATRIA,agrupacion,9960,PROVISORIO,2023_GENERAL_santafe_presidente_mesa.csv
2023,GENERAL,2023-10-22,PRESIDENTE Y VICE,21,Santa Fe,13,Rosario,03320,,COMANDO,comando,6,PROVISORIO,2023_GENERAL_santafe_presidente_mesa.csv
2023,GENERAL,2023-10-22,PRESIDENTE Y VICE,21,Santa Fe,13,Rosario,03320,,EN BLANCO,blancos,33,PROVISORIO,2023_GENERAL_santafe_presidente_mesa.csv
2023,GENERAL,2023-10-22,PRESIDENTE Y VICE,21,Santa Fe,13,Rosario,03320,,FRENTE DE IZQUIERDA Y DE TRABAJADORES - UNIDAD,agrupacion,120,PROVISORIO,2023_GENERAL_santafe_presidente_mesa.csv
2023,GENERAL,2023-10-22,PRESIDENTE Y VICE,21,Santa Fe,13,Rosario,03320,,HACEMOS POR NUESTRO PAIS,agrupacion,339,PROVISORIO,2023_GENERAL_santafe_presidente_mesa.csv
2023,GENERAL,2023-10-22,PRESIDENTE Y VICE,21,Santa Fe,13,Rosario,03320,,IMPUGNADO,impugnados,0,PROVISORIO,2023_GENERAL_santafe_presidente_mesa.csv
2023,GENERAL,2023-10-22,PRESIDENTE Y VICE,21,Santa Fe,13,Rosario,03320,,JUNTOS POR EL CAMBIO,agrupacion,974,PROVISORIO,2023_GENERAL_santafe_presidente_mesa.csv
2023,GENERAL,2023-10-22,PRESIDENTE Y VICE,21,Santa Fe,13,Rosario,03320,,LA LIBERTAD AVANZA,agrupacion,1423,PROVISORIO,2023_GENERAL_santafe_presidente_mesa.csv
2023,GENERAL,2023-10-22,PRESIDENTE Y VICE,21,Santa Fe,13,Rosario,03320,,NULO,nulos,106,PROVISORIO,2023_GENERAL_santafe_presidente_mesa.csv
2023,GENERAL,2023-10-22,PRESIDENTE Y VICE,21,Santa Fe,13,Rosario,03320,,RECURRIDO,recurridos,0,PROVISORIO,2023_GENERAL_santafe_presidente_mesa.csv
2023,GENERAL,2023-10-22,PRESIDENTE Y VICE,21,Santa Fe,13,Rosario,03320,,UNION POR LA PATRIA,agrupacion,1748,PROVISORIO,2023_GENERAL_santafe_presidente_mesa.csv
2023,GENERAL,2023-10-22,PRESIDENTE Y VICE,21,Santa Fe,13,Rosario,03330,,COMANDO,comando,2,PROVISORIO,2023_GENERAL_santafe_presidente_mesa.csv
2023,GENERAL,2023-10-22,PRESIDENTE Y VICE,21,Santa Fe,13,Rosario,03330,,EN BLANCO,blancos,1,PROVISORIO,2023_GENERAL_santafe_presidente_mesa.csv
2023,GENERAL,2023-10-22,PRESIDENTE Y VICE,21,Santa Fe,13,Rosario,03330,,FRENTE DE IZQUIERDA Y DE TRABAJADORES - UNIDAD,agrupacion,5,PROVISORIO,2023_GENERAL_santafe_presidente_mesa.csv
2023,GENERAL,2023-10-22,PRESIDENTE Y VICE,21,Santa Fe,13,Rosario,03330,,HACEMOS POR NUESTRO PAIS,agrupacion,12,PROVISORIO,2023_GENERAL_santafe_presidente_mesa.csv
2023,GENERAL,2023-10-22,PRESIDENTE Y VICE,21,Santa Fe,13,Rosario,03330,,IMPUGNADO,impugnados,0,PROVISORIO,2023_GENERAL_santafe_presidente_mesa.csv
2023,GENERAL,2023-10-22,PRESIDENTE Y VICE,21,Santa Fe,13,Rosario,03330,,JUNTOS POR EL CAMBIO,agrupacion,37,PROVISORIO,2023_GENERAL_santafe_presidente_mesa.csv
2023,GENERAL,2023-10-22,PRESIDENTE Y VICE,21,Santa Fe,13,Rosario,03330,,LA LIBERTAD AVANZA,agrupacion,78,PROVISORIO,2023_GENERAL_santafe_presidente_mesa.csv
2023,GENERAL,2023-10-22,PRESIDENTE Y VICE,21,Santa Fe,13,Rosario,03330,,NULO,nulos,5,PROVISORIO,2023_GENERAL_santafe_presidente_mesa.csv
2023,GENERAL,2023-10-22,PRESIDENTE Y VICE,21,Santa Fe,13,Rosario,03330,,RECURRIDO,recurridos,0,PROVISORIO,2023_GENERAL_santafe_presidente_mesa.csv
2023,GENERAL,2023-10-22,PRESIDENTE Y VICE,21,Santa Fe,13,Rosario,03330,,UNION POR LA PATRIA,agrupacion,77,PROVISORIO,2023_GENERAL_santafe_presidente_mesa.csv
2023,GENERAL,2023-10-22,PRESIDENTE Y VICE,21,Santa Fe,13,Rosario,03340,,COMANDO,comando,8,PROVISORIO,2023_GENERAL_santafe_presidente_mesa.csv
2023,GENERAL,2023-10-22,PRESIDENTE Y VICE,21,Santa Fe,13,Rosario,03340,,EN BLANCO,blancos,245,PROVISORIO,2023_GENERAL_santafe_presidente_mesa.csv
2023,GENERAL,2023-10-22,PRESIDENTE Y VICE,21,Santa Fe,13,Rosario,03340,,FRENTE DE IZQUIERDA Y DE TRABAJADORES - UNIDAD,agrupacion,523,PROVISORIO,2023_GENERAL_santafe_presidente_mesa.csv
2023,GENERAL,2023-10-22,PRESIDENTE Y VICE,21,Santa Fe,13,Rosario,03340,,HACEMOS POR NUESTRO PAIS,agrupacion,1473,PROVISORIO,2023_GENERAL_santafe_presidente_mesa.csv
2023,GENERAL,2023-10-22,PRESIDENTE Y VICE,21,Santa Fe,13,Rosario,03340,,IMPUGNADO,impugnados,6,PROVISORIO,2023_GENERAL_santafe_presidente_mesa.csv
2023,GENERAL,2023-10-22,PRESIDENTE Y VICE,21,Santa Fe,13,Rosario,03340,,JUNTOS POR EL CAMBIO,agrupacion,4021,PROVISORIO,2023_GENERAL_santafe_presidente_mesa.csv
2023,GENERAL,2023-10-22,PRESIDENTE Y VICE,21,Santa Fe,13,Rosario,03340,,LA LIBERTAD AVANZA,agrupacion,6201,PROVISORIO,2023_GENERAL_santafe_presidente_mesa.csv
2023,GENERAL,2023-10-22,PRESIDENTE Y VICE,21,Santa Fe,13,Rosario,03340,,NULO,nulos,405,PROVISORIO,2023_GENERAL_santafe_presidente_mesa.csv
2023,GENERAL,2023-10-22,PRESIDENTE Y VICE,21,Santa Fe,13,Rosario,03340,,RECURRIDO,recurridos,1,PROVISORIO,2023_GENERAL_santafe_presidente_mesa.csv
2023,GENERAL,2023-10-22,PRESIDENTE Y VICE,21,Santa Fe,13,Rosario,03340,,UNION POR LA PATRIA,agrupacion,8665,PROVISORIO,2023_GENERAL_santafe_presidente_mesa.csv
2023,GENERAL,2023-10-22,PRESIDENTE Y VICE,21,Santa Fe,13,Rosario,03350,,COMANDO,comando,23,PROVISORIO,2023_GENERAL_santafe_presidente_mesa.csv
2023,GENERAL,2023-10-22,PRESIDENTE Y VICE,21,Santa Fe,13,Rosario,03350,,EN BLANCO,blancos,220,PROVISORIO,2023_GENERAL_santafe_presidente_mesa.csv
2023,GENERAL,2023-10-22,PRESIDENTE Y VICE,21,Santa Fe,13,Rosario,03350,,FRENTE DE IZQUIERDA Y DE TRABAJADORES - UNIDAD,agrupacion,779,PROVISORIO,2023_GENERAL_santafe_presidente_mesa.csv
2023,GENERAL,2023-10-22,PRESIDENTE Y VICE,21,Santa Fe,13,Rosario,03350,,HACEMOS POR NUESTRO PAIS,agrupacion,2054,PROVISORIO,2023_GENERAL_santafe_presidente_mesa.csv
2023,GENERAL,2023-10-22,PRESIDENTE Y VICE,21,Santa Fe,13,Rosario,03350,,IMPUGNADO,impugnados,1,PROVISORIO,2023_GENERAL_santafe_presidente_mesa.csv
2023,GENERAL,2023-10-22,PRESIDENTE Y VICE,21,Santa Fe,13,Rosario,03350,,JUNTOS POR EL CAMBIO,agrupacion,8854,PROVISORIO,2023_GENERAL_santafe_presidente_mesa.csv
2023,GENERAL,2023-10-22,PRESIDENTE Y VICE,21,Santa Fe,13,Rosario,03350,,LA LIBERTAD AVANZA,agrupacion,9356,PROVISORIO,2023_GENERAL_santafe_presidente_mesa.csv
2023,GENERAL,2023-10-22,PRESIDENTE Y VICE,21,Santa Fe,13,Rosario,03350,,NULO,nulos,404,PROVISORIO,2023_GENERAL_santafe_presidente_mesa.csv
2023,GENERAL,2023-10-22,PRESIDENTE Y VICE,21,Santa Fe,13,Rosario,03350,,RECURRIDO,recurridos,7,PROVISORIO,2023_GENERAL_santafe_presidente_mesa.csv
2023,GENERAL,2023-10-22,PRESIDENTE Y VICE,21,Santa Fe,13,Rosario,03350,,UNION POR LA PATRIA,agrupacion,8812,PROVISORIO,2023_GENERAL_santafe_presidente_mesa.csv
2023,GENERAL,2023-10-22,PRESIDENTE Y VICE,21,Santa Fe,13,Rosario,03360,,COMANDO,comando,5,PROVISORIO,2023_GENERAL_santafe_presidente_mesa.csv
2023,GENERAL,2023-10-22,PRESIDENTE Y VICE,21,Santa Fe,13,Rosario,03360,,EN BLANCO,blancos,153,PROVISORIO,2023_GENERAL_santafe_presidente_mesa.csv
2023,GENERAL,2023-10-22,PRESIDENTE Y VICE,21,Santa Fe,13,Rosario,03360,,FRENTE DE IZQUIERDA Y DE TRABAJADORES - UNIDAD,agrupacion,383,PROVISORIO,2023_GENERAL_santafe_presidente_mesa.csv
2023,GENERAL,2023-10-22,PRESIDENTE Y VICE,21,Santa Fe,13,Rosario,03360,,HACEMOS POR NUESTRO PAIS,agrupacion,863,PROVISORIO,2023_GENERAL_santafe_presidente_mesa.csv
2023,GENERAL,2023-10-22,PRESIDENTE Y VICE,21,Santa Fe,13,Rosario,03360,,IMPUGNADO,impugnados,0,PROVISORIO,2023_GENERAL_santafe_presidente_mesa.csv
2023,GENERAL,2023-10-22,PRESIDENTE Y VICE,21,Santa Fe,13,Rosario,03360,,JUNTOS POR EL CAMBIO,agrupacion,2586,PROVISORIO,2023_GENERAL_santafe_presidente_mesa.csv
2023,GENERAL,2023-10-22,PRESIDENTE Y VICE,21,Santa Fe,13,Rosario,03360,,LA LIBERTAD AVANZA,agrupacion,3523,PROVISORIO,2023_GENERAL_santafe_presidente_mesa.csv
2023,GENERAL,2023-10-22,PRESIDENTE Y VICE,21,Santa Fe,13,Rosario,03360,,NULO,nulos,199,PROVISORIO,2023_GENERAL_santafe_presidente_mesa.csv
2023,GENERAL,2023-10-22,PRESIDENTE Y VICE,21,Santa Fe,13,Rosario,03360,,RECURRIDO,recurridos,0,PROVISORIO,2023_GENERAL_santafe_presidente_mesa.csv
2023,GENERAL,2023-10-22,PRESIDENTE Y VICE,21,Santa Fe,13,Rosario,03360,,UNION POR LA PATRIA,agrupacion,6228,PROVISORIO,2023_GENERAL_santafe_presidente_mesa.csv
2023,GENERAL,2023-10-22,PRESIDENTE Y VICE,21,Santa Fe,13,Rosario,03370,,COMANDO,comando,6,PROVISORIO,2023_GENERAL_santafe_presidente_mesa.csv
2023,GENERAL,2023-10-22,PRESIDENTE Y VICE,21,Santa Fe,13,Rosario,03370,,EN BLANCO,blancos,82,PROVISORIO,2023_GENERAL_santafe_presidente_mesa.csv
2023,GENERAL,2023-10-22,PRESIDENTE Y VICE,21,Santa Fe,13,Rosario,03370,,FRENTE DE IZQUIERDA Y DE TRABAJADORES - UNIDAD,agrupacion,220,PROVISORIO,2023_GENERAL_santafe_presidente_mesa.csv
2023,GENERAL,2023-10-22,PRESIDENTE Y VICE,21,Santa Fe,13,Rosario,03370,,HACEMOS POR NUESTRO PAIS,agrupacion,513,PROVISORIO,2023_GENERAL_santafe_presidente_mesa.csv
2023,GENERAL,2023-10-22,PRESIDENTE Y VICE,21,Santa Fe,13,Rosario,03370,,IMPUGNADO,impugnados,0,PROVISORIO,2023_GENERAL_santafe_presidente_mesa.csv
2023,GENERAL,2023-10-22,PRESIDENTE Y VICE,21,Santa Fe,13,Rosario,03370,,JUNTOS POR EL CAMBIO,agrupacion,2739,PROVISORIO,2023_GENERAL_santafe_presidente_mesa.csv
2023,GENERAL,2023-10-22,PRESIDENTE Y VICE,21,Santa Fe,13,Rosario,03370,,LA LIBERTAD AVANZA,agrupacion,2135,PROVISORIO,2023_GENERAL_santafe_presidente_mesa.csv
2023,GENERAL,2023-10-22,PRESIDENTE Y VICE,21,Santa Fe,13,Rosario,03370,,NULO,nulos,103,PROVISORIO,2023_GENERAL_santafe_presidente_mesa.csv
2023,GENERAL,2023-10-22,PRESIDENTE Y VICE,21,Santa Fe,13,Rosario,03370,,RECURRIDO,recurridos,0,PROVISORIO,2023_GENERAL_santafe_presidente_mesa.csv
2023,GENERAL,2023-10-22,PRESIDENTE Y VICE,21,Santa Fe,13,Rosario,03370,,UNION POR LA PATRIA,agrupacion,2568,PROVISORIO,2023_GENERAL_santafe_presidente_mesa.csv
2023,GENERAL,2023-10-22,PRESIDENTE Y VICE,21,Santa Fe,13,Rosario,03380,,COMANDO,comando,7,PROVISORIO,2023_GENERAL_santafe_presidente_mesa.csv
2023,GENERAL,2023-10-22,PRESIDENTE Y VICE,21,Santa Fe,13,Rosario,03380,,EN BLANCO,blancos,80,PROVISORIO,2023_GENERAL_santafe_presidente_mesa.csv
2023,GENERAL,2023-10-22,PRESIDENTE Y VICE,21,Santa Fe,13,Rosario,03380,,FRENTE DE IZQUIERDA Y DE TRABAJADORES - UNIDAD,agrupacion,251,PROVISORIO,2023_GENERAL_santafe_presidente_mesa.csv
2023,GENERAL,2023-10-22,PRESIDENTE Y VICE,21,Santa Fe,13,Rosario,03380,,HACEMOS POR NUESTRO PAIS,agrupacion,679,PROVISORIO,2023_GENERAL_santafe_presidente_mesa.csv
2023,GENERAL,2023-10-22,PRESIDENTE Y VICE,21,Santa Fe,13,Rosario,03380,,IMPUGNADO,impugnados,0,PROVISORIO,2023_GENERAL_santafe_presidente_mesa.csv
2023,GENERAL,2023-10-22,PRESIDENTE Y VICE,21,Santa Fe,13,Rosario,03380,,JUNTOS POR EL CAMBIO,agrupacion,3164,PROVISORIO,2023_GENERAL_santafe_presidente_mesa.csv
2023,GENERAL,2023-10-22,PRESIDENTE Y VICE,21,Santa Fe,13,Rosario,03380,,LA LIBERTAD AVANZA,agrupacion,2705,PROVISORIO,2023_GENERAL_santafe_presidente_mesa.csv
2023,GENERAL,2023-10-22,PRESIDENTE Y VICE,21,Santa Fe,13,Rosario,03380,,NULO,nulos,135,PROVISORIO,2023_GENERAL_santafe_presidente_mesa.csv
2023,GENERAL,2023-10-22,PRESIDENTE Y VICE,21,Santa Fe,13,Rosario,03380,,RECURRIDO,recurridos,0,PROVISORIO,2023_GENERAL_santafe_presidente_mesa.csv
2023,GENERAL,2023-10-22,PRESIDENTE Y VICE,21,Santa Fe,13,Rosario,03380,,UNION POR LA PATRIA,agrupacion,3649,PROVISORIO,2023_GENERAL_santafe_presidente_mesa.csv
2023,GENERAL,2023-10-22,PRESIDENTE Y VICE,21,Santa Fe,13,Rosario,03390,,COMANDO,comando,23,PROVISORIO,2023_GENERAL_santafe_presidente_mesa.csv
2023,GENERAL,2023-10-22,PRESIDENTE Y VICE,21,Santa Fe,13,Rosario,03390,,EN BLANCO,blancos,361,PROVISORIO,2023_GENERAL_santafe_presidente_mesa.csv
2023,GENERAL,2023-10-22,PRESIDENTE Y VICE,21,Santa Fe,13,Rosario,03390,,FRENTE DE IZQUIERDA Y DE TRABAJADORES - UNIDAD,agrupacion,1145,PROVISORIO,2023_GENERAL_santafe_presidente_mesa.csv
2023,GENERAL,2023-10-22,PRESIDENTE Y VICE,21,Santa Fe,13,Rosario,03390,,HACEMOS POR NUESTRO PAIS,agrupacion,2736,PROVISORIO,2023_GENERAL_santafe_presidente_mesa.csv
2023,GENERAL,2023-10-22,PRESIDENTE Y VICE,21,Santa Fe,13,Rosario,03390,,IMPUGNADO,impugnados,0,PROVISORIO,2023_GENERAL_santafe_presidente_mesa.csv
2023,GENERAL,2023-10-22,PRESIDENTE Y VICE,21,Santa Fe,13,Rosario,03390,,JUNTOS POR EL CAMBIO,agrupacion,10823,PROVISORIO,2023_GENERAL_santafe_presidente_mesa.csv
2023,GENERAL,2023-10-22,PRESIDENTE Y VICE,21,Santa Fe,13,Rosario,03390,,LA LIBERTAD AVANZA,agrupacion,10660,PROVISORIO,2023_GENERAL_santafe_presidente_mesa.csv
2023,GENERAL,2023-10-22,PRESIDENTE Y VICE,21,Santa Fe,13,Rosario,03390,,NULO,nulos,578,PROVISORIO,2023_GENERAL_santafe_presidente_mesa.csv
2023,GENERAL,2023-10-22,PRESIDENTE Y VICE,21,Santa Fe,13,Rosario,03390,,RECURRIDO,recurridos,13,PROVISORIO,2023_GENERAL_santafe_presidente_mesa.csv
2023,GENERAL,2023-10-22,PRESIDENTE Y VICE,21,Santa Fe,13,Rosario,03390,,UNION POR LA PATRIA,agrupacion,12923,PROVISORIO,2023_GENERAL_santafe_presidente_mesa.csv
2023,GENERAL,2023-10-22,PRESIDENTE Y VICE,21,Santa Fe,13,Rosario,03400,,COMANDO,comando,3,PROVISORIO,2023_GENERAL_santafe_presidente_mesa.csv
2023,GENERAL,2023-10-22,PRESIDENTE Y VICE,21,Santa Fe,13,Rosario,03400,,EN BLANCO,blancos,262,PROVISORIO,2023_GENERAL_santafe_presidente_mesa.csv
2023,GENERAL,2023-10-22,PRESIDENTE Y VICE,21,Santa Fe,13,Rosario,03400,,FRENTE DE IZQUIERDA Y DE TRABAJADORES - UNIDAD,agrupacion,747,PROVISORIO,2023_GENERAL_santafe_presidente_mesa.csv
2023,GENERAL,2023-10-22,PRESIDENTE Y VICE,21,Santa Fe,13,Rosario,03400,,HACEMOS POR NUESTRO PAIS,agrupacion,1897,PROVISORIO,2023_GENERAL_santafe_presidente_mesa.csv
2023,GENERAL,2023-10-22,PRESIDENTE Y VICE,21,Santa Fe,13,Rosario,03400,,IMPUGNADO,impugnados,2,PROVISORIO,2023_GENERAL_santafe_presidente_mesa.csv
2023,GENERAL,2023-10-22,PRESIDENTE Y VICE,21,Santa Fe,13,Rosario,03400,,JUNTOS POR EL CAMBIO,agrupacion,5379,PROVISORIO,2023_GENERAL_santafe_presidente_mesa.csv
2023,GENERAL,2023-10-22,PRESIDENTE Y VICE,21,Santa Fe,13,Rosario,03400,,LA LIBERTAD AVANZA,agrupacion,8057,PROVISORIO,2023_GENERAL_santafe_presidente_mesa.csv
2023,GENERAL,2023-10-22,PRESIDENTE Y VICE,21,Santa Fe,13,Rosario,03400,,NULO,nulos,495,PROVISORIO,2023_GENERAL_santafe_presidente_mesa.csv
2023,GENERAL,2023-10-22,PRESIDENTE Y VICE,21,Santa Fe,13,Rosario,03400,,RECURRIDO,recurridos,1,PROVISORIO,2023_GENERAL_santafe_presidente_mesa.csv
2023,GENERAL,2023-10-22,PRESIDENTE Y VICE,21,Santa Fe,13,Rosario,03400,,UNION POR LA PATRIA,agrupacion,11102,PROVISORIO,2023_GENERAL_santafe_presidente_mesa.csv
2023,GENERAL,2023-10-22,PRESIDENTE Y VICE,21,Santa Fe,13,Rosario,03410,,COMANDO,comando,1,PROVISORIO,2023_GENERAL_santafe_presidente_mesa.csv
2023,GENERAL,2023-10-22,PRESIDENTE Y VICE,21,Santa Fe,13,Rosario,03410,,EN BLANCO,blancos,35,PROVISORIO,2023_GENERAL_santafe_presidente_mesa.csv
2023,GENERAL,2023-10-22,PRESIDENTE Y VICE,21,Santa Fe,13,Rosario,03410,,FRENTE DE IZQUIERDA Y DE TRABAJADORES - UNIDAD,agrupacion,74,PROVISORIO,2023_GENERAL_santafe_presidente_mesa.csv
2023,GENERAL,2023-10-22,PRESIDENTE Y VICE,21,Santa Fe,13,Rosario,03410,,HACEMOS POR NUESTRO PAIS,agrupacion,379,PROVISORIO,2023_GENERAL_santafe_presidente_mesa.csv
2023,GENERAL,2023-10-22,PRESIDENTE Y VICE,21,Santa Fe,13,Rosario,03410,,IMPUGNADO,impugnados,0,PROVISORIO,2023_GENERAL_santafe_presidente_mesa.csv
2023,GENERAL,2023-10-22,PRESIDENTE Y VICE,21,Santa Fe,13,Rosario,03410,,JUNTOS POR EL CAMBIO,agrupacion,917,PROVISORIO,2023_GENERAL_santafe_presidente_mesa.csv
2023,GENERAL,2023-10-22,PRESIDENTE Y VICE,21,Santa Fe,13,Rosario,03410,,LA LIBERTAD AVANZA,agrupacion,1145,PROVISORIO,2023_GENERAL_santafe_presidente_mesa.csv
2023,GENERAL,2023-10-22,PRESIDENTE Y VICE,21,Santa Fe,13,Rosario,03410,,NULO,nulos,19,PROVISORIO,2023_GENERAL_santafe_presidente_mesa.csv
2023,GENERAL,2023-10-22,PRESIDENTE Y VICE,21,Santa Fe,13,Rosario,03410,,RECURRIDO,recurridos,0,PROVISORIO,2023_GENERAL_santafe_presidente_mesa.csv
2023,GENERAL,2023-10-22,PRESIDENTE Y VICE,21,Santa Fe,13,Rosario,03410,,UNION POR LA PATRIA,agrupacion,1280,PROVISORIO,2023_GENERAL_santafe_presidente_mesa.csv
2023,GENERAL,2023-10-22,PRESIDENTE Y VICE,21,Santa Fe,13,Rosario,03415,,COMANDO,comando,1,PROVISORIO,2023_GENERAL_santafe_presidente_mesa.csv
2023,GENERAL,2023-10-22,PRESIDENTE Y VICE,21,Santa Fe,13,Rosario,03415,,EN BLANCO,blancos,2,PROVISORIO,2023_GENERAL_santafe_presidente_mesa.csv
2023,GENERAL,2023-10-22,PRESIDENTE Y VICE,21,Santa Fe,13,Rosario,03415,,FRENTE DE IZQUIERDA Y DE TRABAJADORES - UNIDAD,agrupacion,2,PROVISORIO,2023_GENERAL_santafe_presidente_mesa.csv
2023,GENERAL,2023-10-22,PRESIDENTE Y VICE,21,Santa Fe,13,Rosario,03415,,HACEMOS POR NUESTRO PAIS,agrupacion,31,PROVISORIO,2023_GENERAL_santafe_presidente_mesa.csv
2023,GENERAL,2023-10-22,PRESIDENTE Y VICE,21,Santa Fe,13,Rosario,03415,,IMPUGNADO,impugnados,0,PROVISORIO,2023_GENERAL_santafe_presidente_mesa.csv
2023,GENERAL,2023-10-22,PRESIDENTE Y VICE,21,Santa Fe,13,Rosario,03415,,JUNTOS POR EL CAMBIO,agrupacion,140,PROVISORIO,2023_GENERAL_santafe_presidente_mesa.csv
2023,GENERAL,2023-10-22,PRESIDENTE Y VICE,21,Santa Fe,13,Rosario,03415,,LA LIBERTAD AVANZA,agrupacion,122,PROVISORIO,2023_GENERAL_santafe_presidente_mesa.csv
2023,GENERAL,2023-10-22,PRESIDENTE Y VICE,21,Santa Fe,13,Rosario,03415,,NULO,nulos,2,PROVISORIO,2023_GENERAL_santafe_presidente_mesa.csv
2023,GENERAL,2023-10-22,PRESIDENTE Y VICE,21,Santa Fe,13,Rosario,03415,,RECURRIDO,recurridos,0,PROVISORIO,2023_GENERAL_santafe_presidente_mesa.csv
2023,GENERAL,2023-10-22,PRESIDENTE Y VICE,21,Santa Fe,13,Rosario,03415,,UNION POR LA PATRIA,agrupacion,122,PROVISORIO,2023_GENERAL_santafe_presidente_mesa.csv
2023,GENERAL,2023-10-22,PRESIDENTE Y VICE,21,Santa Fe,13,Rosario,03420,,COMANDO,comando,1,PROVISORIO,2023_GENERAL_santafe_presidente_mesa.csv
2023,GENERAL,2023-10-22,PRESIDENTE Y VICE,21,Santa Fe,13,Rosario,03420,,EN BLANCO,blancos,1,PROVISORIO,2023_GENERAL_santafe_presidente_mesa.csv
2023,GENERAL,2023-10-22,PRESIDENTE Y VICE,21,Santa Fe,13,Rosario,03420,,FRENTE DE IZQUIERDA Y DE TRABAJADORES - UNIDAD,agrupacion,7,PROVISORIO,2023_GENERAL_santafe_presidente_mesa.csv
2023,GENERAL,2023-10-22,PRESIDENTE Y VICE,21,Santa Fe,13,Rosario,03420,,HACEMOS POR NUESTRO PAIS,agrupacion,25,PROVISORIO,2023_GENERAL_santafe_presidente_mesa.csv
2023,GENERAL,2023-10-22,PRESIDENTE Y VICE,21,Santa Fe,13,Rosario,03420,,IMPUGNADO,impugnados,0,PROVISORIO,2023_GENERAL_santafe_presidente_mesa.csv
2023,GENERAL,2023-10-22,PRESIDENTE Y VICE,21,Santa Fe,13,Rosario,03420,,JUNTOS POR EL CAMBIO,agrupacion,84,PROVISORIO,2023_GENERAL_santafe_presidente_mesa.csv
2023,GENERAL,2023-10-22,PRESIDENTE Y VICE,21,Santa Fe,13,Rosario,03420,,LA LIBERTAD AVANZA,agrupacion,90,PROVISORIO,2023_GENERAL_santafe_presidente_mesa.csv
2023,GENERAL,2023-10-22,PRESIDENTE Y VICE,21,Santa Fe,13,Rosario,03420,,NULO,nulos,4,PROVISORIO,2023_GENERAL_santafe_presidente_mesa.csv
2023,GENERAL,2023-10-22,PRESIDENTE Y VICE,21,Santa Fe,13,Rosario,03420,,RECURRIDO,recurridos,0,PROVISORIO,2023_GENERAL_santafe_presidente_mesa.csv
2023,GENERAL,2023-10-22,PRESIDENTE Y VICE,21,Santa Fe,13,Rosario,03420,,UNION POR LA PATRIA,agrupacion,28,PROVISORIO,2023_GENERAL_santafe_presidente_mesa.csv
2023,GENERAL,2023-10-22,PRESIDENTE Y VICE,21,Santa Fe,13,Rosario,03430,,COMANDO,comando,1,PROVISORIO,2023_GENERAL_santafe_presidente_mesa.csv
2023,GENERAL,2023-10-22,PRESIDENTE Y VICE,21,Santa Fe,13,Rosario,03430,,EN BLANCO,blancos,45,PROVISORIO,2023_GENERAL_santafe_presidente_mesa.csv
2023,GENERAL,2023-10-22,PRESIDENTE Y VICE,21,Santa Fe,13,Rosario,03430,,FRENTE DE IZQUIERDA Y DE TRABAJADORES - UNIDAD,agrupacion,65,PROVISORIO,2023_GENERAL_santafe_presidente_mesa.csv
2023,GENERAL,2023-10-22,PRESIDENTE Y VICE,21,Santa Fe,13,Rosario,03430,,HACEMOS POR NUESTRO PAIS,agrupacion,533,PROVISORIO,2023_GENERAL_santafe_presidente_mesa.csv
2023,GENERAL,2023-10-22,PRESIDENTE Y VICE,21,Santa Fe,13,Rosario,03430,,IMPUGNADO,impugnados,0,PROVISORIO,2023_GENERAL_santafe_presidente_mesa.csv
2023,GENERAL,2023-10-22,PRESIDENTE Y VICE,21,Santa Fe,13,Rosario,03430,,JUNTOS POR EL CAMBIO,agrupacion,1512,PROVISORIO,2023_GENERAL_santafe_presidente_mesa.csv
2023,GENERAL,2023-10-22,PRESIDENTE Y VICE,21,Santa Fe,13,Rosario,03430,,LA LIBERTAD AVANZA,agrupacion,1597,PROVISORIO,2023_GENERAL_santafe_presidente_mesa.csv
2023,GENERAL,2023-10-22,PRESIDENTE Y VICE,21,Santa Fe,13,Rosario,03430,,NULO,nulos,93,PROVISORIO,2023_GENERAL_santafe_presidente_mesa.csv
2023,GENERAL,2023-10-22,PRESIDENTE Y VICE,21,Santa Fe,13,Rosario,03430,,RECURRIDO,recurridos,0,PROVISORIO,2023_GENERAL_santafe_presidente_mesa.csv
2023,GENERAL,2023-10-22,PRESIDENTE Y VICE,21,Santa Fe,13,Rosario,03430,,UNION POR LA PATRIA,agrupacion,1176,PROVISORIO,2023_GENERAL_santafe_presidente_mesa.csv
2023,GENERAL,2023-10-22,PRESIDENTE Y VICE,21,Santa Fe,13,Rosario,03435,,COMANDO,comando,0,PROVISORIO,2023_GENERAL_santafe_presidente_mesa.csv
2023,GENERAL,2023-10-22,PRESIDENTE Y VICE,21,Santa Fe,13,Rosario,03435,,EN BLANCO,blancos,11,PROVISORIO,2023_GENERAL_santafe_presidente_mesa.csv
2023,GENERAL,2023-10-22,PRESIDENTE Y VICE,21,Santa Fe,13,Rosario,03435,,FRENTE DE IZQUIERDA Y DE TRABAJADORES - UNIDAD,agrupacion,36,PROVISORIO,2023_GENERAL_santafe_presidente_mesa.csv
2023,GENERAL,2023-10-22,PRESIDENTE Y VICE,21,Santa Fe,13,Rosario,03435,,HACEMOS POR NUESTRO PAIS,agrupacion,116,PROVISORIO,2023_GENERAL_santafe_presidente_mesa.csv
2023,GENERAL,2023-10-22,PRESIDENTE Y VICE,21,Santa Fe,13,Rosario,03435,,IMPUGNADO,impugnados,0,PROVISORIO,2023_GENERAL_santafe_presidente_mesa.csv
2023,GENERAL,2023-10-22,PRESIDENTE Y VICE,21,Santa Fe,13,Rosario,03435,,JUNTOS POR EL CAMBIO,agrupacion,346,PROVISORIO,2023_GENERAL_santafe_presidente_mesa.csv
2023,GENERAL,2023-10-22,PRESIDENTE Y VICE,21,Santa Fe,13,Rosario,03435,,LA LIBERTAD AVANZA,agrupacion,533,PROVISORIO,2023_GENERAL_santafe_presidente_mesa.csv
2023,GENERAL,2023-10-22,PRESIDENTE Y VICE,21,Santa Fe,13,Rosario,03435,,NULO,nulos,35,PROVISORIO,2023_GENERAL_santafe_presidente_mesa.csv
2023,GENERAL,2023-10-22,PRESIDENTE Y VICE,21,Santa Fe,13,Rosario,03435,,RECURRIDO,recurridos,0,PROVISORIO,2023_GENERAL_santafe_presidente_mesa.csv
2023,GENERAL,2023-10-22,PRESIDENTE Y VICE,21,Santa Fe,13,Rosario,03435,,UNION POR LA PATRIA,agrupacion,461,PROVISORIO,2023_GENERAL_santafe_presidente_mesa.csv
2023,GENERAL,2023-10-22,PRESIDENTE Y VICE,21,Santa Fe,13,Rosario,03450,,COMANDO,comando,7,PROVISORIO,2023_GENERAL_santafe_presidente_mesa.csv
2023,GENERAL,2023-10-22,PRESIDENTE Y VICE,21,Santa Fe,13,Rosario,03450,,EN BLANCO,blancos,121,PROVISORIO,2023_GENERAL_santafe_presidente_mesa.csv
2023,GENERAL,2023-10-22,PRESIDENTE Y VICE,21,Santa Fe,13,Rosario,03450,,FRENTE DE IZQUIERDA Y DE TRABAJADORES - UNIDAD,agrupacion,280,PROVISORIO,2023_GENERAL_santafe_presidente_mesa.csv
2023,GENERAL,2023-10-22,PRESIDENTE Y VICE,21,Santa Fe,13,Rosario,03450,,HACEMOS POR NUESTRO PAIS,agrupacion,1549,PROVISORIO,2023_GENERAL_santafe_presidente_mesa.csv
2023,GENERAL,2023-10-22,PRESIDENTE Y VICE,21,Santa Fe,13,Rosario,03450,,IMPUGNADO,impugnados,0,PROVISORIO,2023_GENERAL_santafe_presidente_mesa.csv
2023,GENERAL,2023-10-22,PRESIDENTE Y VICE,21,Santa Fe,13,Rosario,03450,,JUNTOS POR EL CAMBIO,agrupacion,4265,PROVISORIO,2023_GENERAL_santafe_presidente_mesa.csv
2023,GENERAL,2023-10-22,PRESIDENTE Y VICE,21,Santa Fe,13,Rosario,03450,,LA LIBERTAD AVANZA,agrupacion,5087,PROVISORIO,2023_GENERAL_santafe_presidente_mesa.csv
2023,GENERAL,2023-10-22,PRESIDENTE Y VICE,21,Santa Fe,13,Rosario,03450,,NULO,nulos,181,PROVISORIO,2023_GENERAL_santafe_presidente_mesa.csv
2023,GENERAL,2023-10-22,PRESIDENTE Y VICE,21,Santa Fe,13,Rosario,03450,,RECURRIDO,recurridos,1,PROVISORIO,2023_GENERAL_santafe_presidente_mesa.csv
2023,GENERAL,2023-10-22,PRESIDENTE Y VICE,21,Santa Fe,13,Rosario,03450,,UNION POR LA PATRIA,agrupacion,4258,PROVISORIO,2023_GENERAL_santafe_presidente_mesa.csv
2023,GENERAL,2023-10-22,PRESIDENTE Y VICE,21,Santa Fe,13,Rosario,03455,,COMANDO,comando,5,PROVISORIO,2023_GENERAL_santafe_presidente_mesa.csv
2023,GENERAL,2023-10-22,PRESIDENTE Y VICE,21,Santa Fe,13,Rosario,03455,,EN BLANCO,blancos,37,PROVISORIO,2023_GENERAL_santafe_presidente_mesa.csv
2023,GENERAL,2023-10-22,PRESIDENTE Y VICE,21,Santa Fe,13,Rosario,03455,,FRENTE DE IZQUIERDA Y DE TRABAJADORES - UNIDAD,agrupacion,58,PROVISORIO,2023_GENERAL_santafe_presidente_mesa.csv
2023,GENERAL,2023-10-22,PRESIDENTE Y VICE,21,Santa Fe,13,Rosario,03455,,HACEMOS POR NUESTRO PAIS,agrupacion,343,PROVISORIO,2023_GENERAL_santafe_presidente_mesa.csv
2023,GENERAL,2023-10-22,PRESIDENTE Y VICE,21,Santa Fe,13,Rosario,03455,,IMPUGNADO,impugnados,0,PROVISORIO,2023_GENERAL_santafe_presidente_mesa.csv
2023,GENERAL,2023-10-22,PRESIDENTE Y VICE,21,Santa Fe,13,Rosario,03455,,JUNTOS POR EL CAMBIO,agrupacion,756,PROVISORIO,2023_GENERAL_santafe_presidente_mesa.csv
2023,GENERAL,2023-10-22,PRESIDENTE Y VICE,21,Santa Fe,13,Rosario,03455,,LA LIBERTAD AVANZA,agrupacion,1265,PROVISORIO,2023_GENERAL_santafe_presidente_mesa.csv
2023,GENERAL,2023-10-22,PRESIDENTE Y VICE,21,Santa Fe,13,Rosario,03455,,NULO,nulos,59,PROVISORIO,2023_GENERAL_santafe_presidente_mesa.csv
2023,GENERAL,2023-10-22,PRESIDENTE Y VICE,21,Santa Fe,13,Rosario,03455,,RECURRIDO,recurridos,0,PROVISORIO,2023_GENERAL_santafe_presidente_mesa.csv
2023,GENERAL,2023-10-22,PRESIDENTE Y VICE,21,Santa Fe,13,Rosario,03455,,UNION POR LA PATRIA,agrupacion,1307,PROVISORIO,2023_GENERAL_santafe_presidente_mesa.csv
2023,GENERAL,2023-10-22,PRESIDENTE Y VICE,21,Santa Fe,13,Rosario,03500,,COMANDO,comando,0,PROVISORIO,2023_GENERAL_santafe_presidente_mesa.csv
2023,GENERAL,2023-10-22,PRESIDENTE Y VICE,21,Santa Fe,13,Rosario,03500,,EN BLANCO,blancos,7,PROVISORIO,2023_GENERAL_santafe_presidente_mesa.csv
2023,GENERAL,2023-10-22,PRESIDENTE Y VICE,21,Santa Fe,13,Rosario,03500,,FRENTE DE IZQUIERDA Y DE TRABAJADORES - UNIDAD,agrupacion,10,PROVISORIO,2023_GENERAL_santafe_presidente_mesa.csv
2023,GENERAL,2023-10-22,PRESIDENTE Y VICE,21,Santa Fe,13,Rosario,03500,,HACEMOS POR NUESTRO PAIS,agrupacion,46,PROVISORIO,2023_GENERAL_santafe_presidente_mesa.csv
2023,GENERAL,2023-10-22,PRESIDENTE Y VICE,21,Santa Fe,13,Rosario,03500,,IMPUGNADO,impugnados,0,PROVISORIO,2023_GENERAL_santafe_presidente_mesa.csv
2023,GENERAL,2023-10-22,PRESIDENTE Y VICE,21,Santa Fe,13,Rosario,03500,,JUNTOS POR EL CAMBIO,agrupacion,118,PROVISORIO,2023_GENERAL_santafe_presidente_mesa.csv
2023,GENERAL,2023-10-22,PRESIDENTE Y VICE,21,Santa Fe,13,Rosario,03500,,LA LIBERTAD AVANZA,agrupacion,184,PROVISORIO,2023_GENERAL_santafe_presidente_mesa.csv
2023,GENERAL,2023-10-22,PRESIDENTE Y VICE,21,Santa Fe,13,Rosario,03500,,NULO,nulos,2,PROVISORIO,2023_GENERAL_santafe_presidente_mesa.csv
2023,GENERAL,2023-10-22,PRESIDENTE Y VICE,21,Santa Fe,13,Rosario,03500,,RECURRIDO,recurridos,0,PROVISORIO,2023_GENERAL_santafe_presidente_mesa.csv
2023,GENERAL,2023-10-22,PRESIDENTE Y VICE,21,Santa Fe,13,Rosario,03500,,UNION POR LA PATRIA,agrupacion,238,PROVISORIO,2023_GENERAL_santafe_presidente_mesa.csv
2023,GENERAL,2023-10-22,PRESIDENTE Y VICE,21,Santa Fe,13,Rosario,03505,,COMANDO,comando,0,PROVISORIO,2023_GENERAL_santafe_presidente_mesa.csv
2023,GENERAL,2023-10-22,PRESIDENTE Y VICE,21,Santa Fe,13,Rosario,03505,,EN BLANCO,blancos,8,PROVISORIO,2023_GENERAL_santafe_presidente_mesa.csv
2023,GENERAL,2023-10-22,PRESIDENTE Y VICE,21,Santa Fe,13,Rosario,03505,,FRENTE DE IZQUIERDA Y DE TRABAJADORES - UNIDAD,agrupacion,9,PROVISORIO,2023_GENERAL_santafe_presidente_mesa.csv
2023,GENERAL,2023-10-22,PRESIDENTE Y VICE,21,Santa Fe,13,Rosario,03505,,HACEMOS POR NUESTRO PAIS,agrupacion,43,PROVISORIO,2023_GENERAL_santafe_presidente_mesa.csv
2023,GENERAL,2023-10-22,PRESIDENTE Y VICE,21,Santa Fe,13,Rosario,03505,,IMPUGNADO,impugnados,0,PROVISORIO,2023_GENERAL_santafe_presidente_mesa.csv
2023,GENERAL,2023-10-22,PRESIDENTE Y VICE,21,Santa Fe,13,Rosario,03505,,JUNTOS POR EL CAMBIO,agrupacion,317,PROVISORIO,2023_GENERAL_santafe_presidente_mesa.csv
2023,GENERAL,2023-10-22,PRESIDENTE Y VICE,21,Santa Fe,13,Rosario,03505,,LA LIBERTAD AVANZA,agrupacion,186,PROVISORIO,2023_GENERAL_santafe_presidente_mesa.csv
2023,GENERAL,2023-10-22,PRESIDENTE Y VICE,21,Santa Fe,13,Rosario,03505,,NULO,nulos,14,PROVISORIO,2023_GENERAL_santafe_presidente_mesa.csv
2023,GENERAL,2023-10-22,PRESIDENTE Y VICE,21,Santa Fe,13,Rosario,03505,,RECURRIDO,recurridos,0,PROVISORIO,2023_GENERAL_santafe_presidente_mesa.csv
2023,GENERAL,2023-10-22,PRESIDENTE Y VICE,21,Santa Fe,13,Rosario,03505,,UNION POR LA PATRIA,agrupacion,120,PROVISORIO,2023_GENERAL_santafe_presidente_mesa.csv
2023,GENERAL,2023-10-22,PRESIDENTE Y VICE,21,Santa Fe,13,Rosario,03510,,COMANDO,comando,0,PROVISORIO,2023_GENERAL_santafe_presidente_mesa.csv
2023,GENERAL,2023-10-22,PRESIDENTE Y VICE,21,Santa Fe,13,Rosario,03510,,EN BLANCO,blancos,26,PROVISORIO,2023_GENERAL_santafe_presidente_mesa.csv
2023,GENERAL,2023-10-22,PRESIDENTE Y VICE,21,Santa Fe,13,Rosario,03510,,FRENTE DE IZQUIERDA Y DE TRABAJADORES - UNIDAD,agrupacion,34,PROVISORIO,2023_GENERAL_santafe_presidente_mesa.csv
2023,GENERAL,2023-10-22,PRESIDENTE Y VICE,21,Santa Fe,13,Rosario,03510,,HACEMOS POR NUESTRO PAIS,agrupacion,151,PROVISORIO,2023_GENERAL_santafe_presidente_mesa.csv
2023,GENERAL,2023-10-22,PRESIDENTE Y VICE,21,Santa Fe,13,Rosario,03510,,IMPUGNADO,impugnados,0,PROVISORIO,2023_GENERAL_santafe_presidente_mesa.csv
2023,GENERAL,2023-10-22,PRESIDENTE Y VICE,21,Santa Fe,13,Rosario,03510,,JUNTOS POR EL CAMBIO,agrupacion,447,PROVISORIO,2023_GENERAL_santafe_presidente_mesa.csv
2023,GENERAL,2023-10-22,PRESIDENTE Y VICE,21,Santa Fe,13,Rosario,03510,,LA LIBERTAD AVANZA,agrupacion,456,PROVISORIO,2023_GENERAL_santafe_presidente_mesa.csv
2023,GENERAL,2023-10-22,PRESIDENTE Y VICE,21,Santa Fe,13,Rosario,03510,,NULO,nulos,20,PROVISORIO,2023_GENERAL_santafe_presidente_mesa.csv
2023,GENERAL,2023-10-22,PRESIDENTE Y VICE,21,Santa Fe,13,Rosario,03510,,RECURRIDO,recurridos,0,PROVISORIO,2023_GENERAL_santafe_presidente_mesa.csv
2023,GENERAL,2023-10-22,PRESIDENTE Y VICE,21,Santa Fe,13,Rosario,03510,,UNION POR LA PATRIA,agrupacion,552,PROVISORIO,2023_GENERAL_santafe_presidente_mesa.csv
2023,GENERAL,2023-10-22,PRESIDENTE Y VICE,21,Santa Fe,13,Rosario,03515,,COMANDO,comando,1,PROVISORIO,2023_GENERAL_santafe_presidente_mesa.csv
2023,GENERAL,2023-10-22,PRESIDENTE Y VICE,21,Santa Fe,13,Rosario,03515,,EN BLANCO,blancos,1,PROVISORIO,2023_GENERAL_santafe_presidente_mesa.csv
2023,GENERAL,2023-10-22,PRESIDENTE Y VICE,21,Santa Fe,13,Rosario,03515,,FRENTE DE IZQUIERDA Y DE TRABAJADORES - UNIDAD,agrupacion,3,PROVISORIO,2023_GENERAL_santafe_presidente_mesa.csv
2023,GENERAL,2023-10-22,PRESIDENTE Y VICE,21,Santa Fe,13,Rosario,03515,,HACEMOS POR NUESTRO PAIS,agrupacion,21,PROVISORIO,2023_GENERAL_santafe_presidente_mesa.csv
2023,GENERAL,2023-10-22,PRESIDENTE Y VICE,21,Santa Fe,13,Rosario,03515,,IMPUGNADO,impugnados,0,PROVISORIO,2023_GENERAL_santafe_presidente_mesa.csv
2023,GENERAL,2023-10-22,PRESIDENTE Y VICE,21,Santa Fe,13,Rosario,03515,,JUNTOS POR EL CAMBIO,agrupacion,83,PROVISORIO,2023_GENERAL_santafe_presidente_mesa.csv
2023,GENERAL,2023-10-22,PRESIDENTE Y VICE,21,Santa Fe,13,Rosario,03515,,LA LIBERTAD AVANZA,agrupacion,76,PROVISORIO,2023_GENERAL_santafe_presidente_mesa.csv
2023,GENERAL,2023-10-22,PRESIDENTE Y VICE,21,Santa Fe,13,Rosario,03515,,NULO,nulos,3,PROVISORIO,2023_GENERAL_santafe_presidente_mesa.csv
2023,GENERAL,2023-10-22,PRESIDENTE Y VICE,21,Santa Fe,13,Rosario,03515,,RECURRIDO,recurridos,0,PROVISORIO,2023_GENERAL_santafe_presidente_mesa.csv
2023,GENERAL,2023-10-22,PRESIDENTE Y VICE,21,Santa Fe,13,Rosario,03515,,UNION POR LA PATRIA,agrupacion,76,PROVISORIO,2023_GENERAL_santafe_presidente_mesa.csv
2023,GENERAL,2023-10-22,PRESIDENTE Y VICE,21,Santa Fe,13,Rosario,03520,,COMANDO,comando,13,PROVISORIO,2023_GENERAL_santafe_presidente_mesa.csv
2023,GENERAL,2023-10-22,PRESIDENTE Y VICE,21,Santa Fe,13,Rosario,03520,,EN BLANCO,blancos,186,PROVISORIO,2023_GENERAL_santafe_presidente_mesa.csv
2023,GENERAL,2023-10-22,PRESIDENTE Y VICE,21,Santa Fe,13,Rosario,03520,,FRENTE DE IZQUIERDA Y DE TRABAJADORES - UNIDAD,agrupacion,527,PROVISORIO,2023_GENERAL_santafe_presidente_mesa.csv
2023,GENERAL,2023-10-22,PRESIDENTE Y VICE,21,Santa Fe,13,Rosario,03520,,HACEMOS POR NUESTRO PAIS,agrupacion,1736,PROVISORIO,2023_GENERAL_santafe_presidente_mesa.csv
2023,GENERAL,2023-10-22,PRESIDENTE Y VICE,21,Santa Fe,13,Rosario,03520,,IMPUGNADO,impugnados,0,PROVISORIO,2023_GENERAL_santafe_presidente_mesa.csv
2023,GENERAL,2023-10-22,PRESIDENTE Y VICE,21,Santa Fe,13,Rosario,03520,,JUNTOS POR EL CAMBIO,agrupacion,8418,PROVISORIO,2023_GENERAL_santafe_presidente_mesa.csv
2023,GENERAL,2023-10-22,PRESIDENTE Y VICE,21,Santa Fe,13,Rosario,03520,,LA LIBERTAD AVANZA,agrupacion,7973,PROVISORIO,2023_GENERAL_santafe_presidente_mesa.csv
2023,GENERAL,2023-10-22,PRESIDENTE Y VICE,21,Santa Fe,13,Rosario,03520,,NULO,nulos,268,PROVISORIO,2023_GENERAL_santafe_presidente_mesa.csv
2023,GENERAL,2023-10-22,PRESIDENTE Y VICE,21,Santa Fe,13,Rosario,03520,,RECURRIDO,recurridos,0,PROVISORIO,2023_GENERAL_santafe_presidente_mesa.csv
2023,GENERAL,2023-10-22,PRESIDENTE Y VICE,21,Santa Fe,13,Rosario,03520,,UNION POR LA PATRIA,agrupacion,5490,PROVISORIO,2023_GENERAL_santafe_presidente_mesa.csv
2023,GENERAL,2023-10-22,PRESIDENTE Y VICE,21,Santa Fe,13,Rosario,03550,,COMANDO,comando,25,PROVISORIO,2023_GENERAL_santafe_presidente_mesa.csv
2023,GENERAL,2023-10-22,PRESIDENTE Y VICE,21,Santa Fe,13,Rosario,03550,,EN BLANCO,blancos,304,PROVISORIO,2023_GENERAL_santafe_presidente_mesa.csv
2023,GENERAL,2023-10-22,PRESIDENTE Y VICE,21,Santa Fe,13,Rosario,03550,,FRENTE DE IZQUIERDA Y DE TRABAJADORES - UNIDAD,agrupacion,665,PROVISORIO,2023_GENERAL_santafe_presidente_mesa.csv
2023,GENERAL,2023-10-22,PRESIDENTE Y VICE,21,Santa Fe,13,Rosario,03550,,HACEMOS POR NUESTRO PAIS,agrupacion,2542,PROVISORIO,2023_GENERAL_santafe_presidente_mesa.csv
2023,GENERAL,2023-10-22,PRESIDENTE Y VICE,21,Santa Fe,13,Rosario,03550,,IMPUGNADO,impugnados,0,PROVISORIO,2023_GENERAL_santafe_presidente_mesa.csv
2023,GENERAL,2023-10-22,PRESIDENTE Y VICE,21,Santa Fe,13,Rosario,03550,,JUNTOS POR EL CAMBIO,agrupacion,5277,PROVISORIO,2023_GENERAL_santafe_presidente_mesa.csv
2023,GENERAL,2023-10-22,PRESIDENTE Y VICE,21,Santa Fe,13,Rosario,03550,,LA LIBERTAD AVANZA,agrupacion,9665,PROVISORIO,2023_GENERAL_santafe_presidente_mesa.csv
2023,GENERAL,2023-10-22,PRESIDENTE Y VICE,21,Santa Fe,13,Rosario,03550,,NULO,nulos,357,PROVISORIO,2023_GENERAL_santafe_presidente_mesa.csv
2023,GENERAL,2023-10-22,PRESIDENTE Y VICE,21,Santa Fe,13,Rosario,03550,,RECURRIDO,recurridos,1,PROVISORIO,2023_GENERAL_santafe_presidente_mesa.csv
2023,GENERAL,2023-10-22,PRESIDENTE Y VICE,21,Santa Fe,13,Rosario,03550,,UNION POR LA PATRIA,agrupacion,10030,PROVISORIO,2023_GENERAL_santafe_presidente_mesa.csv
2023,GENERAL,2023-10-22,PRESIDENTE Y VICE,21,Santa Fe,13,Rosario,03555,,COMANDO,comando,5,PROVISORIO,2023_GENERAL_santafe_presidente_mesa.csv
2023,GENERAL,2023-10-22,PRESIDENTE Y VICE,21,Santa Fe,13,Rosario,03555,,EN BLANCO,blancos,52,PROVISORIO,2023_GENERAL_santafe_presidente_mesa.csv
2023,GENERAL,2023-10-22,PRESIDENTE Y VICE,21,Santa Fe,13,Rosario,03555,,FRENTE DE IZQUIERDA Y DE TRABAJADORES - UNIDAD,agrupacion,107,PROVISORIO,2023_GENERAL_santafe_presidente_mesa.csv
2023,GENERAL,2023-10-22,PRESIDENTE Y VICE,21,Santa Fe,13,Rosario,03555,,HACEMOS POR NUESTRO PAIS,agrupacion,412,PROVISORIO,2023_GENERAL_santafe_presidente_mesa.csv
2023,GENERAL,2023-10-22,PRESIDENTE Y VICE,21,Santa Fe,13,Rosario,03555,,IMPUGNADO,impugnados,0,PROVISORIO,2023_GENERAL_santafe_presidente_mesa.csv
2023,GENERAL,2023-10-22,PRESIDENTE Y VICE,21,Santa Fe,13,Rosario,03555,,JUNTOS POR EL CAMBIO,agrupacion,945,PROVISORIO,2023_GENERAL_santafe_presidente_mesa.csv
2023,GENERAL,2023-10-22,PRESIDENTE Y VICE,21,Santa Fe,13,Rosario,03555,,LA LIBERTAD AVANZA,agrupacion,1439,PROVISORIO,2023_GENERAL_santafe_presidente_mesa.csv
2023,GENERAL,2023-10-22,PRESIDENTE Y VICE,21,Santa Fe,13,Rosario,03555,,NULO,nulos,69,PROVISORIO,2023_GENERAL_santafe_presidente_mesa.csv
2023,GENERAL,2023-10-22,PRESIDENTE Y VICE,21,Santa Fe,13,Rosario,03555,,RECURRIDO,recurridos,0,PROVISORIO,2023_GENERAL_santafe_presidente_mesa.csv
2023,GENERAL,2023-10-22,PRESIDENTE Y VICE,21,Santa Fe,13,Rosario,03555,,UNION POR LA PATRIA,agrupacion,1282,PROVISORIO,2023_GENERAL_santafe_presidente_mesa.csv
2023,GENERAL,2023-10-22,PRESIDENTE Y VICE,21,Santa Fe,13,Rosario,03560,,COMANDO,comando,6,PROVISORIO,2023_GENERAL_santafe_presidente_mesa.csv
2023,GENERAL,2023-10-22,PRESIDENTE Y VICE,21,Santa Fe,13,Rosario,03560,,EN BLANCO,blancos,163,PROVISORIO,2023_GENERAL_santafe_presidente_mesa.csv
2023,GENERAL,2023-10-22,PRESIDENTE Y VICE,21,Santa Fe,13,Rosario,03560,,FRENTE DE IZQUIERDA Y DE TRABAJADORES - UNIDAD,agrupacion,245,PROVISORIO,2023_GENERAL_santafe_presidente_mesa.csv
2023,GENERAL,2023-10-22,PRESIDENTE Y VICE,21,Santa Fe,13,Rosario,03560,,HACEMOS POR NUESTRO PAIS,agrupacion,1291,PROVISORIO,2023_GENERAL_santafe_presidente_mesa.csv
2023,GENERAL,2023-10-22,PRESIDENTE Y VICE,21,Santa Fe,13,Rosario,03560,,IMPUGNADO,impugnados,0,PROVISORIO,2023_GENERAL_santafe_presidente_mesa.csv
2023,GENERAL,2023-10-22,PRESIDENTE Y VICE,21,Santa Fe,13,Rosario,03560,,JUNTOS POR EL CAMBIO,agrupacion,2685,PROVISORIO,2023_GENERAL_santafe_presidente_mesa.csv
2023,GENERAL,2023-10-22,PRESIDENTE Y VICE,21,Santa Fe,13,Rosario,03560,,LA LIBERTAD AVANZA,agrupacion,4825,PROVISORIO,2023_GENERAL_santafe_presidente_mesa.csv
2023,GENERAL,2023-10-22,PRESIDENTE Y VICE,21,Santa Fe,13,Rosario,03560,,NULO,nulos,205,PROVISORIO,2023_GENERAL_santafe_presidente_mesa.csv
2023,GENERAL,2023-10-22,PRESIDENTE Y VICE,21,Santa Fe,13,Rosario,03560,,RECURRIDO,recurridos,0,PROVISORIO,2023_GENERAL_santafe_presidente_mesa.csv
2023,GENERAL,2023-10-22,PRESIDENTE Y VICE,21,Santa Fe,13,Rosario,03560,,UNION POR LA PATRIA,agrupacion,4406,PROVISORIO,2023_GENERAL_santafe_presidente_mesa.csv
2023,GENERAL,2023-10-22,PRESIDENTE Y VICE,21,Santa Fe,13,Rosario,03565,,COMANDO,comando,6,PROVISORIO,2023_GENERAL_santafe_presidente_mesa.csv
2023,GENERAL,2023-10-22,PRESIDENTE Y VICE,21,Santa Fe,13,Rosario,03565,,EN BLANCO,blancos,117,PROVISORIO,2023_GENERAL_santafe_presidente_mesa.csv
2023,GENERAL,2023-10-22,PRESIDENTE Y VICE,21,Santa Fe,13,Rosario,03565,,FRENTE DE IZQUIERDA Y DE TRABAJADORES - UNIDAD,agrupacion,132,PROVISORIO,2023_GENERAL_santafe_presidente_mesa.csv
2023,GENERAL,2023-10-22,PRESIDENTE Y VICE,21,Santa Fe,13,Rosario,03565,,HACEMOS POR NUESTRO PAIS,agrupacion,382,PROVISORIO,2023_GENERAL_santafe_presidente_mesa.csv
2023,GENERAL,2023-10-22,PRESIDENTE Y VICE,21,Santa Fe,13,Rosario,03565,,IMPUGNADO,impugnados,0,PROVISORIO,2023_GENERAL_santafe_presidente_mesa.csv
2023,GENERAL,2023-10-22,PRESIDENTE Y VICE,21,Santa Fe,13,Rosario,03565,,JUNTOS POR EL CAMBIO,agrupacion,768,PROVISORIO,2023_GENERAL_santafe_presidente_mesa.csv
2023,GENERAL,2023-10-22,PRESIDENTE Y VICE,21,Santa Fe,13,Rosario,03565,,LA LIBERTAD AVANZA,agrupacion,2558,PROVISORIO,2023_GENERAL_santafe_presidente_mesa.csv
2023,GENERAL,2023-10-22,PRESIDENTE Y VICE,21,Santa Fe,13,Rosario,03565,,NULO,nulos,131,PROVISORIO,2023_GENERAL_santafe_presidente_mesa.csv
2023,GENERAL,2023-10-22,PRESIDENTE Y VICE,21,Santa Fe,13,Rosario,03565,,RECURRIDO,recurridos,1,PROVISORIO,2023_GENERAL_santafe_presidente_mesa.csv
2023,GENERAL,2023-10-22,PRESIDENTE Y VICE,21,Santa Fe,13,Rosario,03565,,UNION POR LA PATRIA,agrupacion,3178,PROVISORIO,2023_GENERAL_santafe_presidente_mesa.csv
2023,GENERAL,2023-10-22,PRESIDENTE Y VICE,21,Santa Fe,13,Rosario,03570,,COMANDO,comando,1,PROVISORIO,2023_GENERAL_santafe_presidente_mesa.csv
2023,GENERAL,2023-10-22,PRESIDENTE Y VICE,21,Santa Fe,13,Rosario,03570,,EN BLANCO,blancos,26,PROVISORIO,2023_GENERAL_santafe_presidente_mesa.csv
2023,GENERAL,2023-10-22,PRESIDENTE Y VICE,21,Santa Fe,13,Rosario,03570,,FRENTE DE IZQUIERDA Y DE TRABAJADORES - UNIDAD,agrupacion,49,PROVISORIO,2023_GENERAL_santafe_presidente_mesa.csv
2023,GENERAL,2023-10-22,PRESIDENTE Y VICE,21,Santa Fe,13,Rosario,03570,,HACEMOS POR NUESTRO PAIS,agrupacion,297,PROVISORIO,2023_GENERAL_santafe_presidente_mesa.csv
2023,GENERAL,2023-10-22,PRESIDENTE Y VICE,21,Santa Fe,13,Rosario,03570,,IMPUGNADO,impugnados,0,PROVISORIO,2023_GENERAL_santafe_presidente_mesa.csv
2023,GENERAL,2023-10-22,PRESIDENTE Y VICE,21,Santa Fe,13,Rosario,03570,,JUNTOS POR EL CAMBIO,agrupacion,781,PROVISORIO,2023_GENERAL_santafe_presidente_mesa.csv
2023,GENERAL,2023-10-22,PRESIDENTE Y VICE,21,Santa Fe,13,Rosario,03570,,LA LIBERTAD AVANZA,agrupacion,1010,PROVISORIO,2023_GENERAL_santafe_presidente_mesa.csv
2023,GENERAL,2023-10-22,PRESIDENTE Y VICE,21,Santa Fe,13,Rosario,03570,,NULO,nulos,34,PROVISORIO,2023_GENERAL_santafe_presidente_mesa.csv
2023,GENERAL,2023-10-22,PRESIDENTE Y VICE,21,Santa Fe,13,Rosario,03570,,RECURRIDO,recurridos,1,PROVISORIO,2023_GENERAL_santafe_presidente_mesa.csv
2023,GENERAL,2023-10-22,PRESIDENTE Y VICE,21,Santa Fe,13,Rosario,03570,,UNION POR LA PATRIA,agrupacion,703,PROVISORIO,2023_GENERAL_santafe_presidente_mesa.csv
2023,GENERAL,2023-10-22,PRESIDENTE Y VICE,21,Santa Fe,13,Rosario,03580,,COMANDO,comando,0,PROVISORIO,2023_GENERAL_santafe_presidente_mesa.csv
2023,GENERAL,2023-10-22,PRESIDENTE Y VICE,21,Santa Fe,13,Rosario,03580,,EN BLANCO,blancos,10,PROVISORIO,2023_GENERAL_santafe_presidente_mesa.csv
2023,GENERAL,2023-10-22,PRESIDENTE Y VICE,21,Santa Fe,13,Rosario,03580,,FRENTE DE IZQUIERDA Y DE TRABAJADORES - UNIDAD,agrupacion,17,PROVISORIO,2023_GENERAL_santafe_presidente_mesa.csv
2023,GENERAL,2023-10-22,PRESIDENTE Y VICE,21,Santa Fe,13,Rosario,03580,,HACEMOS POR NUESTRO PAIS,agrupacion,107,PROVISORIO,2023_GENERAL_santafe_presidente_mesa.csv
2023,GENERAL,2023-10-22,PRESIDENTE Y VICE,21,Santa Fe,13,Rosario,03580,,IMPUGNADO,impugnados,0,PROVISORIO,2023_GENERAL_santafe_presidente_mesa.csv
2023,GENERAL,2023-10-22,PRESIDENTE Y VICE,21,Santa Fe,13,Rosario,03580,,JUNTOS POR EL CAMBIO,agrupacion,405,PROVISORIO,2023_GENERAL_santafe_presidente_mesa.csv
2023,GENERAL,2023-10-22,PRESIDENTE Y VICE,21,Santa Fe,13,Rosario,03580,,LA LIBERTAD AVANZA,agrupacion,362,PROVISORIO,2023_GENERAL_santafe_presidente_mesa.csv
2023,GENERAL,2023-10-22,PRESIDENTE Y VICE,21,Santa Fe,13,Rosario,03580,,NULO,nulos,7,PROVISORIO,2023_GENERAL_santafe_presidente_mesa.csv
2023,GENERAL,2023-10-22,PRESIDENTE Y VICE,21,Santa Fe,13,Rosario,03580,,RECURRIDO,recurridos,0,PROVISORIO,2023_GENERAL_santafe_presidente_mesa.csv
2023,GENERAL,2023-10-22,PRESIDENTE Y VICE,21,Santa Fe,13,Rosario,03580,,UNION POR LA PATRIA,agrupacion,252,PROVISORIO,2023_GENERAL_santafe_presidente_mesa.csv
2023,GENERAL,2023-10-22,PRESIDENTE Y VICE,21,Santa Fe,13,Rosario,03585,,COMANDO,comando,0,PROVISORIO,2023_GENERAL_santafe_presidente_mesa.csv
2023,GENERAL,2023-10-22,PRESIDENTE Y VICE,21,Santa Fe,13,Rosario,03585,,EN BLANCO,blancos,10,PROVISORIO,2023_GENERAL_santafe_presidente_mesa.csv
2023,GENERAL,2023-10-22,PRESIDENTE Y VICE,21,Santa Fe,13,Rosario,03585,,FRENTE DE IZQUIERDA Y DE TRABAJADORES - UNIDAD,agrupacion,10,PROVISORIO,2023_GENERAL_santafe_presidente_mesa.csv
2023,GENERAL,2023-10-22,PRESIDENTE Y VICE,21,Santa Fe,13,Rosario,03585,,HACEMOS POR NUESTRO PAIS,agrupacion,61,PROVISORIO,2023_GENERAL_santafe_presidente_mesa.csv
2023,GENERAL,2023-10-22,PRESIDENTE Y VICE,21,Santa Fe,13,Rosario,03585,,IMPUGNADO,impugnados,0,PROVISORIO,2023_GENERAL_santafe_presidente_mesa.csv
2023,GENERAL,2023-10-22,PRESIDENTE Y VICE,21,Santa Fe,13,Rosario,03585,,JUNTOS POR EL CAMBIO,agrupacion,279,PROVISORIO,2023_GENERAL_santafe_presidente_mesa.csv
2023,GENERAL,2023-10-22,PRESIDENTE Y VICE,21,Santa Fe,13,Rosario,03585,,LA LIBERTAD AVANZA,agrupacion,237,PROVISORIO,2023_GENERAL_santafe_presidente_mesa.csv
2023,GENERAL,2023-10-22,PRESIDENTE Y VICE,21,Santa Fe,13,Rosario,03585,,NULO,nulos,17,PROVISORIO,2023_GENERAL_santafe_presidente_mesa.csv
2023,GENERAL,2023-10-22,PRESIDENTE Y VICE,21,Santa Fe,13,Rosario,03585,,RECURRIDO,recurridos,0,PROVISORIO,2023_GENERAL_santafe_presidente_mesa.csv
2023,GENERAL,2023-10-22,PRESIDENTE Y VICE,21,Santa Fe,13,Rosario,03585,,UNION POR LA PATRIA,agrupacion,155,PROVISORIO,2023_GENERAL_santafe_presidente_mesa.csv
2023,GENERAL,2023-10-22,PRESIDENTE Y VICE,21,Santa Fe,13,Rosario,03600,,COMANDO,comando,2,PROVISORIO,2023_GENERAL_santafe_presidente_mesa.csv
2023,GENERAL,2023-10-22,PRESIDENTE Y VICE,21,Santa Fe,13,Rosario,03600,,EN BLANCO,blancos,230,PROVISORIO,2023_GENERAL_santafe_presidente_mesa.csv
2023,GENERAL,2023-10-22,PRESIDENTE Y VICE,21,Santa Fe,13,Rosario,03600,,FRENTE DE IZQUIERDA Y DE TRABAJADORES - UNIDAD,agrupacion,544,PROVISORIO,2023_GENERAL_santafe_presidente_mesa.csv
2023,GENERAL,2023-10-22,PRESIDENTE Y VICE,21,Santa Fe,13,Rosario,03600,,HACEMOS POR NUESTRO PAIS,agrupacion,1709,PROVISORIO,2023_GENERAL_santafe_presidente_mesa.csv
2023,GENERAL,2023-10-22,PRESIDENTE Y VICE,21,Santa Fe,13,Rosario,03600,,IMPUGNADO,impugnados,1,PROVISORIO,2023_GENERAL_santafe_presidente_mesa.csv
2023,GENERAL,2023-10-22,PRESIDENTE Y VICE,21,Santa Fe,13,Rosario,03600,,JUNTOS POR EL CAMBIO,agrupacion,3903,PROVISORIO,2023_GENERAL_santafe_presidente_mesa.csv
2023,GENERAL,2023-10-22,PRESIDENTE Y VICE,21,Santa Fe,13,Rosario,03600,,LA LIBERTAD AVANZA,agrupacion,6822,PROVISORIO,2023_GENERAL_santafe_presidente_mesa.csv
2023,GENERAL,2023-10-22,PRESIDENTE Y VICE,21,Santa Fe,13,Rosario,03600,,NULO,nulos,362,PROVISORIO,2023_GENERAL_santafe_presidente_mesa.csv
2023,GENERAL,2023-10-22,PRESIDENTE Y VICE,21,Santa Fe,13,Rosario,03600,,RECURRIDO,recurridos,0,PROVISORIO,2023_GENERAL_santafe_presidente_mesa.csv
2023,GENERAL,2023-10-22,PRESIDENTE Y VICE,21,Santa Fe,13,Rosario,03600,,UNION POR LA PATRIA,agrupacion,8256,PROVISORIO,2023_GENERAL_santafe_presidente_mesa.csv
2023,GENERAL,2023-10-22,PRESIDENTE Y VICE,21,Santa Fe,13,Rosario,03602,,COMANDO,comando,2,PROVISORIO,2023_GENERAL_santafe_presidente_mesa.csv
2023,GENERAL,2023-10-22,PRESIDENTE Y VICE,21,Santa Fe,13,Rosario,03602,,EN BLANCO,blancos,177,PROVISORIO,2023_GENERAL_santafe_presidente_mesa.csv
2023,GENERAL,2023-10-22,PRESIDENTE Y VICE,21,Santa Fe,13,Rosario,03602,,FRENTE DE IZQUIERDA Y DE TRABAJADORES - UNIDAD,agrupacion,586,PROVISORIO,2023_GENERAL_santafe_presidente_mesa.csv
2023,GENERAL,2023-10-22,PRESIDENTE Y VICE,21,Santa Fe,13,Rosario,03602,,HACEMOS POR NUESTRO PAIS,agrupacion,1618,PROVISORIO,2023_GENERAL_santafe_presidente_mesa.csv
2023,GENERAL,2023-10-22,PRESIDENTE Y VICE,21,Santa Fe,13,Rosario,03602,,IMPUGNADO,impugnados,0,PROVISORIO,2023_GENERAL_santafe_presidente_mesa.csv
2023,GENERAL,2023-10-22,PRESIDENTE Y VICE,21,Santa Fe,13,Rosario,03602,,JUNTOS POR EL CAMBIO,agrupacion,3117,PROVISORIO,2023_GENERAL_santafe_presidente_mesa.csv
2023,GENERAL,2023-10-22,PRESIDENTE Y VICE,21,Santa Fe,13,Rosario,03602,,LA LIBERTAD AVANZA,agrupacion,6080,PROVISORIO,2023_GENERAL_santafe_presidente_mesa.csv
2023,GENERAL,2023-10-22,PRESIDENTE Y VICE,21,Santa Fe,13,Rosario,03602,,NULO,nulos,324,PROVISORIO,2023_GENERAL_santafe_presidente_mesa.csv
2023,GENERAL,2023-10-22,PRESIDENTE Y VICE,21,Santa Fe,13,Rosario,03602,,RECURRIDO,recurridos,1,PROVISORIO,2023_GENERAL_santafe_presidente_mesa.csv
2023,GENERAL,2023-10-22,PRESIDENTE Y VICE,21,Santa Fe,13,Rosario,03602,,UNION POR LA PATRIA,agrupacion,7304,PROVISORIO,2023_GENERAL_santafe_presidente_mesa.csv
2023,GENERAL,2023-10-22,PRESIDENTE Y VICE,21,Santa Fe,13,Rosario,03604,,COMANDO,comando,2,PROVISORIO,2023_GENERAL_santafe_presidente_mesa.csv
2023,GENERAL,2023-10-22,PRESIDENTE Y VICE,21,Santa Fe,13,Rosario,03604,,EN BLANCO,blancos,207,PROVISORIO,2023_GENERAL_santafe_presidente_mesa.csv
2023,GENERAL,2023-10-22,PRESIDENTE Y VICE,21,Santa Fe,13,Rosario,03604,,FRENTE DE IZQUIERDA Y DE TRABAJADORES - UNIDAD,agrupacion,386,PROVISORIO,2023_GENERAL_santafe_presidente_mesa.csv
2023,GENERAL,2023-10-22,PRESIDENTE Y VICE,21,Santa Fe,13,Rosario,03604,,HACEMOS POR NUESTRO PAIS,agrupacion,1072,PROVISORIO,2023_GENERAL_santafe_presidente_mesa.csv
2023,GENERAL,2023-10-22,PRESIDENTE Y VICE,21,Santa Fe,13,Rosario,03604,,IMPUGNADO,impugnados,9,PROVISORIO,2023_GENERAL_santafe_presidente_mesa.csv
2023,GENERAL,2023-10-22,PRESIDENTE Y VICE,21,Santa Fe,13,Rosario,03604,,JUNTOS POR EL CAMBIO,agrupacion,1574,PROVISORIO,2023_GENERAL_santafe_presidente_mesa.csv
2023,GENERAL,2023-10-22,PRESIDENTE Y VICE,21,Santa Fe,13,Rosario,03604,,LA LIBERTAD AVANZA,agrupacion,4496,PROVISORIO,2023_GENERAL_santafe_presidente_mesa.csv
2023,GENERAL,2023-10-22,PRESIDENTE Y VICE,21,Santa Fe,13,Rosario,03604,,NULO,nulos,307,PROVISORIO,2023_GENERAL_santafe_presidente_mesa.csv
2023,GENERAL,2023-10-22,PRESIDENTE Y VICE,21,Santa Fe,13,Rosario,03604,,RECURRIDO,recurridos,0,PROVISORIO,2023_GENERAL_santafe_presidente_mesa.csv
2023,GENERAL,2023-10-22,PRESIDENTE Y VICE,21,Santa Fe,13,Rosario,03604,,UNION POR LA PATRIA,agrupacion,6876,PROVISORIO,2023_GENERAL_santafe_presidente_mesa.csv
2023,GENERAL,2023-10-22,PRESIDENTE Y VICE,21,Santa Fe,13,Rosario,03610,,COMANDO,comando,0,PROVISORIO,2023_GENERAL_santafe_presidente_mesa.csv
2023,GENERAL,2023-10-22,PRESIDENTE Y VICE,21,Santa Fe,13,Rosario,03610,,EN BLANCO,blancos,38,PROVISORIO,2023_GENERAL_santafe_presidente_mesa.csv
2023,GENERAL,2023-10-22,PRESIDENTE Y VICE,21,Santa Fe,13,Rosario,03610,,FRENTE DE IZQUIERDA Y DE TRABAJADORES - UNIDAD,agrupacion,88,PROVISORIO,2023_GENERAL_santafe_presidente_mesa.csv
2023,GENERAL,2023-10-22,PRESIDENTE Y VICE,21,Santa Fe,13,Rosario,03610,,HACEMOS POR NUESTRO PAIS,agrupacion,476,PROVISORIO,2023_GENERAL_santafe_presidente_mesa.csv
2023,GENERAL,2023-10-22,PRESIDENTE Y VICE,21,Santa Fe,13,Rosario,03610,,IMPUGNADO,impugnados,0,PROVISORIO,2023_GENERAL_santafe_presidente_mesa.csv
2023,GENERAL,2023-10-22,PRESIDENTE Y VICE,21,Santa Fe,13,Rosario,03610,,JUNTOS POR EL CAMBIO,agrupacion,852,PROVISORIO,2023_GENERAL_santafe_presidente_mesa.csv
2023,GENERAL,2023-10-22,PRESIDENTE Y VICE,21,Santa Fe,13,Rosario,03610,,LA LIBERTAD AVANZA,agrupacion,1645,PROVISORIO,2023_GENERAL_santafe_presidente_mesa.csv
2023,GENERAL,2023-10-22,PRESIDENTE Y VICE,21,Santa Fe,13,Rosario,03610,,NULO,nulos,78,PROVISORIO,2023_GENERAL_santafe_presidente_mesa.csv
2023,GENERAL,2023-10-22,PRESIDENTE Y VICE,21,Santa Fe,13,Rosario,03610,,RECURRIDO,recurridos,0,PROVISORIO,2023_GENERAL_santafe_presidente_mesa.csv
2023,GENERAL,2023-10-22,PRESIDENTE Y VICE,21,Santa Fe,13,Rosario,03610,,UNION POR LA PATRIA,agrupacion,1475,PROVISORIO,2023_GENERAL_santafe_presidente_mesa.csv
2023,GENERAL,2023-10-22,PRESIDENTE Y VICE,21,Santa Fe,13,Rosario,03615,,COMANDO,comando,0,PROVISORIO,2023_GENERAL_santafe_presidente_mesa.csv
2023,GENERAL,2023-10-22,PRESIDENTE Y VICE,21,Santa Fe,13,Rosario,03615,,EN BLANCO,blancos,38,PROVISORIO,2023_GENERAL_santafe_presidente_mesa.csv
2023,GENERAL,2023-10-22,PRESIDENTE Y VICE,21,Santa Fe,13,Rosario,03615,,FRENTE DE IZQUIERDA Y DE TRABAJADORES - UNIDAD,agrupacion,83,PROVISORIO,2023_GENERAL_santafe_presidente_mesa.csv
2023,GENERAL,2023-10-22,PRESIDENTE Y VICE,21,Santa Fe,13,Rosario,03615,,HACEMOS POR NUESTRO PAIS,agrupacion,308,PROVISORIO,2023_GENERAL_santafe_presidente_mesa.csv
2023,GENERAL,2023-10-22,PRESIDENTE Y VICE,21,Santa Fe,13,Rosario,03615,,IMPUGNADO,impugnados,2,PROVISORIO,2023_GENERAL_santafe_presidente_mesa.csv
2023,GENERAL,2023-10-22,PRESIDENTE Y VICE,21,Santa Fe,13,Rosario,03615,,JUNTOS POR EL CAMBIO,agrupacion,671,PROVISORIO,2023_GENERAL_santafe_presidente_mesa.csv
2023,GENERAL,2023-10-22,PRESIDENTE Y VICE,21,Santa Fe,13,Rosario,03615,,LA LIBERTAD AVANZA,agrupacion,1234,PROVISORIO,2023_GENERAL_santafe_presidente_mesa.csv
2023,GENERAL,2023-10-22,PRESIDENTE Y VICE,21,Santa Fe,13,Rosario,03615,,NULO,nulos,46,PROVISORIO,2023_GENERAL_santafe_presidente_mesa.csv
2023,GENERAL,2023-10-22,PRESIDENTE Y VICE,21,Santa Fe,13,Rosario,03615,,RECURRIDO,recurridos,0,PROVISORIO,2023_GENERAL_santafe_presidente_mesa.csv
2023,GENERAL,2023-10-22,PRESIDENTE Y VICE,21,Santa Fe,13,Rosario,03615,,UNION POR LA PATRIA,agrupacion,1195,PROVISORIO,2023_GENERAL_santafe_presidente_mesa.csv
2023,GENERAL,2023-10-22,PRESIDENTE Y VICE,21,Santa Fe,13,Rosario,03620,,COMANDO,comando,1,PROVISORIO,2023_GENERAL_santafe_presidente_mesa.csv
2023,GENERAL,2023-10-22,PRESIDENTE Y VICE,21,Santa Fe,13,Rosario,03620,,EN BLANCO,blancos,52,PROVISORIO,2023_GENERAL_santafe_presidente_mesa.csv
2023,GENERAL,2023-10-22,PRESIDENTE Y VICE,21,Santa Fe,13,Rosario,03620,,FRENTE DE IZQUIERDA Y DE TRABAJADORES - UNIDAD,agrupacion,209,PROVISORIO,2023_GENERAL_santafe_presidente_mesa.csv
2023,GENERAL,2023-10-22,PRESIDENTE Y VICE,21,Santa Fe,13,Rosario,03620,,HACEMOS POR NUESTRO PAIS,agrupacion,753,PROVISORIO,2023_GENERAL_santafe_presidente_mesa.csv
2023,GENERAL,2023-10-22,PRESIDENTE Y VICE,21,Santa Fe,13,Rosario,03620,,IMPUGNADO,impugnados,0,PROVISORIO,2023_GENERAL_santafe_presidente_mesa.csv
2023,GENERAL,2023-10-22,PRESIDENTE Y VICE,21,Santa Fe,13,Rosario,03620,,JUNTOS POR EL CAMBIO,agrupacion,1849,PROVISORIO,2023_GENERAL_santafe_presidente_mesa.csv
2023,GENERAL,2023-10-22,PRESIDENTE Y VICE,21,Santa Fe,13,Rosario,03620,,LA LIBERTAD AVANZA,agrupacion,2870,PROVISORIO,2023_GENERAL_santafe_presidente_mesa.csv
2023,GENERAL,2023-10-22,PRESIDENTE Y VICE,21,Santa Fe,13,Rosario,03620,,NULO,nulos,126,PROVISORIO,2023_GENERAL_santafe_presidente_mesa.csv
2023,GENERAL,2023-10-22,PRESIDENTE Y VICE,21,Santa Fe,13,Rosario,03620,,RECURRIDO,recurridos,3,PROVISORIO,2023_GENERAL_santafe_presidente_mesa.csv
2023,GENERAL,2023-10-22,PRESIDENTE Y VICE,21,Santa Fe,13,Rosario,03620,,UNION POR LA PATRIA,agrupacion,2392,PROVISORIO,2023_GENERAL_santafe_presidente_mesa.csv
2023,GENERAL,2023-10-22,PRESIDENTE Y VICE,21,Santa Fe,13,Rosario,03625,,COMANDO,comando,1,PROVISORIO,2023_GENERAL_santafe_presidente_mesa.csv
2023,GENERAL,2023-10-22,PRESIDENTE Y VICE,21,Santa Fe,13,Rosario,03625,,EN BLANCO,blancos,64,PROVISORIO,2023_GENERAL_santafe_presidente_mesa.csv
2023,GENERAL,2023-10-22,PRESIDENTE Y VICE,21,Santa Fe,13,Rosario,03625,,FRENTE DE IZQUIERDA Y DE TRABAJADORES - UNIDAD,agrupacion,62,PROVISORIO,2023_GENERAL_santafe_presidente_mesa.csv
2023,GENERAL,2023-10-22,PRESIDENTE Y VICE,21,Santa Fe,13,Rosario,03625,,HACEMOS POR NUESTRO PAIS,agrupacion,419,PROVISORIO,2023_GENERAL_santafe_presidente_mesa.csv
2023,GENERAL,2023-10-22,PRESIDENTE Y VICE,21,Santa Fe,13,Rosario,03625,,IMPUGNADO,impugnados,0,PROVISORIO,2023_GENERAL_santafe_presidente_mesa.csv
2023,GENERAL,2023-10-22,PRESIDENTE Y VICE,21,Santa Fe,13,Rosario,03625,,JUNTOS POR EL CAMBIO,agrupacion,1042,PROVISORIO,2023_GENERAL_santafe_presidente_mesa.csv
2023,GENERAL,2023-10-22,PRESIDENTE Y VICE,21,Santa Fe,13,Rosario,03625,,LA LIBERTAD AVANZA,agrupacion,1637,PROVISORIO,2023_GENERAL_santafe_presidente_mesa.csv
2023,GENERAL,2023-10-22,PRESIDENTE Y VICE,21,Santa Fe,13,Rosario,03625,,NULO,nulos,63,PROVISORIO,2023_GENERAL_santafe_presidente_mesa.csv
2023,GENERAL,2023-10-22,PRESIDENTE Y VICE,21,Santa Fe,13,Rosario,03625,,RECURRIDO,recurridos,0,PROVISORIO,2023_GENERAL_santafe_presidente_mesa.csv
2023,GENERAL,2023-10-22,PRESIDENTE Y VICE,21,Santa Fe,13,Rosario,03625,,UNION POR LA PATRIA,agrupacion,976,PROVISORIO,2023_GENERAL_santafe_presidente_mesa.csv
2023,GENERAL,2023-10-22,PRESIDENTE Y VICE,21,Santa Fe,14,Caseros,03640,,COMANDO,comando,2,PROVISORIO,2023_GENERAL_santafe_presidente_mesa.csv
2023,GENERAL,2023-10-22,PRESIDENTE Y VICE,21,Santa Fe,14,Caseros,03640,,EN BLANCO,blancos,41,PROVISORIO,2023_GENERAL_santafe_presidente_mesa.csv
2023,GENERAL,2023-10-22,PRESIDENTE Y VICE,21,Santa Fe,14,Caseros,03640,,FRENTE DE IZQUIERDA Y DE TRABAJADORES - UNIDAD,agrupacion,89,PROVISORIO,2023_GENERAL_santafe_presidente_mesa.csv
2023,GENERAL,2023-10-22,PRESIDENTE Y VICE,21,Santa Fe,14,Caseros,03640,,HACEMOS POR NUESTRO PAIS,agrupacion,590,PROVISORIO,2023_GENERAL_santafe_presidente_mesa.csv
2023,GENERAL,2023-10-22,PRESIDENTE Y VICE,21,Santa Fe,14,Caseros,03640,,IMPUGNADO,impugnados,2,PROVISORIO,2023_GENERAL_santafe_presidente_mesa.csv
2023,GENERAL,2023-10-22,PRESIDENTE Y VICE,21,Santa Fe,14,Caseros,03640,,JUNTOS POR EL CAMBIO,agrupacion,1199,PROVISORIO,2023_GENERAL_santafe_presidente_mesa.csv
2023,GENERAL,2023-10-22,PRESIDENTE Y VICE,21,Santa Fe,14,Caseros,03640,,LA LIBERTAD AVANZA,agrupacion,1653,PROVISORIO,2023_GENERAL_santafe_presidente_mesa.csv
2023,GENERAL,2023-10-22,PRESIDENTE Y VICE,21,Santa Fe,14,Caseros,03640,,NULO,nulos,28,PROVISORIO,2023_GENERAL_santafe_presidente_mesa.csv
2023,GENERAL,2023-10-22,PRESIDENTE Y VICE,21,Santa Fe,14,Caseros,03640,,RECURRIDO,recurridos,0,PROVISORIO,2023_GENERAL_santafe_presidente_mesa.csv
2023,GENERAL,2023-10-22,PRESIDENTE Y VICE,21,Santa Fe,14,Caseros,03640,,UNION POR LA PATRIA,agrupacion,1218,PROVISORIO,2023_GENERAL_santafe_presidente_mesa.csv
2023,GENERAL,2023-10-22,PRESIDENTE Y VICE,21,Santa Fe,14,Caseros,03650,,COMANDO,comando,0,PROVISORIO,2023_GENERAL_santafe_presidente_mesa.csv
2023,GENERAL,2023-10-22,PRESIDENTE Y VICE,21,Santa Fe,14,Caseros,03650,,EN BLANCO,blancos,31,PROVISORIO,2023_GENERAL_santafe_presidente_mesa.csv
2023,GENERAL,2023-10-22,PRESIDENTE Y VICE,21,Santa Fe,14,Caseros,03650,,FRENTE DE IZQUIERDA Y DE TRABAJADORES - UNIDAD,agrupacion,31,PROVISORIO,2023_GENERAL_santafe_presidente_mesa.csv
2023,GENERAL,2023-10-22,PRESIDENTE Y VICE,21,Santa Fe,14,Caseros,03650,,HACEMOS POR NUESTRO PAIS,agrupacion,274,PROVISORIO,2023_GENERAL_santafe_presidente_mesa.csv
2023,GENERAL,2023-10-22,PRESIDENTE Y VICE,21,Santa Fe,14,Caseros,03650,,IMPUGNADO,impugnados,0,PROVISORIO,2023_GENERAL_santafe_presidente_mesa.csv
2023,GENERAL,2023-10-22,PRESIDENTE Y VICE,21,Santa Fe,14,Caseros,03650,,JUNTOS POR EL CAMBIO,agrupacion,672,PROVISORIO,2023_GENERAL_santafe_presidente_mesa.csv
2023,GENERAL,2023-10-22,PRESIDENTE Y VICE,21,Santa Fe,14,Caseros,03650,,LA LIBERTAD AVANZA,agrupacion,812,PROVISORIO,2023_GENERAL_santafe_presidente_mesa.csv
2023,GENERAL,2023-10-22,PRESIDENTE Y VICE,21,Santa Fe,14,Caseros,03650,,NULO,nulos,11,PROVISORIO,2023_GENERAL_santafe_presidente_mesa.csv
2023,GENERAL,2023-10-22,PRESIDENTE Y VICE,21,Santa Fe,14,Caseros,03650,,RECURRIDO,recurridos,0,PROVISORIO,2023_GENERAL_santafe_presidente_mesa.csv
2023,GENERAL,2023-10-22,PRESIDENTE Y VICE,21,Santa Fe,14,Caseros,03650,,UNION POR LA PATRIA,agrupacion,394,PROVISORIO,2023_GENERAL_santafe_presidente_mesa.csv
2023,GENERAL,2023-10-22,PRESIDENTE Y VICE,21,Santa Fe,14,Caseros,03660,,COMANDO,comando,0,PROVISORIO,2023_GENERAL_santafe_presidente_mesa.csv
2023,GENERAL,2023-10-22,PRESIDENTE Y VICE,21,Santa Fe,14,Caseros,03660,,EN BLANCO,blancos,5,PROVISORIO,2023_GENERAL_santafe_presidente_mesa.csv
2023,GENERAL,2023-10-22,PRESIDENTE Y VICE,21,Santa Fe,14,Caseros,03660,,FRENTE DE IZQUIERDA Y DE TRABAJADORES - UNIDAD,agrupacion,23,PROVISORIO,2023_GENERAL_santafe_presidente_mesa.csv
2023,GENERAL,2023-10-22,PRESIDENTE Y VICE,21,Santa Fe,14,Caseros,03660,,HACEMOS POR NUESTRO PAIS,agrupacion,177,PROVISORIO,2023_GENERAL_santafe_presidente_mesa.csv
2023,GENERAL,2023-10-22,PRESIDENTE Y VICE,21,Santa Fe,14,Caseros,03660,,IMPUGNADO,impugnados,0,PROVISORIO,2023_GENERAL_santafe_presidente_mesa.csv
2023,GENERAL,2023-10-22,PRESIDENTE Y VICE,21,Santa Fe,14,Caseros,03660,,JUNTOS POR EL CAMBIO,agrupacion,455,PROVISORIO,2023_GENERAL_santafe_presidente_mesa.csv
2023,GENERAL,2023-10-22,PRESIDENTE Y VICE,21,Santa Fe,14,Caseros,03660,,LA LIBERTAD AVANZA,agrupacion,431,PROVISORIO,2023_GENERAL_santafe_presidente_mesa.csv
2023,GENERAL,2023-10-22,PRESIDENTE Y VICE,21,Santa Fe,14,Caseros,03660,,NULO,nulos,4,PROVISORIO,2023_GENERAL_santafe_presidente_mesa.csv
2023,GENERAL,2023-10-22,PRESIDENTE Y VICE,21,Santa Fe,14,Caseros,03660,,RECURRIDO,recurridos,0,PROVISORIO,2023_GENERAL_santafe_presidente_mesa.csv
2023,GENERAL,2023-10-22,PRESIDENTE Y VICE,21,Santa Fe,14,Caseros,03660,,UNION POR LA PATRIA,agrupacion,229,PROVISORIO,2023_GENERAL_santafe_presidente_mesa.csv
2023,GENERAL,2023-10-22,PRESIDENTE Y VICE,21,Santa Fe,14,Caseros,03670,,COMANDO,comando,0,PROVISORIO,2023_GENERAL_santafe_presidente_mesa.csv
2023,GENERAL,2023-10-22,PRESIDENTE Y VICE,21,Santa Fe,14,Caseros,03670,,EN BLANCO,blancos,31,PROVISORIO,2023_GENERAL_santafe_presidente_mesa.csv
2023,GENERAL,2023-10-22,PRESIDENTE Y VICE,21,Santa Fe,14,Caseros,03670,,FRENTE DE IZQUIERDA Y DE TRABAJADORES - UNIDAD,agrupacion,84,PROVISORIO,2023_GENERAL_santafe_presidente_mesa.csv
2023,GENERAL,2023-10-22,PRESIDENTE Y VICE,21,Santa Fe,14,Caseros,03670,,HACEMOS POR NUESTRO PAIS,agrupacion,391,PROVISORIO,2023_GENERAL_santafe_presidente_mesa.csv
2023,GENERAL,2023-10-22,PRESIDENTE Y VICE,21,Santa Fe,14,Caseros,03670,,IMPUGNADO,impugnados,0,PROVISORIO,2023_GENERAL_santafe_presidente_mesa.csv
2023,GENERAL,2023-10-22,PRESIDENTE Y VICE,21,Santa Fe,14,Caseros,03670,,JUNTOS POR EL CAMBIO,agrupacion,1133,PROVISORIO,2023_GENERAL_santafe_presidente_mesa.csv
2023,GENERAL,2023-10-22,PRESIDENTE Y VICE,21,Santa Fe,14,Caseros,03670,,LA LIBERTAD AVANZA,agrupacion,1108,PROVISORIO,2023_GENERAL_santafe_presidente_mesa.csv
2023,GENERAL,2023-10-22,PRESIDENTE Y VICE,21,Santa Fe,14,Caseros,03670,,NULO,nulos,38,PROVISORIO,2023_GENERAL_santafe_presidente_mesa.csv
2023,GENERAL,2023-10-22,PRESIDENTE Y VICE,21,Santa Fe,14,Caseros,03670,,RECURRIDO,recurridos,0,PROVISORIO,2023_GENERAL_santafe_presidente_mesa.csv
2023,GENERAL,2023-10-22,PRESIDENTE Y VICE,21,Santa Fe,14,Caseros,03670,,UNION POR LA PATRIA,agrupacion,904,PROVISORIO,2023_GENERAL_santafe_presidente_mesa.csv
2023,GENERAL,2023-10-22,PRESIDENTE Y VICE,21,Santa Fe,14,Caseros,03680,,COMANDO,comando,3,PROVISORIO,2023_GENERAL_santafe_presidente_mesa.csv
2023,GENERAL,2023-10-22,PRESIDENTE Y VICE,21,Santa Fe,14,Caseros,03680,,EN BLANCO,blancos,232,PROVISORIO,2023_GENERAL_santafe_presidente_mesa.csv
2023,GENERAL,2023-10-22,PRESIDENTE Y VICE,21,Santa Fe,14,Caseros,03680,,FRENTE DE IZQUIERDA Y DE TRABAJADORES - UNIDAD,agrupacion,422,PROVISORIO,2023_GENERAL_santafe_presidente_mesa.csv
2023,GENERAL,2023-10-22,PRESIDENTE Y VICE,21,Santa Fe,14,Caseros,03680,,HACEMOS POR NUESTRO PAIS,agrupacion,3403,PROVISORIO,2023_GENERAL_santafe_presidente_mesa.csv
2023,GENERAL,2023-10-22,PRESIDENTE Y VICE,21,Santa Fe,14,Caseros,03680,,IMPUGNADO,impugnados,0,PROVISORIO,2023_GENERAL_santafe_presidente_mesa.csv
2023,GENERAL,2023-10-22,PRESIDENTE Y VICE,21,Santa Fe,14,Caseros,03680,,JUNTOS POR EL CAMBIO,agrupacion,6536,PROVISORIO,2023_GENERAL_santafe_presidente_mesa.csv
2023,GENERAL,2023-10-22,PRESIDENTE Y VICE,21,Santa Fe,14,Caseros,03680,,LA LIBERTAD AVANZA,agrupacion,7511,PROVISORIO,2023_GENERAL_santafe_presidente_mesa.csv
2023,GENERAL,2023-10-22,PRESIDENTE Y VICE,21,Santa Fe,14,Caseros,03680,,NULO,nulos,349,PROVISORIO,2023_GENERAL_santafe_presidente_mesa.csv
2023,GENERAL,2023-10-22,PRESIDENTE Y VICE,21,Santa Fe,14,Caseros,03680,,RECURRIDO,recurridos,0,PROVISORIO,2023_GENERAL_santafe_presidente_mesa.csv
2023,GENERAL,2023-10-22,PRESIDENTE Y VICE,21,Santa Fe,14,Caseros,03680,,UNION POR LA PATRIA,agrupacion,5101,PROVISORIO,2023_GENERAL_santafe_presidente_mesa.csv
2023,GENERAL,2023-10-22,PRESIDENTE Y VICE,21,Santa Fe,14,Caseros,03690,,COMANDO,comando,0,PROVISORIO,2023_GENERAL_santafe_presidente_mesa.csv
2023,GENERAL,2023-10-22,PRESIDENTE Y VICE,21,Santa Fe,14,Caseros,03690,,EN BLANCO,blancos,44,PROVISORIO,2023_GENERAL_santafe_presidente_mesa.csv
2023,GENERAL,2023-10-22,PRESIDENTE Y VICE,21,Santa Fe,14,Caseros,03690,,FRENTE DE IZQUIERDA Y DE TRABAJADORES - UNIDAD,agrupacion,12,PROVISORIO,2023_GENERAL_santafe_presidente_mesa.csv
2023,GENERAL,2023-10-22,PRESIDENTE Y VICE,21,Santa Fe,14,Caseros,03690,,HACEMOS POR NUESTRO PAIS,agrupacion,105,PROVISORIO,2023_GENERAL_santafe_presidente_mesa.csv
2023,GENERAL,2023-10-22,PRESIDENTE Y VICE,21,Santa Fe,14,Caseros,03690,,IMPUGNADO,impugnados,0,PROVISORIO,2023_GENERAL_santafe_presidente_mesa.csv
2023,GENERAL,2023-10-22,PRESIDENTE Y VICE,21,Santa Fe,14,Caseros,03690,,JUNTOS POR EL CAMBIO,agrupacion,152,PROVISORIO,2023_GENERAL_santafe_presidente_mesa.csv
2023,GENERAL,2023-10-22,PRESIDENTE Y VICE,21,Santa Fe,14,Caseros,03690,,LA LIBERTAD AVANZA,agrupacion,284,PROVISORIO,2023_GENERAL_santafe_presidente_mesa.csv
2023,GENERAL,2023-10-22,PRESIDENTE Y VICE,21,Santa Fe,14,Caseros,03690,,NULO,nulos,4,PROVISORIO,2023_GENERAL_santafe_presidente_mesa.csv
2023,GENERAL,2023-10-22,PRESIDENTE Y VICE,21,Santa Fe,14,Caseros,03690,,RECURRIDO,recurridos,0,PROVISORIO,2023_GENERAL_santafe_presidente_mesa.csv
2023,GENERAL,2023-10-22,PRESIDENTE Y VICE,21,Santa Fe,14,Caseros,03690,,UNION POR LA PATRIA,agrupacion,181,PROVISORIO,2023_GENERAL_santafe_presidente_mesa.csv
2023,GENERAL,2023-10-22,PRESIDENTE Y VICE,21,Santa Fe,14,Caseros,03700,,COMANDO,comando,0,PROVISORIO,2023_GENERAL_santafe_presidente_mesa.csv
2023,GENERAL,2023-10-22,PRESIDENTE Y VICE,21,Santa Fe,14,Caseros,03700,,EN BLANCO,blancos,55,PROVISORIO,2023_GENERAL_santafe_presidente_mesa.csv
2023,GENERAL,2023-10-22,PRESIDENTE Y VICE,21,Santa Fe,14,Caseros,03700,,FRENTE DE IZQUIERDA Y DE TRABAJADORES - UNIDAD,agrupacion,58,PROVISORIO,2023_GENERAL_santafe_presidente_mesa.csv
2023,GENERAL,2023-10-22,PRESIDENTE Y VICE,21,Santa Fe,14,Caseros,03700,,HACEMOS POR NUESTRO PAIS,agrupacion,509,PROVISORIO,2023_GENERAL_santafe_presidente_mesa.csv
2023,GENERAL,2023-10-22,PRESIDENTE Y VICE,21,Santa Fe,14,Caseros,03700,,IMPUGNADO,impugnados,6,PROVISORIO,2023_GENERAL_santafe_presidente_mesa.csv
2023,GENERAL,2023-10-22,PRESIDENTE Y VICE,21,Santa Fe,14,Caseros,03700,,JUNTOS POR EL CAMBIO,agrupacion,1367,PROVISORIO,2023_GENERAL_santafe_presidente_mesa.csv
2023,GENERAL,2023-10-22,PRESIDENTE Y VICE,21,Santa Fe,14,Caseros,03700,,LA LIBERTAD AVANZA,agrupacion,1796,PROVISORIO,2023_GENERAL_santafe_presidente_mesa.csv
2023,GENERAL,2023-10-22,PRESIDENTE Y VICE,21,Santa Fe,14,Caseros,03700,,NULO,nulos,41,PROVISORIO,2023_GENERAL_santafe_presidente_mesa.csv
2023,GENERAL,2023-10-22,PRESIDENTE Y VICE,21,Santa Fe,14,Caseros,03700,,RECURRIDO,recurridos,0,PROVISORIO,2023_GENERAL_santafe_presidente_mesa.csv
2023,GENERAL,2023-10-22,PRESIDENTE Y VICE,21,Santa Fe,14,Caseros,03700,,UNION POR LA PATRIA,agrupacion,1076,PROVISORIO,2023_GENERAL_santafe_presidente_mesa.csv
2023,GENERAL,2023-10-22,PRESIDENTE Y VICE,21,Santa Fe,14,Caseros,03710,,COMANDO,comando,2,PROVISORIO,2023_GENERAL_santafe_presidente_mesa.csv
2023,GENERAL,2023-10-22,PRESIDENTE Y VICE,21,Santa Fe,14,Caseros,03710,,EN BLANCO,blancos,29,PROVISORIO,2023_GENERAL_santafe_presidente_mesa.csv
2023,GENERAL,2023-10-22,PRESIDENTE Y VICE,21,Santa Fe,14,Caseros,03710,,FRENTE DE IZQUIERDA Y DE TRABAJADORES - UNIDAD,agrupacion,55,PROVISORIO,2023_GENERAL_santafe_presidente_mesa.csv
2023,GENERAL,2023-10-22,PRESIDENTE Y VICE,21,Santa Fe,14,Caseros,03710,,HACEMOS POR NUESTRO PAIS,agrupacion,534,PROVISORIO,2023_GENERAL_santafe_presidente_mesa.csv
2023,GENERAL,2023-10-22,PRESIDENTE Y VICE,21,Santa Fe,14,Caseros,03710,,IMPUGNADO,impugnados,0,PROVISORIO,2023_GENERAL_santafe_presidente_mesa.csv
2023,GENERAL,2023-10-22,PRESIDENTE Y VICE,21,Santa Fe,14,Caseros,03710,,JUNTOS POR EL CAMBIO,agrupacion,1268,PROVISORIO,2023_GENERAL_santafe_presidente_mesa.csv
2023,GENERAL,2023-10-22,PRESIDENTE Y VICE,21,Santa Fe,14,Caseros,03710,,LA LIBERTAD AVANZA,agrupacion,1170,PROVISORIO,2023_GENERAL_santafe_presidente_mesa.csv
2023,GENERAL,2023-10-22,PRESIDENTE Y VICE,21,Santa Fe,14,Caseros,03710,,NULO,nulos,21,PROVISORIO,2023_GENERAL_santafe_presidente_mesa.csv
2023,GENERAL,2023-10-22,PRESIDENTE Y VICE,21,Santa Fe,14,Caseros,03710,,RECURRIDO,recurridos,0,PROVISORIO,2023_GENERAL_santafe_presidente_mesa.csv
2023,GENERAL,2023-10-22,PRESIDENTE Y VICE,21,Santa Fe,14,Caseros,03710,,UNION POR LA PATRIA,agrupacion,611,PROVISORIO,2023_GENERAL_santafe_presidente_mesa.csv
2023,GENERAL,2023-10-22,PRESIDENTE Y VICE,21,Santa Fe,14,Caseros,03720,,COMANDO,comando,0,PROVISORIO,2023_GENERAL_santafe_presidente_mesa.csv
2023,GENERAL,2023-10-22,PRESIDENTE Y VICE,21,Santa Fe,14,Caseros,03720,,EN BLANCO,blancos,24,PROVISORIO,2023_GENERAL_santafe_presidente_mesa.csv
2023,GENERAL,2023-10-22,PRESIDENTE Y VICE,21,Santa Fe,14,Caseros,03720,,FRENTE DE IZQUIERDA Y DE TRABAJADORES - UNIDAD,agrupacion,18,PROVISORIO,2023_GENERAL_santafe_presidente_mesa.csv
2023,GENERAL,2023-10-22,PRESIDENTE Y VICE,21,Santa Fe,14,Caseros,03720,,HACEMOS POR NUESTRO PAIS,agrupacion,159,PROVISORIO,2023_GENERAL_santafe_presidente_mesa.csv
2023,GENERAL,2023-10-22,PRESIDENTE Y VICE,21,Santa Fe,14,Caseros,03720,,IMPUGNADO,impugnados,0,PROVISORIO,2023_GENERAL_santafe_presidente_mesa.csv
2023,GENERAL,2023-10-22,PRESIDENTE Y VICE,21,Santa Fe,14,Caseros,03720,,JUNTOS POR EL CAMBIO,agrupacion,289,PROVISORIO,2023_GENERAL_santafe_presidente_mesa.csv
2023,GENERAL,2023-10-22,PRESIDENTE Y VICE,21,Santa Fe,14,Caseros,03720,,LA LIBERTAD AVANZA,agrupacion,473,PROVISORIO,2023_GENERAL_santafe_presidente_mesa.csv
2023,GENERAL,2023-10-22,PRESIDENTE Y VICE,21,Santa Fe,14,Caseros,03720,,NULO,nulos,7,PROVISORIO,2023_GENERAL_santafe_presidente_mesa.csv
2023,GENERAL,2023-10-22,PRESIDENTE Y VICE,21,Santa Fe,14,Caseros,03720,,RECURRIDO,recurridos,0,PROVISORIO,2023_GENERAL_santafe_presidente_mesa.csv
2023,GENERAL,2023-10-22,PRESIDENTE Y VICE,21,Santa Fe,14,Caseros,03720,,UNION POR LA PATRIA,agrupacion,204,PROVISORIO,2023_GENERAL_santafe_presidente_mesa.csv
2023,GENERAL,2023-10-22,PRESIDENTE Y VICE,21,Santa Fe,14,Caseros,03730,,COMANDO,comando,0,PROVISORIO,2023_GENERAL_santafe_presidente_mesa.csv
2023,GENERAL,2023-10-22,PRESIDENTE Y VICE,21,Santa Fe,14,Caseros,03730,,EN BLANCO,blancos,15,PROVISORIO,2023_GENERAL_santafe_presidente_mesa.csv
2023,GENERAL,2023-10-22,PRESIDENTE Y VICE,21,Santa Fe,14,Caseros,03730,,FRENTE DE IZQUIERDA Y DE TRABAJADORES - UNIDAD,agrupacion,17,PROVISORIO,2023_GENERAL_santafe_presidente_mesa.csv
2023,GENERAL,2023-10-22,PRESIDENTE Y VICE,21,Santa Fe,14,Caseros,03730,,HACEMOS POR NUESTRO PAIS,agrupacion,160,PROVISORIO,2023_GENERAL_santafe_presidente_mesa.csv
2023,GENERAL,2023-10-22,PRESIDENTE Y VICE,21,Santa Fe,14,Caseros,03730,,IMPUGNADO,impugnados,0,PROVISORIO,2023_GENERAL_santafe_presidente_mesa.csv
2023,GENERAL,2023-10-22,PRESIDENTE Y VICE,21,Santa Fe,14,Caseros,03730,,JUNTOS POR EL CAMBIO,agrupacion,430,PROVISORIO,2023_GENERAL_santafe_presidente_mesa.csv
2023,GENERAL,2023-10-22,PRESIDENTE Y VICE,21,Santa Fe,14,Caseros,03730,,LA LIBERTAD AVANZA,agrupacion,368,PROVISORIO,2023_GENERAL_santafe_presidente_mesa.csv
2023,GENERAL,2023-10-22,PRESIDENTE Y VICE,21,Santa Fe,14,Caseros,03730,,NULO,nulos,12,PROVISORIO,2023_GENERAL_santafe_presidente_mesa.csv
2023,GENERAL,2023-10-22,PRESIDENTE Y VICE,21,Santa Fe,14,Caseros,03730,,RECURRIDO,recurridos,0,PROVISORIO,2023_GENERAL_santafe_presidente_mesa.csv
2023,GENERAL,2023-10-22,PRESIDENTE Y VICE,21,Santa Fe,14,Caseros,03730,,UNION POR LA PATRIA,agrupacion,336,PROVISORIO,2023_GENERAL_santafe_presidente_mesa.csv
2023,GENERAL,2023-10-22,PRESIDENTE Y VICE,21,Santa Fe,14,Caseros,03740,,COMANDO,comando,5,PROVISORIO,2023_GENERAL_santafe_presidente_mesa.csv
2023,GENERAL,2023-10-22,PRESIDENTE Y VICE,21,Santa Fe,14,Caseros,03740,,EN BLANCO,blancos,15,PROVISORIO,2023_GENERAL_santafe_presidente_mesa.csv
2023,GENERAL,2023-10-22,PRESIDENTE Y VICE,21,Santa Fe,14,Caseros,03740,,FRENTE DE IZQUIERDA Y DE TRABAJADORES - UNIDAD,agrupacion,23,PROVISORIO,2023_GENERAL_santafe_presidente_mesa.csv
2023,GENERAL,2023-10-22,PRESIDENTE Y VICE,21,Santa Fe,14,Caseros,03740,,HACEMOS POR NUESTRO PAIS,agrupacion,194,PROVISORIO,2023_GENERAL_santafe_presidente_mesa.csv
2023,GENERAL,2023-10-22,PRESIDENTE Y VICE,21,Santa Fe,14,Caseros,03740,,IMPUGNADO,impugnados,0,PROVISORIO,2023_GENERAL_santafe_presidente_mesa.csv
2023,GENERAL,2023-10-22,PRESIDENTE Y VICE,21,Santa Fe,14,Caseros,03740,,JUNTOS POR EL CAMBIO,agrupacion,551,PROVISORIO,2023_GENERAL_santafe_presidente_mesa.csv
2023,GENERAL,2023-10-22,PRESIDENTE Y VICE,21,Santa Fe,14,Caseros,03740,,LA LIBERTAD AVANZA,agrupacion,515,PROVISORIO,2023_GENERAL_santafe_presidente_mesa.csv
2023,GENERAL,2023-10-22,PRESIDENTE Y VICE,21,Santa Fe,14,Caseros,03740,,NULO,nulos,4,PROVISORIO,2023_GENERAL_santafe_presidente_mesa.csv
2023,GENERAL,2023-10-22,PRESIDENTE Y VICE,21,Santa Fe,14,Caseros,03740,,RECURRIDO,recurridos,0,PROVISORIO,2023_GENERAL_santafe_presidente_mesa.csv
2023,GENERAL,2023-10-22,PRESIDENTE Y VICE,21,Santa Fe,14,Caseros,03740,,UNION POR LA PATRIA,agrupacion,305,PROVISORIO,2023_GENERAL_santafe_presidente_mesa.csv
2023,GENERAL,2023-10-22,PRESIDENTE Y VICE,21,Santa Fe,14,Caseros,03750,,COMANDO,comando,1,PROVISORIO,2023_GENERAL_santafe_presidente_mesa.csv
2023,GENERAL,2023-10-22,PRESIDENTE Y VICE,21,Santa Fe,14,Caseros,03750,,EN BLANCO,blancos,53,PROVISORIO,2023_GENERAL_santafe_presidente_mesa.csv
2023,GENERAL,2023-10-22,PRESIDENTE Y VICE,21,Santa Fe,14,Caseros,03750,,FRENTE DE IZQUIERDA Y DE TRABAJADORES - UNIDAD,agrupacion,48,PROVISORIO,2023_GENERAL_santafe_presidente_mesa.csv
2023,GENERAL,2023-10-22,PRESIDENTE Y VICE,21,Santa Fe,14,Caseros,03750,,HACEMOS POR NUESTRO PAIS,agrupacion,447,PROVISORIO,2023_GENERAL_santafe_presidente_mesa.csv
2023,GENERAL,2023-10-22,PRESIDENTE Y VICE,21,Santa Fe,14,Caseros,03750,,IMPUGNADO,impugnados,0,PROVISORIO,2023_GENERAL_santafe_presidente_mesa.csv
2023,GENERAL,2023-10-22,PRESIDENTE Y VICE,21,Santa Fe,14,Caseros,03750,,JUNTOS POR EL CAMBIO,agrupacion,1536,PROVISORIO,2023_GENERAL_santafe_presidente_mesa.csv
2023,GENERAL,2023-10-22,PRESIDENTE Y VICE,21,Santa Fe,14,Caseros,03750,,LA LIBERTAD AVANZA,agrupacion,1708,PROVISORIO,2023_GENERAL_santafe_presidente_mesa.csv
2023,GENERAL,2023-10-22,PRESIDENTE Y VICE,21,Santa Fe,14,Caseros,03750,,NULO,nulos,20,PROVISORIO,2023_GENERAL_santafe_presidente_mesa.csv
2023,GENERAL,2023-10-22,PRESIDENTE Y VICE,21,Santa Fe,14,Caseros,03750,,RECURRIDO,recurridos,0,PROVISORIO,2023_GENERAL_santafe_presidente_mesa.csv
2023,GENERAL,2023-10-22,PRESIDENTE Y VICE,21,Santa Fe,14,Caseros,03750,,UNION POR LA PATRIA,agrupacion,748,PROVISORIO,2023_GENERAL_santafe_presidente_mesa.csv
2023,GENERAL,2023-10-22,PRESIDENTE Y VICE,21,Santa Fe,14,Caseros,03755,,COMANDO,comando,0,PROVISORIO,2023_GENERAL_santafe_presidente_mesa.csv
2023,GENERAL,2023-10-22,PRESIDENTE Y VICE,21,Santa Fe,14,Caseros,03755,,EN BLANCO,blancos,2,PROVISORIO,2023_GENERAL_santafe_presidente_mesa.csv
2023,GENERAL,2023-10-22,PRESIDENTE Y VICE,21,Santa Fe,14,Caseros,03755,,FRENTE DE IZQUIERDA Y DE TRABAJADORES - UNIDAD,agrupacion,3,PROVISORIO,2023_GENERAL_santafe_presidente_mesa.csv
2023,GENERAL,2023-10-22,PRESIDENTE Y VICE,21,Santa Fe,14,Caseros,03755,,HACEMOS POR NUESTRO PAIS,agrupacion,5,PROVISORIO,2023_GENERAL_santafe_presidente_mesa.csv
2023,GENERAL,2023-10-22,PRESIDENTE Y VICE,21,Santa Fe,14,Caseros,03755,,IMPUGNADO,impugnados,0,PROVISORIO,2023_GENERAL_santafe_presidente_mesa.csv
2023,GENERAL,2023-10-22,PRESIDENTE Y VICE,21,Santa Fe,14,Caseros,03755,,JUNTOS POR EL CAMBIO,agrupacion,18,PROVISORIO,2023_GENERAL_santafe_presidente_mesa.csv
2023,GENERAL,2023-10-22,PRESIDENTE Y VICE,21,Santa Fe,14,Caseros,03755,,LA LIBERTAD AVANZA,agrupacion,35,PROVISORIO,2023_GENERAL_santafe_presidente_mesa.csv
2023,GENERAL,2023-10-22,PRESIDENTE Y VICE,21,Santa Fe,14,Caseros,03755,,NULO,nulos,0,PROVISORIO,2023_GENERAL_santafe_presidente_mesa.csv
2023,GENERAL,2023-10-22,PRESIDENTE Y VICE,21,Santa Fe,14,Caseros,03755,,RECURRIDO,recurridos,0,PROVISORIO,2023_GENERAL_santafe_presidente_mesa.csv
2023,GENERAL,2023-10-22,PRESIDENTE Y VICE,21,Santa Fe,14,Caseros,03755,,UNION POR LA PATRIA,agrupacion,14,PROVISORIO,2023_GENERAL_santafe_presidente_mesa.csv
2023,GENERAL,2023-10-22,PRESIDENTE Y VICE,21,Santa Fe,14,Caseros,03760,,COMANDO,comando,0,PROVISORIO,2023_GENERAL_santafe_presidente_mesa.csv
2023,GENERAL,2023-10-22,PRESIDENTE Y VICE,21,Santa Fe,14,Caseros,03760,,EN BLANCO,blancos,10,PROVISORIO,2023_GENERAL_santafe_presidente_mesa.csv
2023,GENERAL,2023-10-22,PRESIDENTE Y VICE,21,Santa Fe,14,Caseros,03760,,FRENTE DE IZQUIERDA Y DE TRABAJADORES - UNIDAD,agrupacion,16,PROVISORIO,2023_GENERAL_santafe_presidente_mesa.csv
2023,GENERAL,2023-10-22,PRESIDENTE Y VICE,21,Santa Fe,14,Caseros,03760,,HACEMOS POR NUESTRO PAIS,agrupacion,183,PROVISORIO,2023_GENERAL_santafe_presidente_mesa.csv
2023,GENERAL,2023-10-22,PRESIDENTE Y VICE,21,Santa Fe,14,Caseros,03760,,IMPUGNADO,impugnados,0,PROVISORIO,2023_GENERAL_santafe_presidente_mesa.csv
2023,GENERAL,2023-10-22,PRESIDENTE Y VICE,21,Santa Fe,14,Caseros,03760,,JUNTOS POR EL CAMBIO,agrupacion,333,PROVISORIO,2023_GENERAL_santafe_presidente_mesa.csv
2023,GENERAL,2023-10-22,PRESIDENTE Y VICE,21,Santa Fe,14,Caseros,03760,,LA LIBERTAD AVANZA,agrupacion,374,PROVISORIO,2023_GENERAL_santafe_presidente_mesa.csv
2023,GENERAL,2023-10-22,PRESIDENTE Y VICE,21,Santa Fe,14,Caseros,03760,,NULO,nulos,13,PROVISORIO,2023_GENERAL_santafe_presidente_mesa.csv
2023,GENERAL,2023-10-22,PRESIDENTE Y VICE,21,Santa Fe,14,Caseros,03760,,RECURRIDO,recurridos,0,PROVISORIO,2023_GENERAL_santafe_presidente_mesa.csv
2023,GENERAL,2023-10-22,PRESIDENTE Y VICE,21,Santa Fe,14,Caseros,03760,,UNION POR LA PATRIA,agrupacion,291,PROVISORIO,2023_GENERAL_santafe_presidente_mesa.csv
2023,GENERAL,2023-10-22,PRESIDENTE Y VICE,21,Santa Fe,15,Constitución,03770,,COMANDO,comando,0,PROVISORIO,2023_GENERAL_santafe_presidente_mesa.csv
2023,GENERAL,2023-10-22,PRESIDENTE Y VICE,21,Santa Fe,15,Constitución,03770,,EN BLANCO,blancos,50,PROVISORIO,2023_GENERAL_santafe_presidente_mesa.csv
2023,GENERAL,2023-10-22,PRESIDENTE Y VICE,21,Santa Fe,15,Constitución,03770,,FRENTE DE IZQUIERDA Y DE TRABAJADORES - UNIDAD,agrupacion,64,PROVISORIO,2023_GENERAL_santafe_presidente_mesa.csv
2023,GENERAL,2023-10-22,PRESIDENTE Y VICE,21,Santa Fe,15,Constitución,03770,,HACEMOS POR NUESTRO PAIS,agrupacion,568,PROVISORIO,2023_GENERAL_santafe_presidente_mesa.csv
2023,GENERAL,2023-10-22,PRESIDENTE Y VICE,21,Santa Fe,15,Constitución,03770,,IMPUGNADO,impugnados,0,PROVISORIO,2023_GENERAL_santafe_presidente_mesa.csv
2023,GENERAL,2023-10-22,PRESIDENTE Y VICE,21,Santa Fe,15,Constitución,03770,,JUNTOS POR EL CAMBIO,agrupacion,1427,PROVISORIO,2023_GENERAL_santafe_presidente_mesa.csv
2023,GENERAL,2023-10-22,PRESIDENTE Y VICE,21,Santa Fe,15,Constitución,03770,,LA LIBERTAD AVANZA,agrupacion,1710,PROVISORIO,2023_GENERAL_santafe_presidente_mesa.csv
2023,GENERAL,2023-10-22,PRESIDENTE Y VICE,21,Santa Fe,15,Constitución,03770,,NULO,nulos,51,PROVISORIO,2023_GENERAL_santafe_presidente_mesa.csv
2023,GENERAL,2023-10-22,PRESIDENTE Y VICE,21,Santa Fe,15,Constitución,03770,,RECURRIDO,recurridos,0,PROVISORIO,2023_GENERAL_santafe_presidente_mesa.csv
2023,GENERAL,2023-10-22,PRESIDENTE Y VICE,21,Santa Fe,15,Constitución,03770,,UNION POR LA PATRIA,agrupacion,1159,PROVISORIO,2023_GENERAL_santafe_presidente_mesa.csv
2023,GENERAL,2023-10-22,PRESIDENTE Y VICE,21,Santa Fe,15,Constitución,03772,,COMANDO,comando,2,PROVISORIO,2023_GENERAL_santafe_presidente_mesa.csv
2023,GENERAL,2023-10-22,PRESIDENTE Y VICE,21,Santa Fe,15,Constitución,03772,,EN BLANCO,blancos,25,PROVISORIO,2023_GENERAL_santafe_presidente_mesa.csv
2023,GENERAL,2023-10-22,PRESIDENTE Y VICE,21,Santa Fe,15,Constitución,03772,,FRENTE DE IZQUIERDA Y DE TRABAJADORES - UNIDAD,agrupacion,43,PROVISORIO,2023_GENERAL_santafe_presidente_mesa.csv
2023,GENERAL,2023-10-22,PRESIDENTE Y VICE,21,Santa Fe,15,Constitución,03772,,HACEMOS POR NUESTRO PAIS,agrupacion,375,PROVISORIO,2023_GENERAL_santafe_presidente_mesa.csv
2023,GENERAL,2023-10-22,PRESIDENTE Y VICE,21,Santa Fe,15,Constitución,03772,,IMPUGNADO,impugnados,0,PROVISORIO,2023_GENERAL_santafe_presidente_mesa.csv
2023,GENERAL,2023-10-22,PRESIDENTE Y VICE,21,Santa Fe,15,Constitución,03772,,JUNTOS POR EL CAMBIO,agrupacion,613,PROVISORIO,2023_GENERAL_santafe_presidente_mesa.csv
2023,GENERAL,2023-10-22,PRESIDENTE Y VICE,21,Santa Fe,15,Constitución,03772,,LA LIBERTAD AVANZA,agrupacion,758,PROVISORIO,2023_GENERAL_santafe_presidente_mesa.csv
2023,GENERAL,2023-10-22,PRESIDENTE Y VICE,21,Santa Fe,15,Constitución,03772,,NULO,nulos,17,PROVISORIO,2023_GENERAL_santafe_presidente_mesa.csv
2023,GENERAL,2023-10-22,PRESIDENTE Y VICE,21,Santa Fe,15,Constitución,03772,,RECURRIDO,recurridos,0,PROVISORIO,2023_GENERAL_santafe_presidente_mesa.csv
2023,GENERAL,2023-10-22,PRESIDENTE Y VICE,21,Santa Fe,15,Constitución,03772,,UNION POR LA PATRIA,agrupacion,587,PROVISORIO,2023_GENERAL_santafe_presidente_mesa.csv
2023,GENERAL,2023-10-22,PRESIDENTE Y VICE,21,Santa Fe,15,Constitución,03774,,COMANDO,comando,0,PROVISORIO,2023_GENERAL_santafe_presidente_mesa.csv
2023,GENERAL,2023-10-22,PRESIDENTE Y VICE,21,Santa Fe,15,Constitución,03774,,EN BLANCO,blancos,8,PROVISORIO,2023_GENERAL_santafe_presidente_mesa.csv
2023,GENERAL,2023-10-22,PRESIDENTE Y VICE,21,Santa Fe,15,Constitución,03774,,FRENTE DE IZQUIERDA Y DE TRABAJADORES - UNIDAD,agrupacion,5,PROVISORIO,2023_GENERAL_santafe_presidente_mesa.csv
2023,GENERAL,2023-10-22,PRESIDENTE Y VICE,21,Santa Fe,15,Constitución,03774,,HACEMOS POR NUESTRO PAIS,agrupacion,41,PROVISORIO,2023_GENERAL_santafe_presidente_mesa.csv
2023,GENERAL,2023-10-22,PRESIDENTE Y VICE,21,Santa Fe,15,Constitución,03774,,IMPUGNADO,impugnados,0,PROVISORIO,2023_GENERAL_santafe_presidente_mesa.csv
2023,GENERAL,2023-10-22,PRESIDENTE Y VICE,21,Santa Fe,15,Constitución,03774,,JUNTOS POR EL CAMBIO,agrupacion,166,PROVISORIO,2023_GENERAL_santafe_presidente_mesa.csv
2023,GENERAL,2023-10-22,PRESIDENTE Y VICE,21,Santa Fe,15,Constitución,03774,,LA LIBERTAD AVANZA,agrupacion,242,PROVISORIO,2023_GENERAL_santafe_presidente_mesa.csv
2023,GENERAL,2023-10-22,PRESIDENTE Y VICE,21,Santa Fe,15,Constitución,03774,,NULO,nulos,2,PROVISORIO,2023_GENERAL_santafe_presidente_mesa.csv
2023,GENERAL,2023-10-22,PRESIDENTE Y VICE,21,Santa Fe,15,Constitución,03774,,RECURRIDO,recurridos,0,PROVISORIO,2023_GENERAL_santafe_presidente_mesa.csv
2023,GENERAL,2023-10-22,PRESIDENTE Y VICE,21,Santa Fe,15,Constitución,03774,,UNION POR LA PATRIA,agrupacion,218,PROVISORIO,2023_GENERAL_santafe_presidente_mesa.csv
2023,GENERAL,2023-10-22,PRESIDENTE Y VICE,21,Santa Fe,15,Constitución,03780,,COMANDO,comando,0,PROVISORIO,2023_GENERAL_santafe_presidente_mesa.csv
2023,GENERAL,2023-10-22,PRESIDENTE Y VICE,21,Santa Fe,15,Constitución,03780,,EN BLANCO,blancos,6,PROVISORIO,2023_GENERAL_santafe_presidente_mesa.csv
2023,GENERAL,2023-10-22,PRESIDENTE Y VICE,21,Santa Fe,15,Constitución,03780,,FRENTE DE IZQUIERDA Y DE TRABAJADORES - UNIDAD,agrupacion,5,PROVISORIO,2023_GENERAL_santafe_presidente_mesa.csv
2023,GENERAL,2023-10-22,PRESIDENTE Y VICE,21,Santa Fe,15,Constitución,03780,,HACEMOS POR NUESTRO PAIS,agrupacion,8,PROVISORIO,2023_GENERAL_santafe_presidente_mesa.csv
2023,GENERAL,2023-10-22,PRESIDENTE Y VICE,21,Santa Fe,15,Constitución,03780,,IMPUGNADO,impugnados,0,PROVISORIO,2023_GENERAL_santafe_presidente_mesa.csv
2023,GENERAL,2023-10-22,PRESIDENTE Y VICE,21,Santa Fe,15,Constitución,03780,,JUNTOS POR EL CAMBIO,agrupacion,73,PROVISORIO,2023_GENERAL_santafe_presidente_mesa.csv
2023,GENERAL,2023-10-22,PRESIDENTE Y VICE,21,Santa Fe,15,Constitución,03780,,LA LIBERTAD AVANZA,agrupacion,84,PROVISORIO,2023_GENERAL_santafe_presidente_mesa.csv
2023,GENERAL,2023-10-22,PRESIDENTE Y VICE,21,Santa Fe,15,Constitución,03780,,NULO,nulos,4,PROVISORIO,2023_GENERAL_santafe_presidente_mesa.csv
2023,GENERAL,2023-10-22,PRESIDENTE Y VICE,21,Santa Fe,15,Constitución,03780,,RECURRIDO,recurridos,0,PROVISORIO,2023_GENERAL_santafe_presidente_mesa.csv
2023,GENERAL,2023-10-22,PRESIDENTE Y VICE,21,Santa Fe,15,Constitución,03780,,UNION POR LA PATRIA,agrupacion,111,PROVISORIO,2023_GENERAL_santafe_presidente_mesa.csv
2023,GENERAL,2023-10-22,PRESIDENTE Y VICE,21,Santa Fe,15,Constitución,03782,,COMANDO,comando,1,PROVISORIO,2023_GENERAL_santafe_presidente_mesa.csv
2023,GENERAL,2023-10-22,PRESIDENTE Y VICE,21,Santa Fe,15,Constitución,03782,,EN BLANCO,blancos,9,PROVISORIO,2023_GENERAL_santafe_presidente_mesa.csv
2023,GENERAL,2023-10-22,PRESIDENTE Y VICE,21,Santa Fe,15,Constitución,03782,,FRENTE DE IZQUIERDA Y DE TRABAJADORES - UNIDAD,agrupacion,16,PROVISORIO,2023_GENERAL_santafe_presidente_mesa.csv
2023,GENERAL,2023-10-22,PRESIDENTE Y VICE,21,Santa Fe,15,Constitución,03782,,HACEMOS POR NUESTRO PAIS,agrupacion,89,PROVISORIO,2023_GENERAL_santafe_presidente_mesa.csv
2023,GENERAL,2023-10-22,PRESIDENTE Y VICE,21,Santa Fe,15,Constitución,03782,,IMPUGNADO,impugnados,1,PROVISORIO,2023_GENERAL_santafe_presidente_mesa.csv
2023,GENERAL,2023-10-22,PRESIDENTE Y VICE,21,Santa Fe,15,Constitución,03782,,JUNTOS POR EL CAMBIO,agrupacion,357,PROVISORIO,2023_GENERAL_santafe_presidente_mesa.csv
2023,GENERAL,2023-10-22,PRESIDENTE Y VICE,21,Santa Fe,15,Constitución,03782,,LA LIBERTAD AVANZA,agrupacion,294,PROVISORIO,2023_GENERAL_santafe_presidente_mesa.csv
2023,GENERAL,2023-10-22,PRESIDENTE Y VICE,21,Santa Fe,15,Constitución,03782,,NULO,nulos,10,PROVISORIO,2023_GENERAL_santafe_presidente_mesa.csv
2023,GENERAL,2023-10-22,PRESIDENTE Y VICE,21,Santa Fe,15,Constitución,03782,,RECURRIDO,recurridos,0,PROVISORIO,2023_GENERAL_santafe_presidente_mesa.csv
2023,GENERAL,2023-10-22,PRESIDENTE Y VICE,21,Santa Fe,15,Constitución,03782,,UNION POR LA PATRIA,agrupacion,266,PROVISORIO,2023_GENERAL_santafe_presidente_mesa.csv
2023,GENERAL,2023-10-22,PRESIDENTE Y VICE,21,Santa Fe,15,Constitución,03784,,COMANDO,comando,1,PROVISORIO,2023_GENERAL_santafe_presidente_mesa.csv
2023,GENERAL,2023-10-22,PRESIDENTE Y VICE,21,Santa Fe,15,Constitución,03784,,EN BLANCO,blancos,2,PROVISORIO,2023_GENERAL_santafe_presidente_mesa.csv
2023,GENERAL,2023-10-22,PRESIDENTE Y VICE,21,Santa Fe,15,Constitución,03784,,FRENTE DE IZQUIERDA Y DE TRABAJADORES - UNIDAD,agrupacion,5,PROVISORIO,2023_GENERAL_santafe_presidente_mesa.csv
2023,GENERAL,2023-10-22,PRESIDENTE Y VICE,21,Santa Fe,15,Constitución,03784,,HACEMOS POR NUESTRO PAIS,agrupacion,24,PROVISORIO,2023_GENERAL_santafe_presidente_mesa.csv
2023,GENERAL,2023-10-22,PRESIDENTE Y VICE,21,Santa Fe,15,Constitución,03784,,IMPUGNADO,impugnados,0,PROVISORIO,2023_GENERAL_santafe_presidente_mesa.csv
2023,GENERAL,2023-10-22,PRESIDENTE Y VICE,21,Santa Fe,15,Constitución,03784,,JUNTOS POR EL CAMBIO,agrupacion,80,PROVISORIO,2023_GENERAL_santafe_presidente_mesa.csv
2023,GENERAL,2023-10-22,PRESIDENTE Y VICE,21,Santa Fe,15,Constitución,03784,,LA LIBERTAD AVANZA,agrupacion,94,PROVISORIO,2023_GENERAL_santafe_presidente_mesa.csv
2023,GENERAL,2023-10-22,PRESIDENTE Y VICE,21,Santa Fe,15,Constitución,03784,,NULO,nulos,1,PROVISORIO,2023_GENERAL_santafe_presidente_mesa.csv
2023,GENERAL,2023-10-22,PRESIDENTE Y VICE,21,Santa Fe,15,Constitución,03784,,RECURRIDO,recurridos,0,PROVISORIO,2023_GENERAL_santafe_presidente_mesa.csv
2023,GENERAL,2023-10-22,PRESIDENTE Y VICE,21,Santa Fe,15,Constitución,03784,,UNION POR LA PATRIA,agrupacion,73,PROVISORIO,2023_GENERAL_santafe_presidente_mesa.csv
2023,GENERAL,2023-10-22,PRESIDENTE Y VICE,21,Santa Fe,15,Constitución,03786,,COMANDO,comando,1,PROVISORIO,2023_GENERAL_santafe_presidente_mesa.csv
2023,GENERAL,2023-10-22,PRESIDENTE Y VICE,21,Santa Fe,15,Constitución,03786,,EN BLANCO,blancos,9,PROVISORIO,2023_GENERAL_santafe_presidente_mesa.csv
2023,GENERAL,2023-10-22,PRESIDENTE Y VICE,21,Santa Fe,15,Constitución,03786,,FRENTE DE IZQUIERDA Y DE TRABAJADORES - UNIDAD,agrupacion,9,PROVISORIO,2023_GENERAL_santafe_presidente_mesa.csv
2023,GENERAL,2023-10-22,PRESIDENTE Y VICE,21,Santa Fe,15,Constitución,03786,,HACEMOS POR NUESTRO PAIS,agrupacion,71,PROVISORIO,2023_GENERAL_santafe_presidente_mesa.csv
2023,GENERAL,2023-10-22,PRESIDENTE Y VICE,21,Santa Fe,15,Constitución,03786,,IMPUGNADO,impugnados,0,PROVISORIO,2023_GENERAL_santafe_presidente_mesa.csv
2023,GENERAL,2023-10-22,PRESIDENTE Y VICE,21,Santa Fe,15,Constitución,03786,,JUNTOS POR EL CAMBIO,agrupacion,275,PROVISORIO,2023_GENERAL_santafe_presidente_mesa.csv
2023,GENERAL,2023-10-22,PRESIDENTE Y VICE,21,Santa Fe,15,Constitución,03786,,LA LIBERTAD AVANZA,agrupacion,278,PROVISORIO,2023_GENERAL_santafe_presidente_mesa.csv
2023,GENERAL,2023-10-22,PRESIDENTE Y VICE,21,Santa Fe,15,Constitución,03786,,NULO,nulos,5,PROVISORIO,2023_GENERAL_santafe_presidente_mesa.csv
2023,GENERAL,2023-10-22,PRESIDENTE Y VICE,21,Santa Fe,15,Constitución,03786,,RECURRIDO,recurridos,0,PROVISORIO,2023_GENERAL_santafe_presidente_mesa.csv
2023,GENERAL,2023-10-22,PRESIDENTE Y VICE,21,Santa Fe,15,Constitución,03786,,UNION POR LA PATRIA,agrupacion,119,PROVISORIO,2023_GENERAL_santafe_presidente_mesa.csv
2023,GENERAL,2023-10-22,PRESIDENTE Y VICE,21,Santa Fe,15,Constitución,03788,,COMANDO,comando,1,PROVISORIO,2023_GENERAL_santafe_presidente_mesa.csv
2023,GENERAL,2023-10-22,PRESIDENTE Y VICE,21,Santa Fe,15,Constitución,03788,,EN BLANCO,blancos,5,PROVISORIO,2023_GENERAL_santafe_presidente_mesa.csv
2023,GENERAL,2023-10-22,PRESIDENTE Y VICE,21,Santa Fe,15,Constitución,03788,,FRENTE DE IZQUIERDA Y DE TRABAJADORES - UNIDAD,agrupacion,5,PROVISORIO,2023_GENERAL_santafe_presidente_mesa.csv
2023,GENERAL,2023-10-22,PRESIDENTE Y VICE,21,Santa Fe,15,Constitución,03788,,HACEMOS POR NUESTRO PAIS,agrupacion,39,PROVISORIO,2023_GENERAL_santafe_presidente_mesa.csv
2023,GENERAL,2023-10-22,PRESIDENTE Y VICE,21,Santa Fe,15,Constitución,03788,,IMPUGNADO,impugnados,0,PROVISORIO,2023_GENERAL_santafe_presidente_mesa.csv
2023,GENERAL,2023-10-22,PRESIDENTE Y VICE,21,Santa Fe,15,Constitución,03788,,JUNTOS POR EL CAMBIO,agrupacion,151,PROVISORIO,2023_GENERAL_santafe_presidente_mesa.csv
2023,GENERAL,2023-10-22,PRESIDENTE Y VICE,21,Santa Fe,15,Constitución,03788,,LA LIBERTAD AVANZA,agrupacion,168,PROVISORIO,2023_GENERAL_santafe_presidente_mesa.csv
2023,GENERAL,2023-10-22,PRESIDENTE Y VICE,21,Santa Fe,15,Constitución,03788,,NULO,nulos,9,PROVISORIO,2023_GENERAL_santafe_presidente_mesa.csv
2023,GENERAL,2023-10-22,PRESIDENTE Y VICE,21,Santa Fe,15,Constitución,03788,,RECURRIDO,recurridos,0,PROVISORIO,2023_GENERAL_santafe_presidente_mesa.csv
2023,GENERAL,2023-10-22,PRESIDENTE Y VICE,21,Santa Fe,15,Constitución,03788,,UNION POR LA PATRIA,agrupacion,67,PROVISORIO,2023_GENERAL_santafe_presidente_mesa.csv
2023,GENERAL,2023-10-22,PRESIDENTE Y VICE,21,Santa Fe,15,Constitución,03790,,COMANDO,comando,0,PROVISORIO,2023_GENERAL_santafe_presidente_mesa.csv
2023,GENERAL,2023-10-22,PRESIDENTE Y VICE,21,Santa Fe,15,Constitución,03790,,EN BLANCO,blancos,16,PROVISORIO,2023_GENERAL_santafe_presidente_mesa.csv
2023,GENERAL,2023-10-22,PRESIDENTE Y VICE,21,Santa Fe,15,Constitución,03790,,FRENTE DE IZQUIERDA Y DE TRABAJADORES - UNIDAD,agrupacion,14,PROVISORIO,2023_GENERAL_santafe_presidente_mesa.csv
2023,GENERAL,2023-10-22,PRESIDENTE Y VICE,21,Santa Fe,15,Constitución,03790,,HACEMOS POR NUESTRO PAIS,agrupacion,83,PROVISORIO,2023_GENERAL_santafe_presidente_mesa.csv
2023,GENERAL,2023-10-22,PRESIDENTE Y VICE,21,Santa Fe,15,Constitución,03790,,IMPUGNADO,impugnados,0,PROVISORIO,2023_GENERAL_santafe_presidente_mesa.csv
2023,GENERAL,2023-10-22,PRESIDENTE Y VICE,21,Santa Fe,15,Constitución,03790,,JUNTOS POR EL CAMBIO,agrupacion,311,PROVISORIO,2023_GENERAL_santafe_presidente_mesa.csv
2023,GENERAL,2023-10-22,PRESIDENTE Y VICE,21,Santa Fe,15,Constitución,03790,,LA LIBERTAD AVANZA,agrupacion,322,PROVISORIO,2023_GENERAL_santafe_presidente_mesa.csv
2023,GENERAL,2023-10-22,PRESIDENTE Y VICE,21,Santa Fe,15,Constitución,03790,,NULO,nulos,6,PROVISORIO,2023_GENERAL_santafe_presidente_mesa.csv
2023,GENERAL,2023-10-22,PRESIDENTE Y VICE,21,Santa Fe,15,Constitución,03790,,RECURRIDO,recurridos,0,PROVISORIO,2023_GENERAL_santafe_presidente_mesa.csv
2023,GENERAL,2023-10-22,PRESIDENTE Y VICE,21,Santa Fe,15,Constitución,03790,,UNION POR LA PATRIA,agrupacion,264,PROVISORIO,2023_GENERAL_santafe_presidente_mesa.csv
2023,GENERAL,2023-10-22,PRESIDENTE Y VICE,21,Santa Fe,15,Constitución,03792,,COMANDO,comando,0,PROVISORIO,2023_GENERAL_santafe_presidente_mesa.csv
2023,GENERAL,2023-10-22,PRESIDENTE Y VICE,21,Santa Fe,15,Constitución,03792,,EN BLANCO,blancos,1,PROVISORIO,2023_GENERAL_santafe_presidente_mesa.csv
2023,GENERAL,2023-10-22,PRESIDENTE Y VICE,21,Santa Fe,15,Constitución,03792,,FRENTE DE IZQUIERDA Y DE TRABAJADORES - UNIDAD,agrupacion,3,PROVISORIO,2023_GENERAL_santafe_presidente_mesa.csv
2023,GENERAL,2023-10-22,PRESIDENTE Y VICE,21,Santa Fe,15,Constitución,03792,,HACEMOS POR NUESTRO PAIS,agrupacion,33,PROVISORIO,2023_GENERAL_santafe_presidente_mesa.csv
2023,GENERAL,2023-10-22,PRESIDENTE Y VICE,21,Santa Fe,15,Constitución,03792,,IMPUGNADO,impugnados,0,PROVISORIO,2023_GENERAL_santafe_presidente_mesa.csv
2023,GENERAL,2023-10-22,PRESIDENTE Y VICE,21,Santa Fe,15,Constitución,03792,,JUNTOS POR EL CAMBIO,agrupacion,140,PROVISORIO,2023_GENERAL_santafe_presidente_mesa.csv
2023,GENERAL,2023-10-22,PRESIDENTE Y VICE,21,Santa Fe,15,Constitución,03792,,LA LIBERTAD AVANZA,agrupacion,138,PROVISORIO,2023_GENERAL_santafe_presidente_mesa.csv
2023,GENERAL,2023-10-22,PRESIDENTE Y VICE,21,Santa Fe,15,Constitución,03792,,NULO,nulos,1,PROVISORIO,2023_GENERAL_santafe_presidente_mesa.csv
2023,GENERAL,2023-10-22,PRESIDENTE Y VICE,21,Santa Fe,15,Constitución,03792,,RECURRIDO,recurridos,0,PROVISORIO,2023_GENERAL_santafe_presidente_mesa.csv
2023,GENERAL,2023-10-22,PRESIDENTE Y VICE,21,Santa Fe,15,Constitución,03792,,UNION POR LA PATRIA,agrupacion,140,PROVISORIO,2023_GENERAL_santafe_presidente_mesa.csv
2023,GENERAL,2023-10-22,PRESIDENTE Y VICE,21,Santa Fe,15,Constitución,03794,,COMANDO,comando,1,PROVISORIO,2023_GENERAL_santafe_presidente_mesa.csv
2023,GENERAL,2023-10-22,PRESIDENTE Y VICE,21,Santa Fe,15,Constitución,03794,,EN BLANCO,blancos,11,PROVISORIO,2023_GENERAL_santafe_presidente_mesa.csv
2023,GENERAL,2023-10-22,PRESIDENTE Y VICE,21,Santa Fe,15,Constitución,03794,,FRENTE DE IZQUIERDA Y DE TRABAJADORES - UNIDAD,agrupacion,7,PROVISORIO,2023_GENERAL_santafe_presidente_mesa.csv
2023,GENERAL,2023-10-22,PRESIDENTE Y VICE,21,Santa Fe,15,Constitución,03794,,HACEMOS POR NUESTRO PAIS,agrupacion,35,PROVISORIO,2023_GENERAL_santafe_presidente_mesa.csv
2023,GENERAL,2023-10-22,PRESIDENTE Y VICE,21,Santa Fe,15,Constitución,03794,,IMPUGNADO,impugnados,0,PROVISORIO,2023_GENERAL_santafe_presidente_mesa.csv
2023,GENERAL,2023-10-22,PRESIDENTE Y VICE,21,Santa Fe,15,Constitución,03794,,JUNTOS POR EL CAMBIO,agrupacion,180,PROVISORIO,2023_GENERAL_santafe_presidente_mesa.csv
2023,GENERAL,2023-10-22,PRESIDENTE Y VICE,21,Santa Fe,15,Constitución,03794,,LA LIBERTAD AVANZA,agrupacion,171,PROVISORIO,2023_GENERAL_santafe_presidente_mesa.csv
2023,GENERAL,2023-10-22,PRESIDENTE Y VICE,21,Santa Fe,15,Constitución,03794,,NULO,nulos,2,PROVISORIO,2023_GENERAL_santafe_presidente_mesa.csv
2023,GENERAL,2023-10-22,PRESIDENTE Y VICE,21,Santa Fe,15,Constitución,03794,,RECURRIDO,recurridos,0,PROVISORIO,2023_GENERAL_santafe_presidente_mesa.csv
2023,GENERAL,2023-10-22,PRESIDENTE Y VICE,21,Santa Fe,15,Constitución,03794,,UNION POR LA PATRIA,agrupacion,117,PROVISORIO,2023_GENERAL_santafe_presidente_mesa.csv
2023,GENERAL,2023-10-22,PRESIDENTE Y VICE,21,Santa Fe,15,Constitución,03800,,COMANDO,comando,0,PROVISORIO,2023_GENERAL_santafe_presidente_mesa.csv
2023,GENERAL,2023-10-22,PRESIDENTE Y VICE,21,Santa Fe,15,Constitución,03800,,EN BLANCO,blancos,23,PROVISORIO,2023_GENERAL_santafe_presidente_mesa.csv
2023,GENERAL,2023-10-22,PRESIDENTE Y VICE,21,Santa Fe,15,Constitución,03800,,FRENTE DE IZQUIERDA Y DE TRABAJADORES - UNIDAD,agrupacion,55,PROVISORIO,2023_GENERAL_santafe_presidente_mesa.csv
2023,GENERAL,2023-10-22,PRESIDENTE Y VICE,21,Santa Fe,15,Constitución,03800,,HACEMOS POR NUESTRO PAIS,agrupacion,185,PROVISORIO,2023_GENERAL_santafe_presidente_mesa.csv
2023,GENERAL,2023-10-22,PRESIDENTE Y VICE,21,Santa Fe,15,Constitución,03800,,IMPUGNADO,impugnados,0,PROVISORIO,2023_GENERAL_santafe_presidente_mesa.csv
2023,GENERAL,2023-10-22,PRESIDENTE Y VICE,21,Santa Fe,15,Constitución,03800,,JUNTOS POR EL CAMBIO,agrupacion,624,PROVISORIO,2023_GENERAL_santafe_presidente_mesa.csv
2023,GENERAL,2023-10-22,PRESIDENTE Y VICE,21,Santa Fe,15,Constitución,03800,,LA LIBERTAD AVANZA,agrupacion,640,PROVISORIO,2023_GENERAL_santafe_presidente_mesa.csv
2023,GENERAL,2023-10-22,PRESIDENTE Y VICE,21,Santa Fe,15,Constitución,03800,,NULO,nulos,28,PROVISORIO,2023_GENERAL_santafe_presidente_mesa.csv
2023,GENERAL,2023-10-22,PRESIDENTE Y VICE,21,Santa Fe,15,Constitución,03800,,RECURRIDO,recurridos,0,PROVISORIO,2023_GENERAL_santafe_presidente_mesa.csv
2023,GENERAL,2023-10-22,PRESIDENTE Y VICE,21,Santa Fe,15,Constitución,03800,,UNION POR LA PATRIA,agrupacion,688,PROVISORIO,2023_GENERAL_santafe_presidente_mesa.csv
2023,GENERAL,2023-10-22,PRESIDENTE Y VICE,21,Santa Fe,15,Constitución,03810,,COMANDO,comando,1,PROVISORIO,2023_GENERAL_santafe_presidente_mesa.csv
2023,GENERAL,2023-10-22,PRESIDENTE Y VICE,21,Santa Fe,15,Constitución,03810,,EN BLANCO,blancos,5,PROVISORIO,2023_GENERAL_santafe_presidente_mesa.csv
2023,GENERAL,2023-10-22,PRESIDENTE Y VICE,21,Santa Fe,15,Constitución,03810,,FRENTE DE IZQUIERDA Y DE TRABAJADORES - UNIDAD,agrupacion,27,PROVISORIO,2023_GENERAL_santafe_presidente_mesa.csv
2023,GENERAL,2023-10-22,PRESIDENTE Y VICE,21,Santa Fe,15,Constitución,03810,,HACEMOS POR NUESTRO PAIS,agrupacion,145,PROVISORIO,2023_GENERAL_santafe_presidente_mesa.csv
2023,GENERAL,2023-10-22,PRESIDENTE Y VICE,21,Santa Fe,15,Constitución,03810,,IMPUGNADO,impugnados,0,PROVISORIO,2023_GENERAL_santafe_presidente_mesa.csv
2023,GENERAL,2023-10-22,PRESIDENTE Y VICE,21,Santa Fe,15,Constitución,03810,,JUNTOS POR EL CAMBIO,agrupacion,477,PROVISORIO,2023_GENERAL_santafe_presidente_mesa.csv
2023,GENERAL,2023-10-22,PRESIDENTE Y VICE,21,Santa Fe,15,Constitución,03810,,LA LIBERTAD AVANZA,agrupacion,386,PROVISORIO,2023_GENERAL_santafe_presidente_mesa.csv
2023,GENERAL,2023-10-22,PRESIDENTE Y VICE,21,Santa Fe,15,Constitución,03810,,NULO,nulos,6,PROVISORIO,2023_GENERAL_santafe_presidente_mesa.csv
2023,GENERAL,2023-10-22,PRESIDENTE Y VICE,21,Santa Fe,15,Constitución,03810,,RECURRIDO,recurridos,0,PROVISORIO,2023_GENERAL_santafe_presidente_mesa.csv
2023,GENERAL,2023-10-22,PRESIDENTE Y VICE,21,Santa Fe,15,Constitución,03810,,UNION POR LA PATRIA,agrupacion,281,PROVISORIO,2023_GENERAL_santafe_presidente_mesa.csv
2023,GENERAL,2023-10-22,PRESIDENTE Y VICE,21,Santa Fe,15,Constitución,03820,,COMANDO,comando,0,PROVISORIO,2023_GENERAL_santafe_presidente_mesa.csv
2023,GENERAL,2023-10-22,PRESIDENTE Y VICE,21,Santa Fe,15,Constitución,03820,,EN BLANCO,blancos,21,PROVISORIO,2023_GENERAL_santafe_presidente_mesa.csv
2023,GENERAL,2023-10-22,PRESIDENTE Y VICE,21,Santa Fe,15,Constitución,03820,,FRENTE DE IZQUIERDA Y DE TRABAJADORES - UNIDAD,agrupacion,21,PROVISORIO,2023_GENERAL_santafe_presidente_mesa.csv
2023,GENERAL,2023-10-22,PRESIDENTE Y VICE,21,Santa Fe,15,Constitución,03820,,HACEMOS POR NUESTRO PAIS,agrupacion,97,PROVISORIO,2023_GENERAL_santafe_presidente_mesa.csv
2023,GENERAL,2023-10-22,PRESIDENTE Y VICE,21,Santa Fe,15,Constitución,03820,,IMPUGNADO,impugnados,0,PROVISORIO,2023_GENERAL_santafe_presidente_mesa.csv
2023,GENERAL,2023-10-22,PRESIDENTE Y VICE,21,Santa Fe,15,Constitución,03820,,JUNTOS POR EL CAMBIO,agrupacion,440,PROVISORIO,2023_GENERAL_santafe_presidente_mesa.csv
2023,GENERAL,2023-10-22,PRESIDENTE Y VICE,21,Santa Fe,15,Constitución,03820,,LA LIBERTAD AVANZA,agrupacion,520,PROVISORIO,2023_GENERAL_santafe_presidente_mesa.csv
2023,GENERAL,2023-10-22,PRESIDENTE Y VICE,21,Santa Fe,15,Constitución,03820,,NULO,nulos,11,PROVISORIO,2023_GENERAL_santafe_presidente_mesa.csv
2023,GENERAL,2023-10-22,PRESIDENTE Y VICE,21,Santa Fe,15,Constitución,03820,,RECURRIDO,recurridos,0,PROVISORIO,2023_GENERAL_santafe_presidente_mesa.csv
2023,GENERAL,2023-10-22,PRESIDENTE Y VICE,21,Santa Fe,15,Constitución,03820,,UNION POR LA PATRIA,agrupacion,289,PROVISORIO,2023_GENERAL_santafe_presidente_mesa.csv
2023,GENERAL,2023-10-22,PRESIDENTE Y VICE,21,Santa Fe,15,Constitución,03830,,COMANDO,comando,1,PROVISORIO,2023_GENERAL_santafe_presidente_mesa.csv
2023,GENERAL,2023-10-22,PRESIDENTE Y VICE,21,Santa Fe,15,Constitución,03830,,EN BLANCO,blancos,31,PROVISORIO,2023_GENERAL_santafe_presidente_mesa.csv
2023,GENERAL,2023-10-22,PRESIDENTE Y VICE,21,Santa Fe,15,Constitución,03830,,FRENTE DE IZQUIERDA Y DE TRABAJADORES - UNIDAD,agrupacion,40,PROVISORIO,2023_GENERAL_santafe_presidente_mesa.csv
2023,GENERAL,2023-10-22,PRESIDENTE Y VICE,21,Santa Fe,15,Constitución,03830,,HACEMOS POR NUESTRO PAIS,agrupacion,257,PROVISORIO,2023_GENERAL_santafe_presidente_mesa.csv
2023,GENERAL,2023-10-22,PRESIDENTE Y VICE,21,Santa Fe,15,Constitución,03830,,IMPUGNADO,impugnados,0,PROVISORIO,2023_GENERAL_santafe_presidente_mesa.csv
2023,GENERAL,2023-10-22,PRESIDENTE Y VICE,21,Santa Fe,15,Constitución,03830,,JUNTOS POR EL CAMBIO,agrupacion,716,PROVISORIO,2023_GENERAL_santafe_presidente_mesa.csv
2023,GENERAL,2023-10-22,PRESIDENTE Y VICE,21,Santa Fe,15,Constitución,03830,,LA LIBERTAD AVANZA,agrupacion,736,PROVISORIO,2023_GENERAL_santafe_presidente_mesa.csv
2023,GENERAL,2023-10-22,PRESIDENTE Y VICE,21,Santa Fe,15,Constitución,03830,,NULO,nulos,32,PROVISORIO,2023_GENERAL_santafe_presidente_mesa.csv
2023,GENERAL,2023-10-22,PRESIDENTE Y VICE,21,Santa Fe,15,Constitución,03830,,RECURRIDO,recurridos,0,PROVISORIO,2023_GENERAL_santafe_presidente_mesa.csv
2023,GENERAL,2023-10-22,PRESIDENTE Y VICE,21,Santa Fe,15,Constitución,03830,,UNION POR LA PATRIA,agrupacion,520,PROVISORIO,2023_GENERAL_santafe_presidente_mesa.csv
2023,GENERAL,2023-10-22,PRESIDENTE Y VICE,21,Santa Fe,15,Constitución,03840,,COMANDO,comando,14,PROVISORIO,2023_GENERAL_santafe_presidente_mesa.csv
2023,GENERAL,2023-10-22,PRESIDENTE Y VICE,21,Santa Fe,15,Constitución,03840,,EN BLANCO,blancos,303,PROVISORIO,2023_GENERAL_santafe_presidente_mesa.csv
2023,GENERAL,2023-10-22,PRESIDENTE Y VICE,21,Santa Fe,15,Constitución,03840,,FRENTE DE IZQUIERDA Y DE TRABAJADORES - UNIDAD,agrupacion,781,PROVISORIO,2023_GENERAL_santafe_presidente_mesa.csv
2023,GENERAL,2023-10-22,PRESIDENTE Y VICE,21,Santa Fe,15,Constitución,03840,,HACEMOS POR NUESTRO PAIS,agrupacion,3524,PROVISORIO,2023_GENERAL_santafe_presidente_mesa.csv
2023,GENERAL,2023-10-22,PRESIDENTE Y VICE,21,Santa Fe,15,Constitución,03840,,IMPUGNADO,impugnados,0,PROVISORIO,2023_GENERAL_santafe_presidente_mesa.csv
2023,GENERAL,2023-10-22,PRESIDENTE Y VICE,21,Santa Fe,15,Constitución,03840,,JUNTOS POR EL CAMBIO,agrupacion,6666,PROVISORIO,2023_GENERAL_santafe_presidente_mesa.csv
2023,GENERAL,2023-10-22,PRESIDENTE Y VICE,21,Santa Fe,15,Constitución,03840,,LA LIBERTAD AVANZA,agrupacion,8967,PROVISORIO,2023_GENERAL_santafe_presidente_mesa.csv
2023,GENERAL,2023-10-22,PRESIDENTE Y VICE,21,Santa Fe,15,Constitución,03840,,NULO,nulos,371,PROVISORIO,2023_GENERAL_santafe_presidente_mesa.csv
2023,GENERAL,2023-10-22,PRESIDENTE Y VICE,21,Santa Fe,15,Constitución,03840,,RECURRIDO,recurridos,1,PROVISORIO,2023_GENERAL_santafe_presidente_mesa.csv
2023,GENERAL,2023-10-22,PRESIDENTE Y VICE,21,Santa Fe,15,Constitución,03840,,UNION POR LA PATRIA,agrupacion,10937,PROVISORIO,2023_GENERAL_santafe_presidente_mesa.csv
2023,GENERAL,2023-10-22,PRESIDENTE Y VICE,21,Santa Fe,15,Constitución,03845,,COMANDO,comando,1,PROVISORIO,2023_GENERAL_santafe_presidente_mesa.csv
2023,GENERAL,2023-10-22,PRESIDENTE Y VICE,21,Santa Fe,15,Constitución,03845,,EN BLANCO,blancos,54,PROVISORIO,2023_GENERAL_santafe_presidente_mesa.csv
2023,GENERAL,2023-10-22,PRESIDENTE Y VICE,21,Santa Fe,15,Constitución,03845,,FRENTE DE IZQUIERDA Y DE TRABAJADORES - UNIDAD,agrupacion,81,PROVISORIO,2023_GENERAL_santafe_presidente_mesa.csv
2023,GENERAL,2023-10-22,PRESIDENTE Y VICE,21,Santa Fe,15,Constitución,03845,,HACEMOS POR NUESTRO PAIS,agrupacion,563,PROVISORIO,2023_GENERAL_santafe_presidente_mesa.csv
2023,GENERAL,2023-10-22,PRESIDENTE Y VICE,21,Santa Fe,15,Constitución,03845,,IMPUGNADO,impugnados,0,PROVISORIO,2023_GENERAL_santafe_presidente_mesa.csv
2023,GENERAL,2023-10-22,PRESIDENTE Y VICE,21,Santa Fe,15,Constitución,03845,,JUNTOS POR EL CAMBIO,agrupacion,1111,PROVISORIO,2023_GENERAL_santafe_presidente_mesa.csv
2023,GENERAL,2023-10-22,PRESIDENTE Y VICE,21,Santa Fe,15,Constitución,03845,,LA LIBERTAD AVANZA,agrupacion,1471,PROVISORIO,2023_GENERAL_santafe_presidente_mesa.csv
2023,GENERAL,2023-10-22,PRESIDENTE Y VICE,21,Santa Fe,15,Constitución,03845,,NULO,nulos,38,PROVISORIO,2023_GENERAL_santafe_presidente_mesa.csv
2023,GENERAL,2023-10-22,PRESIDENTE Y VICE,21,Santa Fe,15,Constitución,03845,,RECURRIDO,recurridos,0,PROVISORIO,2023_GENERAL_santafe_presidente_mesa.csv
2023,GENERAL,2023-10-22,PRESIDENTE Y VICE,21,Santa Fe,15,Constitución,03845,,UNION POR LA PATRIA,agrupacion,1721,PROVISORIO,2023_GENERAL_santafe_presidente_mesa.csv
2023,GENERAL,2023-10-22,PRESIDENTE Y VICE,21,Santa Fe,15,Constitución,03846,,COMANDO,comando,0,PROVISORIO,2023_GENERAL_santafe_presidente_mesa.csv
2023,GENERAL,2023-10-22,PRESIDENTE Y VICE,21,Santa Fe,15,Constitución,03846,,EN BLANCO,blancos,19,PROVISORIO,2023_GENERAL_santafe_presidente_mesa.csv
2023,GENERAL,2023-10-22,PRESIDENTE Y VICE,21,Santa Fe,15,Constitución,03846,,FRENTE DE IZQUIERDA Y DE TRABAJADORES - UNIDAD,agrupacion,44,PROVISORIO,2023_GENERAL_santafe_presidente_mesa.csv
2023,GENERAL,2023-10-22,PRESIDENTE Y VICE,21,Santa Fe,15,Constitución,03846,,HACEMOS POR NUESTRO PAIS,agrupacion,212,PROVISORIO,2023_GENERAL_santafe_presidente_mesa.csv
2023,GENERAL,2023-10-22,PRESIDENTE Y VICE,21,Santa Fe,15,Constitución,03846,,IMPUGNADO,impugnados,0,PROVISORIO,2023_GENERAL_santafe_presidente_mesa.csv
2023,GENERAL,2023-10-22,PRESIDENTE Y VICE,21,Santa Fe,15,Constitución,03846,,JUNTOS POR EL CAMBIO,agrupacion,328,PROVISORIO,2023_GENERAL_santafe_presidente_mesa.csv
2023,GENERAL,2023-10-22,PRESIDENTE Y VICE,21,Santa Fe,15,Constitución,03846,,LA LIBERTAD AVANZA,agrupacion,612,PROVISORIO,2023_GENERAL_santafe_presidente_mesa.csv
2023,GENERAL,2023-10-22,PRESIDENTE Y VICE,21,Santa Fe,15,Constitución,03846,,NULO,nulos,39,PROVISORIO,2023_GENERAL_santafe_presidente_mesa.csv
2023,GENERAL,2023-10-22,PRESIDENTE Y VICE,21,Santa Fe,15,Constitución,03846,,RECURRIDO,recurridos,0,PROVISORIO,2023_GENERAL_santafe_presidente_mesa.csv
2023,GENERAL,2023-10-22,PRESIDENTE Y VICE,21,Santa Fe,15,Constitución,03846,,UNION POR LA PATRIA,agrupacion,712,PROVISORIO,2023_GENERAL_santafe_presidente_mesa.csv
2023,GENERAL,2023-10-22,PRESIDENTE Y VICE,21,Santa Fe,15,Constitución,03848,,COMANDO,comando,0,PROVISORIO,2023_GENERAL_santafe_presidente_mesa.csv
2023,GENERAL,2023-10-22,PRESIDENTE Y VICE,21,Santa Fe,15,Constitución,03848,,EN BLANCO,blancos,1,PROVISORIO,2023_GENERAL_santafe_presidente_mesa.csv
2023,GENERAL,2023-10-22,PRESIDENTE Y VICE,21,Santa Fe,15,Constitución,03848,,FRENTE DE IZQUIERDA Y DE TRABAJADORES - UNIDAD,agrupacion,4,PROVISORIO,2023_GENERAL_santafe_presidente_mesa.csv
2023,GENERAL,2023-10-22,PRESIDENTE Y VICE,21,Santa Fe,15,Constitución,03848,,HACEMOS POR NUESTRO PAIS,agrupacion,29,PROVISORIO,2023_GENERAL_santafe_presidente_mesa.csv
2023,GENERAL,2023-10-22,PRESIDENTE Y VICE,21,Santa Fe,15,Constitución,03848,,IMPUGNADO,impugnados,1,PROVISORIO,2023_GENERAL_santafe_presidente_mesa.csv
2023,GENERAL,2023-10-22,PRESIDENTE Y VICE,21,Santa Fe,15,Constitución,03848,,JUNTOS POR EL CAMBIO,agrupacion,121,PROVISORIO,2023_GENERAL_santafe_presidente_mesa.csv
2023,GENERAL,2023-10-22,PRESIDENTE Y VICE,21,Santa Fe,15,Constitución,03848,,LA LIBERTAD AVANZA,agrupacion,156,PROVISORIO,2023_GENERAL_santafe_presidente_mesa.csv
2023,GENERAL,2023-10-22,PRESIDENTE Y VICE,21,Santa Fe,15,Constitución,03848,,NULO,nulos,2,PROVISORIO,2023_GENERAL_santafe_presidente_mesa.csv
2023,GENERAL,2023-10-22,PRESIDENTE Y VICE,21,Santa Fe,15,Constitución,03848,,RECURRIDO,recurridos,0,PROVISORIO,2023_GENERAL_santafe_presidente_mesa.csv
2023,GENERAL,2023-10-22,PRESIDENTE Y VICE,21,Santa Fe,15,Constitución,03848,,UNION POR LA PATRIA,agrupacion,70,PROVISORIO,2023_GENERAL_santafe_presidente_mesa.csv
2023,GENERAL,2023-10-22,PRESIDENTE Y VICE,21,Santa Fe,16,General López,03850,,COMANDO,comando,0,PROVISORIO,2023_GENERAL_santafe_presidente_mesa.csv
2023,GENERAL,2023-10-22,PRESIDENTE Y VICE,21,Santa Fe,16,General López,03850,,EN BLANCO,blancos,5,PROVISORIO,2023_GENERAL_santafe_presidente_mesa.csv
2023,GENERAL,2023-10-22,PRESIDENTE Y VICE,21,Santa Fe,16,General López,03850,,FRENTE DE IZQUIERDA Y DE TRABAJADORES - UNIDAD,agrupacion,8,PROVISORIO,2023_GENERAL_santafe_presidente_mesa.csv
2023,GENERAL,2023-10-22,PRESIDENTE Y VICE,21,Santa Fe,16,General López,03850,,HACEMOS POR NUESTRO PAIS,agrupacion,148,PROVISORIO,2023_GENERAL_santafe_presidente_mesa.csv
2023,GENERAL,2023-10-22,PRESIDENTE Y VICE,21,Santa Fe,16,General López,03850,,IMPUGNADO,impugnados,0,PROVISORIO,2023_GENERAL_santafe_presidente_mesa.csv
2023,GENERAL,2023-10-22,PRESIDENTE Y VICE,21,Santa Fe,16,General López,03850,,JUNTOS POR EL CAMBIO,agrupacion,256,PROVISORIO,2023_GENERAL_santafe_presidente_mesa.csv
2023,GENERAL,2023-10-22,PRESIDENTE Y VICE,21,Santa Fe,16,General López,03850,,LA LIBERTAD AVANZA,agrupacion,358,PROVISORIO,2023_GENERAL_santafe_presidente_mesa.csv
2023,GENERAL,2023-10-22,PRESIDENTE Y VICE,21,Santa Fe,16,General López,03850,,NULO,nulos,3,PROVISORIO,2023_GENERAL_santafe_presidente_mesa.csv
2023,GENERAL,2023-10-22,PRESIDENTE Y VICE,21,Santa Fe,16,General López,03850,,RECURRIDO,recurridos,0,PROVISORIO,2023_GENERAL_santafe_presidente_mesa.csv
2023,GENERAL,2023-10-22,PRESIDENTE Y VICE,21,Santa Fe,16,General López,03850,,UNION POR LA PATRIA,agrupacion,131,PROVISORIO,2023_GENERAL_santafe_presidente_mesa.csv
2023,GENERAL,2023-10-22,PRESIDENTE Y VICE,21,Santa Fe,16,General López,03852,,COMANDO,comando,0,PROVISORIO,2023_GENERAL_santafe_presidente_mesa.csv
2023,GENERAL,2023-10-22,PRESIDENTE Y VICE,21,Santa Fe,16,General López,03852,,EN BLANCO,blancos,0,PROVISORIO,2023_GENERAL_santafe_presidente_mesa.csv
2023,GENERAL,2023-10-22,PRESIDENTE Y VICE,21,Santa Fe,16,General López,03852,,FRENTE DE IZQUIERDA Y DE TRABAJADORES - UNIDAD,agrupacion,4,PROVISORIO,2023_GENERAL_santafe_presidente_mesa.csv
2023,GENERAL,2023-10-22,PRESIDENTE Y VICE,21,Santa Fe,16,General López,03852,,HACEMOS POR NUESTRO PAIS,agrupacion,14,PROVISORIO,2023_GENERAL_santafe_presidente_mesa.csv
2023,GENERAL,2023-10-22,PRESIDENTE Y VICE,21,Santa Fe,16,General López,03852,,IMPUGNADO,impugnados,0,PROVISORIO,2023_GENERAL_santafe_presidente_mesa.csv
2023,GENERAL,2023-10-22,PRESIDENTE Y VICE,21,Santa Fe,16,General López,03852,,JUNTOS POR EL CAMBIO,agrupacion,47,PROVISORIO,2023_GENERAL_santafe_presidente_mesa.csv
2023,GENERAL,2023-10-22,PRESIDENTE Y VICE,21,Santa Fe,16,General López,03852,,LA LIBERTAD AVANZA,agrupacion,108,PROVISORIO,2023_GENERAL_santafe_presidente_mesa.csv
2023,GENERAL,2023-10-22,PRESIDENTE Y VICE,21,Santa Fe,16,General López,03852,,NULO,nulos,2,PROVISORIO,2023_GENERAL_santafe_presidente_mesa.csv
2023,GENERAL,2023-10-22,PRESIDENTE Y VICE,21,Santa Fe,16,General López,03852,,RECURRIDO,recurridos,0,PROVISORIO,2023_GENERAL_santafe_presidente_mesa.csv
2023,GENERAL,2023-10-22,PRESIDENTE Y VICE,21,Santa Fe,16,General López,03852,,UNION POR LA PATRIA,agrupacion,27,PROVISORIO,2023_GENERAL_santafe_presidente_mesa.csv
2023,GENERAL,2023-10-22,PRESIDENTE Y VICE,21,Santa Fe,16,General López,03854,,COMANDO,comando,0,PROVISORIO,2023_GENERAL_santafe_presidente_mesa.csv
2023,GENERAL,2023-10-22,PRESIDENTE Y VICE,21,Santa Fe,16,General López,03854,,EN BLANCO,blancos,1,PROVISORIO,2023_GENERAL_santafe_presidente_mesa.csv
2023,GENERAL,2023-10-22,PRESIDENTE Y VICE,21,Santa Fe,16,General López,03854,,FRENTE DE IZQUIERDA Y DE TRABAJADORES - UNIDAD,agrupacion,4,PROVISORIO,2023_GENERAL_santafe_presidente_mesa.csv
2023,GENERAL,2023-10-22,PRESIDENTE Y VICE,21,Santa Fe,16,General López,03854,,HACEMOS POR NUESTRO PAIS,agrupacion,39,PROVISORIO,2023_GENERAL_santafe_presidente_mesa.csv
2023,GENERAL,2023-10-22,PRESIDENTE Y VICE,21,Santa Fe,16,General López,03854,,IMPUGNADO,impugnados,0,PROVISORIO,2023_GENERAL_santafe_presidente_mesa.csv
2023,GENERAL,2023-10-22,PRESIDENTE Y VICE,21,Santa Fe,16,General López,03854,,JUNTOS POR EL CAMBIO,agrupacion,71,PROVISORIO,2023_GENERAL_santafe_presidente_mesa.csv
2023,GENERAL,2023-10-22,PRESIDENTE Y VICE,21,Santa Fe,16,General López,03854,,LA LIBERTAD AVANZA,agrupacion,157,PROVISORIO,2023_GENERAL_santafe_presidente_mesa.csv
2023,GENERAL,2023-10-22,PRESIDENTE Y VICE,21,Santa Fe,16,General López,03854,,NULO,nulos,0,PROVISORIO,2023_GENERAL_santafe_presidente_mesa.csv
2023,GENERAL,2023-10-22,PRESIDENTE Y VICE,21,Santa Fe,16,General López,03854,,RECURRIDO,recurridos,0,PROVISORIO,2023_GENERAL_santafe_presidente_mesa.csv
2023,GENERAL,2023-10-22,PRESIDENTE Y VICE,21,Santa Fe,16,General López,03854,,UNION POR LA PATRIA,agrupacion,32,PROVISORIO,2023_GENERAL_santafe_presidente_mesa.csv
2023,GENERAL,2023-10-22,PRESIDENTE Y VICE,21,Santa Fe,16,General López,03860,,COMANDO,comando,0,PROVISORIO,2023_GENERAL_santafe_presidente_mesa.csv
2023,GENERAL,2023-10-22,PRESIDENTE Y VICE,21,Santa Fe,16,General López,03860,,EN BLANCO,blancos,27,PROVISORIO,2023_GENERAL_santafe_presidente_mesa.csv
2023,GENERAL,2023-10-22,PRESIDENTE Y VICE,21,Santa Fe,16,General López,03860,,FRENTE DE IZQUIERDA Y DE TRABAJADORES - UNIDAD,agrupacion,16,PROVISORIO,2023_GENERAL_santafe_presidente_mesa.csv
2023,GENERAL,2023-10-22,PRESIDENTE Y VICE,21,Santa Fe,16,General López,03860,,HACEMOS POR NUESTRO PAIS,agrupacion,123,PROVISORIO,2023_GENERAL_santafe_presidente_mesa.csv
2023,GENERAL,2023-10-22,PRESIDENTE Y VICE,21,Santa Fe,16,General López,03860,,IMPUGNADO,impugnados,0,PROVISORIO,2023_GENERAL_santafe_presidente_mesa.csv
2023,GENERAL,2023-10-22,PRESIDENTE Y VICE,21,Santa Fe,16,General López,03860,,JUNTOS POR EL CAMBIO,agrupacion,355,PROVISORIO,2023_GENERAL_santafe_presidente_mesa.csv
2023,GENERAL,2023-10-22,PRESIDENTE Y VICE,21,Santa Fe,16,General López,03860,,LA LIBERTAD AVANZA,agrupacion,446,PROVISORIO,2023_GENERAL_santafe_presidente_mesa.csv
2023,GENERAL,2023-10-22,PRESIDENTE Y VICE,21,Santa Fe,16,General López,03860,,NULO,nulos,2,PROVISORIO,2023_GENERAL_santafe_presidente_mesa.csv
2023,GENERAL,2023-10-22,PRESIDENTE Y VICE,21,Santa Fe,16,General López,03860,,RECURRIDO,recurridos,0,PROVISORIO,2023_GENERAL_santafe_presidente_mesa.csv
2023,GENERAL,2023-10-22,PRESIDENTE Y VICE,21,Santa Fe,16,General López,03860,,UNION POR LA PATRIA,agrupacion,199,PROVISORIO,2023_GENERAL_santafe_presidente_mesa.csv
2023,GENERAL,2023-10-22,PRESIDENTE Y VICE,21,Santa Fe,16,General López,03862,,COMANDO,comando,0,PROVISORIO,2023_GENERAL_santafe_presidente_mesa.csv
2023,GENERAL,2023-10-22,PRESIDENTE Y VICE,21,Santa Fe,16,General López,03862,,EN BLANCO,blancos,8,PROVISORIO,2023_GENERAL_santafe_presidente_mesa.csv
2023,GENERAL,2023-10-22,PRESIDENTE Y VICE,21,Santa Fe,16,General López,03862,,FRENTE DE IZQUIERDA Y DE TRABAJADORES - UNIDAD,agrupacion,10,PROVISORIO,2023_GENERAL_santafe_presidente_mesa.csv
2023,GENERAL,2023-10-22,PRESIDENTE Y VICE,21,Santa Fe,16,General López,03862,,HACEMOS POR NUESTRO PAIS,agrupacion,44,PROVISORIO,2023_GENERAL_santafe_presidente_mesa.csv
2023,GENERAL,2023-10-22,PRESIDENTE Y VICE,21,Santa Fe,16,General López,03862,,IMPUGNADO,impugnados,0,PROVISORIO,2023_GENERAL_santafe_presidente_mesa.csv
2023,GENERAL,2023-10-22,PRESIDENTE Y VICE,21,Santa Fe,16,General López,03862,,JUNTOS POR EL CAMBIO,agrupacion,173,PROVISORIO,2023_GENERAL_santafe_presidente_mesa.csv
2023,GENERAL,2023-10-22,PRESIDENTE Y VICE,21,Santa Fe,16,General López,03862,,LA LIBERTAD AVANZA,agrupacion,250,PROVISORIO,2023_GENERAL_santafe_presidente_mesa.csv
2023,GENERAL,2023-10-22,PRESIDENTE Y VICE,21,Santa Fe,16,General López,03862,,NULO,nulos,0,PROVISORIO,2023_GENERAL_santafe_presidente_mesa.csv
2023,GENERAL,2023-10-22,PRESIDENTE Y VICE,21,Santa Fe,16,General López,03862,,RECURRIDO,recurridos,0,PROVISORIO,2023_GENERAL_santafe_presidente_mesa.csv
2023,GENERAL,2023-10-22,PRESIDENTE Y VICE,21,Santa Fe,16,General López,03862,,UNION POR LA PATRIA,agrupacion,83,PROVISORIO,2023_GENERAL_santafe_presidente_mesa.csv
2023,GENERAL,2023-10-22,PRESIDENTE Y VICE,21,Santa Fe,16,General López,03864,,COMANDO,comando,0,PROVISORIO,2023_GENERAL_santafe_presidente_mesa.csv
2023,GENERAL,2023-10-22,PRESIDENTE Y VICE,21,Santa Fe,16,General López,03864,,EN BLANCO,blancos,26,PROVISORIO,2023_GENERAL_santafe_presidente_mesa.csv
2023,GENERAL,2023-10-22,PRESIDENTE Y VICE,21,Santa Fe,16,General López,03864,,FRENTE DE IZQUIERDA Y DE TRABAJADORES - UNIDAD,agrupacion,56,PROVISORIO,2023_GENERAL_santafe_presidente_mesa.csv
2023,GENERAL,2023-10-22,PRESIDENTE Y VICE,21,Santa Fe,16,General López,03864,,HACEMOS POR NUESTRO PAIS,agrupacion,301,PROVISORIO,2023_GENERAL_santafe_presidente_mesa.csv
2023,GENERAL,2023-10-22,PRESIDENTE Y VICE,21,Santa Fe,16,General López,03864,,IMPUGNADO,impugnados,0,PROVISORIO,2023_GENERAL_santafe_presidente_mesa.csv
2023,GENERAL,2023-10-22,PRESIDENTE Y VICE,21,Santa Fe,16,General López,03864,,JUNTOS POR EL CAMBIO,agrupacion,933,PROVISORIO,2023_GENERAL_santafe_presidente_mesa.csv
2023,GENERAL,2023-10-22,PRESIDENTE Y VICE,21,Santa Fe,16,General López,03864,,LA LIBERTAD AVANZA,agrupacion,937,PROVISORIO,2023_GENERAL_santafe_presidente_mesa.csv
2023,GENERAL,2023-10-22,PRESIDENTE Y VICE,21,Santa Fe,16,General López,03864,,NULO,nulos,14,PROVISORIO,2023_GENERAL_santafe_presidente_mesa.csv
2023,GENERAL,2023-10-22,PRESIDENTE Y VICE,21,Santa Fe,16,General López,03864,,RECURRIDO,recurridos,0,PROVISORIO,2023_GENERAL_santafe_presidente_mesa.csv
2023,GENERAL,2023-10-22,PRESIDENTE Y VICE,21,Santa Fe,16,General López,03864,,UNION POR LA PATRIA,agrupacion,586,PROVISORIO,2023_GENERAL_santafe_presidente_mesa.csv
2023,GENERAL,2023-10-22,PRESIDENTE Y VICE,21,Santa Fe,16,General López,03870,,COMANDO,comando,0,PROVISORIO,2023_GENERAL_santafe_presidente_mesa.csv
2023,GENERAL,2023-10-22,PRESIDENTE Y VICE,21,Santa Fe,16,General López,03870,,EN BLANCO,blancos,11,PROVISORIO,2023_GENERAL_santafe_presidente_mesa.csv
2023,GENERAL,2023-10-22,PRESIDENTE Y VICE,21,Santa Fe,16,General López,03870,,FRENTE DE IZQUIERDA Y DE TRABAJADORES - UNIDAD,agrupacion,25,PROVISORIO,2023_GENERAL_santafe_presidente_mesa.csv
2023,GENERAL,2023-10-22,PRESIDENTE Y VICE,21,Santa Fe,16,General López,03870,,HACEMOS POR NUESTRO PAIS,agrupacion,102,PROVISORIO,2023_GENERAL_santafe_presidente_mesa.csv
2023,GENERAL,2023-10-22,PRESIDENTE Y VICE,21,Santa Fe,16,General López,03870,,IMPUGNADO,impugnados,0,PROVISORIO,2023_GENERAL_santafe_presidente_mesa.csv
2023,GENERAL,2023-10-22,PRESIDENTE Y VICE,21,Santa Fe,16,General López,03870,,JUNTOS POR EL CAMBIO,agrupacion,474,PROVISORIO,2023_GENERAL_santafe_presidente_mesa.csv
2023,GENERAL,2023-10-22,PRESIDENTE Y VICE,21,Santa Fe,16,General López,03870,,LA LIBERTAD AVANZA,agrupacion,452,PROVISORIO,2023_GENERAL_santafe_presidente_mesa.csv
2023,GENERAL,2023-10-22,PRESIDENTE Y VICE,21,Santa Fe,16,General López,03870,,NULO,nulos,24,PROVISORIO,2023_GENERAL_santafe_presidente_mesa.csv
2023,GENERAL,2023-10-22,PRESIDENTE Y VICE,21,Santa Fe,16,General López,03870,,RECURRIDO,recurridos,0,PROVISORIO,2023_GENERAL_santafe_presidente_mesa.csv
2023,GENERAL,2023-10-22,PRESIDENTE Y VICE,21,Santa Fe,16,General López,03870,,UNION POR LA PATRIA,agrupacion,207,PROVISORIO,2023_GENERAL_santafe_presidente_mesa.csv
2023,GENERAL,2023-10-22,PRESIDENTE Y VICE,21,Santa Fe,16,General López,03880,,COMANDO,comando,0,PROVISORIO,2023_GENERAL_santafe_presidente_mesa.csv
2023,GENERAL,2023-10-22,PRESIDENTE Y VICE,21,Santa Fe,16,General López,03880,,EN BLANCO,blancos,21,PROVISORIO,2023_GENERAL_santafe_presidente_mesa.csv
2023,GENERAL,2023-10-22,PRESIDENTE Y VICE,21,Santa Fe,16,General López,03880,,FRENTE DE IZQUIERDA Y DE TRABAJADORES - UNIDAD,agrupacion,26,PROVISORIO,2023_GENERAL_santafe_presidente_mesa.csv
2023,GENERAL,2023-10-22,PRESIDENTE Y VICE,21,Santa Fe,16,General López,03880,,HACEMOS POR NUESTRO PAIS,agrupacion,90,PROVISORIO,2023_GENERAL_santafe_presidente_mesa.csv
2023,GENERAL,2023-10-22,PRESIDENTE Y VICE,21,Santa Fe,16,General López,03880,,IMPUGNADO,impugnados,0,PROVISORIO,2023_GENERAL_santafe_presidente_mesa.csv
2023,GENERAL,2023-10-22,PRESIDENTE Y VICE,21,Santa Fe,16,General López,03880,,JUNTOS POR EL CAMBIO,agrupacion,260,PROVISORIO,2023_GENERAL_santafe_presidente_mesa.csv
2023,GENERAL,2023-10-22,PRESIDENTE Y VICE,21,Santa Fe,16,General López,03880,,LA LIBERTAD AVANZA,agrupacion,454,PROVISORIO,2023_GENERAL_santafe_presidente_mesa.csv
2023,GENERAL,2023-10-22,PRESIDENTE Y VICE,21,Santa Fe,16,General López,03880,,NULO,nulos,10,PROVISORIO,2023_GENERAL_santafe_presidente_mesa.csv
2023,GENERAL,2023-10-22,PRESIDENTE Y VICE,21,Santa Fe,16,General López,03880,,RECURRIDO,recurridos,0,PROVISORIO,2023_GENERAL_santafe_presidente_mesa.csv
2023,GENERAL,2023-10-22,PRESIDENTE Y VICE,21,Santa Fe,16,General López,03880,,UNION POR LA PATRIA,agrupacion,466,PROVISORIO,2023_GENERAL_santafe_presidente_mesa.csv
2023,GENERAL,2023-10-22,PRESIDENTE Y VICE,21,Santa Fe,16,General López,03885,,COMANDO,comando,0,PROVISORIO,2023_GENERAL_santafe_presidente_mesa.csv
2023,GENERAL,2023-10-22,PRESIDENTE Y VICE,21,Santa Fe,16,General López,03885,,EN BLANCO,blancos,3,PROVISORIO,2023_GENERAL_santafe_presidente_mesa.csv
2023,GENERAL,2023-10-22,PRESIDENTE Y VICE,21,Santa Fe,16,General López,03885,,FRENTE DE IZQUIERDA Y DE TRABAJADORES - UNIDAD,agrupacion,4,PROVISORIO,2023_GENERAL_santafe_presidente_mesa.csv
2023,GENERAL,2023-10-22,PRESIDENTE Y VICE,21,Santa Fe,16,General López,03885,,HACEMOS POR NUESTRO PAIS,agrupacion,7,PROVISORIO,2023_GENERAL_santafe_presidente_mesa.csv
2023,GENERAL,2023-10-22,PRESIDENTE Y VICE,21,Santa Fe,16,General López,03885,,IMPUGNADO,impugnados,0,PROVISORIO,2023_GENERAL_santafe_presidente_mesa.csv
2023,GENERAL,2023-10-22,PRESIDENTE Y VICE,21,Santa Fe,16,General López,03885,,JUNTOS POR EL CAMBIO,agrupacion,31,PROVISORIO,2023_GENERAL_santafe_presidente_mesa.csv
2023,GENERAL,2023-10-22,PRESIDENTE Y VICE,21,Santa Fe,16,General López,03885,,LA LIBERTAD AVANZA,agrupacion,75,PROVISORIO,2023_GENERAL_santafe_presidente_mesa.csv
2023,GENERAL,2023-10-22,PRESIDENTE Y VICE,21,Santa Fe,16,General López,03885,,NULO,nulos,0,PROVISORIO,2023_GENERAL_santafe_presidente_mesa.csv
2023,GENERAL,2023-10-22,PRESIDENTE Y VICE,21,Santa Fe,16,General López,03885,,RECURRIDO,recurridos,0,PROVISORIO,2023_GENERAL_santafe_presidente_mesa.csv
2023,GENERAL,2023-10-22,PRESIDENTE Y VICE,21,Santa Fe,16,General López,03885,,UNION POR LA PATRIA,agrupacion,57,PROVISORIO,2023_GENERAL_santafe_presidente_mesa.csv
2023,GENERAL,2023-10-22,PRESIDENTE Y VICE,21,Santa Fe,16,General López,03890,,COMANDO,comando,0,PROVISORIO,2023_GENERAL_santafe_presidente_mesa.csv
2023,GENERAL,2023-10-22,PRESIDENTE Y VICE,21,Santa Fe,16,General López,03890,,EN BLANCO,blancos,30,PROVISORIO,2023_GENERAL_santafe_presidente_mesa.csv
2023,GENERAL,2023-10-22,PRESIDENTE Y VICE,21,Santa Fe,16,General López,03890,,FRENTE DE IZQUIERDA Y DE TRABAJADORES - UNIDAD,agrupacion,47,PROVISORIO,2023_GENERAL_santafe_presidente_mesa.csv
2023,GENERAL,2023-10-22,PRESIDENTE Y VICE,21,Santa Fe,16,General López,03890,,HACEMOS POR NUESTRO PAIS,agrupacion,365,PROVISORIO,2023_GENERAL_santafe_presidente_mesa.csv
2023,GENERAL,2023-10-22,PRESIDENTE Y VICE,21,Santa Fe,16,General López,03890,,IMPUGNADO,impugnados,0,PROVISORIO,2023_GENERAL_santafe_presidente_mesa.csv
2023,GENERAL,2023-10-22,PRESIDENTE Y VICE,21,Santa Fe,16,General López,03890,,JUNTOS POR EL CAMBIO,agrupacion,1273,PROVISORIO,2023_GENERAL_santafe_presidente_mesa.csv
2023,GENERAL,2023-10-22,PRESIDENTE Y VICE,21,Santa Fe,16,General López,03890,,LA LIBERTAD AVANZA,agrupacion,1242,PROVISORIO,2023_GENERAL_santafe_presidente_mesa.csv
2023,GENERAL,2023-10-22,PRESIDENTE Y VICE,21,Santa Fe,16,General López,03890,,NULO,nulos,36,PROVISORIO,2023_GENERAL_santafe_presidente_mesa.csv
2023,GENERAL,2023-10-22,PRESIDENTE Y VICE,21,Santa Fe,16,General López,03890,,RECURRIDO,recurridos,0,PROVISORIO,2023_GENERAL_santafe_presidente_mesa.csv
2023,GENERAL,2023-10-22,PRESIDENTE Y VICE,21,Santa Fe,16,General López,03890,,UNION POR LA PATRIA,agrupacion,822,PROVISORIO,2023_GENERAL_santafe_presidente_mesa.csv
2023,GENERAL,2023-10-22,PRESIDENTE Y VICE,21,Santa Fe,16,General López,03900,,COMANDO,comando,1,PROVISORIO,2023_GENERAL_santafe_presidente_mesa.csv
2023,GENERAL,2023-10-22,PRESIDENTE Y VICE,21,Santa Fe,16,General López,03900,,EN BLANCO,blancos,104,PROVISORIO,2023_GENERAL_santafe_presidente_mesa.csv
2023,GENERAL,2023-10-22,PRESIDENTE Y VICE,21,Santa Fe,16,General López,03900,,FRENTE DE IZQUIERDA Y DE TRABAJADORES - UNIDAD,agrupacion,144,PROVISORIO,2023_GENERAL_santafe_presidente_mesa.csv
2023,GENERAL,2023-10-22,PRESIDENTE Y VICE,21,Santa Fe,16,General López,03900,,HACEMOS POR NUESTRO PAIS,agrupacion,1691,PROVISORIO,2023_GENERAL_santafe_presidente_mesa.csv
2023,GENERAL,2023-10-22,PRESIDENTE Y VICE,21,Santa Fe,16,General López,03900,,IMPUGNADO,impugnados,0,PROVISORIO,2023_GENERAL_santafe_presidente_mesa.csv
2023,GENERAL,2023-10-22,PRESIDENTE Y VICE,21,Santa Fe,16,General López,03900,,JUNTOS POR EL CAMBIO,agrupacion,3452,PROVISORIO,2023_GENERAL_santafe_presidente_mesa.csv
2023,GENERAL,2023-10-22,PRESIDENTE Y VICE,21,Santa Fe,16,General López,03900,,LA LIBERTAD AVANZA,agrupacion,4103,PROVISORIO,2023_GENERAL_santafe_presidente_mesa.csv
2023,GENERAL,2023-10-22,PRESIDENTE Y VICE,21,Santa Fe,16,General López,03900,,NULO,nulos,189,PROVISORIO,2023_GENERAL_santafe_presidente_mesa.csv
2023,GENERAL,2023-10-22,PRESIDENTE Y VICE,21,Santa Fe,16,General López,03900,,RECURRIDO,recurridos,0,PROVISORIO,2023_GENERAL_santafe_presidente_mesa.csv
2023,GENERAL,2023-10-22,PRESIDENTE Y VICE,21,Santa Fe,16,General López,03900,,UNION POR LA PATRIA,agrupacion,3317,PROVISORIO,2023_GENERAL_santafe_presidente_mesa.csv
2023,GENERAL,2023-10-22,PRESIDENTE Y VICE,21,Santa Fe,16,General López,03904,,COMANDO,comando,0,PROVISORIO,2023_GENERAL_santafe_presidente_mesa.csv
2023,GENERAL,2023-10-22,PRESIDENTE Y VICE,21,Santa Fe,16,General López,03904,,EN BLANCO,blancos,27,PROVISORIO,2023_GENERAL_santafe_presidente_mesa.csv
2023,GENERAL,2023-10-22,PRESIDENTE Y VICE,21,Santa Fe,16,General López,03904,,FRENTE DE IZQUIERDA Y DE TRABAJADORES - UNIDAD,agrupacion,18,PROVISORIO,2023_GENERAL_santafe_presidente_mesa.csv
2023,GENERAL,2023-10-22,PRESIDENTE Y VICE,21,Santa Fe,16,General López,03904,,HACEMOS POR NUESTRO PAIS,agrupacion,161,PROVISORIO,2023_GENERAL_santafe_presidente_mesa.csv
2023,GENERAL,2023-10-22,PRESIDENTE Y VICE,21,Santa Fe,16,General López,03904,,IMPUGNADO,impugnados,0,PROVISORIO,2023_GENERAL_santafe_presidente_mesa.csv
2023,GENERAL,2023-10-22,PRESIDENTE Y VICE,21,Santa Fe,16,General López,03904,,JUNTOS POR EL CAMBIO,agrupacion,437,PROVISORIO,2023_GENERAL_santafe_presidente_mesa.csv
2023,GENERAL,2023-10-22,PRESIDENTE Y VICE,21,Santa Fe,16,General López,03904,,LA LIBERTAD AVANZA,agrupacion,507,PROVISORIO,2023_GENERAL_santafe_presidente_mesa.csv
2023,GENERAL,2023-10-22,PRESIDENTE Y VICE,21,Santa Fe,16,General López,03904,,NULO,nulos,3,PROVISORIO,2023_GENERAL_santafe_presidente_mesa.csv
2023,GENERAL,2023-10-22,PRESIDENTE Y VICE,21,Santa Fe,16,General López,03904,,RECURRIDO,recurridos,0,PROVISORIO,2023_GENERAL_santafe_presidente_mesa.csv
2023,GENERAL,2023-10-22,PRESIDENTE Y VICE,21,Santa Fe,16,General López,03904,,UNION POR LA PATRIA,agrupacion,416,PROVISORIO,2023_GENERAL_santafe_presidente_mesa.csv
2023,GENERAL,2023-10-22,PRESIDENTE Y VICE,21,Santa Fe,16,General López,03906,,COMANDO,comando,0,PROVISORIO,2023_GENERAL_santafe_presidente_mesa.csv
2023,GENERAL,2023-10-22,PRESIDENTE Y VICE,21,Santa Fe,16,General López,03906,,EN BLANCO,blancos,9,PROVISORIO,2023_GENERAL_santafe_presidente_mesa.csv
2023,GENERAL,2023-10-22,PRESIDENTE Y VICE,21,Santa Fe,16,General López,03906,,FRENTE DE IZQUIERDA Y DE TRABAJADORES - UNIDAD,agrupacion,7,PROVISORIO,2023_GENERAL_santafe_presidente_mesa.csv
2023,GENERAL,2023-10-22,PRESIDENTE Y VICE,21,Santa Fe,16,General López,03906,,HACEMOS POR NUESTRO PAIS,agrupacion,63,PROVISORIO,2023_GENERAL_santafe_presidente_mesa.csv
2023,GENERAL,2023-10-22,PRESIDENTE Y VICE,21,Santa Fe,16,General López,03906,,IMPUGNADO,impugnados,0,PROVISORIO,2023_GENERAL_santafe_presidente_mesa.csv
2023,GENERAL,2023-10-22,PRESIDENTE Y VICE,21,Santa Fe,16,General López,03906,,JUNTOS POR EL CAMBIO,agrupacion,198,PROVISORIO,2023_GENERAL_santafe_presidente_mesa.csv
2023,GENERAL,2023-10-22,PRESIDENTE Y VICE,21,Santa Fe,16,General López,03906,,LA LIBERTAD AVANZA,agrupacion,192,PROVISORIO,2023_GENERAL_santafe_presidente_mesa.csv
2023,GENERAL,2023-10-22,PRESIDENTE Y VICE,21,Santa Fe,16,General López,03906,,NULO,nulos,0,PROVISORIO,2023_GENERAL_santafe_presidente_mesa.csv
2023,GENERAL,2023-10-22,PRESIDENTE Y VICE,21,Santa Fe,16,General López,03906,,RECURRIDO,recurridos,0,PROVISORIO,2023_GENERAL_santafe_presidente_mesa.csv
2023,GENERAL,2023-10-22,PRESIDENTE Y VICE,21,Santa Fe,16,General López,03906,,UNION POR LA PATRIA,agrupacion,93,PROVISORIO,2023_GENERAL_santafe_presidente_mesa.csv
2023,GENERAL,2023-10-22,PRESIDENTE Y VICE,21,Santa Fe,16,General López,03908,,COMANDO,comando,0,PROVISORIO,2023_GENERAL_santafe_presidente_mesa.csv
2023,GENERAL,2023-10-22,PRESIDENTE Y VICE,21,Santa Fe,16,General López,03908,,EN BLANCO,blancos,3,PROVISORIO,2023_GENERAL_santafe_presidente_mesa.csv
2023,GENERAL,2023-10-22,PRESIDENTE Y VICE,21,Santa Fe,16,General López,03908,,FRENTE DE IZQUIERDA Y DE TRABAJADORES - UNIDAD,agrupacion,2,PROVISORIO,2023_GENERAL_santafe_presidente_mesa.csv
2023,GENERAL,2023-10-22,PRESIDENTE Y VICE,21,Santa Fe,16,General López,03908,,HACEMOS POR NUESTRO PAIS,agrupacion,50,PROVISORIO,2023_GENERAL_santafe_presidente_mesa.csv
2023,GENERAL,2023-10-22,PRESIDENTE Y VICE,21,Santa Fe,16,General López,03908,,IMPUGNADO,impugnados,0,PROVISORIO,2023_GENERAL_santafe_presidente_mesa.csv
2023,GENERAL,2023-10-22,PRESIDENTE Y VICE,21,Santa Fe,16,General López,03908,,JUNTOS POR EL CAMBIO,agrupacion,52,PROVISORIO,2023_GENERAL_santafe_presidente_mesa.csv
2023,GENERAL,2023-10-22,PRESIDENTE Y VICE,21,Santa Fe,16,General López,03908,,LA LIBERTAD AVANZA,agrupacion,117,PROVISORIO,2023_GENERAL_santafe_presidente_mesa.csv
2023,GENERAL,2023-10-22,PRESIDENTE Y VICE,21,Santa Fe,16,General López,03908,,NULO,nulos,18,PROVISORIO,2023_GENERAL_santafe_presidente_mesa.csv
2023,GENERAL,2023-10-22,PRESIDENTE Y VICE,21,Santa Fe,16,General López,03908,,RECURRIDO,recurridos,0,PROVISORIO,2023_GENERAL_santafe_presidente_mesa.csv
2023,GENERAL,2023-10-22,PRESIDENTE Y VICE,21,Santa Fe,16,General López,03908,,UNION POR LA PATRIA,agrupacion,86,PROVISORIO,2023_GENERAL_santafe_presidente_mesa.csv
2023,GENERAL,2023-10-22,PRESIDENTE Y VICE,21,Santa Fe,16,General López,03910,,COMANDO,comando,0,PROVISORIO,2023_GENERAL_santafe_presidente_mesa.csv
2023,GENERAL,2023-10-22,PRESIDENTE Y VICE,21,Santa Fe,16,General López,03910,,EN BLANCO,blancos,3,PROVISORIO,2023_GENERAL_santafe_presidente_mesa.csv
2023,GENERAL,2023-10-22,PRESIDENTE Y VICE,21,Santa Fe,16,General López,03910,,FRENTE DE IZQUIERDA Y DE TRABAJADORES - UNIDAD,agrupacion,7,PROVISORIO,2023_GENERAL_santafe_presidente_mesa.csv
2023,GENERAL,2023-10-22,PRESIDENTE Y VICE,21,Santa Fe,16,General López,03910,,HACEMOS POR NUESTRO PAIS,agrupacion,20,PROVISORIO,2023_GENERAL_santafe_presidente_mesa.csv
2023,GENERAL,2023-10-22,PRESIDENTE Y VICE,21,Santa Fe,16,General López,03910,,IMPUGNADO,impugnados,0,PROVISORIO,2023_GENERAL_santafe_presidente_mesa.csv
2023,GENERAL,2023-10-22,PRESIDENTE Y VICE,21,Santa Fe,16,General López,03910,,JUNTOS POR EL CAMBIO,agrupacion,48,PROVISORIO,2023_GENERAL_santafe_presidente_mesa.csv
2023,GENERAL,2023-10-22,PRESIDENTE Y VICE,21,Santa Fe,16,General López,03910,,LA LIBERTAD AVANZA,agrupacion,140,PROVISORIO,2023_GENERAL_santafe_presidente_mesa.csv
2023,GENERAL,2023-10-22,PRESIDENTE Y VICE,21,Santa Fe,16,General López,03910,,NULO,nulos,3,PROVISORIO,2023_GENERAL_santafe_presidente_mesa.csv
2023,GENERAL,2023-10-22,PRESIDENTE Y VICE,21,Santa Fe,16,General López,03910,,RECURRIDO,recurridos,0,PROVISORIO,2023_GENERAL_santafe_presidente_mesa.csv
2023,GENERAL,2023-10-22,PRESIDENTE Y VICE,21,Santa Fe,16,General López,03910,,UNION POR LA PATRIA,agrupacion,96,PROVISORIO,2023_GENERAL_santafe_presidente_mesa.csv
2023,GENERAL,2023-10-22,PRESIDENTE Y VICE,21,Santa Fe,16,General López,03915,,COMANDO,comando,0,PROVISORIO,2023_GENERAL_santafe_presidente_mesa.csv
2023,GENERAL,2023-10-22,PRESIDENTE Y VICE,21,Santa Fe,16,General López,03915,,EN BLANCO,blancos,5,PROVISORIO,2023_GENERAL_santafe_presidente_mesa.csv
2023,GENERAL,2023-10-22,PRESIDENTE Y VICE,21,Santa Fe,16,General López,03915,,FRENTE DE IZQUIERDA Y DE TRABAJADORES - UNIDAD,agrupacion,6,PROVISORIO,2023_GENERAL_santafe_presidente_mesa.csv
2023,GENERAL,2023-10-22,PRESIDENTE Y VICE,21,Santa Fe,16,General López,03915,,HACEMOS POR NUESTRO PAIS,agrupacion,68,PROVISORIO,2023_GENERAL_santafe_presidente_mesa.csv
2023,GENERAL,2023-10-22,PRESIDENTE Y VICE,21,Santa Fe,16,General López,03915,,IMPUGNADO,impugnados,0,PROVISORIO,2023_GENERAL_santafe_presidente_mesa.csv
2023,GENERAL,2023-10-22,PRESIDENTE Y VICE,21,Santa Fe,16,General López,03915,,JUNTOS POR EL CAMBIO,agrupacion,204,PROVISORIO,2023_GENERAL_santafe_presidente_mesa.csv
2023,GENERAL,2023-10-22,PRESIDENTE Y VICE,21,Santa Fe,16,General López,03915,,LA LIBERTAD AVANZA,agrupacion,598,PROVISORIO,2023_GENERAL_santafe_presidente_mesa.csv
2023,GENERAL,2023-10-22,PRESIDENTE Y VICE,21,Santa Fe,16,General López,03915,,NULO,nulos,26,PROVISORIO,2023_GENERAL_santafe_presidente_mesa.csv
2023,GENERAL,2023-10-22,PRESIDENTE Y VICE,21,Santa Fe,16,General López,03915,,RECURRIDO,recurridos,0,PROVISORIO,2023_GENERAL_santafe_presidente_mesa.csv
2023,GENERAL,2023-10-22,PRESIDENTE Y VICE,21,Santa Fe,16,General López,03915,,UNION POR LA PATRIA,agrupacion,241,PROVISORIO,2023_GENERAL_santafe_presidente_mesa.csv
2023,GENERAL,2023-10-22,PRESIDENTE Y VICE,21,Santa Fe,16,General López,03920,,COMANDO,comando,0,PROVISORIO,2023_GENERAL_santafe_presidente_mesa.csv
2023,GENERAL,2023-10-22,PRESIDENTE Y VICE,21,Santa Fe,16,General López,03920,,EN BLANCO,blancos,8,PROVISORIO,2023_GENERAL_santafe_presidente_mesa.csv
2023,GENERAL,2023-10-22,PRESIDENTE Y VICE,21,Santa Fe,16,General López,03920,,FRENTE DE IZQUIERDA Y DE TRABAJADORES - UNIDAD,agrupacion,13,PROVISORIO,2023_GENERAL_santafe_presidente_mesa.csv
2023,GENERAL,2023-10-22,PRESIDENTE Y VICE,21,Santa Fe,16,General López,03920,,HACEMOS POR NUESTRO PAIS,agrupacion,242,PROVISORIO,2023_GENERAL_santafe_presidente_mesa.csv
2023,GENERAL,2023-10-22,PRESIDENTE Y VICE,21,Santa Fe,16,General López,03920,,IMPUGNADO,impugnados,0,PROVISORIO,2023_GENERAL_santafe_presidente_mesa.csv
2023,GENERAL,2023-10-22,PRESIDENTE Y VICE,21,Santa Fe,16,General López,03920,,JUNTOS POR EL CAMBIO,agrupacion,367,PROVISORIO,2023_GENERAL_santafe_presidente_mesa.csv
2023,GENERAL,2023-10-22,PRESIDENTE Y VICE,21,Santa Fe,16,General López,03920,,LA LIBERTAD AVANZA,agrupacion,352,PROVISORIO,2023_GENERAL_santafe_presidente_mesa.csv
2023,GENERAL,2023-10-22,PRESIDENTE Y VICE,21,Santa Fe,16,General López,03920,,NULO,nulos,18,PROVISORIO,2023_GENERAL_santafe_presidente_mesa.csv
2023,GENERAL,2023-10-22,PRESIDENTE Y VICE,21,Santa Fe,16,General López,03920,,RECURRIDO,recurridos,0,PROVISORIO,2023_GENERAL_santafe_presidente_mesa.csv
2023,GENERAL,2023-10-22,PRESIDENTE Y VICE,21,Santa Fe,16,General López,03920,,UNION POR LA PATRIA,agrupacion,327,PROVISORIO,2023_GENERAL_santafe_presidente_mesa.csv
2023,GENERAL,2023-10-22,PRESIDENTE Y VICE,21,Santa Fe,16,General López,03930,,COMANDO,comando,0,PROVISORIO,2023_GENERAL_santafe_presidente_mesa.csv
2023,GENERAL,2023-10-22,PRESIDENTE Y VICE,21,Santa Fe,16,General López,03930,,EN BLANCO,blancos,16,PROVISORIO,2023_GENERAL_santafe_presidente_mesa.csv
2023,GENERAL,2023-10-22,PRESIDENTE Y VICE,21,Santa Fe,16,General López,03930,,FRENTE DE IZQUIERDA Y DE TRABAJADORES - UNIDAD,agrupacion,28,PROVISORIO,2023_GENERAL_santafe_presidente_mesa.csv
2023,GENERAL,2023-10-22,PRESIDENTE Y VICE,21,Santa Fe,16,General López,03930,,HACEMOS POR NUESTRO PAIS,agrupacion,153,PROVISORIO,2023_GENERAL_santafe_presidente_mesa.csv
2023,GENERAL,2023-10-22,PRESIDENTE Y VICE,21,Santa Fe,16,General López,03930,,IMPUGNADO,impugnados,0,PROVISORIO,2023_GENERAL_santafe_presidente_mesa.csv
2023,GENERAL,2023-10-22,PRESIDENTE Y VICE,21,Santa Fe,16,General López,03930,,JUNTOS POR EL CAMBIO,agrupacion,435,PROVISORIO,2023_GENERAL_santafe_presidente_mesa.csv
2023,GENERAL,2023-10-22,PRESIDENTE Y VICE,21,Santa Fe,16,General López,03930,,LA LIBERTAD AVANZA,agrupacion,504,PROVISORIO,2023_GENERAL_santafe_presidente_mesa.csv
2023,GENERAL,2023-10-22,PRESIDENTE Y VICE,21,Santa Fe,16,General López,03930,,NULO,nulos,9,PROVISORIO,2023_GENERAL_santafe_presidente_mesa.csv
2023,GENERAL,2023-10-22,PRESIDENTE Y VICE,21,Santa Fe,16,General López,03930,,RECURRIDO,recurridos,0,PROVISORIO,2023_GENERAL_santafe_presidente_mesa.csv
2023,GENERAL,2023-10-22,PRESIDENTE Y VICE,21,Santa Fe,16,General López,03930,,UNION POR LA PATRIA,agrupacion,411,PROVISORIO,2023_GENERAL_santafe_presidente_mesa.csv
2023,GENERAL,2023-10-22,PRESIDENTE Y VICE,21,Santa Fe,16,General López,03935,,COMANDO,comando,0,PROVISORIO,2023_GENERAL_santafe_presidente_mesa.csv
2023,GENERAL,2023-10-22,PRESIDENTE Y VICE,21,Santa Fe,16,General López,03935,,EN BLANCO,blancos,6,PROVISORIO,2023_GENERAL_santafe_presidente_mesa.csv
2023,GENERAL,2023-10-22,PRESIDENTE Y VICE,21,Santa Fe,16,General López,03935,,FRENTE DE IZQUIERDA Y DE TRABAJADORES - UNIDAD,agrupacion,5,PROVISORIO,2023_GENERAL_santafe_presidente_mesa.csv
2023,GENERAL,2023-10-22,PRESIDENTE Y VICE,21,Santa Fe,16,General López,03935,,HACEMOS POR NUESTRO PAIS,agrupacion,73,PROVISORIO,2023_GENERAL_santafe_presidente_mesa.csv
2023,GENERAL,2023-10-22,PRESIDENTE Y VICE,21,Santa Fe,16,General López,03935,,IMPUGNADO,impugnados,0,PROVISORIO,2023_GENERAL_santafe_presidente_mesa.csv
2023,GENERAL,2023-10-22,PRESIDENTE Y VICE,21,Santa Fe,16,General López,03935,,JUNTOS POR EL CAMBIO,agrupacion,184,PROVISORIO,2023_GENERAL_santafe_presidente_mesa.csv
2023,GENERAL,2023-10-22,PRESIDENTE Y VICE,21,Santa Fe,16,General López,03935,,LA LIBERTAD AVANZA,agrupacion,198,PROVISORIO,2023_GENERAL_santafe_presidente_mesa.csv
2023,GENERAL,2023-10-22,PRESIDENTE Y VICE,21,Santa Fe,16,General López,03935,,NULO,nulos,4,PROVISORIO,2023_GENERAL_santafe_presidente_mesa.csv
2023,GENERAL,2023-10-22,PRESIDENTE Y VICE,21,Santa Fe,16,General López,03935,,RECURRIDO,recurridos,0,PROVISORIO,2023_GENERAL_santafe_presidente_mesa.csv
2023,GENERAL,2023-10-22,PRESIDENTE Y VICE,21,Santa Fe,16,General López,03935,,UNION POR LA PATRIA,agrupacion,193,PROVISORIO,2023_GENERAL_santafe_presidente_mesa.csv
2023,GENERAL,2023-10-22,PRESIDENTE Y VICE,21,Santa Fe,16,General López,03940,,COMANDO,comando,0,PROVISORIO,2023_GENERAL_santafe_presidente_mesa.csv
2023,GENERAL,2023-10-22,PRESIDENTE Y VICE,21,Santa Fe,16,General López,03940,,EN BLANCO,blancos,95,PROVISORIO,2023_GENERAL_santafe_presidente_mesa.csv
2023,GENERAL,2023-10-22,PRESIDENTE Y VICE,21,Santa Fe,16,General López,03940,,FRENTE DE IZQUIERDA Y DE TRABAJADORES - UNIDAD,agrupacion,241,PROVISORIO,2023_GENERAL_santafe_presidente_mesa.csv
2023,GENERAL,2023-10-22,PRESIDENTE Y VICE,21,Santa Fe,16,General López,03940,,HACEMOS POR NUESTRO PAIS,agrupacion,1647,PROVISORIO,2023_GENERAL_santafe_presidente_mesa.csv
2023,GENERAL,2023-10-22,PRESIDENTE Y VICE,21,Santa Fe,16,General López,03940,,IMPUGNADO,impugnados,0,PROVISORIO,2023_GENERAL_santafe_presidente_mesa.csv
2023,GENERAL,2023-10-22,PRESIDENTE Y VICE,21,Santa Fe,16,General López,03940,,JUNTOS POR EL CAMBIO,agrupacion,2789,PROVISORIO,2023_GENERAL_santafe_presidente_mesa.csv
2023,GENERAL,2023-10-22,PRESIDENTE Y VICE,21,Santa Fe,16,General López,03940,,LA LIBERTAD AVANZA,agrupacion,3997,PROVISORIO,2023_GENERAL_santafe_presidente_mesa.csv
2023,GENERAL,2023-10-22,PRESIDENTE Y VICE,21,Santa Fe,16,General López,03940,,NULO,nulos,128,PROVISORIO,2023_GENERAL_santafe_presidente_mesa.csv
2023,GENERAL,2023-10-22,PRESIDENTE Y VICE,21,Santa Fe,16,General López,03940,,RECURRIDO,recurridos,0,PROVISORIO,2023_GENERAL_santafe_presidente_mesa.csv
2023,GENERAL,2023-10-22,PRESIDENTE Y VICE,21,Santa Fe,16,General López,03940,,UNION POR LA PATRIA,agrupacion,3102,PROVISORIO,2023_GENERAL_santafe_presidente_mesa.csv
2023,GENERAL,2023-10-22,PRESIDENTE Y VICE,21,Santa Fe,16,General López,03950,,COMANDO,comando,0,PROVISORIO,2023_GENERAL_santafe_presidente_mesa.csv
2023,GENERAL,2023-10-22,PRESIDENTE Y VICE,21,Santa Fe,16,General López,03950,,EN BLANCO,blancos,3,PROVISORIO,2023_GENERAL_santafe_presidente_mesa.csv
2023,GENERAL,2023-10-22,PRESIDENTE Y VICE,21,Santa Fe,16,General López,03950,,FRENTE DE IZQUIERDA Y DE TRABAJADORES - UNIDAD,agrupacion,6,PROVISORIO,2023_GENERAL_santafe_presidente_mesa.csv
2023,GENERAL,2023-10-22,PRESIDENTE Y VICE,21,Santa Fe,16,General López,03950,,HACEMOS POR NUESTRO PAIS,agrupacion,82,PROVISORIO,2023_GENERAL_santafe_presidente_mesa.csv
2023,GENERAL,2023-10-22,PRESIDENTE Y VICE,21,Santa Fe,16,General López,03950,,IMPUGNADO,impugnados,0,PROVISORIO,2023_GENERAL_santafe_presidente_mesa.csv
2023,GENERAL,2023-10-22,PRESIDENTE Y VICE,21,Santa Fe,16,General López,03950,,JUNTOS POR EL CAMBIO,agrupacion,179,PROVISORIO,2023_GENERAL_santafe_presidente_mesa.csv
2023,GENERAL,2023-10-22,PRESIDENTE Y VICE,21,Santa Fe,16,General López,03950,,LA LIBERTAD AVANZA,agrupacion,305,PROVISORIO,2023_GENERAL_santafe_presidente_mesa.csv
2023,GENERAL,2023-10-22,PRESIDENTE Y VICE,21,Santa Fe,16,General López,03950,,NULO,nulos,0,PROVISORIO,2023_GENERAL_santafe_presidente_mesa.csv
2023,GENERAL,2023-10-22,PRESIDENTE Y VICE,21,Santa Fe,16,General López,03950,,RECURRIDO,recurridos,0,PROVISORIO,2023_GENERAL_santafe_presidente_mesa.csv
2023,GENERAL,2023-10-22,PRESIDENTE Y VICE,21,Santa Fe,16,General López,03950,,UNION POR LA PATRIA,agrupacion,110,PROVISORIO,2023_GENERAL_santafe_presidente_mesa.csv
2023,GENERAL,2023-10-22,PRESIDENTE Y VICE,21,Santa Fe,16,General López,03955,,COMANDO,comando,0,PROVISORIO,2023_GENERAL_santafe_presidente_mesa.csv
2023,GENERAL,2023-10-22,PRESIDENTE Y VICE,21,Santa Fe,16,General López,03955,,EN BLANCO,blancos,17,PROVISORIO,2023_GENERAL_santafe_presidente_mesa.csv
2023,GENERAL,2023-10-22,PRESIDENTE Y VICE,21,Santa Fe,16,General López,03955,,FRENTE DE IZQUIERDA Y DE TRABAJADORES - UNIDAD,agrupacion,15,PROVISORIO,2023_GENERAL_santafe_presidente_mesa.csv
2023,GENERAL,2023-10-22,PRESIDENTE Y VICE,21,Santa Fe,16,General López,03955,,HACEMOS POR NUESTRO PAIS,agrupacion,203,PROVISORIO,2023_GENERAL_santafe_presidente_mesa.csv
2023,GENERAL,2023-10-22,PRESIDENTE Y VICE,21,Santa Fe,16,General López,03955,,IMPUGNADO,impugnados,0,PROVISORIO,2023_GENERAL_santafe_presidente_mesa.csv
2023,GENERAL,2023-10-22,PRESIDENTE Y VICE,21,Santa Fe,16,General López,03955,,JUNTOS POR EL CAMBIO,agrupacion,704,PROVISORIO,2023_GENERAL_santafe_presidente_mesa.csv
2023,GENERAL,2023-10-22,PRESIDENTE Y VICE,21,Santa Fe,16,General López,03955,,LA LIBERTAD AVANZA,agrupacion,1080,PROVISORIO,2023_GENERAL_santafe_presidente_mesa.csv
2023,GENERAL,2023-10-22,PRESIDENTE Y VICE,21,Santa Fe,16,General López,03955,,NULO,nulos,10,PROVISORIO,2023_GENERAL_santafe_presidente_mesa.csv
2023,GENERAL,2023-10-22,PRESIDENTE Y VICE,21,Santa Fe,16,General López,03955,,RECURRIDO,recurridos,0,PROVISORIO,2023_GENERAL_santafe_presidente_mesa.csv
2023,GENERAL,2023-10-22,PRESIDENTE Y VICE,21,Santa Fe,16,General López,03955,,UNION POR LA PATRIA,agrupacion,348,PROVISORIO,2023_GENERAL_santafe_presidente_mesa.csv
2023,GENERAL,2023-10-22,PRESIDENTE Y VICE,21,Santa Fe,16,General López,03960,,COMANDO,comando,0,PROVISORIO,2023_GENERAL_santafe_presidente_mesa.csv
2023,GENERAL,2023-10-22,PRESIDENTE Y VICE,21,Santa Fe,16,General López,03960,,EN BLANCO,blancos,47,PROVISORIO,2023_GENERAL_santafe_presidente_mesa.csv
2023,GENERAL,2023-10-22,PRESIDENTE Y VICE,21,Santa Fe,16,General López,03960,,FRENTE DE IZQUIERDA Y DE TRABAJADORES - UNIDAD,agrupacion,44,PROVISORIO,2023_GENERAL_santafe_presidente_mesa.csv
2023,GENERAL,2023-10-22,PRESIDENTE Y VICE,21,Santa Fe,16,General López,03960,,HACEMOS POR NUESTRO PAIS,agrupacion,236,PROVISORIO,2023_GENERAL_santafe_presidente_mesa.csv
2023,GENERAL,2023-10-22,PRESIDENTE Y VICE,21,Santa Fe,16,General López,03960,,IMPUGNADO,impugnados,0,PROVISORIO,2023_GENERAL_santafe_presidente_mesa.csv
2023,GENERAL,2023-10-22,PRESIDENTE Y VICE,21,Santa Fe,16,General López,03960,,JUNTOS POR EL CAMBIO,agrupacion,599,PROVISORIO,2023_GENERAL_santafe_presidente_mesa.csv
2023,GENERAL,2023-10-22,PRESIDENTE Y VICE,21,Santa Fe,16,General López,03960,,LA LIBERTAD AVANZA,agrupacion,1091,PROVISORIO,2023_GENERAL_santafe_presidente_mesa.csv
2023,GENERAL,2023-10-22,PRESIDENTE Y VICE,21,Santa Fe,16,General López,03960,,NULO,nulos,20,PROVISORIO,2023_GENERAL_santafe_presidente_mesa.csv
2023,GENERAL,2023-10-22,PRESIDENTE Y VICE,21,Santa Fe,16,General López,03960,,RECURRIDO,recurridos,1,PROVISORIO,2023_GENERAL_santafe_presidente_mesa.csv
2023,GENERAL,2023-10-22,PRESIDENTE Y VICE,21,Santa Fe,16,General López,03960,,UNION POR LA PATRIA,agrupacion,1121,PROVISORIO,2023_GENERAL_santafe_presidente_mesa.csv
2023,GENERAL,2023-10-22,PRESIDENTE Y VICE,21,Santa Fe,16,General López,03965,,COMANDO,comando,0,PROVISORIO,2023_GENERAL_santafe_presidente_mesa.csv
2023,GENERAL,2023-10-22,PRESIDENTE Y VICE,21,Santa Fe,16,General López,03965,,EN BLANCO,blancos,4,PROVISORIO,2023_GENERAL_santafe_presidente_mesa.csv
2023,GENERAL,2023-10-22,PRESIDENTE Y VICE,21,Santa Fe,16,General López,03965,,FRENTE DE IZQUIERDA Y DE TRABAJADORES - UNIDAD,agrupacion,9,PROVISORIO,2023_GENERAL_santafe_presidente_mesa.csv
2023,GENERAL,2023-10-22,PRESIDENTE Y VICE,21,Santa Fe,16,General López,03965,,HACEMOS POR NUESTRO PAIS,agrupacion,42,PROVISORIO,2023_GENERAL_santafe_presidente_mesa.csv
2023,GENERAL,2023-10-22,PRESIDENTE Y VICE,21,Santa Fe,16,General López,03965,,IMPUGNADO,impugnados,0,PROVISORIO,2023_GENERAL_santafe_presidente_mesa.csv
2023,GENERAL,2023-10-22,PRESIDENTE Y VICE,21,Santa Fe,16,General López,03965,,JUNTOS POR EL CAMBIO,agrupacion,96,PROVISORIO,2023_GENERAL_santafe_presidente_mesa.csv
2023,GENERAL,2023-10-22,PRESIDENTE Y VICE,21,Santa Fe,16,General López,03965,,LA LIBERTAD AVANZA,agrupacion,202,PROVISORIO,2023_GENERAL_santafe_presidente_mesa.csv
2023,GENERAL,2023-10-22,PRESIDENTE Y VICE,21,Santa Fe,16,General López,03965,,NULO,nulos,4,PROVISORIO,2023_GENERAL_santafe_presidente_mesa.csv
2023,GENERAL,2023-10-22,PRESIDENTE Y VICE,21,Santa Fe,16,General López,03965,,RECURRIDO,recurridos,0,PROVISORIO,2023_GENERAL_santafe_presidente_mesa.csv
2023,GENERAL,2023-10-22,PRESIDENTE Y VICE,21,Santa Fe,16,General López,03965,,UNION POR LA PATRIA,agrupacion,150,PROVISORIO,2023_GENERAL_santafe_presidente_mesa.csv
2023,GENERAL,2023-10-22,PRESIDENTE Y VICE,21,Santa Fe,16,General López,03970,,COMANDO,comando,0,PROVISORIO,2023_GENERAL_santafe_presidente_mesa.csv
2023,GENERAL,2023-10-22,PRESIDENTE Y VICE,21,Santa Fe,16,General López,03970,,EN BLANCO,blancos,33,PROVISORIO,2023_GENERAL_santafe_presidente_mesa.csv
2023,GENERAL,2023-10-22,PRESIDENTE Y VICE,21,Santa Fe,16,General López,03970,,FRENTE DE IZQUIERDA Y DE TRABAJADORES - UNIDAD,agrupacion,41,PROVISORIO,2023_GENERAL_santafe_presidente_mesa.csv
2023,GENERAL,2023-10-22,PRESIDENTE Y VICE,21,Santa Fe,16,General López,03970,,HACEMOS POR NUESTRO PAIS,agrupacion,245,PROVISORIO,2023_GENERAL_santafe_presidente_mesa.csv
2023,GENERAL,2023-10-22,PRESIDENTE Y VICE,21,Santa Fe,16,General López,03970,,IMPUGNADO,impugnados,0,PROVISORIO,2023_GENERAL_santafe_presidente_mesa.csv
2023,GENERAL,2023-10-22,PRESIDENTE Y VICE,21,Santa Fe,16,General López,03970,,JUNTOS POR EL CAMBIO,agrupacion,784,PROVISORIO,2023_GENERAL_santafe_presidente_mesa.csv
2023,GENERAL,2023-10-22,PRESIDENTE Y VICE,21,Santa Fe,16,General López,03970,,LA LIBERTAD AVANZA,agrupacion,1153,PROVISORIO,2023_GENERAL_santafe_presidente_mesa.csv
2023,GENERAL,2023-10-22,PRESIDENTE Y VICE,21,Santa Fe,16,General López,03970,,NULO,nulos,27,PROVISORIO,2023_GENERAL_santafe_presidente_mesa.csv
2023,GENERAL,2023-10-22,PRESIDENTE Y VICE,21,Santa Fe,16,General López,03970,,RECURRIDO,recurridos,0,PROVISORIO,2023_GENERAL_santafe_presidente_mesa.csv
2023,GENERAL,2023-10-22,PRESIDENTE Y VICE,21,Santa Fe,16,General López,03970,,UNION POR LA PATRIA,agrupacion,711,PROVISORIO,2023_GENERAL_santafe_presidente_mesa.csv
2023,GENERAL,2023-10-22,PRESIDENTE Y VICE,21,Santa Fe,16,General López,03975,,COMANDO,comando,0,PROVISORIO,2023_GENERAL_santafe_presidente_mesa.csv
2023,GENERAL,2023-10-22,PRESIDENTE Y VICE,21,Santa Fe,16,General López,03975,,EN BLANCO,blancos,27,PROVISORIO,2023_GENERAL_santafe_presidente_mesa.csv
2023,GENERAL,2023-10-22,PRESIDENTE Y VICE,21,Santa Fe,16,General López,03975,,FRENTE DE IZQUIERDA Y DE TRABAJADORES - UNIDAD,agrupacion,41,PROVISORIO,2023_GENERAL_santafe_presidente_mesa.csv
2023,GENERAL,2023-10-22,PRESIDENTE Y VICE,21,Santa Fe,16,General López,03975,,HACEMOS POR NUESTRO PAIS,agrupacion,213,PROVISORIO,2023_GENERAL_santafe_presidente_mesa.csv
2023,GENERAL,2023-10-22,PRESIDENTE Y VICE,21,Santa Fe,16,General López,03975,,IMPUGNADO,impugnados,0,PROVISORIO,2023_GENERAL_santafe_presidente_mesa.csv
2023,GENERAL,2023-10-22,PRESIDENTE Y VICE,21,Santa Fe,16,General López,03975,,JUNTOS POR EL CAMBIO,agrupacion,554,PROVISORIO,2023_GENERAL_santafe_presidente_mesa.csv
2023,GENERAL,2023-10-22,PRESIDENTE Y VICE,21,Santa Fe,16,General López,03975,,LA LIBERTAD AVANZA,agrupacion,1149,PROVISORIO,2023_GENERAL_santafe_presidente_mesa.csv
2023,GENERAL,2023-10-22,PRESIDENTE Y VICE,21,Santa Fe,16,General López,03975,,NULO,nulos,33,PROVISORIO,2023_GENERAL_santafe_presidente_mesa.csv
2023,GENERAL,2023-10-22,PRESIDENTE Y VICE,21,Santa Fe,16,General López,03975,,RECURRIDO,recurridos,0,PROVISORIO,2023_GENERAL_santafe_presidente_mesa.csv
2023,GENERAL,2023-10-22,PRESIDENTE Y VICE,21,Santa Fe,16,General López,03975,,UNION POR LA PATRIA,agrupacion,815,PROVISORIO,2023_GENERAL_santafe_presidente_mesa.csv
2023,GENERAL,2023-10-22,PRESIDENTE Y VICE,21,Santa Fe,16,General López,03980,,COMANDO,comando,0,PROVISORIO,2023_GENERAL_santafe_presidente_mesa.csv
2023,GENERAL,2023-10-22,PRESIDENTE Y VICE,21,Santa Fe,16,General López,03980,,EN BLANCO,blancos,51,PROVISORIO,2023_GENERAL_santafe_presidente_mesa.csv
2023,GENERAL,2023-10-22,PRESIDENTE Y VICE,21,Santa Fe,16,General López,03980,,FRENTE DE IZQUIERDA Y DE TRABAJADORES - UNIDAD,agrupacion,46,PROVISORIO,2023_GENERAL_santafe_presidente_mesa.csv
2023,GENERAL,2023-10-22,PRESIDENTE Y VICE,21,Santa Fe,16,General López,03980,,HACEMOS POR NUESTRO PAIS,agrupacion,406,PROVISORIO,2023_GENERAL_santafe_presidente_mesa.csv
2023,GENERAL,2023-10-22,PRESIDENTE Y VICE,21,Santa Fe,16,General López,03980,,IMPUGNADO,impugnados,0,PROVISORIO,2023_GENERAL_santafe_presidente_mesa.csv
2023,GENERAL,2023-10-22,PRESIDENTE Y VICE,21,Santa Fe,16,General López,03980,,JUNTOS POR EL CAMBIO,agrupacion,1237,PROVISORIO,2023_GENERAL_santafe_presidente_mesa.csv
2023,GENERAL,2023-10-22,PRESIDENTE Y VICE,21,Santa Fe,16,General López,03980,,LA LIBERTAD AVANZA,agrupacion,1399,PROVISORIO,2023_GENERAL_santafe_presidente_mesa.csv
2023,GENERAL,2023-10-22,PRESIDENTE Y VICE,21,Santa Fe,16,General López,03980,,NULO,nulos,15,PROVISORIO,2023_GENERAL_santafe_presidente_mesa.csv
2023,GENERAL,2023-10-22,PRESIDENTE Y VICE,21,Santa Fe,16,General López,03980,,RECURRIDO,recurridos,0,PROVISORIO,2023_GENERAL_santafe_presidente_mesa.csv
2023,GENERAL,2023-10-22,PRESIDENTE Y VICE,21,Santa Fe,16,General López,03980,,UNION POR LA PATRIA,agrupacion,670,PROVISORIO,2023_GENERAL_santafe_presidente_mesa.csv
2023,GENERAL,2023-10-22,PRESIDENTE Y VICE,21,Santa Fe,16,General López,03990,,COMANDO,comando,0,PROVISORIO,2023_GENERAL_santafe_presidente_mesa.csv
2023,GENERAL,2023-10-22,PRESIDENTE Y VICE,21,Santa Fe,16,General López,03990,,EN BLANCO,blancos,146,PROVISORIO,2023_GENERAL_santafe_presidente_mesa.csv
2023,GENERAL,2023-10-22,PRESIDENTE Y VICE,21,Santa Fe,16,General López,03990,,FRENTE DE IZQUIERDA Y DE TRABAJADORES - UNIDAD,agrupacion,218,PROVISORIO,2023_GENERAL_santafe_presidente_mesa.csv
2023,GENERAL,2023-10-22,PRESIDENTE Y VICE,21,Santa Fe,16,General López,03990,,HACEMOS POR NUESTRO PAIS,agrupacion,1533,PROVISORIO,2023_GENERAL_santafe_presidente_mesa.csv
2023,GENERAL,2023-10-22,PRESIDENTE Y VICE,21,Santa Fe,16,General López,03990,,IMPUGNADO,impugnados,0,PROVISORIO,2023_GENERAL_santafe_presidente_mesa.csv
2023,GENERAL,2023-10-22,PRESIDENTE Y VICE,21,Santa Fe,16,General López,03990,,JUNTOS POR EL CAMBIO,agrupacion,5617,PROVISORIO,2023_GENERAL_santafe_presidente_mesa.csv
2023,GENERAL,2023-10-22,PRESIDENTE Y VICE,21,Santa Fe,16,General López,03990,,LA LIBERTAD AVANZA,agrupacion,5961,PROVISORIO,2023_GENERAL_santafe_presidente_mesa.csv
2023,GENERAL,2023-10-22,PRESIDENTE Y VICE,21,Santa Fe,16,General López,03990,,NULO,nulos,143,PROVISORIO,2023_GENERAL_santafe_presidente_mesa.csv
2023,GENERAL,2023-10-22,PRESIDENTE Y VICE,21,Santa Fe,16,General López,03990,,RECURRIDO,recurridos,0,PROVISORIO,2023_GENERAL_santafe_presidente_mesa.csv
2023,GENERAL,2023-10-22,PRESIDENTE Y VICE,21,Santa Fe,16,General López,03990,,UNION POR LA PATRIA,agrupacion,2521,PROVISORIO,2023_GENERAL_santafe_presidente_mesa.csv
2023,GENERAL,2023-10-22,PRESIDENTE Y VICE,21,Santa Fe,16,General López,03992,,COMANDO,comando,0,PROVISORIO,2023_GENERAL_santafe_presidente_mesa.csv
2023,GENERAL,2023-10-22,PRESIDENTE Y VICE,21,Santa Fe,16,General López,03992,,EN BLANCO,blancos,126,PROVISORIO,2023_GENERAL_santafe_presidente_mesa.csv
2023,GENERAL,2023-10-22,PRESIDENTE Y VICE,21,Santa Fe,16,General López,03992,,FRENTE DE IZQUIERDA Y DE TRABAJADORES - UNIDAD,agrupacion,290,PROVISORIO,2023_GENERAL_santafe_presidente_mesa.csv
2023,GENERAL,2023-10-22,PRESIDENTE Y VICE,21,Santa Fe,16,General López,03992,,HACEMOS POR NUESTRO PAIS,agrupacion,1457,PROVISORIO,2023_GENERAL_santafe_presidente_mesa.csv
2023,GENERAL,2023-10-22,PRESIDENTE Y VICE,21,Santa Fe,16,General López,03992,,IMPUGNADO,impugnados,4,PROVISORIO,2023_GENERAL_santafe_presidente_mesa.csv
2023,GENERAL,2023-10-22,PRESIDENTE Y VICE,21,Santa Fe,16,General López,03992,,JUNTOS POR EL CAMBIO,agrupacion,4461,PROVISORIO,2023_GENERAL_santafe_presidente_mesa.csv
2023,GENERAL,2023-10-22,PRESIDENTE Y VICE,21,Santa Fe,16,General López,03992,,LA LIBERTAD AVANZA,agrupacion,5195,PROVISORIO,2023_GENERAL_santafe_presidente_mesa.csv
2023,GENERAL,2023-10-22,PRESIDENTE Y VICE,21,Santa Fe,16,General López,03992,,NULO,nulos,168,PROVISORIO,2023_GENERAL_santafe_presidente_mesa.csv
2023,GENERAL,2023-10-22,PRESIDENTE Y VICE,21,Santa Fe,16,General López,03992,,RECURRIDO,recurridos,0,PROVISORIO,2023_GENERAL_santafe_presidente_mesa.csv
2023,GENERAL,2023-10-22,PRESIDENTE Y VICE,21,Santa Fe,16,General López,03992,,UNION POR LA PATRIA,agrupacion,2487,PROVISORIO,2023_GENERAL_santafe_presidente_mesa.csv
2023,GENERAL,2023-10-22,PRESIDENTE Y VICE,21,Santa Fe,16,General López,03994,,COMANDO,comando,6,PROVISORIO,2023_GENERAL_santafe_presidente_mesa.csv
2023,GENERAL,2023-10-22,PRESIDENTE Y VICE,21,Santa Fe,16,General López,03994,,EN BLANCO,blancos,106,PROVISORIO,2023_GENERAL_santafe_presidente_mesa.csv
2023,GENERAL,2023-10-22,PRESIDENTE Y VICE,21,Santa Fe,16,General López,03994,,FRENTE DE IZQUIERDA Y DE TRABAJADORES - UNIDAD,agrupacion,204,PROVISORIO,2023_GENERAL_santafe_presidente_mesa.csv
2023,GENERAL,2023-10-22,PRESIDENTE Y VICE,21,Santa Fe,16,General López,03994,,HACEMOS POR NUESTRO PAIS,agrupacion,1425,PROVISORIO,2023_GENERAL_santafe_presidente_mesa.csv
2023,GENERAL,2023-10-22,PRESIDENTE Y VICE,21,Santa Fe,16,General López,03994,,IMPUGNADO,impugnados,0,PROVISORIO,2023_GENERAL_santafe_presidente_mesa.csv
2023,GENERAL,2023-10-22,PRESIDENTE Y VICE,21,Santa Fe,16,General López,03994,,JUNTOS POR EL CAMBIO,agrupacion,3561,PROVISORIO,2023_GENERAL_santafe_presidente_mesa.csv
2023,GENERAL,2023-10-22,PRESIDENTE Y VICE,21,Santa Fe,16,General López,03994,,LA LIBERTAD AVANZA,agrupacion,4391,PROVISORIO,2023_GENERAL_santafe_presidente_mesa.csv
2023,GENERAL,2023-10-22,PRESIDENTE Y VICE,21,Santa Fe,16,General López,03994,,NULO,nulos,138,PROVISORIO,2023_GENERAL_santafe_presidente_mesa.csv
2023,GENERAL,2023-10-22,PRESIDENTE Y VICE,21,Santa Fe,16,General López,03994,,RECURRIDO,recurridos,0,PROVISORIO,2023_GENERAL_santafe_presidente_mesa.csv
2023,GENERAL,2023-10-22,PRESIDENTE Y VICE,21,Santa Fe,16,General López,03994,,UNION POR LA PATRIA,agrupacion,2436,PROVISORIO,2023_GENERAL_santafe_presidente_mesa.csv
2023,GENERAL,2023-10-22,PRESIDENTE Y VICE,21,Santa Fe,16,General López,03996,,COMANDO,comando,0,PROVISORIO,2023_GENERAL_santafe_presidente_mesa.csv
2023,GENERAL,2023-10-22,PRESIDENTE Y VICE,21,Santa Fe,16,General López,03996,,EN BLANCO,blancos,69,PROVISORIO,2023_GENERAL_santafe_presidente_mesa.csv
2023,GENERAL,2023-10-22,PRESIDENTE Y VICE,21,Santa Fe,16,General López,03996,,FRENTE DE IZQUIERDA Y DE TRABAJADORES - UNIDAD,agrupacion,141,PROVISORIO,2023_GENERAL_santafe_presidente_mesa.csv
2023,GENERAL,2023-10-22,PRESIDENTE Y VICE,21,Santa Fe,16,General López,03996,,HACEMOS POR NUESTRO PAIS,agrupacion,832,PROVISORIO,2023_GENERAL_santafe_presidente_mesa.csv
2023,GENERAL,2023-10-22,PRESIDENTE Y VICE,21,Santa Fe,16,General López,03996,,IMPUGNADO,impugnados,0,PROVISORIO,2023_GENERAL_santafe_presidente_mesa.csv
2023,GENERAL,2023-10-22,PRESIDENTE Y VICE,21,Santa Fe,16,General López,03996,,JUNTOS POR EL CAMBIO,agrupacion,2685,PROVISORIO,2023_GENERAL_santafe_presidente_mesa.csv
2023,GENERAL,2023-10-22,PRESIDENTE Y VICE,21,Santa Fe,16,General López,03996,,LA LIBERTAD AVANZA,agrupacion,3024,PROVISORIO,2023_GENERAL_santafe_presidente_mesa.csv
2023,GENERAL,2023-10-22,PRESIDENTE Y VICE,21,Santa Fe,16,General López,03996,,NULO,nulos,75,PROVISORIO,2023_GENERAL_santafe_presidente_mesa.csv
2023,GENERAL,2023-10-22,PRESIDENTE Y VICE,21,Santa Fe,16,General López,03996,,RECURRIDO,recurridos,0,PROVISORIO,2023_GENERAL_santafe_presidente_mesa.csv
2023,GENERAL,2023-10-22,PRESIDENTE Y VICE,21,Santa Fe,16,General López,03996,,UNION POR LA PATRIA,agrupacion,1650,PROVISORIO,2023_GENERAL_santafe_presidente_mesa.csv
2023,GENERAL,2023-10-22,PRESIDENTE Y VICE,21,Santa Fe,16,General López,04000,,COMANDO,comando,0,PROVISORIO,2023_GENERAL_santafe_presidente_mesa.csv
2023,GENERAL,2023-10-22,PRESIDENTE Y VICE,21,Santa Fe,16,General López,04000,,EN BLANCO,blancos,72,PROVISORIO,2023_GENERAL_santafe_presidente_mesa.csv
2023,GENERAL,2023-10-22,PRESIDENTE Y VICE,21,Santa Fe,16,General López,04000,,FRENTE DE IZQUIERDA Y DE TRABAJADORES - UNIDAD,agrupacion,63,PROVISORIO,2023_GENERAL_santafe_presidente_mesa.csv
2023,GENERAL,2023-10-22,PRESIDENTE Y VICE,21,Santa Fe,16,General López,04000,,HACEMOS POR NUESTRO PAIS,agrupacion,519,PROVISORIO,2023_GENERAL_santafe_presidente_mesa.csv
2023,GENERAL,2023-10-22,PRESIDENTE Y VICE,21,Santa Fe,16,General López,04000,,IMPUGNADO,impugnados,0,PROVISORIO,2023_GENERAL_santafe_presidente_mesa.csv
2023,GENERAL,2023-10-22,PRESIDENTE Y VICE,21,Santa Fe,16,General López,04000,,JUNTOS POR EL CAMBIO,agrupacion,2033,PROVISORIO,2023_GENERAL_santafe_presidente_mesa.csv
2023,GENERAL,2023-10-22,PRESIDENTE Y VICE,21,Santa Fe,16,General López,04000,,LA LIBERTAD AVANZA,agrupacion,2352,PROVISORIO,2023_GENERAL_santafe_presidente_mesa.csv
2023,GENERAL,2023-10-22,PRESIDENTE Y VICE,21,Santa Fe,16,General López,04000,,NULO,nulos,13,PROVISORIO,2023_GENERAL_santafe_presidente_mesa.csv
2023,GENERAL,2023-10-22,PRESIDENTE Y VICE,21,Santa Fe,16,General López,04000,,RECURRIDO,recurridos,0,PROVISORIO,2023_GENERAL_santafe_presidente_mesa.csv
2023,GENERAL,2023-10-22,PRESIDENTE Y VICE,21,Santa Fe,16,General López,04000,,UNION POR LA PATRIA,agrupacion,1113,PROVISORIO,2023_GENERAL_santafe_presidente_mesa.csv
2023,GENERAL,2023-10-22,PRESIDENTE Y VICE,21,Santa Fe,16,General López,04010,,COMANDO,comando,0,PROVISORIO,2023_GENERAL_santafe_presidente_mesa.csv
2023,GENERAL,2023-10-22,PRESIDENTE Y VICE,21,Santa Fe,16,General López,04010,,EN BLANCO,blancos,49,PROVISORIO,2023_GENERAL_santafe_presidente_mesa.csv
2023,GENERAL,2023-10-22,PRESIDENTE Y VICE,21,Santa Fe,16,General López,04010,,FRENTE DE IZQUIERDA Y DE TRABAJADORES - UNIDAD,agrupacion,30,PROVISORIO,2023_GENERAL_santafe_presidente_mesa.csv
2023,GENERAL,2023-10-22,PRESIDENTE Y VICE,21,Santa Fe,16,General López,04010,,HACEMOS POR NUESTRO PAIS,agrupacion,327,PROVISORIO,2023_GENERAL_santafe_presidente_mesa.csv
2023,GENERAL,2023-10-22,PRESIDENTE Y VICE,21,Santa Fe,16,General López,04010,,IMPUGNADO,impugnados,0,PROVISORIO,2023_GENERAL_santafe_presidente_mesa.csv
2023,GENERAL,2023-10-22,PRESIDENTE Y VICE,21,Santa Fe,16,General López,04010,,JUNTOS POR EL CAMBIO,agrupacion,1385,PROVISORIO,2023_GENERAL_santafe_presidente_mesa.csv
2023,GENERAL,2023-10-22,PRESIDENTE Y VICE,21,Santa Fe,16,General López,04010,,LA LIBERTAD AVANZA,agrupacion,1134,PROVISORIO,2023_GENERAL_santafe_presidente_mesa.csv
2023,GENERAL,2023-10-22,PRESIDENTE Y VICE,21,Santa Fe,16,General López,04010,,NULO,nulos,13,PROVISORIO,2023_GENERAL_santafe_presidente_mesa.csv
2023,GENERAL,2023-10-22,PRESIDENTE Y VICE,21,Santa Fe,16,General López,04010,,RECURRIDO,recurridos,0,PROVISORIO,2023_GENERAL_santafe_presidente_mesa.csv
2023,GENERAL,2023-10-22,PRESIDENTE Y VICE,21,Santa Fe,16,General López,04010,,UNION POR LA PATRIA,agrupacion,948,PROVISORIO,2023_GENERAL_santafe_presidente_mesa.csv
2023,GENERAL,2023-10-22,PRESIDENTE Y VICE,21,Santa Fe,16,General López,04015,,COMANDO,comando,0,PROVISORIO,2023_GENERAL_santafe_presidente_mesa.csv
2023,GENERAL,2023-10-22,PRESIDENTE Y VICE,21,Santa Fe,16,General López,04015,,EN BLANCO,blancos,35,PROVISORIO,2023_GENERAL_santafe_presidente_mesa.csv
2023,GENERAL,2023-10-22,PRESIDENTE Y VICE,21,Santa Fe,16,General López,04015,,FRENTE DE IZQUIERDA Y DE TRABAJADORES - UNIDAD,agrupacion,37,PROVISORIO,2023_GENERAL_santafe_presidente_mesa.csv
2023,GENERAL,2023-10-22,PRESIDENTE Y VICE,21,Santa Fe,16,General López,04015,,HACEMOS POR NUESTRO PAIS,agrupacion,433,PROVISORIO,2023_GENERAL_santafe_presidente_mesa.csv
2023,GENERAL,2023-10-22,PRESIDENTE Y VICE,21,Santa Fe,16,General López,04015,,IMPUGNADO,impugnados,0,PROVISORIO,2023_GENERAL_santafe_presidente_mesa.csv
2023,GENERAL,2023-10-22,PRESIDENTE Y VICE,21,Santa Fe,16,General López,04015,,JUNTOS POR EL CAMBIO,agrupacion,981,PROVISORIO,2023_GENERAL_santafe_presidente_mesa.csv
2023,GENERAL,2023-10-22,PRESIDENTE Y VICE,21,Santa Fe,16,General López,04015,,LA LIBERTAD AVANZA,agrupacion,927,PROVISORIO,2023_GENERAL_santafe_presidente_mesa.csv
2023,GENERAL,2023-10-22,PRESIDENTE Y VICE,21,Santa Fe,16,General López,04015,,NULO,nulos,17,PROVISORIO,2023_GENERAL_santafe_presidente_mesa.csv
2023,GENERAL,2023-10-22,PRESIDENTE Y VICE,21,Santa Fe,16,General López,04015,,RECURRIDO,recurridos,0,PROVISORIO,2023_GENERAL_santafe_presidente_mesa.csv
2023,GENERAL,2023-10-22,PRESIDENTE Y VICE,21,Santa Fe,16,General López,04015,,UNION POR LA PATRIA,agrupacion,637,PROVISORIO,2023_GENERAL_santafe_presidente_mesa.csv
2023,GENERAL,2023-10-22,PRESIDENTE Y VICE,21,Santa Fe,17,Belgrano,04020,,COMANDO,comando,0,PROVISORIO,2023_GENERAL_santafe_presidente_mesa.csv
2023,GENERAL,2023-10-22,PRESIDENTE Y VICE,21,Santa Fe,17,Belgrano,04020,,EN BLANCO,blancos,51,PROVISORIO,2023_GENERAL_santafe_presidente_mesa.csv
2023,GENERAL,2023-10-22,PRESIDENTE Y VICE,21,Santa Fe,17,Belgrano,04020,,FRENTE DE IZQUIERDA Y DE TRABAJADORES - UNIDAD,agrupacion,87,PROVISORIO,2023_GENERAL_santafe_presidente_mesa.csv
2023,GENERAL,2023-10-22,PRESIDENTE Y VICE,21,Santa Fe,17,Belgrano,04020,,HACEMOS POR NUESTRO PAIS,agrupacion,1066,PROVISORIO,2023_GENERAL_santafe_presidente_mesa.csv
2023,GENERAL,2023-10-22,PRESIDENTE Y VICE,21,Santa Fe,17,Belgrano,04020,,IMPUGNADO,impugnados,0,PROVISORIO,2023_GENERAL_santafe_presidente_mesa.csv
2023,GENERAL,2023-10-22,PRESIDENTE Y VICE,21,Santa Fe,17,Belgrano,04020,,JUNTOS POR EL CAMBIO,agrupacion,2674,PROVISORIO,2023_GENERAL_santafe_presidente_mesa.csv
2023,GENERAL,2023-10-22,PRESIDENTE Y VICE,21,Santa Fe,17,Belgrano,04020,,LA LIBERTAD AVANZA,agrupacion,3252,PROVISORIO,2023_GENERAL_santafe_presidente_mesa.csv
2023,GENERAL,2023-10-22,PRESIDENTE Y VICE,21,Santa Fe,17,Belgrano,04020,,NULO,nulos,57,PROVISORIO,2023_GENERAL_santafe_presidente_mesa.csv
2023,GENERAL,2023-10-22,PRESIDENTE Y VICE,21,Santa Fe,17,Belgrano,04020,,RECURRIDO,recurridos,0,PROVISORIO,2023_GENERAL_santafe_presidente_mesa.csv
2023,GENERAL,2023-10-22,PRESIDENTE Y VICE,21,Santa Fe,17,Belgrano,04020,,UNION POR LA PATRIA,agrupacion,1247,PROVISORIO,2023_GENERAL_santafe_presidente_mesa.csv
2023,GENERAL,2023-10-22,PRESIDENTE Y VICE,21,Santa Fe,17,Belgrano,04030,,COMANDO,comando,0,PROVISORIO,2023_GENERAL_santafe_presidente_mesa.csv
2023,GENERAL,2023-10-22,PRESIDENTE Y VICE,21,Santa Fe,17,Belgrano,04030,,EN BLANCO,blancos,132,PROVISORIO,2023_GENERAL_santafe_presidente_mesa.csv
2023,GENERAL,2023-10-22,PRESIDENTE Y VICE,21,Santa Fe,17,Belgrano,04030,,FRENTE DE IZQUIERDA Y DE TRABAJADORES - UNIDAD,agrupacion,125,PROVISORIO,2023_GENERAL_santafe_presidente_mesa.csv
2023,GENERAL,2023-10-22,PRESIDENTE Y VICE,21,Santa Fe,17,Belgrano,04030,,HACEMOS POR NUESTRO PAIS,agrupacion,1368,PROVISORIO,2023_GENERAL_santafe_presidente_mesa.csv
2023,GENERAL,2023-10-22,PRESIDENTE Y VICE,21,Santa Fe,17,Belgrano,04030,,IMPUGNADO,impugnados,0,PROVISORIO,2023_GENERAL_santafe_presidente_mesa.csv
2023,GENERAL,2023-10-22,PRESIDENTE Y VICE,21,Santa Fe,17,Belgrano,04030,,JUNTOS POR EL CAMBIO,agrupacion,1824,PROVISORIO,2023_GENERAL_santafe_presidente_mesa.csv
2023,GENERAL,2023-10-22,PRESIDENTE Y VICE,21,Santa Fe,17,Belgrano,04030,,LA LIBERTAD AVANZA,agrupacion,3114,PROVISORIO,2023_GENERAL_santafe_presidente_mesa.csv
2023,GENERAL,2023-10-22,PRESIDENTE Y VICE,21,Santa Fe,17,Belgrano,04030,,NULO,nulos,108,PROVISORIO,2023_GENERAL_santafe_presidente_mesa.csv
2023,GENERAL,2023-10-22,PRESIDENTE Y VICE,21,Santa Fe,17,Belgrano,04030,,RECURRIDO,recurridos,0,PROVISORIO,2023_GENERAL_santafe_presidente_mesa.csv
2023,GENERAL,2023-10-22,PRESIDENTE Y VICE,21,Santa Fe,17,Belgrano,04030,,UNION POR LA PATRIA,agrupacion,2134,PROVISORIO,2023_GENERAL_santafe_presidente_mesa.csv
2023,GENERAL,2023-10-22,PRESIDENTE Y VICE,21,Santa Fe,17,Belgrano,04040,,COMANDO,comando,0,PROVISORIO,2023_GENERAL_santafe_presidente_mesa.csv
2023,GENERAL,2023-10-22,PRESIDENTE Y VICE,21,Santa Fe,17,Belgrano,04040,,EN BLANCO,blancos,114,PROVISORIO,2023_GENERAL_santafe_presidente_mesa.csv
2023,GENERAL,2023-10-22,PRESIDENTE Y VICE,21,Santa Fe,17,Belgrano,04040,,FRENTE DE IZQUIERDA Y DE TRABAJADORES - UNIDAD,agrupacion,86,PROVISORIO,2023_GENERAL_santafe_presidente_mesa.csv
2023,GENERAL,2023-10-22,PRESIDENTE Y VICE,21,Santa Fe,17,Belgrano,04040,,HACEMOS POR NUESTRO PAIS,agrupacion,1044,PROVISORIO,2023_GENERAL_santafe_presidente_mesa.csv
2023,GENERAL,2023-10-22,PRESIDENTE Y VICE,21,Santa Fe,17,Belgrano,04040,,IMPUGNADO,impugnados,0,PROVISORIO,2023_GENERAL_santafe_presidente_mesa.csv
2023,GENERAL,2023-10-22,PRESIDENTE Y VICE,21,Santa Fe,17,Belgrano,04040,,JUNTOS POR EL CAMBIO,agrupacion,2492,PROVISORIO,2023_GENERAL_santafe_presidente_mesa.csv
2023,GENERAL,2023-10-22,PRESIDENTE Y VICE,21,Santa Fe,17,Belgrano,04040,,LA LIBERTAD AVANZA,agrupacion,3007,PROVISORIO,2023_GENERAL_santafe_presidente_mesa.csv
2023,GENERAL,2023-10-22,PRESIDENTE Y VICE,21,Santa Fe,17,Belgrano,04040,,NULO,nulos,56,PROVISORIO,2023_GENERAL_santafe_presidente_mesa.csv
2023,GENERAL,2023-10-22,PRESIDENTE Y VICE,21,Santa Fe,17,Belgrano,04040,,RECURRIDO,recurridos,0,PROVISORIO,2023_GENERAL_santafe_presidente_mesa.csv
2023,GENERAL,2023-10-22,PRESIDENTE Y VICE,21,Santa Fe,17,Belgrano,04040,,UNION POR LA PATRIA,agrupacion,1837,PROVISORIO,2023_GENERAL_santafe_presidente_mesa.csv
2023,GENERAL,2023-10-22,PRESIDENTE Y VICE,21,Santa Fe,17,Belgrano,04045,,COMANDO,comando,0,PROVISORIO,2023_GENERAL_santafe_presidente_mesa.csv
2023,GENERAL,2023-10-22,PRESIDENTE Y VICE,21,Santa Fe,17,Belgrano,04045,,EN BLANCO,blancos,7,PROVISORIO,2023_GENERAL_santafe_presidente_mesa.csv
2023,GENERAL,2023-10-22,PRESIDENTE Y VICE,21,Santa Fe,17,Belgrano,04045,,FRENTE DE IZQUIERDA Y DE TRABAJADORES - UNIDAD,agrupacion,5,PROVISORIO,2023_GENERAL_santafe_presidente_mesa.csv
2023,GENERAL,2023-10-22,PRESIDENTE Y VICE,21,Santa Fe,17,Belgrano,04045,,HACEMOS POR NUESTRO PAIS,agrupacion,138,PROVISORIO,2023_GENERAL_santafe_presidente_mesa.csv
2023,GENERAL,2023-10-22,PRESIDENTE Y VICE,21,Santa Fe,17,Belgrano,04045,,IMPUGNADO,impugnados,0,PROVISORIO,2023_GENERAL_santafe_presidente_mesa.csv
2023,GENERAL,2023-10-22,PRESIDENTE Y VICE,21,Santa Fe,17,Belgrano,04045,,JUNTOS POR EL CAMBIO,agrupacion,289,PROVISORIO,2023_GENERAL_santafe_presidente_mesa.csv
2023,GENERAL,2023-10-22,PRESIDENTE Y VICE,21,Santa Fe,17,Belgrano,04045,,LA LIBERTAD AVANZA,agrupacion,332,PROVISORIO,2023_GENERAL_santafe_presidente_mesa.csv
2023,GENERAL,2023-10-22,PRESIDENTE Y VICE,21,Santa Fe,17,Belgrano,04045,,NULO,nulos,6,PROVISORIO,2023_GENERAL_santafe_presidente_mesa.csv
2023,GENERAL,2023-10-22,PRESIDENTE Y VICE,21,Santa Fe,17,Belgrano,04045,,RECURRIDO,recurridos,0,PROVISORIO,2023_GENERAL_santafe_presidente_mesa.csv
2023,GENERAL,2023-10-22,PRESIDENTE Y VICE,21,Santa Fe,17,Belgrano,04045,,UNION POR LA PATRIA,agrupacion,145,PROVISORIO,2023_GENERAL_santafe_presidente_mesa.csv
2023,GENERAL,2023-10-22,PRESIDENTE Y VICE,21,Santa Fe,17,Belgrano,04050,,COMANDO,comando,0,PROVISORIO,2023_GENERAL_santafe_presidente_mesa.csv
2023,GENERAL,2023-10-22,PRESIDENTE Y VICE,21,Santa Fe,17,Belgrano,04050,,EN BLANCO,blancos,38,PROVISORIO,2023_GENERAL_santafe_presidente_mesa.csv
2023,GENERAL,2023-10-22,PRESIDENTE Y VICE,21,Santa Fe,17,Belgrano,04050,,FRENTE DE IZQUIERDA Y DE TRABAJADORES - UNIDAD,agrupacion,19,PROVISORIO,2023_GENERAL_santafe_presidente_mesa.csv
2023,GENERAL,2023-10-22,PRESIDENTE Y VICE,21,Santa Fe,17,Belgrano,04050,,HACEMOS POR NUESTRO PAIS,agrupacion,269,PROVISORIO,2023_GENERAL_santafe_presidente_mesa.csv
2023,GENERAL,2023-10-22,PRESIDENTE Y VICE,21,Santa Fe,17,Belgrano,04050,,IMPUGNADO,impugnados,0,PROVISORIO,2023_GENERAL_santafe_presidente_mesa.csv
2023,GENERAL,2023-10-22,PRESIDENTE Y VICE,21,Santa Fe,17,Belgrano,04050,,JUNTOS POR EL CAMBIO,agrupacion,610,PROVISORIO,2023_GENERAL_santafe_presidente_mesa.csv
2023,GENERAL,2023-10-22,PRESIDENTE Y VICE,21,Santa Fe,17,Belgrano,04050,,LA LIBERTAD AVANZA,agrupacion,765,PROVISORIO,2023_GENERAL_santafe_presidente_mesa.csv
2023,GENERAL,2023-10-22,PRESIDENTE Y VICE,21,Santa Fe,17,Belgrano,04050,,NULO,nulos,6,PROVISORIO,2023_GENERAL_santafe_presidente_mesa.csv
2023,GENERAL,2023-10-22,PRESIDENTE Y VICE,21,Santa Fe,17,Belgrano,04050,,RECURRIDO,recurridos,0,PROVISORIO,2023_GENERAL_santafe_presidente_mesa.csv
2023,GENERAL,2023-10-22,PRESIDENTE Y VICE,21,Santa Fe,17,Belgrano,04050,,UNION POR LA PATRIA,agrupacion,225,PROVISORIO,2023_GENERAL_santafe_presidente_mesa.csv
2023,GENERAL,2023-10-22,PRESIDENTE Y VICE,21,Santa Fe,17,Belgrano,04060,,COMANDO,comando,0,PROVISORIO,2023_GENERAL_santafe_presidente_mesa.csv
2023,GENERAL,2023-10-22,PRESIDENTE Y VICE,21,Santa Fe,17,Belgrano,04060,,EN BLANCO,blancos,12,PROVISORIO,2023_GENERAL_santafe_presidente_mesa.csv
2023,GENERAL,2023-10-22,PRESIDENTE Y VICE,21,Santa Fe,17,Belgrano,04060,,FRENTE DE IZQUIERDA Y DE TRABAJADORES - UNIDAD,agrupacion,11,PROVISORIO,2023_GENERAL_santafe_presidente_mesa.csv
2023,GENERAL,2023-10-22,PRESIDENTE Y VICE,21,Santa Fe,17,Belgrano,04060,,HACEMOS POR NUESTRO PAIS,agrupacion,208,PROVISORIO,2023_GENERAL_santafe_presidente_mesa.csv
2023,GENERAL,2023-10-22,PRESIDENTE Y VICE,21,Santa Fe,17,Belgrano,04060,,IMPUGNADO,impugnados,0,PROVISORIO,2023_GENERAL_santafe_presidente_mesa.csv
2023,GENERAL,2023-10-22,PRESIDENTE Y VICE,21,Santa Fe,17,Belgrano,04060,,JUNTOS POR EL CAMBIO,agrupacion,383,PROVISORIO,2023_GENERAL_santafe_presidente_mesa.csv
2023,GENERAL,2023-10-22,PRESIDENTE Y VICE,21,Santa Fe,17,Belgrano,04060,,LA LIBERTAD AVANZA,agrupacion,487,PROVISORIO,2023_GENERAL_santafe_presidente_mesa.csv
2023,GENERAL,2023-10-22,PRESIDENTE Y VICE,21,Santa Fe,17,Belgrano,04060,,NULO,nulos,20,PROVISORIO,2023_GENERAL_santafe_presidente_mesa.csv
2023,GENERAL,2023-10-22,PRESIDENTE Y VICE,21,Santa Fe,17,Belgrano,04060,,RECURRIDO,recurridos,2,PROVISORIO,2023_GENERAL_santafe_presidente_mesa.csv
2023,GENERAL,2023-10-22,PRESIDENTE Y VICE,21,Santa Fe,17,Belgrano,04060,,UNION POR LA PATRIA,agrupacion,450,PROVISORIO,2023_GENERAL_santafe_presidente_mesa.csv
2023,GENERAL,2023-10-22,PRESIDENTE Y VICE,21,Santa Fe,18,Iriondo,04070,,COMANDO,comando,0,PROVISORIO,2023_GENERAL_santafe_presidente_mesa.csv
2023,GENERAL,2023-10-22,PRESIDENTE Y VICE,21,Santa Fe,18,Iriondo,04070,,EN BLANCO,blancos,12,PROVISORIO,2023_GENERAL_santafe_presidente_mesa.csv
2023,GENERAL,2023-10-22,PRESIDENTE Y VICE,21,Santa Fe,18,Iriondo,04070,,FRENTE DE IZQUIERDA Y DE TRABAJADORES - UNIDAD,agrupacion,25,PROVISORIO,2023_GENERAL_santafe_presidente_mesa.csv
2023,GENERAL,2023-10-22,PRESIDENTE Y VICE,21,Santa Fe,18,Iriondo,04070,,HACEMOS POR NUESTRO PAIS,agrupacion,93,PROVISORIO,2023_GENERAL_santafe_presidente_mesa.csv
2023,GENERAL,2023-10-22,PRESIDENTE Y VICE,21,Santa Fe,18,Iriondo,04070,,IMPUGNADO,impugnados,0,PROVISORIO,2023_GENERAL_santafe_presidente_mesa.csv
2023,GENERAL,2023-10-22,PRESIDENTE Y VICE,21,Santa Fe,18,Iriondo,04070,,JUNTOS POR EL CAMBIO,agrupacion,220,PROVISORIO,2023_GENERAL_santafe_presidente_mesa.csv
2023,GENERAL,2023-10-22,PRESIDENTE Y VICE,21,Santa Fe,18,Iriondo,04070,,LA LIBERTAD AVANZA,agrupacion,373,PROVISORIO,2023_GENERAL_santafe_presidente_mesa.csv
2023,GENERAL,2023-10-22,PRESIDENTE Y VICE,21,Santa Fe,18,Iriondo,04070,,NULO,nulos,3,PROVISORIO,2023_GENERAL_santafe_presidente_mesa.csv
2023,GENERAL,2023-10-22,PRESIDENTE Y VICE,21,Santa Fe,18,Iriondo,04070,,RECURRIDO,recurridos,0,PROVISORIO,2023_GENERAL_santafe_presidente_mesa.csv
2023,GENERAL,2023-10-22,PRESIDENTE Y VICE,21,Santa Fe,18,Iriondo,04070,,UNION POR LA PATRIA,agrupacion,212,PROVISORIO,2023_GENERAL_santafe_presidente_mesa.csv
2023,GENERAL,2023-10-22,PRESIDENTE Y VICE,21,Santa Fe,18,Iriondo,04080,,COMANDO,comando,0,PROVISORIO,2023_GENERAL_santafe_presidente_mesa.csv
2023,GENERAL,2023-10-22,PRESIDENTE Y VICE,21,Santa Fe,18,Iriondo,04080,,EN BLANCO,blancos,223,PROVISORIO,2023_GENERAL_santafe_presidente_mesa.csv
2023,GENERAL,2023-10-22,PRESIDENTE Y VICE,21,Santa Fe,18,Iriondo,04080,,FRENTE DE IZQUIERDA Y DE TRABAJADORES - UNIDAD,agrupacion,353,PROVISORIO,2023_GENERAL_santafe_presidente_mesa.csv
2023,GENERAL,2023-10-22,PRESIDENTE Y VICE,21,Santa Fe,18,Iriondo,04080,,HACEMOS POR NUESTRO PAIS,agrupacion,3027,PROVISORIO,2023_GENERAL_santafe_presidente_mesa.csv
2023,GENERAL,2023-10-22,PRESIDENTE Y VICE,21,Santa Fe,18,Iriondo,04080,,IMPUGNADO,impugnados,0,PROVISORIO,2023_GENERAL_santafe_presidente_mesa.csv
2023,GENERAL,2023-10-22,PRESIDENTE Y VICE,21,Santa Fe,18,Iriondo,04080,,JUNTOS POR EL CAMBIO,agrupacion,5059,PROVISORIO,2023_GENERAL_santafe_presidente_mesa.csv
2023,GENERAL,2023-10-22,PRESIDENTE Y VICE,21,Santa Fe,18,Iriondo,04080,,LA LIBERTAD AVANZA,agrupacion,6302,PROVISORIO,2023_GENERAL_santafe_presidente_mesa.csv
2023,GENERAL,2023-10-22,PRESIDENTE Y VICE,21,Santa Fe,18,Iriondo,04080,,NULO,nulos,172,PROVISORIO,2023_GENERAL_santafe_presidente_mesa.csv
2023,GENERAL,2023-10-22,PRESIDENTE Y VICE,21,Santa Fe,18,Iriondo,04080,,RECURRIDO,recurridos,0,PROVISORIO,2023_GENERAL_santafe_presidente_mesa.csv
2023,GENERAL,2023-10-22,PRESIDENTE Y VICE,21,Santa Fe,18,Iriondo,04080,,UNION POR LA PATRIA,agrupacion,5306,PROVISORIO,2023_GENERAL_santafe_presidente_mesa.csv
2023,GENERAL,2023-10-22,PRESIDENTE Y VICE,21,Santa Fe,18,Iriondo,04090,,COMANDO,comando,0,PROVISORIO,2023_GENERAL_santafe_presidente_mesa.csv
2023,GENERAL,2023-10-22,PRESIDENTE Y VICE,21,Santa Fe,18,Iriondo,04090,,EN BLANCO,blancos,6,PROVISORIO,2023_GENERAL_santafe_presidente_mesa.csv
2023,GENERAL,2023-10-22,PRESIDENTE Y VICE,21,Santa Fe,18,Iriondo,04090,,FRENTE DE IZQUIERDA Y DE TRABAJADORES - UNIDAD,agrupacion,17,PROVISORIO,2023_GENERAL_santafe_presidente_mesa.csv
2023,GENERAL,2023-10-22,PRESIDENTE Y VICE,21,Santa Fe,18,Iriondo,04090,,HACEMOS POR NUESTRO PAIS,agrupacion,77,PROVISORIO,2023_GENERAL_santafe_presidente_mesa.csv
2023,GENERAL,2023-10-22,PRESIDENTE Y VICE,21,Santa Fe,18,Iriondo,04090,,IMPUGNADO,impugnados,0,PROVISORIO,2023_GENERAL_santafe_presidente_mesa.csv
2023,GENERAL,2023-10-22,PRESIDENTE Y VICE,21,Santa Fe,18,Iriondo,04090,,JUNTOS POR EL CAMBIO,agrupacion,210,PROVISORIO,2023_GENERAL_santafe_presidente_mesa.csv
2023,GENERAL,2023-10-22,PRESIDENTE Y VICE,21,Santa Fe,18,Iriondo,04090,,LA LIBERTAD AVANZA,agrupacion,281,PROVISORIO,2023_GENERAL_santafe_presidente_mesa.csv
2023,GENERAL,2023-10-22,PRESIDENTE Y VICE,21,Santa Fe,18,Iriondo,04090,,NULO,nulos,6,PROVISORIO,2023_GENERAL_santafe_presidente_mesa.csv
2023,GENERAL,2023-10-22,PRESIDENTE Y VICE,21,Santa Fe,18,Iriondo,04090,,RECURRIDO,recurridos,0,PROVISORIO,2023_GENERAL_santafe_presidente_mesa.csv
2023,GENERAL,2023-10-22,PRESIDENTE Y VICE,21,Santa Fe,18,Iriondo,04090,,UNION POR LA PATRIA,agrupacion,178,PROVISORIO,2023_GENERAL_santafe_presidente_mesa.csv
2023,GENERAL,2023-10-22,PRESIDENTE Y VICE,21,Santa Fe,18,Iriondo,04100,,COMANDO,comando,0,PROVISORIO,2023_GENERAL_santafe_presidente_mesa.csv
2023,GENERAL,2023-10-22,PRESIDENTE Y VICE,21,Santa Fe,18,Iriondo,04100,,EN BLANCO,blancos,37,PROVISORIO,2023_GENERAL_santafe_presidente_mesa.csv
2023,GENERAL,2023-10-22,PRESIDENTE Y VICE,21,Santa Fe,18,Iriondo,04100,,FRENTE DE IZQUIERDA Y DE TRABAJADORES - UNIDAD,agrupacion,41,PROVISORIO,2023_GENERAL_santafe_presidente_mesa.csv
2023,GENERAL,2023-10-22,PRESIDENTE Y VICE,21,Santa Fe,18,Iriondo,04100,,HACEMOS POR NUESTRO PAIS,agrupacion,604,PROVISORIO,2023_GENERAL_santafe_presidente_mesa.csv
2023,GENERAL,2023-10-22,PRESIDENTE Y VICE,21,Santa Fe,18,Iriondo,04100,,IMPUGNADO,impugnados,0,PROVISORIO,2023_GENERAL_santafe_presidente_mesa.csv
2023,GENERAL,2023-10-22,PRESIDENTE Y VICE,21,Santa Fe,18,Iriondo,04100,,JUNTOS POR EL CAMBIO,agrupacion,957,PROVISORIO,2023_GENERAL_santafe_presidente_mesa.csv
2023,GENERAL,2023-10-22,PRESIDENTE Y VICE,21,Santa Fe,18,Iriondo,04100,,LA LIBERTAD AVANZA,agrupacion,1315,PROVISORIO,2023_GENERAL_santafe_presidente_mesa.csv
2023,GENERAL,2023-10-22,PRESIDENTE Y VICE,21,Santa Fe,18,Iriondo,04100,,NULO,nulos,15,PROVISORIO,2023_GENERAL_santafe_presidente_mesa.csv
2023,GENERAL,2023-10-22,PRESIDENTE Y VICE,21,Santa Fe,18,Iriondo,04100,,RECURRIDO,recurridos,0,PROVISORIO,2023_GENERAL_santafe_presidente_mesa.csv
2023,GENERAL,2023-10-22,PRESIDENTE Y VICE,21,Santa Fe,18,Iriondo,04100,,UNION POR LA PATRIA,agrupacion,857,PROVISORIO,2023_GENERAL_santafe_presidente_mesa.csv
2023,GENERAL,2023-10-22,PRESIDENTE Y VICE,21,Santa Fe,18,Iriondo,04110,,COMANDO,comando,0,PROVISORIO,2023_GENERAL_santafe_presidente_mesa.csv
2023,GENERAL,2023-10-22,PRESIDENTE Y VICE,21,Santa Fe,18,Iriondo,04110,,EN BLANCO,blancos,28,PROVISORIO,2023_GENERAL_santafe_presidente_mesa.csv
2023,GENERAL,2023-10-22,PRESIDENTE Y VICE,21,Santa Fe,18,Iriondo,04110,,FRENTE DE IZQUIERDA Y DE TRABAJADORES - UNIDAD,agrupacion,24,PROVISORIO,2023_GENERAL_santafe_presidente_mesa.csv
2023,GENERAL,2023-10-22,PRESIDENTE Y VICE,21,Santa Fe,18,Iriondo,04110,,HACEMOS POR NUESTRO PAIS,agrupacion,188,PROVISORIO,2023_GENERAL_santafe_presidente_mesa.csv
2023,GENERAL,2023-10-22,PRESIDENTE Y VICE,21,Santa Fe,18,Iriondo,04110,,IMPUGNADO,impugnados,0,PROVISORIO,2023_GENERAL_santafe_presidente_mesa.csv
2023,GENERAL,2023-10-22,PRESIDENTE Y VICE,21,Santa Fe,18,Iriondo,04110,,JUNTOS POR EL CAMBIO,agrupacion,485,PROVISORIO,2023_GENERAL_santafe_presidente_mesa.csv
2023,GENERAL,2023-10-22,PRESIDENTE Y VICE,21,Santa Fe,18,Iriondo,04110,,LA LIBERTAD AVANZA,agrupacion,507,PROVISORIO,2023_GENERAL_santafe_presidente_mesa.csv
2023,GENERAL,2023-10-22,PRESIDENTE Y VICE,21,Santa Fe,18,Iriondo,04110,,NULO,nulos,13,PROVISORIO,2023_GENERAL_santafe_presidente_mesa.csv
2023,GENERAL,2023-10-22,PRESIDENTE Y VICE,21,Santa Fe,18,Iriondo,04110,,RECURRIDO,recurridos,0,PROVISORIO,2023_GENERAL_santafe_presidente_mesa.csv
2023,GENERAL,2023-10-22,PRESIDENTE Y VICE,21,Santa Fe,18,Iriondo,04110,,UNION POR LA PATRIA,agrupacion,371,PROVISORIO,2023_GENERAL_santafe_presidente_mesa.csv
2023,GENERAL,2023-10-22,PRESIDENTE Y VICE,21,Santa Fe,18,Iriondo,04115,,COMANDO,comando,0,PROVISORIO,2023_GENERAL_santafe_presidente_mesa.csv
2023,GENERAL,2023-10-22,PRESIDENTE Y VICE,21,Santa Fe,18,Iriondo,04115,,EN BLANCO,blancos,5,PROVISORIO,2023_GENERAL_santafe_presidente_mesa.csv
2023,GENERAL,2023-10-22,PRESIDENTE Y VICE,21,Santa Fe,18,Iriondo,04115,,FRENTE DE IZQUIERDA Y DE TRABAJADORES - UNIDAD,agrupacion,12,PROVISORIO,2023_GENERAL_santafe_presidente_mesa.csv
2023,GENERAL,2023-10-22,PRESIDENTE Y VICE,21,Santa Fe,18,Iriondo,04115,,HACEMOS POR NUESTRO PAIS,agrupacion,20,PROVISORIO,2023_GENERAL_santafe_presidente_mesa.csv
2023,GENERAL,2023-10-22,PRESIDENTE Y VICE,21,Santa Fe,18,Iriondo,04115,,IMPUGNADO,impugnados,0,PROVISORIO,2023_GENERAL_santafe_presidente_mesa.csv
2023,GENERAL,2023-10-22,PRESIDENTE Y VICE,21,Santa Fe,18,Iriondo,04115,,JUNTOS POR EL CAMBIO,agrupacion,75,PROVISORIO,2023_GENERAL_santafe_presidente_mesa.csv
2023,GENERAL,2023-10-22,PRESIDENTE Y VICE,21,Santa Fe,18,Iriondo,04115,,LA LIBERTAD AVANZA,agrupacion,98,PROVISORIO,2023_GENERAL_santafe_presidente_mesa.csv
2023,GENERAL,2023-10-22,PRESIDENTE Y VICE,21,Santa Fe,18,Iriondo,04115,,NULO,nulos,1,PROVISORIO,2023_GENERAL_santafe_presidente_mesa.csv
2023,GENERAL,2023-10-22,PRESIDENTE Y VICE,21,Santa Fe,18,Iriondo,04115,,RECURRIDO,recurridos,0,PROVISORIO,2023_GENERAL_santafe_presidente_mesa.csv
2023,GENERAL,2023-10-22,PRESIDENTE Y VICE,21,Santa Fe,18,Iriondo,04115,,UNION POR LA PATRIA,agrupacion,117,PROVISORIO,2023_GENERAL_santafe_presidente_mesa.csv
2023,GENERAL,2023-10-22,PRESIDENTE Y VICE,21,Santa Fe,18,Iriondo,04120,,COMANDO,comando,0,PROVISORIO,2023_GENERAL_santafe_presidente_mesa.csv
2023,GENERAL,2023-10-22,PRESIDENTE Y VICE,21,Santa Fe,18,Iriondo,04120,,EN BLANCO,blancos,39,PROVISORIO,2023_GENERAL_santafe_presidente_mesa.csv
2023,GENERAL,2023-10-22,PRESIDENTE Y VICE,21,Santa Fe,18,Iriondo,04120,,FRENTE DE IZQUIERDA Y DE TRABAJADORES - UNIDAD,agrupacion,58,PROVISORIO,2023_GENERAL_santafe_presidente_mesa.csv
2023,GENERAL,2023-10-22,PRESIDENTE Y VICE,21,Santa Fe,18,Iriondo,04120,,HACEMOS POR NUESTRO PAIS,agrupacion,245,PROVISORIO,2023_GENERAL_santafe_presidente_mesa.csv
2023,GENERAL,2023-10-22,PRESIDENTE Y VICE,21,Santa Fe,18,Iriondo,04120,,IMPUGNADO,impugnados,0,PROVISORIO,2023_GENERAL_santafe_presidente_mesa.csv
2023,GENERAL,2023-10-22,PRESIDENTE Y VICE,21,Santa Fe,18,Iriondo,04120,,JUNTOS POR EL CAMBIO,agrupacion,772,PROVISORIO,2023_GENERAL_santafe_presidente_mesa.csv
2023,GENERAL,2023-10-22,PRESIDENTE Y VICE,21,Santa Fe,18,Iriondo,04120,,LA LIBERTAD AVANZA,agrupacion,1203,PROVISORIO,2023_GENERAL_santafe_presidente_mesa.csv
2023,GENERAL,2023-10-22,PRESIDENTE Y VICE,21,Santa Fe,18,Iriondo,04120,,NULO,nulos,28,PROVISORIO,2023_GENERAL_santafe_presidente_mesa.csv
2023,GENERAL,2023-10-22,PRESIDENTE Y VICE,21,Santa Fe,18,Iriondo,04120,,RECURRIDO,recurridos,0,PROVISORIO,2023_GENERAL_santafe_presidente_mesa.csv
2023,GENERAL,2023-10-22,PRESIDENTE Y VICE,21,Santa Fe,18,Iriondo,04120,,UNION POR LA PATRIA,agrupacion,833,PROVISORIO,2023_GENERAL_santafe_presidente_mesa.csv
2023,GENERAL,2023-10-22,PRESIDENTE Y VICE,21,Santa Fe,18,Iriondo,04130,,COMANDO,comando,0,PROVISORIO,2023_GENERAL_santafe_presidente_mesa.csv
2023,GENERAL,2023-10-22,PRESIDENTE Y VICE,21,Santa Fe,18,Iriondo,04130,,EN BLANCO,blancos,78,PROVISORIO,2023_GENERAL_santafe_presidente_mesa.csv
2023,GENERAL,2023-10-22,PRESIDENTE Y VICE,21,Santa Fe,18,Iriondo,04130,,FRENTE DE IZQUIERDA Y DE TRABAJADORES - UNIDAD,agrupacion,90,PROVISORIO,2023_GENERAL_santafe_presidente_mesa.csv
2023,GENERAL,2023-10-22,PRESIDENTE Y VICE,21,Santa Fe,18,Iriondo,04130,,HACEMOS POR NUESTRO PAIS,agrupacion,836,PROVISORIO,2023_GENERAL_santafe_presidente_mesa.csv
2023,GENERAL,2023-10-22,PRESIDENTE Y VICE,21,Santa Fe,18,Iriondo,04130,,IMPUGNADO,impugnados,0,PROVISORIO,2023_GENERAL_santafe_presidente_mesa.csv
2023,GENERAL,2023-10-22,PRESIDENTE Y VICE,21,Santa Fe,18,Iriondo,04130,,JUNTOS POR EL CAMBIO,agrupacion,2010,PROVISORIO,2023_GENERAL_santafe_presidente_mesa.csv
2023,GENERAL,2023-10-22,PRESIDENTE Y VICE,21,Santa Fe,18,Iriondo,04130,,LA LIBERTAD AVANZA,agrupacion,2657,PROVISORIO,2023_GENERAL_santafe_presidente_mesa.csv
2023,GENERAL,2023-10-22,PRESIDENTE Y VICE,21,Santa Fe,18,Iriondo,04130,,NULO,nulos,121,PROVISORIO,2023_GENERAL_santafe_presidente_mesa.csv
2023,GENERAL,2023-10-22,PRESIDENTE Y VICE,21,Santa Fe,18,Iriondo,04130,,RECURRIDO,recurridos,0,PROVISORIO,2023_GENERAL_santafe_presidente_mesa.csv
2023,GENERAL,2023-10-22,PRESIDENTE Y VICE,21,Santa Fe,18,Iriondo,04130,,UNION POR LA PATRIA,agrupacion,1313,PROVISORIO,2023_GENERAL_santafe_presidente_mesa.csv
2023,GENERAL,2023-10-22,PRESIDENTE Y VICE,21,Santa Fe,18,Iriondo,04132,,COMANDO,comando,0,PROVISORIO,2023_GENERAL_santafe_presidente_mesa.csv
2023,GENERAL,2023-10-22,PRESIDENTE Y VICE,21,Santa Fe,18,Iriondo,04132,,EN BLANCO,blancos,3,PROVISORIO,2023_GENERAL_santafe_presidente_mesa.csv
2023,GENERAL,2023-10-22,PRESIDENTE Y VICE,21,Santa Fe,18,Iriondo,04132,,FRENTE DE IZQUIERDA Y DE TRABAJADORES - UNIDAD,agrupacion,7,PROVISORIO,2023_GENERAL_santafe_presidente_mesa.csv
2023,GENERAL,2023-10-22,PRESIDENTE Y VICE,21,Santa Fe,18,Iriondo,04132,,HACEMOS POR NUESTRO PAIS,agrupacion,55,PROVISORIO,2023_GENERAL_santafe_presidente_mesa.csv
2023,GENERAL,2023-10-22,PRESIDENTE Y VICE,21,Santa Fe,18,Iriondo,04132,,IMPUGNADO,impugnados,0,PROVISORIO,2023_GENERAL_santafe_presidente_mesa.csv
2023,GENERAL,2023-10-22,PRESIDENTE Y VICE,21,Santa Fe,18,Iriondo,04132,,JUNTOS POR EL CAMBIO,agrupacion,102,PROVISORIO,2023_GENERAL_santafe_presidente_mesa.csv
2023,GENERAL,2023-10-22,PRESIDENTE Y VICE,21,Santa Fe,18,Iriondo,04132,,LA LIBERTAD AVANZA,agrupacion,245,PROVISORIO,2023_GENERAL_santafe_presidente_mesa.csv
2023,GENERAL,2023-10-22,PRESIDENTE Y VICE,21,Santa Fe,18,Iriondo,04132,,NULO,nulos,0,PROVISORIO,2023_GENERAL_santafe_presidente_mesa.csv
2023,GENERAL,2023-10-22,PRESIDENTE Y VICE,21,Santa Fe,18,Iriondo,04132,,RECURRIDO,recurridos,0,PROVISORIO,2023_GENERAL_santafe_presidente_mesa.csv
2023,GENERAL,2023-10-22,PRESIDENTE Y VICE,21,Santa Fe,18,Iriondo,04132,,UNION POR LA PATRIA,agrupacion,98,PROVISORIO,2023_GENERAL_santafe_presidente_mesa.csv
2023,GENERAL,2023-10-22,PRESIDENTE Y VICE,21,Santa Fe,18,Iriondo,04134,,COMANDO,comando,0,PROVISORIO,2023_GENERAL_santafe_presidente_mesa.csv
2023,GENERAL,2023-10-22,PRESIDENTE Y VICE,21,Santa Fe,18,Iriondo,04134,,EN BLANCO,blancos,0,PROVISORIO,2023_GENERAL_santafe_presidente_mesa.csv
2023,GENERAL,2023-10-22,PRESIDENTE Y VICE,21,Santa Fe,18,Iriondo,04134,,FRENTE DE IZQUIERDA Y DE TRABAJADORES - UNIDAD,agrupacion,0,PROVISORIO,2023_GENERAL_santafe_presidente_mesa.csv
2023,GENERAL,2023-10-22,PRESIDENTE Y VICE,21,Santa Fe,18,Iriondo,04134,,HACEMOS POR NUESTRO PAIS,agrupacion,2,PROVISORIO,2023_GENERAL_santafe_presidente_mesa.csv
2023,GENERAL,2023-10-22,PRESIDENTE Y VICE,21,Santa Fe,18,Iriondo,04134,,IMPUGNADO,impugnados,0,PROVISORIO,2023_GENERAL_santafe_presidente_mesa.csv
2023,GENERAL,2023-10-22,PRESIDENTE Y VICE,21,Santa Fe,18,Iriondo,04134,,JUNTOS POR EL CAMBIO,agrupacion,2,PROVISORIO,2023_GENERAL_santafe_presidente_mesa.csv
2023,GENERAL,2023-10-22,PRESIDENTE Y VICE,21,Santa Fe,18,Iriondo,04134,,LA LIBERTAD AVANZA,agrupacion,19,PROVISORIO,2023_GENERAL_santafe_presidente_mesa.csv
2023,GENERAL,2023-10-22,PRESIDENTE Y VICE,21,Santa Fe,18,Iriondo,04134,,NULO,nulos,0,PROVISORIO,2023_GENERAL_santafe_presidente_mesa.csv
2023,GENERAL,2023-10-22,PRESIDENTE Y VICE,21,Santa Fe,18,Iriondo,04134,,RECURRIDO,recurridos,0,PROVISORIO,2023_GENERAL_santafe_presidente_mesa.csv
2023,GENERAL,2023-10-22,PRESIDENTE Y VICE,21,Santa Fe,18,Iriondo,04134,,UNION POR LA PATRIA,agrupacion,10,PROVISORIO,2023_GENERAL_santafe_presidente_mesa.csv
2023,GENERAL,2023-10-22,PRESIDENTE Y VICE,21,Santa Fe,18,Iriondo,04140,,COMANDO,comando,0,PROVISORIO,2023_GENERAL_santafe_presidente_mesa.csv
2023,GENERAL,2023-10-22,PRESIDENTE Y VICE,21,Santa Fe,18,Iriondo,04140,,EN BLANCO,blancos,31,PROVISORIO,2023_GENERAL_santafe_presidente_mesa.csv
2023,GENERAL,2023-10-22,PRESIDENTE Y VICE,21,Santa Fe,18,Iriondo,04140,,FRENTE DE IZQUIERDA Y DE TRABAJADORES - UNIDAD,agrupacion,39,PROVISORIO,2023_GENERAL_santafe_presidente_mesa.csv
2023,GENERAL,2023-10-22,PRESIDENTE Y VICE,21,Santa Fe,18,Iriondo,04140,,HACEMOS POR NUESTRO PAIS,agrupacion,185,PROVISORIO,2023_GENERAL_santafe_presidente_mesa.csv
2023,GENERAL,2023-10-22,PRESIDENTE Y VICE,21,Santa Fe,18,Iriondo,04140,,IMPUGNADO,impugnados,0,PROVISORIO,2023_GENERAL_santafe_presidente_mesa.csv
2023,GENERAL,2023-10-22,PRESIDENTE Y VICE,21,Santa Fe,18,Iriondo,04140,,JUNTOS POR EL CAMBIO,agrupacion,629,PROVISORIO,2023_GENERAL_santafe_presidente_mesa.csv
2023,GENERAL,2023-10-22,PRESIDENTE Y VICE,21,Santa Fe,18,Iriondo,04140,,LA LIBERTAD AVANZA,agrupacion,1074,PROVISORIO,2023_GENERAL_santafe_presidente_mesa.csv
2023,GENERAL,2023-10-22,PRESIDENTE Y VICE,21,Santa Fe,18,Iriondo,04140,,NULO,nulos,27,PROVISORIO,2023_GENERAL_santafe_presidente_mesa.csv
2023,GENERAL,2023-10-22,PRESIDENTE Y VICE,21,Santa Fe,18,Iriondo,04140,,RECURRIDO,recurridos,0,PROVISORIO,2023_GENERAL_santafe_presidente_mesa.csv
2023,GENERAL,2023-10-22,PRESIDENTE Y VICE,21,Santa Fe,18,Iriondo,04140,,UNION POR LA PATRIA,agrupacion,697,PROVISORIO,2023_GENERAL_santafe_presidente_mesa.csv
2023,GENERAL,2023-10-22,PRESIDENTE Y VICE,21,Santa Fe,18,Iriondo,04145,,COMANDO,comando,0,PROVISORIO,2023_GENERAL_santafe_presidente_mesa.csv
2023,GENERAL,2023-10-22,PRESIDENTE Y VICE,21,Santa Fe,18,Iriondo,04145,,EN BLANCO,blancos,22,PROVISORIO,2023_GENERAL_santafe_presidente_mesa.csv
2023,GENERAL,2023-10-22,PRESIDENTE Y VICE,21,Santa Fe,18,Iriondo,04145,,FRENTE DE IZQUIERDA Y DE TRABAJADORES - UNIDAD,agrupacion,50,PROVISORIO,2023_GENERAL_santafe_presidente_mesa.csv
2023,GENERAL,2023-10-22,PRESIDENTE Y VICE,21,Santa Fe,18,Iriondo,04145,,HACEMOS POR NUESTRO PAIS,agrupacion,172,PROVISORIO,2023_GENERAL_santafe_presidente_mesa.csv
2023,GENERAL,2023-10-22,PRESIDENTE Y VICE,21,Santa Fe,18,Iriondo,04145,,IMPUGNADO,impugnados,0,PROVISORIO,2023_GENERAL_santafe_presidente_mesa.csv
2023,GENERAL,2023-10-22,PRESIDENTE Y VICE,21,Santa Fe,18,Iriondo,04145,,JUNTOS POR EL CAMBIO,agrupacion,423,PROVISORIO,2023_GENERAL_santafe_presidente_mesa.csv
2023,GENERAL,2023-10-22,PRESIDENTE Y VICE,21,Santa Fe,18,Iriondo,04145,,LA LIBERTAD AVANZA,agrupacion,815,PROVISORIO,2023_GENERAL_santafe_presidente_mesa.csv
2023,GENERAL,2023-10-22,PRESIDENTE Y VICE,21,Santa Fe,18,Iriondo,04145,,NULO,nulos,28,PROVISORIO,2023_GENERAL_santafe_presidente_mesa.csv
2023,GENERAL,2023-10-22,PRESIDENTE Y VICE,21,Santa Fe,18,Iriondo,04145,,RECURRIDO,recurridos,0,PROVISORIO,2023_GENERAL_santafe_presidente_mesa.csv
2023,GENERAL,2023-10-22,PRESIDENTE Y VICE,21,Santa Fe,18,Iriondo,04145,,UNION POR LA PATRIA,agrupacion,693,PROVISORIO,2023_GENERAL_santafe_presidente_mesa.csv
2023,GENERAL,2023-10-22,PRESIDENTE Y VICE,21,Santa Fe,18,Iriondo,04150,,COMANDO,comando,0,PROVISORIO,2023_GENERAL_santafe_presidente_mesa.csv
2023,GENERAL,2023-10-22,PRESIDENTE Y VICE,21,Santa Fe,18,Iriondo,04150,,EN BLANCO,blancos,23,PROVISORIO,2023_GENERAL_santafe_presidente_mesa.csv
2023,GENERAL,2023-10-22,PRESIDENTE Y VICE,21,Santa Fe,18,Iriondo,04150,,FRENTE DE IZQUIERDA Y DE TRABAJADORES - UNIDAD,agrupacion,28,PROVISORIO,2023_GENERAL_santafe_presidente_mesa.csv
2023,GENERAL,2023-10-22,PRESIDENTE Y VICE,21,Santa Fe,18,Iriondo,04150,,HACEMOS POR NUESTRO PAIS,agrupacion,206,PROVISORIO,2023_GENERAL_santafe_presidente_mesa.csv
2023,GENERAL,2023-10-22,PRESIDENTE Y VICE,21,Santa Fe,18,Iriondo,04150,,IMPUGNADO,impugnados,0,PROVISORIO,2023_GENERAL_santafe_presidente_mesa.csv
2023,GENERAL,2023-10-22,PRESIDENTE Y VICE,21,Santa Fe,18,Iriondo,04150,,JUNTOS POR EL CAMBIO,agrupacion,620,PROVISORIO,2023_GENERAL_santafe_presidente_mesa.csv
2023,GENERAL,2023-10-22,PRESIDENTE Y VICE,21,Santa Fe,18,Iriondo,04150,,LA LIBERTAD AVANZA,agrupacion,860,PROVISORIO,2023_GENERAL_santafe_presidente_mesa.csv
2023,GENERAL,2023-10-22,PRESIDENTE Y VICE,21,Santa Fe,18,Iriondo,04150,,NULO,nulos,7,PROVISORIO,2023_GENERAL_santafe_presidente_mesa.csv
2023,GENERAL,2023-10-22,PRESIDENTE Y VICE,21,Santa Fe,18,Iriondo,04150,,RECURRIDO,recurridos,0,PROVISORIO,2023_GENERAL_santafe_presidente_mesa.csv
2023,GENERAL,2023-10-22,PRESIDENTE Y VICE,21,Santa Fe,18,Iriondo,04150,,UNION POR LA PATRIA,agrupacion,336,PROVISORIO,2023_GENERAL_santafe_presidente_mesa.csv
2023,GENERAL,2023-10-22,PRESIDENTE Y VICE,21,Santa Fe,19,San Lorenzo,04160,,COMANDO,comando,4,PROVISORIO,2023_GENERAL_santafe_presidente_mesa.csv
2023,GENERAL,2023-10-22,PRESIDENTE Y VICE,21,Santa Fe,19,San Lorenzo,04160,,EN BLANCO,blancos,155,PROVISORIO,2023_GENERAL_santafe_presidente_mesa.csv
2023,GENERAL,2023-10-22,PRESIDENTE Y VICE,21,Santa Fe,19,San Lorenzo,04160,,FRENTE DE IZQUIERDA Y DE TRABAJADORES - UNIDAD,agrupacion,144,PROVISORIO,2023_GENERAL_santafe_presidente_mesa.csv
2023,GENERAL,2023-10-22,PRESIDENTE Y VICE,21,Santa Fe,19,San Lorenzo,04160,,HACEMOS POR NUESTRO PAIS,agrupacion,1504,PROVISORIO,2023_GENERAL_santafe_presidente_mesa.csv
2023,GENERAL,2023-10-22,PRESIDENTE Y VICE,21,Santa Fe,19,San Lorenzo,04160,,IMPUGNADO,impugnados,7,PROVISORIO,2023_GENERAL_santafe_presidente_mesa.csv
2023,GENERAL,2023-10-22,PRESIDENTE Y VICE,21,Santa Fe,19,San Lorenzo,04160,,JUNTOS POR EL CAMBIO,agrupacion,2565,PROVISORIO,2023_GENERAL_santafe_presidente_mesa.csv
2023,GENERAL,2023-10-22,PRESIDENTE Y VICE,21,Santa Fe,19,San Lorenzo,04160,,LA LIBERTAD AVANZA,agrupacion,3642,PROVISORIO,2023_GENERAL_santafe_presidente_mesa.csv
2023,GENERAL,2023-10-22,PRESIDENTE Y VICE,21,Santa Fe,19,San Lorenzo,04160,,NULO,nulos,165,PROVISORIO,2023_GENERAL_santafe_presidente_mesa.csv
2023,GENERAL,2023-10-22,PRESIDENTE Y VICE,21,Santa Fe,19,San Lorenzo,04160,,RECURRIDO,recurridos,0,PROVISORIO,2023_GENERAL_santafe_presidente_mesa.csv
2023,GENERAL,2023-10-22,PRESIDENTE Y VICE,21,Santa Fe,19,San Lorenzo,04160,,UNION POR LA PATRIA,agrupacion,3328,PROVISORIO,2023_GENERAL_santafe_presidente_mesa.csv
2023,GENERAL,2023-10-22,PRESIDENTE Y VICE,21,Santa Fe,19,San Lorenzo,04170,,COMANDO,comando,0,PROVISORIO,2023_GENERAL_santafe_presidente_mesa.csv
2023,GENERAL,2023-10-22,PRESIDENTE Y VICE,21,Santa Fe,19,San Lorenzo,04170,,EN BLANCO,blancos,0,PROVISORIO,2023_GENERAL_santafe_presidente_mesa.csv
2023,GENERAL,2023-10-22,PRESIDENTE Y VICE,21,Santa Fe,19,San Lorenzo,04170,,FRENTE DE IZQUIERDA Y DE TRABAJADORES - UNIDAD,agrupacion,1,PROVISORIO,2023_GENERAL_santafe_presidente_mesa.csv
2023,GENERAL,2023-10-22,PRESIDENTE Y VICE,21,Santa Fe,19,San Lorenzo,04170,,HACEMOS POR NUESTRO PAIS,agrupacion,1,PROVISORIO,2023_GENERAL_santafe_presidente_mesa.csv
2023,GENERAL,2023-10-22,PRESIDENTE Y VICE,21,Santa Fe,19,San Lorenzo,04170,,IMPUGNADO,impugnados,0,PROVISORIO,2023_GENERAL_santafe_presidente_mesa.csv
2023,GENERAL,2023-10-22,PRESIDENTE Y VICE,21,Santa Fe,19,San Lorenzo,04170,,JUNTOS POR EL CAMBIO,agrupacion,2,PROVISORIO,2023_GENERAL_santafe_presidente_mesa.csv
2023,GENERAL,2023-10-22,PRESIDENTE Y VICE,21,Santa Fe,19,San Lorenzo,04170,,LA LIBERTAD AVANZA,agrupacion,9,PROVISORIO,2023_GENERAL_santafe_presidente_mesa.csv
2023,GENERAL,2023-10-22,PRESIDENTE Y VICE,21,Santa Fe,19,San Lorenzo,04170,,NULO,nulos,0,PROVISORIO,2023_GENERAL_santafe_presidente_mesa.csv
2023,GENERAL,2023-10-22,PRESIDENTE Y VICE,21,Santa Fe,19,San Lorenzo,04170,,RECURRIDO,recurridos,0,PROVISORIO,2023_GENERAL_santafe_presidente_mesa.csv
2023,GENERAL,2023-10-22,PRESIDENTE Y VICE,21,Santa Fe,19,San Lorenzo,04170,,UNION POR LA PATRIA,agrupacion,4,PROVISORIO,2023_GENERAL_santafe_presidente_mesa.csv
2023,GENERAL,2023-10-22,PRESIDENTE Y VICE,21,Santa Fe,19,San Lorenzo,04172,,COMANDO,comando,0,PROVISORIO,2023_GENERAL_santafe_presidente_mesa.csv
2023,GENERAL,2023-10-22,PRESIDENTE Y VICE,21,Santa Fe,19,San Lorenzo,04172,,EN BLANCO,blancos,9,PROVISORIO,2023_GENERAL_santafe_presidente_mesa.csv
2023,GENERAL,2023-10-22,PRESIDENTE Y VICE,21,Santa Fe,19,San Lorenzo,04172,,FRENTE DE IZQUIERDA Y DE TRABAJADORES - UNIDAD,agrupacion,26,PROVISORIO,2023_GENERAL_santafe_presidente_mesa.csv
2023,GENERAL,2023-10-22,PRESIDENTE Y VICE,21,Santa Fe,19,San Lorenzo,04172,,HACEMOS POR NUESTRO PAIS,agrupacion,264,PROVISORIO,2023_GENERAL_santafe_presidente_mesa.csv
2023,GENERAL,2023-10-22,PRESIDENTE Y VICE,21,Santa Fe,19,San Lorenzo,04172,,IMPUGNADO,impugnados,0,PROVISORIO,2023_GENERAL_santafe_presidente_mesa.csv
2023,GENERAL,2023-10-22,PRESIDENTE Y VICE,21,Santa Fe,19,San Lorenzo,04172,,JUNTOS POR EL CAMBIO,agrupacion,516,PROVISORIO,2023_GENERAL_santafe_presidente_mesa.csv
2023,GENERAL,2023-10-22,PRESIDENTE Y VICE,21,Santa Fe,19,San Lorenzo,04172,,LA LIBERTAD AVANZA,agrupacion,648,PROVISORIO,2023_GENERAL_santafe_presidente_mesa.csv
2023,GENERAL,2023-10-22,PRESIDENTE Y VICE,21,Santa Fe,19,San Lorenzo,04172,,NULO,nulos,3,PROVISORIO,2023_GENERAL_santafe_presidente_mesa.csv
2023,GENERAL,2023-10-22,PRESIDENTE Y VICE,21,Santa Fe,19,San Lorenzo,04172,,RECURRIDO,recurridos,0,PROVISORIO,2023_GENERAL_santafe_presidente_mesa.csv
2023,GENERAL,2023-10-22,PRESIDENTE Y VICE,21,Santa Fe,19,San Lorenzo,04172,,UNION POR LA PATRIA,agrupacion,380,PROVISORIO,2023_GENERAL_santafe_presidente_mesa.csv
2023,GENERAL,2023-10-22,PRESIDENTE Y VICE,21,Santa Fe,19,San Lorenzo,04174,,COMANDO,comando,0,PROVISORIO,2023_GENERAL_santafe_presidente_mesa.csv
2023,GENERAL,2023-10-22,PRESIDENTE Y VICE,21,Santa Fe,19,San Lorenzo,04174,,EN BLANCO,blancos,14,PROVISORIO,2023_GENERAL_santafe_presidente_mesa.csv
2023,GENERAL,2023-10-22,PRESIDENTE Y VICE,21,Santa Fe,19,San Lorenzo,04174,,FRENTE DE IZQUIERDA Y DE TRABAJADORES - UNIDAD,agrupacion,40,PROVISORIO,2023_GENERAL_santafe_presidente_mesa.csv
2023,GENERAL,2023-10-22,PRESIDENTE Y VICE,21,Santa Fe,19,San Lorenzo,04174,,HACEMOS POR NUESTRO PAIS,agrupacion,139,PROVISORIO,2023_GENERAL_santafe_presidente_mesa.csv
2023,GENERAL,2023-10-22,PRESIDENTE Y VICE,21,Santa Fe,19,San Lorenzo,04174,,IMPUGNADO,impugnados,0,PROVISORIO,2023_GENERAL_santafe_presidente_mesa.csv
2023,GENERAL,2023-10-22,PRESIDENTE Y VICE,21,Santa Fe,19,San Lorenzo,04174,,JUNTOS POR EL CAMBIO,agrupacion,487,PROVISORIO,2023_GENERAL_santafe_presidente_mesa.csv
2023,GENERAL,2023-10-22,PRESIDENTE Y VICE,21,Santa Fe,19,San Lorenzo,04174,,LA LIBERTAD AVANZA,agrupacion,501,PROVISORIO,2023_GENERAL_santafe_presidente_mesa.csv
2023,GENERAL,2023-10-22,PRESIDENTE Y VICE,21,Santa Fe,19,San Lorenzo,04174,,NULO,nulos,15,PROVISORIO,2023_GENERAL_santafe_presidente_mesa.csv
2023,GENERAL,2023-10-22,PRESIDENTE Y VICE,21,Santa Fe,19,San Lorenzo,04174,,RECURRIDO,recurridos,0,PROVISORIO,2023_GENERAL_santafe_presidente_mesa.csv
2023,GENERAL,2023-10-22,PRESIDENTE Y VICE,21,Santa Fe,19,San Lorenzo,04174,,UNION POR LA PATRIA,agrupacion,423,PROVISORIO,2023_GENERAL_santafe_presidente_mesa.csv
2023,GENERAL,2023-10-22,PRESIDENTE Y VICE,21,Santa Fe,19,San Lorenzo,04180,,COMANDO,comando,3,PROVISORIO,2023_GENERAL_santafe_presidente_mesa.csv
2023,GENERAL,2023-10-22,PRESIDENTE Y VICE,21,Santa Fe,19,San Lorenzo,04180,,EN BLANCO,blancos,26,PROVISORIO,2023_GENERAL_santafe_presidente_mesa.csv
2023,GENERAL,2023-10-22,PRESIDENTE Y VICE,21,Santa Fe,19,San Lorenzo,04180,,FRENTE DE IZQUIERDA Y DE TRABAJADORES - UNIDAD,agrupacion,73,PROVISORIO,2023_GENERAL_santafe_presidente_mesa.csv
2023,GENERAL,2023-10-22,PRESIDENTE Y VICE,21,Santa Fe,19,San Lorenzo,04180,,HACEMOS POR NUESTRO PAIS,agrupacion,334,PROVISORIO,2023_GENERAL_santafe_presidente_mesa.csv
2023,GENERAL,2023-10-22,PRESIDENTE Y VICE,21,Santa Fe,19,San Lorenzo,04180,,IMPUGNADO,impugnados,0,PROVISORIO,2023_GENERAL_santafe_presidente_mesa.csv
2023,GENERAL,2023-10-22,PRESIDENTE Y VICE,21,Santa Fe,19,San Lorenzo,04180,,JUNTOS POR EL CAMBIO,agrupacion,726,PROVISORIO,2023_GENERAL_santafe_presidente_mesa.csv
2023,GENERAL,2023-10-22,PRESIDENTE Y VICE,21,Santa Fe,19,San Lorenzo,04180,,LA LIBERTAD AVANZA,agrupacion,1702,PROVISORIO,2023_GENERAL_santafe_presidente_mesa.csv
2023,GENERAL,2023-10-22,PRESIDENTE Y VICE,21,Santa Fe,19,San Lorenzo,04180,,NULO,nulos,43,PROVISORIO,2023_GENERAL_santafe_presidente_mesa.csv
2023,GENERAL,2023-10-22,PRESIDENTE Y VICE,21,Santa Fe,19,San Lorenzo,04180,,RECURRIDO,recurridos,1,PROVISORIO,2023_GENERAL_santafe_presidente_mesa.csv
2023,GENERAL,2023-10-22,PRESIDENTE Y VICE,21,Santa Fe,19,San Lorenzo,04180,,UNION POR LA PATRIA,agrupacion,1309,PROVISORIO,2023_GENERAL_santafe_presidente_mesa.csv
2023,GENERAL,2023-10-22,PRESIDENTE Y VICE,21,Santa Fe,19,San Lorenzo,04185,,COMANDO,comando,0,PROVISORIO,2023_GENERAL_santafe_presidente_mesa.csv
2023,GENERAL,2023-10-22,PRESIDENTE Y VICE,21,Santa Fe,19,San Lorenzo,04185,,EN BLANCO,blancos,6,PROVISORIO,2023_GENERAL_santafe_presidente_mesa.csv
2023,GENERAL,2023-10-22,PRESIDENTE Y VICE,21,Santa Fe,19,San Lorenzo,04185,,FRENTE DE IZQUIERDA Y DE TRABAJADORES - UNIDAD,agrupacion,13,PROVISORIO,2023_GENERAL_santafe_presidente_mesa.csv
2023,GENERAL,2023-10-22,PRESIDENTE Y VICE,21,Santa Fe,19,San Lorenzo,04185,,HACEMOS POR NUESTRO PAIS,agrupacion,52,PROVISORIO,2023_GENERAL_santafe_presidente_mesa.csv
2023,GENERAL,2023-10-22,PRESIDENTE Y VICE,21,Santa Fe,19,San Lorenzo,04185,,IMPUGNADO,impugnados,0,PROVISORIO,2023_GENERAL_santafe_presidente_mesa.csv
2023,GENERAL,2023-10-22,PRESIDENTE Y VICE,21,Santa Fe,19,San Lorenzo,04185,,JUNTOS POR EL CAMBIO,agrupacion,158,PROVISORIO,2023_GENERAL_santafe_presidente_mesa.csv
2023,GENERAL,2023-10-22,PRESIDENTE Y VICE,21,Santa Fe,19,San Lorenzo,04185,,LA LIBERTAD AVANZA,agrupacion,197,PROVISORIO,2023_GENERAL_santafe_presidente_mesa.csv
2023,GENERAL,2023-10-22,PRESIDENTE Y VICE,21,Santa Fe,19,San Lorenzo,04185,,NULO,nulos,0,PROVISORIO,2023_GENERAL_santafe_presidente_mesa.csv
2023,GENERAL,2023-10-22,PRESIDENTE Y VICE,21,Santa Fe,19,San Lorenzo,04185,,RECURRIDO,recurridos,0,PROVISORIO,2023_GENERAL_santafe_presidente_mesa.csv
2023,GENERAL,2023-10-22,PRESIDENTE Y VICE,21,Santa Fe,19,San Lorenzo,04185,,UNION POR LA PATRIA,agrupacion,114,PROVISORIO,2023_GENERAL_santafe_presidente_mesa.csv
2023,GENERAL,2023-10-22,PRESIDENTE Y VICE,21,Santa Fe,19,San Lorenzo,04190,,COMANDO,comando,1,PROVISORIO,2023_GENERAL_santafe_presidente_mesa.csv
2023,GENERAL,2023-10-22,PRESIDENTE Y VICE,21,Santa Fe,19,San Lorenzo,04190,,EN BLANCO,blancos,8,PROVISORIO,2023_GENERAL_santafe_presidente_mesa.csv
2023,GENERAL,2023-10-22,PRESIDENTE Y VICE,21,Santa Fe,19,San Lorenzo,04190,,FRENTE DE IZQUIERDA Y DE TRABAJADORES - UNIDAD,agrupacion,21,PROVISORIO,2023_GENERAL_santafe_presidente_mesa.csv
2023,GENERAL,2023-10-22,PRESIDENTE Y VICE,21,Santa Fe,19,San Lorenzo,04190,,HACEMOS POR NUESTRO PAIS,agrupacion,66,PROVISORIO,2023_GENERAL_santafe_presidente_mesa.csv
2023,GENERAL,2023-10-22,PRESIDENTE Y VICE,21,Santa Fe,19,San Lorenzo,04190,,IMPUGNADO,impugnados,0,PROVISORIO,2023_GENERAL_santafe_presidente_mesa.csv
2023,GENERAL,2023-10-22,PRESIDENTE Y VICE,21,Santa Fe,19,San Lorenzo,04190,,JUNTOS POR EL CAMBIO,agrupacion,192,PROVISORIO,2023_GENERAL_santafe_presidente_mesa.csv
2023,GENERAL,2023-10-22,PRESIDENTE Y VICE,21,Santa Fe,19,San Lorenzo,04190,,LA LIBERTAD AVANZA,agrupacion,287,PROVISORIO,2023_GENERAL_santafe_presidente_mesa.csv
2023,GENERAL,2023-10-22,PRESIDENTE Y VICE,21,Santa Fe,19,San Lorenzo,04190,,NULO,nulos,9,PROVISORIO,2023_GENERAL_santafe_presidente_mesa.csv
2023,GENERAL,2023-10-22,PRESIDENTE Y VICE,21,Santa Fe,19,San Lorenzo,04190,,RECURRIDO,recurridos,0,PROVISORIO,2023_GENERAL_santafe_presidente_mesa.csv
2023,GENERAL,2023-10-22,PRESIDENTE Y VICE,21,Santa Fe,19,San Lorenzo,04190,,UNION POR LA PATRIA,agrupacion,328,PROVISORIO,2023_GENERAL_santafe_presidente_mesa.csv
2023,GENERAL,2023-10-22,PRESIDENTE Y VICE,21,Santa Fe,19,San Lorenzo,04200,,COMANDO,comando,2,PROVISORIO,2023_GENERAL_santafe_presidente_mesa.csv
2023,GENERAL,2023-10-22,PRESIDENTE Y VICE,21,Santa Fe,19,San Lorenzo,04200,,EN BLANCO,blancos,101,PROVISORIO,2023_GENERAL_santafe_presidente_mesa.csv
2023,GENERAL,2023-10-22,PRESIDENTE Y VICE,21,Santa Fe,19,San Lorenzo,04200,,FRENTE DE IZQUIERDA Y DE TRABAJADORES - UNIDAD,agrupacion,286,PROVISORIO,2023_GENERAL_santafe_presidente_mesa.csv
2023,GENERAL,2023-10-22,PRESIDENTE Y VICE,21,Santa Fe,19,San Lorenzo,04200,,HACEMOS POR NUESTRO PAIS,agrupacion,926,PROVISORIO,2023_GENERAL_santafe_presidente_mesa.csv
2023,GENERAL,2023-10-22,PRESIDENTE Y VICE,21,Santa Fe,19,San Lorenzo,04200,,IMPUGNADO,impugnados,1,PROVISORIO,2023_GENERAL_santafe_presidente_mesa.csv
2023,GENERAL,2023-10-22,PRESIDENTE Y VICE,21,Santa Fe,19,San Lorenzo,04200,,JUNTOS POR EL CAMBIO,agrupacion,1935,PROVISORIO,2023_GENERAL_santafe_presidente_mesa.csv
2023,GENERAL,2023-10-22,PRESIDENTE Y VICE,21,Santa Fe,19,San Lorenzo,04200,,LA LIBERTAD AVANZA,agrupacion,4154,PROVISORIO,2023_GENERAL_santafe_presidente_mesa.csv
2023,GENERAL,2023-10-22,PRESIDENTE Y VICE,21,Santa Fe,19,San Lorenzo,04200,,NULO,nulos,183,PROVISORIO,2023_GENERAL_santafe_presidente_mesa.csv
2023,GENERAL,2023-10-22,PRESIDENTE Y VICE,21,Santa Fe,19,San Lorenzo,04200,,RECURRIDO,recurridos,0,PROVISORIO,2023_GENERAL_santafe_presidente_mesa.csv
2023,GENERAL,2023-10-22,PRESIDENTE Y VICE,21,Santa Fe,19,San Lorenzo,04200,,UNION POR LA PATRIA,agrupacion,3427,PROVISORIO,2023_GENERAL_santafe_presidente_mesa.csv
2023,GENERAL,2023-10-22,PRESIDENTE Y VICE,21,Santa Fe,19,San Lorenzo,04205,,COMANDO,comando,1,PROVISORIO,2023_GENERAL_santafe_presidente_mesa.csv
2023,GENERAL,2023-10-22,PRESIDENTE Y VICE,21,Santa Fe,19,San Lorenzo,04205,,EN BLANCO,blancos,142,PROVISORIO,2023_GENERAL_santafe_presidente_mesa.csv
2023,GENERAL,2023-10-22,PRESIDENTE Y VICE,21,Santa Fe,19,San Lorenzo,04205,,FRENTE DE IZQUIERDA Y DE TRABAJADORES - UNIDAD,agrupacion,480,PROVISORIO,2023_GENERAL_santafe_presidente_mesa.csv
2023,GENERAL,2023-10-22,PRESIDENTE Y VICE,21,Santa Fe,19,San Lorenzo,04205,,HACEMOS POR NUESTRO PAIS,agrupacion,1836,PROVISORIO,2023_GENERAL_santafe_presidente_mesa.csv
2023,GENERAL,2023-10-22,PRESIDENTE Y VICE,21,Santa Fe,19,San Lorenzo,04205,,IMPUGNADO,impugnados,0,PROVISORIO,2023_GENERAL_santafe_presidente_mesa.csv
2023,GENERAL,2023-10-22,PRESIDENTE Y VICE,21,Santa Fe,19,San Lorenzo,04205,,JUNTOS POR EL CAMBIO,agrupacion,3891,PROVISORIO,2023_GENERAL_santafe_presidente_mesa.csv
2023,GENERAL,2023-10-22,PRESIDENTE Y VICE,21,Santa Fe,19,San Lorenzo,04205,,LA LIBERTAD AVANZA,agrupacion,6591,PROVISORIO,2023_GENERAL_santafe_presidente_mesa.csv
2023,GENERAL,2023-10-22,PRESIDENTE Y VICE,21,Santa Fe,19,San Lorenzo,04205,,NULO,nulos,209,PROVISORIO,2023_GENERAL_santafe_presidente_mesa.csv
2023,GENERAL,2023-10-22,PRESIDENTE Y VICE,21,Santa Fe,19,San Lorenzo,04205,,RECURRIDO,recurridos,157,PROVISORIO,2023_GENERAL_santafe_presidente_mesa.csv
2023,GENERAL,2023-10-22,PRESIDENTE Y VICE,21,Santa Fe,19,San Lorenzo,04205,,UNION POR LA PATRIA,agrupacion,6119,PROVISORIO,2023_GENERAL_santafe_presidente_mesa.csv
2023,GENERAL,2023-10-22,PRESIDENTE Y VICE,21,Santa Fe,19,San Lorenzo,04210,,COMANDO,comando,5,PROVISORIO,2023_GENERAL_santafe_presidente_mesa.csv
2023,GENERAL,2023-10-22,PRESIDENTE Y VICE,21,Santa Fe,19,San Lorenzo,04210,,EN BLANCO,blancos,130,PROVISORIO,2023_GENERAL_santafe_presidente_mesa.csv
2023,GENERAL,2023-10-22,PRESIDENTE Y VICE,21,Santa Fe,19,San Lorenzo,04210,,FRENTE DE IZQUIERDA Y DE TRABAJADORES - UNIDAD,agrupacion,227,PROVISORIO,2023_GENERAL_santafe_presidente_mesa.csv
2023,GENERAL,2023-10-22,PRESIDENTE Y VICE,21,Santa Fe,19,San Lorenzo,04210,,HACEMOS POR NUESTRO PAIS,agrupacion,974,PROVISORIO,2023_GENERAL_santafe_presidente_mesa.csv
2023,GENERAL,2023-10-22,PRESIDENTE Y VICE,21,Santa Fe,19,San Lorenzo,04210,,IMPUGNADO,impugnados,0,PROVISORIO,2023_GENERAL_santafe_presidente_mesa.csv
2023,GENERAL,2023-10-22,PRESIDENTE Y VICE,21,Santa Fe,19,San Lorenzo,04210,,JUNTOS POR EL CAMBIO,agrupacion,1751,PROVISORIO,2023_GENERAL_santafe_presidente_mesa.csv
2023,GENERAL,2023-10-22,PRESIDENTE Y VICE,21,Santa Fe,19,San Lorenzo,04210,,LA LIBERTAD AVANZA,agrupacion,5332,PROVISORIO,2023_GENERAL_santafe_presidente_mesa.csv
2023,GENERAL,2023-10-22,PRESIDENTE Y VICE,21,Santa Fe,19,San Lorenzo,04210,,NULO,nulos,167,PROVISORIO,2023_GENERAL_santafe_presidente_mesa.csv
2023,GENERAL,2023-10-22,PRESIDENTE Y VICE,21,Santa Fe,19,San Lorenzo,04210,,RECURRIDO,recurridos,0,PROVISORIO,2023_GENERAL_santafe_presidente_mesa.csv
2023,GENERAL,2023-10-22,PRESIDENTE Y VICE,21,Santa Fe,19,San Lorenzo,04210,,UNION POR LA PATRIA,agrupacion,4565,PROVISORIO,2023_GENERAL_santafe_presidente_mesa.csv
2023,GENERAL,2023-10-22,PRESIDENTE Y VICE,21,Santa Fe,19,San Lorenzo,04220,,COMANDO,comando,1,PROVISORIO,2023_GENERAL_santafe_presidente_mesa.csv
2023,GENERAL,2023-10-22,PRESIDENTE Y VICE,21,Santa Fe,19,San Lorenzo,04220,,EN BLANCO,blancos,30,PROVISORIO,2023_GENERAL_santafe_presidente_mesa.csv
2023,GENERAL,2023-10-22,PRESIDENTE Y VICE,21,Santa Fe,19,San Lorenzo,04220,,FRENTE DE IZQUIERDA Y DE TRABAJADORES - UNIDAD,agrupacion,19,PROVISORIO,2023_GENERAL_santafe_presidente_mesa.csv
2023,GENERAL,2023-10-22,PRESIDENTE Y VICE,21,Santa Fe,19,San Lorenzo,04220,,HACEMOS POR NUESTRO PAIS,agrupacion,248,PROVISORIO,2023_GENERAL_santafe_presidente_mesa.csv
2023,GENERAL,2023-10-22,PRESIDENTE Y VICE,21,Santa Fe,19,San Lorenzo,04220,,IMPUGNADO,impugnados,0,PROVISORIO,2023_GENERAL_santafe_presidente_mesa.csv
2023,GENERAL,2023-10-22,PRESIDENTE Y VICE,21,Santa Fe,19,San Lorenzo,04220,,JUNTOS POR EL CAMBIO,agrupacion,715,PROVISORIO,2023_GENERAL_santafe_presidente_mesa.csv
2023,GENERAL,2023-10-22,PRESIDENTE Y VICE,21,Santa Fe,19,San Lorenzo,04220,,LA LIBERTAD AVANZA,agrupacion,961,PROVISORIO,2023_GENERAL_santafe_presidente_mesa.csv
2023,GENERAL,2023-10-22,PRESIDENTE Y VICE,21,Santa Fe,19,San Lorenzo,04220,,NULO,nulos,9,PROVISORIO,2023_GENERAL_santafe_presidente_mesa.csv
2023,GENERAL,2023-10-22,PRESIDENTE Y VICE,21,Santa Fe,19,San Lorenzo,04220,,RECURRIDO,recurridos,0,PROVISORIO,2023_GENERAL_santafe_presidente_mesa.csv
2023,GENERAL,2023-10-22,PRESIDENTE Y VICE,21,Santa Fe,19,San Lorenzo,04220,,UNION POR LA PATRIA,agrupacion,468,PROVISORIO,2023_GENERAL_santafe_presidente_mesa.csv
2023,GENERAL,2023-10-22,PRESIDENTE Y VICE,21,Santa Fe,19,San Lorenzo,04224,,COMANDO,comando,1,PROVISORIO,2023_GENERAL_santafe_presidente_mesa.csv
2023,GENERAL,2023-10-22,PRESIDENTE Y VICE,21,Santa Fe,19,San Lorenzo,04224,,EN BLANCO,blancos,10,PROVISORIO,2023_GENERAL_santafe_presidente_mesa.csv
2023,GENERAL,2023-10-22,PRESIDENTE Y VICE,21,Santa Fe,19,San Lorenzo,04224,,FRENTE DE IZQUIERDA Y DE TRABAJADORES - UNIDAD,agrupacion,5,PROVISORIO,2023_GENERAL_santafe_presidente_mesa.csv
2023,GENERAL,2023-10-22,PRESIDENTE Y VICE,21,Santa Fe,19,San Lorenzo,04224,,HACEMOS POR NUESTRO PAIS,agrupacion,54,PROVISORIO,2023_GENERAL_santafe_presidente_mesa.csv
2023,GENERAL,2023-10-22,PRESIDENTE Y VICE,21,Santa Fe,19,San Lorenzo,04224,,IMPUGNADO,impugnados,0,PROVISORIO,2023_GENERAL_santafe_presidente_mesa.csv
2023,GENERAL,2023-10-22,PRESIDENTE Y VICE,21,Santa Fe,19,San Lorenzo,04224,,JUNTOS POR EL CAMBIO,agrupacion,203,PROVISORIO,2023_GENERAL_santafe_presidente_mesa.csv
2023,GENERAL,2023-10-22,PRESIDENTE Y VICE,21,Santa Fe,19,San Lorenzo,04224,,LA LIBERTAD AVANZA,agrupacion,314,PROVISORIO,2023_GENERAL_santafe_presidente_mesa.csv
2023,GENERAL,2023-10-22,PRESIDENTE Y VICE,21,Santa Fe,19,San Lorenzo,04224,,NULO,nulos,1,PROVISORIO,2023_GENERAL_santafe_presidente_mesa.csv
2023,GENERAL,2023-10-22,PRESIDENTE Y VICE,21,Santa Fe,19,San Lorenzo,04224,,RECURRIDO,recurridos,0,PROVISORIO,2023_GENERAL_santafe_presidente_mesa.csv
2023,GENERAL,2023-10-22,PRESIDENTE Y VICE,21,Santa Fe,19,San Lorenzo,04224,,UNION POR LA PATRIA,agrupacion,94,PROVISORIO,2023_GENERAL_santafe_presidente_mesa.csv
2023,GENERAL,2023-10-22,PRESIDENTE Y VICE,21,Santa Fe,19,San Lorenzo,04230,,COMANDO,comando,3,PROVISORIO,2023_GENERAL_santafe_presidente_mesa.csv
2023,GENERAL,2023-10-22,PRESIDENTE Y VICE,21,Santa Fe,19,San Lorenzo,04230,,EN BLANCO,blancos,193,PROVISORIO,2023_GENERAL_santafe_presidente_mesa.csv
2023,GENERAL,2023-10-22,PRESIDENTE Y VICE,21,Santa Fe,19,San Lorenzo,04230,,FRENTE DE IZQUIERDA Y DE TRABAJADORES - UNIDAD,agrupacion,363,PROVISORIO,2023_GENERAL_santafe_presidente_mesa.csv
2023,GENERAL,2023-10-22,PRESIDENTE Y VICE,21,Santa Fe,19,San Lorenzo,04230,,HACEMOS POR NUESTRO PAIS,agrupacion,1546,PROVISORIO,2023_GENERAL_santafe_presidente_mesa.csv
2023,GENERAL,2023-10-22,PRESIDENTE Y VICE,21,Santa Fe,19,San Lorenzo,04230,,IMPUGNADO,impugnados,0,PROVISORIO,2023_GENERAL_santafe_presidente_mesa.csv
2023,GENERAL,2023-10-22,PRESIDENTE Y VICE,21,Santa Fe,19,San Lorenzo,04230,,JUNTOS POR EL CAMBIO,agrupacion,4474,PROVISORIO,2023_GENERAL_santafe_presidente_mesa.csv
2023,GENERAL,2023-10-22,PRESIDENTE Y VICE,21,Santa Fe,19,San Lorenzo,04230,,LA LIBERTAD AVANZA,agrupacion,5992,PROVISORIO,2023_GENERAL_santafe_presidente_mesa.csv
2023,GENERAL,2023-10-22,PRESIDENTE Y VICE,21,Santa Fe,19,San Lorenzo,04230,,NULO,nulos,207,PROVISORIO,2023_GENERAL_santafe_presidente_mesa.csv
2023,GENERAL,2023-10-22,PRESIDENTE Y VICE,21,Santa Fe,19,San Lorenzo,04230,,RECURRIDO,recurridos,2,PROVISORIO,2023_GENERAL_santafe_presidente_mesa.csv
2023,GENERAL,2023-10-22,PRESIDENTE Y VICE,21,Santa Fe,19,San Lorenzo,04230,,UNION POR LA PATRIA,agrupacion,5079,PROVISORIO,2023_GENERAL_santafe_presidente_mesa.csv
2023,GENERAL,2023-10-22,PRESIDENTE Y VICE,21,Santa Fe,19,San Lorenzo,04240,,COMANDO,comando,0,PROVISORIO,2023_GENERAL_santafe_presidente_mesa.csv
2023,GENERAL,2023-10-22,PRESIDENTE Y VICE,21,Santa Fe,19,San Lorenzo,04240,,EN BLANCO,blancos,24,PROVISORIO,2023_GENERAL_santafe_presidente_mesa.csv
2023,GENERAL,2023-10-22,PRESIDENTE Y VICE,21,Santa Fe,19,San Lorenzo,04240,,FRENTE DE IZQUIERDA Y DE TRABAJADORES - UNIDAD,agrupacion,25,PROVISORIO,2023_GENERAL_santafe_presidente_mesa.csv
2023,GENERAL,2023-10-22,PRESIDENTE Y VICE,21,Santa Fe,19,San Lorenzo,04240,,HACEMOS POR NUESTRO PAIS,agrupacion,213,PROVISORIO,2023_GENERAL_santafe_presidente_mesa.csv
2023,GENERAL,2023-10-22,PRESIDENTE Y VICE,21,Santa Fe,19,San Lorenzo,04240,,IMPUGNADO,impugnados,0,PROVISORIO,2023_GENERAL_santafe_presidente_mesa.csv
2023,GENERAL,2023-10-22,PRESIDENTE Y VICE,21,Santa Fe,19,San Lorenzo,04240,,JUNTOS POR EL CAMBIO,agrupacion,610,PROVISORIO,2023_GENERAL_santafe_presidente_mesa.csv
2023,GENERAL,2023-10-22,PRESIDENTE Y VICE,21,Santa Fe,19,San Lorenzo,04240,,LA LIBERTAD AVANZA,agrupacion,689,PROVISORIO,2023_GENERAL_santafe_presidente_mesa.csv
2023,GENERAL,2023-10-22,PRESIDENTE Y VICE,21,Santa Fe,19,San Lorenzo,04240,,NULO,nulos,15,PROVISORIO,2023_GENERAL_santafe_presidente_mesa.csv
2023,GENERAL,2023-10-22,PRESIDENTE Y VICE,21,Santa Fe,19,San Lorenzo,04240,,RECURRIDO,recurridos,0,PROVISORIO,2023_GENERAL_santafe_presidente_mesa.csv
2023,GENERAL,2023-10-22,PRESIDENTE Y VICE,21,Santa Fe,19,San Lorenzo,04240,,UNION POR LA PATRIA,agrupacion,406,PROVISORIO,2023_GENERAL_santafe_presidente_mesa.csv
2023,GENERAL,2023-10-22,PRESIDENTE Y VICE,21,Santa Fe,19,San Lorenzo,04245,,COMANDO,comando,0,PROVISORIO,2023_GENERAL_santafe_presidente_mesa.csv
2023,GENERAL,2023-10-22,PRESIDENTE Y VICE,21,Santa Fe,19,San Lorenzo,04245,,EN BLANCO,blancos,70,PROVISORIO,2023_GENERAL_santafe_presidente_mesa.csv
2023,GENERAL,2023-10-22,PRESIDENTE Y VICE,21,Santa Fe,19,San Lorenzo,04245,,FRENTE DE IZQUIERDA Y DE TRABAJADORES - UNIDAD,agrupacion,56,PROVISORIO,2023_GENERAL_santafe_presidente_mesa.csv
2023,GENERAL,2023-10-22,PRESIDENTE Y VICE,21,Santa Fe,19,San Lorenzo,04245,,HACEMOS POR NUESTRO PAIS,agrupacion,316,PROVISORIO,2023_GENERAL_santafe_presidente_mesa.csv
2023,GENERAL,2023-10-22,PRESIDENTE Y VICE,21,Santa Fe,19,San Lorenzo,04245,,IMPUGNADO,impugnados,0,PROVISORIO,2023_GENERAL_santafe_presidente_mesa.csv
2023,GENERAL,2023-10-22,PRESIDENTE Y VICE,21,Santa Fe,19,San Lorenzo,04245,,JUNTOS POR EL CAMBIO,agrupacion,836,PROVISORIO,2023_GENERAL_santafe_presidente_mesa.csv
2023,GENERAL,2023-10-22,PRESIDENTE Y VICE,21,Santa Fe,19,San Lorenzo,04245,,LA LIBERTAD AVANZA,agrupacion,1298,PROVISORIO,2023_GENERAL_santafe_presidente_mesa.csv
2023,GENERAL,2023-10-22,PRESIDENTE Y VICE,21,Santa Fe,19,San Lorenzo,04245,,NULO,nulos,53,PROVISORIO,2023_GENERAL_santafe_presidente_mesa.csv
2023,GENERAL,2023-10-22,PRESIDENTE Y VICE,21,Santa Fe,19,San Lorenzo,04245,,RECURRIDO,recurridos,0,PROVISORIO,2023_GENERAL_santafe_presidente_mesa.csv
2023,GENERAL,2023-10-22,PRESIDENTE Y VICE,21,Santa Fe,19,San Lorenzo,04245,,UNION POR LA PATRIA,agrupacion,619,PROVISORIO,2023_GENERAL_santafe_presidente_mesa.csv
2023,GENERAL,2023-10-22,PRESIDENTE Y VICE,21,Santa Fe,19,San Lorenzo,04250,,COMANDO,comando,6,PROVISORIO,2023_GENERAL_santafe_presidente_mesa.csv
2023,GENERAL,2023-10-22,PRESIDENTE Y VICE,21,Santa Fe,19,San Lorenzo,04250,,EN BLANCO,blancos,227,PROVISORIO,2023_GENERAL_santafe_presidente_mesa.csv
2023,GENERAL,2023-10-22,PRESIDENTE Y VICE,21,Santa Fe,19,San Lorenzo,04250,,FRENTE DE IZQUIERDA Y DE TRABAJADORES - UNIDAD,agrupacion,710,PROVISORIO,2023_GENERAL_santafe_presidente_mesa.csv
2023,GENERAL,2023-10-22,PRESIDENTE Y VICE,21,Santa Fe,19,San Lorenzo,04250,,HACEMOS POR NUESTRO PAIS,agrupacion,2618,PROVISORIO,2023_GENERAL_santafe_presidente_mesa.csv
2023,GENERAL,2023-10-22,PRESIDENTE Y VICE,21,Santa Fe,19,San Lorenzo,04250,,IMPUGNADO,impugnados,0,PROVISORIO,2023_GENERAL_santafe_presidente_mesa.csv
2023,GENERAL,2023-10-22,PRESIDENTE Y VICE,21,Santa Fe,19,San Lorenzo,04250,,JUNTOS POR EL CAMBIO,agrupacion,7043,PROVISORIO,2023_GENERAL_santafe_presidente_mesa.csv
2023,GENERAL,2023-10-22,PRESIDENTE Y VICE,21,Santa Fe,19,San Lorenzo,04250,,LA LIBERTAD AVANZA,agrupacion,11181,PROVISORIO,2023_GENERAL_santafe_presidente_mesa.csv
2023,GENERAL,2023-10-22,PRESIDENTE Y VICE,21,Santa Fe,19,San Lorenzo,04250,,NULO,nulos,391,PROVISORIO,2023_GENERAL_santafe_presidente_mesa.csv
2023,GENERAL,2023-10-22,PRESIDENTE Y VICE,21,Santa Fe,19,San Lorenzo,04250,,RECURRIDO,recurridos,7,PROVISORIO,2023_GENERAL_santafe_presidente_mesa.csv
2023,GENERAL,2023-10-22,PRESIDENTE Y VICE,21,Santa Fe,19,San Lorenzo,04250,,UNION POR LA PATRIA,agrupacion,8507,PROVISORIO,2023_GENERAL_santafe_presidente_mesa.csv
2023,GENERAL,2023-10-22,PRESIDENTE Y VICE,21,Santa Fe,1,La Capital,00010,,POSITIVO,positivo,2997,PROVISORIO,2023_GENERAL_santafe_presidente_mesa.csv
2023,GENERAL,2023-10-22,PRESIDENTE Y VICE,21,Santa Fe,1,La Capital,00020,,POSITIVO,positivo,2847,PROVISORIO,2023_GENERAL_santafe_presidente_mesa.csv
2023,GENERAL,2023-10-22,PRESIDENTE Y VICE,21,Santa Fe,1,La Capital,00030,,POSITIVO,positivo,1490,PROVISORIO,2023_GENERAL_santafe_presidente_mesa.csv
2023,GENERAL,2023-10-22,PRESIDENTE Y VICE,21,Santa Fe,1,La Capital,00040,,POSITIVO,positivo,2468,PROVISORIO,2023_GENERAL_santafe_presidente_mesa.csv
2023,GENERAL,2023-10-22,PRESIDENTE Y VICE,21,Santa Fe,1,La Capital,00050,,POSITIVO,positivo,2356,PROVISORIO,2023_GENERAL_santafe_presidente_mesa.csv
2023,GENERAL,2023-10-22,PRESIDENTE Y VICE,21,Santa Fe,1,La Capital,00060,,POSITIVO,positivo,2158,PROVISORIO,2023_GENERAL_santafe_presidente_mesa.csv
2023,GENERAL,2023-10-22,PRESIDENTE Y VICE,21,Santa Fe,1,La Capital,00070,,POSITIVO,positivo,8200,PROVISORIO,2023_GENERAL_santafe_presidente_mesa.csv
2023,GENERAL,2023-10-22,PRESIDENTE Y VICE,21,Santa Fe,1,La Capital,00080,,POSITIVO,positivo,5146,PROVISORIO,2023_GENERAL_santafe_presidente_mesa.csv
2023,GENERAL,2023-10-22,PRESIDENTE Y VICE,21,Santa Fe,1,La Capital,00090,,POSITIVO,positivo,6391,PROVISORIO,2023_GENERAL_santafe_presidente_mesa.csv
2023,GENERAL,2023-10-22,PRESIDENTE Y VICE,21,Santa Fe,1,La Capital,00100,,POSITIVO,positivo,6894,PROVISORIO,2023_GENERAL_santafe_presidente_mesa.csv
2023,GENERAL,2023-10-22,PRESIDENTE Y VICE,21,Santa Fe,1,La Capital,00110,,POSITIVO,positivo,5607,PROVISORIO,2023_GENERAL_santafe_presidente_mesa.csv
2023,GENERAL,2023-10-22,PRESIDENTE Y VICE,21,Santa Fe,1,La Capital,00115,,POSITIVO,positivo,5712,PROVISORIO,2023_GENERAL_santafe_presidente_mesa.csv
2023,GENERAL,2023-10-22,PRESIDENTE Y VICE,21,Santa Fe,1,La Capital,00120,,POSITIVO,positivo,6287,PROVISORIO,2023_GENERAL_santafe_presidente_mesa.csv
2023,GENERAL,2023-10-22,PRESIDENTE Y VICE,21,Santa Fe,1,La Capital,00130,,POSITIVO,positivo,11941,PROVISORIO,2023_GENERAL_santafe_presidente_mesa.csv
2023,GENERAL,2023-10-22,PRESIDENTE Y VICE,21,Santa Fe,1,La Capital,00140,,POSITIVO,positivo,10189,PROVISORIO,2023_GENERAL_santafe_presidente_mesa.csv
2023,GENERAL,2023-10-22,PRESIDENTE Y VICE,21,Santa Fe,1,La Capital,00142,,POSITIVO,positivo,5099,PROVISORIO,2023_GENERAL_santafe_presidente_mesa.csv
2023,GENERAL,2023-10-22,PRESIDENTE Y VICE,21,Santa Fe,1,La Capital,00150,,POSITIVO,positivo,11193,PROVISORIO,2023_GENERAL_santafe_presidente_mesa.csv
2023,GENERAL,2023-10-22,PRESIDENTE Y VICE,21,Santa Fe,1,La Capital,00152,,POSITIVO,positivo,4283,PROVISORIO,2023_GENERAL_santafe_presidente_mesa.csv
2023,GENERAL,2023-10-22,PRESIDENTE Y VICE,21,Santa Fe,1,La Capital,00160,,POSITIVO,positivo,14486,PROVISORIO,2023_GENERAL_santafe_presidente_mesa.csv
2023,GENERAL,2023-10-22,PRESIDENTE Y VICE,21,Santa Fe,1,La Capital,00161,,POSITIVO,positivo,15654,PROVISORIO,2023_GENERAL_santafe_presidente_mesa.csv
2023,GENERAL,2023-10-22,PRESIDENTE Y VICE,21,Santa Fe,1,La Capital,00162,,POSITIVO,positivo,10956,PROVISORIO,2023_GENERAL_santafe_presidente_mesa.csv
2023,GENERAL,2023-10-22,PRESIDENTE Y VICE,21,Santa Fe,1,La Capital,00165,,POSITIVO,positivo,9946,PROVISORIO,2023_GENERAL_santafe_presidente_mesa.csv
2023,GENERAL,2023-10-22,PRESIDENTE Y VICE,21,Santa Fe,1,La Capital,00170,,POSITIVO,positivo,6759,PROVISORIO,2023_GENERAL_santafe_presidente_mesa.csv
2023,GENERAL,2023-10-22,PRESIDENTE Y VICE,21,Santa Fe,1,La Capital,00171,,POSITIVO,positivo,7730,PROVISORIO,2023_GENERAL_santafe_presidente_mesa.csv
2023,GENERAL,2023-10-22,PRESIDENTE Y VICE,21,Santa Fe,1,La Capital,00172,,POSITIVO,positivo,5145,PROVISORIO,2023_GENERAL_santafe_presidente_mesa.csv
2023,GENERAL,2023-10-22,PRESIDENTE Y VICE,21,Santa Fe,1,La Capital,00175,,POSITIVO,positivo,20476,PROVISORIO,2023_GENERAL_santafe_presidente_mesa.csv
2023,GENERAL,2023-10-22,PRESIDENTE Y VICE,21,Santa Fe,1,La Capital,00180,,POSITIVO,positivo,5661,PROVISORIO,2023_GENERAL_santafe_presidente_mesa.csv
2023,GENERAL,2023-10-22,PRESIDENTE Y VICE,21,Santa Fe,1,La Capital,00185,,POSITIVO,positivo,5363,PROVISORIO,2023_GENERAL_santafe_presidente_mesa.csv
2023,GENERAL,2023-10-22,PRESIDENTE Y VICE,21,Santa Fe,1,La Capital,00190,,POSITIVO,positivo,3243,PROVISORIO,2023_GENERAL_santafe_presidente_mesa.csv
2023,GENERAL,2023-10-22,PRESIDENTE Y VICE,21,Santa Fe,1,La Capital,00192,,POSITIVO,positivo,4237,PROVISORIO,2023_GENERAL_santafe_presidente_mesa.csv
2023,GENERAL,2023-10-22,PRESIDENTE Y VICE,21,Santa Fe,1,La Capital,00194,,POSITIVO,positivo,4370,PROVISORIO,2023_GENERAL_santafe_presidente_mesa.csv
2023,GENERAL,2023-10-22,PRESIDENTE Y VICE,21,Santa Fe,1,La Capital,00196,,POSITIVO,positivo,1229,PROVISORIO,2023_GENERAL_santafe_presidente_mesa.csv
2023,GENERAL,2023-10-22,PRESIDENTE Y VICE,21,Santa Fe,1,La Capital,00200,,POSITIVO,positivo,15532,PROVISORIO,2023_GENERAL_santafe_presidente_mesa.csv
2023,GENERAL,2023-10-22,PRESIDENTE Y VICE,21,Santa Fe,1,La Capital,00202,,POSITIVO,positivo,17888,PROVISORIO,2023_GENERAL_santafe_presidente_mesa.csv
2023,GENERAL,2023-10-22,PRESIDENTE Y VICE,21,Santa Fe,1,La Capital,00204,,POSITIVO,positivo,6995,PROVISORIO,2023_GENERAL_santafe_presidente_mesa.csv
2023,GENERAL,2023-10-22,PRESIDENTE Y VICE,21,Santa Fe,1,La Capital,00220,,POSITIVO,positivo,7546,PROVISORIO,2023_GENERAL_santafe_presidente_mesa.csv
2023,GENERAL,2023-10-22,PRESIDENTE Y VICE,21,Santa Fe,1,La Capital,00230,,POSITIVO,positivo,9752,PROVISORIO,2023_GENERAL_santafe_presidente_mesa.csv
2023,GENERAL,2023-10-22,PRESIDENTE Y VICE,21,Santa Fe,1,La Capital,00240,,POSITIVO,positivo,5041,PROVISORIO,2023_GENERAL_santafe_presidente_mesa.csv
2023,GENERAL,2023-10-22,PRESIDENTE Y VICE,21,Santa Fe,1,La Capital,00250,,POSITIVO,positivo,667,PROVISORIO,2023_GENERAL_santafe_presidente_mesa.csv
2023,GENERAL,2023-10-22,PRESIDENTE Y VICE,21,Santa Fe,1,La Capital,00260,,POSITIVO,positivo,988,PROVISORIO,2023_GENERAL_santafe_presidente_mesa.csv
2023,GENERAL,2023-10-22,PRESIDENTE Y VICE,21,Santa Fe,1,La Capital,00270,,POSITIVO,positivo,7801,PROVISORIO,2023_GENERAL_santafe_presidente_mesa.csv
2023,GENERAL,2023-10-22,PRESIDENTE Y VICE,21,Santa Fe,1,La Capital,00280,,POSITIVO,positivo,214,PROVISORIO,2023_GENERAL_santafe_presidente_mesa.csv
2023,GENERAL,2023-10-22,PRESIDENTE Y VICE,21,Santa Fe,1,La Capital,00290,,POSITIVO,positivo,2825,PROVISORIO,2023_GENERAL_santafe_presidente_mesa.csv
2023,GENERAL,2023-10-22,PRESIDENTE Y VICE,21,Santa Fe,1,La Capital,00300,,POSITIVO,positivo,1872,PROVISORIO,2023_GENERAL_santafe_presidente_mesa.csv
2023,GENERAL,2023-10-22,PRESIDENTE Y VICE,21,Santa Fe,1,La Capital,00310,,POSITIVO,positivo,748,PROVISORIO,2023_GENERAL_santafe_presidente_mesa.csv
2023,GENERAL,2023-10-22,PRESIDENTE Y VICE,21,Santa Fe,1,La Capital,00330,,POSITIVO,positivo,9081,PROVISORIO,2023_GENERAL_santafe_presidente_mesa.csv
2023,GENERAL,2023-10-22,PRESIDENTE Y VICE,21,Santa Fe,1,La Capital,00370,,POSITIVO,positivo,87,PROVISORIO,2023_GENERAL_santafe_presidente_mesa.csv
2023,GENERAL,2023-10-22,PRESIDENTE Y VICE,21,Santa Fe,1,La Capital,00390,,POSITIVO,positivo,1370,PROVISORIO,2023_GENERAL_santafe_presidente_mesa.csv
2023,GENERAL,2023-10-22,PRESIDENTE Y VICE,21,Santa Fe,1,La Capital,00400,,POSITIVO,positivo,2651,PROVISORIO,2023_GENERAL_santafe_presidente_mesa.csv
2023,GENERAL,2023-10-22,PRESIDENTE Y VICE,21,Santa Fe,2,Las Colonias,00410,,POSITIVO,positivo,238,PROVISORIO,2023_GENERAL_santafe_presidente_mesa.csv
2023,GENERAL,2023-10-22,PRESIDENTE Y VICE,21,Santa Fe,2,Las Colonias,00420,,POSITIVO,positivo,562,PROVISORIO,2023_GENERAL_santafe_presidente_mesa.csv
2023,GENERAL,2023-10-22,PRESIDENTE Y VICE,21,Santa Fe,2,Las Colonias,00430,San Carlos Sud,POSITIVO,positivo,1530,PROVISORIO,2023_GENERAL_santafe_presidente_mesa.csv
2023,GENERAL,2023-10-22,PRESIDENTE Y VICE,21,Santa Fe,2,Las Colonias,00440,San Carlos Centro,POSITIVO,positivo,7736,PROVISORIO,2023_GENERAL_santafe_presidente_mesa.csv
2023,GENERAL,2023-10-22,PRESIDENTE Y VICE,21,Santa Fe,2,Las Colonias,00450,,POSITIVO,positivo,736,PROVISORIO,2023_GENERAL_santafe_presidente_mesa.csv
2023,GENERAL,2023-10-22,PRESIDENTE Y VICE,21,Santa Fe,2,Las Colonias,00460,Santa Clara de Buena Vista,POSITIVO,positivo,1813,PROVISORIO,2023_GENERAL_santafe_presidente_mesa.csv
2023,GENERAL,2023-10-22,PRESIDENTE Y VICE,21,Santa Fe,2,Las Colonias,00470,,POSITIVO,positivo,207,PROVISORIO,2023_GENERAL_santafe_presidente_mesa.csv
2023,GENERAL,2023-10-22,PRESIDENTE Y VICE,21,Santa Fe,2,Las Colonias,00480,,POSITIVO,positivo,1044,PROVISORIO,2023_GENERAL_santafe_presidente_mesa.csv
2023,GENERAL,2023-10-22,PRESIDENTE Y VICE,21,Santa Fe,2,Las Colonias,00490,,POSITIVO,positivo,643,PROVISORIO,2023_GENERAL_santafe_presidente_mesa.csv
2023,GENERAL,2023-10-22,PRESIDENTE Y VICE,21,Santa Fe,2,Las Colonias,00500,,POSITIVO,positivo,104,PROVISORIO,2023_GENERAL_santafe_presidente_mesa.csv
2023,GENERAL,2023-10-22,PRESIDENTE Y VICE,21,Santa Fe,2,Las Colonias,00510,,POSITIVO,positivo,554,PROVISORIO,2023_GENERAL_santafe_presidente_mesa.csv
2023,GENERAL,2023-10-22,PRESIDENTE Y VICE,21,Santa Fe,2,Las Colonias,00520,San Jerónimo Norte,POSITIVO,positivo,4625,PROVISORIO,2023_GENERAL_santafe_presidente_mesa.csv
2023,GENERAL,2023-10-22,PRESIDENTE Y VICE,21,Santa Fe,2,Las Colonias,00530,Franck,POSITIVO,positivo,4190,PROVISORIO,2023_GENERAL_santafe_presidente_mesa.csv
2023,GENERAL,2023-10-22,PRESIDENTE Y VICE,21,Santa Fe,2,Las Colonias,00540,,POSITIVO,positivo,360,PROVISORIO,2023_GENERAL_santafe_presidente_mesa.csv
2023,GENERAL,2023-10-22,PRESIDENTE Y VICE,21,Santa Fe,2,Las Colonias,00550,Esperanza,POSITIVO,positivo,25902,PROVISORIO,2023_GENERAL_santafe_presidente_mesa.csv
2023,GENERAL,2023-10-22,PRESIDENTE Y VICE,21,Santa Fe,2,Las Colonias,00557,,POSITIVO,positivo,66,PROVISORIO,2023_GENERAL_santafe_presidente_mesa.csv
2023,GENERAL,2023-10-22,PRESIDENTE Y VICE,21,Santa Fe,2,Las Colonias,00559,,POSITIVO,positivo,30,PROVISORIO,2023_GENERAL_santafe_presidente_mesa.csv
2023,GENERAL,2023-10-22,PRESIDENTE Y VICE,21,Santa Fe,2,Las Colonias,00560,Humboldt,POSITIVO,positivo,3459,PROVISORIO,2023_GENERAL_santafe_presidente_mesa.csv
2023,GENERAL,2023-10-22,PRESIDENTE Y VICE,21,Santa Fe,2,Las Colonias,00570,Pilar,POSITIVO,positivo,3115,PROVISORIO,2023_GENERAL_santafe_presidente_mesa.csv
2023,GENERAL,2023-10-22,PRESIDENTE Y VICE,21,Santa Fe,2,Las Colonias,00580,,POSITIVO,positivo,444,PROVISORIO,2023_GENERAL_santafe_presidente_mesa.csv
2023,GENERAL,2023-10-22,PRESIDENTE Y VICE,21,Santa Fe,2,Las Colonias,00590,,POSITIVO,positivo,246,PROVISORIO,2023_GENERAL_santafe_presidente_mesa.csv
2023,GENERAL,2023-10-22,PRESIDENTE Y VICE,21,Santa Fe,2,Las Colonias,00600,Felicia,POSITIVO,positivo,1480,PROVISORIO,2023_GENERAL_santafe_presidente_mesa.csv
2023,GENERAL,2023-10-22,PRESIDENTE Y VICE,21,Santa Fe,2,Las Colonias,00610,,POSITIVO,positivo,549,PROVISORIO,2023_GENERAL_santafe_presidente_mesa.csv
2023,GENERAL,2023-10-22,PRESIDENTE Y VICE,21,Santa Fe,2,Las Colonias,00620,,POSITIVO,positivo,1142,PROVISORIO,2023_GENERAL_santafe_presidente_mesa.csv
2023,GENERAL,2023-10-22,PRESIDENTE Y VICE,21,Santa Fe,2,Las Colonias,00630,Progreso,POSITIVO,positivo,1679,PROVISORIO,2023_GENERAL_santafe_presidente_mesa.csv
2023,GENERAL,2023-10-22,PRESIDENTE Y VICE,21,Santa Fe,2,Las Colonias,00640,,POSITIVO,positivo,1099,PROVISORIO,2023_GENERAL_santafe_presidente_mesa.csv
2023,GENERAL,2023-10-22,PRESIDENTE Y VICE,21,Santa Fe,2,Las Colonias,00650,,POSITIVO,positivo,478,PROVISORIO,2023_GENERAL_santafe_presidente_mesa.csv
2023,GENERAL,2023-10-22,PRESIDENTE Y VICE,21,Santa Fe,2,Las Colonias,00660,,POSITIVO,positivo,499,PROVISORIO,2023_GENERAL_santafe_presidente_mesa.csv
2023,GENERAL,2023-10-22,PRESIDENTE Y VICE,21,Santa Fe,2,Las Colonias,00670,,POSITIVO,positivo,776,PROVISORIO,2023_GENERAL_santafe_presidente_mesa.csv
2023,GENERAL,2023-10-22,PRESIDENTE Y VICE,21,Santa Fe,2,Las Colonias,00680,,POSITIVO,positivo,1132,PROVISORIO,2023_GENERAL_santafe_presidente_mesa.csv
2023,GENERAL,2023-10-22,PRESIDENTE Y VICE,21,Santa Fe,2,Las Colonias,00690,,POSITIVO,positivo,165,PROVISORIO,2023_GENERAL_santafe_presidente_mesa.csv
2023,GENERAL,2023-10-22,PRESIDENTE Y VICE,21,Santa Fe,2,Las Colonias,00700,,POSITIVO,positivo,52,PROVISORIO,2023_GENERAL_santafe_presidente_mesa.csv
2023,GENERAL,2023-10-22,PRESIDENTE Y VICE,21,Santa Fe,2,Las Colonias,00710,,POSITIVO,positivo,203,PROVISORIO,2023_GENERAL_santafe_presidente_mesa.csv
2023,GENERAL,2023-10-22,PRESIDENTE Y VICE,21,Santa Fe,2,Las Colonias,00720,,POSITIVO,positivo,22,PROVISORIO,2023_GENERAL_santafe_presidente_mesa.csv
2023,GENERAL,2023-10-22,PRESIDENTE Y VICE,21,Santa Fe,2,Las Colonias,00730,,POSITIVO,positivo,162,PROVISORIO,2023_GENERAL_santafe_presidente_mesa.csv
2023,GENERAL,2023-10-22,PRESIDENTE Y VICE,21,Santa Fe,2,Las Colonias,00740,,POSITIVO,positivo,81,PROVISORIO,2023_GENERAL_santafe_presidente_mesa.csv
2023,GENERAL,2023-10-22,PRESIDENTE Y VICE,21,Santa Fe,2,Las Colonias,00750,,POSITIVO,positivo,227,PROVISORIO,2023_GENERAL_santafe_presidente_mesa.csv
2023,GENERAL,2023-10-22,PRESIDENTE Y VICE,21,Santa Fe,2,Las Colonias,00760,,POSITIVO,positivo,44,PROVISORIO,2023_GENERAL_santafe_presidente_mesa.csv
2023,GENERAL,2023-10-22,PRESIDENTE Y VICE,21,Santa Fe,2,Las Colonias,00770,,POSITIVO,positivo,22,PROVISORIO,2023_GENERAL_santafe_presidente_mesa.csv
2023,GENERAL,2023-10-22,PRESIDENTE Y VICE,21,Santa Fe,3,San Jerónimo,00790,,POSITIVO,positivo,10513,PROVISORIO,2023_GENERAL_santafe_presidente_mesa.csv
2023,GENERAL,2023-10-22,PRESIDENTE Y VICE,21,Santa Fe,3,San Jerónimo,00800,,POSITIVO,positivo,307,PROVISORIO,2023_GENERAL_santafe_presidente_mesa.csv
2023,GENERAL,2023-10-22,PRESIDENTE Y VICE,21,Santa Fe,3,San Jerónimo,00810,,POSITIVO,positivo,676,PROVISORIO,2023_GENERAL_santafe_presidente_mesa.csv
2023,GENERAL,2023-10-22,PRESIDENTE Y VICE,21,Santa Fe,3,San Jerónimo,00820,,POSITIVO,positivo,1025,PROVISORIO,2023_GENERAL_santafe_presidente_mesa.csv
2023,GENERAL,2023-10-22,PRESIDENTE Y VICE,21,Santa Fe,3,San Jerónimo,00830,,POSITIVO,positivo,12779,PROVISORIO,2023_GENERAL_santafe_presidente_mesa.csv
2023,GENERAL,2023-10-22,PRESIDENTE Y VICE,21,Santa Fe,3,San Jerónimo,00840,,POSITIVO,positivo,1212,PROVISORIO,2023_GENERAL_santafe_presidente_mesa.csv
2023,GENERAL,2023-10-22,PRESIDENTE Y VICE,21,Santa Fe,3,San Jerónimo,00850,,POSITIVO,positivo,591,PROVISORIO,2023_GENERAL_santafe_presidente_mesa.csv
2023,GENERAL,2023-10-22,PRESIDENTE Y VICE,21,Santa Fe,3,San Jerónimo,00855,,POSITIVO,positivo,94,PROVISORIO,2023_GENERAL_santafe_presidente_mesa.csv
2023,GENERAL,2023-10-22,PRESIDENTE Y VICE,21,Santa Fe,3,San Jerónimo,00860,,POSITIVO,positivo,1036,PROVISORIO,2023_GENERAL_santafe_presidente_mesa.csv
2023,GENERAL,2023-10-22,PRESIDENTE Y VICE,21,Santa Fe,3,San Jerónimo,00870,,POSITIVO,positivo,3184,PROVISORIO,2023_GENERAL_santafe_presidente_mesa.csv
2023,GENERAL,2023-10-22,PRESIDENTE Y VICE,21,Santa Fe,3,San Jerónimo,00880,,POSITIVO,positivo,2076,PROVISORIO,2023_GENERAL_santafe_presidente_mesa.csv
2023,GENERAL,2023-10-22,PRESIDENTE Y VICE,21,Santa Fe,3,San Jerónimo,00890,,POSITIVO,positivo,6152,PROVISORIO,2023_GENERAL_santafe_presidente_mesa.csv
2023,GENERAL,2023-10-22,PRESIDENTE Y VICE,21,Santa Fe,3,San Jerónimo,00910,,POSITIVO,positivo,1113,PROVISORIO,2023_GENERAL_santafe_presidente_mesa.csv
2023,GENERAL,2023-10-22,PRESIDENTE Y VICE,21,Santa Fe,3,San Jerónimo,00920,,POSITIVO,positivo,1450,PROVISORIO,2023_GENERAL_santafe_presidente_mesa.csv
2023,GENERAL,2023-10-22,PRESIDENTE Y VICE,21,Santa Fe,3,San Jerónimo,00930,,POSITIVO,positivo,3632,PROVISORIO,2023_GENERAL_santafe_presidente_mesa.csv
2023,GENERAL,2023-10-22,PRESIDENTE Y VICE,21,Santa Fe,3,San Jerónimo,00940,,POSITIVO,positivo,1534,PROVISORIO,2023_GENERAL_santafe_presidente_mesa.csv
2023,GENERAL,2023-10-22,PRESIDENTE Y VICE,21,Santa Fe,3,San Jerónimo,00950,,POSITIVO,positivo,559,PROVISORIO,2023_GENERAL_santafe_presidente_mesa.csv
2023,GENERAL,2023-10-22,PRESIDENTE Y VICE,21,Santa Fe,3,San Jerónimo,00960,,POSITIVO,positivo,1217,PROVISORIO,2023_GENERAL_santafe_presidente_mesa.csv
2023,GENERAL,2023-10-22,PRESIDENTE Y VICE,21,Santa Fe,3,San Jerónimo,00965,,POSITIVO,positivo,557,PROVISORIO,2023_GENERAL_santafe_presidente_mesa.csv
2023,GENERAL,2023-10-22,PRESIDENTE Y VICE,21,Santa Fe,3,San Jerónimo,00970,,POSITIVO,positivo,124,PROVISORIO,2023_GENERAL_santafe_presidente_mesa.csv
2023,GENERAL,2023-10-22,PRESIDENTE Y VICE,21,Santa Fe,3,San Jerónimo,00980,,POSITIVO,positivo,86,PROVISORIO,2023_GENERAL_santafe_presidente_mesa.csv
2023,GENERAL,2023-10-22,PRESIDENTE Y VICE,21,Santa Fe,3,San Jerónimo,01000,,POSITIVO,positivo,26,PROVISORIO,2023_GENERAL_santafe_presidente_mesa.csv
2023,GENERAL,2023-10-22,PRESIDENTE Y VICE,21,Santa Fe,3,San Jerónimo,01010,,POSITIVO,positivo,103,PROVISORIO,2023_GENERAL_santafe_presidente_mesa.csv
2023,GENERAL,2023-10-22,PRESIDENTE Y VICE,21,Santa Fe,4,Garay,01040,,POSITIVO,positivo,182,PROVISORIO,2023_GENERAL_santafe_presidente_mesa.csv
2023,GENERAL,2023-10-22,PRESIDENTE Y VICE,21,Santa Fe,4,Garay,01050,,POSITIVO,positivo,415,PROVISORIO,2023_GENERAL_santafe_presidente_mesa.csv
2023,GENERAL,2023-10-22,PRESIDENTE Y VICE,21,Santa Fe,4,Garay,01060,,POSITIVO,positivo,5135,PROVISORIO,2023_GENERAL_santafe_presidente_mesa.csv
2023,GENERAL,2023-10-22,PRESIDENTE Y VICE,21,Santa Fe,4,Garay,01064,,POSITIVO,positivo,15,PROVISORIO,2023_GENERAL_santafe_presidente_mesa.csv
2023,GENERAL,2023-10-22,PRESIDENTE Y VICE,21,Santa Fe,4,Garay,01066,,POSITIVO,positivo,39,PROVISORIO,2023_GENERAL_santafe_presidente_mesa.csv
2023,GENERAL,2023-10-22,PRESIDENTE Y VICE,21,Santa Fe,4,Garay,01070,,POSITIVO,positivo,2574,PROVISORIO,2023_GENERAL_santafe_presidente_mesa.csv
2023,GENERAL,2023-10-22,PRESIDENTE Y VICE,21,Santa Fe,4,Garay,01080,,POSITIVO,positivo,3641,PROVISORIO,2023_GENERAL_santafe_presidente_mesa.csv
2023,GENERAL,2023-10-22,PRESIDENTE Y VICE,21,Santa Fe,4,Garay,01085,,POSITIVO,positivo,523,PROVISORIO,2023_GENERAL_santafe_presidente_mesa.csv
2023,GENERAL,2023-10-22,PRESIDENTE Y VICE,21,Santa Fe,4,Garay,01090,,POSITIVO,positivo,497,PROVISORIO,2023_GENERAL_santafe_presidente_mesa.csv
2023,GENERAL,2023-10-22,PRESIDENTE Y VICE,21,Santa Fe,4,Garay,01100,,POSITIVO,positivo,350,PROVISORIO,2023_GENERAL_santafe_presidente_mesa.csv
2023,GENERAL,2023-10-22,PRESIDENTE Y VICE,21,Santa Fe,5,Castellanos,01110,,POSITIVO,positivo,136,PROVISORIO,2023_GENERAL_santafe_presidente_mesa.csv
2023,GENERAL,2023-10-22,PRESIDENTE Y VICE,21,Santa Fe,5,Castellanos,01120,,POSITIVO,positivo,104,PROVISORIO,2023_GENERAL_santafe_presidente_mesa.csv
2023,GENERAL,2023-10-22,PRESIDENTE Y VICE,21,Santa Fe,5,Castellanos,01130,,POSITIVO,positivo,121,PROVISORIO,2023_GENERAL_santafe_presidente_mesa.csv
2023,GENERAL,2023-10-22,PRESIDENTE Y VICE,21,Santa Fe,5,Castellanos,01140,,POSITIVO,positivo,108,PROVISORIO,2023_GENERAL_santafe_presidente_mesa.csv
2023,GENERAL,2023-10-22,PRESIDENTE Y VICE,21,Santa Fe,5,Castellanos,01150,,POSITIVO,positivo,996,PROVISORIO,2023_GENERAL_santafe_presidente_mesa.csv
2023,GENERAL,2023-10-22,PRESIDENTE Y VICE,21,Santa Fe,5,Castellanos,01160,,POSITIVO,positivo,197,PROVISORIO,2023_GENERAL_santafe_presidente_mesa.csv
2023,GENERAL,2023-10-22,PRESIDENTE Y VICE,21,Santa Fe,5,Castellanos,01170,Humberto Primo,POSITIVO,positivo,3290,PROVISORIO,2023_GENERAL_santafe_presidente_mesa.csv
2023,GENERAL,2023-10-22,PRESIDENTE Y VICE,21,Santa Fe,5,Castellanos,01180,Sunchales,POSITIVO,positivo,14628,PROVISORIO,2023_GENERAL_santafe_presidente_mesa.csv
2023,GENERAL,2023-10-22,PRESIDENTE Y VICE,21,Santa Fe,5,Castellanos,01190,,POSITIVO,positivo,513,PROVISORIO,2023_GENERAL_santafe_presidente_mesa.csv
2023,GENERAL,2023-10-22,PRESIDENTE Y VICE,21,Santa Fe,5,Castellanos,01200,Colonia Aldao,POSITIVO,positivo,1181,PROVISORIO,2023_GENERAL_santafe_presidente_mesa.csv
2023,GENERAL,2023-10-22,PRESIDENTE Y VICE,21,Santa Fe,5,Castellanos,01202,,POSITIVO,positivo,36,PROVISORIO,2023_GENERAL_santafe_presidente_mesa.csv
2023,GENERAL,2023-10-22,PRESIDENTE Y VICE,21,Santa Fe,5,Castellanos,01204,,POSITIVO,positivo,38,PROVISORIO,2023_GENERAL_santafe_presidente_mesa.csv
2023,GENERAL,2023-10-22,PRESIDENTE Y VICE,21,Santa Fe,5,Castellanos,01210,Ataliva,POSITIVO,positivo,1281,PROVISORIO,2023_GENERAL_santafe_presidente_mesa.csv
2023,GENERAL,2023-10-22,PRESIDENTE Y VICE,21,Santa Fe,5,Castellanos,01220,,POSITIVO,positivo,301,PROVISORIO,2023_GENERAL_santafe_presidente_mesa.csv
2023,GENERAL,2023-10-22,PRESIDENTE Y VICE,21,Santa Fe,5,Castellanos,01230,Lehmann,POSITIVO,positivo,1944,PROVISORIO,2023_GENERAL_santafe_presidente_mesa.csv
2023,GENERAL,2023-10-22,PRESIDENTE Y VICE,21,Santa Fe,5,Castellanos,01240,Ramona,POSITIVO,positivo,1261,PROVISORIO,2023_GENERAL_santafe_presidente_mesa.csv
2023,GENERAL,2023-10-22,PRESIDENTE Y VICE,21,Santa Fe,5,Castellanos,01250,,POSITIVO,positivo,957,PROVISORIO,2023_GENERAL_santafe_presidente_mesa.csv
2023,GENERAL,2023-10-22,PRESIDENTE Y VICE,21,Santa Fe,5,Castellanos,01260,,POSITIVO,positivo,210,PROVISORIO,2023_GENERAL_santafe_presidente_mesa.csv
2023,GENERAL,2023-10-22,PRESIDENTE Y VICE,21,Santa Fe,5,Castellanos,01270,,POSITIVO,positivo,563,PROVISORIO,2023_GENERAL_santafe_presidente_mesa.csv
2023,GENERAL,2023-10-22,PRESIDENTE Y VICE,21,Santa Fe,5,Castellanos,01280,,POSITIVO,positivo,22726,PROVISORIO,2023_GENERAL_santafe_presidente_mesa.csv
2023,GENERAL,2023-10-22,PRESIDENTE Y VICE,21,Santa Fe,5,Castellanos,01282,,POSITIVO,positivo,11394,PROVISORIO,2023_GENERAL_santafe_presidente_mesa.csv
2023,GENERAL,2023-10-22,PRESIDENTE Y VICE,21,Santa Fe,5,Castellanos,01284,,POSITIVO,positivo,14160,PROVISORIO,2023_GENERAL_santafe_presidente_mesa.csv
2023,GENERAL,2023-10-22,PRESIDENTE Y VICE,21,Santa Fe,5,Castellanos,01286,,POSITIVO,positivo,13058,PROVISORIO,2023_GENERAL_santafe_presidente_mesa.csv
2023,GENERAL,2023-10-22,PRESIDENTE Y VICE,21,Santa Fe,5,Castellanos,01290,,POSITIVO,positivo,179,PROVISORIO,2023_GENERAL_santafe_presidente_mesa.csv
2023,GENERAL,2023-10-22,PRESIDENTE Y VICE,21,Santa Fe,5,Castellanos,01300,Santa Clara de Saguier,POSITIVO,positivo,1214,PROVISORIO,2023_GENERAL_santafe_presidente_mesa.csv
2023,GENERAL,2023-10-22,PRESIDENTE Y VICE,21,Santa Fe,5,Castellanos,01310,,POSITIVO,positivo,394,PROVISORIO,2023_GENERAL_santafe_presidente_mesa.csv
2023,GENERAL,2023-10-22,PRESIDENTE Y VICE,21,Santa Fe,5,Castellanos,01320,,POSITIVO,positivo,977,PROVISORIO,2023_GENERAL_santafe_presidente_mesa.csv
2023,GENERAL,2023-10-22,PRESIDENTE Y VICE,21,Santa Fe,5,Castellanos,01330,,POSITIVO,positivo,70,PROVISORIO,2023_GENERAL_santafe_presidente_mesa.csv
2023,GENERAL,2023-10-22,PRESIDENTE Y VICE,21,Santa Fe,5,Castellanos,01340,Josefina,POSITIVO,positivo,598,PROVISORIO,2023_GENERAL_santafe_presidente_mesa.csv
2023,GENERAL,2023-10-22,PRESIDENTE Y VICE,21,Santa Fe,5,Castellanos,01342,,POSITIVO,positivo,496,PROVISORIO,2023_GENERAL_santafe_presidente_mesa.csv
2023,GENERAL,2023-10-22,PRESIDENTE Y VICE,21,Santa Fe,5,Castellanos,01345,Frontera,POSITIVO,positivo,5057,PROVISORIO,2023_GENERAL_santafe_presidente_mesa.csv
2023,GENERAL,2023-10-22,PRESIDENTE Y VICE,21,Santa Fe,5,Castellanos,01350,,POSITIVO,positivo,149,PROVISORIO,2023_GENERAL_santafe_presidente_mesa.csv
2023,GENERAL,2023-10-22,PRESIDENTE Y VICE,21,Santa Fe,5,Castellanos,01360,,POSITIVO,positivo,929,PROVISORIO,2023_GENERAL_santafe_presidente_mesa.csv
2023,GENERAL,2023-10-22,PRESIDENTE Y VICE,21,Santa Fe,5,Castellanos,01365,,POSITIVO,positivo,35,PROVISORIO,2023_GENERAL_santafe_presidente_mesa.csv
2023,GENERAL,2023-10-22,PRESIDENTE Y VICE,21,Santa Fe,5,Castellanos,01370,,POSITIVO,positivo,874,PROVISORIO,2023_GENERAL_santafe_presidente_mesa.csv
2023,GENERAL,2023-10-22,PRESIDENTE Y VICE,21,Santa Fe,5,Castellanos,01380,Zenón Pereyra,POSITIVO,positivo,1115,PROVISORIO,2023_GENERAL_santafe_presidente_mesa.csv
2023,GENERAL,2023-10-22,PRESIDENTE Y VICE,21,Santa Fe,5,Castellanos,01390,,POSITIVO,positivo,394,PROVISORIO,2023_GENERAL_santafe_presidente_mesa.csv
2023,GENERAL,2023-10-22,PRESIDENTE Y VICE,21,Santa Fe,5,Castellanos,01400,María Juana,POSITIVO,positivo,3160,PROVISORIO,2023_GENERAL_santafe_presidente_mesa.csv
2023,GENERAL,2023-10-22,PRESIDENTE Y VICE,21,Santa Fe,5,Castellanos,01410,,POSITIVO,positivo,202,PROVISORIO,2023_GENERAL_santafe_presidente_mesa.csv
2023,GENERAL,2023-10-22,PRESIDENTE Y VICE,21,Santa Fe,5,Castellanos,01420,San Vicente,POSITIVO,positivo,3971,PROVISORIO,2023_GENERAL_santafe_presidente_mesa.csv
2023,GENERAL,2023-10-22,PRESIDENTE Y VICE,21,Santa Fe,5,Castellanos,01430,,POSITIVO,positivo,1157,PROVISORIO,2023_GENERAL_santafe_presidente_mesa.csv
2023,GENERAL,2023-10-22,PRESIDENTE Y VICE,21,Santa Fe,5,Castellanos,01440,,POSITIVO,positivo,602,PROVISORIO,2023_GENERAL_santafe_presidente_mesa.csv
2023,GENERAL,2023-10-22,PRESIDENTE Y VICE,21,Santa Fe,5,Castellanos,01450,,POSITIVO,positivo,234,PROVISORIO,2023_GENERAL_santafe_presidente_mesa.csv
2023,GENERAL,2023-10-22,PRESIDENTE Y VICE,21,Santa Fe,5,Castellanos,01460,,POSITIVO,positivo,271,PROVISORIO,2023_GENERAL_santafe_presidente_mesa.csv
2023,GENERAL,2023-10-22,PRESIDENTE Y VICE,21,Santa Fe,5,Castellanos,01470,,POSITIVO,positivo,121,PROVISORIO,2023_GENERAL_santafe_presidente_mesa.csv
2023,GENERAL,2023-10-22,PRESIDENTE Y VICE,21,Santa Fe,5,Castellanos,01480,,POSITIVO,positivo,92,PROVISORIO,2023_GENERAL_santafe_presidente_mesa.csv
2023,GENERAL,2023-10-22,PRESIDENTE Y VICE,21,Santa Fe,5,Castellanos,01490,,POSITIVO,positivo,82,PROVISORIO,2023_GENERAL_santafe_presidente_mesa.csv
2023,GENERAL,2023-10-22,PRESIDENTE Y VICE,21,Santa Fe,5,Castellanos,01500,,POSITIVO,positivo,64,PROVISORIO,2023_GENERAL_santafe_presidente_mesa.csv
2023,GENERAL,2023-10-22,PRESIDENTE Y VICE,21,Santa Fe,5,Castellanos,01510,,POSITIVO,positivo,219,PROVISORIO,2023_GENERAL_santafe_presidente_mesa.csv
2023,GENERAL,2023-10-22,PRESIDENTE Y VICE,21,Santa Fe,5,Castellanos,01520,,POSITIVO,positivo,30,PROVISORIO,2023_GENERAL_santafe_presidente_mesa.csv
2023,GENERAL,2023-10-22,PRESIDENTE Y VICE,21,Santa Fe,6,San Martín,01530,,POSITIVO,positivo,384,PROVISORIO,2023_GENERAL_santafe_presidente_mesa.csv
2023,GENERAL,2023-10-22,PRESIDENTE Y VICE,21,Santa Fe,6,San Martín,01540,,POSITIVO,positivo,190,PROVISORIO,2023_GENERAL_santafe_presidente_mesa.csv
2023,GENERAL,2023-10-22,PRESIDENTE Y VICE,21,Santa Fe,6,San Martín,01550,Sastre y Ortiz,POSITIVO,positivo,3733,PROVISORIO,2023_GENERAL_santafe_presidente_mesa.csv
2023,GENERAL,2023-10-22,PRESIDENTE Y VICE,21,Santa Fe,6,San Martín,01560,San Martín de las Escobas,POSITIVO,positivo,1781,PROVISORIO,2023_GENERAL_santafe_presidente_mesa.csv
2023,GENERAL,2023-10-22,PRESIDENTE Y VICE,21,Santa Fe,6,San Martín,01570,,POSITIVO,positivo,745,PROVISORIO,2023_GENERAL_santafe_presidente_mesa.csv
2023,GENERAL,2023-10-22,PRESIDENTE Y VICE,21,Santa Fe,6,San Martín,01580,San Jorge,POSITIVO,positivo,12166,PROVISORIO,2023_GENERAL_santafe_presidente_mesa.csv
2023,GENERAL,2023-10-22,PRESIDENTE Y VICE,21,Santa Fe,6,San Martín,01590,,POSITIVO,positivo,856,PROVISORIO,2023_GENERAL_santafe_presidente_mesa.csv
2023,GENERAL,2023-10-22,PRESIDENTE Y VICE,21,Santa Fe,6,San Martín,01600,Carlos Pellegrini,POSITIVO,positivo,3616,PROVISORIO,2023_GENERAL_santafe_presidente_mesa.csv
2023,GENERAL,2023-10-22,PRESIDENTE Y VICE,21,Santa Fe,6,San Martín,01610,Cañada Rosquín,POSITIVO,positivo,3347,PROVISORIO,2023_GENERAL_santafe_presidente_mesa.csv
2023,GENERAL,2023-10-22,PRESIDENTE Y VICE,21,Santa Fe,6,San Martín,01620,,POSITIVO,positivo,470,PROVISORIO,2023_GENERAL_santafe_presidente_mesa.csv
2023,GENERAL,2023-10-22,PRESIDENTE Y VICE,21,Santa Fe,6,San Martín,01630,,POSITIVO,positivo,116,PROVISORIO,2023_GENERAL_santafe_presidente_mesa.csv
2023,GENERAL,2023-10-22,PRESIDENTE Y VICE,21,Santa Fe,6,San Martín,01640,Piamonte,POSITIVO,positivo,2081,PROVISORIO,2023_GENERAL_santafe_presidente_mesa.csv
2023,GENERAL,2023-10-22,PRESIDENTE Y VICE,21,Santa Fe,6,San Martín,01650,El Trébol,POSITIVO,positivo,7796,PROVISORIO,2023_GENERAL_santafe_presidente_mesa.csv
2023,GENERAL,2023-10-22,PRESIDENTE Y VICE,21,Santa Fe,6,San Martín,01660,María Susana,POSITIVO,positivo,2079,PROVISORIO,2023_GENERAL_santafe_presidente_mesa.csv
2023,GENERAL,2023-10-22,PRESIDENTE Y VICE,21,Santa Fe,6,San Martín,01670,,POSITIVO,positivo,837,PROVISORIO,2023_GENERAL_santafe_presidente_mesa.csv
2023,GENERAL,2023-10-22,PRESIDENTE Y VICE,21,Santa Fe,6,San Martín,01680,,POSITIVO,positivo,56,PROVISORIO,2023_GENERAL_santafe_presidente_mesa.csv
2023,GENERAL,2023-10-22,PRESIDENTE Y VICE,21,Santa Fe,6,San Martín,01690,,POSITIVO,positivo,524,PROVISORIO,2023_GENERAL_santafe_presidente_mesa.csv
2023,GENERAL,2023-10-22,PRESIDENTE Y VICE,21,Santa Fe,7,San Cristóbal,01740,,POSITIVO,positivo,106,PROVISORIO,2023_GENERAL_santafe_presidente_mesa.csv
2023,GENERAL,2023-10-22,PRESIDENTE Y VICE,21,Santa Fe,7,San Cristóbal,01750,,POSITIVO,positivo,101,PROVISORIO,2023_GENERAL_santafe_presidente_mesa.csv
2023,GENERAL,2023-10-22,PRESIDENTE Y VICE,21,Santa Fe,7,San Cristóbal,01760,,POSITIVO,positivo,196,PROVISORIO,2023_GENERAL_santafe_presidente_mesa.csv
2023,GENERAL,2023-10-22,PRESIDENTE Y VICE,21,Santa Fe,7,San Cristóbal,01770,,POSITIVO,positivo,77,PROVISORIO,2023_GENERAL_santafe_presidente_mesa.csv
2023,GENERAL,2023-10-22,PRESIDENTE Y VICE,21,Santa Fe,7,San Cristóbal,01780,,POSITIVO,positivo,10072,PROVISORIO,2023_GENERAL_santafe_presidente_mesa.csv
2023,GENERAL,2023-10-22,PRESIDENTE Y VICE,21,Santa Fe,7,San Cristóbal,01790,,POSITIVO,positivo,1816,PROVISORIO,2023_GENERAL_santafe_presidente_mesa.csv
2023,GENERAL,2023-10-22,PRESIDENTE Y VICE,21,Santa Fe,7,San Cristóbal,01800,,POSITIVO,positivo,689,PROVISORIO,2023_GENERAL_santafe_presidente_mesa.csv
2023,GENERAL,2023-10-22,PRESIDENTE Y VICE,21,Santa Fe,7,San Cristóbal,01810,,POSITIVO,positivo,416,PROVISORIO,2023_GENERAL_santafe_presidente_mesa.csv
2023,GENERAL,2023-10-22,PRESIDENTE Y VICE,21,Santa Fe,7,San Cristóbal,01815,,POSITIVO,positivo,50,PROVISORIO,2023_GENERAL_santafe_presidente_mesa.csv
2023,GENERAL,2023-10-22,PRESIDENTE Y VICE,21,Santa Fe,7,San Cristóbal,01820,,POSITIVO,positivo,82,PROVISORIO,2023_GENERAL_santafe_presidente_mesa.csv
2023,GENERAL,2023-10-22,PRESIDENTE Y VICE,21,Santa Fe,7,San Cristóbal,01830,,POSITIVO,positivo,1976,PROVISORIO,2023_GENERAL_santafe_presidente_mesa.csv
2023,GENERAL,2023-10-22,PRESIDENTE Y VICE,21,Santa Fe,7,San Cristóbal,01840,,POSITIVO,positivo,1338,PROVISORIO,2023_GENERAL_santafe_presidente_mesa.csv
2023,GENERAL,2023-10-22,PRESIDENTE Y VICE,21,Santa Fe,7,San Cristóbal,01850,,POSITIVO,positivo,8578,PROVISORIO,2023_GENERAL_santafe_presidente_mesa.csv
2023,GENERAL,2023-10-22,PRESIDENTE Y VICE,21,Santa Fe,7,San Cristóbal,01860,,POSITIVO,positivo,152,PROVISORIO,2023_GENERAL_santafe_presidente_mesa.csv
2023,GENERAL,2023-10-22,PRESIDENTE Y VICE,21,Santa Fe,7,San Cristóbal,01870,,POSITIVO,positivo,552,PROVISORIO,2023_GENERAL_santafe_presidente_mesa.csv
2023,GENERAL,2023-10-22,PRESIDENTE Y VICE,21,Santa Fe,7,San Cristóbal,01880,,POSITIVO,positivo,5664,PROVISORIO,2023_GENERAL_santafe_presidente_mesa.csv
2023,GENERAL,2023-10-22,PRESIDENTE Y VICE,21,Santa Fe,7,San Cristóbal,01890,,POSITIVO,positivo,288,PROVISORIO,2023_GENERAL_santafe_presidente_mesa.csv
2023,GENERAL,2023-10-22,PRESIDENTE Y VICE,21,Santa Fe,7,San Cristóbal,01910,,POSITIVO,positivo,4219,PROVISORIO,2023_GENERAL_santafe_presidente_mesa.csv
2023,GENERAL,2023-10-22,PRESIDENTE Y VICE,21,Santa Fe,7,San Cristóbal,01920,,POSITIVO,positivo,118,PROVISORIO,2023_GENERAL_santafe_presidente_mesa.csv
2023,GENERAL,2023-10-22,PRESIDENTE Y VICE,21,Santa Fe,7,San Cristóbal,01930,,POSITIVO,positivo,1330,PROVISORIO,2023_GENERAL_santafe_presidente_mesa.csv
2023,GENERAL,2023-10-22,PRESIDENTE Y VICE,21,Santa Fe,7,San Cristóbal,01940,,POSITIVO,positivo,297,PROVISORIO,2023_GENERAL_santafe_presidente_mesa.csv
2023,GENERAL,2023-10-22,PRESIDENTE Y VICE,21,Santa Fe,7,San Cristóbal,01950,,POSITIVO,positivo,684,PROVISORIO,2023_GENERAL_santafe_presidente_mesa.csv
2023,GENERAL,2023-10-22,PRESIDENTE Y VICE,21,Santa Fe,7,San Cristóbal,01960,,POSITIVO,positivo,286,PROVISORIO,2023_GENERAL_santafe_presidente_mesa.csv
2023,GENERAL,2023-10-22,PRESIDENTE Y VICE,21,Santa Fe,7,San Cristóbal,01964,,POSITIVO,positivo,9,PROVISORIO,2023_GENERAL_santafe_presidente_mesa.csv
2023,GENERAL,2023-10-22,PRESIDENTE Y VICE,21,Santa Fe,7,San Cristóbal,01970,,POSITIVO,positivo,219,PROVISORIO,2023_GENERAL_santafe_presidente_mesa.csv
2023,GENERAL,2023-10-22,PRESIDENTE Y VICE,21,Santa Fe,7,San Cristóbal,01980,,POSITIVO,positivo,131,PROVISORIO,2023_GENERAL_santafe_presidente_mesa.csv
2023,GENERAL,2023-10-22,PRESIDENTE Y VICE,21,Santa Fe,7,San Cristóbal,01990,,POSITIVO,positivo,57,PROVISORIO,2023_GENERAL_santafe_presidente_mesa.csv
2023,GENERAL,2023-10-22,PRESIDENTE Y VICE,21,Santa Fe,7,San Cristóbal,02000,,POSITIVO,positivo,294,PROVISORIO,2023_GENERAL_santafe_presidente_mesa.csv
2023,GENERAL,2023-10-22,PRESIDENTE Y VICE,21,Santa Fe,7,San Cristóbal,02010,,POSITIVO,positivo,242,PROVISORIO,2023_GENERAL_santafe_presidente_mesa.csv
2023,GENERAL,2023-10-22,PRESIDENTE Y VICE,21,Santa Fe,7,San Cristóbal,02020,,POSITIVO,positivo,205,PROVISORIO,2023_GENERAL_santafe_presidente_mesa.csv
2023,GENERAL,2023-10-22,PRESIDENTE Y VICE,21,Santa Fe,7,San Cristóbal,02030,,POSITIVO,positivo,233,PROVISORIO,2023_GENERAL_santafe_presidente_mesa.csv
2023,GENERAL,2023-10-22,PRESIDENTE Y VICE,21,Santa Fe,7,San Cristóbal,02040,,POSITIVO,positivo,85,PROVISORIO,2023_GENERAL_santafe_presidente_mesa.csv
2023,GENERAL,2023-10-22,PRESIDENTE Y VICE,21,Santa Fe,7,San Cristóbal,02050,,POSITIVO,positivo,144,PROVISORIO,2023_GENERAL_santafe_presidente_mesa.csv
2023,GENERAL,2023-10-22,PRESIDENTE Y VICE,21,Santa Fe,8,San Justo,02070,,POSITIVO,positivo,291,PROVISORIO,2023_GENERAL_santafe_presidente_mesa.csv
2023,GENERAL,2023-10-22,PRESIDENTE Y VICE,21,Santa Fe,8,San Justo,02080,,POSITIVO,positivo,1481,PROVISORIO,2023_GENERAL_santafe_presidente_mesa.csv
2023,GENERAL,2023-10-22,PRESIDENTE Y VICE,21,Santa Fe,8,San Justo,02084,,POSITIVO,positivo,59,PROVISORIO,2023_GENERAL_santafe_presidente_mesa.csv
2023,GENERAL,2023-10-22,PRESIDENTE Y VICE,21,Santa Fe,8,San Justo,02086,,POSITIVO,positivo,137,PROVISORIO,2023_GENERAL_santafe_presidente_mesa.csv
2023,GENERAL,2023-10-22,PRESIDENTE Y VICE,21,Santa Fe,8,San Justo,02090,,POSITIVO,positivo,221,PROVISORIO,2023_GENERAL_santafe_presidente_mesa.csv
2023,GENERAL,2023-10-22,PRESIDENTE Y VICE,21,Santa Fe,8,San Justo,02100,,POSITIVO,positivo,14256,PROVISORIO,2023_GENERAL_santafe_presidente_mesa.csv
2023,GENERAL,2023-10-22,PRESIDENTE Y VICE,21,Santa Fe,8,San Justo,02105,,POSITIVO,positivo,69,PROVISORIO,2023_GENERAL_santafe_presidente_mesa.csv
2023,GENERAL,2023-10-22,PRESIDENTE Y VICE,21,Santa Fe,8,San Justo,02110,,POSITIVO,positivo,468,PROVISORIO,2023_GENERAL_santafe_presidente_mesa.csv
2023,GENERAL,2023-10-22,PRESIDENTE Y VICE,21,Santa Fe,8,San Justo,02120,,POSITIVO,positivo,1087,PROVISORIO,2023_GENERAL_santafe_presidente_mesa.csv
2023,GENERAL,2023-10-22,PRESIDENTE Y VICE,21,Santa Fe,8,San Justo,02125,,POSITIVO,positivo,331,PROVISORIO,2023_GENERAL_santafe_presidente_mesa.csv
2023,GENERAL,2023-10-22,PRESIDENTE Y VICE,21,Santa Fe,8,San Justo,02130,,POSITIVO,positivo,4043,PROVISORIO,2023_GENERAL_santafe_presidente_mesa.csv
2023,GENERAL,2023-10-22,PRESIDENTE Y VICE,21,Santa Fe,8,San Justo,02140,,POSITIVO,positivo,484,PROVISORIO,2023_GENERAL_santafe_presidente_mesa.csv
2023,GENERAL,2023-10-22,PRESIDENTE Y VICE,21,Santa Fe,8,San Justo,02145,,POSITIVO,positivo,484,PROVISORIO,2023_GENERAL_santafe_presidente_mesa.csv
2023,GENERAL,2023-10-22,PRESIDENTE Y VICE,21,Santa Fe,8,San Justo,02150,,POSITIVO,positivo,805,PROVISORIO,2023_GENERAL_santafe_presidente_mesa.csv
2023,GENERAL,2023-10-22,PRESIDENTE Y VICE,21,Santa Fe,8,San Justo,02155,,POSITIVO,positivo,66,PROVISORIO,2023_GENERAL_santafe_presidente_mesa.csv
2023,GENERAL,2023-10-22,PRESIDENTE Y VICE,21,Santa Fe,8,San Justo,02160,,POSITIVO,positivo,1449,PROVISORIO,2023_GENERAL_santafe_presidente_mesa.csv
2023,GENERAL,2023-10-22,PRESIDENTE Y VICE,21,Santa Fe,8,San Justo,02165,,POSITIVO,positivo,27,PROVISORIO,2023_GENERAL_santafe_presidente_mesa.csv
2023,GENERAL,2023-10-22,PRESIDENTE Y VICE,21,Santa Fe,8,San Justo,02170,,POSITIVO,positivo,260,PROVISORIO,2023_GENERAL_santafe_presidente_mesa.csv
2023,GENERAL,2023-10-22,PRESIDENTE Y VICE,21,Santa Fe,8,San Justo,02180,,POSITIVO,positivo,422,PROVISORIO,2023_GENERAL_santafe_presidente_mesa.csv
2023,GENERAL,2023-10-22,PRESIDENTE Y VICE,21,Santa Fe,8,San Justo,02190,,POSITIVO,positivo,20,PROVISORIO,2023_GENERAL_santafe_presidente_mesa.csv
2023,GENERAL,2023-10-22,PRESIDENTE Y VICE,21,Santa Fe,9,General Obligado,02200,,POSITIVO,positivo,278,PROVISORIO,2023_GENERAL_santafe_presidente_mesa.csv
2023,GENERAL,2023-10-22,PRESIDENTE Y VICE,21,Santa Fe,9,General Obligado,02210,,POSITIVO,positivo,5367,PROVISORIO,2023_GENERAL_santafe_presidente_mesa.csv
2023,GENERAL,2023-10-22,PRESIDENTE Y VICE,21,Santa Fe,9,General Obligado,02215,,POSITIVO,positivo,36,PROVISORIO,2023_GENERAL_santafe_presidente_mesa.csv
2023,GENERAL,2023-10-22,PRESIDENTE Y VICE,21,Santa Fe,9,General Obligado,02220,,POSITIVO,positivo,488,PROVISORIO,2023_GENERAL_santafe_presidente_mesa.csv
2023,GENERAL,2023-10-22,PRESIDENTE Y VICE,21,Santa Fe,9,General Obligado,02230,,POSITIVO,positivo,377,PROVISORIO,2023_GENERAL_santafe_presidente_mesa.csv
2023,GENERAL,2023-10-22,PRESIDENTE Y VICE,21,Santa Fe,9,General Obligado,02235,,POSITIVO,positivo,64,PROVISORIO,2023_GENERAL_santafe_presidente_mesa.csv
2023,GENERAL,2023-10-22,PRESIDENTE Y VICE,21,Santa Fe,9,General Obligado,02240,,POSITIVO,positivo,14833,PROVISORIO,2023_GENERAL_santafe_presidente_mesa.csv
2023,GENERAL,2023-10-22,PRESIDENTE Y VICE,21,Santa Fe,9,General Obligado,02242,,POSITIVO,positivo,5965,PROVISORIO,2023_GENERAL_santafe_presidente_mesa.csv
2023,GENERAL,2023-10-22,PRESIDENTE Y VICE,21,Santa Fe,9,General Obligado,02244,,POSITIVO,positivo,7684,PROVISORIO,2023_GENERAL_santafe_presidente_mesa.csv
2023,GENERAL,2023-10-22,PRESIDENTE Y VICE,21,Santa Fe,9,General Obligado,02246,,POSITIVO,positivo,17610,PROVISORIO,2023_GENERAL_santafe_presidente_mesa.csv
2023,GENERAL,2023-10-22,PRESIDENTE Y VICE,21,Santa Fe,9,General Obligado,02248,,POSITIVO,positivo,761,PROVISORIO,2023_GENERAL_santafe_presidente_mesa.csv
2023,GENERAL,2023-10-22,PRESIDENTE Y VICE,21,Santa Fe,9,General Obligado,02249,,POSITIVO,positivo,118,PROVISORIO,2023_GENERAL_santafe_presidente_mesa.csv
2023,GENERAL,2023-10-22,PRESIDENTE Y VICE,21,Santa Fe,9,General Obligado,02250,,POSITIVO,positivo,17158,PROVISORIO,2023_GENERAL_santafe_presidente_mesa.csv
2023,GENERAL,2023-10-22,PRESIDENTE Y VICE,21,Santa Fe,9,General Obligado,02255,,POSITIVO,positivo,100,PROVISORIO,2023_GENERAL_santafe_presidente_mesa.csv
2023,GENERAL,2023-10-22,PRESIDENTE Y VICE,21,Santa Fe,9,General Obligado,02260,,POSITIVO,positivo,517,PROVISORIO,2023_GENERAL_santafe_presidente_mesa.csv
2023,GENERAL,2023-10-22,PRESIDENTE Y VICE,21,Santa Fe,9,General Obligado,02270,,POSITIVO,positivo,1542,PROVISORIO,2023_GENERAL_santafe_presidente_mesa.csv
2023,GENERAL,2023-10-22,PRESIDENTE Y VICE,21,Santa Fe,9,General Obligado,02272,,POSITIVO,positivo,506,PROVISORIO,2023_GENERAL_santafe_presidente_mesa.csv
2023,GENERAL,2023-10-22,PRESIDENTE Y VICE,21,Santa Fe,9,General Obligado,02274,,POSITIVO,positivo,63,PROVISORIO,2023_GENERAL_santafe_presidente_mesa.csv
2023,GENERAL,2023-10-22,PRESIDENTE Y VICE,21,Santa Fe,9,General Obligado,02280,,POSITIVO,positivo,960,PROVISORIO,2023_GENERAL_santafe_presidente_mesa.csv
2023,GENERAL,2023-10-22,PRESIDENTE Y VICE,21,Santa Fe,9,General Obligado,02290,,POSITIVO,positivo,596,PROVISORIO,2023_GENERAL_santafe_presidente_mesa.csv
2023,GENERAL,2023-10-22,PRESIDENTE Y VICE,21,Santa Fe,9,General Obligado,02300,,POSITIVO,positivo,1868,PROVISORIO,2023_GENERAL_santafe_presidente_mesa.csv
2023,GENERAL,2023-10-22,PRESIDENTE Y VICE,21,Santa Fe,9,General Obligado,02305,,POSITIVO,positivo,22,PROVISORIO,2023_GENERAL_santafe_presidente_mesa.csv
2023,GENERAL,2023-10-22,PRESIDENTE Y VICE,21,Santa Fe,9,General Obligado,02310,,POSITIVO,positivo,259,PROVISORIO,2023_GENERAL_santafe_presidente_mesa.csv
2023,GENERAL,2023-10-22,PRESIDENTE Y VICE,21,Santa Fe,9,General Obligado,02320,,POSITIVO,positivo,11346,PROVISORIO,2023_GENERAL_santafe_presidente_mesa.csv
2023,GENERAL,2023-10-22,PRESIDENTE Y VICE,21,Santa Fe,9,General Obligado,02325,,POSITIVO,positivo,53,PROVISORIO,2023_GENERAL_santafe_presidente_mesa.csv
2023,GENERAL,2023-10-22,PRESIDENTE Y VICE,21,Santa Fe,9,General Obligado,02330,,POSITIVO,positivo,1918,PROVISORIO,2023_GENERAL_santafe_presidente_mesa.csv
2023,GENERAL,2023-10-22,PRESIDENTE Y VICE,21,Santa Fe,9,General Obligado,02340,,POSITIVO,positivo,1657,PROVISORIO,2023_GENERAL_santafe_presidente_mesa.csv
2023,GENERAL,2023-10-22,PRESIDENTE Y VICE,21,Santa Fe,9,General Obligado,02350,,POSITIVO,positivo,7504,PROVISORIO,2023_GENERAL_santafe_presidente_mesa.csv
2023,GENERAL,2023-10-22,PRESIDENTE Y VICE,21,Santa Fe,9,General Obligado,02370,,POSITIVO,positivo,2726,PROVISORIO,2023_GENERAL_santafe_presidente_mesa.csv
2023,GENERAL,2023-10-22,PRESIDENTE Y VICE,21,Santa Fe,9,General Obligado,02380,,POSITIVO,positivo,695,PROVISORIO,2023_GENERAL_santafe_presidente_mesa.csv
2023,GENERAL,2023-10-22,PRESIDENTE Y VICE,21,Santa Fe,9,General Obligado,02390,,POSITIVO,positivo,3764,PROVISORIO,2023_GENERAL_santafe_presidente_mesa.csv
2023,GENERAL,2023-10-22,PRESIDENTE Y VICE,21,Santa Fe,9,General Obligado,02395,,POSITIVO,positivo,522,PROVISORIO,2023_GENERAL_santafe_presidente_mesa.csv
2023,GENERAL,2023-10-22,PRESIDENTE Y VICE,21,Santa Fe,9,General Obligado,02400,,POSITIVO,positivo,190,PROVISORIO,2023_GENERAL_santafe_presidente_mesa.csv
2023,GENERAL,2023-10-22,PRESIDENTE Y VICE,21,Santa Fe,9,General Obligado,02410,,POSITIVO,positivo,24,PROVISORIO,2023_GENERAL_santafe_presidente_mesa.csv
2023,GENERAL,2023-10-22,PRESIDENTE Y VICE,21,Santa Fe,9,General Obligado,02420,,POSITIVO,positivo,895,PROVISORIO,2023_GENERAL_santafe_presidente_mesa.csv
2023,GENERAL,2023-10-22,PRESIDENTE Y VICE,21,Santa Fe,9,General Obligado,02440,,POSITIVO,positivo,102,PROVISORIO,2023_GENERAL_santafe_presidente_mesa.csv
2023,GENERAL,2023-10-22,PRESIDENTE Y VICE,21,Santa Fe,9,General Obligado,02444,,POSITIVO,positivo,372,PROVISORIO,2023_GENERAL_santafe_presidente_mesa.csv
2023,GENERAL,2023-10-22,PRESIDENTE Y VICE,21,Santa Fe,9,General Obligado,02446,,POSITIVO,positivo,347,PROVISORIO,2023_GENERAL_santafe_presidente_mesa.csv
2023,GENERAL,2023-10-22,PRESIDENTE Y VICE,21,Santa Fe,9,General Obligado,02450,,POSITIVO,positivo,752,PROVISORIO,2023_GENERAL_santafe_presidente_mesa.csv
2023,GENERAL,2023-10-22,PRESIDENTE Y VICE,21,Santa Fe,9,General Obligado,02460,,POSITIVO,positivo,811,PROVISORIO,2023_GENERAL_santafe_presidente_mesa.csv
2023,GENERAL,2023-10-22,PRESIDENTE Y VICE,21,Santa Fe,9,General Obligado,02465,,POSITIVO,positivo,91,PROVISORIO,2023_GENERAL_santafe_presidente_mesa.csv
2023,GENERAL,2023-10-22,PRESIDENTE Y VICE,21,Santa Fe,9,General Obligado,02470,,POSITIVO,positivo,535,PROVISORIO,2023_GENERAL_santafe_presidente_mesa.csv
2023,GENERAL,2023-10-22,PRESIDENTE Y VICE,21,Santa Fe,9,General Obligado,02480,,POSITIVO,positivo,121,PROVISORIO,2023_GENERAL_santafe_presidente_mesa.csv
2023,GENERAL,2023-10-22,PRESIDENTE Y VICE,21,Santa Fe,9,General Obligado,02490,,POSITIVO,positivo,90,PROVISORIO,2023_GENERAL_santafe_presidente_mesa.csv
2023,GENERAL,2023-10-22,PRESIDENTE Y VICE,21,Santa Fe,10,Vera,02510,,POSITIVO,positivo,7422,PROVISORIO,2023_GENERAL_santafe_presidente_mesa.csv
2023,GENERAL,2023-10-22,PRESIDENTE Y VICE,21,Santa Fe,10,Vera,02520,,POSITIVO,positivo,2679,PROVISORIO,2023_GENERAL_santafe_presidente_mesa.csv
2023,GENERAL,2023-10-22,PRESIDENTE Y VICE,21,Santa Fe,10,Vera,02530,,POSITIVO,positivo,1404,PROVISORIO,2023_GENERAL_santafe_presidente_mesa.csv
2023,GENERAL,2023-10-22,PRESIDENTE Y VICE,21,Santa Fe,10,Vera,02540,,POSITIVO,positivo,12167,PROVISORIO,2023_GENERAL_santafe_presidente_mesa.csv
2023,GENERAL,2023-10-22,PRESIDENTE Y VICE,21,Santa Fe,10,Vera,02545,,POSITIVO,positivo,137,PROVISORIO,2023_GENERAL_santafe_presidente_mesa.csv
2023,GENERAL,2023-10-22,PRESIDENTE Y VICE,21,Santa Fe,10,Vera,02550,,POSITIVO,positivo,42,PROVISORIO,2023_GENERAL_santafe_presidente_mesa.csv
2023,GENERAL,2023-10-22,PRESIDENTE Y VICE,21,Santa Fe,10,Vera,02560,,POSITIVO,positivo,406,PROVISORIO,2023_GENERAL_santafe_presidente_mesa.csv
2023,GENERAL,2023-10-22,PRESIDENTE Y VICE,21,Santa Fe,10,Vera,02570,,POSITIVO,positivo,947,PROVISORIO,2023_GENERAL_santafe_presidente_mesa.csv
2023,GENERAL,2023-10-22,PRESIDENTE Y VICE,21,Santa Fe,10,Vera,02580,,POSITIVO,positivo,74,PROVISORIO,2023_GENERAL_santafe_presidente_mesa.csv
2023,GENERAL,2023-10-22,PRESIDENTE Y VICE,21,Santa Fe,10,Vera,02590,,POSITIVO,positivo,709,PROVISORIO,2023_GENERAL_santafe_presidente_mesa.csv
2023,GENERAL,2023-10-22,PRESIDENTE Y VICE,21,Santa Fe,10,Vera,02600,,POSITIVO,positivo,1243,PROVISORIO,2023_GENERAL_santafe_presidente_mesa.csv
2023,GENERAL,2023-10-22,PRESIDENTE Y VICE,21,Santa Fe,10,Vera,02610,,POSITIVO,positivo,212,PROVISORIO,2023_GENERAL_santafe_presidente_mesa.csv
2023,GENERAL,2023-10-22,PRESIDENTE Y VICE,21,Santa Fe,10,Vera,02620,,POSITIVO,positivo,287,PROVISORIO,2023_GENERAL_santafe_presidente_mesa.csv
2023,GENERAL,2023-10-22,PRESIDENTE Y VICE,21,Santa Fe,10,Vera,02630,,POSITIVO,positivo,704,PROVISORIO,2023_GENERAL_santafe_presidente_mesa.csv
2023,GENERAL,2023-10-22,PRESIDENTE Y VICE,21,Santa Fe,10,Vera,02640,,POSITIVO,positivo,147,PROVISORIO,2023_GENERAL_santafe_presidente_mesa.csv
2023,GENERAL,2023-10-22,PRESIDENTE Y VICE,21,Santa Fe,10,Vera,02670,,POSITIVO,positivo,32,PROVISORIO,2023_GENERAL_santafe_presidente_mesa.csv
2023,GENERAL,2023-10-22,PRESIDENTE Y VICE,21,Santa Fe,10,Vera,02680,,POSITIVO,positivo,1338,PROVISORIO,2023_GENERAL_santafe_presidente_mesa.csv
2023,GENERAL,2023-10-22,PRESIDENTE Y VICE,21,Santa Fe,10,Vera,02682,,POSITIVO,positivo,287,PROVISORIO,2023_GENERAL_santafe_presidente_mesa.csv
2023,GENERAL,2023-10-22,PRESIDENTE Y VICE,21,Santa Fe,10,Vera,02684,,POSITIVO,positivo,106,PROVISORIO,2023_GENERAL_santafe_presidente_mesa.csv
2023,GENERAL,2023-10-22,PRESIDENTE Y VICE,21,Santa Fe,10,Vera,02690,,POSITIVO,positivo,154,PROVISORIO,2023_GENERAL_santafe_presidente_mesa.csv
2023,GENERAL,2023-10-22,PRESIDENTE Y VICE,21,Santa Fe,10,Vera,02700,,POSITIVO,positivo,25,PROVISORIO,2023_GENERAL_santafe_presidente_mesa.csv
2023,GENERAL,2023-10-22,PRESIDENTE Y VICE,21,Santa Fe,10,Vera,02710,,POSITIVO,positivo,10,PROVISORIO,2023_GENERAL_santafe_presidente_mesa.csv
2023,GENERAL,2023-10-22,PRESIDENTE Y VICE,21,Santa Fe,11,San Javier,02740,,POSITIVO,positivo,192,PROVISORIO,2023_GENERAL_santafe_presidente_mesa.csv
2023,GENERAL,2023-10-22,PRESIDENTE Y VICE,21,Santa Fe,11,San Javier,02750,,POSITIVO,positivo,9540,PROVISORIO,2023_GENERAL_santafe_presidente_mesa.csv
2023,GENERAL,2023-10-22,PRESIDENTE Y VICE,21,Santa Fe,11,San Javier,02755,,POSITIVO,positivo,501,PROVISORIO,2023_GENERAL_santafe_presidente_mesa.csv
2023,GENERAL,2023-10-22,PRESIDENTE Y VICE,21,Santa Fe,11,San Javier,02758,,POSITIVO,positivo,458,PROVISORIO,2023_GENERAL_santafe_presidente_mesa.csv
2023,GENERAL,2023-10-22,PRESIDENTE Y VICE,21,Santa Fe,11,San Javier,02760,,POSITIVO,positivo,1772,PROVISORIO,2023_GENERAL_santafe_presidente_mesa.csv
2023,GENERAL,2023-10-22,PRESIDENTE Y VICE,21,Santa Fe,11,San Javier,02762,,POSITIVO,positivo,8,PROVISORIO,2023_GENERAL_santafe_presidente_mesa.csv
2023,GENERAL,2023-10-22,PRESIDENTE Y VICE,21,Santa Fe,11,San Javier,02764,,POSITIVO,positivo,21,PROVISORIO,2023_GENERAL_santafe_presidente_mesa.csv
2023,GENERAL,2023-10-22,PRESIDENTE Y VICE,21,Santa Fe,11,San Javier,02766,,POSITIVO,positivo,0,PROVISORIO,2023_GENERAL_santafe_presidente_mesa.csv
2023,GENERAL,2023-10-22,PRESIDENTE Y VICE,21,Santa Fe,11,San Javier,02770,,POSITIVO,positivo,5308,PROVISORIO,2023_GENERAL_santafe_presidente_mesa.csv
2023,GENERAL,2023-10-22,PRESIDENTE Y VICE,21,Santa Fe,11,San Javier,02772,,POSITIVO,positivo,17,PROVISORIO,2023_GENERAL_santafe_presidente_mesa.csv
2023,GENERAL,2023-10-22,PRESIDENTE Y VICE,21,Santa Fe,11,San Javier,02774,,POSITIVO,positivo,37,PROVISORIO,2023_GENERAL_santafe_presidente_mesa.csv
2023,GENERAL,2023-10-22,PRESIDENTE Y VICE,21,Santa Fe,11,San Javier,02780,,POSITIVO,positivo,7,PROVISORIO,2023_GENERAL_santafe_presidente_mesa.csv
2023,GENERAL,2023-10-22,PRESIDENTE Y VICE,21,Santa Fe,11,San Javier,02790,,POSITIVO,positivo,373,PROVISORIO,2023_GENERAL_santafe_presidente_mesa.csv
2023,GENERAL,2023-10-22,PRESIDENTE Y VICE,21,Santa Fe,11,San Javier,02800,,POSITIVO,positivo,290,PROVISORIO,2023_GENERAL_santafe_presidente_mesa.csv
2023,GENERAL,2023-10-22,PRESIDENTE Y VICE,21,Santa Fe,11,San Javier,02810,,POSITIVO,positivo,9,PROVISORIO,2023_GENERAL_santafe_presidente_mesa.csv
2023,GENERAL,2023-10-22,PRESIDENTE Y VICE,21,Santa Fe,12,9 de Julio,02830,,POSITIVO,positivo,127,PROVISORIO,2023_GENERAL_santafe_presidente_mesa.csv
2023,GENERAL,2023-10-22,PRESIDENTE Y VICE,21,Santa Fe,12,9 de Julio,02840,,POSITIVO,positivo,442,PROVISORIO,2023_GENERAL_santafe_presidente_mesa.csv
2023,GENERAL,2023-10-22,PRESIDENTE Y VICE,21,Santa Fe,12,9 de Julio,02850,,POSITIVO,positivo,10312,PROVISORIO,2023_GENERAL_santafe_presidente_mesa.csv
2023,GENERAL,2023-10-22,PRESIDENTE Y VICE,21,Santa Fe,12,9 de Julio,02852,,POSITIVO,positivo,665,PROVISORIO,2023_GENERAL_santafe_presidente_mesa.csv
2023,GENERAL,2023-10-22,PRESIDENTE Y VICE,21,Santa Fe,12,9 de Julio,02854,,POSITIVO,positivo,14,PROVISORIO,2023_GENERAL_santafe_presidente_mesa.csv
2023,GENERAL,2023-10-22,PRESIDENTE Y VICE,21,Santa Fe,12,9 de Julio,02860,,POSITIVO,positivo,8,PROVISORIO,2023_GENERAL_santafe_presidente_mesa.csv
2023,GENERAL,2023-10-22,PRESIDENTE Y VICE,21,Santa Fe,12,9 de Julio,02870,,POSITIVO,positivo,378,PROVISORIO,2023_GENERAL_santafe_presidente_mesa.csv
2023,GENERAL,2023-10-22,PRESIDENTE Y VICE,21,Santa Fe,12,9 de Julio,02890,,POSITIVO,positivo,1042,PROVISORIO,2023_GENERAL_santafe_presidente_mesa.csv
2023,GENERAL,2023-10-22,PRESIDENTE Y VICE,21,Santa Fe,12,9 de Julio,02900,,POSITIVO,positivo,132,PROVISORIO,2023_GENERAL_santafe_presidente_mesa.csv
2023,GENERAL,2023-10-22,PRESIDENTE Y VICE,21,Santa Fe,12,9 de Julio,02910,,POSITIVO,positivo,3734,PROVISORIO,2023_GENERAL_santafe_presidente_mesa.csv
2023,GENERAL,2023-10-22,PRESIDENTE Y VICE,21,Santa Fe,12,9 de Julio,02920,,POSITIVO,positivo,391,PROVISORIO,2023_GENERAL_santafe_presidente_mesa.csv
2023,GENERAL,2023-10-22,PRESIDENTE Y VICE,21,Santa Fe,12,9 de Julio,02930,,POSITIVO,positivo,647,PROVISORIO,2023_GENERAL_santafe_presidente_mesa.csv
2023,GENERAL,2023-10-22,PRESIDENTE Y VICE,21,Santa Fe,12,9 de Julio,02940,,POSITIVO,positivo,59,PROVISORIO,2023_GENERAL_santafe_presidente_mesa.csv
2023,GENERAL,2023-10-22,PRESIDENTE Y VICE,21,Santa Fe,13,Rosario,03010,,POSITIVO,positivo,4149,PROVISORIO,2023_GENERAL_santafe_presidente_mesa.csv
2023,GENERAL,2023-10-22,PRESIDENTE Y VICE,21,Santa Fe,13,Rosario,03015,,POSITIVO,positivo,5432,PROVISORIO,2023_GENERAL_santafe_presidente_mesa.csv
2023,GENERAL,2023-10-22,PRESIDENTE Y VICE,21,Santa Fe,13,Rosario,03020,,POSITIVO,positivo,3006,PROVISORIO,2023_GENERAL_santafe_presidente_mesa.csv
2023,GENERAL,2023-10-22,PRESIDENTE Y VICE,21,Santa Fe,13,Rosario,03025,,POSITIVO,positivo,3805,PROVISORIO,2023_GENERAL_santafe_presidente_mesa.csv
2023,GENERAL,2023-10-22,PRESIDENTE Y VICE,21,Santa Fe,13,Rosario,03030,,POSITIVO,positivo,3630,PROVISORIO,2023_GENERAL_santafe_presidente_mesa.csv
2023,GENERAL,2023-10-22,PRESIDENTE Y VICE,21,Santa Fe,13,Rosario,03035,,POSITIVO,positivo,2952,PROVISORIO,2023_GENERAL_santafe_presidente_mesa.csv
2023,GENERAL,2023-10-22,PRESIDENTE Y VICE,21,Santa Fe,13,Rosario,03040,,POSITIVO,positivo,4562,PROVISORIO,2023_GENERAL_santafe_presidente_mesa.csv
2023,GENERAL,2023-10-22,PRESIDENTE Y VICE,21,Santa Fe,13,Rosario,03045,,POSITIVO,positivo,3031,PROVISORIO,2023_GENERAL_santafe_presidente_mesa.csv
2023,GENERAL,2023-10-22,PRESIDENTE Y VICE,21,Santa Fe,13,Rosario,03050,,POSITIVO,positivo,1770,PROVISORIO,2023_GENERAL_santafe_presidente_mesa.csv
2023,GENERAL,2023-10-22,PRESIDENTE Y VICE,21,Santa Fe,13,Rosario,03055,,POSITIVO,positivo,1536,PROVISORIO,2023_GENERAL_santafe_presidente_mesa.csv
2023,GENERAL,2023-10-22,PRESIDENTE Y VICE,21,Santa Fe,13,Rosario,03060,,POSITIVO,positivo,1510,PROVISORIO,2023_GENERAL_santafe_presidente_mesa.csv
2023,GENERAL,2023-10-22,PRESIDENTE Y VICE,21,Santa Fe,13,Rosario,03065,,POSITIVO,positivo,3443,PROVISORIO,2023_GENERAL_santafe_presidente_mesa.csv
2023,GENERAL,2023-10-22,PRESIDENTE Y VICE,21,Santa Fe,13,Rosario,03070,,POSITIVO,positivo,3550,PROVISORIO,2023_GENERAL_santafe_presidente_mesa.csv
2023,GENERAL,2023-10-22,PRESIDENTE Y VICE,21,Santa Fe,13,Rosario,03075,,POSITIVO,positivo,3117,PROVISORIO,2023_GENERAL_santafe_presidente_mesa.csv
2023,GENERAL,2023-10-22,PRESIDENTE Y VICE,21,Santa Fe,13,Rosario,03080,,POSITIVO,positivo,2629,PROVISORIO,2023_GENERAL_santafe_presidente_mesa.csv
2023,GENERAL,2023-10-22,PRESIDENTE Y VICE,21,Santa Fe,13,Rosario,03085,,POSITIVO,positivo,4804,PROVISORIO,2023_GENERAL_santafe_presidente_mesa.csv
2023,GENERAL,2023-10-22,PRESIDENTE Y VICE,21,Santa Fe,13,Rosario,03090,,POSITIVO,positivo,4133,PROVISORIO,2023_GENERAL_santafe_presidente_mesa.csv
2023,GENERAL,2023-10-22,PRESIDENTE Y VICE,21,Santa Fe,13,Rosario,03095,,POSITIVO,positivo,4173,PROVISORIO,2023_GENERAL_santafe_presidente_mesa.csv
2023,GENERAL,2023-10-22,PRESIDENTE Y VICE,21,Santa Fe,13,Rosario,03100,,POSITIVO,positivo,3000,PROVISORIO,2023_GENERAL_santafe_presidente_mesa.csv
2023,GENERAL,2023-10-22,PRESIDENTE Y VICE,21,Santa Fe,13,Rosario,03105,,POSITIVO,positivo,4032,PROVISORIO,2023_GENERAL_santafe_presidente_mesa.csv
2023,GENERAL,2023-10-22,PRESIDENTE Y VICE,21,Santa Fe,13,Rosario,03110,,POSITIVO,positivo,3262,PROVISORIO,2023_GENERAL_santafe_presidente_mesa.csv
2023,GENERAL,2023-10-22,PRESIDENTE Y VICE,21,Santa Fe,13,Rosario,03115,,POSITIVO,positivo,2707,PROVISORIO,2023_GENERAL_santafe_presidente_mesa.csv
2023,GENERAL,2023-10-22,PRESIDENTE Y VICE,21,Santa Fe,13,Rosario,03120,,POSITIVO,positivo,6157,PROVISORIO,2023_GENERAL_santafe_presidente_mesa.csv
2023,GENERAL,2023-10-22,PRESIDENTE Y VICE,21,Santa Fe,13,Rosario,03125,,POSITIVO,positivo,3082,PROVISORIO,2023_GENERAL_santafe_presidente_mesa.csv
2023,GENERAL,2023-10-22,PRESIDENTE Y VICE,21,Santa Fe,13,Rosario,03130,,POSITIVO,positivo,2856,PROVISORIO,2023_GENERAL_santafe_presidente_mesa.csv
2023,GENERAL,2023-10-22,PRESIDENTE Y VICE,21,Santa Fe,13,Rosario,03135,,POSITIVO,positivo,3858,PROVISORIO,2023_GENERAL_santafe_presidente_mesa.csv
2023,GENERAL,2023-10-22,PRESIDENTE Y VICE,21,Santa Fe,13,Rosario,03140,,POSITIVO,positivo,4486,PROVISORIO,2023_GENERAL_santafe_presidente_mesa.csv
2023,GENERAL,2023-10-22,PRESIDENTE Y VICE,21,Santa Fe,13,Rosario,03145,,POSITIVO,positivo,4957,PROVISORIO,2023_GENERAL_santafe_presidente_mesa.csv
2023,GENERAL,2023-10-22,PRESIDENTE Y VICE,21,Santa Fe,13,Rosario,03150,,POSITIVO,positivo,10705,PROVISORIO,2023_GENERAL_santafe_presidente_mesa.csv
2023,GENERAL,2023-10-22,PRESIDENTE Y VICE,21,Santa Fe,13,Rosario,03155,,POSITIVO,positivo,5918,PROVISORIO,2023_GENERAL_santafe_presidente_mesa.csv
2023,GENERAL,2023-10-22,PRESIDENTE Y VICE,21,Santa Fe,13,Rosario,03160,,POSITIVO,positivo,4481,PROVISORIO,2023_GENERAL_santafe_presidente_mesa.csv
2023,GENERAL,2023-10-22,PRESIDENTE Y VICE,21,Santa Fe,13,Rosario,03165,,POSITIVO,positivo,3924,PROVISORIO,2023_GENERAL_santafe_presidente_mesa.csv
2023,GENERAL,2023-10-22,PRESIDENTE Y VICE,21,Santa Fe,13,Rosario,03170,,POSITIVO,positivo,7080,PROVISORIO,2023_GENERAL_santafe_presidente_mesa.csv
2023,GENERAL,2023-10-22,PRESIDENTE Y VICE,21,Santa Fe,13,Rosario,03175,,POSITIVO,positivo,8738,PROVISORIO,2023_GENERAL_santafe_presidente_mesa.csv
2023,GENERAL,2023-10-22,PRESIDENTE Y VICE,21,Santa Fe,13,Rosario,03180,,POSITIVO,positivo,2346,PROVISORIO,2023_GENERAL_santafe_presidente_mesa.csv
2023,GENERAL,2023-10-22,PRESIDENTE Y VICE,21,Santa Fe,13,Rosario,03185,,POSITIVO,positivo,3654,PROVISORIO,2023_GENERAL_santafe_presidente_mesa.csv
2023,GENERAL,2023-10-22,PRESIDENTE Y VICE,21,Santa Fe,13,Rosario,03190,,POSITIVO,positivo,2473,PROVISORIO,2023_GENERAL_santafe_presidente_mesa.csv
2023,GENERAL,2023-10-22,PRESIDENTE Y VICE,21,Santa Fe,13,Rosario,03195,,POSITIVO,positivo,3749,PROVISORIO,2023_GENERAL_santafe_presidente_mesa.csv
2023,GENERAL,2023-10-22,PRESIDENTE Y VICE,21,Santa Fe,13,Rosario,03200,,POSITIVO,positivo,4367,PROVISORIO,2023_GENERAL_santafe_presidente_mesa.csv
2023,GENERAL,2023-10-22,PRESIDENTE Y VICE,21,Santa Fe,13,Rosario,03205,,POSITIVO,positivo,6183,PROVISORIO,2023_GENERAL_santafe_presidente_mesa.csv
2023,GENERAL,2023-10-22,PRESIDENTE Y VICE,21,Santa Fe,13,Rosario,03210,,POSITIVO,positivo,24592,PROVISORIO,2023_GENERAL_santafe_presidente_mesa.csv
2023,GENERAL,2023-10-22,PRESIDENTE Y VICE,21,Santa Fe,13,Rosario,03220,,POSITIVO,positivo,14192,PROVISORIO,2023_GENERAL_santafe_presidente_mesa.csv
2023,GENERAL,2023-10-22,PRESIDENTE Y VICE,21,Santa Fe,13,Rosario,03230,,POSITIVO,positivo,11291,PROVISORIO,2023_GENERAL_santafe_presidente_mesa.csv
2023,GENERAL,2023-10-22,PRESIDENTE Y VICE,21,Santa Fe,13,Rosario,03240,,POSITIVO,positivo,11688,PROVISORIO,2023_GENERAL_santafe_presidente_mesa.csv
2023,GENERAL,2023-10-22,PRESIDENTE Y VICE,21,Santa Fe,13,Rosario,03250,,POSITIVO,positivo,16395,PROVISORIO,2023_GENERAL_santafe_presidente_mesa.csv
2023,GENERAL,2023-10-22,PRESIDENTE Y VICE,21,Santa Fe,13,Rosario,03260,,POSITIVO,positivo,49282,PROVISORIO,2023_GENERAL_santafe_presidente_mesa.csv
2023,GENERAL,2023-10-22,PRESIDENTE Y VICE,21,Santa Fe,13,Rosario,03270,,POSITIVO,positivo,15725,PROVISORIO,2023_GENERAL_santafe_presidente_mesa.csv
2023,GENERAL,2023-10-22,PRESIDENTE Y VICE,21,Santa Fe,13,Rosario,03280,,POSITIVO,positivo,37539,PROVISORIO,2023_GENERAL_santafe_presidente_mesa.csv
2023,GENERAL,2023-10-22,PRESIDENTE Y VICE,21,Santa Fe,13,Rosario,03290,,POSITIVO,positivo,20141,PROVISORIO,2023_GENERAL_santafe_presidente_mesa.csv
2023,GENERAL,2023-10-22,PRESIDENTE Y VICE,21,Santa Fe,13,Rosario,03300,,POSITIVO,positivo,34726,PROVISORIO,2023_GENERAL_santafe_presidente_mesa.csv
2023,GENERAL,2023-10-22,PRESIDENTE Y VICE,21,Santa Fe,13,Rosario,03310,,POSITIVO,positivo,19180,PROVISORIO,2023_GENERAL_santafe_presidente_mesa.csv
2023,GENERAL,2023-10-22,PRESIDENTE Y VICE,21,Santa Fe,13,Rosario,03320,,POSITIVO,positivo,4604,PROVISORIO,2023_GENERAL_santafe_presidente_mesa.csv
2023,GENERAL,2023-10-22,PRESIDENTE Y VICE,21,Santa Fe,13,Rosario,03330,,POSITIVO,positivo,209,PROVISORIO,2023_GENERAL_santafe_presidente_mesa.csv
2023,GENERAL,2023-10-22,PRESIDENTE Y VICE,21,Santa Fe,13,Rosario,03340,,POSITIVO,positivo,20883,PROVISORIO,2023_GENERAL_santafe_presidente_mesa.csv
2023,GENERAL,2023-10-22,PRESIDENTE Y VICE,21,Santa Fe,13,Rosario,03350,,POSITIVO,positivo,29855,PROVISORIO,2023_GENERAL_santafe_presidente_mesa.csv
2023,GENERAL,2023-10-22,PRESIDENTE Y VICE,21,Santa Fe,13,Rosario,03360,,POSITIVO,positivo,13583,PROVISORIO,2023_GENERAL_santafe_presidente_mesa.csv
2023,GENERAL,2023-10-22,PRESIDENTE Y VICE,21,Santa Fe,13,Rosario,03370,,POSITIVO,positivo,8175,PROVISORIO,2023_GENERAL_santafe_presidente_mesa.csv
2023,GENERAL,2023-10-22,PRESIDENTE Y VICE,21,Santa Fe,13,Rosario,03380,,POSITIVO,positivo,10448,PROVISORIO,2023_GENERAL_santafe_presidente_mesa.csv
2023,GENERAL,2023-10-22,PRESIDENTE Y VICE,21,Santa Fe,13,Rosario,03390,,POSITIVO,positivo,38287,PROVISORIO,2023_GENERAL_santafe_presidente_mesa.csv
2023,GENERAL,2023-10-22,PRESIDENTE Y VICE,21,Santa Fe,13,Rosario,03400,,POSITIVO,positivo,27182,PROVISORIO,2023_GENERAL_santafe_presidente_mesa.csv
2023,GENERAL,2023-10-22,PRESIDENTE Y VICE,21,Santa Fe,13,Rosario,03410,,POSITIVO,positivo,3795,PROVISORIO,2023_GENERAL_santafe_presidente_mesa.csv
2023,GENERAL,2023-10-22,PRESIDENTE Y VICE,21,Santa Fe,13,Rosario,03415,,POSITIVO,positivo,417,PROVISORIO,2023_GENERAL_santafe_presidente_mesa.csv
2023,GENERAL,2023-10-22,PRESIDENTE Y VICE,21,Santa Fe,13,Rosario,03420,,POSITIVO,positivo,234,PROVISORIO,2023_GENERAL_santafe_presidente_mesa.csv
2023,GENERAL,2023-10-22,PRESIDENTE Y VICE,21,Santa Fe,13,Rosario,03430,,POSITIVO,positivo,4883,PROVISORIO,2023_GENERAL_santafe_presidente_mesa.csv
2023,GENERAL,2023-10-22,PRESIDENTE Y VICE,21,Santa Fe,13,Rosario,03435,,POSITIVO,positivo,1492,PROVISORIO,2023_GENERAL_santafe_presidente_mesa.csv
2023,GENERAL,2023-10-22,PRESIDENTE Y VICE,21,Santa Fe,13,Rosario,03450,,POSITIVO,positivo,15439,PROVISORIO,2023_GENERAL_santafe_presidente_mesa.csv
2023,GENERAL,2023-10-22,PRESIDENTE Y VICE,21,Santa Fe,13,Rosario,03455,,POSITIVO,positivo,3729,PROVISORIO,2023_GENERAL_santafe_presidente_mesa.csv
2023,GENERAL,2023-10-22,PRESIDENTE Y VICE,21,Santa Fe,13,Rosario,03500,,POSITIVO,positivo,596,PROVISORIO,2023_GENERAL_santafe_presidente_mesa.csv
2023,GENERAL,2023-10-22,PRESIDENTE Y VICE,21,Santa Fe,13,Rosario,03505,,POSITIVO,positivo,675,PROVISORIO,2023_GENERAL_santafe_presidente_mesa.csv
2023,GENERAL,2023-10-22,PRESIDENTE Y VICE,21,Santa Fe,13,Rosario,03510,,POSITIVO,positivo,1640,PROVISORIO,2023_GENERAL_santafe_presidente_mesa.csv
2023,GENERAL,2023-10-22,PRESIDENTE Y VICE,21,Santa Fe,13,Rosario,03515,,POSITIVO,positivo,259,PROVISORIO,2023_GENERAL_santafe_presidente_mesa.csv
2023,GENERAL,2023-10-22,PRESIDENTE Y VICE,21,Santa Fe,13,Rosario,03520,,POSITIVO,positivo,24144,PROVISORIO,2023_GENERAL_santafe_presidente_mesa.csv
2023,GENERAL,2023-10-22,PRESIDENTE Y VICE,21,Santa Fe,13,Rosario,03550,,POSITIVO,positivo,28179,PROVISORIO,2023_GENERAL_santafe_presidente_mesa.csv
2023,GENERAL,2023-10-22,PRESIDENTE Y VICE,21,Santa Fe,13,Rosario,03555,,POSITIVO,positivo,4185,PROVISORIO,2023_GENERAL_santafe_presidente_mesa.csv
2023,GENERAL,2023-10-22,PRESIDENTE Y VICE,21,Santa Fe,13,Rosario,03560,,POSITIVO,positivo,13452,PROVISORIO,2023_GENERAL_santafe_presidente_mesa.csv
2023,GENERAL,2023-10-22,PRESIDENTE Y VICE,21,Santa Fe,13,Rosario,03565,,POSITIVO,positivo,7018,PROVISORIO,2023_GENERAL_santafe_presidente_mesa.csv
2023,GENERAL,2023-10-22,PRESIDENTE Y VICE,21,Santa Fe,13,Rosario,03570,,POSITIVO,positivo,2840,PROVISORIO,2023_GENERAL_santafe_presidente_mesa.csv
2023,GENERAL,2023-10-22,PRESIDENTE Y VICE,21,Santa Fe,13,Rosario,03580,,POSITIVO,positivo,1143,PROVISORIO,2023_GENERAL_santafe_presidente_mesa.csv
2023,GENERAL,2023-10-22,PRESIDENTE Y VICE,21,Santa Fe,13,Rosario,03585,,POSITIVO,positivo,742,PROVISORIO,2023_GENERAL_santafe_presidente_mesa.csv
2023,GENERAL,2023-10-22,PRESIDENTE Y VICE,21,Santa Fe,13,Rosario,03600,,POSITIVO,positivo,21234,PROVISORIO,2023_GENERAL_santafe_presidente_mesa.csv
2023,GENERAL,2023-10-22,PRESIDENTE Y VICE,21,Santa Fe,13,Rosario,03602,,POSITIVO,positivo,18705,PROVISORIO,2023_GENERAL_santafe_presidente_mesa.csv
2023,GENERAL,2023-10-22,PRESIDENTE Y VICE,21,Santa Fe,13,Rosario,03604,,POSITIVO,positivo,14404,PROVISORIO,2023_GENERAL_santafe_presidente_mesa.csv
2023,GENERAL,2023-10-22,PRESIDENTE Y VICE,21,Santa Fe,13,Rosario,03610,,POSITIVO,positivo,4536,PROVISORIO,2023_GENERAL_santafe_presidente_mesa.csv
2023,GENERAL,2023-10-22,PRESIDENTE Y VICE,21,Santa Fe,13,Rosario,03615,,POSITIVO,positivo,3491,PROVISORIO,2023_GENERAL_santafe_presidente_mesa.csv
2023,GENERAL,2023-10-22,PRESIDENTE Y VICE,21,Santa Fe,13,Rosario,03620,,POSITIVO,positivo,8073,PROVISORIO,2023_GENERAL_santafe_presidente_mesa.csv
2023,GENERAL,2023-10-22,PRESIDENTE Y VICE,21,Santa Fe,13,Rosario,03625,,POSITIVO,positivo,4136,PROVISORIO,2023_GENERAL_santafe_presidente_mesa.csv
2023,GENERAL,2023-10-22,PRESIDENTE Y VICE,21,Santa Fe,14,Caseros,03640,,POSITIVO,positivo,4749,PROVISORIO,2023_GENERAL_santafe_presidente_mesa.csv
2023,GENERAL,2023-10-22,PRESIDENTE Y VICE,21,Santa Fe,14,Caseros,03650,,POSITIVO,positivo,2183,PROVISORIO,2023_GENERAL_santafe_presidente_mesa.csv
2023,GENERAL,2023-10-22,PRESIDENTE Y VICE,21,Santa Fe,14,Caseros,03660,,POSITIVO,positivo,1315,PROVISORIO,2023_GENERAL_santafe_presidente_mesa.csv
2023,GENERAL,2023-10-22,PRESIDENTE Y VICE,21,Santa Fe,14,Caseros,03670,,POSITIVO,positivo,3620,PROVISORIO,2023_GENERAL_santafe_presidente_mesa.csv
2023,GENERAL,2023-10-22,PRESIDENTE Y VICE,21,Santa Fe,14,Caseros,03680,,POSITIVO,positivo,22973,PROVISORIO,2023_GENERAL_santafe_presidente_mesa.csv
2023,GENERAL,2023-10-22,PRESIDENTE Y VICE,21,Santa Fe,14,Caseros,03690,,POSITIVO,positivo,734,PROVISORIO,2023_GENERAL_santafe_presidente_mesa.csv
2023,GENERAL,2023-10-22,PRESIDENTE Y VICE,21,Santa Fe,14,Caseros,03700,,POSITIVO,positivo,4806,PROVISORIO,2023_GENERAL_santafe_presidente_mesa.csv
2023,GENERAL,2023-10-22,PRESIDENTE Y VICE,21,Santa Fe,14,Caseros,03710,,POSITIVO,positivo,3638,PROVISORIO,2023_GENERAL_santafe_presidente_mesa.csv
2023,GENERAL,2023-10-22,PRESIDENTE Y VICE,21,Santa Fe,14,Caseros,03720,,POSITIVO,positivo,1143,PROVISORIO,2023_GENERAL_santafe_presidente_mesa.csv
2023,GENERAL,2023-10-22,PRESIDENTE Y VICE,21,Santa Fe,14,Caseros,03730,,POSITIVO,positivo,1311,PROVISORIO,2023_GENERAL_santafe_presidente_mesa.csv
2023,GENERAL,2023-10-22,PRESIDENTE Y VICE,21,Santa Fe,14,Caseros,03740,,POSITIVO,positivo,1588,PROVISORIO,2023_GENERAL_santafe_presidente_mesa.csv
2023,GENERAL,2023-10-22,PRESIDENTE Y VICE,21,Santa Fe,14,Caseros,03750,,POSITIVO,positivo,4487,PROVISORIO,2023_GENERAL_santafe_presidente_mesa.csv
2023,GENERAL,2023-10-22,PRESIDENTE Y VICE,21,Santa Fe,14,Caseros,03755,,POSITIVO,positivo,75,PROVISORIO,2023_GENERAL_santafe_presidente_mesa.csv
2023,GENERAL,2023-10-22,PRESIDENTE Y VICE,21,Santa Fe,14,Caseros,03760,,POSITIVO,positivo,1197,PROVISORIO,2023_GENERAL_santafe_presidente_mesa.csv
2023,GENERAL,2023-10-22,PRESIDENTE Y VICE,21,Santa Fe,15,Constitución,03770,,POSITIVO,positivo,4928,PROVISORIO,2023_GENERAL_santafe_presidente_mesa.csv
2023,GENERAL,2023-10-22,PRESIDENTE Y VICE,21,Santa Fe,15,Constitución,03772,,POSITIVO,positivo,2376,PROVISORIO,2023_GENERAL_santafe_presidente_mesa.csv
2023,GENERAL,2023-10-22,PRESIDENTE Y VICE,21,Santa Fe,15,Constitución,03774,,POSITIVO,positivo,672,PROVISORIO,2023_GENERAL_santafe_presidente_mesa.csv
2023,GENERAL,2023-10-22,PRESIDENTE Y VICE,21,Santa Fe,15,Constitución,03780,,POSITIVO,positivo,281,PROVISORIO,2023_GENERAL_santafe_presidente_mesa.csv
2023,GENERAL,2023-10-22,PRESIDENTE Y VICE,21,Santa Fe,15,Constitución,03782,,POSITIVO,positivo,1022,PROVISORIO,2023_GENERAL_santafe_presidente_mesa.csv
2023,GENERAL,2023-10-22,PRESIDENTE Y VICE,21,Santa Fe,15,Constitución,03784,,POSITIVO,positivo,276,PROVISORIO,2023_GENERAL_santafe_presidente_mesa.csv
2023,GENERAL,2023-10-22,PRESIDENTE Y VICE,21,Santa Fe,15,Constitución,03786,,POSITIVO,positivo,752,PROVISORIO,2023_GENERAL_santafe_presidente_mesa.csv
2023,GENERAL,2023-10-22,PRESIDENTE Y VICE,21,Santa Fe,15,Constitución,03788,,POSITIVO,positivo,430,PROVISORIO,2023_GENERAL_santafe_presidente_mesa.csv
2023,GENERAL,2023-10-22,PRESIDENTE Y VICE,21,Santa Fe,15,Constitución,03790,,POSITIVO,positivo,994,PROVISORIO,2023_GENERAL_santafe_presidente_mesa.csv
2023,GENERAL,2023-10-22,PRESIDENTE Y VICE,21,Santa Fe,15,Constitución,03792,,POSITIVO,positivo,454,PROVISORIO,2023_GENERAL_santafe_presidente_mesa.csv
2023,GENERAL,2023-10-22,PRESIDENTE Y VICE,21,Santa Fe,15,Constitución,03794,,POSITIVO,positivo,510,PROVISORIO,2023_GENERAL_santafe_presidente_mesa.csv
2023,GENERAL,2023-10-22,PRESIDENTE Y VICE,21,Santa Fe,15,Constitución,03800,,POSITIVO,positivo,2192,PROVISORIO,2023_GENERAL_santafe_presidente_mesa.csv
2023,GENERAL,2023-10-22,PRESIDENTE Y VICE,21,Santa Fe,15,Constitución,03810,,POSITIVO,positivo,1316,PROVISORIO,2023_GENERAL_santafe_presidente_mesa.csv
2023,GENERAL,2023-10-22,PRESIDENTE Y VICE,21,Santa Fe,15,Constitución,03820,,POSITIVO,positivo,1367,PROVISORIO,2023_GENERAL_santafe_presidente_mesa.csv
2023,GENERAL,2023-10-22,PRESIDENTE Y VICE,21,Santa Fe,15,Constitución,03830,,POSITIVO,positivo,2269,PROVISORIO,2023_GENERAL_santafe_presidente_mesa.csv
2023,GENERAL,2023-10-22,PRESIDENTE Y VICE,21,Santa Fe,15,Constitución,03840,,POSITIVO,positivo,30875,PROVISORIO,2023_GENERAL_santafe_presidente_mesa.csv
2023,GENERAL,2023-10-22,PRESIDENTE Y VICE,21,Santa Fe,15,Constitución,03845,,POSITIVO,positivo,4947,PROVISORIO,2023_GENERAL_santafe_presidente_mesa.csv
2023,GENERAL,2023-10-22,PRESIDENTE Y VICE,21,Santa Fe,15,Constitución,03846,,POSITIVO,positivo,1908,PROVISORIO,2023_GENERAL_santafe_presidente_mesa.csv
2023,GENERAL,2023-10-22,PRESIDENTE Y VICE,21,Santa Fe,15,Constitución,03848,,POSITIVO,positivo,380,PROVISORIO,2023_GENERAL_santafe_presidente_mesa.csv
2023,GENERAL,2023-10-22,PRESIDENTE Y VICE,21,Santa Fe,16,General López,03850,,POSITIVO,positivo,901,PROVISORIO,2023_GENERAL_santafe_presidente_mesa.csv
2023,GENERAL,2023-10-22,PRESIDENTE Y VICE,21,Santa Fe,16,General López,03852,,POSITIVO,positivo,200,PROVISORIO,2023_GENERAL_santafe_presidente_mesa.csv
2023,GENERAL,2023-10-22,PRESIDENTE Y VICE,21,Santa Fe,16,General López,03854,,POSITIVO,positivo,303,PROVISORIO,2023_GENERAL_santafe_presidente_mesa.csv
2023,GENERAL,2023-10-22,PRESIDENTE Y VICE,21,Santa Fe,16,General López,03860,,POSITIVO,positivo,1139,PROVISORIO,2023_GENERAL_santafe_presidente_mesa.csv
2023,GENERAL,2023-10-22,PRESIDENTE Y VICE,21,Santa Fe,16,General López,03862,,POSITIVO,positivo,560,PROVISORIO,2023_GENERAL_santafe_presidente_mesa.csv
2023,GENERAL,2023-10-22,PRESIDENTE Y VICE,21,Santa Fe,16,General López,03864,,POSITIVO,positivo,2813,PROVISORIO,2023_GENERAL_santafe_presidente_mesa.csv
2023,GENERAL,2023-10-22,PRESIDENTE Y VICE,21,Santa Fe,16,General López,03870,,POSITIVO,positivo,1260,PROVISORIO,2023_GENERAL_santafe_presidente_mesa.csv
2023,GENERAL,2023-10-22,PRESIDENTE Y VICE,21,Santa Fe,16,General López,03880,,POSITIVO,positivo,1296,PROVISORIO,2023_GENERAL_santafe_presidente_mesa.csv
2023,GENERAL,2023-10-22,PRESIDENTE Y VICE,21,Santa Fe,16,General López,03885,,POSITIVO,positivo,174,PROVISORIO,2023_GENERAL_santafe_presidente_mesa.csv
2023,GENERAL,2023-10-22,PRESIDENTE Y VICE,21,Santa Fe,16,General López,03890,,POSITIVO,positivo,3749,PROVISORIO,2023_GENERAL_santafe_presidente_mesa.csv
2023,GENERAL,2023-10-22,PRESIDENTE Y VICE,21,Santa Fe,16,General López,03900,,POSITIVO,positivo,12707,PROVISORIO,2023_GENERAL_santafe_presidente_mesa.csv
2023,GENERAL,2023-10-22,PRESIDENTE Y VICE,21,Santa Fe,16,General López,03904,,POSITIVO,positivo,1539,PROVISORIO,2023_GENERAL_santafe_presidente_mesa.csv
2023,GENERAL,2023-10-22,PRESIDENTE Y VICE,21,Santa Fe,16,General López,03906,,POSITIVO,positivo,553,PROVISORIO,2023_GENERAL_santafe_presidente_mesa.csv
2023,GENERAL,2023-10-22,PRESIDENTE Y VICE,21,Santa Fe,16,General López,03908,,POSITIVO,positivo,307,PROVISORIO,2023_GENERAL_santafe_presidente_mesa.csv
2023,GENERAL,2023-10-22,PRESIDENTE Y VICE,21,Santa Fe,16,General López,03910,,POSITIVO,positivo,311,PROVISORIO,2023_GENERAL_santafe_presidente_mesa.csv
2023,GENERAL,2023-10-22,PRESIDENTE Y VICE,21,Santa Fe,16,General López,03915,,POSITIVO,positivo,1117,PROVISORIO,2023_GENERAL_santafe_presidente_mesa.csv
2023,GENERAL,2023-10-22,PRESIDENTE Y VICE,21,Santa Fe,16,General López,03920,,POSITIVO,positivo,1301,PROVISORIO,2023_GENERAL_santafe_presidente_mesa.csv
2023,GENERAL,2023-10-22,PRESIDENTE Y VICE,21,Santa Fe,16,General López,03930,,POSITIVO,positivo,1531,PROVISORIO,2023_GENERAL_santafe_presidente_mesa.csv
2023,GENERAL,2023-10-22,PRESIDENTE Y VICE,21,Santa Fe,16,General López,03935,,POSITIVO,positivo,653,PROVISORIO,2023_GENERAL_santafe_presidente_mesa.csv
2023,GENERAL,2023-10-22,PRESIDENTE Y VICE,21,Santa Fe,16,General López,03940,,POSITIVO,positivo,11776,PROVISORIO,2023_GENERAL_santafe_presidente_mesa.csv
2023,GENERAL,2023-10-22,PRESIDENTE Y VICE,21,Santa Fe,16,General López,03950,,POSITIVO,positivo,682,PROVISORIO,2023_GENERAL_santafe_presidente_mesa.csv
2023,GENERAL,2023-10-22,PRESIDENTE Y VICE,21,Santa Fe,16,General López,03955,,POSITIVO,positivo,2350,PROVISORIO,2023_GENERAL_santafe_presidente_mesa.csv
2023,GENERAL,2023-10-22,PRESIDENTE Y VICE,21,Santa Fe,16,General López,03960,,POSITIVO,positivo,3091,PROVISORIO,2023_GENERAL_santafe_presidente_mesa.csv
2023,GENERAL,2023-10-22,PRESIDENTE Y VICE,21,Santa Fe,16,General López,03965,,POSITIVO,positivo,499,PROVISORIO,2023_GENERAL_santafe_presidente_mesa.csv
2023,GENERAL,2023-10-22,PRESIDENTE Y VICE,21,Santa Fe,16,General López,03970,,POSITIVO,positivo,2934,PROVISORIO,2023_GENERAL_santafe_presidente_mesa.csv
2023,GENERAL,2023-10-22,PRESIDENTE Y VICE,21,Santa Fe,16,General López,03975,,POSITIVO,positivo,2772,PROVISORIO,2023_GENERAL_santafe_presidente_mesa.csv
2023,GENERAL,2023-10-22,PRESIDENTE Y VICE,21,Santa Fe,16,General López,03980,,POSITIVO,positivo,3758,PROVISORIO,2023_GENERAL_santafe_presidente_mesa.csv
2023,GENERAL,2023-10-22,PRESIDENTE Y VICE,21,Santa Fe,16,General López,03990,,POSITIVO,positivo,15850,PROVISORIO,2023_GENERAL_santafe_presidente_mesa.csv
2023,GENERAL,2023-10-22,PRESIDENTE Y VICE,21,Santa Fe,16,General López,03992,,POSITIVO,positivo,13890,PROVISORIO,2023_GENERAL_santafe_presidente_mesa.csv
2023,GENERAL,2023-10-22,PRESIDENTE Y VICE,21,Santa Fe,16,General López,03994,,POSITIVO,positivo,12017,PROVISORIO,2023_GENERAL_santafe_presidente_mesa.csv
2023,GENERAL,2023-10-22,PRESIDENTE Y VICE,21,Santa Fe,16,General López,03996,,POSITIVO,positivo,8332,PROVISORIO,2023_GENERAL_santafe_presidente_mesa.csv
2023,GENERAL,2023-10-22,PRESIDENTE Y VICE,21,Santa Fe,16,General López,04000,,POSITIVO,positivo,6080,PROVISORIO,2023_GENERAL_santafe_presidente_mesa.csv
2023,GENERAL,2023-10-22,PRESIDENTE Y VICE,21,Santa Fe,16,General López,04010,,POSITIVO,positivo,3824,PROVISORIO,2023_GENERAL_santafe_presidente_mesa.csv
2023,GENERAL,2023-10-22,PRESIDENTE Y VICE,21,Santa Fe,16,General López,04015,,POSITIVO,positivo,3015,PROVISORIO,2023_GENERAL_santafe_presidente_mesa.csv
2023,GENERAL,2023-10-22,PRESIDENTE Y VICE,21,Santa Fe,17,Belgrano,04020,,POSITIVO,positivo,8326,PROVISORIO,2023_GENERAL_santafe_presidente_mesa.csv
2023,GENERAL,2023-10-22,PRESIDENTE Y VICE,21,Santa Fe,17,Belgrano,04030,,POSITIVO,positivo,8565,PROVISORIO,2023_GENERAL_santafe_presidente_mesa.csv
2023,GENERAL,2023-10-22,PRESIDENTE Y VICE,21,Santa Fe,17,Belgrano,04040,,POSITIVO,positivo,8466,PROVISORIO,2023_GENERAL_santafe_presidente_mesa.csv
2023,GENERAL,2023-10-22,PRESIDENTE Y VICE,21,Santa Fe,17,Belgrano,04045,,POSITIVO,positivo,909,PROVISORIO,2023_GENERAL_santafe_presidente_mesa.csv
2023,GENERAL,2023-10-22,PRESIDENTE Y VICE,21,Santa Fe,17,Belgrano,04050,,POSITIVO,positivo,1888,PROVISORIO,2023_GENERAL_santafe_presidente_mesa.csv
2023,GENERAL,2023-10-22,PRESIDENTE Y VICE,21,Santa Fe,17,Belgrano,04060,,POSITIVO,positivo,1539,PROVISORIO,2023_GENERAL_santafe_presidente_mesa.csv
2023,GENERAL,2023-10-22,PRESIDENTE Y VICE,21,Santa Fe,18,Iriondo,04070,,POSITIVO,positivo,923,PROVISORIO,2023_GENERAL_santafe_presidente_mesa.csv
2023,GENERAL,2023-10-22,PRESIDENTE Y VICE,21,Santa Fe,18,Iriondo,04080,,POSITIVO,positivo,20047,PROVISORIO,2023_GENERAL_santafe_presidente_mesa.csv
2023,GENERAL,2023-10-22,PRESIDENTE Y VICE,21,Santa Fe,18,Iriondo,04090,,POSITIVO,positivo,763,PROVISORIO,2023_GENERAL_santafe_presidente_mesa.csv
2023,GENERAL,2023-10-22,PRESIDENTE Y VICE,21,Santa Fe,18,Iriondo,04100,,POSITIVO,positivo,3774,PROVISORIO,2023_GENERAL_santafe_presidente_mesa.csv
2023,GENERAL,2023-10-22,PRESIDENTE Y VICE,21,Santa Fe,18,Iriondo,04110,,POSITIVO,positivo,1575,PROVISORIO,2023_GENERAL_santafe_presidente_mesa.csv
2023,GENERAL,2023-10-22,PRESIDENTE Y VICE,21,Santa Fe,18,Iriondo,04115,,POSITIVO,positivo,322,PROVISORIO,2023_GENERAL_santafe_presidente_mesa.csv
2023,GENERAL,2023-10-22,PRESIDENTE Y VICE,21,Santa Fe,18,Iriondo,04120,,POSITIVO,positivo,3111,PROVISORIO,2023_GENERAL_santafe_presidente_mesa.csv
2023,GENERAL,2023-10-22,PRESIDENTE Y VICE,21,Santa Fe,18,Iriondo,04130,,POSITIVO,positivo,6906,PROVISORIO,2023_GENERAL_santafe_presidente_mesa.csv
2023,GENERAL,2023-10-22,PRESIDENTE Y VICE,21,Santa Fe,18,Iriondo,04132,,POSITIVO,positivo,507,PROVISORIO,2023_GENERAL_santafe_presidente_mesa.csv
2023,GENERAL,2023-10-22,PRESIDENTE Y VICE,21,Santa Fe,18,Iriondo,04134,,POSITIVO,positivo,33,PROVISORIO,2023_GENERAL_santafe_presidente_mesa.csv
2023,GENERAL,2023-10-22,PRESIDENTE Y VICE,21,Santa Fe,18,Iriondo,04140,,POSITIVO,positivo,2624,PROVISORIO,2023_GENERAL_santafe_presidente_mesa.csv
2023,GENERAL,2023-10-22,PRESIDENTE Y VICE,21,Santa Fe,18,Iriondo,04145,,POSITIVO,positivo,2153,PROVISORIO,2023_GENERAL_santafe_presidente_mesa.csv
2023,GENERAL,2023-10-22,PRESIDENTE Y VICE,21,Santa Fe,18,Iriondo,04150,,POSITIVO,positivo,2050,PROVISORIO,2023_GENERAL_santafe_presidente_mesa.csv
2023,GENERAL,2023-10-22,PRESIDENTE Y VICE,21,Santa Fe,19,San Lorenzo,04160,,POSITIVO,positivo,11183,PROVISORIO,2023_GENERAL_santafe_presidente_mesa.csv
2023,GENERAL,2023-10-22,PRESIDENTE Y VICE,21,Santa Fe,19,San Lorenzo,04170,,POSITIVO,positivo,17,PROVISORIO,2023_GENERAL_santafe_presidente_mesa.csv
2023,GENERAL,2023-10-22,PRESIDENTE Y VICE,21,Santa Fe,19,San Lorenzo,04172,,POSITIVO,positivo,1834,PROVISORIO,2023_GENERAL_santafe_presidente_mesa.csv
2023,GENERAL,2023-10-22,PRESIDENTE Y VICE,21,Santa Fe,19,San Lorenzo,04174,,POSITIVO,positivo,1590,PROVISORIO,2023_GENERAL_santafe_presidente_mesa.csv
2023,GENERAL,2023-10-22,PRESIDENTE Y VICE,21,Santa Fe,19,San Lorenzo,04180,,POSITIVO,positivo,4144,PROVISORIO,2023_GENERAL_santafe_presidente_mesa.csv
2023,GENERAL,2023-10-22,PRESIDENTE Y VICE,21,Santa Fe,19,San Lorenzo,04185,,POSITIVO,positivo,534,PROVISORIO,2023_GENERAL_santafe_presidente_mesa.csv
2023,GENERAL,2023-10-22,PRESIDENTE Y VICE,21,Santa Fe,19,San Lorenzo,04190,,POSITIVO,positivo,894,PROVISORIO,2023_GENERAL_santafe_presidente_mesa.csv
2023,GENERAL,2023-10-22,PRESIDENTE Y VICE,21,Santa Fe,19,San Lorenzo,04200,,POSITIVO,positivo,10728,PROVISORIO,2023_GENERAL_santafe_presidente_mesa.csv
2023,GENERAL,2023-10-22,PRESIDENTE Y VICE,21,Santa Fe,19,San Lorenzo,04205,,POSITIVO,positivo,18917,PROVISORIO,2023_GENERAL_santafe_presidente_mesa.csv
2023,GENERAL,2023-10-22,PRESIDENTE Y VICE,21,Santa Fe,19,San Lorenzo,04210,,POSITIVO,positivo,12849,PROVISORIO,2023_GENERAL_santafe_presidente_mesa.csv
2023,GENERAL,2023-10-22,PRESIDENTE Y VICE,21,Santa Fe,19,San Lorenzo,04220,,POSITIVO,positivo,2411,PROVISORIO,2023_GENERAL_santafe_presidente_mesa.csv
2023,GENERAL,2023-10-22,PRESIDENTE Y VICE,21,Santa Fe,19,San Lorenzo,04224,,POSITIVO,positivo,670,PROVISORIO,2023_GENERAL_santafe_presidente_mesa.csv
2023,GENERAL,2023-10-22,PRESIDENTE Y VICE,21,Santa Fe,19,San Lorenzo,04230,,POSITIVO,positivo,17454,PROVISORIO,2023_GENERAL_santafe_presidente_mesa.csv
2023,GENERAL,2023-10-22,PRESIDENTE Y VICE,21,Santa Fe,19,San Lorenzo,04240,,POSITIVO,positivo,1943,PROVISORIO,2023_GENERAL_santafe_presidente_mesa.csv
2023,GENERAL,2023-10-22,PRESIDENTE Y VICE,21,Santa Fe,19,San Lorenzo,04245,,POSITIVO,positivo,3125,PROVISORIO,2023_GENERAL_santafe_presidente_mesa.csv
2023,GENERAL,2023-10-22,PRESIDENTE Y VICE,21,Santa Fe,19,San Lorenzo,04250,,POSITIVO,positivo,30059,PROVISORIO,2023_GENERAL_santafe_presidente_mesa.csv
