anio,instancia,cargo,distrito_id,distrito,seccion_id,mesas,electores,votantes,agrupacion,lista,tipo_registro,votos,recuento_tipo,fuente,particion_comparable
2011,PASO,PRESIDENTE Y VICE,21,Santa Fe,1,102,34994,27395,DEL CAMPO POPULAR,,agrupacion,36,PROVISORIO,api_dine,no
2011,PASO,PRESIDENTE Y VICE,21,Santa Fe,1,102,34994,27395,COALICION CIVICA ARI,,agrupacion,899,PROVISORIO,api_dine,no
2011,PASO,PRESIDENTE Y VICE,21,Santa Fe,1,102,34994,27395,MOVIMIENTO DE ACCION VECINAL,,agrupacion,0,PROVISORIO,api_dine,no
2011,PASO,PRESIDENTE Y VICE,21,Santa Fe,1,102,34994,27395,ALIANZA FRENTE PARA LA VICTORIA,,agrupacion,8563,PROVISORIO,api_dine,no
2011,PASO,PRESIDENTE Y VICE,21,Santa Fe,1,102,34994,27395,ALIANZA FRENTE POPULAR,,agrupacion,5513,PROVISORIO,api_dine,no
2011,PASO,PRESIDENTE Y VICE,21,Santa Fe,1,102,34994,27395,ALIANZA COMPROMISO FEDERAL,,agrupacion,2210,PROVISORIO,api_dine,no
2011,PASO,PRESIDENTE Y VICE,21,Santa Fe,1,102,34994,27395,ALIANZA FRENTE AMPLIO PROGRESISTA,,agrupacion,6568,PROVISORIO,api_dine,no
2011,PASO,PRESIDENTE Y VICE,21,Santa Fe,1,102,34994,27395,ALIANZA FRENTE DE IZQUIERDA Y DE LOS TRABAJADORES,,agrupacion,273,PROVISORIO,api_dine,no
2011,PASO,PRESIDENTE Y VICE,21,Santa Fe,1,102,34994,27395,ALIANZA PROYECTO SUR,,agrupacion,97,PROVISORIO,api_dine,no
2011,PASO,PRESIDENTE Y VICE,21,Santa Fe,1,102,34994,27395,ALIANZA UNION PARA EL DESARROLLO SOCIAL - UDESO,,agrupacion,2383,PROVISORIO,api_dine,no
2011,PASO,PRESIDENTE Y VICE,21,Santa Fe,1,102,34994,27395,nulos,,nulos,145,PROVISORIO,api_dine,no
2011,PASO,PRESIDENTE Y VICE,21,Santa Fe,1,102,34994,27395,blancos,,blancos,707,PROVISORIO,api_dine,no
2011,PASO,PRESIDENTE Y VICE,21,Santa Fe,1,102,34994,27395,recurridos,,recurridos,1,PROVISORIO,api_dine,no
2011,PASO,PRESIDENTE Y VICE,21,Santa Fe,2,202,67183,52550,DEL CAMPO POPULAR,,agrupacion,116,PROVISORIO,api_dine,no
2011,PASO,PRESIDENTE Y VICE,21,Santa Fe,2,202,67183,52550,COALICION CIVICA ARI,,agrupacion,2053,PROVISORIO,api_dine,no
2011,PASO,PRESIDENTE Y VICE,21,Santa Fe,2,202,67183,52550,MOVIMIENTO DE ACCION VECINAL,,agrupacion,0,PROVISORIO,api_dine,no
2011,PASO,PRESIDENTE Y VICE,21,Santa Fe,2,202,67183,52550,ALIANZA FRENTE PARA LA VICTORIA,,agrupacion,13999,PROVISORIO,api_dine,no
2011,PASO,PRESIDENTE Y VICE,21,Santa Fe,2,202,67183,52550,ALIANZA FRENTE POPULAR,,agrupacion,11788,PROVISORIO,api_dine,no
2011,PASO,PRESIDENTE Y VICE,21,Santa Fe,2,202,67183,52550,ALIANZA COMPROMISO FEDERAL,,agrupacion,4330,PROVISORIO,api_dine,no
2011,PASO,PRESIDENTE Y VICE,21,Santa Fe,2,202,67183,52550,ALIANZA FRENTE AMPLIO PROGRESISTA,,agrupacion,13497,PROVISORIO,api_dine,no
2011,PASO,PRESIDENTE Y VICE,21,Santa Fe,2,202,67183,52550,ALIANZA FRENTE DE IZQUIERDA Y DE LOS TRABAJADORES,,agrupacion,744,PROVISORIO,api_dine,no
2011,PASO,PRESIDENTE Y VICE,21,Santa Fe,2,202,67183,52550,ALIANZA PROYECTO SUR,,agrupacion,438,PROVISORIO,api_dine,no
2011,PASO,PRESIDENTE Y VICE,21,Santa Fe,2,202,67183,52550,ALIANZA UNION PARA EL DESARROLLO SOCIAL - UDESO,,agrupacion,3941,PROVISORIO,api_dine,no
2011,PASO,PRESIDENTE Y VICE,21,Santa Fe,2,202,67183,52550,nulos,,nulos,523,PROVISORIO,api_dine,no
2011,PASO,PRESIDENTE Y VICE,21,Santa Fe,2,202,67183,52550,blancos,,blancos,1093,PROVISORIO,api_dine,no
2011,PASO,PRESIDENTE Y VICE,21,Santa Fe,2,202,67183,52550,recurridos,,recurridos,28,PROVISORIO,api_dine,no
2011,PASO,PRESIDENTE Y VICE,21,Santa Fe,3,397,129009,99162,DEL CAMPO POPULAR,,agrupacion,206,PROVISORIO,api_dine,no
2011,PASO,PRESIDENTE Y VICE,21,Santa Fe,3,397,129009,99162,COALICION CIVICA ARI,,agrupacion,3416,PROVISORIO,api_dine,no
2011,PASO,PRESIDENTE Y VICE,21,Santa Fe,3,397,129009,99162,MOVIMIENTO DE ACCION VECINAL,,agrupacion,14,PROVISORIO,api_dine,no
2011,PASO,PRESIDENTE Y VICE,21,Santa Fe,3,397,129009,99162,ALIANZA FRENTE PARA LA VICTORIA,,agrupacion,34119,PROVISORIO,api_dine,no
2011,PASO,PRESIDENTE Y VICE,21,Santa Fe,3,397,129009,99162,ALIANZA FRENTE POPULAR,,agrupacion,13295,PROVISORIO,api_dine,no
2011,PASO,PRESIDENTE Y VICE,21,Santa Fe,3,397,129009,99162,ALIANZA COMPROMISO FEDERAL,,agrupacion,5477,PROVISORIO,api_dine,no
2011,PASO,PRESIDENTE Y VICE,21,Santa Fe,3,397,129009,99162,ALIANZA FRENTE AMPLIO PROGRESISTA,,agrupacion,30841,PROVISORIO,api_dine,no
2011,PASO,PRESIDENTE Y VICE,21,Santa Fe,3,397,129009,99162,ALIANZA FRENTE DE IZQUIERDA Y DE LOS TRABAJADORES,,agrupacion,1050,PROVISORIO,api_dine,no
2011,PASO,PRESIDENTE Y VICE,21,Santa Fe,3,397,129009,99162,ALIANZA PROYECTO SUR,,agrupacion,389,PROVISORIO,api_dine,no
2011,PASO,PRESIDENTE Y VICE,21,Santa Fe,3,397,129009,99162,ALIANZA UNION PARA EL DESARROLLO SOCIAL - UDESO,,agrupacion,6889,PROVISORIO,api_dine,no
2011,PASO,PRESIDENTE Y VICE,21,Santa Fe,3,397,129009,99162,nulos,,nulos,1528,PROVISORIO,api_dine,no
2011,PASO,PRESIDENTE Y VICE,21,Santa Fe,3,397,129009,99162,blancos,,blancos,1779,PROVISORIO,api_dine,no
2011,PASO,PRESIDENTE Y VICE,21,Santa Fe,3,397,129009,99162,recurridos,,recurridos,159,PROVISORIO,api_dine,no
2011,PASO,PRESIDENTE Y VICE,21,Santa Fe,4,206,69561,54995,DEL CAMPO POPULAR,,agrupacion,69,PROVISORIO,api_dine,no
2011,PASO,PRESIDENTE Y VICE,21,Santa Fe,4,206,69561,54995,COALICION CIVICA ARI,,agrupacion,1571,PROVISORIO,api_dine,no
2011,PASO,PRESIDENTE Y VICE,21,Santa Fe,4,206,69561,54995,MOVIMIENTO DE ACCION VECINAL,,agrupacion,10,PROVISORIO,api_dine,no
2011,PASO,PRESIDENTE Y VICE,21,Santa Fe,4,206,69561,54995,ALIANZA FRENTE PARA LA VICTORIA,,agrupacion,20779,PROVISORIO,api_dine,no
2011,PASO,PRESIDENTE Y VICE,21,Santa Fe,4,206,69561,54995,ALIANZA FRENTE POPULAR,,agrupacion,6381,PROVISORIO,api_dine,no
2011,PASO,PRESIDENTE Y VICE,21,Santa Fe,4,206,69561,54995,ALIANZA COMPROMISO FEDERAL,,agrupacion,3606,PROVISORIO,api_dine,no
2011,PASO,PRESIDENTE Y VICE,21,Santa Fe,4,206,69561,54995,ALIANZA FRENTE AMPLIO PROGRESISTA,,agrupacion,15410,PROVISORIO,api_dine,no
2011,PASO,PRESIDENTE Y VICE,21,Santa Fe,4,206,69561,54995,ALIANZA FRENTE DE IZQUIERDA Y DE LOS TRABAJADORES,,agrupacion,635,PROVISORIO,api_dine,no
2011,PASO,PRESIDENTE Y VICE,21,Santa Fe,4,206,69561,54995,ALIANZA PROYECTO SUR,,agrupacion,292,PROVISORIO,api_dine,no
2011,PASO,PRESIDENTE Y VICE,21,Santa Fe,4,206,69561,54995,ALIANZA UNION PARA EL DESARROLLO SOCIAL - UDESO,,agrupacion,4166,PROVISORIO,api_dine,no
2011,PASO,PRESIDENTE Y VICE,21,Santa Fe,4,206,69561,54995,nulos,,nulos,634,PROVISORIO,api_dine,no
2011,PASO,PRESIDENTE Y VICE,21,Santa Fe,4,206,69561,54995,blancos,,blancos,846,PROVISORIO,api_dine,no
2011,PASO,PRESIDENTE Y VICE,21,Santa Fe,4,206,69561,54995,recurridos,,recurridos,596,PROVISORIO,api_dine,no
2011,PASO,PRESIDENTE Y VICE,21,Santa Fe,5,50,15682,11569,DEL CAMPO POPULAR,,agrupacion,31,PROVISORIO,api_dine,no
2011,PASO,PRESIDENTE Y VICE,21,Santa Fe,5,50,15682,11569,COALICION CIVICA ARI,,agrupacion,203,PROVISORIO,api_dine,no
2011,PASO,PRESIDENTE Y VICE,21,Santa Fe,5,50,15682,11569,MOVIMIENTO DE ACCION VECINAL,,agrupacion,27,PROVISORIO,api_dine,no
2011,PASO,PRESIDENTE Y VICE,21,Santa Fe,5,50,15682,11569,ALIANZA FRENTE PARA LA VICTORIA,,agrupacion,5818,PROVISORIO,api_dine,no
2011,PASO,PRESIDENTE Y VICE,21,Santa Fe,5,50,15682,11569,ALIANZA FRENTE POPULAR,,agrupacion,875,PROVISORIO,api_dine,no
2011,PASO,PRESIDENTE Y VICE,21,Santa Fe,5,50,15682,11569,ALIANZA COMPROMISO FEDERAL,,agrupacion,244,PROVISORIO,api_dine,no
2011,PASO,PRESIDENTE Y VICE,21,Santa Fe,5,50,15682,11569,ALIANZA FRENTE AMPLIO PROGRESISTA,,agrupacion,3096,PROVISORIO,api_dine,no
2011,PASO,PRESIDENTE Y VICE,21,Santa Fe,5,50,15682,11569,ALIANZA FRENTE DE IZQUIERDA Y DE LOS TRABAJADORES,,agrupacion,76,PROVISORIO,api_dine,no
2011,PASO,PRESIDENTE Y VICE,21,Santa Fe,5,50,15682,11569,ALIANZA PROYECTO SUR,,agrupacion,26,PROVISORIO,api_dine,no
2011,PASO,PRESIDENTE Y VICE,21,Santa Fe,5,50,15682,11569,ALIANZA UNION PARA EL DESARROLLO SOCIAL - UDESO,,agrupacion,860,PROVISORIO,api_dine,no
2011,PASO,PRESIDENTE Y VICE,21,Santa Fe,5,50,15682,11569,nulos,,nulos,129,PROVISORIO,api_dine,no
2011,PASO,PRESIDENTE Y VICE,21,Santa Fe,5,50,15682,11569,blancos,,blancos,184,PROVISORIO,api_dine,no
2011,PASO,PRESIDENTE Y VICE,21,Santa Fe,5,50,15682,11569,recurridos,,recurridos,0,PROVISORIO,api_dine,no
2011,PASO,PRESIDENTE Y VICE,21,Santa Fe,6,446,150259,112694,DEL CAMPO POPULAR,,agrupacion,167,PROVISORIO,api_dine,no
2011,PASO,PRESIDENTE Y VICE,21,Santa Fe,6,446,150259,112694,COALICION CIVICA ARI,,agrupacion,3370,PROVISORIO,api_dine,no
2011,PASO,PRESIDENTE Y VICE,21,Santa Fe,6,446,150259,112694,MOVIMIENTO DE ACCION VECINAL,,agrupacion,35,PROVISORIO,api_dine,no
2011,PASO,PRESIDENTE Y VICE,21,Santa Fe,6,446,150259,112694,ALIANZA FRENTE PARA LA VICTORIA,,agrupacion,36882,PROVISORIO,api_dine,no
2011,PASO,PRESIDENTE Y VICE,21,Santa Fe,6,446,150259,112694,ALIANZA FRENTE POPULAR,,agrupacion,17128,PROVISORIO,api_dine,no
2011,PASO,PRESIDENTE Y VICE,21,Santa Fe,6,446,150259,112694,ALIANZA COMPROMISO FEDERAL,,agrupacion,14127,PROVISORIO,api_dine,no
2011,PASO,PRESIDENTE Y VICE,21,Santa Fe,6,446,150259,112694,ALIANZA FRENTE AMPLIO PROGRESISTA,,agrupacion,26965,PROVISORIO,api_dine,no
2011,PASO,PRESIDENTE Y VICE,21,Santa Fe,6,446,150259,112694,ALIANZA FRENTE DE IZQUIERDA Y DE LOS TRABAJADORES,,agrupacion,981,PROVISORIO,api_dine,no
2011,PASO,PRESIDENTE Y VICE,21,Santa Fe,6,446,150259,112694,ALIANZA PROYECTO SUR,,agrupacion,445,PROVISORIO,api_dine,no
2011,PASO,PRESIDENTE Y VICE,21,Santa Fe,6,446,150259,112694,ALIANZA UNION PARA EL DESARROLLO SOCIAL - UDESO,,agrupacion,9572,PROVISORIO,api_dine,no
2011,PASO,PRESIDENTE Y VICE,21,Santa Fe,6,446,150259,112694,nulos,,nulos,1060,PROVISORIO,api_dine,no
2011,PASO,PRESIDENTE Y VICE,21,Santa Fe,6,446,150259,112694,blancos,,blancos,1671,PROVISORIO,api_dine,no
2011,PASO,PRESIDENTE Y VICE,21,Santa Fe,6,446,150259,112694,recurridos,,recurridos,291,PROVISORIO,api_dine,no
2011,PASO,PRESIDENTE Y VICE,21,Santa Fe,7,387,126957,93530,ALIANZA FRENTE POPULAR,,agrupacion,12008,PROVISORIO,api_dine,no
2011,PASO,PRESIDENTE Y VICE,21,Santa Fe,7,387,126957,93530,ALIANZA COMPROMISO FEDERAL,,agrupacion,2061,PROVISORIO,api_dine,no
2011,PASO,PRESIDENTE Y VICE,21,Santa Fe,7,387,126957,93530,ALIANZA FRENTE AMPLIO PROGRESISTA,,agrupacion,18182,PROVISORIO,api_dine,no
2011,PASO,PRESIDENTE Y VICE,21,Santa Fe,7,387,126957,93530,ALIANZA FRENTE DE IZQUIERDA Y DE LOS TRABAJADORES,,agrupacion,391,PROVISORIO,api_dine,no
2011,PASO,PRESIDENTE Y VICE,21,Santa Fe,7,387,126957,93530,ALIANZA PROYECTO SUR,,agrupacion,273,PROVISORIO,api_dine,no
2011,PASO,PRESIDENTE Y VICE,21,Santa Fe,7,387,126957,93530,ALIANZA UNION PARA EL DESARROLLO SOCIAL - UDESO,,agrupacion,14441,PROVISORIO,api_dine,no
2011,PASO,PRESIDENTE Y VICE,21,Santa Fe,7,387,126957,93530,DEL CAMPO POPULAR,,agrupacion,193,PROVISORIO,api_dine,no
2011,PASO,PRESIDENTE Y VICE,21,Santa Fe,7,387,126957,93530,COALICION CIVICA ARI,,agrupacion,2096,PROVISORIO,api_dine,no
2011,PASO,PRESIDENTE Y VICE,21,Santa Fe,7,387,126957,93530,MOVIMIENTO DE ACCION VECINAL,,agrupacion,150,PROVISORIO,api_dine,no
2011,PASO,PRESIDENTE Y VICE,21,Santa Fe,7,387,126957,93530,ALIANZA FRENTE PARA LA VICTORIA,,agrupacion,40748,PROVISORIO,api_dine,no
2011,PASO,PRESIDENTE Y VICE,21,Santa Fe,7,387,126957,93530,nulos,,nulos,1344,PROVISORIO,api_dine,no
2011,PASO,PRESIDENTE Y VICE,21,Santa Fe,7,387,126957,93530,blancos,,blancos,1617,PROVISORIO,api_dine,no
2011,PASO,PRESIDENTE Y VICE,21,Santa Fe,7,387,126957,93530,recurridos,,recurridos,26,PROVISORIO,api_dine,no
2011,PASO,PRESIDENTE Y VICE,21,Santa Fe,8,158,52753,40538,DEL CAMPO POPULAR,,agrupacion,86,PROVISORIO,api_dine,no
2011,PASO,PRESIDENTE Y VICE,21,Santa Fe,8,158,52753,40538,COALICION CIVICA ARI,,agrupacion,1321,PROVISORIO,api_dine,no
2011,PASO,PRESIDENTE Y VICE,21,Santa Fe,8,158,52753,40538,MOVIMIENTO DE ACCION VECINAL,,agrupacion,6,PROVISORIO,api_dine,no
2011,PASO,PRESIDENTE Y VICE,21,Santa Fe,8,158,52753,40538,ALIANZA FRENTE PARA LA VICTORIA,,agrupacion,14980,PROVISORIO,api_dine,no
2011,PASO,PRESIDENTE Y VICE,21,Santa Fe,8,158,52753,40538,ALIANZA FRENTE POPULAR,,agrupacion,5450,PROVISORIO,api_dine,no
2011,PASO,PRESIDENTE Y VICE,21,Santa Fe,8,158,52753,40538,ALIANZA COMPROMISO FEDERAL,,agrupacion,2326,PROVISORIO,api_dine,no
2011,PASO,PRESIDENTE Y VICE,21,Santa Fe,8,158,52753,40538,ALIANZA FRENTE AMPLIO PROGRESISTA,,agrupacion,11693,PROVISORIO,api_dine,no
2011,PASO,PRESIDENTE Y VICE,21,Santa Fe,8,158,52753,40538,ALIANZA FRENTE DE IZQUIERDA Y DE LOS TRABAJADORES,,agrupacion,512,PROVISORIO,api_dine,no
2011,PASO,PRESIDENTE Y VICE,21,Santa Fe,8,158,52753,40538,ALIANZA PROYECTO SUR,,agrupacion,246,PROVISORIO,api_dine,no
2011,PASO,PRESIDENTE Y VICE,21,Santa Fe,8,158,52753,40538,ALIANZA UNION PARA EL DESARROLLO SOCIAL - UDESO,,agrupacion,2616,PROVISORIO,api_dine,no
2011,PASO,PRESIDENTE Y VICE,21,Santa Fe,8,158,52753,40538,nulos,,nulos,291,PROVISORIO,api_dine,no
2011,PASO,PRESIDENTE Y VICE,21,Santa Fe,8,158,52753,40538,blancos,,blancos,1005,PROVISORIO,api_dine,no
2011,PASO,PRESIDENTE Y VICE,21,Santa Fe,8,158,52753,40538,recurridos,,recurridos,6,PROVISORIO,api_dine,no
2011,PASO,PRESIDENTE Y VICE,21,Santa Fe,9,837,288213,207080,DEL CAMPO POPULAR,,agrupacion,527,PROVISORIO,api_dine,no
2011,PASO,PRESIDENTE Y VICE,21,Santa Fe,9,837,288213,207080,COALICION CIVICA ARI,,agrupacion,8301,PROVISORIO,api_dine,no
2011,PASO,PRESIDENTE Y VICE,21,Santa Fe,9,837,288213,207080,MOVIMIENTO DE ACCION VECINAL,,agrupacion,663,PROVISORIO,api_dine,no
2011,PASO,PRESIDENTE Y VICE,21,Santa Fe,9,837,288213,207080,ALIANZA FRENTE PARA LA VICTORIA,,agrupacion,75862,PROVISORIO,api_dine,no
2011,PASO,PRESIDENTE Y VICE,21,Santa Fe,9,837,288213,207080,ALIANZA FRENTE POPULAR,,agrupacion,19616,PROVISORIO,api_dine,no
2011,PASO,PRESIDENTE Y VICE,21,Santa Fe,9,837,288213,207080,ALIANZA COMPROMISO FEDERAL,,agrupacion,7107,PROVISORIO,api_dine,no
2011,PASO,PRESIDENTE Y VICE,21,Santa Fe,9,837,288213,207080,ALIANZA FRENTE AMPLIO PROGRESISTA,,agrupacion,70769,PROVISORIO,api_dine,no
2011,PASO,PRESIDENTE Y VICE,21,Santa Fe,9,837,288213,207080,ALIANZA FRENTE DE IZQUIERDA Y DE LOS TRABAJADORES,,agrupacion,2812,PROVISORIO,api_dine,no
2011,PASO,PRESIDENTE Y VICE,21,Santa Fe,9,837,288213,207080,ALIANZA PROYECTO SUR,,agrupacion,1611,PROVISORIO,api_dine,no
2011,PASO,PRESIDENTE Y VICE,21,Santa Fe,9,837,288213,207080,ALIANZA UNION PARA EL DESARROLLO SOCIAL - UDESO,,agrupacion,11799,PROVISORIO,api_dine,no
2011,PASO,PRESIDENTE Y VICE,21,Santa Fe,9,837,288213,207080,nulos,,nulos,3756,PROVISORIO,api_dine,no
2011,PASO,PRESIDENTE Y VICE,21,Santa Fe,9,837,288213,207080,blancos,,blancos,2720,PROVISORIO,api_dine,no
2011,PASO,PRESIDENTE Y VICE,21,Santa Fe,9,837,288213,207080,recurridos,,recurridos,1537,PROVISORIO,api_dine,no
2011,PASO,PRESIDENTE Y VICE,21,Santa Fe,10,296,100797,74923,ALIANZA FRENTE PARA LA VICTORIA,,agrupacion,28432,PROVISORIO,api_dine,no
2011,PASO,PRESIDENTE Y VICE,21,Santa Fe,10,296,100797,74923,ALIANZA FRENTE POPULAR,,agrupacion,7814,PROVISORIO,api_dine,no
2011,PASO,PRESIDENTE Y VICE,21,Santa Fe,10,296,100797,74923,ALIANZA COMPROMISO FEDERAL,,agrupacion,2834,PROVISORIO,api_dine,no
2011,PASO,PRESIDENTE Y VICE,21,Santa Fe,10,296,100797,74923,ALIANZA FRENTE AMPLIO PROGRESISTA,,agrupacion,25508,PROVISORIO,api_dine,no
2011,PASO,PRESIDENTE Y VICE,21,Santa Fe,10,296,100797,74923,ALIANZA FRENTE DE IZQUIERDA Y DE LOS TRABAJADORES,,agrupacion,877,PROVISORIO,api_dine,no
2011,PASO,PRESIDENTE Y VICE,21,Santa Fe,10,296,100797,74923,ALIANZA PROYECTO SUR,,agrupacion,325,PROVISORIO,api_dine,no
2011,PASO,PRESIDENTE Y VICE,21,Santa Fe,10,296,100797,74923,ALIANZA UNION PARA EL DESARROLLO SOCIAL - UDESO,,agrupacion,3847,PROVISORIO,api_dine,no
2011,PASO,PRESIDENTE Y VICE,21,Santa Fe,10,296,100797,74923,DEL CAMPO POPULAR,,agrupacion,178,PROVISORIO,api_dine,no
2011,PASO,PRESIDENTE Y VICE,21,Santa Fe,10,296,100797,74923,COALICION CIVICA ARI,,agrupacion,2429,PROVISORIO,api_dine,no
2011,PASO,PRESIDENTE Y VICE,21,Santa Fe,10,296,100797,74923,MOVIMIENTO DE ACCION VECINAL,,agrupacion,256,PROVISORIO,api_dine,no
2011,PASO,PRESIDENTE Y VICE,21,Santa Fe,10,296,100797,74923,nulos,,nulos,1350,PROVISORIO,api_dine,no
2011,PASO,PRESIDENTE Y VICE,21,Santa Fe,10,296,100797,74923,blancos,,blancos,993,PROVISORIO,api_dine,no
2011,PASO,PRESIDENTE Y VICE,21,Santa Fe,10,296,100797,74923,recurridos,,recurridos,80,PROVISORIO,api_dine,no
2011,PASO,PRESIDENTE Y VICE,21,Santa Fe,11,244,77516,61794,DEL CAMPO POPULAR,,agrupacion,129,PROVISORIO,api_dine,no
2011,PASO,PRESIDENTE Y VICE,21,Santa Fe,11,244,77516,61794,COALICION CIVICA ARI,,agrupacion,2192,PROVISORIO,api_dine,no
2011,PASO,PRESIDENTE Y VICE,21,Santa Fe,11,244,77516,61794,MOVIMIENTO DE ACCION VECINAL,,agrupacion,127,PROVISORIO,api_dine,no
2011,PASO,PRESIDENTE Y VICE,21,Santa Fe,11,244,77516,61794,ALIANZA FRENTE PARA LA VICTORIA,,agrupacion,17111,PROVISORIO,api_dine,no
2011,PASO,PRESIDENTE Y VICE,21,Santa Fe,11,244,77516,61794,ALIANZA FRENTE POPULAR,,agrupacion,9753,PROVISORIO,api_dine,no
2011,PASO,PRESIDENTE Y VICE,21,Santa Fe,11,244,77516,61794,ALIANZA COMPROMISO FEDERAL,,agrupacion,3104,PROVISORIO,api_dine,no
2011,PASO,PRESIDENTE Y VICE,21,Santa Fe,11,244,77516,61794,ALIANZA FRENTE AMPLIO PROGRESISTA,,agrupacion,21321,PROVISORIO,api_dine,no
2011,PASO,PRESIDENTE Y VICE,21,Santa Fe,11,244,77516,61794,ALIANZA FRENTE DE IZQUIERDA Y DE LOS TRABAJADORES,,agrupacion,524,PROVISORIO,api_dine,no
2011,PASO,PRESIDENTE Y VICE,21,Santa Fe,11,244,77516,61794,ALIANZA PROYECTO SUR,,agrupacion,223,PROVISORIO,api_dine,no
2011,PASO,PRESIDENTE Y VICE,21,Santa Fe,11,244,77516,61794,ALIANZA UNION PARA EL DESARROLLO SOCIAL - UDESO,,agrupacion,4823,PROVISORIO,api_dine,no
2011,PASO,PRESIDENTE Y VICE,21,Santa Fe,11,244,77516,61794,nulos,,nulos,806,PROVISORIO,api_dine,no
2011,PASO,PRESIDENTE Y VICE,21,Santa Fe,11,244,77516,61794,blancos,,blancos,1486,PROVISORIO,api_dine,no
2011,PASO,PRESIDENTE Y VICE,21,Santa Fe,11,244,77516,61794,recurridos,,recurridos,195,PROVISORIO,api_dine,no
2011,PASO,PRESIDENTE Y VICE,21,Santa Fe,12,70,22209,15193,DEL CAMPO POPULAR,,agrupacion,54,PROVISORIO,api_dine,no
2011,PASO,PRESIDENTE Y VICE,21,Santa Fe,12,70,22209,15193,COALICION CIVICA ARI,,agrupacion,435,PROVISORIO,api_dine,no
2011,PASO,PRESIDENTE Y VICE,21,Santa Fe,12,70,22209,15193,MOVIMIENTO DE ACCION VECINAL,,agrupacion,26,PROVISORIO,api_dine,no
2011,PASO,PRESIDENTE Y VICE,21,Santa Fe,12,70,22209,15193,ALIANZA FRENTE PARA LA VICTORIA,,agrupacion,7460,PROVISORIO,api_dine,no
2011,PASO,PRESIDENTE Y VICE,21,Santa Fe,12,70,22209,15193,ALIANZA FRENTE POPULAR,,agrupacion,2002,PROVISORIO,api_dine,no
2011,PASO,PRESIDENTE Y VICE,21,Santa Fe,12,70,22209,15193,ALIANZA COMPROMISO FEDERAL,,agrupacion,413,PROVISORIO,api_dine,no
2011,PASO,PRESIDENTE Y VICE,21,Santa Fe,12,70,22209,15193,ALIANZA FRENTE AMPLIO PROGRESISTA,,agrupacion,3008,PROVISORIO,api_dine,no
2011,PASO,PRESIDENTE Y VICE,21,Santa Fe,12,70,22209,15193,ALIANZA FRENTE DE IZQUIERDA Y DE LOS TRABAJADORES,,agrupacion,49,PROVISORIO,api_dine,no
2011,PASO,PRESIDENTE Y VICE,21,Santa Fe,12,70,22209,15193,ALIANZA PROYECTO SUR,,agrupacion,49,PROVISORIO,api_dine,no
2011,PASO,PRESIDENTE Y VICE,21,Santa Fe,12,70,22209,15193,ALIANZA UNION PARA EL DESARROLLO SOCIAL - UDESO,,agrupacion,1302,PROVISORIO,api_dine,no
2011,PASO,PRESIDENTE Y VICE,21,Santa Fe,12,70,22209,15193,nulos,,nulos,180,PROVISORIO,api_dine,no
2011,PASO,PRESIDENTE Y VICE,21,Santa Fe,12,70,22209,15193,blancos,,blancos,206,PROVISORIO,api_dine,no
2011,PASO,PRESIDENTE Y VICE,21,Santa Fe,12,70,22209,15193,recurridos,,recurridos,9,PROVISORIO,api_dine,no
2011,PASO,PRESIDENTE Y VICE,21,Santa Fe,13,616,209315,154469,ALIANZA FRENTE DE IZQUIERDA Y DE LOS TRABAJADORES,,agrupacion,3651,PROVISORIO,api_dine,no
2011,PASO,PRESIDENTE Y VICE,21,Santa Fe,13,616,209315,154469,ALIANZA PROYECTO SUR,,agrupacion,2444,PROVISORIO,api_dine,no
2011,PASO,PRESIDENTE Y VICE,21,Santa Fe,13,616,209315,154469,ALIANZA UNION PARA EL DESARROLLO SOCIAL - UDESO,,agrupacion,7867,PROVISORIO,api_dine,no
2011,PASO,PRESIDENTE Y VICE,21,Santa Fe,13,616,209315,154469,DEL CAMPO POPULAR,,agrupacion,244,PROVISORIO,api_dine,no
2011,PASO,PRESIDENTE Y VICE,21,Santa Fe,13,616,209315,154469,COALICION CIVICA ARI,,agrupacion,7721,PROVISORIO,api_dine,no
2011,PASO,PRESIDENTE Y VICE,21,Santa Fe,13,616,209315,154469,MOVIMIENTO DE ACCION VECINAL,,agrupacion,55,PROVISORIO,api_dine,no
2011,PASO,PRESIDENTE Y VICE,21,Santa Fe,13,616,209315,154469,ALIANZA FRENTE PARA LA VICTORIA,,agrupacion,31184,PROVISORIO,api_dine,no
2011,PASO,PRESIDENTE Y VICE,21,Santa Fe,13,616,209315,154469,ALIANZA FRENTE POPULAR,,agrupacion,19106,PROVISORIO,api_dine,no
2011,PASO,PRESIDENTE Y VICE,21,Santa Fe,13,616,209315,154469,ALIANZA COMPROMISO FEDERAL,,agrupacion,6470,PROVISORIO,api_dine,no
2011,PASO,PRESIDENTE Y VICE,21,Santa Fe,13,616,209315,154469,ALIANZA FRENTE AMPLIO PROGRESISTA,,agrupacion,71493,PROVISORIO,api_dine,no
2011,PASO,PRESIDENTE Y VICE,21,Santa Fe,13,616,209315,154469,nulos,,nulos,1793,PROVISORIO,api_dine,no
2011,PASO,PRESIDENTE Y VICE,21,Santa Fe,13,616,209315,154469,blancos,,blancos,1858,PROVISORIO,api_dine,no
2011,PASO,PRESIDENTE Y VICE,21,Santa Fe,13,616,209315,154469,recurridos,,recurridos,583,PROVISORIO,api_dine,no
2011,PASO,PRESIDENTE Y VICE,21,Santa Fe,14,1497,520925,381139,DEL CAMPO POPULAR,,agrupacion,868,PROVISORIO,api_dine,no
2011,PASO,PRESIDENTE Y VICE,21,Santa Fe,14,1497,520925,381139,COALICION CIVICA ARI,,agrupacion,10822,PROVISORIO,api_dine,no
2011,PASO,PRESIDENTE Y VICE,21,Santa Fe,14,1497,520925,381139,MOVIMIENTO DE ACCION VECINAL,,agrupacion,390,PROVISORIO,api_dine,no
2011,PASO,PRESIDENTE Y VICE,21,Santa Fe,14,1497,520925,381139,ALIANZA FRENTE PARA LA VICTORIA,,agrupacion,148450,PROVISORIO,api_dine,no
2011,PASO,PRESIDENTE Y VICE,21,Santa Fe,14,1497,520925,381139,ALIANZA FRENTE POPULAR,,agrupacion,27301,PROVISORIO,api_dine,no
2011,PASO,PRESIDENTE Y VICE,21,Santa Fe,14,1497,520925,381139,ALIANZA COMPROMISO FEDERAL,,agrupacion,20525,PROVISORIO,api_dine,no
2011,PASO,PRESIDENTE Y VICE,21,Santa Fe,14,1497,520925,381139,ALIANZA FRENTE AMPLIO PROGRESISTA,,agrupacion,136198,PROVISORIO,api_dine,no
2011,PASO,PRESIDENTE Y VICE,21,Santa Fe,14,1497,520925,381139,ALIANZA FRENTE DE IZQUIERDA Y DE LOS TRABAJADORES,,agrupacion,6365,PROVISORIO,api_dine,no
2011,PASO,PRESIDENTE Y VICE,21,Santa Fe,14,1497,520925,381139,ALIANZA PROYECTO SUR,,agrupacion,3551,PROVISORIO,api_dine,no
2011,PASO,PRESIDENTE Y VICE,21,Santa Fe,14,1497,520925,381139,ALIANZA UNION PARA EL DESARROLLO SOCIAL - UDESO,,agrupacion,11231,PROVISORIO,api_dine,no
2011,PASO,PRESIDENTE Y VICE,21,Santa Fe,14,1497,520925,381139,nulos,,nulos,7583,PROVISORIO,api_dine,no
2011,PASO,PRESIDENTE Y VICE,21,Santa Fe,14,1497,520925,381139,blancos,,blancos,5816,PROVISORIO,api_dine,no
2011,PASO,PRESIDENTE Y VICE,21,Santa Fe,14,1497,520925,381139,recurridos,,recurridos,2039,PROVISORIO,api_dine,no
2011,PASO,PRESIDENTE Y VICE,21,Santa Fe,15,567,194061,149092,ALIANZA FRENTE POPULAR,,agrupacion,12901,PROVISORIO,api_dine,no
2011,PASO,PRESIDENTE Y VICE,21,Santa Fe,15,567,194061,149092,ALIANZA COMPROMISO FEDERAL,,agrupacion,8642,PROVISORIO,api_dine,no
2011,PASO,PRESIDENTE Y VICE,21,Santa Fe,15,567,194061,149092,ALIANZA FRENTE AMPLIO PROGRESISTA,,agrupacion,43483,PROVISORIO,api_dine,no
2011,PASO,PRESIDENTE Y VICE,21,Santa Fe,15,567,194061,149092,ALIANZA FRENTE DE IZQUIERDA Y DE LOS TRABAJADORES,,agrupacion,1755,PROVISORIO,api_dine,no
2011,PASO,PRESIDENTE Y VICE,21,Santa Fe,15,567,194061,149092,ALIANZA PROYECTO SUR,,agrupacion,941,PROVISORIO,api_dine,no
2011,PASO,PRESIDENTE Y VICE,21,Santa Fe,15,567,194061,149092,ALIANZA UNION PARA EL DESARROLLO SOCIAL - UDESO,,agrupacion,5790,PROVISORIO,api_dine,no
2011,PASO,PRESIDENTE Y VICE,21,Santa Fe,15,567,194061,149092,DEL CAMPO POPULAR,,agrupacion,310,PROVISORIO,api_dine,no
2011,PASO,PRESIDENTE Y VICE,21,Santa Fe,15,567,194061,149092,COALICION CIVICA ARI,,agrupacion,3566,PROVISORIO,api_dine,no
2011,PASO,PRESIDENTE Y VICE,21,Santa Fe,15,567,194061,149092,MOVIMIENTO DE ACCION VECINAL,,agrupacion,189,PROVISORIO,api_dine,no
2011,PASO,PRESIDENTE Y VICE,21,Santa Fe,15,567,194061,149092,ALIANZA FRENTE PARA LA VICTORIA,,agrupacion,66573,PROVISORIO,api_dine,no
2011,PASO,PRESIDENTE Y VICE,21,Santa Fe,15,567,194061,149092,nulos,,nulos,2005,PROVISORIO,api_dine,no
2011,PASO,PRESIDENTE Y VICE,21,Santa Fe,15,567,194061,149092,blancos,,blancos,2465,PROVISORIO,api_dine,no
2011,PASO,PRESIDENTE Y VICE,21,Santa Fe,15,567,194061,149092,recurridos,,recurridos,472,PROVISORIO,api_dine,no
2011,PASO,PRESIDENTE Y VICE,21,Santa Fe,16,170,52458,38547,DEL CAMPO POPULAR,,agrupacion,112,PROVISORIO,api_dine,no
2011,PASO,PRESIDENTE Y VICE,21,Santa Fe,16,170,52458,38547,COALICION CIVICA ARI,,agrupacion,867,PROVISORIO,api_dine,no
2011,PASO,PRESIDENTE Y VICE,21,Santa Fe,16,170,52458,38547,MOVIMIENTO DE ACCION VECINAL,,agrupacion,122,PROVISORIO,api_dine,no
2011,PASO,PRESIDENTE Y VICE,21,Santa Fe,16,170,52458,38547,ALIANZA FRENTE PARA LA VICTORIA,,agrupacion,16121,PROVISORIO,api_dine,no
2011,PASO,PRESIDENTE Y VICE,21,Santa Fe,16,170,52458,38547,ALIANZA FRENTE POPULAR,,agrupacion,4947,PROVISORIO,api_dine,no
2011,PASO,PRESIDENTE Y VICE,21,Santa Fe,16,170,52458,38547,ALIANZA COMPROMISO FEDERAL,,agrupacion,1357,PROVISORIO,api_dine,no
2011,PASO,PRESIDENTE Y VICE,21,Santa Fe,16,170,52458,38547,ALIANZA FRENTE AMPLIO PROGRESISTA,,agrupacion,7811,PROVISORIO,api_dine,no
2011,PASO,PRESIDENTE Y VICE,21,Santa Fe,16,170,52458,38547,ALIANZA FRENTE DE IZQUIERDA Y DE LOS TRABAJADORES,,agrupacion,281,PROVISORIO,api_dine,no
2011,PASO,PRESIDENTE Y VICE,21,Santa Fe,16,170,52458,38547,ALIANZA PROYECTO SUR,,agrupacion,99,PROVISORIO,api_dine,no
2011,PASO,PRESIDENTE Y VICE,21,Santa Fe,16,170,52458,38547,ALIANZA UNION PARA EL DESARROLLO SOCIAL - UDESO,,agrupacion,5761,PROVISORIO,api_dine,no
2011,PASO,PRESIDENTE Y VICE,21,Santa Fe,16,170,52458,38547,nulos,,nulos,350,PROVISORIO,api_dine,no
2011,PASO,PRESIDENTE Y VICE,21,Santa Fe,16,170,52458,38547,blancos,,blancos,557,PROVISORIO,api_dine,no
2011,PASO,PRESIDENTE Y VICE,21,Santa Fe,16,170,52458,38547,recurridos,,recurridos,162,PROVISORIO,api_dine,no
2011,PASO,PRESIDENTE Y VICE,21,Santa Fe,17,73,22679,16660,DEL CAMPO POPULAR,,agrupacion,29,PROVISORIO,api_dine,no
2011,PASO,PRESIDENTE Y VICE,21,Santa Fe,17,73,22679,16660,COALICION CIVICA ARI,,agrupacion,390,PROVISORIO,api_dine,no
2011,PASO,PRESIDENTE Y VICE,21,Santa Fe,17,73,22679,16660,MOVIMIENTO DE ACCION VECINAL,,agrupacion,15,PROVISORIO,api_dine,no
2011,PASO,PRESIDENTE Y VICE,21,Santa Fe,17,73,22679,16660,ALIANZA FRENTE PARA LA VICTORIA,,agrupacion,8289,PROVISORIO,api_dine,no
2011,PASO,PRESIDENTE Y VICE,21,Santa Fe,17,73,22679,16660,ALIANZA FRENTE POPULAR,,agrupacion,1711,PROVISORIO,api_dine,no
2011,PASO,PRESIDENTE Y VICE,21,Santa Fe,17,73,22679,16660,ALIANZA COMPROMISO FEDERAL,,agrupacion,334,PROVISORIO,api_dine,no
2011,PASO,PRESIDENTE Y VICE,21,Santa Fe,17,73,22679,16660,ALIANZA FRENTE AMPLIO PROGRESISTA,,agrupacion,3419,PROVISORIO,api_dine,no
2011,PASO,PRESIDENTE Y VICE,21,Santa Fe,17,73,22679,16660,ALIANZA FRENTE DE IZQUIERDA Y DE LOS TRABAJADORES,,agrupacion,78,PROVISORIO,api_dine,no
2011,PASO,PRESIDENTE Y VICE,21,Santa Fe,17,73,22679,16660,ALIANZA PROYECTO SUR,,agrupacion,43,PROVISORIO,api_dine,no
2011,PASO,PRESIDENTE Y VICE,21,Santa Fe,17,73,22679,16660,ALIANZA UNION PARA EL DESARROLLO SOCIAL - UDESO,,agrupacion,1878,PROVISORIO,api_dine,no
2011,PASO,PRESIDENTE Y VICE,21,Santa Fe,17,73,22679,16660,nulos,,nulos,200,PROVISORIO,api_dine,no
2011,PASO,PRESIDENTE Y VICE,21,Santa Fe,17,73,22679,16660,blancos,,blancos,272,PROVISORIO,api_dine,no
2011,PASO,PRESIDENTE Y VICE,21,Santa Fe,17,73,22679,16660,recurridos,,recurridos,2,PROVISORIO,api_dine,no
2011,PASO,PRESIDENTE Y VICE,21,Santa Fe,18,192,61760,47709,COALICION CIVICA ARI,,agrupacion,1231,PROVISORIO,api_dine,no
2011,PASO,PRESIDENTE Y VICE,21,Santa Fe,18,192,61760,47709,MOVIMIENTO DE ACCION VECINAL,,agrupacion,102,PROVISORIO,api_dine,no
2011,PASO,PRESIDENTE Y VICE,21,Santa Fe,18,192,61760,47709,ALIANZA FRENTE PARA LA VICTORIA,,agrupacion,19151,PROVISORIO,api_dine,no
2011,PASO,PRESIDENTE Y VICE,21,Santa Fe,18,192,61760,47709,ALIANZA FRENTE POPULAR,,agrupacion,5192,PROVISORIO,api_dine,no
2011,PASO,PRESIDENTE Y VICE,21,Santa Fe,18,192,61760,47709,ALIANZA COMPROMISO FEDERAL,,agrupacion,2030,PROVISORIO,api_dine,no
2011,PASO,PRESIDENTE Y VICE,21,Santa Fe,18,192,61760,47709,ALIANZA FRENTE AMPLIO PROGRESISTA,,agrupacion,14700,PROVISORIO,api_dine,no
2011,PASO,PRESIDENTE Y VICE,21,Santa Fe,18,192,61760,47709,ALIANZA FRENTE DE IZQUIERDA Y DE LOS TRABAJADORES,,agrupacion,393,PROVISORIO,api_dine,no
2011,PASO,PRESIDENTE Y VICE,21,Santa Fe,18,192,61760,47709,ALIANZA PROYECTO SUR,,agrupacion,141,PROVISORIO,api_dine,no
2011,PASO,PRESIDENTE Y VICE,21,Santa Fe,18,192,61760,47709,ALIANZA UNION PARA EL DESARROLLO SOCIAL - UDESO,,agrupacion,3123,PROVISORIO,api_dine,no
2011,PASO,PRESIDENTE Y VICE,21,Santa Fe,18,192,61760,47709,DEL CAMPO POPULAR,,agrupacion,79,PROVISORIO,api_dine,no
2011,PASO,PRESIDENTE Y VICE,21,Santa Fe,18,192,61760,47709,nulos,,nulos,566,PROVISORIO,api_dine,no
2011,PASO,PRESIDENTE Y VICE,21,Santa Fe,18,192,61760,47709,blancos,,blancos,889,PROVISORIO,api_dine,no
2011,PASO,PRESIDENTE Y VICE,21,Santa Fe,18,192,61760,47709,recurridos,,recurridos,112,PROVISORIO,api_dine,no
2011,PASO,PRESIDENTE Y VICE,21,Santa Fe,19,106,32297,24276,DEL CAMPO POPULAR,,agrupacion,40,PROVISORIO,api_dine,no
2011,PASO,PRESIDENTE Y VICE,21,Santa Fe,19,106,32297,24276,COALICION CIVICA ARI,,agrupacion,808,PROVISORIO,api_dine,no
2011,PASO,PRESIDENTE Y VICE,21,Santa Fe,19,106,32297,24276,MOVIMIENTO DE ACCION VECINAL,,agrupacion,51,PROVISORIO,api_dine,no
2011,PASO,PRESIDENTE Y VICE,21,Santa Fe,19,106,32297,24276,ALIANZA FRENTE PARA LA VICTORIA,,agrupacion,8395,PROVISORIO,api_dine,no
2011,PASO,PRESIDENTE Y VICE,21,Santa Fe,19,106,32297,24276,ALIANZA FRENTE POPULAR,,agrupacion,3836,PROVISORIO,api_dine,no
2011,PASO,PRESIDENTE Y VICE,21,Santa Fe,19,106,32297,24276,ALIANZA COMPROMISO FEDERAL,,agrupacion,870,PROVISORIO,api_dine,no
2011,PASO,PRESIDENTE Y VICE,21,Santa Fe,19,106,32297,24276,ALIANZA FRENTE AMPLIO PROGRESISTA,,agrupacion,6672,PROVISORIO,api_dine,no
2011,PASO,PRESIDENTE Y VICE,21,Santa Fe,19,106,32297,24276,ALIANZA FRENTE DE IZQUIERDA Y DE LOS TRABAJADORES,,agrupacion,185,PROVISORIO,api_dine,no
2011,PASO,PRESIDENTE Y VICE,21,Santa Fe,19,106,32297,24276,ALIANZA PROYECTO SUR,,agrupacion,77,PROVISORIO,api_dine,no
2011,PASO,PRESIDENTE Y VICE,21,Santa Fe,19,106,32297,24276,ALIANZA UNION PARA EL DESARROLLO SOCIAL - UDESO,,agrupacion,2534,PROVISORIO,api_dine,no
2011,PASO,PRESIDENTE Y VICE,21,Santa Fe,19,106,32297,24276,nulos,,nulos,264,PROVISORIO,api_dine,no
2011,PASO,PRESIDENTE Y VICE,21,Santa Fe,19,106,32297,24276,blancos,,blancos,527,PROVISORIO,api_dine,no
2011,PASO,PRESIDENTE Y VICE,21,Santa Fe,19,106,32297,24276,recurridos,,recurridos,17,PROVISORIO,api_dine,no
2011,PASO,PRESIDENTE Y VICE,21,Santa Fe,20,361,123326,96757,ALIANZA FRENTE DE IZQUIERDA Y DE LOS TRABAJADORES,,agrupacion,1668,PROVISORIO,api_dine,no
2011,PASO,PRESIDENTE Y VICE,21,Santa Fe,20,361,123326,96757,ALIANZA PROYECTO SUR,,agrupacion,579,PROVISORIO,api_dine,no
2011,PASO,PRESIDENTE Y VICE,21,Santa Fe,20,361,123326,96757,ALIANZA UNION PARA EL DESARROLLO SOCIAL - UDESO,,agrupacion,4801,PROVISORIO,api_dine,no
2011,PASO,PRESIDENTE Y VICE,21,Santa Fe,20,361,123326,96757,DEL CAMPO POPULAR,,agrupacion,173,PROVISORIO,api_dine,no
2011,PASO,PRESIDENTE Y VICE,21,Santa Fe,20,361,123326,96757,COALICION CIVICA ARI,,agrupacion,2769,PROVISORIO,api_dine,no
2011,PASO,PRESIDENTE Y VICE,21,Santa Fe,20,361,123326,96757,MOVIMIENTO DE ACCION VECINAL,,agrupacion,1,PROVISORIO,api_dine,no
2011,PASO,PRESIDENTE Y VICE,21,Santa Fe,20,361,123326,96757,ALIANZA FRENTE PARA LA VICTORIA,,agrupacion,38903,PROVISORIO,api_dine,no
2011,PASO,PRESIDENTE Y VICE,21,Santa Fe,20,361,123326,96757,ALIANZA FRENTE POPULAR,,agrupacion,8978,PROVISORIO,api_dine,no
2011,PASO,PRESIDENTE Y VICE,21,Santa Fe,20,361,123326,96757,ALIANZA COMPROMISO FEDERAL,,agrupacion,5523,PROVISORIO,api_dine,no
2011,PASO,PRESIDENTE Y VICE,21,Santa Fe,20,361,123326,96757,ALIANZA FRENTE AMPLIO PROGRESISTA,,agrupacion,30458,PROVISORIO,api_dine,no
2011,PASO,PRESIDENTE Y VICE,21,Santa Fe,20,361,123326,96757,nulos,,nulos,1294,PROVISORIO,api_dine,no
2011,PASO,PRESIDENTE Y VICE,21,Santa Fe,20,361,123326,96757,blancos,,blancos,1537,PROVISORIO,api_dine,no
2011,PASO,PRESIDENTE Y VICE,21,Santa Fe,20,361,123326,96757,recurridos,,recurridos,73,PROVISORIO,api_dine,no
2011,PASO,PRESIDENTE Y VICE,21,Santa Fe,21,149,49727,38931,ALIANZA FRENTE AMPLIO PROGRESISTA,,agrupacion,10960,PROVISORIO,api_dine,no
2011,PASO,PRESIDENTE Y VICE,21,Santa Fe,21,149,49727,38931,ALIANZA FRENTE DE IZQUIERDA Y DE LOS TRABAJADORES,,agrupacion,447,PROVISORIO,api_dine,no
2011,PASO,PRESIDENTE Y VICE,21,Santa Fe,21,149,49727,38931,ALIANZA PROYECTO SUR,,agrupacion,162,PROVISORIO,api_dine,no
2011,PASO,PRESIDENTE Y VICE,21,Santa Fe,21,149,49727,38931,ALIANZA UNION PARA EL DESARROLLO SOCIAL - UDESO,,agrupacion,3261,PROVISORIO,api_dine,no
2011,PASO,PRESIDENTE Y VICE,21,Santa Fe,21,149,49727,38931,DEL CAMPO POPULAR,,agrupacion,87,PROVISORIO,api_dine,no
2011,PASO,PRESIDENTE Y VICE,21,Santa Fe,21,149,49727,38931,COALICION CIVICA ARI,,agrupacion,1366,PROVISORIO,api_dine,no
2011,PASO,PRESIDENTE Y VICE,21,Santa Fe,21,149,49727,38931,MOVIMIENTO DE ACCION VECINAL,,agrupacion,160,PROVISORIO,api_dine,no
2011,PASO,PRESIDENTE Y VICE,21,Santa Fe,21,149,49727,38931,ALIANZA FRENTE PARA LA VICTORIA,,agrupacion,12526,PROVISORIO,api_dine,no
2011,PASO,PRESIDENTE Y VICE,21,Santa Fe,21,149,49727,38931,ALIANZA FRENTE POPULAR,,agrupacion,6036,PROVISORIO,api_dine,no
2011,PASO,PRESIDENTE Y VICE,21,Santa Fe,21,149,49727,38931,ALIANZA COMPROMISO FEDERAL,,agrupacion,2680,PROVISORIO,api_dine,no
2011,PASO,PRESIDENTE Y VICE,21,Santa Fe,21,149,49727,38931,nulos,,nulos,492,PROVISORIO,api_dine,no
2011,PASO,PRESIDENTE Y VICE,21,Santa Fe,21,149,49727,38931,blancos,,blancos,742,PROVISORIO,api_dine,no
2011,PASO,PRESIDENTE Y VICE,21,Santa Fe,21,149,49727,38931,recurridos,,recurridos,12,PROVISORIO,api_dine,no
2011,PASO,PRESIDENTE Y VICE,21,Santa Fe,22,123,38603,26053,DEL CAMPO POPULAR,,agrupacion,41,PROVISORIO,api_dine,no
2011,PASO,PRESIDENTE Y VICE,21,Santa Fe,22,123,38603,26053,COALICION CIVICA ARI,,agrupacion,564,PROVISORIO,api_dine,no
2011,PASO,PRESIDENTE Y VICE,21,Santa Fe,22,123,38603,26053,MOVIMIENTO DE ACCION VECINAL,,agrupacion,59,PROVISORIO,api_dine,no
2011,PASO,PRESIDENTE Y VICE,21,Santa Fe,22,123,38603,26053,ALIANZA FRENTE PARA LA VICTORIA,,agrupacion,12841,PROVISORIO,api_dine,no
2011,PASO,PRESIDENTE Y VICE,21,Santa Fe,22,123,38603,26053,ALIANZA FRENTE POPULAR,,agrupacion,3129,PROVISORIO,api_dine,no
2011,PASO,PRESIDENTE Y VICE,21,Santa Fe,22,123,38603,26053,ALIANZA COMPROMISO FEDERAL,,agrupacion,572,PROVISORIO,api_dine,no
2011,PASO,PRESIDENTE Y VICE,21,Santa Fe,22,123,38603,26053,ALIANZA FRENTE AMPLIO PROGRESISTA,,agrupacion,5470,PROVISORIO,api_dine,no
2011,PASO,PRESIDENTE Y VICE,21,Santa Fe,22,123,38603,26053,ALIANZA FRENTE DE IZQUIERDA Y DE LOS TRABAJADORES,,agrupacion,134,PROVISORIO,api_dine,no
2011,PASO,PRESIDENTE Y VICE,21,Santa Fe,22,123,38603,26053,ALIANZA PROYECTO SUR,,agrupacion,45,PROVISORIO,api_dine,no
2011,PASO,PRESIDENTE Y VICE,21,Santa Fe,22,123,38603,26053,ALIANZA UNION PARA EL DESARROLLO SOCIAL - UDESO,,agrupacion,2509,PROVISORIO,api_dine,no
2011,PASO,PRESIDENTE Y VICE,21,Santa Fe,22,123,38603,26053,nulos,,nulos,271,PROVISORIO,api_dine,no
2011,PASO,PRESIDENTE Y VICE,21,Santa Fe,22,123,38603,26053,blancos,,blancos,405,PROVISORIO,api_dine,no
2011,PASO,PRESIDENTE Y VICE,21,Santa Fe,22,123,38603,26053,recurridos,,recurridos,13,PROVISORIO,api_dine,no
2011,GENERAL,PRESIDENTE Y VICE,21,Santa Fe,1,98,33594,26865,Alianza Unión para el Desarrollo Social                                                             ,,agrupacion,2114,PROVISORIO,api_dine,no
2011,GENERAL,PRESIDENTE Y VICE,21,Santa Fe,1,98,33594,26865,Alianza Frente para la Victoria                                                                     ,,agrupacion,9980,PROVISORIO,api_dine,no
2011,GENERAL,PRESIDENTE Y VICE,21,Santa Fe,1,98,33594,26865,Alianza Frente Amplio Progresista                                                                   ,,agrupacion,8753,PROVISORIO,api_dine,no
2011,GENERAL,PRESIDENTE Y VICE,21,Santa Fe,1,98,33594,26865,Alianza Frente Popular                                                                              ,,agrupacion,2612,PROVISORIO,api_dine,no
2011,GENERAL,PRESIDENTE Y VICE,21,Santa Fe,1,98,33594,26865,Alianza Compromiso Federal                                                                          ,,agrupacion,1930,PROVISORIO,api_dine,no
2011,GENERAL,PRESIDENTE Y VICE,21,Santa Fe,1,98,33594,26865,Alianza Frente de Izquierda y de los Trabajadores                                                   ,,agrupacion,399,PROVISORIO,api_dine,no
2011,GENERAL,PRESIDENTE Y VICE,21,Santa Fe,1,98,33594,26865,Coalición Cívica - Afirmación para una República Igualitaria ARI                                    ,,agrupacion,413,PROVISORIO,api_dine,no
2011,GENERAL,PRESIDENTE Y VICE,21,Santa Fe,1,98,33594,26865,nulos,,nulos,75,PROVISORIO,api_dine,no
2011,GENERAL,PRESIDENTE Y VICE,21,Santa Fe,1,98,33594,26865,blancos,,blancos,575,PROVISORIO,api_dine,no
2011,GENERAL,PRESIDENTE Y VICE,21,Santa Fe,1,98,33594,26865,recurridos,,recurridos,14,PROVISORIO,api_dine,no
2011,GENERAL,PRESIDENTE Y VICE,21,Santa Fe,2,197,66123,52905,Alianza Frente Amplio Progresista                                                                   ,,agrupacion,19832,PROVISORIO,api_dine,no
2011,GENERAL,PRESIDENTE Y VICE,21,Santa Fe,2,197,66123,52905,Alianza Frente para la Victoria                                                                     ,,agrupacion,16596,PROVISORIO,api_dine,no
2011,GENERAL,PRESIDENTE Y VICE,21,Santa Fe,2,197,66123,52905,Alianza Unión para el Desarrollo Social                                                             ,,agrupacion,3910,PROVISORIO,api_dine,no
2011,GENERAL,PRESIDENTE Y VICE,21,Santa Fe,2,197,66123,52905,Coalición Cívica - Afirmación para una República Igualitaria ARI                                    ,,agrupacion,972,PROVISORIO,api_dine,no
2011,GENERAL,PRESIDENTE Y VICE,21,Santa Fe,2,197,66123,52905,Alianza Frente Popular                                                                              ,,agrupacion,5587,PROVISORIO,api_dine,no
2011,GENERAL,PRESIDENTE Y VICE,21,Santa Fe,2,197,66123,52905,Alianza Compromiso Federal                                                                          ,,agrupacion,3743,PROVISORIO,api_dine,no
2011,GENERAL,PRESIDENTE Y VICE,21,Santa Fe,2,197,66123,52905,Alianza Frente de Izquierda y de los Trabajadores                                                   ,,agrupacion,1004,PROVISORIO,api_dine,no
2011,GENERAL,PRESIDENTE Y VICE,21,Santa Fe,2,197,66123,52905,nulos,,nulos,394,PROVISORIO,api_dine,no
2011,GENERAL,PRESIDENTE Y VICE,21,Santa Fe,2,197,66123,52905,blancos,,blancos,866,PROVISORIO,api_dine,no
2011,GENERAL,PRESIDENTE Y VICE,21,Santa Fe,2,197,66123,52905,recurridos,,recurridos,1,PROVISORIO,api_dine,no
2011,GENERAL,PRESIDENTE Y VICE,21,Santa Fe,3,391,126959,96865,Alianza Frente Popular                                                                              ,,agrupacion,5121,PROVISORIO,api_dine,no
2011,GENERAL,PRESIDENTE Y VICE,21,Santa Fe,3,391,126959,96865,Alianza Compromiso Federal                                                                          ,,agrupacion,4801,PROVISORIO,api_dine,no
2011,GENERAL,PRESIDENTE Y VICE,21,Santa Fe,3,391,126959,96865,Alianza Frente de Izquierda y de los Trabajadores                                                   ,,agrupacion,1445,PROVISORIO,api_dine,no
2011,GENERAL,PRESIDENTE Y VICE,21,Santa Fe,3,391,126959,96865,Coalición Cívica - Afirmación para una República Igualitaria ARI                                    ,,agrupacion,1646,PROVISORIO,api_dine,no
2011,GENERAL,PRESIDENTE Y VICE,21,Santa Fe,3,391,126959,96865,Alianza Frente Amplio Progresista                                                                   ,,agrupacion,39504,PROVISORIO,api_dine,no
2011,GENERAL,PRESIDENTE Y VICE,21,Santa Fe,3,391,126959,96865,Alianza Unión para el Desarrollo Social                                                             ,,agrupacion,5504,PROVISORIO,api_dine,no
2011,GENERAL,PRESIDENTE Y VICE,21,Santa Fe,3,391,126959,96865,Alianza Frente para la Victoria                                                                     ,,agrupacion,36573,PROVISORIO,api_dine,no
2011,GENERAL,PRESIDENTE Y VICE,21,Santa Fe,3,391,126959,96865,nulos,,nulos,1078,PROVISORIO,api_dine,no
2011,GENERAL,PRESIDENTE Y VICE,21,Santa Fe,3,391,126959,96865,blancos,,blancos,1128,PROVISORIO,api_dine,no
2011,GENERAL,PRESIDENTE Y VICE,21,Santa Fe,3,391,126959,96865,recurridos,,recurridos,65,PROVISORIO,api_dine,no
2011,GENERAL,PRESIDENTE Y VICE,21,Santa Fe,4,205,69211,55285,Alianza Frente Amplio Progresista                                                                   ,,agrupacion,19028,PROVISORIO,api_dine,no
2011,GENERAL,PRESIDENTE Y VICE,21,Santa Fe,4,205,69211,55285,Alianza Frente para la Victoria                                                                     ,,agrupacion,23349,PROVISORIO,api_dine,no
2011,GENERAL,PRESIDENTE Y VICE,21,Santa Fe,4,205,69211,55285,Alianza Frente Popular                                                                              ,,agrupacion,2931,PROVISORIO,api_dine,no
2011,GENERAL,PRESIDENTE Y VICE,21,Santa Fe,4,205,69211,55285,Alianza Compromiso Federal                                                                          ,,agrupacion,3036,PROVISORIO,api_dine,no
2011,GENERAL,PRESIDENTE Y VICE,21,Santa Fe,4,205,69211,55285,Alianza Frente de Izquierda y de los Trabajadores                                                   ,,agrupacion,929,PROVISORIO,api_dine,no
2011,GENERAL,PRESIDENTE Y VICE,21,Santa Fe,4,205,69211,55285,Coalición Cívica - Afirmación para una República Igualitaria ARI                                    ,,agrupacion,764,PROVISORIO,api_dine,no
2011,GENERAL,PRESIDENTE Y VICE,21,Santa Fe,4,205,69211,55285,Alianza Unión para el Desarrollo Social                                                             ,,agrupacion,4146,PROVISORIO,api_dine,no
2011,GENERAL,PRESIDENTE Y VICE,21,Santa Fe,4,205,69211,55285,nulos,,nulos,371,PROVISORIO,api_dine,no
2011,GENERAL,PRESIDENTE Y VICE,21,Santa Fe,4,205,69211,55285,blancos,,blancos,713,PROVISORIO,api_dine,no
2011,GENERAL,PRESIDENTE Y VICE,21,Santa Fe,4,205,69211,55285,recurridos,,recurridos,18,PROVISORIO,api_dine,no
2011,GENERAL,PRESIDENTE Y VICE,21,Santa Fe,5,50,15682,11227,Alianza Frente de Izquierda y de los Trabajadores                                                   ,,agrupacion,126,PROVISORIO,api_dine,no
2011,GENERAL,PRESIDENTE Y VICE,21,Santa Fe,5,50,15682,11227,Alianza Frente Amplio Progresista                                                                   ,,agrupacion,3450,PROVISORIO,api_dine,no
2011,GENERAL,PRESIDENTE Y VICE,21,Santa Fe,5,50,15682,11227,Coalición Cívica - Afirmación para una República Igualitaria ARI                                    ,,agrupacion,108,PROVISORIO,api_dine,no
2011,GENERAL,PRESIDENTE Y VICE,21,Santa Fe,5,50,15682,11227,Alianza Frente Popular                                                                              ,,agrupacion,390,PROVISORIO,api_dine,no
2011,GENERAL,PRESIDENTE Y VICE,21,Santa Fe,5,50,15682,11227,Alianza Compromiso Federal                                                                          ,,agrupacion,255,PROVISORIO,api_dine,no
2011,GENERAL,PRESIDENTE Y VICE,21,Santa Fe,5,50,15682,11227,Alianza Frente para la Victoria                                                                     ,,agrupacion,5954,PROVISORIO,api_dine,no
2011,GENERAL,PRESIDENTE Y VICE,21,Santa Fe,5,50,15682,11227,Alianza Unión para el Desarrollo Social                                                             ,,agrupacion,687,PROVISORIO,api_dine,no
2011,GENERAL,PRESIDENTE Y VICE,21,Santa Fe,5,50,15682,11227,nulos,,nulos,91,PROVISORIO,api_dine,no
2011,GENERAL,PRESIDENTE Y VICE,21,Santa Fe,5,50,15682,11227,blancos,,blancos,148,PROVISORIO,api_dine,no
2011,GENERAL,PRESIDENTE Y VICE,21,Santa Fe,5,50,15682,11227,recurridos,,recurridos,18,PROVISORIO,api_dine,no
2011,GENERAL,PRESIDENTE Y VICE,21,Santa Fe,6,433,145880,112062,Alianza Compromiso Federal                                                                          ,,agrupacion,11182,PROVISORIO,api_dine,no
2011,GENERAL,PRESIDENTE Y VICE,21,Santa Fe,6,433,145880,112062,Alianza Frente de Izquierda y de los Trabajadores                                                   ,,agrupacion,1371,PROVISORIO,api_dine,no
2011,GENERAL,PRESIDENTE Y VICE,21,Santa Fe,6,433,145880,112062,Coalición Cívica - Afirmación para una República Igualitaria ARI                                    ,,agrupacion,1649,PROVISORIO,api_dine,no
2011,GENERAL,PRESIDENTE Y VICE,21,Santa Fe,6,433,145880,112062,Alianza Frente Popular                                                                              ,,agrupacion,7089,PROVISORIO,api_dine,no
2011,GENERAL,PRESIDENTE Y VICE,21,Santa Fe,6,433,145880,112062,Alianza Frente para la Victoria                                                                     ,,agrupacion,43256,PROVISORIO,api_dine,no
2011,GENERAL,PRESIDENTE Y VICE,21,Santa Fe,6,433,145880,112062,Alianza Frente Amplio Progresista                                                                   ,,agrupacion,37235,PROVISORIO,api_dine,no
2011,GENERAL,PRESIDENTE Y VICE,21,Santa Fe,6,433,145880,112062,Alianza Unión para el Desarrollo Social                                                             ,,agrupacion,8112,PROVISORIO,api_dine,no
2011,GENERAL,PRESIDENTE Y VICE,21,Santa Fe,6,433,145880,112062,nulos,,nulos,740,PROVISORIO,api_dine,no
2011,GENERAL,PRESIDENTE Y VICE,21,Santa Fe,6,433,145880,112062,blancos,,blancos,1385,PROVISORIO,api_dine,no
2011,GENERAL,PRESIDENTE Y VICE,21,Santa Fe,6,433,145880,112062,recurridos,,recurridos,43,PROVISORIO,api_dine,no
2011,GENERAL,PRESIDENTE Y VICE,21,Santa Fe,7,378,124853,90905,Alianza Frente de Izquierda y de los Trabajadores                                                   ,,agrupacion,713,PROVISORIO,api_dine,no
2011,GENERAL,PRESIDENTE Y VICE,21,Santa Fe,7,378,124853,90905,Alianza Frente Amplio Progresista                                                                   ,,agrupacion,25408,PROVISORIO,api_dine,no
2011,GENERAL,PRESIDENTE Y VICE,21,Santa Fe,7,378,124853,90905,Alianza Unión para el Desarrollo Social                                                             ,,agrupacion,11127,PROVISORIO,api_dine,no
2011,GENERAL,PRESIDENTE Y VICE,21,Santa Fe,7,378,124853,90905,Coalición Cívica - Afirmación para una República Igualitaria ARI                                    ,,agrupacion,950,PROVISORIO,api_dine,no
2011,GENERAL,PRESIDENTE Y VICE,21,Santa Fe,7,378,124853,90905,Alianza Frente Popular                                                                              ,,agrupacion,5675,PROVISORIO,api_dine,no
2011,GENERAL,PRESIDENTE Y VICE,21,Santa Fe,7,378,124853,90905,Alianza Compromiso Federal                                                                          ,,agrupacion,2150,PROVISORIO,api_dine,no
2011,GENERAL,PRESIDENTE Y VICE,21,Santa Fe,7,378,124853,90905,Alianza Frente para la Victoria                                                                     ,,agrupacion,43025,PROVISORIO,api_dine,no
2011,GENERAL,PRESIDENTE Y VICE,21,Santa Fe,7,378,124853,90905,nulos,,nulos,830,PROVISORIO,api_dine,no
2011,GENERAL,PRESIDENTE Y VICE,21,Santa Fe,7,378,124853,90905,blancos,,blancos,923,PROVISORIO,api_dine,no
2011,GENERAL,PRESIDENTE Y VICE,21,Santa Fe,7,378,124853,90905,recurridos,,recurridos,104,PROVISORIO,api_dine,no
2011,GENERAL,PRESIDENTE Y VICE,21,Santa Fe,8,156,52052,40905,Coalición Cívica - Afirmación para una República Igualitaria ARI                                    ,,agrupacion,734,PROVISORIO,api_dine,no
2011,GENERAL,PRESIDENTE Y VICE,21,Santa Fe,8,156,52052,40905,Alianza Frente Popular                                                                              ,,agrupacion,2602,PROVISORIO,api_dine,no
2011,GENERAL,PRESIDENTE Y VICE,21,Santa Fe,8,156,52052,40905,Alianza Compromiso Federal                                                                          ,,agrupacion,2015,PROVISORIO,api_dine,no
2011,GENERAL,PRESIDENTE Y VICE,21,Santa Fe,8,156,52052,40905,Alianza Frente de Izquierda y de los Trabajadores                                                   ,,agrupacion,808,PROVISORIO,api_dine,no
2011,GENERAL,PRESIDENTE Y VICE,21,Santa Fe,8,156,52052,40905,Alianza Frente para la Victoria                                                                     ,,agrupacion,16634,PROVISORIO,api_dine,no
2011,GENERAL,PRESIDENTE Y VICE,21,Santa Fe,8,156,52052,40905,Alianza Frente Amplio Progresista                                                                   ,,agrupacion,14488,PROVISORIO,api_dine,no
2011,GENERAL,PRESIDENTE Y VICE,21,Santa Fe,8,156,52052,40905,Alianza Unión para el Desarrollo Social                                                             ,,agrupacion,2618,PROVISORIO,api_dine,no
2011,GENERAL,PRESIDENTE Y VICE,21,Santa Fe,8,156,52052,40905,nulos,,nulos,195,PROVISORIO,api_dine,no
2011,GENERAL,PRESIDENTE Y VICE,21,Santa Fe,8,156,52052,40905,blancos,,blancos,802,PROVISORIO,api_dine,no
2011,GENERAL,PRESIDENTE Y VICE,21,Santa Fe,8,156,52052,40905,recurridos,,recurridos,9,PROVISORIO,api_dine,no
2011,GENERAL,PRESIDENTE Y VICE,21,Santa Fe,9,828,285448,209507,Alianza Frente Popular                                                                              ,,agrupacion,9718,PROVISORIO,api_dine,no
2011,GENERAL,PRESIDENTE Y VICE,21,Santa Fe,9,828,285448,209507,Alianza Compromiso Federal                                                                          ,,agrupacion,7486,PROVISORIO,api_dine,no
2011,GENERAL,PRESIDENTE Y VICE,21,Santa Fe,9,828,285448,209507,Alianza Frente de Izquierda y de los Trabajadores                                                   ,,agrupacion,3852,PROVISORIO,api_dine,no
2011,GENERAL,PRESIDENTE Y VICE,21,Santa Fe,9,828,285448,209507,Coalición Cívica - Afirmación para una República Igualitaria ARI                                    ,,agrupacion,4436,PROVISORIO,api_dine,no
2011,GENERAL,PRESIDENTE Y VICE,21,Santa Fe,9,828,285448,209507,Alianza Frente Amplio Progresista                                                                   ,,agrupacion,81208,PROVISORIO,api_dine,no
2011,GENERAL,PRESIDENTE Y VICE,21,Santa Fe,9,828,285448,209507,Alianza Unión para el Desarrollo Social                                                             ,,agrupacion,10235,PROVISORIO,api_dine,no
2011,GENERAL,PRESIDENTE Y VICE,21,Santa Fe,9,828,285448,209507,Alianza Frente para la Victoria                                                                     ,,agrupacion,86859,PROVISORIO,api_dine,no
2011,GENERAL,PRESIDENTE Y VICE,21,Santa Fe,9,828,285448,209507,nulos,,nulos,3015,PROVISORIO,api_dine,no
2011,GENERAL,PRESIDENTE Y VICE,21,Santa Fe,9,828,285448,209507,blancos,,blancos,2281,PROVISORIO,api_dine,no
2011,GENERAL,PRESIDENTE Y VICE,21,Santa Fe,9,828,285448,209507,recurridos,,recurridos,417,PROVISORIO,api_dine,no
2011,GENERAL,PRESIDENTE Y VICE,21,Santa Fe,10,292,99417,73606,Alianza Frente de Izquierda y de los Trabajadores                                                   ,,agrupacion,1161,PROVISORIO,api_dine,no
2011,GENERAL,PRESIDENTE Y VICE,21,Santa Fe,10,292,99417,73606,Alianza Frente Popular                                                                              ,,agrupacion,3598,PROVISORIO,api_dine,no
2011,GENERAL,PRESIDENTE Y VICE,21,Santa Fe,10,292,99417,73606,Coalición Cívica - Afirmación para una República Igualitaria ARI                                    ,,agrupacion,1233,PROVISORIO,api_dine,no
2011,GENERAL,PRESIDENTE Y VICE,21,Santa Fe,10,292,99417,73606,Alianza Frente Amplio Progresista                                                                   ,,agrupacion,28351,PROVISORIO,api_dine,no
2011,GENERAL,PRESIDENTE Y VICE,21,Santa Fe,10,292,99417,73606,Alianza Frente para la Victoria                                                                     ,,agrupacion,31283,PROVISORIO,api_dine,no
2011,GENERAL,PRESIDENTE Y VICE,21,Santa Fe,10,292,99417,73606,Alianza Compromiso Federal                                                                          ,,agrupacion,2600,PROVISORIO,api_dine,no
2011,GENERAL,PRESIDENTE Y VICE,21,Santa Fe,10,292,99417,73606,Alianza Unión para el Desarrollo Social                                                             ,,agrupacion,3531,PROVISORIO,api_dine,no
2011,GENERAL,PRESIDENTE Y VICE,21,Santa Fe,10,292,99417,73606,nulos,,nulos,971,PROVISORIO,api_dine,no
2011,GENERAL,PRESIDENTE Y VICE,21,Santa Fe,10,292,99417,73606,blancos,,blancos,863,PROVISORIO,api_dine,no
2011,GENERAL,PRESIDENTE Y VICE,21,Santa Fe,10,292,99417,73606,recurridos,,recurridos,15,PROVISORIO,api_dine,no
2011,GENERAL,PRESIDENTE Y VICE,21,Santa Fe,11,242,76816,59498,Alianza Frente para la Victoria                                                                     ,,agrupacion,18472,PROVISORIO,api_dine,no
2011,GENERAL,PRESIDENTE Y VICE,21,Santa Fe,11,242,76816,59498,Alianza Frente Popular                                                                              ,,agrupacion,4152,PROVISORIO,api_dine,no
2011,GENERAL,PRESIDENTE Y VICE,21,Santa Fe,11,242,76816,59498,Alianza Compromiso Federal                                                                          ,,agrupacion,2702,PROVISORIO,api_dine,no
2011,GENERAL,PRESIDENTE Y VICE,21,Santa Fe,11,242,76816,59498,Alianza Frente de Izquierda y de los Trabajadores                                                   ,,agrupacion,800,PROVISORIO,api_dine,no
2011,GENERAL,PRESIDENTE Y VICE,21,Santa Fe,11,242,76816,59498,Coalición Cívica - Afirmación para una República Igualitaria ARI                                    ,,agrupacion,974,PROVISORIO,api_dine,no
2011,GENERAL,PRESIDENTE Y VICE,21,Santa Fe,11,242,76816,59498,Alianza Unión para el Desarrollo Social                                                             ,,agrupacion,3999,PROVISORIO,api_dine,no
2011,GENERAL,PRESIDENTE Y VICE,21,Santa Fe,11,242,76816,59498,Alianza Frente Amplio Progresista                                                                   ,,agrupacion,26879,PROVISORIO,api_dine,no
2011,GENERAL,PRESIDENTE Y VICE,21,Santa Fe,11,242,76816,59498,nulos,,nulos,510,PROVISORIO,api_dine,no
2011,GENERAL,PRESIDENTE Y VICE,21,Santa Fe,11,242,76816,59498,blancos,,blancos,1008,PROVISORIO,api_dine,no
2011,GENERAL,PRESIDENTE Y VICE,21,Santa Fe,11,242,76816,59498,recurridos,,recurridos,2,PROVISORIO,api_dine,no
2011,GENERAL,PRESIDENTE Y VICE,21,Santa Fe,12,69,21858,13183,Alianza Frente de Izquierda y de los Trabajadores                                                   ,,agrupacion,99,PROVISORIO,api_dine,no
2011,GENERAL,PRESIDENTE Y VICE,21,Santa Fe,12,69,21858,13183,Coalición Cívica - Afirmación para una República Igualitaria ARI                                    ,,agrupacion,222,PROVISORIO,api_dine,no
2011,GENERAL,PRESIDENTE Y VICE,21,Santa Fe,12,69,21858,13183,Alianza Frente Popular                                                                              ,,agrupacion,821,PROVISORIO,api_dine,no
2011,GENERAL,PRESIDENTE Y VICE,21,Santa Fe,12,69,21858,13183,Alianza Compromiso Federal                                                                          ,,agrupacion,403,PROVISORIO,api_dine,no
2011,GENERAL,PRESIDENTE Y VICE,21,Santa Fe,12,69,21858,13183,Alianza Frente Amplio Progresista                                                                   ,,agrupacion,3535,PROVISORIO,api_dine,no
2011,GENERAL,PRESIDENTE Y VICE,21,Santa Fe,12,69,21858,13183,Alianza Frente para la Victoria                                                                     ,,agrupacion,6698,PROVISORIO,api_dine,no
2011,GENERAL,PRESIDENTE Y VICE,21,Santa Fe,12,69,21858,13183,Alianza Unión para el Desarrollo Social                                                             ,,agrupacion,1201,PROVISORIO,api_dine,no
2011,GENERAL,PRESIDENTE Y VICE,21,Santa Fe,12,69,21858,13183,nulos,,nulos,90,PROVISORIO,api_dine,no
2011,GENERAL,PRESIDENTE Y VICE,21,Santa Fe,12,69,21858,13183,blancos,,blancos,113,PROVISORIO,api_dine,no
2011,GENERAL,PRESIDENTE Y VICE,21,Santa Fe,12,69,21858,13183,recurridos,,recurridos,1,PROVISORIO,api_dine,no
2011,GENERAL,PRESIDENTE Y VICE,21,Santa Fe,13,614,208615,158216,Alianza Frente Popular                                                                              ,,agrupacion,7402,PROVISORIO,api_dine,no
2011,GENERAL,PRESIDENTE Y VICE,21,Santa Fe,13,614,208615,158216,Alianza Compromiso Federal                                                                          ,,agrupacion,6329,PROVISORIO,api_dine,no
2011,GENERAL,PRESIDENTE Y VICE,21,Santa Fe,13,614,208615,158216,Alianza Frente de Izquierda y de los Trabajadores                                                   ,,agrupacion,3576,PROVISORIO,api_dine,no
2011,GENERAL,PRESIDENTE Y VICE,21,Santa Fe,13,614,208615,158216,Coalición Cívica - Afirmación para una República Igualitaria ARI                                    ,,agrupacion,4473,PROVISORIO,api_dine,no
2011,GENERAL,PRESIDENTE Y VICE,21,Santa Fe,13,614,208615,158216,Alianza Frente para la Victoria                                                                     ,,agrupacion,37623,PROVISORIO,api_dine,no
2011,GENERAL,PRESIDENTE Y VICE,21,Santa Fe,13,614,208615,158216,Alianza Unión para el Desarrollo Social                                                             ,,agrupacion,6788,PROVISORIO,api_dine,no
2011,GENERAL,PRESIDENTE Y VICE,21,Santa Fe,13,614,208615,158216,Alianza Frente Amplio Progresista                                                                   ,,agrupacion,88396,PROVISORIO,api_dine,no
2011,GENERAL,PRESIDENTE Y VICE,21,Santa Fe,13,614,208615,158216,nulos,,nulos,1601,PROVISORIO,api_dine,no
2011,GENERAL,PRESIDENTE Y VICE,21,Santa Fe,13,614,208615,158216,blancos,,blancos,1948,PROVISORIO,api_dine,no
2011,GENERAL,PRESIDENTE Y VICE,21,Santa Fe,13,614,208615,158216,recurridos,,recurridos,80,PROVISORIO,api_dine,no
2011,GENERAL,PRESIDENTE Y VICE,21,Santa Fe,14,1488,517773,396732,Alianza Compromiso Federal                                                                          ,,agrupacion,18253,PROVISORIO,api_dine,no
2011,GENERAL,PRESIDENTE Y VICE,21,Santa Fe,14,1488,517773,396732,Alianza Frente Popular                                                                              ,,agrupacion,12266,PROVISORIO,api_dine,no
2011,GENERAL,PRESIDENTE Y VICE,21,Santa Fe,14,1488,517773,396732,Coalición Cívica - Afirmación para una República Igualitaria ARI                                    ,,agrupacion,5886,PROVISORIO,api_dine,no
2011,GENERAL,PRESIDENTE Y VICE,21,Santa Fe,14,1488,517773,396732,Alianza Frente Amplio Progresista                                                                   ,,agrupacion,155117,PROVISORIO,api_dine,no
2011,GENERAL,PRESIDENTE Y VICE,21,Santa Fe,14,1488,517773,396732,Alianza Frente para la Victoria                                                                     ,,agrupacion,174415,PROVISORIO,api_dine,no
2011,GENERAL,PRESIDENTE Y VICE,21,Santa Fe,14,1488,517773,396732,Alianza Unión para el Desarrollo Social                                                             ,,agrupacion,11433,PROVISORIO,api_dine,no
2011,GENERAL,PRESIDENTE Y VICE,21,Santa Fe,14,1488,517773,396732,Alianza Frente de Izquierda y de los Trabajadores                                                   ,,agrupacion,7754,PROVISORIO,api_dine,no
2011,GENERAL,PRESIDENTE Y VICE,21,Santa Fe,14,1488,517773,396732,nulos,,nulos,6245,PROVISORIO,api_dine,no
2011,GENERAL,PRESIDENTE Y VICE,21,Santa Fe,14,1488,517773,396732,blancos,,blancos,4976,PROVISORIO,api_dine,no
2011,GENERAL,PRESIDENTE Y VICE,21,Santa Fe,14,1488,517773,396732,recurridos,,recurridos,387,PROVISORIO,api_dine,no
2011,GENERAL,PRESIDENTE Y VICE,21,Santa Fe,15,562,192309,153722,Alianza Frente de Izquierda y de los Trabajadores                                                   ,,agrupacion,2629,PROVISORIO,api_dine,no
2011,GENERAL,PRESIDENTE Y VICE,21,Santa Fe,15,562,192309,153722,Alianza Compromiso Federal                                                                          ,,agrupacion,7407,PROVISORIO,api_dine,no
2011,GENERAL,PRESIDENTE Y VICE,21,Santa Fe,15,562,192309,153722,Alianza Frente Popular                                                                              ,,agrupacion,5606,PROVISORIO,api_dine,no
2011,GENERAL,PRESIDENTE Y VICE,21,Santa Fe,15,562,192309,153722,Alianza Frente Amplio Progresista                                                                   ,,agrupacion,50900,PROVISORIO,api_dine,no
2011,GENERAL,PRESIDENTE Y VICE,21,Santa Fe,15,562,192309,153722,Alianza Frente para la Victoria                                                                     ,,agrupacion,75525,PROVISORIO,api_dine,no
2011,GENERAL,PRESIDENTE Y VICE,21,Santa Fe,15,562,192309,153722,Alianza Unión para el Desarrollo Social                                                             ,,agrupacion,5936,PROVISORIO,api_dine,no
2011,GENERAL,PRESIDENTE Y VICE,21,Santa Fe,15,562,192309,153722,Coalición Cívica - Afirmación para una República Igualitaria ARI                                    ,,agrupacion,1802,PROVISORIO,api_dine,no
2011,GENERAL,PRESIDENTE Y VICE,21,Santa Fe,15,562,192309,153722,nulos,,nulos,1465,PROVISORIO,api_dine,no
2011,GENERAL,PRESIDENTE Y VICE,21,Santa Fe,15,562,192309,153722,blancos,,blancos,2372,PROVISORIO,api_dine,no
2011,GENERAL,PRESIDENTE Y VICE,21,Santa Fe,15,562,192309,153722,recurridos,,recurridos,80,PROVISORIO,api_dine,no
2011,GENERAL,PRESIDENTE Y VICE,21,Santa Fe,16,168,52029,35071,Alianza Frente Amplio Progresista                                                                   ,,agrupacion,10328,PROVISORIO,api_dine,no
2011,GENERAL,PRESIDENTE Y VICE,21,Santa Fe,16,168,52029,35071,Coalición Cívica - Afirmación para una República Igualitaria ARI                                    ,,agrupacion,386,PROVISORIO,api_dine,no
2011,GENERAL,PRESIDENTE Y VICE,21,Santa Fe,16,168,52029,35071,Alianza Frente Popular                                                                              ,,agrupacion,1918,PROVISORIO,api_dine,no
2011,GENERAL,PRESIDENTE Y VICE,21,Santa Fe,16,168,52029,35071,Alianza Compromiso Federal                                                                          ,,agrupacion,997,PROVISORIO,api_dine,no
2011,GENERAL,PRESIDENTE Y VICE,21,Santa Fe,16,168,52029,35071,Alianza Frente de Izquierda y de los Trabajadores                                                   ,,agrupacion,358,PROVISORIO,api_dine,no
2011,GENERAL,PRESIDENTE Y VICE,21,Santa Fe,16,168,52029,35071,Alianza Unión para el Desarrollo Social                                                             ,,agrupacion,4395,PROVISORIO,api_dine,no
2011,GENERAL,PRESIDENTE Y VICE,21,Santa Fe,16,168,52029,35071,Alianza Frente para la Victoria                                                                     ,,agrupacion,16089,PROVISORIO,api_dine,no
2011,GENERAL,PRESIDENTE Y VICE,21,Santa Fe,16,168,52029,35071,nulos,,nulos,200,PROVISORIO,api_dine,no
2011,GENERAL,PRESIDENTE Y VICE,21,Santa Fe,16,168,52029,35071,blancos,,blancos,400,PROVISORIO,api_dine,no
2011,GENERAL,PRESIDENTE Y VICE,21,Santa Fe,16,168,52029,35071,recurridos,,recurridos,0,PROVISORIO,api_dine,no
2011,GENERAL,PRESIDENTE Y VICE,21,Santa Fe,17,72,22515,15024,Alianza Frente para la Victoria                                                                     ,,agrupacion,8024,PROVISORIO,api_dine,no
2011,GENERAL,PRESIDENTE Y VICE,21,Santa Fe,17,72,22515,15024,Alianza Frente Amplio Progresista                                                                   ,,agrupacion,3633,PROVISORIO,api_dine,no
2011,GENERAL,PRESIDENTE Y VICE,21,Santa Fe,17,72,22515,15024,Alianza Unión para el Desarrollo Social                                                             ,,agrupacion,1493,PROVISORIO,api_dine,no
2011,GENERAL,PRESIDENTE Y VICE,21,Santa Fe,17,72,22515,15024,Coalición Cívica - Afirmación para una República Igualitaria ARI                                    ,,agrupacion,173,PROVISORIO,api_dine,no
2011,GENERAL,PRESIDENTE Y VICE,21,Santa Fe,17,72,22515,15024,Alianza Frente Popular                                                                              ,,agrupacion,872,PROVISORIO,api_dine,no
2011,GENERAL,PRESIDENTE Y VICE,21,Santa Fe,17,72,22515,15024,Alianza Compromiso Federal                                                                          ,,agrupacion,353,PROVISORIO,api_dine,no
2011,GENERAL,PRESIDENTE Y VICE,21,Santa Fe,17,72,22515,15024,Alianza Frente de Izquierda y de los Trabajadores                                                   ,,agrupacion,124,PROVISORIO,api_dine,no
2011,GENERAL,PRESIDENTE Y VICE,21,Santa Fe,17,72,22515,15024,nulos,,nulos,146,PROVISORIO,api_dine,no
2011,GENERAL,PRESIDENTE Y VICE,21,Santa Fe,17,72,22515,15024,blancos,,blancos,205,PROVISORIO,api_dine,no
2011,GENERAL,PRESIDENTE Y VICE,21,Santa Fe,17,72,22515,15024,recurridos,,recurridos,1,PROVISORIO,api_dine,no
2011,GENERAL,PRESIDENTE Y VICE,21,Santa Fe,18,191,61410,47472,Alianza Frente Amplio Progresista                                                                   ,,agrupacion,17496,PROVISORIO,api_dine,no
2011,GENERAL,PRESIDENTE Y VICE,21,Santa Fe,18,191,61410,47472,Coalición Cívica - Afirmación para una República Igualitaria ARI                                    ,,agrupacion,615,PROVISORIO,api_dine,no
2011,GENERAL,PRESIDENTE Y VICE,21,Santa Fe,18,191,61410,47472,Alianza Frente Popular                                                                              ,,agrupacion,2258,PROVISORIO,api_dine,no
2011,GENERAL,PRESIDENTE Y VICE,21,Santa Fe,18,191,61410,47472,Alianza Compromiso Federal                                                                          ,,agrupacion,1800,PROVISORIO,api_dine,no
2011,GENERAL,PRESIDENTE Y VICE,21,Santa Fe,18,191,61410,47472,Alianza Frente de Izquierda y de los Trabajadores                                                   ,,agrupacion,613,PROVISORIO,api_dine,no
2011,GENERAL,PRESIDENTE Y VICE,21,Santa Fe,18,191,61410,47472,Alianza Frente para la Victoria                                                                     ,,agrupacion,20907,PROVISORIO,api_dine,no
2011,GENERAL,PRESIDENTE Y VICE,21,Santa Fe,18,191,61410,47472,Alianza Unión para el Desarrollo Social                                                             ,,agrupacion,2745,PROVISORIO,api_dine,no
2011,GENERAL,PRESIDENTE Y VICE,21,Santa Fe,18,191,61410,47472,nulos,,nulos,363,PROVISORIO,api_dine,no
2011,GENERAL,PRESIDENTE Y VICE,21,Santa Fe,18,191,61410,47472,blancos,,blancos,652,PROVISORIO,api_dine,no
2011,GENERAL,PRESIDENTE Y VICE,21,Santa Fe,18,191,61410,47472,recurridos,,recurridos,23,PROVISORIO,api_dine,no
2011,GENERAL,PRESIDENTE Y VICE,21,Santa Fe,19,104,31597,21901,Alianza Frente para la Victoria                                                                     ,,agrupacion,8426,PROVISORIO,api_dine,no
2011,GENERAL,PRESIDENTE Y VICE,21,Santa Fe,19,104,31597,21901,Alianza Frente Amplio Progresista                                                                   ,,agrupacion,8240,PROVISORIO,api_dine,no
2011,GENERAL,PRESIDENTE Y VICE,21,Santa Fe,19,104,31597,21901,Alianza Unión para el Desarrollo Social                                                             ,,agrupacion,1838,PROVISORIO,api_dine,no
2011,GENERAL,PRESIDENTE Y VICE,21,Santa Fe,19,104,31597,21901,Coalición Cívica - Afirmación para una República Igualitaria ARI                                    ,,agrupacion,310,PROVISORIO,api_dine,no
2011,GENERAL,PRESIDENTE Y VICE,21,Santa Fe,19,104,31597,21901,Alianza Frente Popular                                                                              ,,agrupacion,1598,PROVISORIO,api_dine,no
2011,GENERAL,PRESIDENTE Y VICE,21,Santa Fe,19,104,31597,21901,Alianza Compromiso Federal                                                                          ,,agrupacion,673,PROVISORIO,api_dine,no
2011,GENERAL,PRESIDENTE Y VICE,21,Santa Fe,19,104,31597,21901,Alianza Frente de Izquierda y de los Trabajadores                                                   ,,agrupacion,282,PROVISORIO,api_dine,no
2011,GENERAL,PRESIDENTE Y VICE,21,Santa Fe,19,104,31597,21901,nulos,,nulos,154,PROVISORIO,api_dine,no
2011,GENERAL,PRESIDENTE Y VICE,21,Santa Fe,19,104,31597,21901,blancos,,blancos,373,PROVISORIO,api_dine,no
2011,GENERAL,PRESIDENTE Y VICE,21,Santa Fe,19,104,31597,21901,recurridos,,recurridos,7,PROVISORIO,api_dine,no
2011,GENERAL,PRESIDENTE Y VICE,21,Santa Fe,20,356,121575,97987,Coalición Cívica - Afirmación para una República Igualitaria ARI                                    ,,agrupacion,1363,PROVISORIO,api_dine,no
2011,GENERAL,PRESIDENTE Y VICE,21,Santa Fe,20,356,121575,97987,Alianza Frente Popular                                                                              ,,agrupacion,3958,PROVISORIO,api_dine,no
2011,GENERAL,PRESIDENTE Y VICE,21,Santa Fe,20,356,121575,97987,Alianza Compromiso Federal                                                                          ,,agrupacion,4727,PROVISORIO,api_dine,no
2011,GENERAL,PRESIDENTE Y VICE,21,Santa Fe,20,356,121575,97987,Alianza Frente de Izquierda y de los Trabajadores                                                   ,,agrupacion,1940,PROVISORIO,api_dine,no
2011,GENERAL,PRESIDENTE Y VICE,21,Santa Fe,20,356,121575,97987,Alianza Frente para la Victoria                                                                     ,,agrupacion,43419,PROVISORIO,api_dine,no
2011,GENERAL,PRESIDENTE Y VICE,21,Santa Fe,20,356,121575,97987,Alianza Unión para el Desarrollo Social                                                             ,,agrupacion,4898,PROVISORIO,api_dine,no
2011,GENERAL,PRESIDENTE Y VICE,21,Santa Fe,20,356,121575,97987,Alianza Frente Amplio Progresista                                                                   ,,agrupacion,35370,PROVISORIO,api_dine,no
2011,GENERAL,PRESIDENTE Y VICE,21,Santa Fe,20,356,121575,97987,nulos,,nulos,955,PROVISORIO,api_dine,no
2011,GENERAL,PRESIDENTE Y VICE,21,Santa Fe,20,356,121575,97987,blancos,,blancos,1267,PROVISORIO,api_dine,no
2011,GENERAL,PRESIDENTE Y VICE,21,Santa Fe,20,356,121575,97987,recurridos,,recurridos,90,PROVISORIO,api_dine,no
2011,GENERAL,PRESIDENTE Y VICE,21,Santa Fe,21,149,49727,38588,Alianza Frente para la Victoria                                                                     ,,agrupacion,14037,PROVISORIO,api_dine,no
2011,GENERAL,PRESIDENTE Y VICE,21,Santa Fe,21,149,49727,38588,Alianza Unión para el Desarrollo Social                                                             ,,agrupacion,2787,PROVISORIO,api_dine,no
2011,GENERAL,PRESIDENTE Y VICE,21,Santa Fe,21,149,49727,38588,Coalición Cívica - Afirmación para una República Igualitaria ARI                                    ,,agrupacion,623,PROVISORIO,api_dine,no
2011,GENERAL,PRESIDENTE Y VICE,21,Santa Fe,21,149,49727,38588,Alianza Frente Popular                                                                              ,,agrupacion,2443,PROVISORIO,api_dine,no
2011,GENERAL,PRESIDENTE Y VICE,21,Santa Fe,21,149,49727,38588,Alianza Compromiso Federal                                                                          ,,agrupacion,2281,PROVISORIO,api_dine,no
2011,GENERAL,PRESIDENTE Y VICE,21,Santa Fe,21,149,49727,38588,Alianza Frente de Izquierda y de los Trabajadores                                                   ,,agrupacion,664,PROVISORIO,api_dine,no
2011,GENERAL,PRESIDENTE Y VICE,21,Santa Fe,21,149,49727,38588,Alianza Frente Amplio Progresista                                                                   ,,agrupacion,14829,PROVISORIO,api_dine,no
2011,GENERAL,PRESIDENTE Y VICE,21,Santa Fe,21,149,49727,38588,nulos,,nulos,364,PROVISORIO,api_dine,no
2011,GENERAL,PRESIDENTE Y VICE,21,Santa Fe,21,149,49727,38588,blancos,,blancos,557,PROVISORIO,api_dine,no
2011,GENERAL,PRESIDENTE Y VICE,21,Santa Fe,21,149,49727,38588,recurridos,,recurridos,3,PROVISORIO,api_dine,no
2011,GENERAL,PRESIDENTE Y VICE,21,Santa Fe,22,119,37653,22514,Alianza Frente Amplio Progresista                                                                   ,,agrupacion,5875,PROVISORIO,api_dine,no
2011,GENERAL,PRESIDENTE Y VICE,21,Santa Fe,22,119,37653,22514,Coalición Cívica - Afirmación para una República Igualitaria ARI                                    ,,agrupacion,285,PROVISORIO,api_dine,no
2011,GENERAL,PRESIDENTE Y VICE,21,Santa Fe,22,119,37653,22514,Alianza Frente Popular                                                                              ,,agrupacion,1338,PROVISORIO,api_dine,no
2011,GENERAL,PRESIDENTE Y VICE,21,Santa Fe,22,119,37653,22514,Alianza Compromiso Federal                                                                          ,,agrupacion,549,PROVISORIO,api_dine,no
2011,GENERAL,PRESIDENTE Y VICE,21,Santa Fe,22,119,37653,22514,Alianza Frente de Izquierda y de los Trabajadores                                                   ,,agrupacion,225,PROVISORIO,api_dine,no
2011,GENERAL,PRESIDENTE Y VICE,21,Santa Fe,22,119,37653,22514,Alianza Unión para el Desarrollo Social                                                             ,,agrupacion,1917,PROVISORIO,api_dine,no
2011,GENERAL,PRESIDENTE Y VICE,21,Santa Fe,22,119,37653,22514,Alianza Frente para la Victoria                                                                     ,,agrupacion,11855,PROVISORIO,api_dine,no
2011,GENERAL,PRESIDENTE Y VICE,21,Santa Fe,22,119,37653,22514,nulos,,nulos,141,PROVISORIO,api_dine,no
2011,GENERAL,PRESIDENTE Y VICE,21,Santa Fe,22,119,37653,22514,blancos,,blancos,309,PROVISORIO,api_dine,no
2011,GENERAL,PRESIDENTE Y VICE,21,Santa Fe,22,119,37653,22514,recurridos,,recurridos,20,PROVISORIO,api_dine,no
2015,PASO,PRESIDENTE Y VICE,21,Santa Fe,1,111,37827,25459,PARTIDO POPULAR                                                                                     ,,agrupacion,53,PROVISORIO,api_dine,si
2015,PASO,PRESIDENTE Y VICE,21,Santa Fe,1,111,37827,25459,PARTIDO POPULAR                                                                                     ,LISTA A MOVIMIENTO SOLIDARIO POPULAR                                                                ,lista,53,PROVISORIO,api_dine,si
2015,PASO,PRESIDENTE Y VICE,21,Santa Fe,1,111,37827,25459,ALIANZA FRENTE PARA LA VICTORIA                                                                     ,,agrupacion,6808,PROVISORIO,api_dine,si
2015,PASO,PRESIDENTE Y VICE,21,Santa Fe,1,111,37827,25459,ALIANZA FRENTE PARA LA VICTORIA                                                                     ,A LISTA CELESTE Y BLANCA K NESTOR KIRCHNER                                                          ,lista,6808,PROVISORIO,api_dine,si
2015,PASO,PRESIDENTE Y VICE,21,Santa Fe,1,111,37827,25459,ALIANZA COMPROMISO FEDERAL                                                                          ,,agrupacion,706,PROVISORIO,api_dine,si
2015,PASO,PRESIDENTE Y VICE,21,Santa Fe,1,111,37827,25459,ALIANZA COMPROMISO FEDERAL                                                                          ,LISTA A 1                                                                                           ,lista,706,PROVISORIO,api_dine,si
2015,PASO,PRESIDENTE Y VICE,21,Santa Fe,1,111,37827,25459,MOVIMIENTO DE ACCION VECINAL                                                                        ,,agrupacion,30,PROVISORIO,api_dine,si
2015,PASO,PRESIDENTE Y VICE,21,Santa Fe,1,111,37827,25459,MOVIMIENTO DE ACCION VECINAL                                                                        ,COMPROMISO VECINAL LISTA A                                                                          ,lista,30,PROVISORIO,api_dine,si
2015,PASO,PRESIDENTE Y VICE,21,Santa Fe,1,111,37827,25459,MOVIMIENTO AL SOCIALISMO                                                                            ,,agrupacion,61,PROVISORIO,api_dine,si
2015,PASO,PRESIDENTE Y VICE,21,Santa Fe,1,111,37827,25459,MOVIMIENTO AL SOCIALISMO                                                                            ,LISTA A SoB                                                                                         ,lista,61,PROVISORIO,api_dine,si
2015,PASO,PRESIDENTE Y VICE,21,Santa Fe,1,111,37827,25459,ALIANZA UNIDOS POR UNA NUEVA ALTERNATIVA (UNA)                                                      ,,agrupacion,5731,PROVISORIO,api_dine,si
2015,PASO,PRESIDENTE Y VICE,21,Santa Fe,1,111,37827,25459,ALIANZA UNIDOS POR UNA NUEVA ALTERNATIVA (UNA)                                                      ,D MOVIMIENTO DE UNIDAD                                                                              ,lista,3246,PROVISORIO,api_dine,si
2015,PASO,PRESIDENTE Y VICE,21,Santa Fe,1,111,37827,25459,ALIANZA UNIDOS POR UNA NUEVA ALTERNATIVA (UNA)                                                      ,A FRENTE RENOVADOR +A15                                                                             ,lista,2485,PROVISORIO,api_dine,si
2015,PASO,PRESIDENTE Y VICE,21,Santa Fe,1,111,37827,25459,MST - NUEVA IZQUIERDA                                                                               ,,agrupacion,54,PROVISORIO,api_dine,si
2015,PASO,PRESIDENTE Y VICE,21,Santa Fe,1,111,37827,25459,MST - NUEVA IZQUIERDA                                                                               ,LISTA UNIDAD A                                                                                      ,lista,54,PROVISORIO,api_dine,si
2015,PASO,PRESIDENTE Y VICE,21,Santa Fe,1,111,37827,25459,ALIANZA FRENTE POPULAR                                                                              ,,agrupacion,77,PROVISORIO,api_dine,si
2015,PASO,PRESIDENTE Y VICE,21,Santa Fe,1,111,37827,25459,ALIANZA FRENTE POPULAR                                                                              ,LISTA A PROTAGONISMO Y PARTICIPACION                                                                ,lista,77,PROVISORIO,api_dine,si
2015,PASO,PRESIDENTE Y VICE,21,Santa Fe,1,111,37827,25459,ALIANZA CAMBIEMOS                                                                                   ,,agrupacion,8987,PROVISORIO,api_dine,si
2015,PASO,PRESIDENTE Y VICE,21,Santa Fe,1,111,37827,25459,ALIANZA CAMBIEMOS                                                                                   ,LISTA E EL PODER DE LA UNION                                                                        ,lista,492,PROVISORIO,api_dine,si
2015,PASO,PRESIDENTE Y VICE,21,Santa Fe,1,111,37827,25459,ALIANZA CAMBIEMOS                                                                                   ,LISTA G EL CAMINO DEL CAMBIO                                                                        ,lista,7804,PROVISORIO,api_dine,si
2015,PASO,PRESIDENTE Y VICE,21,Santa Fe,1,111,37827,25459,ALIANZA CAMBIEMOS                                                                                   ,LISTA F REPUBLICA DE LIBRES E IGUALES                                                               ,lista,691,PROVISORIO,api_dine,si
2015,PASO,PRESIDENTE Y VICE,21,Santa Fe,1,111,37827,25459,ALIANZA FRENTE DE IZQUIERDA Y DE LOS TRABAJADORES                                                   ,,agrupacion,284,PROVISORIO,api_dine,si
2015,PASO,PRESIDENTE Y VICE,21,Santa Fe,1,111,37827,25459,ALIANZA FRENTE DE IZQUIERDA Y DE LOS TRABAJADORES                                                   ,LISTA 1 A RENOVAR Y FORTALECER EL FRENTE                                                            ,lista,140,PROVISORIO,api_dine,si
2015,PASO,PRESIDENTE Y VICE,21,Santa Fe,1,111,37827,25459,ALIANZA FRENTE DE IZQUIERDA Y DE LOS TRABAJADORES                                                   ,LISTA UNIDAD - 2 U                                                                                  ,lista,144,PROVISORIO,api_dine,si
2015,PASO,PRESIDENTE Y VICE,21,Santa Fe,1,111,37827,25459,ALIANZA PROGRESISTAS                                                                                ,,agrupacion,1217,PROVISORIO,api_dine,si
2015,PASO,PRESIDENTE Y VICE,21,Santa Fe,1,111,37827,25459,ALIANZA PROGRESISTAS                                                                                ,LISTA IGUALDAD Y DECENCIA MS                                                                        ,lista,1217,PROVISORIO,api_dine,si
2015,PASO,PRESIDENTE Y VICE,21,Santa Fe,1,111,37827,25459,nulos,,nulos,155,PROVISORIO,api_dine,si
2015,PASO,PRESIDENTE Y VICE,21,Santa Fe,1,111,37827,25459,blancos,,blancos,1296,PROVISORIO,api_dine,si
2015,PASO,PRESIDENTE Y VICE,21,Santa Fe,1,111,37827,25459,recurridos,,recurridos,0,PROVISORIO,api_dine,si
2015,PASO,PRESIDENTE Y VICE,21,Santa Fe,2,213,71026,48965,MOVIMIENTO AL SOCIALISMO                                                                            ,,agrupacion,178,PROVISORIO,api_dine,si
2015,PASO,PRESIDENTE Y VICE,21,Santa Fe,2,213,71026,48965,MOVIMIENTO AL SOCIALISMO                                                                            ,LISTA A SoB                                                                                         ,lista,178,PROVISORIO,api_dine,si
2015,PASO,PRESIDENTE Y VICE,21,Santa Fe,2,213,71026,48965,ALIANZA FRENTE PARA LA VICTORIA                                                                     ,,agrupacion,10569,PROVISORIO,api_dine,si
2015,PASO,PRESIDENTE Y VICE,21,Santa Fe,2,213,71026,48965,ALIANZA FRENTE PARA LA VICTORIA                                                                     ,A LISTA CELESTE Y BLANCA K NESTOR KIRCHNER                                                          ,lista,10569,PROVISORIO,api_dine,si
2015,PASO,PRESIDENTE Y VICE,21,Santa Fe,2,213,71026,48965,ALIANZA FRENTE DE IZQUIERDA Y DE LOS TRABAJADORES                                                   ,,agrupacion,887,PROVISORIO,api_dine,si
2015,PASO,PRESIDENTE Y VICE,21,Santa Fe,2,213,71026,48965,ALIANZA FRENTE DE IZQUIERDA Y DE LOS TRABAJADORES                                                   ,LISTA 1 A RENOVAR Y FORTALECER EL FRENTE                                                            ,lista,422,PROVISORIO,api_dine,si
2015,PASO,PRESIDENTE Y VICE,21,Santa Fe,2,213,71026,48965,ALIANZA FRENTE DE IZQUIERDA Y DE LOS TRABAJADORES                                                   ,LISTA UNIDAD - 2 U                                                                                  ,lista,465,PROVISORIO,api_dine,si
2015,PASO,PRESIDENTE Y VICE,21,Santa Fe,2,213,71026,48965,MST - NUEVA IZQUIERDA                                                                               ,,agrupacion,100,PROVISORIO,api_dine,si
2015,PASO,PRESIDENTE Y VICE,21,Santa Fe,2,213,71026,48965,MST - NUEVA IZQUIERDA                                                                               ,LISTA UNIDAD A                                                                                      ,lista,100,PROVISORIO,api_dine,si
2015,PASO,PRESIDENTE Y VICE,21,Santa Fe,2,213,71026,48965,ALIANZA CAMBIEMOS                                                                                   ,,agrupacion,17666,PROVISORIO,api_dine,si
2015,PASO,PRESIDENTE Y VICE,21,Santa Fe,2,213,71026,48965,ALIANZA CAMBIEMOS                                                                                   ,LISTA G EL CAMINO DEL CAMBIO                                                                        ,lista,14776,PROVISORIO,api_dine,si
2015,PASO,PRESIDENTE Y VICE,21,Santa Fe,2,213,71026,48965,ALIANZA CAMBIEMOS                                                                                   ,LISTA E EL PODER DE LA UNION                                                                        ,lista,1064,PROVISORIO,api_dine,si
2015,PASO,PRESIDENTE Y VICE,21,Santa Fe,2,213,71026,48965,ALIANZA CAMBIEMOS                                                                                   ,LISTA F REPUBLICA DE LIBRES E IGUALES                                                               ,lista,1826,PROVISORIO,api_dine,si
2015,PASO,PRESIDENTE Y VICE,21,Santa Fe,2,213,71026,48965,ALIANZA PROGRESISTAS                                                                                ,,agrupacion,2663,PROVISORIO,api_dine,si
2015,PASO,PRESIDENTE Y VICE,21,Santa Fe,2,213,71026,48965,ALIANZA PROGRESISTAS                                                                                ,LISTA IGUALDAD Y DECENCIA MS                                                                        ,lista,2663,PROVISORIO,api_dine,si
2015,PASO,PRESIDENTE Y VICE,21,Santa Fe,2,213,71026,48965,MOVIMIENTO DE ACCION VECINAL                                                                        ,,agrupacion,0,PROVISORIO,api_dine,si
2015,PASO,PRESIDENTE Y VICE,21,Santa Fe,2,213,71026,48965,MOVIMIENTO DE ACCION VECINAL                                                                        ,COMPROMISO VECINAL LISTA A                                                                          ,lista,0,PROVISORIO,api_dine,si
2015,PASO,PRESIDENTE Y VICE,21,Santa Fe,2,213,71026,48965,ALIANZA FRENTE POPULAR                                                                              ,,agrupacion,382,PROVISORIO,api_dine,si
2015,PASO,PRESIDENTE Y VICE,21,Santa Fe,2,213,71026,48965,ALIANZA FRENTE POPULAR                                                                              ,LISTA A PROTAGONISMO Y PARTICIPACION                                                                ,lista,382,PROVISORIO,api_dine,si
2015,PASO,PRESIDENTE Y VICE,21,Santa Fe,2,213,71026,48965,PARTIDO POPULAR                                                                                     ,,agrupacion,145,PROVISORIO,api_dine,si
2015,PASO,PRESIDENTE Y VICE,21,Santa Fe,2,213,71026,48965,PARTIDO POPULAR                                                                                     ,LISTA A MOVIMIENTO SOLIDARIO POPULAR                                                                ,lista,145,PROVISORIO,api_dine,si
2015,PASO,PRESIDENTE Y VICE,21,Santa Fe,2,213,71026,48965,ALIANZA UNIDOS POR UNA NUEVA ALTERNATIVA (UNA)                                                      ,,agrupacion,11627,PROVISORIO,api_dine,si
2015,PASO,PRESIDENTE Y VICE,21,Santa Fe,2,213,71026,48965,ALIANZA UNIDOS POR UNA NUEVA ALTERNATIVA (UNA)                                                      ,D MOVIMIENTO DE UNIDAD                                                                              ,lista,5751,PROVISORIO,api_dine,si
2015,PASO,PRESIDENTE Y VICE,21,Santa Fe,2,213,71026,48965,ALIANZA UNIDOS POR UNA NUEVA ALTERNATIVA (UNA)                                                      ,A FRENTE RENOVADOR +A15                                                                             ,lista,5876,PROVISORIO,api_dine,si
2015,PASO,PRESIDENTE Y VICE,21,Santa Fe,2,213,71026,48965,ALIANZA COMPROMISO FEDERAL                                                                          ,,agrupacion,1868,PROVISORIO,api_dine,si
2015,PASO,PRESIDENTE Y VICE,21,Santa Fe,2,213,71026,48965,ALIANZA COMPROMISO FEDERAL                                                                          ,LISTA A 1                                                                                           ,lista,1868,PROVISORIO,api_dine,si
2015,PASO,PRESIDENTE Y VICE,21,Santa Fe,2,213,71026,48965,nulos,,nulos,676,PROVISORIO,api_dine,si
2015,PASO,PRESIDENTE Y VICE,21,Santa Fe,2,213,71026,48965,blancos,,blancos,2204,PROVISORIO,api_dine,si
2015,PASO,PRESIDENTE Y VICE,21,Santa Fe,2,213,71026,48965,recurridos,,recurridos,0,PROVISORIO,api_dine,si
2015,PASO,PRESIDENTE Y VICE,21,Santa Fe,3,436,143725,96238,ALIANZA FRENTE DE IZQUIERDA Y DE LOS TRABAJADORES                                                   ,,agrupacion,1335,PROVISORIO,api_dine,si
2015,PASO,PRESIDENTE Y VICE,21,Santa Fe,3,436,143725,96238,ALIANZA FRENTE DE IZQUIERDA Y DE LOS TRABAJADORES                                                   ,LISTA 1 A RENOVAR Y FORTALECER EL FRENTE                                                            ,lista,649,PROVISORIO,api_dine,si
2015,PASO,PRESIDENTE Y VICE,21,Santa Fe,3,436,143725,96238,ALIANZA FRENTE DE IZQUIERDA Y DE LOS TRABAJADORES                                                   ,LISTA UNIDAD - 2 U                                                                                  ,lista,686,PROVISORIO,api_dine,si
2015,PASO,PRESIDENTE Y VICE,21,Santa Fe,3,436,143725,96238,PARTIDO POPULAR                                                                                     ,,agrupacion,225,PROVISORIO,api_dine,si
2015,PASO,PRESIDENTE Y VICE,21,Santa Fe,3,436,143725,96238,PARTIDO POPULAR                                                                                     ,LISTA A MOVIMIENTO SOLIDARIO POPULAR                                                                ,lista,225,PROVISORIO,api_dine,si
2015,PASO,PRESIDENTE Y VICE,21,Santa Fe,3,436,143725,96238,ALIANZA COMPROMISO FEDERAL                                                                          ,,agrupacion,2108,PROVISORIO,api_dine,si
2015,PASO,PRESIDENTE Y VICE,21,Santa Fe,3,436,143725,96238,ALIANZA COMPROMISO FEDERAL                                                                          ,LISTA A 1                                                                                           ,lista,2108,PROVISORIO,api_dine,si
2015,PASO,PRESIDENTE Y VICE,21,Santa Fe,3,436,143725,96238,ALIANZA FRENTE PARA LA VICTORIA                                                                     ,,agrupacion,23859,PROVISORIO,api_dine,si
2015,PASO,PRESIDENTE Y VICE,21,Santa Fe,3,436,143725,96238,ALIANZA FRENTE PARA LA VICTORIA                                                                     ,A LISTA CELESTE Y BLANCA K NESTOR KIRCHNER                                                          ,lista,23859,PROVISORIO,api_dine,si
2015,PASO,PRESIDENTE Y VICE,21,Santa Fe,3,436,143725,96238,ALIANZA CAMBIEMOS                                                                                   ,,agrupacion,35928,PROVISORIO,api_dine,si
2015,PASO,PRESIDENTE Y VICE,21,Santa Fe,3,436,143725,96238,ALIANZA CAMBIEMOS                                                                                   ,LISTA E EL PODER DE LA UNION                                                                        ,lista,2006,PROVISORIO,api_dine,si
2015,PASO,PRESIDENTE Y VICE,21,Santa Fe,3,436,143725,96238,ALIANZA CAMBIEMOS                                                                                   ,LISTA G EL CAMINO DEL CAMBIO                                                                        ,lista,30772,PROVISORIO,api_dine,si
2015,PASO,PRESIDENTE Y VICE,21,Santa Fe,3,436,143725,96238,ALIANZA CAMBIEMOS                                                                                   ,LISTA F REPUBLICA DE LIBRES E IGUALES                                                               ,lista,3150,PROVISORIO,api_dine,si
2015,PASO,PRESIDENTE Y VICE,21,Santa Fe,3,436,143725,96238,MOVIMIENTO DE ACCION VECINAL                                                                        ,,agrupacion,132,PROVISORIO,api_dine,si
2015,PASO,PRESIDENTE Y VICE,21,Santa Fe,3,436,143725,96238,MOVIMIENTO DE ACCION VECINAL                                                                        ,COMPROMISO VECINAL LISTA A                                                                          ,lista,132,PROVISORIO,api_dine,si
2015,PASO,PRESIDENTE Y VICE,21,Santa Fe,3,436,143725,96238,MST - NUEVA IZQUIERDA                                                                               ,,agrupacion,165,PROVISORIO,api_dine,si
2015,PASO,PRESIDENTE Y VICE,21,Santa Fe,3,436,143725,96238,MST - NUEVA IZQUIERDA                                                                               ,LISTA UNIDAD A                                                                                      ,lista,165,PROVISORIO,api_dine,si
2015,PASO,PRESIDENTE Y VICE,21,Santa Fe,3,436,143725,96238,ALIANZA UNIDOS POR UNA NUEVA ALTERNATIVA (UNA)                                                      ,,agrupacion,21623,PROVISORIO,api_dine,si
2015,PASO,PRESIDENTE Y VICE,21,Santa Fe,3,436,143725,96238,ALIANZA UNIDOS POR UNA NUEVA ALTERNATIVA (UNA)                                                      ,A FRENTE RENOVADOR +A15                                                                             ,lista,10105,PROVISORIO,api_dine,si
2015,PASO,PRESIDENTE Y VICE,21,Santa Fe,3,436,143725,96238,ALIANZA UNIDOS POR UNA NUEVA ALTERNATIVA (UNA)                                                      ,D MOVIMIENTO DE UNIDAD                                                                              ,lista,11518,PROVISORIO,api_dine,si
2015,PASO,PRESIDENTE Y VICE,21,Santa Fe,3,436,143725,96238,ALIANZA PROGRESISTAS                                                                                ,,agrupacion,4837,PROVISORIO,api_dine,si
2015,PASO,PRESIDENTE Y VICE,21,Santa Fe,3,436,143725,96238,ALIANZA PROGRESISTAS                                                                                ,LISTA IGUALDAD Y DECENCIA MS                                                                        ,lista,4837,PROVISORIO,api_dine,si
2015,PASO,PRESIDENTE Y VICE,21,Santa Fe,3,436,143725,96238,MOVIMIENTO AL SOCIALISMO                                                                            ,,agrupacion,299,PROVISORIO,api_dine,si
2015,PASO,PRESIDENTE Y VICE,21,Santa Fe,3,436,143725,96238,MOVIMIENTO AL SOCIALISMO                                                                            ,LISTA A SoB                                                                                         ,lista,299,PROVISORIO,api_dine,si
2015,PASO,PRESIDENTE Y VICE,21,Santa Fe,3,436,143725,96238,ALIANZA FRENTE POPULAR                                                                              ,,agrupacion,176,PROVISORIO,api_dine,si
2015,PASO,PRESIDENTE Y VICE,21,Santa Fe,3,436,143725,96238,ALIANZA FRENTE POPULAR                                                                              ,LISTA A PROTAGONISMO Y PARTICIPACION                                                                ,lista,176,PROVISORIO,api_dine,si
2015,PASO,PRESIDENTE Y VICE,21,Santa Fe,3,436,143725,96238,nulos,,nulos,1627,PROVISORIO,api_dine,si
2015,PASO,PRESIDENTE Y VICE,21,Santa Fe,3,436,143725,96238,blancos,,blancos,3897,PROVISORIO,api_dine,si
2015,PASO,PRESIDENTE Y VICE,21,Santa Fe,3,436,143725,96238,recurridos,,recurridos,27,PROVISORIO,api_dine,si
2015,PASO,PRESIDENTE Y VICE,21,Santa Fe,4,217,73536,52932,ALIANZA UNIDOS POR UNA NUEVA ALTERNATIVA (UNA)                                                      ,,agrupacion,11259,PROVISORIO,api_dine,si
2015,PASO,PRESIDENTE Y VICE,21,Santa Fe,4,217,73536,52932,ALIANZA UNIDOS POR UNA NUEVA ALTERNATIVA (UNA)                                                      ,D MOVIMIENTO DE UNIDAD                                                                              ,lista,4708,PROVISORIO,api_dine,si
2015,PASO,PRESIDENTE Y VICE,21,Santa Fe,4,217,73536,52932,ALIANZA UNIDOS POR UNA NUEVA ALTERNATIVA (UNA)                                                      ,A FRENTE RENOVADOR +A15                                                                             ,lista,6551,PROVISORIO,api_dine,si
2015,PASO,PRESIDENTE Y VICE,21,Santa Fe,4,217,73536,52932,ALIANZA PROGRESISTAS                                                                                ,,agrupacion,2528,PROVISORIO,api_dine,si
2015,PASO,PRESIDENTE Y VICE,21,Santa Fe,4,217,73536,52932,ALIANZA PROGRESISTAS                                                                                ,LISTA IGUALDAD Y DECENCIA MS                                                                        ,lista,2528,PROVISORIO,api_dine,si
2015,PASO,PRESIDENTE Y VICE,21,Santa Fe,4,217,73536,52932,ALIANZA CAMBIEMOS                                                                                   ,,agrupacion,14780,PROVISORIO,api_dine,si
2015,PASO,PRESIDENTE Y VICE,21,Santa Fe,4,217,73536,52932,ALIANZA CAMBIEMOS                                                                                   ,LISTA G EL CAMINO DEL CAMBIO                                                                        ,lista,12087,PROVISORIO,api_dine,si
2015,PASO,PRESIDENTE Y VICE,21,Santa Fe,4,217,73536,52932,ALIANZA CAMBIEMOS                                                                                   ,LISTA F REPUBLICA DE LIBRES E IGUALES                                                               ,lista,1574,PROVISORIO,api_dine,si
2015,PASO,PRESIDENTE Y VICE,21,Santa Fe,4,217,73536,52932,ALIANZA CAMBIEMOS                                                                                   ,LISTA E EL PODER DE LA UNION                                                                        ,lista,1119,PROVISORIO,api_dine,si
2015,PASO,PRESIDENTE Y VICE,21,Santa Fe,4,217,73536,52932,MOVIMIENTO AL SOCIALISMO                                                                            ,,agrupacion,177,PROVISORIO,api_dine,si
2015,PASO,PRESIDENTE Y VICE,21,Santa Fe,4,217,73536,52932,MOVIMIENTO AL SOCIALISMO                                                                            ,LISTA A SoB                                                                                         ,lista,177,PROVISORIO,api_dine,si
2015,PASO,PRESIDENTE Y VICE,21,Santa Fe,4,217,73536,52932,MST - NUEVA IZQUIERDA                                                                               ,,agrupacion,134,PROVISORIO,api_dine,si
2015,PASO,PRESIDENTE Y VICE,21,Santa Fe,4,217,73536,52932,MST - NUEVA IZQUIERDA                                                                               ,LISTA UNIDAD A                                                                                      ,lista,134,PROVISORIO,api_dine,si
2015,PASO,PRESIDENTE Y VICE,21,Santa Fe,4,217,73536,52932,ALIANZA FRENTE PARA LA VICTORIA                                                                     ,,agrupacion,17537,PROVISORIO,api_dine,si
2015,PASO,PRESIDENTE Y VICE,21,Santa Fe,4,217,73536,52932,ALIANZA FRENTE PARA LA VICTORIA                                                                     ,A LISTA CELESTE Y BLANCA K NESTOR KIRCHNER                                                          ,lista,17537,PROVISORIO,api_dine,si
2015,PASO,PRESIDENTE Y VICE,21,Santa Fe,4,217,73536,52932,ALIANZA FRENTE POPULAR                                                                              ,,agrupacion,227,PROVISORIO,api_dine,si
2015,PASO,PRESIDENTE Y VICE,21,Santa Fe,4,217,73536,52932,ALIANZA FRENTE POPULAR                                                                              ,LISTA A PROTAGONISMO Y PARTICIPACION                                                                ,lista,227,PROVISORIO,api_dine,si
2015,PASO,PRESIDENTE Y VICE,21,Santa Fe,4,217,73536,52932,PARTIDO POPULAR                                                                                     ,,agrupacion,112,PROVISORIO,api_dine,si
2015,PASO,PRESIDENTE Y VICE,21,Santa Fe,4,217,73536,52932,PARTIDO POPULAR                                                                                     ,LISTA A MOVIMIENTO SOLIDARIO POPULAR                                                                ,lista,112,PROVISORIO,api_dine,si
2015,PASO,PRESIDENTE Y VICE,21,Santa Fe,4,217,73536,52932,ALIANZA FRENTE DE IZQUIERDA Y DE LOS TRABAJADORES                                                   ,,agrupacion,951,PROVISORIO,api_dine,si
2015,PASO,PRESIDENTE Y VICE,21,Santa Fe,4,217,73536,52932,ALIANZA FRENTE DE IZQUIERDA Y DE LOS TRABAJADORES                                                   ,LISTA UNIDAD - 2 U                                                                                  ,lista,402,PROVISORIO,api_dine,si
2015,PASO,PRESIDENTE Y VICE,21,Santa Fe,4,217,73536,52932,ALIANZA FRENTE DE IZQUIERDA Y DE LOS TRABAJADORES                                                   ,LISTA 1 A RENOVAR Y FORTALECER EL FRENTE                                                            ,lista,549,PROVISORIO,api_dine,si
2015,PASO,PRESIDENTE Y VICE,21,Santa Fe,4,217,73536,52932,MOVIMIENTO DE ACCION VECINAL                                                                        ,,agrupacion,56,PROVISORIO,api_dine,si
2015,PASO,PRESIDENTE Y VICE,21,Santa Fe,4,217,73536,52932,MOVIMIENTO DE ACCION VECINAL                                                                        ,COMPROMISO VECINAL LISTA A                                                                          ,lista,56,PROVISORIO,api_dine,si
2015,PASO,PRESIDENTE Y VICE,21,Santa Fe,4,217,73536,52932,ALIANZA COMPROMISO FEDERAL                                                                          ,,agrupacion,1602,PROVISORIO,api_dine,si
2015,PASO,PRESIDENTE Y VICE,21,Santa Fe,4,217,73536,52932,ALIANZA COMPROMISO FEDERAL                                                                          ,LISTA A 1                                                                                           ,lista,1602,PROVISORIO,api_dine,si
2015,PASO,PRESIDENTE Y VICE,21,Santa Fe,4,217,73536,52932,nulos,,nulos,935,PROVISORIO,api_dine,si
2015,PASO,PRESIDENTE Y VICE,21,Santa Fe,4,217,73536,52932,blancos,,blancos,2624,PROVISORIO,api_dine,si
2015,PASO,PRESIDENTE Y VICE,21,Santa Fe,4,217,73536,52932,recurridos,,recurridos,10,PROVISORIO,api_dine,si
2015,PASO,PRESIDENTE Y VICE,21,Santa Fe,5,56,17986,12158,ALIANZA CAMBIEMOS                                                                                   ,,agrupacion,3019,PROVISORIO,api_dine,si
2015,PASO,PRESIDENTE Y VICE,21,Santa Fe,5,56,17986,12158,ALIANZA CAMBIEMOS                                                                                   ,LISTA F REPUBLICA DE LIBRES E IGUALES                                                               ,lista,283,PROVISORIO,api_dine,si
2015,PASO,PRESIDENTE Y VICE,21,Santa Fe,5,56,17986,12158,ALIANZA CAMBIEMOS                                                                                   ,LISTA E EL PODER DE LA UNION                                                                        ,lista,335,PROVISORIO,api_dine,si
2015,PASO,PRESIDENTE Y VICE,21,Santa Fe,5,56,17986,12158,ALIANZA CAMBIEMOS                                                                                   ,LISTA G EL CAMINO DEL CAMBIO                                                                        ,lista,2401,PROVISORIO,api_dine,si
2015,PASO,PRESIDENTE Y VICE,21,Santa Fe,5,56,17986,12158,ALIANZA COMPROMISO FEDERAL                                                                          ,,agrupacion,198,PROVISORIO,api_dine,si
2015,PASO,PRESIDENTE Y VICE,21,Santa Fe,5,56,17986,12158,ALIANZA COMPROMISO FEDERAL                                                                          ,LISTA A 1                                                                                           ,lista,198,PROVISORIO,api_dine,si
2015,PASO,PRESIDENTE Y VICE,21,Santa Fe,5,56,17986,12158,ALIANZA FRENTE DE IZQUIERDA Y DE LOS TRABAJADORES                                                   ,,agrupacion,71,PROVISORIO,api_dine,si
2015,PASO,PRESIDENTE Y VICE,21,Santa Fe,5,56,17986,12158,ALIANZA FRENTE DE IZQUIERDA Y DE LOS TRABAJADORES                                                   ,LISTA 1 A RENOVAR Y FORTALECER EL FRENTE                                                            ,lista,41,PROVISORIO,api_dine,si
2015,PASO,PRESIDENTE Y VICE,21,Santa Fe,5,56,17986,12158,ALIANZA FRENTE DE IZQUIERDA Y DE LOS TRABAJADORES                                                   ,LISTA UNIDAD - 2 U                                                                                  ,lista,30,PROVISORIO,api_dine,si
2015,PASO,PRESIDENTE Y VICE,21,Santa Fe,5,56,17986,12158,MOVIMIENTO AL SOCIALISMO                                                                            ,,agrupacion,60,PROVISORIO,api_dine,si
2015,PASO,PRESIDENTE Y VICE,21,Santa Fe,5,56,17986,12158,MOVIMIENTO AL SOCIALISMO                                                                            ,LISTA A SoB                                                                                         ,lista,60,PROVISORIO,api_dine,si
2015,PASO,PRESIDENTE Y VICE,21,Santa Fe,5,56,17986,12158,ALIANZA PROGRESISTAS                                                                                ,,agrupacion,381,PROVISORIO,api_dine,si
2015,PASO,PRESIDENTE Y VICE,21,Santa Fe,5,56,17986,12158,ALIANZA PROGRESISTAS                                                                                ,LISTA IGUALDAD Y DECENCIA MS                                                                        ,lista,381,PROVISORIO,api_dine,si
2015,PASO,PRESIDENTE Y VICE,21,Santa Fe,5,56,17986,12158,PARTIDO POPULAR                                                                                     ,,agrupacion,31,PROVISORIO,api_dine,si
2015,PASO,PRESIDENTE Y VICE,21,Santa Fe,5,56,17986,12158,PARTIDO POPULAR                                                                                     ,LISTA A MOVIMIENTO SOLIDARIO POPULAR                                                                ,lista,31,PROVISORIO,api_dine,si
2015,PASO,PRESIDENTE Y VICE,21,Santa Fe,5,56,17986,12158,ALIANZA FRENTE POPULAR                                                                              ,,agrupacion,25,PROVISORIO,api_dine,si
2015,PASO,PRESIDENTE Y VICE,21,Santa Fe,5,56,17986,12158,ALIANZA FRENTE POPULAR                                                                              ,LISTA A PROTAGONISMO Y PARTICIPACION                                                                ,lista,25,PROVISORIO,api_dine,si
2015,PASO,PRESIDENTE Y VICE,21,Santa Fe,5,56,17986,12158,MST - NUEVA IZQUIERDA                                                                               ,,agrupacion,31,PROVISORIO,api_dine,si
2015,PASO,PRESIDENTE Y VICE,21,Santa Fe,5,56,17986,12158,MST - NUEVA IZQUIERDA                                                                               ,LISTA UNIDAD A                                                                                      ,lista,31,PROVISORIO,api_dine,si
2015,PASO,PRESIDENTE Y VICE,21,Santa Fe,5,56,17986,12158,MOVIMIENTO DE ACCION VECINAL                                                                        ,,agrupacion,26,PROVISORIO,api_dine,si
2015,PASO,PRESIDENTE Y VICE,21,Santa Fe,5,56,17986,12158,MOVIMIENTO DE ACCION VECINAL                                                                        ,COMPROMISO VECINAL LISTA A                                                                          ,lista,26,PROVISORIO,api_dine,si
2015,PASO,PRESIDENTE Y VICE,21,Santa Fe,5,56,17986,12158,ALIANZA UNIDOS POR UNA NUEVA ALTERNATIVA (UNA)                                                      ,,agrupacion,1933,PROVISORIO,api_dine,si
2015,PASO,PRESIDENTE Y VICE,21,Santa Fe,5,56,17986,12158,ALIANZA UNIDOS POR UNA NUEVA ALTERNATIVA (UNA)                                                      ,A FRENTE RENOVADOR +A15                                                                             ,lista,1162,PROVISORIO,api_dine,si
2015,PASO,PRESIDENTE Y VICE,21,Santa Fe,5,56,17986,12158,ALIANZA UNIDOS POR UNA NUEVA ALTERNATIVA (UNA)                                                      ,D MOVIMIENTO DE UNIDAD                                                                              ,lista,771,PROVISORIO,api_dine,si
2015,PASO,PRESIDENTE Y VICE,21,Santa Fe,5,56,17986,12158,ALIANZA FRENTE PARA LA VICTORIA                                                                     ,,agrupacion,5304,PROVISORIO,api_dine,si
2015,PASO,PRESIDENTE Y VICE,21,Santa Fe,5,56,17986,12158,ALIANZA FRENTE PARA LA VICTORIA                                                                     ,A LISTA CELESTE Y BLANCA K NESTOR KIRCHNER                                                          ,lista,5304,PROVISORIO,api_dine,si
2015,PASO,PRESIDENTE Y VICE,21,Santa Fe,5,56,17986,12158,nulos,,nulos,230,PROVISORIO,api_dine,si
2015,PASO,PRESIDENTE Y VICE,21,Santa Fe,5,56,17986,12158,blancos,,blancos,849,PROVISORIO,api_dine,si
2015,PASO,PRESIDENTE Y VICE,21,Santa Fe,5,56,17986,12158,recurridos,,recurridos,0,PROVISORIO,api_dine,si
2015,PASO,PRESIDENTE Y VICE,21,Santa Fe,6,477,162428,108572,PARTIDO POPULAR                                                                                     ,,agrupacion,336,PROVISORIO,api_dine,si
2015,PASO,PRESIDENTE Y VICE,21,Santa Fe,6,477,162428,108572,PARTIDO POPULAR                                                                                     ,LISTA A MOVIMIENTO SOLIDARIO POPULAR                                                                ,lista,336,PROVISORIO,api_dine,si
2015,PASO,PRESIDENTE Y VICE,21,Santa Fe,6,477,162428,108572,MST - NUEVA IZQUIERDA                                                                               ,,agrupacion,346,PROVISORIO,api_dine,si
2015,PASO,PRESIDENTE Y VICE,21,Santa Fe,6,477,162428,108572,MST - NUEVA IZQUIERDA                                                                               ,LISTA UNIDAD A                                                                                      ,lista,346,PROVISORIO,api_dine,si
2015,PASO,PRESIDENTE Y VICE,21,Santa Fe,6,477,162428,108572,ALIANZA CAMBIEMOS                                                                                   ,,agrupacion,37438,PROVISORIO,api_dine,si
2015,PASO,PRESIDENTE Y VICE,21,Santa Fe,6,477,162428,108572,ALIANZA CAMBIEMOS                                                                                   ,LISTA F REPUBLICA DE LIBRES E IGUALES                                                               ,lista,2872,PROVISORIO,api_dine,si
2015,PASO,PRESIDENTE Y VICE,21,Santa Fe,6,477,162428,108572,ALIANZA CAMBIEMOS                                                                                   ,LISTA E EL PODER DE LA UNION                                                                        ,lista,2986,PROVISORIO,api_dine,si
2015,PASO,PRESIDENTE Y VICE,21,Santa Fe,6,477,162428,108572,ALIANZA CAMBIEMOS                                                                                   ,LISTA G EL CAMINO DEL CAMBIO                                                                        ,lista,31580,PROVISORIO,api_dine,si
2015,PASO,PRESIDENTE Y VICE,21,Santa Fe,6,477,162428,108572,MOVIMIENTO DE ACCION VECINAL                                                                        ,,agrupacion,0,PROVISORIO,api_dine,si
2015,PASO,PRESIDENTE Y VICE,21,Santa Fe,6,477,162428,108572,MOVIMIENTO DE ACCION VECINAL                                                                        ,COMPROMISO VECINAL LISTA A                                                                          ,lista,0,PROVISORIO,api_dine,si
2015,PASO,PRESIDENTE Y VICE,21,Santa Fe,6,477,162428,108572,MOVIMIENTO AL SOCIALISMO                                                                            ,,agrupacion,345,PROVISORIO,api_dine,si
2015,PASO,PRESIDENTE Y VICE,21,Santa Fe,6,477,162428,108572,MOVIMIENTO AL SOCIALISMO                                                                            ,LISTA A SoB                                                                                         ,lista,345,PROVISORIO,api_dine,si
2015,PASO,PRESIDENTE Y VICE,21,Santa Fe,6,477,162428,108572,ALIANZA FRENTE PARA LA VICTORIA                                                                     ,,agrupacion,29219,PROVISORIO,api_dine,si
2015,PASO,PRESIDENTE Y VICE,21,Santa Fe,6,477,162428,108572,ALIANZA FRENTE PARA LA VICTORIA                                                                     ,A LISTA CELESTE Y BLANCA K NESTOR KIRCHNER                                                          ,lista,29219,PROVISORIO,api_dine,si
2015,PASO,PRESIDENTE Y VICE,21,Santa Fe,6,477,162428,108572,ALIANZA FRENTE DE IZQUIERDA Y DE LOS TRABAJADORES                                                   ,,agrupacion,1393,PROVISORIO,api_dine,si
2015,PASO,PRESIDENTE Y VICE,21,Santa Fe,6,477,162428,108572,ALIANZA FRENTE DE IZQUIERDA Y DE LOS TRABAJADORES                                                   ,LISTA 1 A RENOVAR Y FORTALECER EL FRENTE                                                            ,lista,730,PROVISORIO,api_dine,si
2015,PASO,PRESIDENTE Y VICE,21,Santa Fe,6,477,162428,108572,ALIANZA FRENTE DE IZQUIERDA Y DE LOS TRABAJADORES                                                   ,LISTA UNIDAD - 2 U                                                                                  ,lista,663,PROVISORIO,api_dine,si
2015,PASO,PRESIDENTE Y VICE,21,Santa Fe,6,477,162428,108572,ALIANZA PROGRESISTAS                                                                                ,,agrupacion,4740,PROVISORIO,api_dine,si
2015,PASO,PRESIDENTE Y VICE,21,Santa Fe,6,477,162428,108572,ALIANZA PROGRESISTAS                                                                                ,LISTA IGUALDAD Y DECENCIA MS                                                                        ,lista,4740,PROVISORIO,api_dine,si
2015,PASO,PRESIDENTE Y VICE,21,Santa Fe,6,477,162428,108572,ALIANZA COMPROMISO FEDERAL                                                                          ,,agrupacion,6192,PROVISORIO,api_dine,si
2015,PASO,PRESIDENTE Y VICE,21,Santa Fe,6,477,162428,108572,ALIANZA COMPROMISO FEDERAL                                                                          ,LISTA A 1                                                                                           ,lista,6192,PROVISORIO,api_dine,si
2015,PASO,PRESIDENTE Y VICE,21,Santa Fe,6,477,162428,108572,ALIANZA UNIDOS POR UNA NUEVA ALTERNATIVA (UNA)                                                      ,,agrupacion,22563,PROVISORIO,api_dine,si
2015,PASO,PRESIDENTE Y VICE,21,Santa Fe,6,477,162428,108572,ALIANZA UNIDOS POR UNA NUEVA ALTERNATIVA (UNA)                                                      ,A FRENTE RENOVADOR +A15                                                                             ,lista,11003,PROVISORIO,api_dine,si
2015,PASO,PRESIDENTE Y VICE,21,Santa Fe,6,477,162428,108572,ALIANZA UNIDOS POR UNA NUEVA ALTERNATIVA (UNA)                                                      ,D MOVIMIENTO DE UNIDAD                                                                              ,lista,11560,PROVISORIO,api_dine,si
2015,PASO,PRESIDENTE Y VICE,21,Santa Fe,6,477,162428,108572,ALIANZA FRENTE POPULAR                                                                              ,,agrupacion,326,PROVISORIO,api_dine,si
2015,PASO,PRESIDENTE Y VICE,21,Santa Fe,6,477,162428,108572,ALIANZA FRENTE POPULAR                                                                              ,LISTA A PROTAGONISMO Y PARTICIPACION                                                                ,lista,326,PROVISORIO,api_dine,si
2015,PASO,PRESIDENTE Y VICE,21,Santa Fe,6,477,162428,108572,nulos,,nulos,1293,PROVISORIO,api_dine,si
2015,PASO,PRESIDENTE Y VICE,21,Santa Fe,6,477,162428,108572,blancos,,blancos,4355,PROVISORIO,api_dine,si
2015,PASO,PRESIDENTE Y VICE,21,Santa Fe,6,477,162428,108572,recurridos,,recurridos,26,PROVISORIO,api_dine,si
2015,PASO,PRESIDENTE Y VICE,21,Santa Fe,7,426,141038,97566,ALIANZA COMPROMISO FEDERAL                                                                          ,,agrupacion,1421,PROVISORIO,api_dine,si
2015,PASO,PRESIDENTE Y VICE,21,Santa Fe,7,426,141038,97566,ALIANZA COMPROMISO FEDERAL                                                                          ,LISTA A 1                                                                                           ,lista,1421,PROVISORIO,api_dine,si
2015,PASO,PRESIDENTE Y VICE,21,Santa Fe,7,426,141038,97566,ALIANZA FRENTE POPULAR                                                                              ,,agrupacion,201,PROVISORIO,api_dine,si
2015,PASO,PRESIDENTE Y VICE,21,Santa Fe,7,426,141038,97566,ALIANZA FRENTE POPULAR                                                                              ,LISTA A PROTAGONISMO Y PARTICIPACION                                                                ,lista,201,PROVISORIO,api_dine,si
2015,PASO,PRESIDENTE Y VICE,21,Santa Fe,7,426,141038,97566,ALIANZA PROGRESISTAS                                                                                ,,agrupacion,2686,PROVISORIO,api_dine,si
2015,PASO,PRESIDENTE Y VICE,21,Santa Fe,7,426,141038,97566,ALIANZA PROGRESISTAS                                                                                ,LISTA IGUALDAD Y DECENCIA MS                                                                        ,lista,2686,PROVISORIO,api_dine,si
2015,PASO,PRESIDENTE Y VICE,21,Santa Fe,7,426,141038,97566,ALIANZA UNIDOS POR UNA NUEVA ALTERNATIVA (UNA)                                                      ,,agrupacion,15520,PROVISORIO,api_dine,si
2015,PASO,PRESIDENTE Y VICE,21,Santa Fe,7,426,141038,97566,ALIANZA UNIDOS POR UNA NUEVA ALTERNATIVA (UNA)                                                      ,D MOVIMIENTO DE UNIDAD                                                                              ,lista,5268,PROVISORIO,api_dine,si
2015,PASO,PRESIDENTE Y VICE,21,Santa Fe,7,426,141038,97566,ALIANZA UNIDOS POR UNA NUEVA ALTERNATIVA (UNA)                                                      ,A FRENTE RENOVADOR +A15                                                                             ,lista,10252,PROVISORIO,api_dine,si
2015,PASO,PRESIDENTE Y VICE,21,Santa Fe,7,426,141038,97566,MOVIMIENTO AL SOCIALISMO                                                                            ,,agrupacion,363,PROVISORIO,api_dine,si
2015,PASO,PRESIDENTE Y VICE,21,Santa Fe,7,426,141038,97566,MOVIMIENTO AL SOCIALISMO                                                                            ,LISTA A SoB                                                                                         ,lista,363,PROVISORIO,api_dine,si
2015,PASO,PRESIDENTE Y VICE,21,Santa Fe,7,426,141038,97566,ALIANZA FRENTE DE IZQUIERDA Y DE LOS TRABAJADORES                                                   ,,agrupacion,917,PROVISORIO,api_dine,si
2015,PASO,PRESIDENTE Y VICE,21,Santa Fe,7,426,141038,97566,ALIANZA FRENTE DE IZQUIERDA Y DE LOS TRABAJADORES                                                   ,LISTA 1 A RENOVAR Y FORTALECER EL FRENTE                                                            ,lista,443,PROVISORIO,api_dine,si
2015,PASO,PRESIDENTE Y VICE,21,Santa Fe,7,426,141038,97566,ALIANZA FRENTE DE IZQUIERDA Y DE LOS TRABAJADORES                                                   ,LISTA UNIDAD - 2 U                                                                                  ,lista,474,PROVISORIO,api_dine,si
2015,PASO,PRESIDENTE Y VICE,21,Santa Fe,7,426,141038,97566,ALIANZA FRENTE PARA LA VICTORIA                                                                     ,,agrupacion,37429,PROVISORIO,api_dine,si
2015,PASO,PRESIDENTE Y VICE,21,Santa Fe,7,426,141038,97566,ALIANZA FRENTE PARA LA VICTORIA                                                                     ,A LISTA CELESTE Y BLANCA K NESTOR KIRCHNER                                                          ,lista,37429,PROVISORIO,api_dine,si
2015,PASO,PRESIDENTE Y VICE,21,Santa Fe,7,426,141038,97566,MOVIMIENTO DE ACCION VECINAL                                                                        ,,agrupacion,146,PROVISORIO,api_dine,si
2015,PASO,PRESIDENTE Y VICE,21,Santa Fe,7,426,141038,97566,MOVIMIENTO DE ACCION VECINAL                                                                        ,COMPROMISO VECINAL LISTA A                                                                          ,lista,146,PROVISORIO,api_dine,si
2015,PASO,PRESIDENTE Y VICE,21,Santa Fe,7,426,141038,97566,PARTIDO POPULAR                                                                                     ,,agrupacion,565,PROVISORIO,api_dine,si
2015,PASO,PRESIDENTE Y VICE,21,Santa Fe,7,426,141038,97566,PARTIDO POPULAR                                                                                     ,LISTA A MOVIMIENTO SOLIDARIO POPULAR                                                                ,lista,565,PROVISORIO,api_dine,si
2015,PASO,PRESIDENTE Y VICE,21,Santa Fe,7,426,141038,97566,ALIANZA CAMBIEMOS                                                                                   ,,agrupacion,31024,PROVISORIO,api_dine,si
2015,PASO,PRESIDENTE Y VICE,21,Santa Fe,7,426,141038,97566,ALIANZA CAMBIEMOS                                                                                   ,LISTA E EL PODER DE LA UNION                                                                        ,lista,4887,PROVISORIO,api_dine,si
2015,PASO,PRESIDENTE Y VICE,21,Santa Fe,7,426,141038,97566,ALIANZA CAMBIEMOS                                                                                   ,LISTA G EL CAMINO DEL CAMBIO                                                                        ,lista,23808,PROVISORIO,api_dine,si
2015,PASO,PRESIDENTE Y VICE,21,Santa Fe,7,426,141038,97566,ALIANZA CAMBIEMOS                                                                                   ,LISTA F REPUBLICA DE LIBRES E IGUALES                                                               ,lista,2329,PROVISORIO,api_dine,si
2015,PASO,PRESIDENTE Y VICE,21,Santa Fe,7,426,141038,97566,MST - NUEVA IZQUIERDA                                                                               ,,agrupacion,221,PROVISORIO,api_dine,si
2015,PASO,PRESIDENTE Y VICE,21,Santa Fe,7,426,141038,97566,MST - NUEVA IZQUIERDA                                                                               ,LISTA UNIDAD A                                                                                      ,lista,221,PROVISORIO,api_dine,si
2015,PASO,PRESIDENTE Y VICE,21,Santa Fe,7,426,141038,97566,nulos,,nulos,1871,PROVISORIO,api_dine,si
2015,PASO,PRESIDENTE Y VICE,21,Santa Fe,7,426,141038,97566,blancos,,blancos,5168,PROVISORIO,api_dine,si
2015,PASO,PRESIDENTE Y VICE,21,Santa Fe,7,426,141038,97566,recurridos,,recurridos,34,PROVISORIO,api_dine,si
2015,PASO,PRESIDENTE Y VICE,21,Santa Fe,8,170,57200,39501,ALIANZA CAMBIEMOS                                                                                   ,,agrupacion,12048,PROVISORIO,api_dine,si
2015,PASO,PRESIDENTE Y VICE,21,Santa Fe,8,170,57200,39501,ALIANZA CAMBIEMOS                                                                                   ,LISTA E EL PODER DE LA UNION                                                                        ,lista,540,PROVISORIO,api_dine,si
2015,PASO,PRESIDENTE Y VICE,21,Santa Fe,8,170,57200,39501,ALIANZA CAMBIEMOS                                                                                   ,LISTA F REPUBLICA DE LIBRES E IGUALES                                                               ,lista,1244,PROVISORIO,api_dine,si
2015,PASO,PRESIDENTE Y VICE,21,Santa Fe,8,170,57200,39501,ALIANZA CAMBIEMOS                                                                                   ,LISTA G EL CAMINO DEL CAMBIO                                                                        ,lista,10264,PROVISORIO,api_dine,si
2015,PASO,PRESIDENTE Y VICE,21,Santa Fe,8,170,57200,39501,MOVIMIENTO DE ACCION VECINAL                                                                        ,,agrupacion,65,PROVISORIO,api_dine,si
2015,PASO,PRESIDENTE Y VICE,21,Santa Fe,8,170,57200,39501,MOVIMIENTO DE ACCION VECINAL                                                                        ,COMPROMISO VECINAL LISTA A                                                                          ,lista,65,PROVISORIO,api_dine,si
2015,PASO,PRESIDENTE Y VICE,21,Santa Fe,8,170,57200,39501,ALIANZA FRENTE POPULAR                                                                              ,,agrupacion,180,PROVISORIO,api_dine,si
2015,PASO,PRESIDENTE Y VICE,21,Santa Fe,8,170,57200,39501,ALIANZA FRENTE POPULAR                                                                              ,LISTA A PROTAGONISMO Y PARTICIPACION                                                                ,lista,180,PROVISORIO,api_dine,si
2015,PASO,PRESIDENTE Y VICE,21,Santa Fe,8,170,57200,39501,MOVIMIENTO AL SOCIALISMO                                                                            ,,agrupacion,148,PROVISORIO,api_dine,si
2015,PASO,PRESIDENTE Y VICE,21,Santa Fe,8,170,57200,39501,MOVIMIENTO AL SOCIALISMO                                                                            ,LISTA A SoB                                                                                         ,lista,148,PROVISORIO,api_dine,si
2015,PASO,PRESIDENTE Y VICE,21,Santa Fe,8,170,57200,39501,ALIANZA FRENTE DE IZQUIERDA Y DE LOS TRABAJADORES                                                   ,,agrupacion,629,PROVISORIO,api_dine,si
2015,PASO,PRESIDENTE Y VICE,21,Santa Fe,8,170,57200,39501,ALIANZA FRENTE DE IZQUIERDA Y DE LOS TRABAJADORES                                                   ,LISTA 1 A RENOVAR Y FORTALECER EL FRENTE                                                            ,lista,312,PROVISORIO,api_dine,si
2015,PASO,PRESIDENTE Y VICE,21,Santa Fe,8,170,57200,39501,ALIANZA FRENTE DE IZQUIERDA Y DE LOS TRABAJADORES                                                   ,LISTA UNIDAD - 2 U                                                                                  ,lista,317,PROVISORIO,api_dine,si
2015,PASO,PRESIDENTE Y VICE,21,Santa Fe,8,170,57200,39501,ALIANZA UNIDOS POR UNA NUEVA ALTERNATIVA (UNA)                                                      ,,agrupacion,8667,PROVISORIO,api_dine,si
2015,PASO,PRESIDENTE Y VICE,21,Santa Fe,8,170,57200,39501,ALIANZA UNIDOS POR UNA NUEVA ALTERNATIVA (UNA)                                                      ,D MOVIMIENTO DE UNIDAD                                                                              ,lista,4228,PROVISORIO,api_dine,si
2015,PASO,PRESIDENTE Y VICE,21,Santa Fe,8,170,57200,39501,ALIANZA UNIDOS POR UNA NUEVA ALTERNATIVA (UNA)                                                      ,A FRENTE RENOVADOR +A15                                                                             ,lista,4439,PROVISORIO,api_dine,si
2015,PASO,PRESIDENTE Y VICE,21,Santa Fe,8,170,57200,39501,PARTIDO POPULAR                                                                                     ,,agrupacion,92,PROVISORIO,api_dine,si
2015,PASO,PRESIDENTE Y VICE,21,Santa Fe,8,170,57200,39501,PARTIDO POPULAR                                                                                     ,LISTA A MOVIMIENTO SOLIDARIO POPULAR                                                                ,lista,92,PROVISORIO,api_dine,si
2015,PASO,PRESIDENTE Y VICE,21,Santa Fe,8,170,57200,39501,ALIANZA COMPROMISO FEDERAL                                                                          ,,agrupacion,1124,PROVISORIO,api_dine,si
2015,PASO,PRESIDENTE Y VICE,21,Santa Fe,8,170,57200,39501,ALIANZA COMPROMISO FEDERAL                                                                          ,LISTA A 1                                                                                           ,lista,1124,PROVISORIO,api_dine,si
2015,PASO,PRESIDENTE Y VICE,21,Santa Fe,8,170,57200,39501,ALIANZA PROGRESISTAS                                                                                ,,agrupacion,2062,PROVISORIO,api_dine,si
2015,PASO,PRESIDENTE Y VICE,21,Santa Fe,8,170,57200,39501,ALIANZA PROGRESISTAS                                                                                ,LISTA IGUALDAD Y DECENCIA MS                                                                        ,lista,2062,PROVISORIO,api_dine,si
2015,PASO,PRESIDENTE Y VICE,21,Santa Fe,8,170,57200,39501,MST - NUEVA IZQUIERDA                                                                               ,,agrupacion,89,PROVISORIO,api_dine,si
2015,PASO,PRESIDENTE Y VICE,21,Santa Fe,8,170,57200,39501,MST - NUEVA IZQUIERDA                                                                               ,LISTA UNIDAD A                                                                                      ,lista,89,PROVISORIO,api_dine,si
2015,PASO,PRESIDENTE Y VICE,21,Santa Fe,8,170,57200,39501,ALIANZA FRENTE PARA LA VICTORIA                                                                     ,,agrupacion,11693,PROVISORIO,api_dine,si
2015,PASO,PRESIDENTE Y VICE,21,Santa Fe,8,170,57200,39501,ALIANZA FRENTE PARA LA VICTORIA                                                                     ,A LISTA CELESTE Y BLANCA K NESTOR KIRCHNER                                                          ,lista,11693,PROVISORIO,api_dine,si
2015,PASO,PRESIDENTE Y VICE,21,Santa Fe,8,170,57200,39501,nulos,,nulos,487,PROVISORIO,api_dine,si
2015,PASO,PRESIDENTE Y VICE,21,Santa Fe,8,170,57200,39501,blancos,,blancos,2216,PROVISORIO,api_dine,si
2015,PASO,PRESIDENTE Y VICE,21,Santa Fe,8,170,57200,39501,recurridos,,recurridos,1,PROVISORIO,api_dine,si
2015,PASO,PRESIDENTE Y VICE,21,Santa Fe,9,1240,427886,292413,ALIANZA FRENTE POPULAR                                                                              ,,agrupacion,1320,PROVISORIO,api_dine,si
2015,PASO,PRESIDENTE Y VICE,21,Santa Fe,9,1240,427886,292413,ALIANZA FRENTE POPULAR                                                                              ,LISTA A PROTAGONISMO Y PARTICIPACION                                                                ,lista,1320,PROVISORIO,api_dine,si
2015,PASO,PRESIDENTE Y VICE,21,Santa Fe,9,1240,427886,292413,MOVIMIENTO AL SOCIALISMO                                                                            ,,agrupacion,1073,PROVISORIO,api_dine,si
2015,PASO,PRESIDENTE Y VICE,21,Santa Fe,9,1240,427886,292413,MOVIMIENTO AL SOCIALISMO                                                                            ,LISTA A SoB                                                                                         ,lista,1073,PROVISORIO,api_dine,si
2015,PASO,PRESIDENTE Y VICE,21,Santa Fe,9,1240,427886,292413,ALIANZA PROGRESISTAS                                                                                ,,agrupacion,19039,PROVISORIO,api_dine,si
2015,PASO,PRESIDENTE Y VICE,21,Santa Fe,9,1240,427886,292413,ALIANZA PROGRESISTAS                                                                                ,LISTA IGUALDAD Y DECENCIA MS                                                                        ,lista,19039,PROVISORIO,api_dine,si
2015,PASO,PRESIDENTE Y VICE,21,Santa Fe,9,1240,427886,292413,ALIANZA FRENTE PARA LA VICTORIA                                                                     ,,agrupacion,93904,PROVISORIO,api_dine,si
2015,PASO,PRESIDENTE Y VICE,21,Santa Fe,9,1240,427886,292413,ALIANZA FRENTE PARA LA VICTORIA                                                                     ,A LISTA CELESTE Y BLANCA K NESTOR KIRCHNER                                                          ,lista,93904,PROVISORIO,api_dine,si
2015,PASO,PRESIDENTE Y VICE,21,Santa Fe,9,1240,427886,292413,ALIANZA COMPROMISO FEDERAL                                                                          ,,agrupacion,5759,PROVISORIO,api_dine,si
2015,PASO,PRESIDENTE Y VICE,21,Santa Fe,9,1240,427886,292413,ALIANZA COMPROMISO FEDERAL                                                                          ,LISTA A 1                                                                                           ,lista,5759,PROVISORIO,api_dine,si
2015,PASO,PRESIDENTE Y VICE,21,Santa Fe,9,1240,427886,292413,ALIANZA UNIDOS POR UNA NUEVA ALTERNATIVA (UNA)                                                      ,,agrupacion,59344,PROVISORIO,api_dine,si
2015,PASO,PRESIDENTE Y VICE,21,Santa Fe,9,1240,427886,292413,ALIANZA UNIDOS POR UNA NUEVA ALTERNATIVA (UNA)                                                      ,D MOVIMIENTO DE UNIDAD                                                                              ,lista,21813,PROVISORIO,api_dine,si
2015,PASO,PRESIDENTE Y VICE,21,Santa Fe,9,1240,427886,292413,ALIANZA UNIDOS POR UNA NUEVA ALTERNATIVA (UNA)                                                      ,A FRENTE RENOVADOR +A15                                                                             ,lista,37531,PROVISORIO,api_dine,si
2015,PASO,PRESIDENTE Y VICE,21,Santa Fe,9,1240,427886,292413,ALIANZA CAMBIEMOS                                                                                   ,,agrupacion,80441,PROVISORIO,api_dine,si
2015,PASO,PRESIDENTE Y VICE,21,Santa Fe,9,1240,427886,292413,ALIANZA CAMBIEMOS                                                                                   ,LISTA E EL PODER DE LA UNION                                                                        ,lista,6686,PROVISORIO,api_dine,si
2015,PASO,PRESIDENTE Y VICE,21,Santa Fe,9,1240,427886,292413,ALIANZA CAMBIEMOS                                                                                   ,LISTA G EL CAMINO DEL CAMBIO                                                                        ,lista,63125,PROVISORIO,api_dine,si
2015,PASO,PRESIDENTE Y VICE,21,Santa Fe,9,1240,427886,292413,ALIANZA CAMBIEMOS                                                                                   ,LISTA F REPUBLICA DE LIBRES E IGUALES                                                               ,lista,10630,PROVISORIO,api_dine,si
2015,PASO,PRESIDENTE Y VICE,21,Santa Fe,9,1240,427886,292413,MOVIMIENTO DE ACCION VECINAL                                                                        ,,agrupacion,503,PROVISORIO,api_dine,si
2015,PASO,PRESIDENTE Y VICE,21,Santa Fe,9,1240,427886,292413,MOVIMIENTO DE ACCION VECINAL                                                                        ,COMPROMISO VECINAL LISTA A                                                                          ,lista,503,PROVISORIO,api_dine,si
2015,PASO,PRESIDENTE Y VICE,21,Santa Fe,9,1240,427886,292413,MST - NUEVA IZQUIERDA                                                                               ,,agrupacion,1078,PROVISORIO,api_dine,si
2015,PASO,PRESIDENTE Y VICE,21,Santa Fe,9,1240,427886,292413,MST - NUEVA IZQUIERDA                                                                               ,LISTA UNIDAD A                                                                                      ,lista,1078,PROVISORIO,api_dine,si
2015,PASO,PRESIDENTE Y VICE,21,Santa Fe,9,1240,427886,292413,PARTIDO POPULAR                                                                                     ,,agrupacion,924,PROVISORIO,api_dine,si
2015,PASO,PRESIDENTE Y VICE,21,Santa Fe,9,1240,427886,292413,PARTIDO POPULAR                                                                                     ,LISTA A MOVIMIENTO SOLIDARIO POPULAR                                                                ,lista,924,PROVISORIO,api_dine,si
2015,PASO,PRESIDENTE Y VICE,21,Santa Fe,9,1240,427886,292413,ALIANZA FRENTE DE IZQUIERDA Y DE LOS TRABAJADORES                                                   ,,agrupacion,6175,PROVISORIO,api_dine,si
2015,PASO,PRESIDENTE Y VICE,21,Santa Fe,9,1240,427886,292413,ALIANZA FRENTE DE IZQUIERDA Y DE LOS TRABAJADORES                                                   ,LISTA 1 A RENOVAR Y FORTALECER EL FRENTE                                                            ,lista,3505,PROVISORIO,api_dine,si
2015,PASO,PRESIDENTE Y VICE,21,Santa Fe,9,1240,427886,292413,ALIANZA FRENTE DE IZQUIERDA Y DE LOS TRABAJADORES                                                   ,LISTA UNIDAD - 2 U                                                                                  ,lista,2670,PROVISORIO,api_dine,si
2015,PASO,PRESIDENTE Y VICE,21,Santa Fe,9,1240,427886,292413,nulos,,nulos,7823,PROVISORIO,api_dine,si
2015,PASO,PRESIDENTE Y VICE,21,Santa Fe,9,1240,427886,292413,blancos,,blancos,14856,PROVISORIO,api_dine,si
2015,PASO,PRESIDENTE Y VICE,21,Santa Fe,9,1240,427886,292413,recurridos,,recurridos,174,PROVISORIO,api_dine,si
2015,PASO,PRESIDENTE Y VICE,21,Santa Fe,11,265,85119,62331,ALIANZA FRENTE DE IZQUIERDA Y DE LOS TRABAJADORES                                                   ,,agrupacion,739,PROVISORIO,api_dine,si
2015,PASO,PRESIDENTE Y VICE,21,Santa Fe,11,265,85119,62331,ALIANZA FRENTE DE IZQUIERDA Y DE LOS TRABAJADORES                                                   ,LISTA UNIDAD - 2 U                                                                                  ,lista,420,PROVISORIO,api_dine,si
2015,PASO,PRESIDENTE Y VICE,21,Santa Fe,11,265,85119,62331,ALIANZA FRENTE DE IZQUIERDA Y DE LOS TRABAJADORES                                                   ,LISTA 1 A RENOVAR Y FORTALECER EL FRENTE                                                            ,lista,319,PROVISORIO,api_dine,si
2015,PASO,PRESIDENTE Y VICE,21,Santa Fe,11,265,85119,62331,MOVIMIENTO AL SOCIALISMO                                                                            ,,agrupacion,287,PROVISORIO,api_dine,si
2015,PASO,PRESIDENTE Y VICE,21,Santa Fe,11,265,85119,62331,MOVIMIENTO AL SOCIALISMO                                                                            ,LISTA A SoB                                                                                         ,lista,287,PROVISORIO,api_dine,si
2015,PASO,PRESIDENTE Y VICE,21,Santa Fe,11,265,85119,62331,ALIANZA PROGRESISTAS                                                                                ,,agrupacion,2533,PROVISORIO,api_dine,si
2015,PASO,PRESIDENTE Y VICE,21,Santa Fe,11,265,85119,62331,ALIANZA PROGRESISTAS                                                                                ,LISTA IGUALDAD Y DECENCIA MS                                                                        ,lista,2533,PROVISORIO,api_dine,si
2015,PASO,PRESIDENTE Y VICE,21,Santa Fe,11,265,85119,62331,ALIANZA COMPROMISO FEDERAL                                                                          ,,agrupacion,1882,PROVISORIO,api_dine,si
2015,PASO,PRESIDENTE Y VICE,21,Santa Fe,11,265,85119,62331,ALIANZA COMPROMISO FEDERAL                                                                          ,LISTA A 1                                                                                           ,lista,1882,PROVISORIO,api_dine,si
2015,PASO,PRESIDENTE Y VICE,21,Santa Fe,11,265,85119,62331,PARTIDO POPULAR                                                                                     ,,agrupacion,236,PROVISORIO,api_dine,si
2015,PASO,PRESIDENTE Y VICE,21,Santa Fe,11,265,85119,62331,PARTIDO POPULAR                                                                                     ,LISTA A MOVIMIENTO SOLIDARIO POPULAR                                                                ,lista,236,PROVISORIO,api_dine,si
2015,PASO,PRESIDENTE Y VICE,21,Santa Fe,11,265,85119,62331,ALIANZA FRENTE PARA LA VICTORIA                                                                     ,,agrupacion,13515,PROVISORIO,api_dine,si
2015,PASO,PRESIDENTE Y VICE,21,Santa Fe,11,265,85119,62331,ALIANZA FRENTE PARA LA VICTORIA                                                                     ,A LISTA CELESTE Y BLANCA K NESTOR KIRCHNER                                                          ,lista,13515,PROVISORIO,api_dine,si
2015,PASO,PRESIDENTE Y VICE,21,Santa Fe,11,265,85119,62331,ALIANZA UNIDOS POR UNA NUEVA ALTERNATIVA (UNA)                                                      ,,agrupacion,13775,PROVISORIO,api_dine,si
2015,PASO,PRESIDENTE Y VICE,21,Santa Fe,11,265,85119,62331,ALIANZA UNIDOS POR UNA NUEVA ALTERNATIVA (UNA)                                                      ,A FRENTE RENOVADOR +A15                                                                             ,lista,7650,PROVISORIO,api_dine,si
2015,PASO,PRESIDENTE Y VICE,21,Santa Fe,11,265,85119,62331,ALIANZA UNIDOS POR UNA NUEVA ALTERNATIVA (UNA)                                                      ,D MOVIMIENTO DE UNIDAD                                                                              ,lista,6125,PROVISORIO,api_dine,si
2015,PASO,PRESIDENTE Y VICE,21,Santa Fe,11,265,85119,62331,MOVIMIENTO DE ACCION VECINAL                                                                        ,,agrupacion,83,PROVISORIO,api_dine,si
2015,PASO,PRESIDENTE Y VICE,21,Santa Fe,11,265,85119,62331,MOVIMIENTO DE ACCION VECINAL                                                                        ,COMPROMISO VECINAL LISTA A                                                                          ,lista,83,PROVISORIO,api_dine,si
2015,PASO,PRESIDENTE Y VICE,21,Santa Fe,11,265,85119,62331,ALIANZA FRENTE POPULAR                                                                              ,,agrupacion,109,PROVISORIO,api_dine,si
2015,PASO,PRESIDENTE Y VICE,21,Santa Fe,11,265,85119,62331,ALIANZA FRENTE POPULAR                                                                              ,LISTA A PROTAGONISMO Y PARTICIPACION                                                                ,lista,109,PROVISORIO,api_dine,si
2015,PASO,PRESIDENTE Y VICE,21,Santa Fe,11,265,85119,62331,MST - NUEVA IZQUIERDA                                                                               ,,agrupacion,124,PROVISORIO,api_dine,si
2015,PASO,PRESIDENTE Y VICE,21,Santa Fe,11,265,85119,62331,MST - NUEVA IZQUIERDA                                                                               ,LISTA UNIDAD A                                                                                      ,lista,124,PROVISORIO,api_dine,si
2015,PASO,PRESIDENTE Y VICE,21,Santa Fe,11,265,85119,62331,ALIANZA CAMBIEMOS                                                                                   ,,agrupacion,23717,PROVISORIO,api_dine,si
2015,PASO,PRESIDENTE Y VICE,21,Santa Fe,11,265,85119,62331,ALIANZA CAMBIEMOS                                                                                   ,LISTA E EL PODER DE LA UNION                                                                        ,lista,2086,PROVISORIO,api_dine,si
2015,PASO,PRESIDENTE Y VICE,21,Santa Fe,11,265,85119,62331,ALIANZA CAMBIEMOS                                                                                   ,LISTA F REPUBLICA DE LIBRES E IGUALES                                                               ,lista,2421,PROVISORIO,api_dine,si
2015,PASO,PRESIDENTE Y VICE,21,Santa Fe,11,265,85119,62331,ALIANZA CAMBIEMOS                                                                                   ,LISTA G EL CAMINO DEL CAMBIO                                                                        ,lista,19210,PROVISORIO,api_dine,si
2015,PASO,PRESIDENTE Y VICE,21,Santa Fe,11,265,85119,62331,nulos,,nulos,1112,PROVISORIO,api_dine,si
2015,PASO,PRESIDENTE Y VICE,21,Santa Fe,11,265,85119,62331,blancos,,blancos,4218,PROVISORIO,api_dine,si
2015,PASO,PRESIDENTE Y VICE,21,Santa Fe,11,265,85119,62331,recurridos,,recurridos,1,PROVISORIO,api_dine,si
2015,PASO,PRESIDENTE Y VICE,21,Santa Fe,12,76,24760,16190,ALIANZA COMPROMISO FEDERAL                                                                          ,,agrupacion,269,PROVISORIO,api_dine,si
2015,PASO,PRESIDENTE Y VICE,21,Santa Fe,12,76,24760,16190,ALIANZA COMPROMISO FEDERAL                                                                          ,LISTA A 1                                                                                           ,lista,269,PROVISORIO,api_dine,si
2015,PASO,PRESIDENTE Y VICE,21,Santa Fe,12,76,24760,16190,ALIANZA FRENTE PARA LA VICTORIA                                                                     ,,agrupacion,5904,PROVISORIO,api_dine,si
2015,PASO,PRESIDENTE Y VICE,21,Santa Fe,12,76,24760,16190,ALIANZA FRENTE PARA LA VICTORIA                                                                     ,A LISTA CELESTE Y BLANCA K NESTOR KIRCHNER                                                          ,lista,5904,PROVISORIO,api_dine,si
2015,PASO,PRESIDENTE Y VICE,21,Santa Fe,12,76,24760,16190,ALIANZA CAMBIEMOS                                                                                   ,,agrupacion,5251,PROVISORIO,api_dine,si
2015,PASO,PRESIDENTE Y VICE,21,Santa Fe,12,76,24760,16190,ALIANZA CAMBIEMOS                                                                                   ,LISTA E EL PODER DE LA UNION                                                                        ,lista,431,PROVISORIO,api_dine,si
2015,PASO,PRESIDENTE Y VICE,21,Santa Fe,12,76,24760,16190,ALIANZA CAMBIEMOS                                                                                   ,LISTA F REPUBLICA DE LIBRES E IGUALES                                                               ,lista,408,PROVISORIO,api_dine,si
2015,PASO,PRESIDENTE Y VICE,21,Santa Fe,12,76,24760,16190,ALIANZA CAMBIEMOS                                                                                   ,LISTA G EL CAMINO DEL CAMBIO                                                                        ,lista,4412,PROVISORIO,api_dine,si
2015,PASO,PRESIDENTE Y VICE,21,Santa Fe,12,76,24760,16190,MST - NUEVA IZQUIERDA                                                                               ,,agrupacion,40,PROVISORIO,api_dine,si
2015,PASO,PRESIDENTE Y VICE,21,Santa Fe,12,76,24760,16190,MST - NUEVA IZQUIERDA                                                                               ,LISTA UNIDAD A                                                                                      ,lista,40,PROVISORIO,api_dine,si
2015,PASO,PRESIDENTE Y VICE,21,Santa Fe,12,76,24760,16190,ALIANZA UNIDOS POR UNA NUEVA ALTERNATIVA (UNA)                                                      ,,agrupacion,2587,PROVISORIO,api_dine,si
2015,PASO,PRESIDENTE Y VICE,21,Santa Fe,12,76,24760,16190,ALIANZA UNIDOS POR UNA NUEVA ALTERNATIVA (UNA)                                                      ,D MOVIMIENTO DE UNIDAD                                                                              ,lista,1084,PROVISORIO,api_dine,si
2015,PASO,PRESIDENTE Y VICE,21,Santa Fe,12,76,24760,16190,ALIANZA UNIDOS POR UNA NUEVA ALTERNATIVA (UNA)                                                      ,A FRENTE RENOVADOR +A15                                                                             ,lista,1503,PROVISORIO,api_dine,si
2015,PASO,PRESIDENTE Y VICE,21,Santa Fe,12,76,24760,16190,PARTIDO POPULAR                                                                                     ,,agrupacion,168,PROVISORIO,api_dine,si
2015,PASO,PRESIDENTE Y VICE,21,Santa Fe,12,76,24760,16190,PARTIDO POPULAR                                                                                     ,LISTA A MOVIMIENTO SOLIDARIO POPULAR                                                                ,lista,168,PROVISORIO,api_dine,si
2015,PASO,PRESIDENTE Y VICE,21,Santa Fe,12,76,24760,16190,ALIANZA PROGRESISTAS                                                                                ,,agrupacion,604,PROVISORIO,api_dine,si
2015,PASO,PRESIDENTE Y VICE,21,Santa Fe,12,76,24760,16190,ALIANZA PROGRESISTAS                                                                                ,LISTA IGUALDAD Y DECENCIA MS                                                                        ,lista,604,PROVISORIO,api_dine,si
2015,PASO,PRESIDENTE Y VICE,21,Santa Fe,12,76,24760,16190,ALIANZA FRENTE POPULAR                                                                              ,,agrupacion,43,PROVISORIO,api_dine,si
2015,PASO,PRESIDENTE Y VICE,21,Santa Fe,12,76,24760,16190,ALIANZA FRENTE POPULAR                                                                              ,LISTA A PROTAGONISMO Y PARTICIPACION                                                                ,lista,43,PROVISORIO,api_dine,si
2015,PASO,PRESIDENTE Y VICE,21,Santa Fe,12,76,24760,16190,MOVIMIENTO DE ACCION VECINAL                                                                        ,,agrupacion,35,PROVISORIO,api_dine,si
2015,PASO,PRESIDENTE Y VICE,21,Santa Fe,12,76,24760,16190,MOVIMIENTO DE ACCION VECINAL                                                                        ,COMPROMISO VECINAL LISTA A                                                                          ,lista,35,PROVISORIO,api_dine,si
2015,PASO,PRESIDENTE Y VICE,21,Santa Fe,12,76,24760,16190,ALIANZA FRENTE DE IZQUIERDA Y DE LOS TRABAJADORES                                                   ,,agrupacion,102,PROVISORIO,api_dine,si
2015,PASO,PRESIDENTE Y VICE,21,Santa Fe,12,76,24760,16190,ALIANZA FRENTE DE IZQUIERDA Y DE LOS TRABAJADORES                                                   ,LISTA 1 A RENOVAR Y FORTALECER EL FRENTE                                                            ,lista,55,PROVISORIO,api_dine,si
2015,PASO,PRESIDENTE Y VICE,21,Santa Fe,12,76,24760,16190,ALIANZA FRENTE DE IZQUIERDA Y DE LOS TRABAJADORES                                                   ,LISTA UNIDAD - 2 U                                                                                  ,lista,47,PROVISORIO,api_dine,si
2015,PASO,PRESIDENTE Y VICE,21,Santa Fe,12,76,24760,16190,MOVIMIENTO AL SOCIALISMO                                                                            ,,agrupacion,112,PROVISORIO,api_dine,si
2015,PASO,PRESIDENTE Y VICE,21,Santa Fe,12,76,24760,16190,MOVIMIENTO AL SOCIALISMO                                                                            ,LISTA A SoB                                                                                         ,lista,112,PROVISORIO,api_dine,si
2015,PASO,PRESIDENTE Y VICE,21,Santa Fe,12,76,24760,16190,nulos,,nulos,267,PROVISORIO,api_dine,si
2015,PASO,PRESIDENTE Y VICE,21,Santa Fe,12,76,24760,16190,blancos,,blancos,807,PROVISORIO,api_dine,si
2015,PASO,PRESIDENTE Y VICE,21,Santa Fe,12,76,24760,16190,recurridos,,recurridos,1,PROVISORIO,api_dine,si
2015,PASO,PRESIDENTE Y VICE,21,Santa Fe,13,2959,1021472,663538,ALIANZA UNIDOS POR UNA NUEVA ALTERNATIVA (UNA)                                                      ,,agrupacion,134996,PROVISORIO,api_dine,si
2015,PASO,PRESIDENTE Y VICE,21,Santa Fe,13,2959,1021472,663538,ALIANZA UNIDOS POR UNA NUEVA ALTERNATIVA (UNA)                                                      ,A FRENTE RENOVADOR +A15                                                                             ,lista,95530,PROVISORIO,api_dine,si
2015,PASO,PRESIDENTE Y VICE,21,Santa Fe,13,2959,1021472,663538,ALIANZA UNIDOS POR UNA NUEVA ALTERNATIVA (UNA)                                                      ,D MOVIMIENTO DE UNIDAD                                                                              ,lista,39466,PROVISORIO,api_dine,si
2015,PASO,PRESIDENTE Y VICE,21,Santa Fe,13,2959,1021472,663538,ALIANZA CAMBIEMOS                                                                                   ,,agrupacion,177743,PROVISORIO,api_dine,si
2015,PASO,PRESIDENTE Y VICE,21,Santa Fe,13,2959,1021472,663538,ALIANZA CAMBIEMOS                                                                                   ,LISTA F REPUBLICA DE LIBRES E IGUALES                                                               ,lista,22477,PROVISORIO,api_dine,si
2015,PASO,PRESIDENTE Y VICE,21,Santa Fe,13,2959,1021472,663538,ALIANZA CAMBIEMOS                                                                                   ,LISTA E EL PODER DE LA UNION                                                                        ,lista,10957,PROVISORIO,api_dine,si
2015,PASO,PRESIDENTE Y VICE,21,Santa Fe,13,2959,1021472,663538,ALIANZA CAMBIEMOS                                                                                   ,LISTA G EL CAMINO DEL CAMBIO                                                                        ,lista,144309,PROVISORIO,api_dine,si
2015,PASO,PRESIDENTE Y VICE,21,Santa Fe,13,2959,1021472,663538,ALIANZA FRENTE POPULAR                                                                              ,,agrupacion,4369,PROVISORIO,api_dine,si
2015,PASO,PRESIDENTE Y VICE,21,Santa Fe,13,2959,1021472,663538,ALIANZA FRENTE POPULAR                                                                              ,LISTA A PROTAGONISMO Y PARTICIPACION                                                                ,lista,4369,PROVISORIO,api_dine,si
2015,PASO,PRESIDENTE Y VICE,21,Santa Fe,13,2959,1021472,663538,MOVIMIENTO AL SOCIALISMO                                                                            ,,agrupacion,2266,PROVISORIO,api_dine,si
2015,PASO,PRESIDENTE Y VICE,21,Santa Fe,13,2959,1021472,663538,MOVIMIENTO AL SOCIALISMO                                                                            ,LISTA A SoB                                                                                         ,lista,2266,PROVISORIO,api_dine,si
2015,PASO,PRESIDENTE Y VICE,21,Santa Fe,13,2959,1021472,663538,PARTIDO POPULAR                                                                                     ,,agrupacion,1525,PROVISORIO,api_dine,si
2015,PASO,PRESIDENTE Y VICE,21,Santa Fe,13,2959,1021472,663538,PARTIDO POPULAR                                                                                     ,LISTA A MOVIMIENTO SOLIDARIO POPULAR                                                                ,lista,1525,PROVISORIO,api_dine,si
2015,PASO,PRESIDENTE Y VICE,21,Santa Fe,13,2959,1021472,663538,ALIANZA PROGRESISTAS                                                                                ,,agrupacion,47216,PROVISORIO,api_dine,si
2015,PASO,PRESIDENTE Y VICE,21,Santa Fe,13,2959,1021472,663538,ALIANZA PROGRESISTAS                                                                                ,LISTA IGUALDAD Y DECENCIA MS                                                                        ,lista,47216,PROVISORIO,api_dine,si
2015,PASO,PRESIDENTE Y VICE,21,Santa Fe,13,2959,1021472,663538,ALIANZA COMPROMISO FEDERAL                                                                          ,,agrupacion,18190,PROVISORIO,api_dine,si
2015,PASO,PRESIDENTE Y VICE,21,Santa Fe,13,2959,1021472,663538,ALIANZA COMPROMISO FEDERAL                                                                          ,LISTA A 1                                                                                           ,lista,18190,PROVISORIO,api_dine,si
2015,PASO,PRESIDENTE Y VICE,21,Santa Fe,13,2959,1021472,663538,ALIANZA FRENTE PARA LA VICTORIA                                                                     ,,agrupacion,199832,PROVISORIO,api_dine,si
2015,PASO,PRESIDENTE Y VICE,21,Santa Fe,13,2959,1021472,663538,ALIANZA FRENTE PARA LA VICTORIA                                                                     ,A LISTA CELESTE Y BLANCA K NESTOR KIRCHNER                                                          ,lista,199832,PROVISORIO,api_dine,si
2015,PASO,PRESIDENTE Y VICE,21,Santa Fe,13,2959,1021472,663538,MOVIMIENTO DE ACCION VECINAL                                                                        ,,agrupacion,892,PROVISORIO,api_dine,si
2015,PASO,PRESIDENTE Y VICE,21,Santa Fe,13,2959,1021472,663538,MOVIMIENTO DE ACCION VECINAL                                                                        ,COMPROMISO VECINAL LISTA A                                                                          ,lista,892,PROVISORIO,api_dine,si
2015,PASO,PRESIDENTE Y VICE,21,Santa Fe,13,2959,1021472,663538,ALIANZA FRENTE DE IZQUIERDA Y DE LOS TRABAJADORES                                                   ,,agrupacion,19697,PROVISORIO,api_dine,si
2015,PASO,PRESIDENTE Y VICE,21,Santa Fe,13,2959,1021472,663538,ALIANZA FRENTE DE IZQUIERDA Y DE LOS TRABAJADORES                                                   ,LISTA 1 A RENOVAR Y FORTALECER EL FRENTE                                                            ,lista,12137,PROVISORIO,api_dine,si
2015,PASO,PRESIDENTE Y VICE,21,Santa Fe,13,2959,1021472,663538,ALIANZA FRENTE DE IZQUIERDA Y DE LOS TRABAJADORES                                                   ,LISTA UNIDAD - 2 U                                                                                  ,lista,7560,PROVISORIO,api_dine,si
2015,PASO,PRESIDENTE Y VICE,21,Santa Fe,13,2959,1021472,663538,MST - NUEVA IZQUIERDA                                                                               ,,agrupacion,3112,PROVISORIO,api_dine,si
2015,PASO,PRESIDENTE Y VICE,21,Santa Fe,13,2959,1021472,663538,MST - NUEVA IZQUIERDA                                                                               ,LISTA UNIDAD A                                                                                      ,lista,3112,PROVISORIO,api_dine,si
2015,PASO,PRESIDENTE Y VICE,21,Santa Fe,13,2959,1021472,663538,nulos,,nulos,17538,PROVISORIO,api_dine,si
2015,PASO,PRESIDENTE Y VICE,21,Santa Fe,13,2959,1021472,663538,blancos,,blancos,35732,PROVISORIO,api_dine,si
2015,PASO,PRESIDENTE Y VICE,21,Santa Fe,13,2959,1021472,663538,recurridos,,recurridos,430,PROVISORIO,api_dine,si
2015,PASO,PRESIDENTE Y VICE,21,Santa Fe,16,178,56592,36488,MOVIMIENTO AL SOCIALISMO                                                                            ,,agrupacion,127,PROVISORIO,api_dine,si
2015,PASO,PRESIDENTE Y VICE,21,Santa Fe,16,178,56592,36488,MOVIMIENTO AL SOCIALISMO                                                                            ,LISTA A SoB                                                                                         ,lista,127,PROVISORIO,api_dine,si
2015,PASO,PRESIDENTE Y VICE,21,Santa Fe,16,178,56592,36488,ALIANZA PROGRESISTAS                                                                                ,,agrupacion,1320,PROVISORIO,api_dine,si
2015,PASO,PRESIDENTE Y VICE,21,Santa Fe,16,178,56592,36488,ALIANZA PROGRESISTAS                                                                                ,LISTA IGUALDAD Y DECENCIA MS                                                                        ,lista,1320,PROVISORIO,api_dine,si
2015,PASO,PRESIDENTE Y VICE,21,Santa Fe,16,178,56592,36488,ALIANZA COMPROMISO FEDERAL                                                                          ,,agrupacion,654,PROVISORIO,api_dine,si
2015,PASO,PRESIDENTE Y VICE,21,Santa Fe,16,178,56592,36488,ALIANZA COMPROMISO FEDERAL                                                                          ,LISTA A 1                                                                                           ,lista,654,PROVISORIO,api_dine,si
2015,PASO,PRESIDENTE Y VICE,21,Santa Fe,16,178,56592,36488,ALIANZA UNIDOS POR UNA NUEVA ALTERNATIVA (UNA)                                                      ,,agrupacion,6644,PROVISORIO,api_dine,si
2015,PASO,PRESIDENTE Y VICE,21,Santa Fe,16,178,56592,36488,ALIANZA UNIDOS POR UNA NUEVA ALTERNATIVA (UNA)                                                      ,D MOVIMIENTO DE UNIDAD                                                                              ,lista,3210,PROVISORIO,api_dine,si
2015,PASO,PRESIDENTE Y VICE,21,Santa Fe,16,178,56592,36488,ALIANZA UNIDOS POR UNA NUEVA ALTERNATIVA (UNA)                                                      ,A FRENTE RENOVADOR +A15                                                                             ,lista,3434,PROVISORIO,api_dine,si
2015,PASO,PRESIDENTE Y VICE,21,Santa Fe,16,178,56592,36488,ALIANZA FRENTE DE IZQUIERDA Y DE LOS TRABAJADORES                                                   ,,agrupacion,301,PROVISORIO,api_dine,si
2015,PASO,PRESIDENTE Y VICE,21,Santa Fe,16,178,56592,36488,ALIANZA FRENTE DE IZQUIERDA Y DE LOS TRABAJADORES                                                   ,LISTA 1 A RENOVAR Y FORTALECER EL FRENTE                                                            ,lista,151,PROVISORIO,api_dine,si
2015,PASO,PRESIDENTE Y VICE,21,Santa Fe,16,178,56592,36488,ALIANZA FRENTE DE IZQUIERDA Y DE LOS TRABAJADORES                                                   ,LISTA UNIDAD - 2 U                                                                                  ,lista,150,PROVISORIO,api_dine,si
2015,PASO,PRESIDENTE Y VICE,21,Santa Fe,16,178,56592,36488,ALIANZA CAMBIEMOS                                                                                   ,,agrupacion,12138,PROVISORIO,api_dine,si
2015,PASO,PRESIDENTE Y VICE,21,Santa Fe,16,178,56592,36488,ALIANZA CAMBIEMOS                                                                                   ,LISTA E EL PODER DE LA UNION                                                                        ,lista,1856,PROVISORIO,api_dine,si
2015,PASO,PRESIDENTE Y VICE,21,Santa Fe,16,178,56592,36488,ALIANZA CAMBIEMOS                                                                                   ,LISTA F REPUBLICA DE LIBRES E IGUALES                                                               ,lista,915,PROVISORIO,api_dine,si
2015,PASO,PRESIDENTE Y VICE,21,Santa Fe,16,178,56592,36488,ALIANZA CAMBIEMOS                                                                                   ,LISTA G EL CAMINO DEL CAMBIO                                                                        ,lista,9367,PROVISORIO,api_dine,si
2015,PASO,PRESIDENTE Y VICE,21,Santa Fe,16,178,56592,36488,MST - NUEVA IZQUIERDA                                                                               ,,agrupacion,44,PROVISORIO,api_dine,si
2015,PASO,PRESIDENTE Y VICE,21,Santa Fe,16,178,56592,36488,MST - NUEVA IZQUIERDA                                                                               ,LISTA UNIDAD A                                                                                      ,lista,44,PROVISORIO,api_dine,si
2015,PASO,PRESIDENTE Y VICE,21,Santa Fe,16,178,56592,36488,ALIANZA FRENTE PARA LA VICTORIA                                                                     ,,agrupacion,12313,PROVISORIO,api_dine,si
2015,PASO,PRESIDENTE Y VICE,21,Santa Fe,16,178,56592,36488,ALIANZA FRENTE PARA LA VICTORIA                                                                     ,A LISTA CELESTE Y BLANCA K NESTOR KIRCHNER                                                          ,lista,12313,PROVISORIO,api_dine,si
2015,PASO,PRESIDENTE Y VICE,21,Santa Fe,16,178,56592,36488,ALIANZA FRENTE POPULAR                                                                              ,,agrupacion,64,PROVISORIO,api_dine,si
2015,PASO,PRESIDENTE Y VICE,21,Santa Fe,16,178,56592,36488,ALIANZA FRENTE POPULAR                                                                              ,LISTA A PROTAGONISMO Y PARTICIPACION                                                                ,lista,64,PROVISORIO,api_dine,si
2015,PASO,PRESIDENTE Y VICE,21,Santa Fe,16,178,56592,36488,PARTIDO POPULAR                                                                                     ,,agrupacion,116,PROVISORIO,api_dine,si
2015,PASO,PRESIDENTE Y VICE,21,Santa Fe,16,178,56592,36488,PARTIDO POPULAR                                                                                     ,LISTA A MOVIMIENTO SOLIDARIO POPULAR                                                                ,lista,116,PROVISORIO,api_dine,si
2015,PASO,PRESIDENTE Y VICE,21,Santa Fe,16,178,56592,36488,MOVIMIENTO DE ACCION VECINAL                                                                        ,,agrupacion,73,PROVISORIO,api_dine,si
2015,PASO,PRESIDENTE Y VICE,21,Santa Fe,16,178,56592,36488,MOVIMIENTO DE ACCION VECINAL                                                                        ,COMPROMISO VECINAL LISTA A                                                                          ,lista,73,PROVISORIO,api_dine,si
2015,PASO,PRESIDENTE Y VICE,21,Santa Fe,16,178,56592,36488,nulos,,nulos,496,PROVISORIO,api_dine,si
2015,PASO,PRESIDENTE Y VICE,21,Santa Fe,16,178,56592,36488,blancos,,blancos,2194,PROVISORIO,api_dine,si
2015,PASO,PRESIDENTE Y VICE,21,Santa Fe,16,178,56592,36488,recurridos,,recurridos,4,PROVISORIO,api_dine,si
2015,PASO,PRESIDENTE Y VICE,21,Santa Fe,17,83,26017,16008,MOVIMIENTO DE ACCION VECINAL                                                                        ,,agrupacion,31,PROVISORIO,api_dine,si
2015,PASO,PRESIDENTE Y VICE,21,Santa Fe,17,83,26017,16008,MOVIMIENTO DE ACCION VECINAL                                                                        ,COMPROMISO VECINAL LISTA A                                                                          ,lista,31,PROVISORIO,api_dine,si
2015,PASO,PRESIDENTE Y VICE,21,Santa Fe,17,83,26017,16008,ALIANZA COMPROMISO FEDERAL                                                                          ,,agrupacion,232,PROVISORIO,api_dine,si
2015,PASO,PRESIDENTE Y VICE,21,Santa Fe,17,83,26017,16008,ALIANZA COMPROMISO FEDERAL                                                                          ,LISTA A 1                                                                                           ,lista,232,PROVISORIO,api_dine,si
2015,PASO,PRESIDENTE Y VICE,21,Santa Fe,17,83,26017,16008,ALIANZA PROGRESISTAS                                                                                ,,agrupacion,558,PROVISORIO,api_dine,si
2015,PASO,PRESIDENTE Y VICE,21,Santa Fe,17,83,26017,16008,ALIANZA PROGRESISTAS                                                                                ,LISTA IGUALDAD Y DECENCIA MS                                                                        ,lista,558,PROVISORIO,api_dine,si
2015,PASO,PRESIDENTE Y VICE,21,Santa Fe,17,83,26017,16008,ALIANZA CAMBIEMOS                                                                                   ,,agrupacion,4479,PROVISORIO,api_dine,si
2015,PASO,PRESIDENTE Y VICE,21,Santa Fe,17,83,26017,16008,ALIANZA CAMBIEMOS                                                                                   ,LISTA E EL PODER DE LA UNION                                                                        ,lista,916,PROVISORIO,api_dine,si
2015,PASO,PRESIDENTE Y VICE,21,Santa Fe,17,83,26017,16008,ALIANZA CAMBIEMOS                                                                                   ,LISTA G EL CAMINO DEL CAMBIO                                                                        ,lista,3299,PROVISORIO,api_dine,si
2015,PASO,PRESIDENTE Y VICE,21,Santa Fe,17,83,26017,16008,ALIANZA CAMBIEMOS                                                                                   ,LISTA F REPUBLICA DE LIBRES E IGUALES                                                               ,lista,264,PROVISORIO,api_dine,si
2015,PASO,PRESIDENTE Y VICE,21,Santa Fe,17,83,26017,16008,ALIANZA UNIDOS POR UNA NUEVA ALTERNATIVA (UNA)                                                      ,,agrupacion,2117,PROVISORIO,api_dine,si
2015,PASO,PRESIDENTE Y VICE,21,Santa Fe,17,83,26017,16008,ALIANZA UNIDOS POR UNA NUEVA ALTERNATIVA (UNA)                                                      ,D MOVIMIENTO DE UNIDAD                                                                              ,lista,1011,PROVISORIO,api_dine,si
2015,PASO,PRESIDENTE Y VICE,21,Santa Fe,17,83,26017,16008,ALIANZA UNIDOS POR UNA NUEVA ALTERNATIVA (UNA)                                                      ,A FRENTE RENOVADOR +A15                                                                             ,lista,1106,PROVISORIO,api_dine,si
2015,PASO,PRESIDENTE Y VICE,21,Santa Fe,17,83,26017,16008,PARTIDO POPULAR                                                                                     ,,agrupacion,44,PROVISORIO,api_dine,si
2015,PASO,PRESIDENTE Y VICE,21,Santa Fe,17,83,26017,16008,PARTIDO POPULAR                                                                                     ,LISTA A MOVIMIENTO SOLIDARIO POPULAR                                                                ,lista,44,PROVISORIO,api_dine,si
2015,PASO,PRESIDENTE Y VICE,21,Santa Fe,17,83,26017,16008,ALIANZA FRENTE DE IZQUIERDA Y DE LOS TRABAJADORES                                                   ,,agrupacion,108,PROVISORIO,api_dine,si
2015,PASO,PRESIDENTE Y VICE,21,Santa Fe,17,83,26017,16008,ALIANZA FRENTE DE IZQUIERDA Y DE LOS TRABAJADORES                                                   ,LISTA 1 A RENOVAR Y FORTALECER EL FRENTE                                                            ,lista,53,PROVISORIO,api_dine,si
2015,PASO,PRESIDENTE Y VICE,21,Santa Fe,17,83,26017,16008,ALIANZA FRENTE DE IZQUIERDA Y DE LOS TRABAJADORES                                                   ,LISTA UNIDAD - 2 U                                                                                  ,lista,55,PROVISORIO,api_dine,si
2015,PASO,PRESIDENTE Y VICE,21,Santa Fe,17,83,26017,16008,MOVIMIENTO AL SOCIALISMO                                                                            ,,agrupacion,52,PROVISORIO,api_dine,si
2015,PASO,PRESIDENTE Y VICE,21,Santa Fe,17,83,26017,16008,MOVIMIENTO AL SOCIALISMO                                                                            ,LISTA A SoB                                                                                         ,lista,52,PROVISORIO,api_dine,si
2015,PASO,PRESIDENTE Y VICE,21,Santa Fe,17,83,26017,16008,ALIANZA FRENTE PARA LA VICTORIA                                                                     ,,agrupacion,6855,PROVISORIO,api_dine,si
2015,PASO,PRESIDENTE Y VICE,21,Santa Fe,17,83,26017,16008,ALIANZA FRENTE PARA LA VICTORIA                                                                     ,A LISTA CELESTE Y BLANCA K NESTOR KIRCHNER                                                          ,lista,6855,PROVISORIO,api_dine,si
2015,PASO,PRESIDENTE Y VICE,21,Santa Fe,17,83,26017,16008,ALIANZA FRENTE POPULAR                                                                              ,,agrupacion,62,PROVISORIO,api_dine,si
2015,PASO,PRESIDENTE Y VICE,21,Santa Fe,17,83,26017,16008,ALIANZA FRENTE POPULAR                                                                              ,LISTA A PROTAGONISMO Y PARTICIPACION                                                                ,lista,62,PROVISORIO,api_dine,si
2015,PASO,PRESIDENTE Y VICE,21,Santa Fe,17,83,26017,16008,MST - NUEVA IZQUIERDA                                                                               ,,agrupacion,31,PROVISORIO,api_dine,si
2015,PASO,PRESIDENTE Y VICE,21,Santa Fe,17,83,26017,16008,MST - NUEVA IZQUIERDA                                                                               ,LISTA UNIDAD A                                                                                      ,lista,31,PROVISORIO,api_dine,si
2015,PASO,PRESIDENTE Y VICE,21,Santa Fe,17,83,26017,16008,nulos,,nulos,271,PROVISORIO,api_dine,si
2015,PASO,PRESIDENTE Y VICE,21,Santa Fe,17,83,26017,16008,blancos,,blancos,1168,PROVISORIO,api_dine,si
2015,PASO,PRESIDENTE Y VICE,21,Santa Fe,17,83,26017,16008,recurridos,,recurridos,0,PROVISORIO,api_dine,si
2015,PASO,PRESIDENTE Y VICE,21,Santa Fe,18,204,67202,44717,ALIANZA UNIDOS POR UNA NUEVA ALTERNATIVA (UNA)                                                      ,,agrupacion,9167,PROVISORIO,api_dine,si
2015,PASO,PRESIDENTE Y VICE,21,Santa Fe,18,204,67202,44717,ALIANZA UNIDOS POR UNA NUEVA ALTERNATIVA (UNA)                                                      ,A FRENTE RENOVADOR +A15                                                                             ,lista,5051,PROVISORIO,api_dine,si
2015,PASO,PRESIDENTE Y VICE,21,Santa Fe,18,204,67202,44717,ALIANZA UNIDOS POR UNA NUEVA ALTERNATIVA (UNA)                                                      ,D MOVIMIENTO DE UNIDAD                                                                              ,lista,4116,PROVISORIO,api_dine,si
2015,PASO,PRESIDENTE Y VICE,21,Santa Fe,18,204,67202,44717,MOVIMIENTO DE ACCION VECINAL                                                                        ,,agrupacion,79,PROVISORIO,api_dine,si
2015,PASO,PRESIDENTE Y VICE,21,Santa Fe,18,204,67202,44717,MOVIMIENTO DE ACCION VECINAL                                                                        ,COMPROMISO VECINAL LISTA A                                                                          ,lista,79,PROVISORIO,api_dine,si
2015,PASO,PRESIDENTE Y VICE,21,Santa Fe,18,204,67202,44717,ALIANZA COMPROMISO FEDERAL                                                                          ,,agrupacion,943,PROVISORIO,api_dine,si
2015,PASO,PRESIDENTE Y VICE,21,Santa Fe,18,204,67202,44717,ALIANZA COMPROMISO FEDERAL                                                                          ,LISTA A 1                                                                                           ,lista,943,PROVISORIO,api_dine,si
2015,PASO,PRESIDENTE Y VICE,21,Santa Fe,18,204,67202,44717,ALIANZA FRENTE DE IZQUIERDA Y DE LOS TRABAJADORES                                                   ,,agrupacion,551,PROVISORIO,api_dine,si
2015,PASO,PRESIDENTE Y VICE,21,Santa Fe,18,204,67202,44717,ALIANZA FRENTE DE IZQUIERDA Y DE LOS TRABAJADORES                                                   ,LISTA 1 A RENOVAR Y FORTALECER EL FRENTE                                                            ,lista,271,PROVISORIO,api_dine,si
2015,PASO,PRESIDENTE Y VICE,21,Santa Fe,18,204,67202,44717,ALIANZA FRENTE DE IZQUIERDA Y DE LOS TRABAJADORES                                                   ,LISTA UNIDAD - 2 U                                                                                  ,lista,280,PROVISORIO,api_dine,si
2015,PASO,PRESIDENTE Y VICE,21,Santa Fe,18,204,67202,44717,ALIANZA CAMBIEMOS                                                                                   ,,agrupacion,13179,PROVISORIO,api_dine,si
2015,PASO,PRESIDENTE Y VICE,21,Santa Fe,18,204,67202,44717,ALIANZA CAMBIEMOS                                                                                   ,LISTA G EL CAMINO DEL CAMBIO                                                                        ,lista,10863,PROVISORIO,api_dine,si
2015,PASO,PRESIDENTE Y VICE,21,Santa Fe,18,204,67202,44717,ALIANZA CAMBIEMOS                                                                                   ,LISTA F REPUBLICA DE LIBRES E IGUALES                                                               ,lista,1356,PROVISORIO,api_dine,si
2015,PASO,PRESIDENTE Y VICE,21,Santa Fe,18,204,67202,44717,ALIANZA CAMBIEMOS                                                                                   ,LISTA E EL PODER DE LA UNION                                                                        ,lista,960,PROVISORIO,api_dine,si
2015,PASO,PRESIDENTE Y VICE,21,Santa Fe,18,204,67202,44717,ALIANZA FRENTE PARA LA VICTORIA                                                                     ,,agrupacion,14935,PROVISORIO,api_dine,si
2015,PASO,PRESIDENTE Y VICE,21,Santa Fe,18,204,67202,44717,ALIANZA FRENTE PARA LA VICTORIA                                                                     ,A LISTA CELESTE Y BLANCA K NESTOR KIRCHNER                                                          ,lista,14935,PROVISORIO,api_dine,si
2015,PASO,PRESIDENTE Y VICE,21,Santa Fe,18,204,67202,44717,ALIANZA PROGRESISTAS                                                                                ,,agrupacion,2119,PROVISORIO,api_dine,si
2015,PASO,PRESIDENTE Y VICE,21,Santa Fe,18,204,67202,44717,ALIANZA PROGRESISTAS                                                                                ,LISTA IGUALDAD Y DECENCIA MS                                                                        ,lista,2119,PROVISORIO,api_dine,si
2015,PASO,PRESIDENTE Y VICE,21,Santa Fe,18,204,67202,44717,MOVIMIENTO AL SOCIALISMO                                                                            ,,agrupacion,136,PROVISORIO,api_dine,si
2015,PASO,PRESIDENTE Y VICE,21,Santa Fe,18,204,67202,44717,MOVIMIENTO AL SOCIALISMO                                                                            ,LISTA A SoB                                                                                         ,lista,136,PROVISORIO,api_dine,si
2015,PASO,PRESIDENTE Y VICE,21,Santa Fe,18,204,67202,44717,MST - NUEVA IZQUIERDA                                                                               ,,agrupacion,80,PROVISORIO,api_dine,si
2015,PASO,PRESIDENTE Y VICE,21,Santa Fe,18,204,67202,44717,MST - NUEVA IZQUIERDA                                                                               ,LISTA UNIDAD A                                                                                      ,lista,80,PROVISORIO,api_dine,si
2015,PASO,PRESIDENTE Y VICE,21,Santa Fe,18,204,67202,44717,ALIANZA FRENTE POPULAR                                                                              ,,agrupacion,132,PROVISORIO,api_dine,si
2015,PASO,PRESIDENTE Y VICE,21,Santa Fe,18,204,67202,44717,ALIANZA FRENTE POPULAR                                                                              ,LISTA A PROTAGONISMO Y PARTICIPACION                                                                ,lista,132,PROVISORIO,api_dine,si
2015,PASO,PRESIDENTE Y VICE,21,Santa Fe,18,204,67202,44717,PARTIDO POPULAR                                                                                     ,,agrupacion,102,PROVISORIO,api_dine,si
2015,PASO,PRESIDENTE Y VICE,21,Santa Fe,18,204,67202,44717,PARTIDO POPULAR                                                                                     ,LISTA A MOVIMIENTO SOLIDARIO POPULAR                                                                ,lista,102,PROVISORIO,api_dine,si
2015,PASO,PRESIDENTE Y VICE,21,Santa Fe,18,204,67202,44717,nulos,,nulos,674,PROVISORIO,api_dine,si
2015,PASO,PRESIDENTE Y VICE,21,Santa Fe,18,204,67202,44717,blancos,,blancos,2620,PROVISORIO,api_dine,si
2015,PASO,PRESIDENTE Y VICE,21,Santa Fe,18,204,67202,44717,recurridos,,recurridos,0,PROVISORIO,api_dine,si
2015,PASO,PRESIDENTE Y VICE,21,Santa Fe,19,115,35414,24210,ALIANZA FRENTE DE IZQUIERDA Y DE LOS TRABAJADORES                                                   ,,agrupacion,212,PROVISORIO,api_dine,si
2015,PASO,PRESIDENTE Y VICE,21,Santa Fe,19,115,35414,24210,ALIANZA FRENTE DE IZQUIERDA Y DE LOS TRABAJADORES                                                   ,LISTA 1 A RENOVAR Y FORTALECER EL FRENTE                                                            ,lista,108,PROVISORIO,api_dine,si
2015,PASO,PRESIDENTE Y VICE,21,Santa Fe,19,115,35414,24210,ALIANZA FRENTE DE IZQUIERDA Y DE LOS TRABAJADORES                                                   ,LISTA UNIDAD - 2 U                                                                                  ,lista,104,PROVISORIO,api_dine,si
2015,PASO,PRESIDENTE Y VICE,21,Santa Fe,19,115,35414,24210,ALIANZA UNIDOS POR UNA NUEVA ALTERNATIVA (UNA)                                                      ,,agrupacion,4698,PROVISORIO,api_dine,si
2015,PASO,PRESIDENTE Y VICE,21,Santa Fe,19,115,35414,24210,ALIANZA UNIDOS POR UNA NUEVA ALTERNATIVA (UNA)                                                      ,A FRENTE RENOVADOR +A15                                                                             ,lista,2375,PROVISORIO,api_dine,si
2015,PASO,PRESIDENTE Y VICE,21,Santa Fe,19,115,35414,24210,ALIANZA UNIDOS POR UNA NUEVA ALTERNATIVA (UNA)                                                      ,D MOVIMIENTO DE UNIDAD                                                                              ,lista,2323,PROVISORIO,api_dine,si
2015,PASO,PRESIDENTE Y VICE,21,Santa Fe,19,115,35414,24210,ALIANZA COMPROMISO FEDERAL                                                                          ,,agrupacion,366,PROVISORIO,api_dine,si
2015,PASO,PRESIDENTE Y VICE,21,Santa Fe,19,115,35414,24210,ALIANZA COMPROMISO FEDERAL                                                                          ,LISTA A 1                                                                                           ,lista,366,PROVISORIO,api_dine,si
2015,PASO,PRESIDENTE Y VICE,21,Santa Fe,19,115,35414,24210,MOVIMIENTO AL SOCIALISMO                                                                            ,,agrupacion,86,PROVISORIO,api_dine,si
2015,PASO,PRESIDENTE Y VICE,21,Santa Fe,19,115,35414,24210,MOVIMIENTO AL SOCIALISMO                                                                            ,LISTA A SoB                                                                                         ,lista,86,PROVISORIO,api_dine,si
2015,PASO,PRESIDENTE Y VICE,21,Santa Fe,19,115,35414,24210,MST - NUEVA IZQUIERDA                                                                               ,,agrupacion,86,PROVISORIO,api_dine,si
2015,PASO,PRESIDENTE Y VICE,21,Santa Fe,19,115,35414,24210,MST - NUEVA IZQUIERDA                                                                               ,LISTA UNIDAD A                                                                                      ,lista,86,PROVISORIO,api_dine,si
2015,PASO,PRESIDENTE Y VICE,21,Santa Fe,19,115,35414,24210,ALIANZA CAMBIEMOS                                                                                   ,,agrupacion,7805,PROVISORIO,api_dine,si
2015,PASO,PRESIDENTE Y VICE,21,Santa Fe,19,115,35414,24210,ALIANZA CAMBIEMOS                                                                                   ,LISTA G EL CAMINO DEL CAMBIO                                                                        ,lista,6566,PROVISORIO,api_dine,si
2015,PASO,PRESIDENTE Y VICE,21,Santa Fe,19,115,35414,24210,ALIANZA CAMBIEMOS                                                                                   ,LISTA F REPUBLICA DE LIBRES E IGUALES                                                               ,lista,858,PROVISORIO,api_dine,si
2015,PASO,PRESIDENTE Y VICE,21,Santa Fe,19,115,35414,24210,ALIANZA CAMBIEMOS                                                                                   ,LISTA E EL PODER DE LA UNION                                                                        ,lista,381,PROVISORIO,api_dine,si
2015,PASO,PRESIDENTE Y VICE,21,Santa Fe,19,115,35414,24210,ALIANZA PROGRESISTAS                                                                                ,,agrupacion,1363,PROVISORIO,api_dine,si
2015,PASO,PRESIDENTE Y VICE,21,Santa Fe,19,115,35414,24210,ALIANZA PROGRESISTAS                                                                                ,LISTA IGUALDAD Y DECENCIA MS                                                                        ,lista,1363,PROVISORIO,api_dine,si
2015,PASO,PRESIDENTE Y VICE,21,Santa Fe,19,115,35414,24210,ALIANZA FRENTE POPULAR                                                                              ,,agrupacion,57,PROVISORIO,api_dine,si
2015,PASO,PRESIDENTE Y VICE,21,Santa Fe,19,115,35414,24210,ALIANZA FRENTE POPULAR                                                                              ,LISTA A PROTAGONISMO Y PARTICIPACION                                                                ,lista,57,PROVISORIO,api_dine,si
2015,PASO,PRESIDENTE Y VICE,21,Santa Fe,19,115,35414,24210,PARTIDO POPULAR                                                                                     ,,agrupacion,75,PROVISORIO,api_dine,si
2015,PASO,PRESIDENTE Y VICE,21,Santa Fe,19,115,35414,24210,PARTIDO POPULAR                                                                                     ,LISTA A MOVIMIENTO SOLIDARIO POPULAR                                                                ,lista,75,PROVISORIO,api_dine,si
2015,PASO,PRESIDENTE Y VICE,21,Santa Fe,19,115,35414,24210,MOVIMIENTO DE ACCION VECINAL                                                                        ,,agrupacion,43,PROVISORIO,api_dine,si
2015,PASO,PRESIDENTE Y VICE,21,Santa Fe,19,115,35414,24210,MOVIMIENTO DE ACCION VECINAL                                                                        ,COMPROMISO VECINAL LISTA A                                                                          ,lista,43,PROVISORIO,api_dine,si
2015,PASO,PRESIDENTE Y VICE,21,Santa Fe,19,115,35414,24210,ALIANZA FRENTE PARA LA VICTORIA                                                                     ,,agrupacion,7385,PROVISORIO,api_dine,si
2015,PASO,PRESIDENTE Y VICE,21,Santa Fe,19,115,35414,24210,ALIANZA FRENTE PARA LA VICTORIA                                                                     ,A LISTA CELESTE Y BLANCA K NESTOR KIRCHNER                                                          ,lista,7385,PROVISORIO,api_dine,si
2015,PASO,PRESIDENTE Y VICE,21,Santa Fe,19,115,35414,24210,nulos,,nulos,425,PROVISORIO,api_dine,si
2015,PASO,PRESIDENTE Y VICE,21,Santa Fe,19,115,35414,24210,blancos,,blancos,1606,PROVISORIO,api_dine,si
2015,PASO,PRESIDENTE Y VICE,21,Santa Fe,19,115,35414,24210,recurridos,,recurridos,3,PROVISORIO,api_dine,si
2015,PASO,PRESIDENTE Y VICE,21,Santa Fe,20,403,138938,94976,MOVIMIENTO DE ACCION VECINAL                                                                        ,,agrupacion,55,PROVISORIO,api_dine,si
2015,PASO,PRESIDENTE Y VICE,21,Santa Fe,20,403,138938,94976,MOVIMIENTO DE ACCION VECINAL                                                                        ,COMPROMISO VECINAL LISTA A                                                                          ,lista,55,PROVISORIO,api_dine,si
2015,PASO,PRESIDENTE Y VICE,21,Santa Fe,20,403,138938,94976,ALIANZA UNIDOS POR UNA NUEVA ALTERNATIVA (UNA)                                                      ,,agrupacion,22295,PROVISORIO,api_dine,si
2015,PASO,PRESIDENTE Y VICE,21,Santa Fe,20,403,138938,94976,ALIANZA UNIDOS POR UNA NUEVA ALTERNATIVA (UNA)                                                      ,D MOVIMIENTO DE UNIDAD                                                                              ,lista,8118,PROVISORIO,api_dine,si
2015,PASO,PRESIDENTE Y VICE,21,Santa Fe,20,403,138938,94976,ALIANZA UNIDOS POR UNA NUEVA ALTERNATIVA (UNA)                                                      ,A FRENTE RENOVADOR +A15                                                                             ,lista,14177,PROVISORIO,api_dine,si
2015,PASO,PRESIDENTE Y VICE,21,Santa Fe,20,403,138938,94976,ALIANZA CAMBIEMOS                                                                                   ,,agrupacion,24400,PROVISORIO,api_dine,si
2015,PASO,PRESIDENTE Y VICE,21,Santa Fe,20,403,138938,94976,ALIANZA CAMBIEMOS                                                                                   ,LISTA F REPUBLICA DE LIBRES E IGUALES                                                               ,lista,2764,PROVISORIO,api_dine,si
2015,PASO,PRESIDENTE Y VICE,21,Santa Fe,20,403,138938,94976,ALIANZA CAMBIEMOS                                                                                   ,LISTA G EL CAMINO DEL CAMBIO                                                                        ,lista,19860,PROVISORIO,api_dine,si
2015,PASO,PRESIDENTE Y VICE,21,Santa Fe,20,403,138938,94976,ALIANZA CAMBIEMOS                                                                                   ,LISTA E EL PODER DE LA UNION                                                                        ,lista,1776,PROVISORIO,api_dine,si
2015,PASO,PRESIDENTE Y VICE,21,Santa Fe,20,403,138938,94976,MOVIMIENTO AL SOCIALISMO                                                                            ,,agrupacion,329,PROVISORIO,api_dine,si
2015,PASO,PRESIDENTE Y VICE,21,Santa Fe,20,403,138938,94976,MOVIMIENTO AL SOCIALISMO                                                                            ,LISTA A SoB                                                                                         ,lista,329,PROVISORIO,api_dine,si
2015,PASO,PRESIDENTE Y VICE,21,Santa Fe,20,403,138938,94976,MST - NUEVA IZQUIERDA                                                                               ,,agrupacion,358,PROVISORIO,api_dine,si
2015,PASO,PRESIDENTE Y VICE,21,Santa Fe,20,403,138938,94976,MST - NUEVA IZQUIERDA                                                                               ,LISTA UNIDAD A                                                                                      ,lista,358,PROVISORIO,api_dine,si
2015,PASO,PRESIDENTE Y VICE,21,Santa Fe,20,403,138938,94976,ALIANZA FRENTE DE IZQUIERDA Y DE LOS TRABAJADORES                                                   ,,agrupacion,1988,PROVISORIO,api_dine,si
2015,PASO,PRESIDENTE Y VICE,21,Santa Fe,20,403,138938,94976,ALIANZA FRENTE DE IZQUIERDA Y DE LOS TRABAJADORES                                                   ,LISTA 1 A RENOVAR Y FORTALECER EL FRENTE                                                            ,lista,813,PROVISORIO,api_dine,si
2015,PASO,PRESIDENTE Y VICE,21,Santa Fe,20,403,138938,94976,ALIANZA FRENTE DE IZQUIERDA Y DE LOS TRABAJADORES                                                   ,LISTA UNIDAD - 2 U                                                                                  ,lista,1175,PROVISORIO,api_dine,si
2015,PASO,PRESIDENTE Y VICE,21,Santa Fe,20,403,138938,94976,PARTIDO POPULAR                                                                                     ,,agrupacion,175,PROVISORIO,api_dine,si
2015,PASO,PRESIDENTE Y VICE,21,Santa Fe,20,403,138938,94976,PARTIDO POPULAR                                                                                     ,LISTA A MOVIMIENTO SOLIDARIO POPULAR                                                                ,lista,175,PROVISORIO,api_dine,si
2015,PASO,PRESIDENTE Y VICE,21,Santa Fe,20,403,138938,94976,ALIANZA FRENTE PARA LA VICTORIA                                                                     ,,agrupacion,30791,PROVISORIO,api_dine,si
2015,PASO,PRESIDENTE Y VICE,21,Santa Fe,20,403,138938,94976,ALIANZA FRENTE PARA LA VICTORIA                                                                     ,A LISTA CELESTE Y BLANCA K NESTOR KIRCHNER                                                          ,lista,30791,PROVISORIO,api_dine,si
2015,PASO,PRESIDENTE Y VICE,21,Santa Fe,20,403,138938,94976,ALIANZA PROGRESISTAS                                                                                ,,agrupacion,4609,PROVISORIO,api_dine,si
2015,PASO,PRESIDENTE Y VICE,21,Santa Fe,20,403,138938,94976,ALIANZA PROGRESISTAS                                                                                ,LISTA IGUALDAD Y DECENCIA MS                                                                        ,lista,4609,PROVISORIO,api_dine,si
2015,PASO,PRESIDENTE Y VICE,21,Santa Fe,20,403,138938,94976,ALIANZA FRENTE POPULAR                                                                              ,,agrupacion,447,PROVISORIO,api_dine,si
2015,PASO,PRESIDENTE Y VICE,21,Santa Fe,20,403,138938,94976,ALIANZA FRENTE POPULAR                                                                              ,LISTA A PROTAGONISMO Y PARTICIPACION                                                                ,lista,447,PROVISORIO,api_dine,si
2015,PASO,PRESIDENTE Y VICE,21,Santa Fe,20,403,138938,94976,ALIANZA COMPROMISO FEDERAL                                                                          ,,agrupacion,2823,PROVISORIO,api_dine,si
2015,PASO,PRESIDENTE Y VICE,21,Santa Fe,20,403,138938,94976,ALIANZA COMPROMISO FEDERAL                                                                          ,LISTA A 1                                                                                           ,lista,2823,PROVISORIO,api_dine,si
2015,PASO,PRESIDENTE Y VICE,21,Santa Fe,20,403,138938,94976,nulos,,nulos,1721,PROVISORIO,api_dine,si
2015,PASO,PRESIDENTE Y VICE,21,Santa Fe,20,403,138938,94976,blancos,,blancos,4873,PROVISORIO,api_dine,si
2015,PASO,PRESIDENTE Y VICE,21,Santa Fe,20,403,138938,94976,recurridos,,recurridos,112,PROVISORIO,api_dine,si
2015,PASO,PRESIDENTE Y VICE,21,Santa Fe,21,160,53504,36111,ALIANZA FRENTE PARA LA VICTORIA                                                                     ,,agrupacion,8340,PROVISORIO,api_dine,si
2015,PASO,PRESIDENTE Y VICE,21,Santa Fe,21,160,53504,36111,ALIANZA FRENTE PARA LA VICTORIA                                                                     ,A LISTA CELESTE Y BLANCA K NESTOR KIRCHNER                                                          ,lista,8340,PROVISORIO,api_dine,si
2015,PASO,PRESIDENTE Y VICE,21,Santa Fe,21,160,53504,36111,ALIANZA CAMBIEMOS                                                                                   ,,agrupacion,12972,PROVISORIO,api_dine,si
2015,PASO,PRESIDENTE Y VICE,21,Santa Fe,21,160,53504,36111,ALIANZA CAMBIEMOS                                                                                   ,LISTA E EL PODER DE LA UNION                                                                        ,lista,870,PROVISORIO,api_dine,si
2015,PASO,PRESIDENTE Y VICE,21,Santa Fe,21,160,53504,36111,ALIANZA CAMBIEMOS                                                                                   ,LISTA G EL CAMINO DEL CAMBIO                                                                        ,lista,10987,PROVISORIO,api_dine,si
2015,PASO,PRESIDENTE Y VICE,21,Santa Fe,21,160,53504,36111,ALIANZA CAMBIEMOS                                                                                   ,LISTA F REPUBLICA DE LIBRES E IGUALES                                                               ,lista,1115,PROVISORIO,api_dine,si
2015,PASO,PRESIDENTE Y VICE,21,Santa Fe,21,160,53504,36111,ALIANZA UNIDOS POR UNA NUEVA ALTERNATIVA (UNA)                                                      ,,agrupacion,8982,PROVISORIO,api_dine,si
2015,PASO,PRESIDENTE Y VICE,21,Santa Fe,21,160,53504,36111,ALIANZA UNIDOS POR UNA NUEVA ALTERNATIVA (UNA)                                                      ,A FRENTE RENOVADOR +A15                                                                             ,lista,3744,PROVISORIO,api_dine,si
2015,PASO,PRESIDENTE Y VICE,21,Santa Fe,21,160,53504,36111,ALIANZA UNIDOS POR UNA NUEVA ALTERNATIVA (UNA)                                                      ,D MOVIMIENTO DE UNIDAD                                                                              ,lista,5238,PROVISORIO,api_dine,si
2015,PASO,PRESIDENTE Y VICE,21,Santa Fe,21,160,53504,36111,MOVIMIENTO DE ACCION VECINAL                                                                        ,,agrupacion,49,PROVISORIO,api_dine,si
2015,PASO,PRESIDENTE Y VICE,21,Santa Fe,21,160,53504,36111,MOVIMIENTO DE ACCION VECINAL                                                                        ,COMPROMISO VECINAL LISTA A                                                                          ,lista,49,PROVISORIO,api_dine,si
2015,PASO,PRESIDENTE Y VICE,21,Santa Fe,21,160,53504,36111,PARTIDO POPULAR                                                                                     ,,agrupacion,134,PROVISORIO,api_dine,si
2015,PASO,PRESIDENTE Y VICE,21,Santa Fe,21,160,53504,36111,PARTIDO POPULAR                                                                                     ,LISTA A MOVIMIENTO SOLIDARIO POPULAR                                                                ,lista,134,PROVISORIO,api_dine,si
2015,PASO,PRESIDENTE Y VICE,21,Santa Fe,21,160,53504,36111,ALIANZA FRENTE DE IZQUIERDA Y DE LOS TRABAJADORES                                                   ,,agrupacion,462,PROVISORIO,api_dine,si
2015,PASO,PRESIDENTE Y VICE,21,Santa Fe,21,160,53504,36111,ALIANZA FRENTE DE IZQUIERDA Y DE LOS TRABAJADORES                                                   ,LISTA 1 A RENOVAR Y FORTALECER EL FRENTE                                                            ,lista,210,PROVISORIO,api_dine,si
2015,PASO,PRESIDENTE Y VICE,21,Santa Fe,21,160,53504,36111,ALIANZA FRENTE DE IZQUIERDA Y DE LOS TRABAJADORES                                                   ,LISTA UNIDAD - 2 U                                                                                  ,lista,252,PROVISORIO,api_dine,si
2015,PASO,PRESIDENTE Y VICE,21,Santa Fe,21,160,53504,36111,ALIANZA FRENTE POPULAR                                                                              ,,agrupacion,100,PROVISORIO,api_dine,si
2015,PASO,PRESIDENTE Y VICE,21,Santa Fe,21,160,53504,36111,ALIANZA FRENTE POPULAR                                                                              ,LISTA A PROTAGONISMO Y PARTICIPACION                                                                ,lista,100,PROVISORIO,api_dine,si
2015,PASO,PRESIDENTE Y VICE,21,Santa Fe,21,160,53504,36111,ALIANZA PROGRESISTAS                                                                                ,,agrupacion,1532,PROVISORIO,api_dine,si
2015,PASO,PRESIDENTE Y VICE,21,Santa Fe,21,160,53504,36111,ALIANZA PROGRESISTAS                                                                                ,LISTA IGUALDAD Y DECENCIA MS                                                                        ,lista,1532,PROVISORIO,api_dine,si
2015,PASO,PRESIDENTE Y VICE,21,Santa Fe,21,160,53504,36111,MST - NUEVA IZQUIERDA                                                                               ,,agrupacion,56,PROVISORIO,api_dine,si
2015,PASO,PRESIDENTE Y VICE,21,Santa Fe,21,160,53504,36111,MST - NUEVA IZQUIERDA                                                                               ,LISTA UNIDAD A                                                                                      ,lista,56,PROVISORIO,api_dine,si
2015,PASO,PRESIDENTE Y VICE,21,Santa Fe,21,160,53504,36111,MOVIMIENTO AL SOCIALISMO                                                                            ,,agrupacion,138,PROVISORIO,api_dine,si
2015,PASO,PRESIDENTE Y VICE,21,Santa Fe,21,160,53504,36111,MOVIMIENTO AL SOCIALISMO                                                                            ,LISTA A SoB                                                                                         ,lista,138,PROVISORIO,api_dine,si
2015,PASO,PRESIDENTE Y VICE,21,Santa Fe,21,160,53504,36111,ALIANZA COMPROMISO FEDERAL                                                                          ,,agrupacion,977,PROVISORIO,api_dine,si
2015,PASO,PRESIDENTE Y VICE,21,Santa Fe,21,160,53504,36111,ALIANZA COMPROMISO FEDERAL                                                                          ,LISTA A 1                                                                                           ,lista,977,PROVISORIO,api_dine,si
2015,PASO,PRESIDENTE Y VICE,21,Santa Fe,21,160,53504,36111,nulos,,nulos,594,PROVISORIO,api_dine,si
2015,PASO,PRESIDENTE Y VICE,21,Santa Fe,21,160,53504,36111,blancos,,blancos,1774,PROVISORIO,api_dine,si
2015,PASO,PRESIDENTE Y VICE,21,Santa Fe,21,160,53504,36111,recurridos,,recurridos,1,PROVISORIO,api_dine,si
2015,PASO,PRESIDENTE Y VICE,21,Santa Fe,22,137,42928,26819,ALIANZA CAMBIEMOS                                                                                   ,,agrupacion,7414,PROVISORIO,api_dine,si
2015,PASO,PRESIDENTE Y VICE,21,Santa Fe,22,137,42928,26819,ALIANZA CAMBIEMOS                                                                                   ,LISTA E EL PODER DE LA UNION                                                                        ,lista,843,PROVISORIO,api_dine,si
2015,PASO,PRESIDENTE Y VICE,21,Santa Fe,22,137,42928,26819,ALIANZA CAMBIEMOS                                                                                   ,LISTA G EL CAMINO DEL CAMBIO                                                                        ,lista,5991,PROVISORIO,api_dine,si
2015,PASO,PRESIDENTE Y VICE,21,Santa Fe,22,137,42928,26819,ALIANZA CAMBIEMOS                                                                                   ,LISTA F REPUBLICA DE LIBRES E IGUALES                                                               ,lista,580,PROVISORIO,api_dine,si
2015,PASO,PRESIDENTE Y VICE,21,Santa Fe,22,137,42928,26819,ALIANZA FRENTE POPULAR                                                                              ,,agrupacion,91,PROVISORIO,api_dine,si
2015,PASO,PRESIDENTE Y VICE,21,Santa Fe,22,137,42928,26819,ALIANZA FRENTE POPULAR                                                                              ,LISTA A PROTAGONISMO Y PARTICIPACION                                                                ,lista,91,PROVISORIO,api_dine,si
2015,PASO,PRESIDENTE Y VICE,21,Santa Fe,22,137,42928,26819,MST - NUEVA IZQUIERDA                                                                               ,,agrupacion,41,PROVISORIO,api_dine,si
2015,PASO,PRESIDENTE Y VICE,21,Santa Fe,22,137,42928,26819,MST - NUEVA IZQUIERDA                                                                               ,LISTA UNIDAD A                                                                                      ,lista,41,PROVISORIO,api_dine,si
2015,PASO,PRESIDENTE Y VICE,21,Santa Fe,22,137,42928,26819,MOVIMIENTO AL SOCIALISMO                                                                            ,,agrupacion,131,PROVISORIO,api_dine,si
2015,PASO,PRESIDENTE Y VICE,21,Santa Fe,22,137,42928,26819,MOVIMIENTO AL SOCIALISMO                                                                            ,LISTA A SoB                                                                                         ,lista,131,PROVISORIO,api_dine,si
2015,PASO,PRESIDENTE Y VICE,21,Santa Fe,22,137,42928,26819,ALIANZA PROGRESISTAS                                                                                ,,agrupacion,817,PROVISORIO,api_dine,si
2015,PASO,PRESIDENTE Y VICE,21,Santa Fe,22,137,42928,26819,ALIANZA PROGRESISTAS                                                                                ,LISTA IGUALDAD Y DECENCIA MS                                                                        ,lista,817,PROVISORIO,api_dine,si
2015,PASO,PRESIDENTE Y VICE,21,Santa Fe,22,137,42928,26819,PARTIDO POPULAR                                                                                     ,,agrupacion,62,PROVISORIO,api_dine,si
2015,PASO,PRESIDENTE Y VICE,21,Santa Fe,22,137,42928,26819,PARTIDO POPULAR                                                                                     ,LISTA A MOVIMIENTO SOLIDARIO POPULAR                                                                ,lista,62,PROVISORIO,api_dine,si
2015,PASO,PRESIDENTE Y VICE,21,Santa Fe,22,137,42928,26819,ALIANZA UNIDOS POR UNA NUEVA ALTERNATIVA (UNA)                                                      ,,agrupacion,4276,PROVISORIO,api_dine,si
2015,PASO,PRESIDENTE Y VICE,21,Santa Fe,22,137,42928,26819,ALIANZA UNIDOS POR UNA NUEVA ALTERNATIVA (UNA)                                                      ,D MOVIMIENTO DE UNIDAD                                                                              ,lista,1714,PROVISORIO,api_dine,si
2015,PASO,PRESIDENTE Y VICE,21,Santa Fe,22,137,42928,26819,ALIANZA UNIDOS POR UNA NUEVA ALTERNATIVA (UNA)                                                      ,A FRENTE RENOVADOR +A15                                                                             ,lista,2562,PROVISORIO,api_dine,si
2015,PASO,PRESIDENTE Y VICE,21,Santa Fe,22,137,42928,26819,ALIANZA FRENTE DE IZQUIERDA Y DE LOS TRABAJADORES                                                   ,,agrupacion,241,PROVISORIO,api_dine,si
2015,PASO,PRESIDENTE Y VICE,21,Santa Fe,22,137,42928,26819,ALIANZA FRENTE DE IZQUIERDA Y DE LOS TRABAJADORES                                                   ,LISTA 1 A RENOVAR Y FORTALECER EL FRENTE                                                            ,lista,109,PROVISORIO,api_dine,si
2015,PASO,PRESIDENTE Y VICE,21,Santa Fe,22,137,42928,26819,ALIANZA FRENTE DE IZQUIERDA Y DE LOS TRABAJADORES                                                   ,LISTA UNIDAD - 2 U                                                                                  ,lista,132,PROVISORIO,api_dine,si
2015,PASO,PRESIDENTE Y VICE,21,Santa Fe,22,137,42928,26819,MOVIMIENTO DE ACCION VECINAL                                                                        ,,agrupacion,41,PROVISORIO,api_dine,si
2015,PASO,PRESIDENTE Y VICE,21,Santa Fe,22,137,42928,26819,MOVIMIENTO DE ACCION VECINAL                                                                        ,COMPROMISO VECINAL LISTA A                                                                          ,lista,41,PROVISORIO,api_dine,si
2015,PASO,PRESIDENTE Y VICE,21,Santa Fe,22,137,42928,26819,ALIANZA FRENTE PARA LA VICTORIA                                                                     ,,agrupacion,11337,PROVISORIO,api_dine,si
2015,PASO,PRESIDENTE Y VICE,21,Santa Fe,22,137,42928,26819,ALIANZA FRENTE PARA LA VICTORIA                                                                     ,A LISTA CELESTE Y BLANCA K NESTOR KIRCHNER                                                          ,lista,11337,PROVISORIO,api_dine,si
2015,PASO,PRESIDENTE Y VICE,21,Santa Fe,22,137,42928,26819,ALIANZA COMPROMISO FEDERAL                                                                          ,,agrupacion,365,PROVISORIO,api_dine,si
2015,PASO,PRESIDENTE Y VICE,21,Santa Fe,22,137,42928,26819,ALIANZA COMPROMISO FEDERAL                                                                          ,LISTA A 1                                                                                           ,lista,365,PROVISORIO,api_dine,si
2015,PASO,PRESIDENTE Y VICE,21,Santa Fe,22,137,42928,26819,nulos,,nulos,490,PROVISORIO,api_dine,si
2015,PASO,PRESIDENTE Y VICE,21,Santa Fe,22,137,42928,26819,blancos,,blancos,1511,PROVISORIO,api_dine,si
2015,PASO,PRESIDENTE Y VICE,21,Santa Fe,22,137,42928,26819,recurridos,,recurridos,2,PROVISORIO,api_dine,si
2015,GENERAL,PRESIDENTE Y VICE,21,Santa Fe,1,110,37477,30077,ALIANZA FRENTE PARA LA VICTORIA                                                                     ,,agrupacion,8055,PROVISORIO,api_dine,si
2015,GENERAL,PRESIDENTE Y VICE,21,Santa Fe,1,110,37477,30077,ALIANZA COMPROMISO FEDERAL                                                                          ,,agrupacion,447,PROVISORIO,api_dine,si
2015,GENERAL,PRESIDENTE Y VICE,21,Santa Fe,1,110,37477,30077,ALIANZA PROGRESISTAS                                                                                ,,agrupacion,1010,PROVISORIO,api_dine,si
2015,GENERAL,PRESIDENTE Y VICE,21,Santa Fe,1,110,37477,30077,ALIANZA CAMBIEMOS                                                                                   ,,agrupacion,12917,PROVISORIO,api_dine,si
2015,GENERAL,PRESIDENTE Y VICE,21,Santa Fe,1,110,37477,30077,ALIANZA FRENTE DE IZQUIERDA Y DE LOS TRABAJADORES                                                   ,,agrupacion,464,PROVISORIO,api_dine,si
2015,GENERAL,PRESIDENTE Y VICE,21,Santa Fe,1,110,37477,30077,ALIANZA UNIDOS POR UNA NUEVA ALTERNATIVA (UNA)                                                      ,,agrupacion,6282,PROVISORIO,api_dine,si
2015,GENERAL,PRESIDENTE Y VICE,21,Santa Fe,1,110,37477,30077,nulos,,nulos,124,PROVISORIO,api_dine,si
2015,GENERAL,PRESIDENTE Y VICE,21,Santa Fe,1,110,37477,30077,blancos,,blancos,771,PROVISORIO,api_dine,si
2015,GENERAL,PRESIDENTE Y VICE,21,Santa Fe,1,110,37477,30077,recurridos,,recurridos,7,PROVISORIO,api_dine,si
2015,GENERAL,PRESIDENTE Y VICE,21,Santa Fe,2,212,70676,56739,ALIANZA PROGRESISTAS                                                                                ,,agrupacion,2276,PROVISORIO,api_dine,si
2015,GENERAL,PRESIDENTE Y VICE,21,Santa Fe,2,212,70676,56739,ALIANZA CAMBIEMOS                                                                                   ,,agrupacion,23932,PROVISORIO,api_dine,si
2015,GENERAL,PRESIDENTE Y VICE,21,Santa Fe,2,212,70676,56739,ALIANZA FRENTE PARA LA VICTORIA                                                                     ,,agrupacion,12710,PROVISORIO,api_dine,si
2015,GENERAL,PRESIDENTE Y VICE,21,Santa Fe,2,212,70676,56739,ALIANZA COMPROMISO FEDERAL                                                                          ,,agrupacion,1223,PROVISORIO,api_dine,si
2015,GENERAL,PRESIDENTE Y VICE,21,Santa Fe,2,212,70676,56739,ALIANZA FRENTE DE IZQUIERDA Y DE LOS TRABAJADORES                                                   ,,agrupacion,1471,PROVISORIO,api_dine,si
2015,GENERAL,PRESIDENTE Y VICE,21,Santa Fe,2,212,70676,56739,ALIANZA UNIDOS POR UNA NUEVA ALTERNATIVA (UNA)                                                      ,,agrupacion,13379,PROVISORIO,api_dine,si
2015,GENERAL,PRESIDENTE Y VICE,21,Santa Fe,2,212,70676,56739,nulos,,nulos,448,PROVISORIO,api_dine,si
2015,GENERAL,PRESIDENTE Y VICE,21,Santa Fe,2,212,70676,56739,blancos,,blancos,1288,PROVISORIO,api_dine,si
2015,GENERAL,PRESIDENTE Y VICE,21,Santa Fe,2,212,70676,56739,recurridos,,recurridos,12,PROVISORIO,api_dine,si
2015,GENERAL,PRESIDENTE Y VICE,21,Santa Fe,3,431,141971,113270,ALIANZA FRENTE PARA LA VICTORIA                                                                     ,,agrupacion,27787,PROVISORIO,api_dine,si
2015,GENERAL,PRESIDENTE Y VICE,21,Santa Fe,3,431,141971,113270,ALIANZA COMPROMISO FEDERAL                                                                          ,,agrupacion,1397,PROVISORIO,api_dine,si
2015,GENERAL,PRESIDENTE Y VICE,21,Santa Fe,3,431,141971,113270,ALIANZA PROGRESISTAS                                                                                ,,agrupacion,3572,PROVISORIO,api_dine,si
2015,GENERAL,PRESIDENTE Y VICE,21,Santa Fe,3,431,141971,113270,ALIANZA CAMBIEMOS                                                                                   ,,agrupacion,49888,PROVISORIO,api_dine,si
2015,GENERAL,PRESIDENTE Y VICE,21,Santa Fe,3,431,141971,113270,ALIANZA FRENTE DE IZQUIERDA Y DE LOS TRABAJADORES                                                   ,,agrupacion,2128,PROVISORIO,api_dine,si
2015,GENERAL,PRESIDENTE Y VICE,21,Santa Fe,3,431,141971,113270,ALIANZA UNIDOS POR UNA NUEVA ALTERNATIVA (UNA)                                                      ,,agrupacion,25172,PROVISORIO,api_dine,si
2015,GENERAL,PRESIDENTE Y VICE,21,Santa Fe,3,431,141971,113270,nulos,,nulos,1027,PROVISORIO,api_dine,si
2015,GENERAL,PRESIDENTE Y VICE,21,Santa Fe,3,431,141971,113270,blancos,,blancos,2287,PROVISORIO,api_dine,si
2015,GENERAL,PRESIDENTE Y VICE,21,Santa Fe,3,431,141971,113270,recurridos,,recurridos,12,PROVISORIO,api_dine,si
2015,GENERAL,PRESIDENTE Y VICE,21,Santa Fe,4,215,73181,59222,ALIANZA CAMBIEMOS                                                                                   ,,agrupacion,18300,PROVISORIO,api_dine,si
2015,GENERAL,PRESIDENTE Y VICE,21,Santa Fe,4,215,73181,59222,ALIANZA PROGRESISTAS                                                                                ,,agrupacion,2101,PROVISORIO,api_dine,si
2015,GENERAL,PRESIDENTE Y VICE,21,Santa Fe,4,215,73181,59222,ALIANZA FRENTE PARA LA VICTORIA                                                                     ,,agrupacion,19895,PROVISORIO,api_dine,si
2015,GENERAL,PRESIDENTE Y VICE,21,Santa Fe,4,215,73181,59222,ALIANZA COMPROMISO FEDERAL                                                                          ,,agrupacion,1074,PROVISORIO,api_dine,si
2015,GENERAL,PRESIDENTE Y VICE,21,Santa Fe,4,215,73181,59222,ALIANZA FRENTE DE IZQUIERDA Y DE LOS TRABAJADORES                                                   ,,agrupacion,1630,PROVISORIO,api_dine,si
2015,GENERAL,PRESIDENTE Y VICE,21,Santa Fe,4,215,73181,59222,ALIANZA UNIDOS POR UNA NUEVA ALTERNATIVA (UNA)                                                      ,,agrupacion,14319,PROVISORIO,api_dine,si
2015,GENERAL,PRESIDENTE Y VICE,21,Santa Fe,4,215,73181,59222,nulos,,nulos,423,PROVISORIO,api_dine,si
2015,GENERAL,PRESIDENTE Y VICE,21,Santa Fe,4,215,73181,59222,blancos,,blancos,1420,PROVISORIO,api_dine,si
2015,GENERAL,PRESIDENTE Y VICE,21,Santa Fe,4,215,73181,59222,recurridos,,recurridos,60,PROVISORIO,api_dine,si
2015,GENERAL,PRESIDENTE Y VICE,21,Santa Fe,5,56,17986,13269,ALIANZA UNIDOS POR UNA NUEVA ALTERNATIVA (UNA)                                                      ,,agrupacion,2564,PROVISORIO,api_dine,si
2015,GENERAL,PRESIDENTE Y VICE,21,Santa Fe,5,56,17986,13269,ALIANZA PROGRESISTAS                                                                                ,,agrupacion,375,PROVISORIO,api_dine,si
2015,GENERAL,PRESIDENTE Y VICE,21,Santa Fe,5,56,17986,13269,ALIANZA CAMBIEMOS                                                                                   ,,agrupacion,3578,PROVISORIO,api_dine,si
2015,GENERAL,PRESIDENTE Y VICE,21,Santa Fe,5,56,17986,13269,ALIANZA FRENTE PARA LA VICTORIA                                                                     ,,agrupacion,5715,PROVISORIO,api_dine,si
2015,GENERAL,PRESIDENTE Y VICE,21,Santa Fe,5,56,17986,13269,ALIANZA COMPROMISO FEDERAL                                                                          ,,agrupacion,117,PROVISORIO,api_dine,si
2015,GENERAL,PRESIDENTE Y VICE,21,Santa Fe,5,56,17986,13269,ALIANZA FRENTE DE IZQUIERDA Y DE LOS TRABAJADORES                                                   ,,agrupacion,187,PROVISORIO,api_dine,si
2015,GENERAL,PRESIDENTE Y VICE,21,Santa Fe,5,56,17986,13269,nulos,,nulos,152,PROVISORIO,api_dine,si
2015,GENERAL,PRESIDENTE Y VICE,21,Santa Fe,5,56,17986,13269,blancos,,blancos,563,PROVISORIO,api_dine,si
2015,GENERAL,PRESIDENTE Y VICE,21,Santa Fe,5,56,17986,13269,recurridos,,recurridos,18,PROVISORIO,api_dine,si
2015,GENERAL,PRESIDENTE Y VICE,21,Santa Fe,6,476,162076,126824,ALIANZA PROGRESISTAS                                                                                ,,agrupacion,3753,PROVISORIO,api_dine,si
2015,GENERAL,PRESIDENTE Y VICE,21,Santa Fe,6,476,162076,126824,ALIANZA CAMBIEMOS                                                                                   ,,agrupacion,51508,PROVISORIO,api_dine,si
2015,GENERAL,PRESIDENTE Y VICE,21,Santa Fe,6,476,162076,126824,ALIANZA FRENTE PARA LA VICTORIA                                                                     ,,agrupacion,33785,PROVISORIO,api_dine,si
2015,GENERAL,PRESIDENTE Y VICE,21,Santa Fe,6,476,162076,126824,ALIANZA COMPROMISO FEDERAL                                                                          ,,agrupacion,3954,PROVISORIO,api_dine,si
2015,GENERAL,PRESIDENTE Y VICE,21,Santa Fe,6,476,162076,126824,ALIANZA FRENTE DE IZQUIERDA Y DE LOS TRABAJADORES                                                   ,,agrupacion,2591,PROVISORIO,api_dine,si
2015,GENERAL,PRESIDENTE Y VICE,21,Santa Fe,6,476,162076,126824,ALIANZA UNIDOS POR UNA NUEVA ALTERNATIVA (UNA)                                                      ,,agrupacion,27801,PROVISORIO,api_dine,si
2015,GENERAL,PRESIDENTE Y VICE,21,Santa Fe,6,476,162076,126824,nulos,,nulos,826,PROVISORIO,api_dine,si
2015,GENERAL,PRESIDENTE Y VICE,21,Santa Fe,6,476,162076,126824,blancos,,blancos,2599,PROVISORIO,api_dine,si
2015,GENERAL,PRESIDENTE Y VICE,21,Santa Fe,6,476,162076,126824,recurridos,,recurridos,7,PROVISORIO,api_dine,si
2015,GENERAL,PRESIDENTE Y VICE,21,Santa Fe,7,417,138463,105765,ALIANZA PROGRESISTAS                                                                                ,,agrupacion,2200,PROVISORIO,api_dine,si
2015,GENERAL,PRESIDENTE Y VICE,21,Santa Fe,7,417,138463,105765,ALIANZA CAMBIEMOS                                                                                   ,,agrupacion,39395,PROVISORIO,api_dine,si
2015,GENERAL,PRESIDENTE Y VICE,21,Santa Fe,7,417,138463,105765,ALIANZA FRENTE PARA LA VICTORIA                                                                     ,,agrupacion,40962,PROVISORIO,api_dine,si
2015,GENERAL,PRESIDENTE Y VICE,21,Santa Fe,7,417,138463,105765,ALIANZA COMPROMISO FEDERAL                                                                          ,,agrupacion,719,PROVISORIO,api_dine,si
2015,GENERAL,PRESIDENTE Y VICE,21,Santa Fe,7,417,138463,105765,ALIANZA FRENTE DE IZQUIERDA Y DE LOS TRABAJADORES                                                   ,,agrupacion,1398,PROVISORIO,api_dine,si
2015,GENERAL,PRESIDENTE Y VICE,21,Santa Fe,7,417,138463,105765,ALIANZA UNIDOS POR UNA NUEVA ALTERNATIVA (UNA)                                                      ,,agrupacion,17787,PROVISORIO,api_dine,si
2015,GENERAL,PRESIDENTE Y VICE,21,Santa Fe,7,417,138463,105765,nulos,,nulos,872,PROVISORIO,api_dine,si
2015,GENERAL,PRESIDENTE Y VICE,21,Santa Fe,7,417,138463,105765,blancos,,blancos,2420,PROVISORIO,api_dine,si
2015,GENERAL,PRESIDENTE Y VICE,21,Santa Fe,7,417,138463,105765,recurridos,,recurridos,12,PROVISORIO,api_dine,si
2015,GENERAL,PRESIDENTE Y VICE,21,Santa Fe,8,170,57200,45143,ALIANZA UNIDOS POR UNA NUEVA ALTERNATIVA (UNA)                                                      ,,agrupacion,10431,PROVISORIO,api_dine,si
2015,GENERAL,PRESIDENTE Y VICE,21,Santa Fe,8,170,57200,45143,ALIANZA PROGRESISTAS                                                                                ,,agrupacion,1867,PROVISORIO,api_dine,si
2015,GENERAL,PRESIDENTE Y VICE,21,Santa Fe,8,170,57200,45143,ALIANZA CAMBIEMOS                                                                                   ,,agrupacion,15803,PROVISORIO,api_dine,si
2015,GENERAL,PRESIDENTE Y VICE,21,Santa Fe,8,170,57200,45143,ALIANZA COMPROMISO FEDERAL                                                                          ,,agrupacion,771,PROVISORIO,api_dine,si
2015,GENERAL,PRESIDENTE Y VICE,21,Santa Fe,8,170,57200,45143,ALIANZA FRENTE PARA LA VICTORIA                                                                     ,,agrupacion,13535,PROVISORIO,api_dine,si
2015,GENERAL,PRESIDENTE Y VICE,21,Santa Fe,8,170,57200,45143,ALIANZA FRENTE DE IZQUIERDA Y DE LOS TRABAJADORES                                                   ,,agrupacion,1046,PROVISORIO,api_dine,si
2015,GENERAL,PRESIDENTE Y VICE,21,Santa Fe,8,170,57200,45143,nulos,,nulos,187,PROVISORIO,api_dine,si
2015,GENERAL,PRESIDENTE Y VICE,21,Santa Fe,8,170,57200,45143,blancos,,blancos,1429,PROVISORIO,api_dine,si
2015,GENERAL,PRESIDENTE Y VICE,21,Santa Fe,8,170,57200,45143,recurridos,,recurridos,74,PROVISORIO,api_dine,si
2015,GENERAL,PRESIDENTE Y VICE,21,Santa Fe,9,1223,421922,321124,ALIANZA PROGRESISTAS                                                                                ,,agrupacion,15065,PROVISORIO,api_dine,si
2015,GENERAL,PRESIDENTE Y VICE,21,Santa Fe,9,1223,421922,321124,ALIANZA CAMBIEMOS                                                                                   ,,agrupacion,101736,PROVISORIO,api_dine,si
2015,GENERAL,PRESIDENTE Y VICE,21,Santa Fe,9,1223,421922,321124,ALIANZA COMPROMISO FEDERAL                                                                          ,,agrupacion,3605,PROVISORIO,api_dine,si
2015,GENERAL,PRESIDENTE Y VICE,21,Santa Fe,9,1223,421922,321124,ALIANZA FRENTE PARA LA VICTORIA                                                                     ,,agrupacion,102611,PROVISORIO,api_dine,si
2015,GENERAL,PRESIDENTE Y VICE,21,Santa Fe,9,1223,421922,321124,ALIANZA FRENTE DE IZQUIERDA Y DE LOS TRABAJADORES                                                   ,,agrupacion,7974,PROVISORIO,api_dine,si
2015,GENERAL,PRESIDENTE Y VICE,21,Santa Fe,9,1223,421922,321124,ALIANZA UNIDOS POR UNA NUEVA ALTERNATIVA (UNA)                                                      ,,agrupacion,77332,PROVISORIO,api_dine,si
2015,GENERAL,PRESIDENTE Y VICE,21,Santa Fe,9,1223,421922,321124,nulos,,nulos,4575,PROVISORIO,api_dine,si
2015,GENERAL,PRESIDENTE Y VICE,21,Santa Fe,9,1223,421922,321124,blancos,,blancos,7674,PROVISORIO,api_dine,si
2015,GENERAL,PRESIDENTE Y VICE,21,Santa Fe,9,1223,421922,321124,recurridos,,recurridos,552,PROVISORIO,api_dine,si
2015,GENERAL,PRESIDENTE Y VICE,21,Santa Fe,11,264,84768,68293,ALIANZA UNIDOS POR UNA NUEVA ALTERNATIVA (UNA)                                                      ,,agrupacion,15580,PROVISORIO,api_dine,si
2015,GENERAL,PRESIDENTE Y VICE,21,Santa Fe,11,264,84768,68293,ALIANZA PROGRESISTAS                                                                                ,,agrupacion,2188,PROVISORIO,api_dine,si
2015,GENERAL,PRESIDENTE Y VICE,21,Santa Fe,11,264,84768,68293,ALIANZA CAMBIEMOS                                                                                   ,,agrupacion,31654,PROVISORIO,api_dine,si
2015,GENERAL,PRESIDENTE Y VICE,21,Santa Fe,11,264,84768,68293,ALIANZA FRENTE PARA LA VICTORIA                                                                     ,,agrupacion,14617,PROVISORIO,api_dine,si
2015,GENERAL,PRESIDENTE Y VICE,21,Santa Fe,11,264,84768,68293,ALIANZA COMPROMISO FEDERAL                                                                          ,,agrupacion,917,PROVISORIO,api_dine,si
2015,GENERAL,PRESIDENTE Y VICE,21,Santa Fe,11,264,84768,68293,ALIANZA FRENTE DE IZQUIERDA Y DE LOS TRABAJADORES                                                   ,,agrupacion,893,PROVISORIO,api_dine,si
2015,GENERAL,PRESIDENTE Y VICE,21,Santa Fe,11,264,84768,68293,nulos,,nulos,524,PROVISORIO,api_dine,si
2015,GENERAL,PRESIDENTE Y VICE,21,Santa Fe,11,264,84768,68293,blancos,,blancos,1919,PROVISORIO,api_dine,si
2015,GENERAL,PRESIDENTE Y VICE,21,Santa Fe,11,264,84768,68293,recurridos,,recurridos,1,PROVISORIO,api_dine,si
2015,GENERAL,PRESIDENTE Y VICE,21,Santa Fe,12,76,24760,18232,ALIANZA UNIDOS POR UNA NUEVA ALTERNATIVA (UNA)                                                      ,,agrupacion,3177,PROVISORIO,api_dine,si
2015,GENERAL,PRESIDENTE Y VICE,21,Santa Fe,12,76,24760,18232,ALIANZA PROGRESISTAS                                                                                ,,agrupacion,470,PROVISORIO,api_dine,si
2015,GENERAL,PRESIDENTE Y VICE,21,Santa Fe,12,76,24760,18232,ALIANZA CAMBIEMOS                                                                                   ,,agrupacion,7040,PROVISORIO,api_dine,si
2015,GENERAL,PRESIDENTE Y VICE,21,Santa Fe,12,76,24760,18232,ALIANZA FRENTE PARA LA VICTORIA                                                                     ,,agrupacion,6623,PROVISORIO,api_dine,si
2015,GENERAL,PRESIDENTE Y VICE,21,Santa Fe,12,76,24760,18232,ALIANZA COMPROMISO FEDERAL                                                                          ,,agrupacion,153,PROVISORIO,api_dine,si
2015,GENERAL,PRESIDENTE Y VICE,21,Santa Fe,12,76,24760,18232,ALIANZA FRENTE DE IZQUIERDA Y DE LOS TRABAJADORES                                                   ,,agrupacion,155,PROVISORIO,api_dine,si
2015,GENERAL,PRESIDENTE Y VICE,21,Santa Fe,12,76,24760,18232,nulos,,nulos,139,PROVISORIO,api_dine,si
2015,GENERAL,PRESIDENTE Y VICE,21,Santa Fe,12,76,24760,18232,blancos,,blancos,473,PROVISORIO,api_dine,si
2015,GENERAL,PRESIDENTE Y VICE,21,Santa Fe,12,76,24760,18232,recurridos,,recurridos,2,PROVISORIO,api_dine,si
2015,GENERAL,PRESIDENTE Y VICE,21,Santa Fe,13,2936,1013581,790379,ALIANZA FRENTE PARA LA VICTORIA                                                                     ,,agrupacion,242313,PROVISORIO,api_dine,si
2015,GENERAL,PRESIDENTE Y VICE,21,Santa Fe,13,2936,1013581,790379,ALIANZA COMPROMISO FEDERAL                                                                          ,,agrupacion,11585,PROVISORIO,api_dine,si
2015,GENERAL,PRESIDENTE Y VICE,21,Santa Fe,13,2936,1013581,790379,ALIANZA PROGRESISTAS                                                                                ,,agrupacion,33874,PROVISORIO,api_dine,si
2015,GENERAL,PRESIDENTE Y VICE,21,Santa Fe,13,2936,1013581,790379,ALIANZA CAMBIEMOS                                                                                   ,,agrupacion,235635,PROVISORIO,api_dine,si
2015,GENERAL,PRESIDENTE Y VICE,21,Santa Fe,13,2936,1013581,790379,ALIANZA UNIDOS POR UNA NUEVA ALTERNATIVA (UNA)                                                      ,,agrupacion,207512,PROVISORIO,api_dine,si
2015,GENERAL,PRESIDENTE Y VICE,21,Santa Fe,13,2936,1013581,790379,ALIANZA FRENTE DE IZQUIERDA Y DE LOS TRABAJADORES                                                   ,,agrupacion,27785,PROVISORIO,api_dine,si
2015,GENERAL,PRESIDENTE Y VICE,21,Santa Fe,13,2936,1013581,790379,nulos,,nulos,10824,PROVISORIO,api_dine,si
2015,GENERAL,PRESIDENTE Y VICE,21,Santa Fe,13,2936,1013581,790379,blancos,,blancos,20373,PROVISORIO,api_dine,si
2015,GENERAL,PRESIDENTE Y VICE,21,Santa Fe,13,2936,1013581,790379,recurridos,,recurridos,478,PROVISORIO,api_dine,si
2015,GENERAL,PRESIDENTE Y VICE,21,Santa Fe,16,178,56596,42915,ALIANZA UNIDOS POR UNA NUEVA ALTERNATIVA (UNA)                                                      ,,agrupacion,8387,PROVISORIO,api_dine,si
2015,GENERAL,PRESIDENTE Y VICE,21,Santa Fe,16,178,56596,42915,ALIANZA PROGRESISTAS                                                                                ,,agrupacion,1200,PROVISORIO,api_dine,si
2015,GENERAL,PRESIDENTE Y VICE,21,Santa Fe,16,178,56596,42915,ALIANZA CAMBIEMOS                                                                                   ,,agrupacion,16831,PROVISORIO,api_dine,si
2015,GENERAL,PRESIDENTE Y VICE,21,Santa Fe,16,178,56596,42915,ALIANZA FRENTE DE IZQUIERDA Y DE LOS TRABAJADORES                                                   ,,agrupacion,502,PROVISORIO,api_dine,si
2015,GENERAL,PRESIDENTE Y VICE,21,Santa Fe,16,178,56596,42915,ALIANZA FRENTE PARA LA VICTORIA                                                                     ,,agrupacion,14066,PROVISORIO,api_dine,si
2015,GENERAL,PRESIDENTE Y VICE,21,Santa Fe,16,178,56596,42915,ALIANZA COMPROMISO FEDERAL                                                                          ,,agrupacion,364,PROVISORIO,api_dine,si
2015,GENERAL,PRESIDENTE Y VICE,21,Santa Fe,16,178,56596,42915,nulos,,nulos,253,PROVISORIO,api_dine,si
2015,GENERAL,PRESIDENTE Y VICE,21,Santa Fe,16,178,56596,42915,blancos,,blancos,1311,PROVISORIO,api_dine,si
2015,GENERAL,PRESIDENTE Y VICE,21,Santa Fe,16,178,56596,42915,recurridos,,recurridos,1,PROVISORIO,api_dine,si
2015,GENERAL,PRESIDENTE Y VICE,21,Santa Fe,17,83,26017,19528,ALIANZA FRENTE PARA LA VICTORIA                                                                     ,,agrupacion,8304,PROVISORIO,api_dine,si
2015,GENERAL,PRESIDENTE Y VICE,21,Santa Fe,17,83,26017,19528,ALIANZA COMPROMISO FEDERAL                                                                          ,,agrupacion,150,PROVISORIO,api_dine,si
2015,GENERAL,PRESIDENTE Y VICE,21,Santa Fe,17,83,26017,19528,ALIANZA PROGRESISTAS                                                                                ,,agrupacion,470,PROVISORIO,api_dine,si
2015,GENERAL,PRESIDENTE Y VICE,21,Santa Fe,17,83,26017,19528,ALIANZA CAMBIEMOS                                                                                   ,,agrupacion,6504,PROVISORIO,api_dine,si
2015,GENERAL,PRESIDENTE Y VICE,21,Santa Fe,17,83,26017,19528,ALIANZA UNIDOS POR UNA NUEVA ALTERNATIVA (UNA)                                                      ,,agrupacion,3037,PROVISORIO,api_dine,si
2015,GENERAL,PRESIDENTE Y VICE,21,Santa Fe,17,83,26017,19528,ALIANZA FRENTE DE IZQUIERDA Y DE LOS TRABAJADORES                                                   ,,agrupacion,216,PROVISORIO,api_dine,si
2015,GENERAL,PRESIDENTE Y VICE,21,Santa Fe,17,83,26017,19528,nulos,,nulos,171,PROVISORIO,api_dine,si
2015,GENERAL,PRESIDENTE Y VICE,21,Santa Fe,17,83,26017,19528,blancos,,blancos,674,PROVISORIO,api_dine,si
2015,GENERAL,PRESIDENTE Y VICE,21,Santa Fe,17,83,26017,19528,recurridos,,recurridos,2,PROVISORIO,api_dine,si
2015,GENERAL,PRESIDENTE Y VICE,21,Santa Fe,18,202,66496,52185,ALIANZA UNIDOS POR UNA NUEVA ALTERNATIVA (UNA)                                                      ,,agrupacion,11640,PROVISORIO,api_dine,si
2015,GENERAL,PRESIDENTE Y VICE,21,Santa Fe,18,202,66496,52185,ALIANZA PROGRESISTAS                                                                                ,,agrupacion,1761,PROVISORIO,api_dine,si
2015,GENERAL,PRESIDENTE Y VICE,21,Santa Fe,18,202,66496,52185,ALIANZA CAMBIEMOS                                                                                   ,,agrupacion,17603,PROVISORIO,api_dine,si
2015,GENERAL,PRESIDENTE Y VICE,21,Santa Fe,18,202,66496,52185,ALIANZA FRENTE PARA LA VICTORIA                                                                     ,,agrupacion,17333,PROVISORIO,api_dine,si
2015,GENERAL,PRESIDENTE Y VICE,21,Santa Fe,18,202,66496,52185,ALIANZA COMPROMISO FEDERAL                                                                          ,,agrupacion,652,PROVISORIO,api_dine,si
2015,GENERAL,PRESIDENTE Y VICE,21,Santa Fe,18,202,66496,52185,ALIANZA FRENTE DE IZQUIERDA Y DE LOS TRABAJADORES                                                   ,,agrupacion,950,PROVISORIO,api_dine,si
2015,GENERAL,PRESIDENTE Y VICE,21,Santa Fe,18,202,66496,52185,nulos,,nulos,383,PROVISORIO,api_dine,si
2015,GENERAL,PRESIDENTE Y VICE,21,Santa Fe,18,202,66496,52185,blancos,,blancos,1660,PROVISORIO,api_dine,si
2015,GENERAL,PRESIDENTE Y VICE,21,Santa Fe,18,202,66496,52185,recurridos,,recurridos,203,PROVISORIO,api_dine,si
2015,GENERAL,PRESIDENTE Y VICE,21,Santa Fe,19,114,35064,26857,ALIANZA UNIDOS POR UNA NUEVA ALTERNATIVA (UNA)                                                      ,,agrupacion,5088,PROVISORIO,api_dine,si
2015,GENERAL,PRESIDENTE Y VICE,21,Santa Fe,19,114,35064,26857,ALIANZA PROGRESISTAS                                                                                ,,agrupacion,854,PROVISORIO,api_dine,si
2015,GENERAL,PRESIDENTE Y VICE,21,Santa Fe,19,114,35064,26857,ALIANZA CAMBIEMOS                                                                                   ,,agrupacion,11045,PROVISORIO,api_dine,si
2015,GENERAL,PRESIDENTE Y VICE,21,Santa Fe,19,114,35064,26857,ALIANZA FRENTE PARA LA VICTORIA                                                                     ,,agrupacion,8259,PROVISORIO,api_dine,si
2015,GENERAL,PRESIDENTE Y VICE,21,Santa Fe,19,114,35064,26857,ALIANZA COMPROMISO FEDERAL                                                                          ,,agrupacion,248,PROVISORIO,api_dine,si
2015,GENERAL,PRESIDENTE Y VICE,21,Santa Fe,19,114,35064,26857,ALIANZA FRENTE DE IZQUIERDA Y DE LOS TRABAJADORES                                                   ,,agrupacion,382,PROVISORIO,api_dine,si
2015,GENERAL,PRESIDENTE Y VICE,21,Santa Fe,19,114,35064,26857,nulos,,nulos,214,PROVISORIO,api_dine,si
2015,GENERAL,PRESIDENTE Y VICE,21,Santa Fe,19,114,35064,26857,blancos,,blancos,763,PROVISORIO,api_dine,si
2015,GENERAL,PRESIDENTE Y VICE,21,Santa Fe,19,114,35064,26857,recurridos,,recurridos,4,PROVISORIO,api_dine,si
2015,GENERAL,PRESIDENTE Y VICE,21,Santa Fe,20,396,136481,109995,ALIANZA UNIDOS POR UNA NUEVA ALTERNATIVA (UNA)                                                      ,,agrupacion,30160,PROVISORIO,api_dine,si
2015,GENERAL,PRESIDENTE Y VICE,21,Santa Fe,20,396,136481,109995,ALIANZA CAMBIEMOS                                                                                   ,,agrupacion,33237,PROVISORIO,api_dine,si
2015,GENERAL,PRESIDENTE Y VICE,21,Santa Fe,20,396,136481,109995,ALIANZA PROGRESISTAS                                                                                ,,agrupacion,3693,PROVISORIO,api_dine,si
2015,GENERAL,PRESIDENTE Y VICE,21,Santa Fe,20,396,136481,109995,ALIANZA FRENTE PARA LA VICTORIA                                                                     ,,agrupacion,34739,PROVISORIO,api_dine,si
2015,GENERAL,PRESIDENTE Y VICE,21,Santa Fe,20,396,136481,109995,ALIANZA COMPROMISO FEDERAL                                                                          ,,agrupacion,1674,PROVISORIO,api_dine,si
2015,GENERAL,PRESIDENTE Y VICE,21,Santa Fe,20,396,136481,109995,ALIANZA FRENTE DE IZQUIERDA Y DE LOS TRABAJADORES                                                   ,,agrupacion,2590,PROVISORIO,api_dine,si
2015,GENERAL,PRESIDENTE Y VICE,21,Santa Fe,20,396,136481,109995,nulos,,nulos,1092,PROVISORIO,api_dine,si
2015,GENERAL,PRESIDENTE Y VICE,21,Santa Fe,20,396,136481,109995,blancos,,blancos,2806,PROVISORIO,api_dine,si
2015,GENERAL,PRESIDENTE Y VICE,21,Santa Fe,20,396,136481,109995,recurridos,,recurridos,4,PROVISORIO,api_dine,si
2015,GENERAL,PRESIDENTE Y VICE,21,Santa Fe,21,159,53154,41994,ALIANZA FRENTE PARA LA VICTORIA                                                                     ,,agrupacion,10026,PROVISORIO,api_dine,si
2015,GENERAL,PRESIDENTE Y VICE,21,Santa Fe,21,159,53154,41994,ALIANZA COMPROMISO FEDERAL                                                                          ,,agrupacion,608,PROVISORIO,api_dine,si
2015,GENERAL,PRESIDENTE Y VICE,21,Santa Fe,21,159,53154,41994,ALIANZA PROGRESISTAS                                                                                ,,agrupacion,1429,PROVISORIO,api_dine,si
2015,GENERAL,PRESIDENTE Y VICE,21,Santa Fe,21,159,53154,41994,ALIANZA CAMBIEMOS                                                                                   ,,agrupacion,17690,PROVISORIO,api_dine,si
2015,GENERAL,PRESIDENTE Y VICE,21,Santa Fe,21,159,53154,41994,ALIANZA UNIDOS POR UNA NUEVA ALTERNATIVA (UNA)                                                      ,,agrupacion,10106,PROVISORIO,api_dine,si
2015,GENERAL,PRESIDENTE Y VICE,21,Santa Fe,21,159,53154,41994,ALIANZA FRENTE DE IZQUIERDA Y DE LOS TRABAJADORES                                                   ,,agrupacion,733,PROVISORIO,api_dine,si
2015,GENERAL,PRESIDENTE Y VICE,21,Santa Fe,21,159,53154,41994,nulos,,nulos,438,PROVISORIO,api_dine,si
2015,GENERAL,PRESIDENTE Y VICE,21,Santa Fe,21,159,53154,41994,blancos,,blancos,962,PROVISORIO,api_dine,si
2015,GENERAL,PRESIDENTE Y VICE,21,Santa Fe,21,159,53154,41994,recurridos,,recurridos,2,PROVISORIO,api_dine,si
2015,GENERAL,PRESIDENTE Y VICE,21,Santa Fe,22,134,42224,30423,ALIANZA UNIDOS POR UNA NUEVA ALTERNATIVA (UNA)                                                      ,,agrupacion,5251,PROVISORIO,api_dine,si
2015,GENERAL,PRESIDENTE Y VICE,21,Santa Fe,22,134,42224,30423,ALIANZA PROGRESISTAS                                                                                ,,agrupacion,721,PROVISORIO,api_dine,si
2015,GENERAL,PRESIDENTE Y VICE,21,Santa Fe,22,134,42224,30423,ALIANZA CAMBIEMOS                                                                                   ,,agrupacion,10062,PROVISORIO,api_dine,si
2015,GENERAL,PRESIDENTE Y VICE,21,Santa Fe,22,134,42224,30423,ALIANZA FRENTE DE IZQUIERDA Y DE LOS TRABAJADORES                                                   ,,agrupacion,356,PROVISORIO,api_dine,si
2015,GENERAL,PRESIDENTE Y VICE,21,Santa Fe,22,134,42224,30423,ALIANZA FRENTE PARA LA VICTORIA                                                                     ,,agrupacion,12633,PROVISORIO,api_dine,si
2015,GENERAL,PRESIDENTE Y VICE,21,Santa Fe,22,134,42224,30423,ALIANZA COMPROMISO FEDERAL                                                                          ,,agrupacion,266,PROVISORIO,api_dine,si
2015,GENERAL,PRESIDENTE Y VICE,21,Santa Fe,22,134,42224,30423,nulos,,nulos,206,PROVISORIO,api_dine,si
2015,GENERAL,PRESIDENTE Y VICE,21,Santa Fe,22,134,42224,30423,blancos,,blancos,926,PROVISORIO,api_dine,si
2015,GENERAL,PRESIDENTE Y VICE,21,Santa Fe,22,134,42224,30423,recurridos,,recurridos,2,PROVISORIO,api_dine,si
2015,BALOTAJE,PRESIDENTE Y VICE,21,Santa Fe,1,111,37827,30508,FRENTE PARA LA VICTORIA                                                                             ,,agrupacion,9963,PROVISORIO,api_dine,si
2015,BALOTAJE,PRESIDENTE Y VICE,21,Santa Fe,1,111,37827,30508,CAMBIEMOS                                                                                           ,,agrupacion,19711,PROVISORIO,api_dine,si
2015,BALOTAJE,PRESIDENTE Y VICE,21,Santa Fe,1,111,37827,30508,nulos,,nulos,168,PROVISORIO,api_dine,si
2015,BALOTAJE,PRESIDENTE Y VICE,21,Santa Fe,1,111,37827,30508,blancos,,blancos,666,PROVISORIO,api_dine,si
2015,BALOTAJE,PRESIDENTE Y VICE,21,Santa Fe,1,111,37827,30508,recurridos,,recurridos,0,PROVISORIO,api_dine,si
2015,BALOTAJE,PRESIDENTE Y VICE,21,Santa Fe,2,213,71026,57325,FRENTE PARA LA VICTORIA                                                                             ,,agrupacion,18171,PROVISORIO,api_dine,si
2015,BALOTAJE,PRESIDENTE Y VICE,21,Santa Fe,2,213,71026,57325,CAMBIEMOS                                                                                           ,,agrupacion,37297,PROVISORIO,api_dine,si
2015,BALOTAJE,PRESIDENTE Y VICE,21,Santa Fe,2,213,71026,57325,nulos,,nulos,770,PROVISORIO,api_dine,si
2015,BALOTAJE,PRESIDENTE Y VICE,21,Santa Fe,2,213,71026,57325,blancos,,blancos,1086,PROVISORIO,api_dine,si
2015,BALOTAJE,PRESIDENTE Y VICE,21,Santa Fe,2,213,71026,57325,recurridos,,recurridos,1,PROVISORIO,api_dine,si
2015,BALOTAJE,PRESIDENTE Y VICE,21,Santa Fe,3,435,143375,114822,FRENTE PARA LA VICTORIA                                                                             ,,agrupacion,37065,PROVISORIO,api_dine,si
2015,BALOTAJE,PRESIDENTE Y VICE,21,Santa Fe,3,435,143375,114822,CAMBIEMOS                                                                                           ,,agrupacion,74784,PROVISORIO,api_dine,si
2015,BALOTAJE,PRESIDENTE Y VICE,21,Santa Fe,3,435,143375,114822,nulos,,nulos,1593,PROVISORIO,api_dine,si
2015,BALOTAJE,PRESIDENTE Y VICE,21,Santa Fe,3,435,143375,114822,blancos,,blancos,1371,PROVISORIO,api_dine,si
2015,BALOTAJE,PRESIDENTE Y VICE,21,Santa Fe,3,435,143375,114822,recurridos,,recurridos,9,PROVISORIO,api_dine,si
2015,BALOTAJE,PRESIDENTE Y VICE,21,Santa Fe,4,217,73536,60078,FRENTE PARA LA VICTORIA                                                                             ,,agrupacion,27714,PROVISORIO,api_dine,si
2015,BALOTAJE,PRESIDENTE Y VICE,21,Santa Fe,4,217,73536,60078,CAMBIEMOS                                                                                           ,,agrupacion,30653,PROVISORIO,api_dine,si
2015,BALOTAJE,PRESIDENTE Y VICE,21,Santa Fe,4,217,73536,60078,nulos,,nulos,677,PROVISORIO,api_dine,si
2015,BALOTAJE,PRESIDENTE Y VICE,21,Santa Fe,4,217,73536,60078,blancos,,blancos,1026,PROVISORIO,api_dine,si
2015,BALOTAJE,PRESIDENTE Y VICE,21,Santa Fe,4,217,73536,60078,recurridos,,recurridos,8,PROVISORIO,api_dine,si
2015,BALOTAJE,PRESIDENTE Y VICE,21,Santa Fe,5,56,17986,13411,FRENTE PARA LA VICTORIA                                                                             ,,agrupacion,6801,PROVISORIO,api_dine,si
2015,BALOTAJE,PRESIDENTE Y VICE,21,Santa Fe,5,56,17986,13411,CAMBIEMOS                                                                                           ,,agrupacion,6303,PROVISORIO,api_dine,si
2015,BALOTAJE,PRESIDENTE Y VICE,21,Santa Fe,5,56,17986,13411,nulos,,nulos,160,PROVISORIO,api_dine,si
2015,BALOTAJE,PRESIDENTE Y VICE,21,Santa Fe,5,56,17986,13411,blancos,,blancos,146,PROVISORIO,api_dine,si
2015,BALOTAJE,PRESIDENTE Y VICE,21,Santa Fe,5,56,17986,13411,recurridos,,recurridos,1,PROVISORIO,api_dine,si
2015,BALOTAJE,PRESIDENTE Y VICE,21,Santa Fe,6,477,162428,128362,FRENTE PARA LA VICTORIA                                                                             ,,agrupacion,47355,PROVISORIO,api_dine,si
2015,BALOTAJE,PRESIDENTE Y VICE,21,Santa Fe,6,477,162428,128362,CAMBIEMOS                                                                                           ,,agrupacion,77965,PROVISORIO,api_dine,si
2015,BALOTAJE,PRESIDENTE Y VICE,21,Santa Fe,6,477,162428,128362,nulos,,nulos,1272,PROVISORIO,api_dine,si
2015,BALOTAJE,PRESIDENTE Y VICE,21,Santa Fe,6,477,162428,128362,blancos,,blancos,1764,PROVISORIO,api_dine,si
2015,BALOTAJE,PRESIDENTE Y VICE,21,Santa Fe,6,477,162428,128362,recurridos,,recurridos,6,PROVISORIO,api_dine,si
2015,BALOTAJE,PRESIDENTE Y VICE,21,Santa Fe,7,427,141389,111733,FRENTE PARA LA VICTORIA                                                                             ,,agrupacion,52212,PROVISORIO,api_dine,si
2015,BALOTAJE,PRESIDENTE Y VICE,21,Santa Fe,7,427,141389,111733,CAMBIEMOS                                                                                           ,,agrupacion,57929,PROVISORIO,api_dine,si
2015,BALOTAJE,PRESIDENTE Y VICE,21,Santa Fe,7,427,141389,111733,nulos,,nulos,964,PROVISORIO,api_dine,si
2015,BALOTAJE,PRESIDENTE Y VICE,21,Santa Fe,7,427,141389,111733,blancos,,blancos,614,PROVISORIO,api_dine,si
2015,BALOTAJE,PRESIDENTE Y VICE,21,Santa Fe,7,427,141389,111733,recurridos,,recurridos,14,PROVISORIO,api_dine,si
2015,BALOTAJE,PRESIDENTE Y VICE,21,Santa Fe,8,170,57200,45395,FRENTE PARA LA VICTORIA                                                                             ,,agrupacion,18652,PROVISORIO,api_dine,si
2015,BALOTAJE,PRESIDENTE Y VICE,21,Santa Fe,8,170,57200,45395,CAMBIEMOS                                                                                           ,,agrupacion,25352,PROVISORIO,api_dine,si
2015,BALOTAJE,PRESIDENTE Y VICE,21,Santa Fe,8,170,57200,45395,nulos,,nulos,385,PROVISORIO,api_dine,si
2015,BALOTAJE,PRESIDENTE Y VICE,21,Santa Fe,8,170,57200,45395,blancos,,blancos,1003,PROVISORIO,api_dine,si
2015,BALOTAJE,PRESIDENTE Y VICE,21,Santa Fe,8,170,57200,45395,recurridos,,recurridos,3,PROVISORIO,api_dine,si
2015,BALOTAJE,PRESIDENTE Y VICE,21,Santa Fe,9,1226,423118,324990,FRENTE PARA LA VICTORIA                                                                             ,,agrupacion,145369,PROVISORIO,api_dine,si
2015,BALOTAJE,PRESIDENTE Y VICE,21,Santa Fe,9,1226,423118,324990,CAMBIEMOS                                                                                           ,,agrupacion,169489,PROVISORIO,api_dine,si
2015,BALOTAJE,PRESIDENTE Y VICE,21,Santa Fe,9,1226,423118,324990,nulos,,nulos,5975,PROVISORIO,api_dine,si
2015,BALOTAJE,PRESIDENTE Y VICE,21,Santa Fe,9,1226,423118,324990,blancos,,blancos,4039,PROVISORIO,api_dine,si
2015,BALOTAJE,PRESIDENTE Y VICE,21,Santa Fe,9,1226,423118,324990,recurridos,,recurridos,118,PROVISORIO,api_dine,si
2015,BALOTAJE,PRESIDENTE Y VICE,21,Santa Fe,11,265,85119,68934,FRENTE PARA LA VICTORIA                                                                             ,,agrupacion,20099,PROVISORIO,api_dine,si
2015,BALOTAJE,PRESIDENTE Y VICE,21,Santa Fe,11,265,85119,68934,CAMBIEMOS                                                                                           ,,agrupacion,47037,PROVISORIO,api_dine,si
2015,BALOTAJE,PRESIDENTE Y VICE,21,Santa Fe,11,265,85119,68934,nulos,,nulos,911,PROVISORIO,api_dine,si
2015,BALOTAJE,PRESIDENTE Y VICE,21,Santa Fe,11,265,85119,68934,blancos,,blancos,881,PROVISORIO,api_dine,si
2015,BALOTAJE,PRESIDENTE Y VICE,21,Santa Fe,11,265,85119,68934,recurridos,,recurridos,6,PROVISORIO,api_dine,si
2015,BALOTAJE,PRESIDENTE Y VICE,21,Santa Fe,12,76,24760,18189,FRENTE PARA LA VICTORIA                                                                             ,,agrupacion,7979,PROVISORIO,api_dine,si
2015,BALOTAJE,PRESIDENTE Y VICE,21,Santa Fe,12,76,24760,18189,CAMBIEMOS                                                                                           ,,agrupacion,9979,PROVISORIO,api_dine,si
2015,BALOTAJE,PRESIDENTE Y VICE,21,Santa Fe,12,76,24760,18189,nulos,,nulos,134,PROVISORIO,api_dine,si
2015,BALOTAJE,PRESIDENTE Y VICE,21,Santa Fe,12,76,24760,18189,blancos,,blancos,92,PROVISORIO,api_dine,si
2015,BALOTAJE,PRESIDENTE Y VICE,21,Santa Fe,12,76,24760,18189,recurridos,,recurridos,5,PROVISORIO,api_dine,si
2015,BALOTAJE,PRESIDENTE Y VICE,21,Santa Fe,13,2955,1020070,801830,FRENTE PARA LA VICTORIA                                                                             ,,agrupacion,371311,PROVISORIO,api_dine,si
2015,BALOTAJE,PRESIDENTE Y VICE,21,Santa Fe,13,2955,1020070,801830,CAMBIEMOS                                                                                           ,,agrupacion,399874,PROVISORIO,api_dine,si
2015,BALOTAJE,PRESIDENTE Y VICE,21,Santa Fe,13,2955,1020070,801830,nulos,,nulos,17238,PROVISORIO,api_dine,si
2015,BALOTAJE,PRESIDENTE Y VICE,21,Santa Fe,13,2955,1020070,801830,blancos,,blancos,13131,PROVISORIO,api_dine,si
2015,BALOTAJE,PRESIDENTE Y VICE,21,Santa Fe,13,2955,1020070,801830,recurridos,,recurridos,276,PROVISORIO,api_dine,si
2015,BALOTAJE,PRESIDENTE Y VICE,21,Santa Fe,16,179,56947,43181,FRENTE PARA LA VICTORIA                                                                             ,,agrupacion,17744,PROVISORIO,api_dine,si
2015,BALOTAJE,PRESIDENTE Y VICE,21,Santa Fe,16,179,56947,43181,CAMBIEMOS                                                                                           ,,agrupacion,24701,PROVISORIO,api_dine,si
2015,BALOTAJE,PRESIDENTE Y VICE,21,Santa Fe,16,179,56947,43181,nulos,,nulos,305,PROVISORIO,api_dine,si
2015,BALOTAJE,PRESIDENTE Y VICE,21,Santa Fe,16,179,56947,43181,blancos,,blancos,430,PROVISORIO,api_dine,si
2015,BALOTAJE,PRESIDENTE Y VICE,21,Santa Fe,16,179,56947,43181,recurridos,,recurridos,1,PROVISORIO,api_dine,si
2015,BALOTAJE,PRESIDENTE Y VICE,21,Santa Fe,17,82,25667,19529,FRENTE PARA LA VICTORIA                                                                             ,,agrupacion,9426,PROVISORIO,api_dine,si
2015,BALOTAJE,PRESIDENTE Y VICE,21,Santa Fe,17,82,25667,19529,CAMBIEMOS                                                                                           ,,agrupacion,9687,PROVISORIO,api_dine,si
2015,BALOTAJE,PRESIDENTE Y VICE,21,Santa Fe,17,82,25667,19529,nulos,,nulos,233,PROVISORIO,api_dine,si
2015,BALOTAJE,PRESIDENTE Y VICE,21,Santa Fe,17,82,25667,19529,blancos,,blancos,182,PROVISORIO,api_dine,si
2015,BALOTAJE,PRESIDENTE Y VICE,21,Santa Fe,17,82,25667,19529,recurridos,,recurridos,1,PROVISORIO,api_dine,si
2015,BALOTAJE,PRESIDENTE Y VICE,21,Santa Fe,18,204,67202,52747,FRENTE PARA LA VICTORIA                                                                             ,,agrupacion,22871,PROVISORIO,api_dine,si
2015,BALOTAJE,PRESIDENTE Y VICE,21,Santa Fe,18,204,67202,52747,CAMBIEMOS                                                                                           ,,agrupacion,28563,PROVISORIO,api_dine,si
2015,BALOTAJE,PRESIDENTE Y VICE,21,Santa Fe,18,204,67202,52747,nulos,,nulos,536,PROVISORIO,api_dine,si
2015,BALOTAJE,PRESIDENTE Y VICE,21,Santa Fe,18,204,67202,52747,blancos,,blancos,768,PROVISORIO,api_dine,si
2015,BALOTAJE,PRESIDENTE Y VICE,21,Santa Fe,18,204,67202,52747,recurridos,,recurridos,9,PROVISORIO,api_dine,si
2015,BALOTAJE,PRESIDENTE Y VICE,21,Santa Fe,19,114,35404,27266,FRENTE PARA LA VICTORIA                                                                             ,,agrupacion,10187,PROVISORIO,api_dine,si
2015,BALOTAJE,PRESIDENTE Y VICE,21,Santa Fe,19,114,35404,27266,CAMBIEMOS                                                                                           ,,agrupacion,16484,PROVISORIO,api_dine,si
2015,BALOTAJE,PRESIDENTE Y VICE,21,Santa Fe,19,114,35404,27266,nulos,,nulos,287,PROVISORIO,api_dine,si
2015,BALOTAJE,PRESIDENTE Y VICE,21,Santa Fe,19,114,35404,27266,blancos,,blancos,305,PROVISORIO,api_dine,si
2015,BALOTAJE,PRESIDENTE Y VICE,21,Santa Fe,19,114,35404,27266,recurridos,,recurridos,3,PROVISORIO,api_dine,si
2015,BALOTAJE,PRESIDENTE Y VICE,21,Santa Fe,20,401,138235,112277,FRENTE PARA LA VICTORIA                                                                             ,,agrupacion,50738,PROVISORIO,api_dine,si
2015,BALOTAJE,PRESIDENTE Y VICE,21,Santa Fe,20,401,138235,112277,CAMBIEMOS                                                                                           ,,agrupacion,58070,PROVISORIO,api_dine,si
2015,BALOTAJE,PRESIDENTE Y VICE,21,Santa Fe,20,401,138235,112277,nulos,,nulos,1770,PROVISORIO,api_dine,si
2015,BALOTAJE,PRESIDENTE Y VICE,21,Santa Fe,20,401,138235,112277,blancos,,blancos,1674,PROVISORIO,api_dine,si
2015,BALOTAJE,PRESIDENTE Y VICE,21,Santa Fe,20,401,138235,112277,recurridos,,recurridos,25,PROVISORIO,api_dine,si
2015,BALOTAJE,PRESIDENTE Y VICE,21,Santa Fe,21,158,52801,41824,FRENTE PARA LA VICTORIA                                                                             ,,agrupacion,13751,PROVISORIO,api_dine,si
2015,BALOTAJE,PRESIDENTE Y VICE,21,Santa Fe,21,158,52801,41824,CAMBIEMOS                                                                                           ,,agrupacion,26960,PROVISORIO,api_dine,si
2015,BALOTAJE,PRESIDENTE Y VICE,21,Santa Fe,21,158,52801,41824,nulos,,nulos,584,PROVISORIO,api_dine,si
2015,BALOTAJE,PRESIDENTE Y VICE,21,Santa Fe,21,158,52801,41824,blancos,,blancos,529,PROVISORIO,api_dine,si
2015,BALOTAJE,PRESIDENTE Y VICE,21,Santa Fe,21,158,52801,41824,recurridos,,recurridos,0,PROVISORIO,api_dine,si
2015,BALOTAJE,PRESIDENTE Y VICE,21,Santa Fe,22,136,42927,31599,FRENTE PARA LA VICTORIA                                                                             ,,agrupacion,15502,PROVISORIO,api_dine,si
2015,BALOTAJE,PRESIDENTE Y VICE,21,Santa Fe,22,136,42927,31599,CAMBIEMOS                                                                                           ,,agrupacion,15640,PROVISORIO,api_dine,si
2015,BALOTAJE,PRESIDENTE Y VICE,21,Santa Fe,22,136,42927,31599,nulos,,nulos,229,PROVISORIO,api_dine,si
2015,BALOTAJE,PRESIDENTE Y VICE,21,Santa Fe,22,136,42927,31599,blancos,,blancos,224,PROVISORIO,api_dine,si
2015,BALOTAJE,PRESIDENTE Y VICE,21,Santa Fe,22,136,42927,31599,recurridos,,recurridos,4,PROVISORIO,api_dine,si
2019,PASO,PRESIDENTE Y VICE,21,Santa Fe,1,114,38676,29247,CONSENSO FEDERAL,,agrupacion,3547,PROVISORIO,api_dine,si
2019,PASO,PRESIDENTE Y VICE,21,Santa Fe,1,114,38676,29247,CONSENSO FEDERAL,CONSENSO PARA EL FUTURO - Roberto Lavagna,lista,3547,PROVISORIO,api_dine,si
2019,PASO,PRESIDENTE Y VICE,21,Santa Fe,1,114,38676,29247,FRENTE NOS,,agrupacion,886,PROVISORIO,api_dine,si
2019,PASO,PRESIDENTE Y VICE,21,Santa Fe,1,114,38676,29247,FRENTE NOS,CELESTE 2019 - Juan Gomez,lista,886,PROVISORIO,api_dine,si
2019,PASO,PRESIDENTE Y VICE,21,Santa Fe,1,114,38676,29247,FRENTE DE IZQUIERDA Y DE TRABAJADORES - UNIDAD,,agrupacion,523,PROVISORIO,api_dine,si
2019,PASO,PRESIDENTE Y VICE,21,Santa Fe,1,114,38676,29247,FRENTE DE IZQUIERDA Y DE TRABAJADORES - UNIDAD,UNIDAD - Nicolás Del Caño,lista,523,PROVISORIO,api_dine,si
2019,PASO,PRESIDENTE Y VICE,21,Santa Fe,1,114,38676,29247,MOVIMIENTO DE ACCION VECINAL,,agrupacion,50,PROVISORIO,api_dine,si
2019,PASO,PRESIDENTE Y VICE,21,Santa Fe,1,114,38676,29247,MOVIMIENTO DE ACCION VECINAL,COMPROMISO VECINAL - Raúl Albarracin,lista,50,PROVISORIO,api_dine,si
2019,PASO,PRESIDENTE Y VICE,21,Santa Fe,1,114,38676,29247,FRENTE DE TODOS,,agrupacion,10147,PROVISORIO,api_dine,si
2019,PASO,PRESIDENTE Y VICE,21,Santa Fe,1,114,38676,29247,FRENTE DE TODOS,CELESTE Y BLANCA - Alberto Fernández,lista,10147,PROVISORIO,api_dine,si
2019,PASO,PRESIDENTE Y VICE,21,Santa Fe,1,114,38676,29247,FRENTE PATRIOTA,,agrupacion,47,PROVISORIO,api_dine,si
2019,PASO,PRESIDENTE Y VICE,21,Santa Fe,1,114,38676,29247,FRENTE PATRIOTA,CELESTE - Alejandro Biondini,lista,47,PROVISORIO,api_dine,si
2019,PASO,PRESIDENTE Y VICE,21,Santa Fe,1,114,38676,29247,JUNTOS POR EL CAMBIO,,agrupacion,11913,PROVISORIO,api_dine,si
2019,PASO,PRESIDENTE Y VICE,21,Santa Fe,1,114,38676,29247,JUNTOS POR EL CAMBIO,JUNTOS SOMOS EL CAMBIO - Mauricio Macri,lista,11913,PROVISORIO,api_dine,si
2019,PASO,PRESIDENTE Y VICE,21,Santa Fe,1,114,38676,29247,MOVIMIENTO AL SOCIALISMO,,agrupacion,156,PROVISORIO,api_dine,si
2019,PASO,PRESIDENTE Y VICE,21,Santa Fe,1,114,38676,29247,MOVIMIENTO AL SOCIALISMO,UNIDAD DE LA IZQUIERDA - Manuela Castañeira,lista,156,PROVISORIO,api_dine,si
2019,PASO,PRESIDENTE Y VICE,21,Santa Fe,1,114,38676,29247,PARTIDO AUTONOMISTA,,agrupacion,69,PROVISORIO,api_dine,si
2019,PASO,PRESIDENTE Y VICE,21,Santa Fe,1,114,38676,29247,PARTIDO AUTONOMISTA,VALORES Y EXPERIENCIA - José Romero,lista,69,PROVISORIO,api_dine,si
2019,PASO,PRESIDENTE Y VICE,21,Santa Fe,1,114,38676,29247,UNITE POR LA LIBERTAD Y LA DIGNIDAD,,agrupacion,691,PROVISORIO,api_dine,si
2019,PASO,PRESIDENTE Y VICE,21,Santa Fe,1,114,38676,29247,UNITE POR LA LIBERTAD Y LA DIGNIDAD,DESPERTAR - José Espert,lista,691,PROVISORIO,api_dine,si
2019,PASO,PRESIDENTE Y VICE,21,Santa Fe,1,114,38676,29247,nulos,,nulos,640,PROVISORIO,api_dine,si
2019,PASO,PRESIDENTE Y VICE,21,Santa Fe,1,114,38676,29247,blancos,,blancos,547,PROVISORIO,api_dine,si
2019,PASO,PRESIDENTE Y VICE,21,Santa Fe,1,114,38676,29247,recurridos,,recurridos,31,PROVISORIO,api_dine,si
2019,PASO,PRESIDENTE Y VICE,21,Santa Fe,2,215,71557,53347,FRENTE PATRIOTA,,agrupacion,97,PROVISORIO,api_dine,si
2019,PASO,PRESIDENTE Y VICE,21,Santa Fe,2,215,71557,53347,FRENTE PATRIOTA,CELESTE - Alejandro Biondini,lista,97,PROVISORIO,api_dine,si
2019,PASO,PRESIDENTE Y VICE,21,Santa Fe,2,215,71557,53347,FRENTE DE TODOS,,agrupacion,18013,PROVISORIO,api_dine,si
2019,PASO,PRESIDENTE Y VICE,21,Santa Fe,2,215,71557,53347,FRENTE DE TODOS,CELESTE Y BLANCA - Alberto Fernández,lista,18013,PROVISORIO,api_dine,si
2019,PASO,PRESIDENTE Y VICE,21,Santa Fe,2,215,71557,53347,MOVIMIENTO DE ACCION VECINAL,,agrupacion,96,PROVISORIO,api_dine,si
2019,PASO,PRESIDENTE Y VICE,21,Santa Fe,2,215,71557,53347,MOVIMIENTO DE ACCION VECINAL,COMPROMISO VECINAL - Raúl Albarracin,lista,96,PROVISORIO,api_dine,si
2019,PASO,PRESIDENTE Y VICE,21,Santa Fe,2,215,71557,53347,UNITE POR LA LIBERTAD Y LA DIGNIDAD,,agrupacion,1686,PROVISORIO,api_dine,si
2019,PASO,PRESIDENTE Y VICE,21,Santa Fe,2,215,71557,53347,UNITE POR LA LIBERTAD Y LA DIGNIDAD,DESPERTAR - José Espert,lista,1686,PROVISORIO,api_dine,si
2019,PASO,PRESIDENTE Y VICE,21,Santa Fe,2,215,71557,53347,PARTIDO AUTONOMISTA,,agrupacion,52,PROVISORIO,api_dine,si
2019,PASO,PRESIDENTE Y VICE,21,Santa Fe,2,215,71557,53347,PARTIDO AUTONOMISTA,VALORES Y EXPERIENCIA - José Romero,lista,52,PROVISORIO,api_dine,si
2019,PASO,PRESIDENTE Y VICE,21,Santa Fe,2,215,71557,53347,FRENTE NOS,,agrupacion,1036,PROVISORIO,api_dine,si
2019,PASO,PRESIDENTE Y VICE,21,Santa Fe,2,215,71557,53347,FRENTE NOS,CELESTE 2019 - Juan Gomez,lista,1036,PROVISORIO,api_dine,si
2019,PASO,PRESIDENTE Y VICE,21,Santa Fe,2,215,71557,53347,FRENTE DE IZQUIERDA Y DE TRABAJADORES - UNIDAD,,agrupacion,1132,PROVISORIO,api_dine,si
2019,PASO,PRESIDENTE Y VICE,21,Santa Fe,2,215,71557,53347,FRENTE DE IZQUIERDA Y DE TRABAJADORES - UNIDAD,UNIDAD - Nicolás Del Caño,lista,1132,PROVISORIO,api_dine,si
2019,PASO,PRESIDENTE Y VICE,21,Santa Fe,2,215,71557,53347,MOVIMIENTO AL SOCIALISMO,,agrupacion,377,PROVISORIO,api_dine,si
2019,PASO,PRESIDENTE Y VICE,21,Santa Fe,2,215,71557,53347,MOVIMIENTO AL SOCIALISMO,UNIDAD DE LA IZQUIERDA - Manuela Castañeira,lista,377,PROVISORIO,api_dine,si
2019,PASO,PRESIDENTE Y VICE,21,Santa Fe,2,215,71557,53347,JUNTOS POR EL CAMBIO,,agrupacion,21353,PROVISORIO,api_dine,si
2019,PASO,PRESIDENTE Y VICE,21,Santa Fe,2,215,71557,53347,JUNTOS POR EL CAMBIO,JUNTOS SOMOS EL CAMBIO - Mauricio Macri,lista,21353,PROVISORIO,api_dine,si
2019,PASO,PRESIDENTE Y VICE,21,Santa Fe,2,215,71557,53347,CONSENSO FEDERAL,,agrupacion,7045,PROVISORIO,api_dine,si
2019,PASO,PRESIDENTE Y VICE,21,Santa Fe,2,215,71557,53347,CONSENSO FEDERAL,CONSENSO PARA EL FUTURO - Roberto Lavagna,lista,7045,PROVISORIO,api_dine,si
2019,PASO,PRESIDENTE Y VICE,21,Santa Fe,2,215,71557,53347,nulos,,nulos,1265,PROVISORIO,api_dine,si
2019,PASO,PRESIDENTE Y VICE,21,Santa Fe,2,215,71557,53347,blancos,,blancos,1141,PROVISORIO,api_dine,si
2019,PASO,PRESIDENTE Y VICE,21,Santa Fe,2,215,71557,53347,recurridos,,recurridos,54,PROVISORIO,api_dine,si
2019,PASO,PRESIDENTE Y VICE,21,Santa Fe,3,451,147941,109343,MOVIMIENTO AL SOCIALISMO,,agrupacion,500,PROVISORIO,api_dine,si
2019,PASO,PRESIDENTE Y VICE,21,Santa Fe,3,451,147941,109343,MOVIMIENTO AL SOCIALISMO,UNIDAD DE LA IZQUIERDA - Manuela Castañeira,lista,500,PROVISORIO,api_dine,si
2019,PASO,PRESIDENTE Y VICE,21,Santa Fe,3,451,147941,109343,JUNTOS POR EL CAMBIO,,agrupacion,52129,PROVISORIO,api_dine,si
2019,PASO,PRESIDENTE Y VICE,21,Santa Fe,3,451,147941,109343,JUNTOS POR EL CAMBIO,JUNTOS SOMOS EL CAMBIO - Mauricio Macri,lista,52129,PROVISORIO,api_dine,si
2019,PASO,PRESIDENTE Y VICE,21,Santa Fe,3,451,147941,109343,MOVIMIENTO DE ACCION VECINAL,,agrupacion,120,PROVISORIO,api_dine,si
2019,PASO,PRESIDENTE Y VICE,21,Santa Fe,3,451,147941,109343,MOVIMIENTO DE ACCION VECINAL,COMPROMISO VECINAL - Raúl Albarracin,lista,120,PROVISORIO,api_dine,si
2019,PASO,PRESIDENTE Y VICE,21,Santa Fe,3,451,147941,109343,CONSENSO FEDERAL,,agrupacion,10179,PROVISORIO,api_dine,si
2019,PASO,PRESIDENTE Y VICE,21,Santa Fe,3,451,147941,109343,CONSENSO FEDERAL,CONSENSO PARA EL FUTURO - Roberto Lavagna,lista,10179,PROVISORIO,api_dine,si
2019,PASO,PRESIDENTE Y VICE,21,Santa Fe,3,451,147941,109343,FRENTE PATRIOTA,,agrupacion,216,PROVISORIO,api_dine,si
2019,PASO,PRESIDENTE Y VICE,21,Santa Fe,3,451,147941,109343,FRENTE PATRIOTA,CELESTE - Alejandro Biondini,lista,216,PROVISORIO,api_dine,si
2019,PASO,PRESIDENTE Y VICE,21,Santa Fe,3,451,147941,109343,FRENTE DE TODOS,,agrupacion,34410,PROVISORIO,api_dine,si
2019,PASO,PRESIDENTE Y VICE,21,Santa Fe,3,451,147941,109343,FRENTE DE TODOS,CELESTE Y BLANCA - Alberto Fernández,lista,34410,PROVISORIO,api_dine,si
2019,PASO,PRESIDENTE Y VICE,21,Santa Fe,3,451,147941,109343,PARTIDO AUTONOMISTA,,agrupacion,133,PROVISORIO,api_dine,si
2019,PASO,PRESIDENTE Y VICE,21,Santa Fe,3,451,147941,109343,PARTIDO AUTONOMISTA,VALORES Y EXPERIENCIA - José Romero,lista,133,PROVISORIO,api_dine,si
2019,PASO,PRESIDENTE Y VICE,21,Santa Fe,3,451,147941,109343,UNITE POR LA LIBERTAD Y LA DIGNIDAD,,agrupacion,2757,PROVISORIO,api_dine,si
2019,PASO,PRESIDENTE Y VICE,21,Santa Fe,3,451,147941,109343,UNITE POR LA LIBERTAD Y LA DIGNIDAD,DESPERTAR - José Espert,lista,2757,PROVISORIO,api_dine,si
2019,PASO,PRESIDENTE Y VICE,21,Santa Fe,3,451,147941,109343,FRENTE NOS,,agrupacion,3311,PROVISORIO,api_dine,si
2019,PASO,PRESIDENTE Y VICE,21,Santa Fe,3,451,147941,109343,FRENTE NOS,CELESTE 2019 - Juan Gomez,lista,3311,PROVISORIO,api_dine,si
2019,PASO,PRESIDENTE Y VICE,21,Santa Fe,3,451,147941,109343,FRENTE DE IZQUIERDA Y DE TRABAJADORES - UNIDAD,,agrupacion,1529,PROVISORIO,api_dine,si
2019,PASO,PRESIDENTE Y VICE,21,Santa Fe,3,451,147941,109343,FRENTE DE IZQUIERDA Y DE TRABAJADORES - UNIDAD,UNIDAD - Nicolás Del Caño,lista,1529,PROVISORIO,api_dine,si
2019,PASO,PRESIDENTE Y VICE,21,Santa Fe,3,451,147941,109343,nulos,,nulos,2422,PROVISORIO,api_dine,si
2019,PASO,PRESIDENTE Y VICE,21,Santa Fe,3,451,147941,109343,blancos,,blancos,1443,PROVISORIO,api_dine,si
2019,PASO,PRESIDENTE Y VICE,21,Santa Fe,3,451,147941,109343,recurridos,,recurridos,194,PROVISORIO,api_dine,si
2019,PASO,PRESIDENTE Y VICE,21,Santa Fe,4,222,75002,58002,MOVIMIENTO DE ACCION VECINAL,,agrupacion,76,PROVISORIO,api_dine,si
2019,PASO,PRESIDENTE Y VICE,21,Santa Fe,4,222,75002,58002,MOVIMIENTO DE ACCION VECINAL,COMPROMISO VECINAL - Raúl Albarracin,lista,76,PROVISORIO,api_dine,si
2019,PASO,PRESIDENTE Y VICE,21,Santa Fe,4,222,75002,58002,CONSENSO FEDERAL,,agrupacion,6443,PROVISORIO,api_dine,si
2019,PASO,PRESIDENTE Y VICE,21,Santa Fe,4,222,75002,58002,CONSENSO FEDERAL,CONSENSO PARA EL FUTURO - Roberto Lavagna,lista,6443,PROVISORIO,api_dine,si
2019,PASO,PRESIDENTE Y VICE,21,Santa Fe,4,222,75002,58002,PARTIDO AUTONOMISTA,,agrupacion,96,PROVISORIO,api_dine,si
2019,PASO,PRESIDENTE Y VICE,21,Santa Fe,4,222,75002,58002,PARTIDO AUTONOMISTA,VALORES Y EXPERIENCIA - José Romero,lista,96,PROVISORIO,api_dine,si
2019,PASO,PRESIDENTE Y VICE,21,Santa Fe,4,222,75002,58002,UNITE POR LA LIBERTAD Y LA DIGNIDAD,,agrupacion,1726,PROVISORIO,api_dine,si
2019,PASO,PRESIDENTE Y VICE,21,Santa Fe,4,222,75002,58002,UNITE POR LA LIBERTAD Y LA DIGNIDAD,DESPERTAR - José Espert,lista,1726,PROVISORIO,api_dine,si
2019,PASO,PRESIDENTE Y VICE,21,Santa Fe,4,222,75002,58002,MOVIMIENTO AL SOCIALISMO,,agrupacion,374,PROVISORIO,api_dine,si
2019,PASO,PRESIDENTE Y VICE,21,Santa Fe,4,222,75002,58002,MOVIMIENTO AL SOCIALISMO,UNIDAD DE LA IZQUIERDA - Manuela Castañeira,lista,374,PROVISORIO,api_dine,si
2019,PASO,PRESIDENTE Y VICE,21,Santa Fe,4,222,75002,58002,JUNTOS POR EL CAMBIO,,agrupacion,18254,PROVISORIO,api_dine,si
2019,PASO,PRESIDENTE Y VICE,21,Santa Fe,4,222,75002,58002,JUNTOS POR EL CAMBIO,JUNTOS SOMOS EL CAMBIO - Mauricio Macri,lista,18254,PROVISORIO,api_dine,si
2019,PASO,PRESIDENTE Y VICE,21,Santa Fe,4,222,75002,58002,FRENTE NOS,,agrupacion,1485,PROVISORIO,api_dine,si
2019,PASO,PRESIDENTE Y VICE,21,Santa Fe,4,222,75002,58002,FRENTE NOS,CELESTE 2019 - Juan Gomez,lista,1485,PROVISORIO,api_dine,si
2019,PASO,PRESIDENTE Y VICE,21,Santa Fe,4,222,75002,58002,FRENTE DE IZQUIERDA Y DE TRABAJADORES - UNIDAD,,agrupacion,1353,PROVISORIO,api_dine,si
2019,PASO,PRESIDENTE Y VICE,21,Santa Fe,4,222,75002,58002,FRENTE DE IZQUIERDA Y DE TRABAJADORES - UNIDAD,UNIDAD - Nicolás Del Caño,lista,1353,PROVISORIO,api_dine,si
2019,PASO,PRESIDENTE Y VICE,21,Santa Fe,4,222,75002,58002,FRENTE PATRIOTA,,agrupacion,101,PROVISORIO,api_dine,si
2019,PASO,PRESIDENTE Y VICE,21,Santa Fe,4,222,75002,58002,FRENTE PATRIOTA,CELESTE - Alejandro Biondini,lista,101,PROVISORIO,api_dine,si
2019,PASO,PRESIDENTE Y VICE,21,Santa Fe,4,222,75002,58002,FRENTE DE TODOS,,agrupacion,25843,PROVISORIO,api_dine,si
2019,PASO,PRESIDENTE Y VICE,21,Santa Fe,4,222,75002,58002,FRENTE DE TODOS,CELESTE Y BLANCA - Alberto Fernández,lista,25843,PROVISORIO,api_dine,si
2019,PASO,PRESIDENTE Y VICE,21,Santa Fe,4,222,75002,58002,nulos,,nulos,1225,PROVISORIO,api_dine,si
2019,PASO,PRESIDENTE Y VICE,21,Santa Fe,4,222,75002,58002,blancos,,blancos,950,PROVISORIO,api_dine,si
2019,PASO,PRESIDENTE Y VICE,21,Santa Fe,4,222,75002,58002,recurridos,,recurridos,76,PROVISORIO,api_dine,si
2019,PASO,PRESIDENTE Y VICE,21,Santa Fe,5,59,19239,13329,FRENTE NOS,,agrupacion,185,PROVISORIO,api_dine,si
2019,PASO,PRESIDENTE Y VICE,21,Santa Fe,5,59,19239,13329,FRENTE NOS,CELESTE 2019 - Juan Gomez,lista,185,PROVISORIO,api_dine,si
2019,PASO,PRESIDENTE Y VICE,21,Santa Fe,5,59,19239,13329,FRENTE DE IZQUIERDA Y DE TRABAJADORES - UNIDAD,,agrupacion,113,PROVISORIO,api_dine,si
2019,PASO,PRESIDENTE Y VICE,21,Santa Fe,5,59,19239,13329,FRENTE DE IZQUIERDA Y DE TRABAJADORES - UNIDAD,UNIDAD - Nicolás Del Caño,lista,113,PROVISORIO,api_dine,si
2019,PASO,PRESIDENTE Y VICE,21,Santa Fe,5,59,19239,13329,PARTIDO AUTONOMISTA,,agrupacion,31,PROVISORIO,api_dine,si
2019,PASO,PRESIDENTE Y VICE,21,Santa Fe,5,59,19239,13329,PARTIDO AUTONOMISTA,VALORES Y EXPERIENCIA - José Romero,lista,31,PROVISORIO,api_dine,si
2019,PASO,PRESIDENTE Y VICE,21,Santa Fe,5,59,19239,13329,UNITE POR LA LIBERTAD Y LA DIGNIDAD,,agrupacion,197,PROVISORIO,api_dine,si
2019,PASO,PRESIDENTE Y VICE,21,Santa Fe,5,59,19239,13329,UNITE POR LA LIBERTAD Y LA DIGNIDAD,DESPERTAR - José Espert,lista,197,PROVISORIO,api_dine,si
2019,PASO,PRESIDENTE Y VICE,21,Santa Fe,5,59,19239,13329,CONSENSO FEDERAL,,agrupacion,1229,PROVISORIO,api_dine,si
2019,PASO,PRESIDENTE Y VICE,21,Santa Fe,5,59,19239,13329,CONSENSO FEDERAL,CONSENSO PARA EL FUTURO - Roberto Lavagna,lista,1229,PROVISORIO,api_dine,si
2019,PASO,PRESIDENTE Y VICE,21,Santa Fe,5,59,19239,13329,FRENTE PATRIOTA,,agrupacion,17,PROVISORIO,api_dine,si
2019,PASO,PRESIDENTE Y VICE,21,Santa Fe,5,59,19239,13329,FRENTE PATRIOTA,CELESTE - Alejandro Biondini,lista,17,PROVISORIO,api_dine,si
2019,PASO,PRESIDENTE Y VICE,21,Santa Fe,5,59,19239,13329,FRENTE DE TODOS,,agrupacion,6826,PROVISORIO,api_dine,si
2019,PASO,PRESIDENTE Y VICE,21,Santa Fe,5,59,19239,13329,FRENTE DE TODOS,CELESTE Y BLANCA - Alberto Fernández,lista,6826,PROVISORIO,api_dine,si
2019,PASO,PRESIDENTE Y VICE,21,Santa Fe,5,59,19239,13329,JUNTOS POR EL CAMBIO,,agrupacion,3985,PROVISORIO,api_dine,si
2019,PASO,PRESIDENTE Y VICE,21,Santa Fe,5,59,19239,13329,JUNTOS POR EL CAMBIO,JUNTOS SOMOS EL CAMBIO - Mauricio Macri,lista,3985,PROVISORIO,api_dine,si
2019,PASO,PRESIDENTE Y VICE,21,Santa Fe,5,59,19239,13329,MOVIMIENTO AL SOCIALISMO,,agrupacion,66,PROVISORIO,api_dine,si
2019,PASO,PRESIDENTE Y VICE,21,Santa Fe,5,59,19239,13329,MOVIMIENTO AL SOCIALISMO,UNIDAD DE LA IZQUIERDA - Manuela Castañeira,lista,66,PROVISORIO,api_dine,si
2019,PASO,PRESIDENTE Y VICE,21,Santa Fe,5,59,19239,13329,MOVIMIENTO DE ACCION VECINAL,,agrupacion,12,PROVISORIO,api_dine,si
2019,PASO,PRESIDENTE Y VICE,21,Santa Fe,5,59,19239,13329,MOVIMIENTO DE ACCION VECINAL,COMPROMISO VECINAL - Raúl Albarracin,lista,12,PROVISORIO,api_dine,si
2019,PASO,PRESIDENTE Y VICE,21,Santa Fe,5,59,19239,13329,nulos,,nulos,446,PROVISORIO,api_dine,si
2019,PASO,PRESIDENTE Y VICE,21,Santa Fe,5,59,19239,13329,blancos,,blancos,194,PROVISORIO,api_dine,si
2019,PASO,PRESIDENTE Y VICE,21,Santa Fe,5,59,19239,13329,recurridos,,recurridos,28,PROVISORIO,api_dine,si
2019,PASO,PRESIDENTE Y VICE,21,Santa Fe,6,488,165000,120160,CONSENSO FEDERAL,,agrupacion,12821,PROVISORIO,api_dine,si
2019,PASO,PRESIDENTE Y VICE,21,Santa Fe,6,488,165000,120160,CONSENSO FEDERAL,CONSENSO PARA EL FUTURO - Roberto Lavagna,lista,12821,PROVISORIO,api_dine,si
2019,PASO,PRESIDENTE Y VICE,21,Santa Fe,6,488,165000,120160,MOVIMIENTO AL SOCIALISMO,,agrupacion,667,PROVISORIO,api_dine,si
2019,PASO,PRESIDENTE Y VICE,21,Santa Fe,6,488,165000,120160,MOVIMIENTO AL SOCIALISMO,UNIDAD DE LA IZQUIERDA - Manuela Castañeira,lista,667,PROVISORIO,api_dine,si
2019,PASO,PRESIDENTE Y VICE,21,Santa Fe,6,488,165000,120160,JUNTOS POR EL CAMBIO,,agrupacion,48015,PROVISORIO,api_dine,si
2019,PASO,PRESIDENTE Y VICE,21,Santa Fe,6,488,165000,120160,JUNTOS POR EL CAMBIO,JUNTOS SOMOS EL CAMBIO - Mauricio Macri,lista,48015,PROVISORIO,api_dine,si
2019,PASO,PRESIDENTE Y VICE,21,Santa Fe,6,488,165000,120160,MOVIMIENTO DE ACCION VECINAL,,agrupacion,125,PROVISORIO,api_dine,si
2019,PASO,PRESIDENTE Y VICE,21,Santa Fe,6,488,165000,120160,MOVIMIENTO DE ACCION VECINAL,COMPROMISO VECINAL - Raúl Albarracin,lista,125,PROVISORIO,api_dine,si
2019,PASO,PRESIDENTE Y VICE,21,Santa Fe,6,488,165000,120160,FRENTE PATRIOTA,,agrupacion,228,PROVISORIO,api_dine,si
2019,PASO,PRESIDENTE Y VICE,21,Santa Fe,6,488,165000,120160,FRENTE PATRIOTA,CELESTE - Alejandro Biondini,lista,228,PROVISORIO,api_dine,si
2019,PASO,PRESIDENTE Y VICE,21,Santa Fe,6,488,165000,120160,FRENTE DE TODOS,,agrupacion,45191,PROVISORIO,api_dine,si
2019,PASO,PRESIDENTE Y VICE,21,Santa Fe,6,488,165000,120160,FRENTE DE TODOS,CELESTE Y BLANCA - Alberto Fernández,lista,45191,PROVISORIO,api_dine,si
2019,PASO,PRESIDENTE Y VICE,21,Santa Fe,6,488,165000,120160,PARTIDO AUTONOMISTA,,agrupacion,109,PROVISORIO,api_dine,si
2019,PASO,PRESIDENTE Y VICE,21,Santa Fe,6,488,165000,120160,PARTIDO AUTONOMISTA,VALORES Y EXPERIENCIA - José Romero,lista,109,PROVISORIO,api_dine,si
2019,PASO,PRESIDENTE Y VICE,21,Santa Fe,6,488,165000,120160,UNITE POR LA LIBERTAD Y LA DIGNIDAD,,agrupacion,3287,PROVISORIO,api_dine,si
2019,PASO,PRESIDENTE Y VICE,21,Santa Fe,6,488,165000,120160,UNITE POR LA LIBERTAD Y LA DIGNIDAD,DESPERTAR - José Espert,lista,3287,PROVISORIO,api_dine,si
2019,PASO,PRESIDENTE Y VICE,21,Santa Fe,6,488,165000,120160,FRENTE NOS,,agrupacion,3409,PROVISORIO,api_dine,si
2019,PASO,PRESIDENTE Y VICE,21,Santa Fe,6,488,165000,120160,FRENTE NOS,CELESTE 2019 - Juan Gomez,lista,3409,PROVISORIO,api_dine,si
2019,PASO,PRESIDENTE Y VICE,21,Santa Fe,6,488,165000,120160,FRENTE DE IZQUIERDA Y DE TRABAJADORES - UNIDAD,,agrupacion,2127,PROVISORIO,api_dine,si
2019,PASO,PRESIDENTE Y VICE,21,Santa Fe,6,488,165000,120160,FRENTE DE IZQUIERDA Y DE TRABAJADORES - UNIDAD,UNIDAD - Nicolás Del Caño,lista,2127,PROVISORIO,api_dine,si
2019,PASO,PRESIDENTE Y VICE,21,Santa Fe,6,488,165000,120160,nulos,,nulos,2089,PROVISORIO,api_dine,si
2019,PASO,PRESIDENTE Y VICE,21,Santa Fe,6,488,165000,120160,blancos,,blancos,1882,PROVISORIO,api_dine,si
2019,PASO,PRESIDENTE Y VICE,21,Santa Fe,6,488,165000,120160,recurridos,,recurridos,210,PROVISORIO,api_dine,si
2019,PASO,PRESIDENTE Y VICE,21,Santa Fe,7,450,149005,107508,CONSENSO FEDERAL,,agrupacion,7974,PROVISORIO,api_dine,si
2019,PASO,PRESIDENTE Y VICE,21,Santa Fe,7,450,149005,107508,CONSENSO FEDERAL,CONSENSO PARA EL FUTURO - Roberto Lavagna,lista,7974,PROVISORIO,api_dine,si
2019,PASO,PRESIDENTE Y VICE,21,Santa Fe,7,450,149005,107508,PARTIDO AUTONOMISTA,,agrupacion,261,PROVISORIO,api_dine,si
2019,PASO,PRESIDENTE Y VICE,21,Santa Fe,7,450,149005,107508,PARTIDO AUTONOMISTA,VALORES Y EXPERIENCIA - José Romero,lista,261,PROVISORIO,api_dine,si
2019,PASO,PRESIDENTE Y VICE,21,Santa Fe,7,450,149005,107508,FRENTE PATRIOTA,,agrupacion,136,PROVISORIO,api_dine,si
2019,PASO,PRESIDENTE Y VICE,21,Santa Fe,7,450,149005,107508,FRENTE PATRIOTA,CELESTE - Alejandro Biondini,lista,136,PROVISORIO,api_dine,si
2019,PASO,PRESIDENTE Y VICE,21,Santa Fe,7,450,149005,107508,FRENTE DE TODOS,,agrupacion,51581,PROVISORIO,api_dine,si
2019,PASO,PRESIDENTE Y VICE,21,Santa Fe,7,450,149005,107508,FRENTE DE TODOS,CELESTE Y BLANCA - Alberto Fernández,lista,51581,PROVISORIO,api_dine,si
2019,PASO,PRESIDENTE Y VICE,21,Santa Fe,7,450,149005,107508,FRENTE NOS,,agrupacion,2485,PROVISORIO,api_dine,si
2019,PASO,PRESIDENTE Y VICE,21,Santa Fe,7,450,149005,107508,FRENTE NOS,CELESTE 2019 - Juan Gomez,lista,2485,PROVISORIO,api_dine,si
2019,PASO,PRESIDENTE Y VICE,21,Santa Fe,7,450,149005,107508,FRENTE DE IZQUIERDA Y DE TRABAJADORES - UNIDAD,,agrupacion,1124,PROVISORIO,api_dine,si
2019,PASO,PRESIDENTE Y VICE,21,Santa Fe,7,450,149005,107508,FRENTE DE IZQUIERDA Y DE TRABAJADORES - UNIDAD,UNIDAD - Nicolás Del Caño,lista,1124,PROVISORIO,api_dine,si
2019,PASO,PRESIDENTE Y VICE,21,Santa Fe,7,450,149005,107508,MOVIMIENTO DE ACCION VECINAL,,agrupacion,121,PROVISORIO,api_dine,si
2019,PASO,PRESIDENTE Y VICE,21,Santa Fe,7,450,149005,107508,MOVIMIENTO DE ACCION VECINAL,COMPROMISO VECINAL - Raúl Albarracin,lista,121,PROVISORIO,api_dine,si
2019,PASO,PRESIDENTE Y VICE,21,Santa Fe,7,450,149005,107508,UNITE POR LA LIBERTAD Y LA DIGNIDAD,,agrupacion,2494,PROVISORIO,api_dine,si
2019,PASO,PRESIDENTE Y VICE,21,Santa Fe,7,450,149005,107508,UNITE POR LA LIBERTAD Y LA DIGNIDAD,DESPERTAR - José Espert,lista,2494,PROVISORIO,api_dine,si
2019,PASO,PRESIDENTE Y VICE,21,Santa Fe,7,450,149005,107508,MOVIMIENTO AL SOCIALISMO,,agrupacion,387,PROVISORIO,api_dine,si
2019,PASO,PRESIDENTE Y VICE,21,Santa Fe,7,450,149005,107508,MOVIMIENTO AL SOCIALISMO,UNIDAD DE LA IZQUIERDA - Manuela Castañeira,lista,387,PROVISORIO,api_dine,si
2019,PASO,PRESIDENTE Y VICE,21,Santa Fe,7,450,149005,107508,JUNTOS POR EL CAMBIO,,agrupacion,36920,PROVISORIO,api_dine,si
2019,PASO,PRESIDENTE Y VICE,21,Santa Fe,7,450,149005,107508,JUNTOS POR EL CAMBIO,JUNTOS SOMOS EL CAMBIO - Mauricio Macri,lista,36920,PROVISORIO,api_dine,si
2019,PASO,PRESIDENTE Y VICE,21,Santa Fe,7,450,149005,107508,nulos,,nulos,2607,PROVISORIO,api_dine,si
2019,PASO,PRESIDENTE Y VICE,21,Santa Fe,7,450,149005,107508,blancos,,blancos,1222,PROVISORIO,api_dine,si
2019,PASO,PRESIDENTE Y VICE,21,Santa Fe,7,450,149005,107508,recurridos,,recurridos,196,PROVISORIO,api_dine,si
2019,PASO,PRESIDENTE Y VICE,21,Santa Fe,8,173,58499,44182,CONSENSO FEDERAL,,agrupacion,5266,PROVISORIO,api_dine,si
2019,PASO,PRESIDENTE Y VICE,21,Santa Fe,8,173,58499,44182,CONSENSO FEDERAL,CONSENSO PARA EL FUTURO - Roberto Lavagna,lista,5266,PROVISORIO,api_dine,si
2019,PASO,PRESIDENTE Y VICE,21,Santa Fe,8,173,58499,44182,PARTIDO AUTONOMISTA,,agrupacion,86,PROVISORIO,api_dine,si
2019,PASO,PRESIDENTE Y VICE,21,Santa Fe,8,173,58499,44182,PARTIDO AUTONOMISTA,VALORES Y EXPERIENCIA - José Romero,lista,86,PROVISORIO,api_dine,si
2019,PASO,PRESIDENTE Y VICE,21,Santa Fe,8,173,58499,44182,UNITE POR LA LIBERTAD Y LA DIGNIDAD,,agrupacion,1245,PROVISORIO,api_dine,si
2019,PASO,PRESIDENTE Y VICE,21,Santa Fe,8,173,58499,44182,UNITE POR LA LIBERTAD Y LA DIGNIDAD,DESPERTAR - José Espert,lista,1245,PROVISORIO,api_dine,si
2019,PASO,PRESIDENTE Y VICE,21,Santa Fe,8,173,58499,44182,JUNTOS POR EL CAMBIO,,agrupacion,15222,PROVISORIO,api_dine,si
2019,PASO,PRESIDENTE Y VICE,21,Santa Fe,8,173,58499,44182,JUNTOS POR EL CAMBIO,JUNTOS SOMOS EL CAMBIO - Mauricio Macri,lista,15222,PROVISORIO,api_dine,si
2019,PASO,PRESIDENTE Y VICE,21,Santa Fe,8,173,58499,44182,MOVIMIENTO AL SOCIALISMO,,agrupacion,288,PROVISORIO,api_dine,si
2019,PASO,PRESIDENTE Y VICE,21,Santa Fe,8,173,58499,44182,MOVIMIENTO AL SOCIALISMO,UNIDAD DE LA IZQUIERDA - Manuela Castañeira,lista,288,PROVISORIO,api_dine,si
2019,PASO,PRESIDENTE Y VICE,21,Santa Fe,8,173,58499,44182,FRENTE PATRIOTA,,agrupacion,98,PROVISORIO,api_dine,si
2019,PASO,PRESIDENTE Y VICE,21,Santa Fe,8,173,58499,44182,FRENTE PATRIOTA,CELESTE - Alejandro Biondini,lista,98,PROVISORIO,api_dine,si
2019,PASO,PRESIDENTE Y VICE,21,Santa Fe,8,173,58499,44182,FRENTE DE TODOS,,agrupacion,17952,PROVISORIO,api_dine,si
2019,PASO,PRESIDENTE Y VICE,21,Santa Fe,8,173,58499,44182,FRENTE DE TODOS,CELESTE Y BLANCA - Alberto Fernández,lista,17952,PROVISORIO,api_dine,si
2019,PASO,PRESIDENTE Y VICE,21,Santa Fe,8,173,58499,44182,MOVIMIENTO DE ACCION VECINAL,,agrupacion,44,PROVISORIO,api_dine,si
2019,PASO,PRESIDENTE Y VICE,21,Santa Fe,8,173,58499,44182,MOVIMIENTO DE ACCION VECINAL,COMPROMISO VECINAL - Raúl Albarracin,lista,44,PROVISORIO,api_dine,si
2019,PASO,PRESIDENTE Y VICE,21,Santa Fe,8,173,58499,44182,FRENTE NOS,,agrupacion,1347,PROVISORIO,api_dine,si
2019,PASO,PRESIDENTE Y VICE,21,Santa Fe,8,173,58499,44182,FRENTE NOS,CELESTE 2019 - Juan Gomez,lista,1347,PROVISORIO,api_dine,si
2019,PASO,PRESIDENTE Y VICE,21,Santa Fe,8,173,58499,44182,FRENTE DE IZQUIERDA Y DE TRABAJADORES - UNIDAD,,agrupacion,779,PROVISORIO,api_dine,si
2019,PASO,PRESIDENTE Y VICE,21,Santa Fe,8,173,58499,44182,FRENTE DE IZQUIERDA Y DE TRABAJADORES - UNIDAD,UNIDAD - Nicolás Del Caño,lista,779,PROVISORIO,api_dine,si
2019,PASO,PRESIDENTE Y VICE,21,Santa Fe,8,173,58499,44182,nulos,,nulos,951,PROVISORIO,api_dine,si
2019,PASO,PRESIDENTE Y VICE,21,Santa Fe,8,173,58499,44182,blancos,,blancos,866,PROVISORIO,api_dine,si
2019,PASO,PRESIDENTE Y VICE,21,Santa Fe,8,173,58499,44182,recurridos,,recurridos,38,PROVISORIO,api_dine,si
2019,PASO,PRESIDENTE Y VICE,21,Santa Fe,9,1272,438765,310034,FRENTE DE TODOS,,agrupacion,127381,PROVISORIO,api_dine,si
2019,PASO,PRESIDENTE Y VICE,21,Santa Fe,9,1272,438765,310034,FRENTE DE TODOS,CELESTE Y BLANCA - Alberto Fernández,lista,127381,PROVISORIO,api_dine,si
2019,PASO,PRESIDENTE Y VICE,21,Santa Fe,9,1272,438765,310034,FRENTE PATRIOTA,,agrupacion,696,PROVISORIO,api_dine,si
2019,PASO,PRESIDENTE Y VICE,21,Santa Fe,9,1272,438765,310034,FRENTE PATRIOTA,CELESTE - Alejandro Biondini,lista,696,PROVISORIO,api_dine,si
2019,PASO,PRESIDENTE Y VICE,21,Santa Fe,9,1272,438765,310034,MOVIMIENTO AL SOCIALISMO,,agrupacion,1892,PROVISORIO,api_dine,si
2019,PASO,PRESIDENTE Y VICE,21,Santa Fe,9,1272,438765,310034,MOVIMIENTO AL SOCIALISMO,UNIDAD DE LA IZQUIERDA - Manuela Castañeira,lista,1892,PROVISORIO,api_dine,si
2019,PASO,PRESIDENTE Y VICE,21,Santa Fe,9,1272,438765,310034,JUNTOS POR EL CAMBIO,,agrupacion,104198,PROVISORIO,api_dine,si
2019,PASO,PRESIDENTE Y VICE,21,Santa Fe,9,1272,438765,310034,JUNTOS POR EL CAMBIO,JUNTOS SOMOS EL CAMBIO - Mauricio Macri,lista,104198,PROVISORIO,api_dine,si
2019,PASO,PRESIDENTE Y VICE,21,Santa Fe,9,1272,438765,310034,PARTIDO AUTONOMISTA,,agrupacion,786,PROVISORIO,api_dine,si
2019,PASO,PRESIDENTE Y VICE,21,Santa Fe,9,1272,438765,310034,PARTIDO AUTONOMISTA,VALORES Y EXPERIENCIA - José Romero,lista,786,PROVISORIO,api_dine,si
2019,PASO,PRESIDENTE Y VICE,21,Santa Fe,9,1272,438765,310034,UNITE POR LA LIBERTAD Y LA DIGNIDAD,,agrupacion,9542,PROVISORIO,api_dine,si
2019,PASO,PRESIDENTE Y VICE,21,Santa Fe,9,1272,438765,310034,UNITE POR LA LIBERTAD Y LA DIGNIDAD,DESPERTAR - José Espert,lista,9542,PROVISORIO,api_dine,si
2019,PASO,PRESIDENTE Y VICE,21,Santa Fe,9,1272,438765,310034,MOVIMIENTO DE ACCION VECINAL,,agrupacion,391,PROVISORIO,api_dine,si
2019,PASO,PRESIDENTE Y VICE,21,Santa Fe,9,1272,438765,310034,MOVIMIENTO DE ACCION VECINAL,COMPROMISO VECINAL - Raúl Albarracin,lista,391,PROVISORIO,api_dine,si
2019,PASO,PRESIDENTE Y VICE,21,Santa Fe,9,1272,438765,310034,CONSENSO FEDERAL,,agrupacion,37121,PROVISORIO,api_dine,si
2019,PASO,PRESIDENTE Y VICE,21,Santa Fe,9,1272,438765,310034,CONSENSO FEDERAL,CONSENSO PARA EL FUTURO - Roberto Lavagna,lista,37121,PROVISORIO,api_dine,si
2019,PASO,PRESIDENTE Y VICE,21,Santa Fe,9,1272,438765,310034,FRENTE NOS,,agrupacion,10820,PROVISORIO,api_dine,si
2019,PASO,PRESIDENTE Y VICE,21,Santa Fe,9,1272,438765,310034,FRENTE NOS,CELESTE 2019 - Juan Gomez,lista,10820,PROVISORIO,api_dine,si
2019,PASO,PRESIDENTE Y VICE,21,Santa Fe,9,1272,438765,310034,FRENTE DE IZQUIERDA Y DE TRABAJADORES - UNIDAD,,agrupacion,5233,PROVISORIO,api_dine,si
2019,PASO,PRESIDENTE Y VICE,21,Santa Fe,9,1272,438765,310034,FRENTE DE IZQUIERDA Y DE TRABAJADORES - UNIDAD,UNIDAD - Nicolás Del Caño,lista,5233,PROVISORIO,api_dine,si
2019,PASO,PRESIDENTE Y VICE,21,Santa Fe,9,1272,438765,310034,nulos,,nulos,7929,PROVISORIO,api_dine,si
2019,PASO,PRESIDENTE Y VICE,21,Santa Fe,9,1272,438765,310034,blancos,,blancos,3779,PROVISORIO,api_dine,si
2019,PASO,PRESIDENTE Y VICE,21,Santa Fe,9,1272,438765,310034,recurridos,,recurridos,266,PROVISORIO,api_dine,si
2019,PASO,PRESIDENTE Y VICE,21,Santa Fe,11,275,88623,67574,FRENTE PATRIOTA,,agrupacion,127,PROVISORIO,api_dine,si
2019,PASO,PRESIDENTE Y VICE,21,Santa Fe,11,275,88623,67574,FRENTE PATRIOTA,CELESTE - Alejandro Biondini,lista,127,PROVISORIO,api_dine,si
2019,PASO,PRESIDENTE Y VICE,21,Santa Fe,11,275,88623,67574,FRENTE DE TODOS,,agrupacion,18524,PROVISORIO,api_dine,si
2019,PASO,PRESIDENTE Y VICE,21,Santa Fe,11,275,88623,67574,FRENTE DE TODOS,CELESTE Y BLANCA - Alberto Fernández,lista,18524,PROVISORIO,api_dine,si
2019,PASO,PRESIDENTE Y VICE,21,Santa Fe,11,275,88623,67574,MOVIMIENTO DE ACCION VECINAL,,agrupacion,62,PROVISORIO,api_dine,si
2019,PASO,PRESIDENTE Y VICE,21,Santa Fe,11,275,88623,67574,MOVIMIENTO DE ACCION VECINAL,COMPROMISO VECINAL - Raúl Albarracin,lista,62,PROVISORIO,api_dine,si
2019,PASO,PRESIDENTE Y VICE,21,Santa Fe,11,275,88623,67574,CONSENSO FEDERAL,,agrupacion,8213,PROVISORIO,api_dine,si
2019,PASO,PRESIDENTE Y VICE,21,Santa Fe,11,275,88623,67574,CONSENSO FEDERAL,CONSENSO PARA EL FUTURO - Roberto Lavagna,lista,8213,PROVISORIO,api_dine,si
2019,PASO,PRESIDENTE Y VICE,21,Santa Fe,11,275,88623,67574,PARTIDO AUTONOMISTA,,agrupacion,146,PROVISORIO,api_dine,si
2019,PASO,PRESIDENTE Y VICE,21,Santa Fe,11,275,88623,67574,PARTIDO AUTONOMISTA,VALORES Y EXPERIENCIA - José Romero,lista,146,PROVISORIO,api_dine,si
2019,PASO,PRESIDENTE Y VICE,21,Santa Fe,11,275,88623,67574,UNITE POR LA LIBERTAD Y LA DIGNIDAD,,agrupacion,2287,PROVISORIO,api_dine,si
2019,PASO,PRESIDENTE Y VICE,21,Santa Fe,11,275,88623,67574,UNITE POR LA LIBERTAD Y LA DIGNIDAD,DESPERTAR - José Espert,lista,2287,PROVISORIO,api_dine,si
2019,PASO,PRESIDENTE Y VICE,21,Santa Fe,11,275,88623,67574,FRENTE NOS,,agrupacion,2014,PROVISORIO,api_dine,si
2019,PASO,PRESIDENTE Y VICE,21,Santa Fe,11,275,88623,67574,FRENTE NOS,CELESTE 2019 - Juan Gomez,lista,2014,PROVISORIO,api_dine,si
2019,PASO,PRESIDENTE Y VICE,21,Santa Fe,11,275,88623,67574,FRENTE DE IZQUIERDA Y DE TRABAJADORES - UNIDAD,,agrupacion,764,PROVISORIO,api_dine,si
2019,PASO,PRESIDENTE Y VICE,21,Santa Fe,11,275,88623,67574,FRENTE DE IZQUIERDA Y DE TRABAJADORES - UNIDAD,UNIDAD - Nicolás Del Caño,lista,764,PROVISORIO,api_dine,si
2019,PASO,PRESIDENTE Y VICE,21,Santa Fe,11,275,88623,67574,MOVIMIENTO AL SOCIALISMO,,agrupacion,324,PROVISORIO,api_dine,si
2019,PASO,PRESIDENTE Y VICE,21,Santa Fe,11,275,88623,67574,MOVIMIENTO AL SOCIALISMO,UNIDAD DE LA IZQUIERDA - Manuela Castañeira,lista,324,PROVISORIO,api_dine,si
2019,PASO,PRESIDENTE Y VICE,21,Santa Fe,11,275,88623,67574,JUNTOS POR EL CAMBIO,,agrupacion,32133,PROVISORIO,api_dine,si
2019,PASO,PRESIDENTE Y VICE,21,Santa Fe,11,275,88623,67574,JUNTOS POR EL CAMBIO,JUNTOS SOMOS EL CAMBIO - Mauricio Macri,lista,32133,PROVISORIO,api_dine,si
2019,PASO,PRESIDENTE Y VICE,21,Santa Fe,11,275,88623,67574,nulos,,nulos,1729,PROVISORIO,api_dine,si
2019,PASO,PRESIDENTE Y VICE,21,Santa Fe,11,275,88623,67574,blancos,,blancos,1219,PROVISORIO,api_dine,si
2019,PASO,PRESIDENTE Y VICE,21,Santa Fe,11,275,88623,67574,recurridos,,recurridos,32,PROVISORIO,api_dine,si
2019,PASO,PRESIDENTE Y VICE,21,Santa Fe,12,79,25485,16935,FRENTE PATRIOTA,,agrupacion,20,PROVISORIO,api_dine,si
2019,PASO,PRESIDENTE Y VICE,21,Santa Fe,12,79,25485,16935,FRENTE PATRIOTA,CELESTE - Alejandro Biondini,lista,20,PROVISORIO,api_dine,si
2019,PASO,PRESIDENTE Y VICE,21,Santa Fe,12,79,25485,16935,FRENTE DE TODOS,,agrupacion,7883,PROVISORIO,api_dine,si
2019,PASO,PRESIDENTE Y VICE,21,Santa Fe,12,79,25485,16935,FRENTE DE TODOS,CELESTE Y BLANCA - Alberto Fernández,lista,7883,PROVISORIO,api_dine,si
2019,PASO,PRESIDENTE Y VICE,21,Santa Fe,12,79,25485,16935,MOVIMIENTO AL SOCIALISMO,,agrupacion,58,PROVISORIO,api_dine,si
2019,PASO,PRESIDENTE Y VICE,21,Santa Fe,12,79,25485,16935,MOVIMIENTO AL SOCIALISMO,UNIDAD DE LA IZQUIERDA - Manuela Castañeira,lista,58,PROVISORIO,api_dine,si
2019,PASO,PRESIDENTE Y VICE,21,Santa Fe,12,79,25485,16935,JUNTOS POR EL CAMBIO,,agrupacion,6240,PROVISORIO,api_dine,si
2019,PASO,PRESIDENTE Y VICE,21,Santa Fe,12,79,25485,16935,JUNTOS POR EL CAMBIO,JUNTOS SOMOS EL CAMBIO - Mauricio Macri,lista,6240,PROVISORIO,api_dine,si
2019,PASO,PRESIDENTE Y VICE,21,Santa Fe,12,79,25485,16935,CONSENSO FEDERAL,,agrupacion,869,PROVISORIO,api_dine,si
2019,PASO,PRESIDENTE Y VICE,21,Santa Fe,12,79,25485,16935,CONSENSO FEDERAL,CONSENSO PARA EL FUTURO - Roberto Lavagna,lista,869,PROVISORIO,api_dine,si
2019,PASO,PRESIDENTE Y VICE,21,Santa Fe,12,79,25485,16935,MOVIMIENTO DE ACCION VECINAL,,agrupacion,22,PROVISORIO,api_dine,si
2019,PASO,PRESIDENTE Y VICE,21,Santa Fe,12,79,25485,16935,MOVIMIENTO DE ACCION VECINAL,COMPROMISO VECINAL - Raúl Albarracin,lista,22,PROVISORIO,api_dine,si
2019,PASO,PRESIDENTE Y VICE,21,Santa Fe,12,79,25485,16935,FRENTE NOS,,agrupacion,869,PROVISORIO,api_dine,si
2019,PASO,PRESIDENTE Y VICE,21,Santa Fe,12,79,25485,16935,FRENTE NOS,CELESTE 2019 - Juan Gomez,lista,869,PROVISORIO,api_dine,si
2019,PASO,PRESIDENTE Y VICE,21,Santa Fe,12,79,25485,16935,FRENTE DE IZQUIERDA Y DE TRABAJADORES - UNIDAD,,agrupacion,92,PROVISORIO,api_dine,si
2019,PASO,PRESIDENTE Y VICE,21,Santa Fe,12,79,25485,16935,FRENTE DE IZQUIERDA Y DE TRABAJADORES - UNIDAD,UNIDAD - Nicolás Del Caño,lista,92,PROVISORIO,api_dine,si
2019,PASO,PRESIDENTE Y VICE,21,Santa Fe,12,79,25485,16935,UNITE POR LA LIBERTAD Y LA DIGNIDAD,,agrupacion,219,PROVISORIO,api_dine,si
2019,PASO,PRESIDENTE Y VICE,21,Santa Fe,12,79,25485,16935,UNITE POR LA LIBERTAD Y LA DIGNIDAD,DESPERTAR - José Espert,lista,219,PROVISORIO,api_dine,si
2019,PASO,PRESIDENTE Y VICE,21,Santa Fe,12,79,25485,16935,PARTIDO AUTONOMISTA,,agrupacion,32,PROVISORIO,api_dine,si
2019,PASO,PRESIDENTE Y VICE,21,Santa Fe,12,79,25485,16935,PARTIDO AUTONOMISTA,VALORES Y EXPERIENCIA - José Romero,lista,32,PROVISORIO,api_dine,si
2019,PASO,PRESIDENTE Y VICE,21,Santa Fe,12,79,25485,16935,nulos,,nulos,377,PROVISORIO,api_dine,si
2019,PASO,PRESIDENTE Y VICE,21,Santa Fe,12,79,25485,16935,blancos,,blancos,226,PROVISORIO,api_dine,si
2019,PASO,PRESIDENTE Y VICE,21,Santa Fe,12,79,25485,16935,recurridos,,recurridos,28,PROVISORIO,api_dine,si
2019,PASO,PRESIDENTE Y VICE,21,Santa Fe,13,3000,1034372,761934,PARTIDO AUTONOMISTA,,agrupacion,600,PROVISORIO,api_dine,si
2019,PASO,PRESIDENTE Y VICE,21,Santa Fe,13,3000,1034372,761934,PARTIDO AUTONOMISTA,VALORES Y EXPERIENCIA - José Romero,lista,600,PROVISORIO,api_dine,si
2019,PASO,PRESIDENTE Y VICE,21,Santa Fe,13,3000,1034372,761934,UNITE POR LA LIBERTAD Y LA DIGNIDAD,,agrupacion,23812,PROVISORIO,api_dine,si
2019,PASO,PRESIDENTE Y VICE,21,Santa Fe,13,3000,1034372,761934,UNITE POR LA LIBERTAD Y LA DIGNIDAD,DESPERTAR - José Espert,lista,23812,PROVISORIO,api_dine,si
2019,PASO,PRESIDENTE Y VICE,21,Santa Fe,13,3000,1034372,761934,FRENTE PATRIOTA,,agrupacion,1213,PROVISORIO,api_dine,si
2019,PASO,PRESIDENTE Y VICE,21,Santa Fe,13,3000,1034372,761934,FRENTE PATRIOTA,CELESTE - Alejandro Biondini,lista,1213,PROVISORIO,api_dine,si
2019,PASO,PRESIDENTE Y VICE,21,Santa Fe,13,3000,1034372,761934,FRENTE DE TODOS,,agrupacion,352274,PROVISORIO,api_dine,si
2019,PASO,PRESIDENTE Y VICE,21,Santa Fe,13,3000,1034372,761934,FRENTE DE TODOS,CELESTE Y BLANCA - Alberto Fernández,lista,352274,PROVISORIO,api_dine,si
2019,PASO,PRESIDENTE Y VICE,21,Santa Fe,13,3000,1034372,761934,MOVIMIENTO AL SOCIALISMO,,agrupacion,4470,PROVISORIO,api_dine,si
2019,PASO,PRESIDENTE Y VICE,21,Santa Fe,13,3000,1034372,761934,MOVIMIENTO AL SOCIALISMO,UNIDAD DE LA IZQUIERDA - Manuela Castañeira,lista,4470,PROVISORIO,api_dine,si
2019,PASO,PRESIDENTE Y VICE,21,Santa Fe,13,3000,1034372,761934,JUNTOS POR EL CAMBIO,,agrupacion,206755,PROVISORIO,api_dine,si
2019,PASO,PRESIDENTE Y VICE,21,Santa Fe,13,3000,1034372,761934,JUNTOS POR EL CAMBIO,JUNTOS SOMOS EL CAMBIO - Mauricio Macri,lista,206755,PROVISORIO,api_dine,si
2019,PASO,PRESIDENTE Y VICE,21,Santa Fe,13,3000,1034372,761934,CONSENSO FEDERAL,,agrupacion,103075,PROVISORIO,api_dine,si
2019,PASO,PRESIDENTE Y VICE,21,Santa Fe,13,3000,1034372,761934,CONSENSO FEDERAL,CONSENSO PARA EL FUTURO - Roberto Lavagna,lista,103075,PROVISORIO,api_dine,si
2019,PASO,PRESIDENTE Y VICE,21,Santa Fe,13,3000,1034372,761934,FRENTE DE IZQUIERDA Y DE TRABAJADORES - UNIDAD,,agrupacion,18818,PROVISORIO,api_dine,si
2019,PASO,PRESIDENTE Y VICE,21,Santa Fe,13,3000,1034372,761934,FRENTE DE IZQUIERDA Y DE TRABAJADORES - UNIDAD,UNIDAD - Nicolás Del Caño,lista,18818,PROVISORIO,api_dine,si
2019,PASO,PRESIDENTE Y VICE,21,Santa Fe,13,3000,1034372,761934,FRENTE NOS,,agrupacion,22539,PROVISORIO,api_dine,si
2019,PASO,PRESIDENTE Y VICE,21,Santa Fe,13,3000,1034372,761934,FRENTE NOS,CELESTE 2019 - Juan Gomez,lista,22539,PROVISORIO,api_dine,si
2019,PASO,PRESIDENTE Y VICE,21,Santa Fe,13,3000,1034372,761934,MOVIMIENTO DE ACCION VECINAL,,agrupacion,782,PROVISORIO,api_dine,si
2019,PASO,PRESIDENTE Y VICE,21,Santa Fe,13,3000,1034372,761934,MOVIMIENTO DE ACCION VECINAL,COMPROMISO VECINAL - Raúl Albarracin,lista,782,PROVISORIO,api_dine,si
2019,PASO,PRESIDENTE Y VICE,21,Santa Fe,13,3000,1034372,761934,nulos,,nulos,17612,PROVISORIO,api_dine,si
2019,PASO,PRESIDENTE Y VICE,21,Santa Fe,13,3000,1034372,761934,blancos,,blancos,9215,PROVISORIO,api_dine,si
2019,PASO,PRESIDENTE Y VICE,21,Santa Fe,13,3000,1034372,761934,recurridos,,recurridos,769,PROVISORIO,api_dine,si
2019,PASO,PRESIDENTE Y VICE,21,Santa Fe,16,186,58782,40084,PARTIDO AUTONOMISTA,,agrupacion,80,PROVISORIO,api_dine,si
2019,PASO,PRESIDENTE Y VICE,21,Santa Fe,16,186,58782,40084,PARTIDO AUTONOMISTA,VALORES Y EXPERIENCIA - José Romero,lista,80,PROVISORIO,api_dine,si
2019,PASO,PRESIDENTE Y VICE,21,Santa Fe,16,186,58782,40084,UNITE POR LA LIBERTAD Y LA DIGNIDAD,,agrupacion,653,PROVISORIO,api_dine,si
2019,PASO,PRESIDENTE Y VICE,21,Santa Fe,16,186,58782,40084,UNITE POR LA LIBERTAD Y LA DIGNIDAD,DESPERTAR - José Espert,lista,653,PROVISORIO,api_dine,si
2019,PASO,PRESIDENTE Y VICE,21,Santa Fe,16,186,58782,40084,FRENTE DE IZQUIERDA Y DE TRABAJADORES - UNIDAD,,agrupacion,407,PROVISORIO,api_dine,si
2019,PASO,PRESIDENTE Y VICE,21,Santa Fe,16,186,58782,40084,FRENTE DE IZQUIERDA Y DE TRABAJADORES - UNIDAD,UNIDAD - Nicolás Del Caño,lista,407,PROVISORIO,api_dine,si
2019,PASO,PRESIDENTE Y VICE,21,Santa Fe,16,186,58782,40084,FRENTE NOS,,agrupacion,663,PROVISORIO,api_dine,si
2019,PASO,PRESIDENTE Y VICE,21,Santa Fe,16,186,58782,40084,FRENTE NOS,CELESTE 2019 - Juan Gomez,lista,663,PROVISORIO,api_dine,si
2019,PASO,PRESIDENTE Y VICE,21,Santa Fe,16,186,58782,40084,FRENTE DE TODOS,,agrupacion,17175,PROVISORIO,api_dine,si
2019,PASO,PRESIDENTE Y VICE,21,Santa Fe,16,186,58782,40084,FRENTE DE TODOS,CELESTE Y BLANCA - Alberto Fernández,lista,17175,PROVISORIO,api_dine,si
2019,PASO,PRESIDENTE Y VICE,21,Santa Fe,16,186,58782,40084,FRENTE PATRIOTA,,agrupacion,47,PROVISORIO,api_dine,si
2019,PASO,PRESIDENTE Y VICE,21,Santa Fe,16,186,58782,40084,FRENTE PATRIOTA,CELESTE - Alejandro Biondini,lista,47,PROVISORIO,api_dine,si
2019,PASO,PRESIDENTE Y VICE,21,Santa Fe,16,186,58782,40084,MOVIMIENTO DE ACCION VECINAL,,agrupacion,43,PROVISORIO,api_dine,si
2019,PASO,PRESIDENTE Y VICE,21,Santa Fe,16,186,58782,40084,MOVIMIENTO DE ACCION VECINAL,COMPROMISO VECINAL - Raúl Albarracin,lista,43,PROVISORIO,api_dine,si
2019,PASO,PRESIDENTE Y VICE,21,Santa Fe,16,186,58782,40084,CONSENSO FEDERAL,,agrupacion,3768,PROVISORIO,api_dine,si
2019,PASO,PRESIDENTE Y VICE,21,Santa Fe,16,186,58782,40084,CONSENSO FEDERAL,CONSENSO PARA EL FUTURO - Roberto Lavagna,lista,3768,PROVISORIO,api_dine,si
2019,PASO,PRESIDENTE Y VICE,21,Santa Fe,16,186,58782,40084,MOVIMIENTO AL SOCIALISMO,,agrupacion,160,PROVISORIO,api_dine,si
2019,PASO,PRESIDENTE Y VICE,21,Santa Fe,16,186,58782,40084,MOVIMIENTO AL SOCIALISMO,UNIDAD DE LA IZQUIERDA - Manuela Castañeira,lista,160,PROVISORIO,api_dine,si
2019,PASO,PRESIDENTE Y VICE,21,Santa Fe,16,186,58782,40084,JUNTOS POR EL CAMBIO,,agrupacion,15628,PROVISORIO,api_dine,si
2019,PASO,PRESIDENTE Y VICE,21,Santa Fe,16,186,58782,40084,JUNTOS POR EL CAMBIO,JUNTOS SOMOS EL CAMBIO - Mauricio Macri,lista,15628,PROVISORIO,api_dine,si
2019,PASO,PRESIDENTE Y VICE,21,Santa Fe,16,186,58782,40084,nulos,,nulos,781,PROVISORIO,api_dine,si
2019,PASO,PRESIDENTE Y VICE,21,Santa Fe,16,186,58782,40084,blancos,,blancos,600,PROVISORIO,api_dine,si
2019,PASO,PRESIDENTE Y VICE,21,Santa Fe,16,186,58782,40084,recurridos,,recurridos,79,PROVISORIO,api_dine,si
2019,PASO,PRESIDENTE Y VICE,21,Santa Fe,17,86,26997,18087,CONSENSO FEDERAL,,agrupacion,1146,PROVISORIO,api_dine,si
2019,PASO,PRESIDENTE Y VICE,21,Santa Fe,17,86,26997,18087,CONSENSO FEDERAL,CONSENSO PARA EL FUTURO - Roberto Lavagna,lista,1146,PROVISORIO,api_dine,si
2019,PASO,PRESIDENTE Y VICE,21,Santa Fe,17,86,26997,18087,FRENTE PATRIOTA,,agrupacion,118,PROVISORIO,api_dine,si
2019,PASO,PRESIDENTE Y VICE,21,Santa Fe,17,86,26997,18087,FRENTE PATRIOTA,CELESTE - Alejandro Biondini,lista,118,PROVISORIO,api_dine,si
2019,PASO,PRESIDENTE Y VICE,21,Santa Fe,17,86,26997,18087,FRENTE DE TODOS,,agrupacion,9324,PROVISORIO,api_dine,si
2019,PASO,PRESIDENTE Y VICE,21,Santa Fe,17,86,26997,18087,FRENTE DE TODOS,CELESTE Y BLANCA - Alberto Fernández,lista,9324,PROVISORIO,api_dine,si
2019,PASO,PRESIDENTE Y VICE,21,Santa Fe,17,86,26997,18087,MOVIMIENTO DE ACCION VECINAL,,agrupacion,17,PROVISORIO,api_dine,si
2019,PASO,PRESIDENTE Y VICE,21,Santa Fe,17,86,26997,18087,MOVIMIENTO DE ACCION VECINAL,COMPROMISO VECINAL - Raúl Albarracin,lista,17,PROVISORIO,api_dine,si
2019,PASO,PRESIDENTE Y VICE,21,Santa Fe,17,86,26997,18087,MOVIMIENTO AL SOCIALISMO,,agrupacion,78,PROVISORIO,api_dine,si
2019,PASO,PRESIDENTE Y VICE,21,Santa Fe,17,86,26997,18087,MOVIMIENTO AL SOCIALISMO,UNIDAD DE LA IZQUIERDA - Manuela Castañeira,lista,78,PROVISORIO,api_dine,si
2019,PASO,PRESIDENTE Y VICE,21,Santa Fe,17,86,26997,18087,JUNTOS POR EL CAMBIO,,agrupacion,5920,PROVISORIO,api_dine,si
2019,PASO,PRESIDENTE Y VICE,21,Santa Fe,17,86,26997,18087,JUNTOS POR EL CAMBIO,JUNTOS SOMOS EL CAMBIO - Mauricio Macri,lista,5920,PROVISORIO,api_dine,si
2019,PASO,PRESIDENTE Y VICE,21,Santa Fe,17,86,26997,18087,PARTIDO AUTONOMISTA,,agrupacion,44,PROVISORIO,api_dine,si
2019,PASO,PRESIDENTE Y VICE,21,Santa Fe,17,86,26997,18087,PARTIDO AUTONOMISTA,VALORES Y EXPERIENCIA - José Romero,lista,44,PROVISORIO,api_dine,si
2019,PASO,PRESIDENTE Y VICE,21,Santa Fe,17,86,26997,18087,UNITE POR LA LIBERTAD Y LA DIGNIDAD,,agrupacion,300,PROVISORIO,api_dine,si
2019,PASO,PRESIDENTE Y VICE,21,Santa Fe,17,86,26997,18087,UNITE POR LA LIBERTAD Y LA DIGNIDAD,DESPERTAR - José Espert,lista,300,PROVISORIO,api_dine,si
2019,PASO,PRESIDENTE Y VICE,21,Santa Fe,17,86,26997,18087,FRENTE NOS,,agrupacion,241,PROVISORIO,api_dine,si
2019,PASO,PRESIDENTE Y VICE,21,Santa Fe,17,86,26997,18087,FRENTE NOS,CELESTE 2019 - Juan Gomez,lista,241,PROVISORIO,api_dine,si
2019,PASO,PRESIDENTE Y VICE,21,Santa Fe,17,86,26997,18087,FRENTE DE IZQUIERDA Y DE TRABAJADORES - UNIDAD,,agrupacion,186,PROVISORIO,api_dine,si
2019,PASO,PRESIDENTE Y VICE,21,Santa Fe,17,86,26997,18087,FRENTE DE IZQUIERDA Y DE TRABAJADORES - UNIDAD,UNIDAD - Nicolás Del Caño,lista,186,PROVISORIO,api_dine,si
2019,PASO,PRESIDENTE Y VICE,21,Santa Fe,17,86,26997,18087,nulos,,nulos,419,PROVISORIO,api_dine,si
2019,PASO,PRESIDENTE Y VICE,21,Santa Fe,17,86,26997,18087,blancos,,blancos,283,PROVISORIO,api_dine,si
2019,PASO,PRESIDENTE Y VICE,21,Santa Fe,17,86,26997,18087,recurridos,,recurridos,11,PROVISORIO,api_dine,si
2019,PASO,PRESIDENTE Y VICE,21,Santa Fe,18,210,68977,50500,CONSENSO FEDERAL,,agrupacion,5576,PROVISORIO,api_dine,si
2019,PASO,PRESIDENTE Y VICE,21,Santa Fe,18,210,68977,50500,CONSENSO FEDERAL,CONSENSO PARA EL FUTURO - Roberto Lavagna,lista,5576,PROVISORIO,api_dine,si
2019,PASO,PRESIDENTE Y VICE,21,Santa Fe,18,210,68977,50500,FRENTE DE TODOS,,agrupacion,21952,PROVISORIO,api_dine,si
2019,PASO,PRESIDENTE Y VICE,21,Santa Fe,18,210,68977,50500,FRENTE DE TODOS,CELESTE Y BLANCA - Alberto Fernández,lista,21952,PROVISORIO,api_dine,si
2019,PASO,PRESIDENTE Y VICE,21,Santa Fe,18,210,68977,50500,FRENTE PATRIOTA,,agrupacion,88,PROVISORIO,api_dine,si
2019,PASO,PRESIDENTE Y VICE,21,Santa Fe,18,210,68977,50500,FRENTE PATRIOTA,CELESTE - Alejandro Biondini,lista,88,PROVISORIO,api_dine,si
2019,PASO,PRESIDENTE Y VICE,21,Santa Fe,18,210,68977,50500,MOVIMIENTO DE ACCION VECINAL,,agrupacion,58,PROVISORIO,api_dine,si
2019,PASO,PRESIDENTE Y VICE,21,Santa Fe,18,210,68977,50500,MOVIMIENTO DE ACCION VECINAL,COMPROMISO VECINAL - Raúl Albarracin,lista,58,PROVISORIO,api_dine,si
2019,PASO,PRESIDENTE Y VICE,21,Santa Fe,18,210,68977,50500,JUNTOS POR EL CAMBIO,,agrupacion,17018,PROVISORIO,api_dine,si
2019,PASO,PRESIDENTE Y VICE,21,Santa Fe,18,210,68977,50500,JUNTOS POR EL CAMBIO,JUNTOS SOMOS EL CAMBIO - Mauricio Macri,lista,17018,PROVISORIO,api_dine,si
2019,PASO,PRESIDENTE Y VICE,21,Santa Fe,18,210,68977,50500,MOVIMIENTO AL SOCIALISMO,,agrupacion,209,PROVISORIO,api_dine,si
2019,PASO,PRESIDENTE Y VICE,21,Santa Fe,18,210,68977,50500,MOVIMIENTO AL SOCIALISMO,UNIDAD DE LA IZQUIERDA - Manuela Castañeira,lista,209,PROVISORIO,api_dine,si
2019,PASO,PRESIDENTE Y VICE,21,Santa Fe,18,210,68977,50500,PARTIDO AUTONOMISTA,,agrupacion,107,PROVISORIO,api_dine,si
2019,PASO,PRESIDENTE Y VICE,21,Santa Fe,18,210,68977,50500,PARTIDO AUTONOMISTA,VALORES Y EXPERIENCIA - José Romero,lista,107,PROVISORIO,api_dine,si
2019,PASO,PRESIDENTE Y VICE,21,Santa Fe,18,210,68977,50500,UNITE POR LA LIBERTAD Y LA DIGNIDAD,,agrupacion,1424,PROVISORIO,api_dine,si
2019,PASO,PRESIDENTE Y VICE,21,Santa Fe,18,210,68977,50500,UNITE POR LA LIBERTAD Y LA DIGNIDAD,DESPERTAR - José Espert,lista,1424,PROVISORIO,api_dine,si
2019,PASO,PRESIDENTE Y VICE,21,Santa Fe,18,210,68977,50500,FRENTE DE IZQUIERDA Y DE TRABAJADORES - UNIDAD,,agrupacion,643,PROVISORIO,api_dine,si
2019,PASO,PRESIDENTE Y VICE,21,Santa Fe,18,210,68977,50500,FRENTE DE IZQUIERDA Y DE TRABAJADORES - UNIDAD,UNIDAD - Nicolás Del Caño,lista,643,PROVISORIO,api_dine,si
2019,PASO,PRESIDENTE Y VICE,21,Santa Fe,18,210,68977,50500,FRENTE NOS,,agrupacion,1275,PROVISORIO,api_dine,si
2019,PASO,PRESIDENTE Y VICE,21,Santa Fe,18,210,68977,50500,FRENTE NOS,CELESTE 2019 - Juan Gomez,lista,1275,PROVISORIO,api_dine,si
2019,PASO,PRESIDENTE Y VICE,21,Santa Fe,18,210,68977,50500,nulos,,nulos,1275,PROVISORIO,api_dine,si
2019,PASO,PRESIDENTE Y VICE,21,Santa Fe,18,210,68977,50500,blancos,,blancos,796,PROVISORIO,api_dine,si
2019,PASO,PRESIDENTE Y VICE,21,Santa Fe,18,210,68977,50500,recurridos,,recurridos,79,PROVISORIO,api_dine,si
2019,PASO,PRESIDENTE Y VICE,21,Santa Fe,19,118,36526,26730,CONSENSO FEDERAL,,agrupacion,2596,PROVISORIO,api_dine,si
2019,PASO,PRESIDENTE Y VICE,21,Santa Fe,19,118,36526,26730,CONSENSO FEDERAL,CONSENSO PARA EL FUTURO - Roberto Lavagna,lista,2596,PROVISORIO,api_dine,si
2019,PASO,PRESIDENTE Y VICE,21,Santa Fe,19,118,36526,26730,MOVIMIENTO AL SOCIALISMO,,agrupacion,102,PROVISORIO,api_dine,si
2019,PASO,PRESIDENTE Y VICE,21,Santa Fe,19,118,36526,26730,MOVIMIENTO AL SOCIALISMO,UNIDAD DE LA IZQUIERDA - Manuela Castañeira,lista,102,PROVISORIO,api_dine,si
2019,PASO,PRESIDENTE Y VICE,21,Santa Fe,19,118,36526,26730,JUNTOS POR EL CAMBIO,,agrupacion,11241,PROVISORIO,api_dine,si
2019,PASO,PRESIDENTE Y VICE,21,Santa Fe,19,118,36526,26730,JUNTOS POR EL CAMBIO,JUNTOS SOMOS EL CAMBIO - Mauricio Macri,lista,11241,PROVISORIO,api_dine,si
2019,PASO,PRESIDENTE Y VICE,21,Santa Fe,19,118,36526,26730,PARTIDO AUTONOMISTA,,agrupacion,79,PROVISORIO,api_dine,si
2019,PASO,PRESIDENTE Y VICE,21,Santa Fe,19,118,36526,26730,PARTIDO AUTONOMISTA,VALORES Y EXPERIENCIA - José Romero,lista,79,PROVISORIO,api_dine,si
2019,PASO,PRESIDENTE Y VICE,21,Santa Fe,19,118,36526,26730,UNITE POR LA LIBERTAD Y LA DIGNIDAD,,agrupacion,535,PROVISORIO,api_dine,si
2019,PASO,PRESIDENTE Y VICE,21,Santa Fe,19,118,36526,26730,UNITE POR LA LIBERTAD Y LA DIGNIDAD,DESPERTAR - José Espert,lista,535,PROVISORIO,api_dine,si
2019,PASO,PRESIDENTE Y VICE,21,Santa Fe,19,118,36526,26730,FRENTE NOS,,agrupacion,478,PROVISORIO,api_dine,si
2019,PASO,PRESIDENTE Y VICE,21,Santa Fe,19,118,36526,26730,FRENTE NOS,CELESTE 2019 - Juan Gomez,lista,478,PROVISORIO,api_dine,si
2019,PASO,PRESIDENTE Y VICE,21,Santa Fe,19,118,36526,26730,FRENTE DE IZQUIERDA Y DE TRABAJADORES - UNIDAD,,agrupacion,283,PROVISORIO,api_dine,si
2019,PASO,PRESIDENTE Y VICE,21,Santa Fe,19,118,36526,26730,FRENTE DE IZQUIERDA Y DE TRABAJADORES - UNIDAD,UNIDAD - Nicolás Del Caño,lista,283,PROVISORIO,api_dine,si
2019,PASO,PRESIDENTE Y VICE,21,Santa Fe,19,118,36526,26730,MOVIMIENTO DE ACCION VECINAL,,agrupacion,31,PROVISORIO,api_dine,si
2019,PASO,PRESIDENTE Y VICE,21,Santa Fe,19,118,36526,26730,MOVIMIENTO DE ACCION VECINAL,COMPROMISO VECINAL - Raúl Albarracin,lista,31,PROVISORIO,api_dine,si
2019,PASO,PRESIDENTE Y VICE,21,Santa Fe,19,118,36526,26730,FRENTE PATRIOTA,,agrupacion,42,PROVISORIO,api_dine,si
2019,PASO,PRESIDENTE Y VICE,21,Santa Fe,19,118,36526,26730,FRENTE PATRIOTA,CELESTE - Alejandro Biondini,lista,42,PROVISORIO,api_dine,si
2019,PASO,PRESIDENTE Y VICE,21,Santa Fe,19,118,36526,26730,FRENTE DE TODOS,,agrupacion,10238,PROVISORIO,api_dine,si
2019,PASO,PRESIDENTE Y VICE,21,Santa Fe,19,118,36526,26730,FRENTE DE TODOS,CELESTE Y BLANCA - Alberto Fernández,lista,10238,PROVISORIO,api_dine,si
2019,PASO,PRESIDENTE Y VICE,21,Santa Fe,19,118,36526,26730,nulos,,nulos,681,PROVISORIO,api_dine,si
2019,PASO,PRESIDENTE Y VICE,21,Santa Fe,19,118,36526,26730,blancos,,blancos,353,PROVISORIO,api_dine,si
2019,PASO,PRESIDENTE Y VICE,21,Santa Fe,19,118,36526,26730,recurridos,,recurridos,71,PROVISORIO,api_dine,si
2019,PASO,PRESIDENTE Y VICE,21,Santa Fe,20,432,148446,113246,MOVIMIENTO DE ACCION VECINAL,,agrupacion,139,PROVISORIO,api_dine,si
2019,PASO,PRESIDENTE Y VICE,21,Santa Fe,20,432,148446,113246,MOVIMIENTO DE ACCION VECINAL,COMPROMISO VECINAL - Raúl Albarracin,lista,139,PROVISORIO,api_dine,si
2019,PASO,PRESIDENTE Y VICE,21,Santa Fe,20,432,148446,113246,FRENTE NOS,,agrupacion,4659,PROVISORIO,api_dine,si
2019,PASO,PRESIDENTE Y VICE,21,Santa Fe,20,432,148446,113246,FRENTE NOS,CELESTE 2019 - Juan Gomez,lista,4659,PROVISORIO,api_dine,si
2019,PASO,PRESIDENTE Y VICE,21,Santa Fe,20,432,148446,113246,FRENTE DE IZQUIERDA Y DE TRABAJADORES - UNIDAD,,agrupacion,2327,PROVISORIO,api_dine,si
2019,PASO,PRESIDENTE Y VICE,21,Santa Fe,20,432,148446,113246,FRENTE DE IZQUIERDA Y DE TRABAJADORES - UNIDAD,UNIDAD - Nicolás Del Caño,lista,2327,PROVISORIO,api_dine,si
2019,PASO,PRESIDENTE Y VICE,21,Santa Fe,20,432,148446,113246,PARTIDO AUTONOMISTA,,agrupacion,100,PROVISORIO,api_dine,si
2019,PASO,PRESIDENTE Y VICE,21,Santa Fe,20,432,148446,113246,PARTIDO AUTONOMISTA,VALORES Y EXPERIENCIA - José Romero,lista,100,PROVISORIO,api_dine,si
2019,PASO,PRESIDENTE Y VICE,21,Santa Fe,20,432,148446,113246,UNITE POR LA LIBERTAD Y LA DIGNIDAD,,agrupacion,3373,PROVISORIO,api_dine,si
2019,PASO,PRESIDENTE Y VICE,21,Santa Fe,20,432,148446,113246,UNITE POR LA LIBERTAD Y LA DIGNIDAD,DESPERTAR - José Espert,lista,3373,PROVISORIO,api_dine,si
2019,PASO,PRESIDENTE Y VICE,21,Santa Fe,20,432,148446,113246,FRENTE PATRIOTA,,agrupacion,246,PROVISORIO,api_dine,si
2019,PASO,PRESIDENTE Y VICE,21,Santa Fe,20,432,148446,113246,FRENTE PATRIOTA,CELESTE - Alejandro Biondini,lista,246,PROVISORIO,api_dine,si
2019,PASO,PRESIDENTE Y VICE,21,Santa Fe,20,432,148446,113246,FRENTE DE TODOS,,agrupacion,52424,PROVISORIO,api_dine,si
2019,PASO,PRESIDENTE Y VICE,21,Santa Fe,20,432,148446,113246,FRENTE DE TODOS,CELESTE Y BLANCA - Alberto Fernández,lista,52424,PROVISORIO,api_dine,si
2019,PASO,PRESIDENTE Y VICE,21,Santa Fe,20,432,148446,113246,CONSENSO FEDERAL,,agrupacion,15011,PROVISORIO,api_dine,si
2019,PASO,PRESIDENTE Y VICE,21,Santa Fe,20,432,148446,113246,CONSENSO FEDERAL,CONSENSO PARA EL FUTURO - Roberto Lavagna,lista,15011,PROVISORIO,api_dine,si
2019,PASO,PRESIDENTE Y VICE,21,Santa Fe,20,432,148446,113246,JUNTOS POR EL CAMBIO,,agrupacion,29824,PROVISORIO,api_dine,si
2019,PASO,PRESIDENTE Y VICE,21,Santa Fe,20,432,148446,113246,JUNTOS POR EL CAMBIO,JUNTOS SOMOS EL CAMBIO - Mauricio Macri,lista,29824,PROVISORIO,api_dine,si
2019,PASO,PRESIDENTE Y VICE,21,Santa Fe,20,432,148446,113246,MOVIMIENTO AL SOCIALISMO,,agrupacion,658,PROVISORIO,api_dine,si
2019,PASO,PRESIDENTE Y VICE,21,Santa Fe,20,432,148446,113246,MOVIMIENTO AL SOCIALISMO,UNIDAD DE LA IZQUIERDA - Manuela Castañeira,lista,658,PROVISORIO,api_dine,si
2019,PASO,PRESIDENTE Y VICE,21,Santa Fe,20,432,148446,113246,nulos,,nulos,2790,PROVISORIO,api_dine,si
2019,PASO,PRESIDENTE Y VICE,21,Santa Fe,20,432,148446,113246,blancos,,blancos,1577,PROVISORIO,api_dine,si
2019,PASO,PRESIDENTE Y VICE,21,Santa Fe,20,432,148446,113246,recurridos,,recurridos,118,PROVISORIO,api_dine,si
2019,PASO,PRESIDENTE Y VICE,21,Santa Fe,21,162,54297,40048,CONSENSO FEDERAL,,agrupacion,4436,PROVISORIO,api_dine,si
2019,PASO,PRESIDENTE Y VICE,21,Santa Fe,21,162,54297,40048,CONSENSO FEDERAL,CONSENSO PARA EL FUTURO - Roberto Lavagna,lista,4436,PROVISORIO,api_dine,si
2019,PASO,PRESIDENTE Y VICE,21,Santa Fe,21,162,54297,40048,PARTIDO AUTONOMISTA,,agrupacion,89,PROVISORIO,api_dine,si
2019,PASO,PRESIDENTE Y VICE,21,Santa Fe,21,162,54297,40048,PARTIDO AUTONOMISTA,VALORES Y EXPERIENCIA - José Romero,lista,89,PROVISORIO,api_dine,si
2019,PASO,PRESIDENTE Y VICE,21,Santa Fe,21,162,54297,40048,UNITE POR LA LIBERTAD Y LA DIGNIDAD,,agrupacion,1078,PROVISORIO,api_dine,si
2019,PASO,PRESIDENTE Y VICE,21,Santa Fe,21,162,54297,40048,UNITE POR LA LIBERTAD Y LA DIGNIDAD,DESPERTAR - José Espert,lista,1078,PROVISORIO,api_dine,si
2019,PASO,PRESIDENTE Y VICE,21,Santa Fe,21,162,54297,40048,FRENTE NOS,,agrupacion,1085,PROVISORIO,api_dine,si
2019,PASO,PRESIDENTE Y VICE,21,Santa Fe,21,162,54297,40048,FRENTE NOS,CELESTE 2019 - Juan Gomez,lista,1085,PROVISORIO,api_dine,si
2019,PASO,PRESIDENTE Y VICE,21,Santa Fe,21,162,54297,40048,FRENTE DE IZQUIERDA Y DE TRABAJADORES - UNIDAD,,agrupacion,608,PROVISORIO,api_dine,si
2019,PASO,PRESIDENTE Y VICE,21,Santa Fe,21,162,54297,40048,FRENTE DE IZQUIERDA Y DE TRABAJADORES - UNIDAD,UNIDAD - Nicolás Del Caño,lista,608,PROVISORIO,api_dine,si
2019,PASO,PRESIDENTE Y VICE,21,Santa Fe,21,162,54297,40048,FRENTE DE TODOS,,agrupacion,13208,PROVISORIO,api_dine,si
2019,PASO,PRESIDENTE Y VICE,21,Santa Fe,21,162,54297,40048,FRENTE DE TODOS,CELESTE Y BLANCA - Alberto Fernández,lista,13208,PROVISORIO,api_dine,si
2019,PASO,PRESIDENTE Y VICE,21,Santa Fe,21,162,54297,40048,FRENTE PATRIOTA,,agrupacion,73,PROVISORIO,api_dine,si
2019,PASO,PRESIDENTE Y VICE,21,Santa Fe,21,162,54297,40048,FRENTE PATRIOTA,CELESTE - Alejandro Biondini,lista,73,PROVISORIO,api_dine,si
2019,PASO,PRESIDENTE Y VICE,21,Santa Fe,21,162,54297,40048,MOVIMIENTO AL SOCIALISMO,,agrupacion,200,PROVISORIO,api_dine,si
2019,PASO,PRESIDENTE Y VICE,21,Santa Fe,21,162,54297,40048,MOVIMIENTO AL SOCIALISMO,UNIDAD DE LA IZQUIERDA - Manuela Castañeira,lista,200,PROVISORIO,api_dine,si
2019,PASO,PRESIDENTE Y VICE,21,Santa Fe,21,162,54297,40048,JUNTOS POR EL CAMBIO,,agrupacion,17371,PROVISORIO,api_dine,si
2019,PASO,PRESIDENTE Y VICE,21,Santa Fe,21,162,54297,40048,JUNTOS POR EL CAMBIO,JUNTOS SOMOS EL CAMBIO - Mauricio Macri,lista,17371,PROVISORIO,api_dine,si
2019,PASO,PRESIDENTE Y VICE,21,Santa Fe,21,162,54297,40048,MOVIMIENTO DE ACCION VECINAL,,agrupacion,56,PROVISORIO,api_dine,si
2019,PASO,PRESIDENTE Y VICE,21,Santa Fe,21,162,54297,40048,MOVIMIENTO DE ACCION VECINAL,COMPROMISO VECINAL - Raúl Albarracin,lista,56,PROVISORIO,api_dine,si
2019,PASO,PRESIDENTE Y VICE,21,Santa Fe,21,162,54297,40048,nulos,,nulos,1132,PROVISORIO,api_dine,si
2019,PASO,PRESIDENTE Y VICE,21,Santa Fe,21,162,54297,40048,blancos,,blancos,640,PROVISORIO,api_dine,si
2019,PASO,PRESIDENTE Y VICE,21,Santa Fe,21,162,54297,40048,recurridos,,recurridos,72,PROVISORIO,api_dine,si
2019,PASO,PRESIDENTE Y VICE,21,Santa Fe,22,144,45075,30232,MOVIMIENTO AL SOCIALISMO,,agrupacion,103,PROVISORIO,api_dine,si
2019,PASO,PRESIDENTE Y VICE,21,Santa Fe,22,144,45075,30232,MOVIMIENTO AL SOCIALISMO,UNIDAD DE LA IZQUIERDA - Manuela Castañeira,lista,103,PROVISORIO,api_dine,si
2019,PASO,PRESIDENTE Y VICE,21,Santa Fe,22,144,45075,30232,JUNTOS POR EL CAMBIO,,agrupacion,9396,PROVISORIO,api_dine,si
2019,PASO,PRESIDENTE Y VICE,21,Santa Fe,22,144,45075,30232,JUNTOS POR EL CAMBIO,JUNTOS SOMOS EL CAMBIO - Mauricio Macri,lista,9396,PROVISORIO,api_dine,si
2019,PASO,PRESIDENTE Y VICE,21,Santa Fe,22,144,45075,30232,CONSENSO FEDERAL,,agrupacion,2239,PROVISORIO,api_dine,si
2019,PASO,PRESIDENTE Y VICE,21,Santa Fe,22,144,45075,30232,CONSENSO FEDERAL,CONSENSO PARA EL FUTURO - Roberto Lavagna,lista,2239,PROVISORIO,api_dine,si
2019,PASO,PRESIDENTE Y VICE,21,Santa Fe,22,144,45075,30232,MOVIMIENTO DE ACCION VECINAL,,agrupacion,27,PROVISORIO,api_dine,si
2019,PASO,PRESIDENTE Y VICE,21,Santa Fe,22,144,45075,30232,MOVIMIENTO DE ACCION VECINAL,COMPROMISO VECINAL - Raúl Albarracin,lista,27,PROVISORIO,api_dine,si
2019,PASO,PRESIDENTE Y VICE,21,Santa Fe,22,144,45075,30232,FRENTE NOS,,agrupacion,463,PROVISORIO,api_dine,si
2019,PASO,PRESIDENTE Y VICE,21,Santa Fe,22,144,45075,30232,FRENTE NOS,CELESTE 2019 - Juan Gomez,lista,463,PROVISORIO,api_dine,si
2019,PASO,PRESIDENTE Y VICE,21,Santa Fe,22,144,45075,30232,FRENTE DE IZQUIERDA Y DE TRABAJADORES - UNIDAD,,agrupacion,219,PROVISORIO,api_dine,si
2019,PASO,PRESIDENTE Y VICE,21,Santa Fe,22,144,45075,30232,FRENTE DE IZQUIERDA Y DE TRABAJADORES - UNIDAD,UNIDAD - Nicolás Del Caño,lista,219,PROVISORIO,api_dine,si
2019,PASO,PRESIDENTE Y VICE,21,Santa Fe,22,144,45075,30232,FRENTE PATRIOTA,,agrupacion,29,PROVISORIO,api_dine,si
2019,PASO,PRESIDENTE Y VICE,21,Santa Fe,22,144,45075,30232,FRENTE PATRIOTA,CELESTE - Alejandro Biondini,lista,29,PROVISORIO,api_dine,si
2019,PASO,PRESIDENTE Y VICE,21,Santa Fe,22,144,45075,30232,FRENTE DE TODOS,,agrupacion,15974,PROVISORIO,api_dine,si
2019,PASO,PRESIDENTE Y VICE,21,Santa Fe,22,144,45075,30232,FRENTE DE TODOS,CELESTE Y BLANCA - Alberto Fernández,lista,15974,PROVISORIO,api_dine,si
2019,PASO,PRESIDENTE Y VICE,21,Santa Fe,22,144,45075,30232,PARTIDO AUTONOMISTA,,agrupacion,75,PROVISORIO,api_dine,si
2019,PASO,PRESIDENTE Y VICE,21,Santa Fe,22,144,45075,30232,PARTIDO AUTONOMISTA,VALORES Y EXPERIENCIA - José Romero,lista,75,PROVISORIO,api_dine,si
2019,PASO,PRESIDENTE Y VICE,21,Santa Fe,22,144,45075,30232,UNITE POR LA LIBERTAD Y LA DIGNIDAD,,agrupacion,447,PROVISORIO,api_dine,si
2019,PASO,PRESIDENTE Y VICE,21,Santa Fe,22,144,45075,30232,UNITE POR LA LIBERTAD Y LA DIGNIDAD,DESPERTAR - José Espert,lista,447,PROVISORIO,api_dine,si
2019,PASO,PRESIDENTE Y VICE,21,Santa Fe,22,144,45075,30232,nulos,,nulos,821,PROVISORIO,api_dine,si
2019,PASO,PRESIDENTE Y VICE,21,Santa Fe,22,144,45075,30232,blancos,,blancos,395,PROVISORIO,api_dine,si
2019,PASO,PRESIDENTE Y VICE,21,Santa Fe,22,144,45075,30232,recurridos,,recurridos,44,PROVISORIO,api_dine,si
2019,GENERAL,PRESIDENTE Y VICE,21,Santa Fe,1,114,38676,31242,FRENTE NOS,,agrupacion,508,PROVISORIO,api_dine,si
2019,GENERAL,PRESIDENTE Y VICE,21,Santa Fe,1,114,38676,31242,FRENTE DE IZQUIERDA Y DE TRABAJADORES - UNIDAD,,agrupacion,313,PROVISORIO,api_dine,si
2019,GENERAL,PRESIDENTE Y VICE,21,Santa Fe,1,114,38676,31242,JUNTOS POR EL CAMBIO,,agrupacion,15906,PROVISORIO,api_dine,si
2019,GENERAL,PRESIDENTE Y VICE,21,Santa Fe,1,114,38676,31242,CONSENSO FEDERAL,,agrupacion,2729,PROVISORIO,api_dine,si
2019,GENERAL,PRESIDENTE Y VICE,21,Santa Fe,1,114,38676,31242,FRENTE DE TODOS,,agrupacion,10728,PROVISORIO,api_dine,si
2019,GENERAL,PRESIDENTE Y VICE,21,Santa Fe,1,114,38676,31242,UNITE POR LA LIBERTAD Y LA DIGNIDAD,,agrupacion,403,PROVISORIO,api_dine,si
2019,GENERAL,PRESIDENTE Y VICE,21,Santa Fe,1,114,38676,31242,nulos,,nulos,319,PROVISORIO,api_dine,si
2019,GENERAL,PRESIDENTE Y VICE,21,Santa Fe,1,114,38676,31242,blancos,,blancos,293,PROVISORIO,api_dine,si
2019,GENERAL,PRESIDENTE Y VICE,21,Santa Fe,1,114,38676,31242,recurridos,,recurridos,43,PROVISORIO,api_dine,si
2019,GENERAL,PRESIDENTE Y VICE,21,Santa Fe,2,215,71775,57561,FRENTE NOS,,agrupacion,649,PROVISORIO,api_dine,si
2019,GENERAL,PRESIDENTE Y VICE,21,Santa Fe,2,215,71775,57561,FRENTE DE IZQUIERDA Y DE TRABAJADORES - UNIDAD,,agrupacion,911,PROVISORIO,api_dine,si
2019,GENERAL,PRESIDENTE Y VICE,21,Santa Fe,2,215,71775,57561,CONSENSO FEDERAL,,agrupacion,5496,PROVISORIO,api_dine,si
2019,GENERAL,PRESIDENTE Y VICE,21,Santa Fe,2,215,71775,57561,FRENTE DE TODOS,,agrupacion,19389,PROVISORIO,api_dine,si
2019,GENERAL,PRESIDENTE Y VICE,21,Santa Fe,2,215,71775,57561,JUNTOS POR EL CAMBIO,,agrupacion,28749,PROVISORIO,api_dine,si
2019,GENERAL,PRESIDENTE Y VICE,21,Santa Fe,2,215,71775,57561,UNITE POR LA LIBERTAD Y LA DIGNIDAD,,agrupacion,1137,PROVISORIO,api_dine,si
2019,GENERAL,PRESIDENTE Y VICE,21,Santa Fe,2,215,71775,57561,nulos,,nulos,665,PROVISORIO,api_dine,si
2019,GENERAL,PRESIDENTE Y VICE,21,Santa Fe,2,215,71775,57561,blancos,,blancos,530,PROVISORIO,api_dine,si
2019,GENERAL,PRESIDENTE Y VICE,21,Santa Fe,2,215,71775,57561,recurridos,,recurridos,35,PROVISORIO,api_dine,si
2019,GENERAL,PRESIDENTE Y VICE,21,Santa Fe,3,451,147941,119539,CONSENSO FEDERAL,,agrupacion,7552,PROVISORIO,api_dine,si
2019,GENERAL,PRESIDENTE Y VICE,21,Santa Fe,3,451,147941,119539,FRENTE NOS,,agrupacion,1727,PROVISORIO,api_dine,si
2019,GENERAL,PRESIDENTE Y VICE,21,Santa Fe,3,451,147941,119539,FRENTE DE IZQUIERDA Y DE TRABAJADORES - UNIDAD,,agrupacion,1267,PROVISORIO,api_dine,si
2019,GENERAL,PRESIDENTE Y VICE,21,Santa Fe,3,451,147941,119539,FRENTE DE TODOS,,agrupacion,36177,PROVISORIO,api_dine,si
2019,GENERAL,PRESIDENTE Y VICE,21,Santa Fe,3,451,147941,119539,UNITE POR LA LIBERTAD Y LA DIGNIDAD,,agrupacion,1823,PROVISORIO,api_dine,si
2019,GENERAL,PRESIDENTE Y VICE,21,Santa Fe,3,451,147941,119539,JUNTOS POR EL CAMBIO,,agrupacion,68836,PROVISORIO,api_dine,si
2019,GENERAL,PRESIDENTE Y VICE,21,Santa Fe,3,451,147941,119539,nulos,,nulos,1405,PROVISORIO,api_dine,si
2019,GENERAL,PRESIDENTE Y VICE,21,Santa Fe,3,451,147941,119539,blancos,,blancos,675,PROVISORIO,api_dine,si
2019,GENERAL,PRESIDENTE Y VICE,21,Santa Fe,3,451,147941,119539,recurridos,,recurridos,77,PROVISORIO,api_dine,si
2019,GENERAL,PRESIDENTE Y VICE,21,Santa Fe,4,221,74652,60983,FRENTE DE TODOS,,agrupacion,26936,PROVISORIO,api_dine,si
2019,GENERAL,PRESIDENTE Y VICE,21,Santa Fe,4,221,74652,60983,CONSENSO FEDERAL,,agrupacion,5316,PROVISORIO,api_dine,si
2019,GENERAL,PRESIDENTE Y VICE,21,Santa Fe,4,221,74652,60983,JUNTOS POR EL CAMBIO,,agrupacion,24234,PROVISORIO,api_dine,si
2019,GENERAL,PRESIDENTE Y VICE,21,Santa Fe,4,221,74652,60983,FRENTE DE IZQUIERDA Y DE TRABAJADORES - UNIDAD,,agrupacion,1063,PROVISORIO,api_dine,si
2019,GENERAL,PRESIDENTE Y VICE,21,Santa Fe,4,221,74652,60983,FRENTE NOS,,agrupacion,941,PROVISORIO,api_dine,si
2019,GENERAL,PRESIDENTE Y VICE,21,Santa Fe,4,221,74652,60983,UNITE POR LA LIBERTAD Y LA DIGNIDAD,,agrupacion,1196,PROVISORIO,api_dine,si
2019,GENERAL,PRESIDENTE Y VICE,21,Santa Fe,4,221,74652,60983,nulos,,nulos,741,PROVISORIO,api_dine,si
2019,GENERAL,PRESIDENTE Y VICE,21,Santa Fe,4,221,74652,60983,blancos,,blancos,500,PROVISORIO,api_dine,si
2019,GENERAL,PRESIDENTE Y VICE,21,Santa Fe,4,221,74652,60983,recurridos,,recurridos,56,PROVISORIO,api_dine,si
2019,GENERAL,PRESIDENTE Y VICE,21,Santa Fe,5,59,19239,14436,JUNTOS POR EL CAMBIO,,agrupacion,5718,PROVISORIO,api_dine,si
2019,GENERAL,PRESIDENTE Y VICE,21,Santa Fe,5,59,19239,14436,CONSENSO FEDERAL,,agrupacion,899,PROVISORIO,api_dine,si
2019,GENERAL,PRESIDENTE Y VICE,21,Santa Fe,5,59,19239,14436,FRENTE DE IZQUIERDA Y DE TRABAJADORES - UNIDAD,,agrupacion,127,PROVISORIO,api_dine,si
2019,GENERAL,PRESIDENTE Y VICE,21,Santa Fe,5,59,19239,14436,FRENTE NOS,,agrupacion,89,PROVISORIO,api_dine,si
2019,GENERAL,PRESIDENTE Y VICE,21,Santa Fe,5,59,19239,14436,FRENTE DE TODOS,,agrupacion,7076,PROVISORIO,api_dine,si
2019,GENERAL,PRESIDENTE Y VICE,21,Santa Fe,5,59,19239,14436,UNITE POR LA LIBERTAD Y LA DIGNIDAD,,agrupacion,141,PROVISORIO,api_dine,si
2019,GENERAL,PRESIDENTE Y VICE,21,Santa Fe,5,59,19239,14436,nulos,,nulos,224,PROVISORIO,api_dine,si
2019,GENERAL,PRESIDENTE Y VICE,21,Santa Fe,5,59,19239,14436,blancos,,blancos,137,PROVISORIO,api_dine,si
2019,GENERAL,PRESIDENTE Y VICE,21,Santa Fe,5,59,19239,14436,recurridos,,recurridos,25,PROVISORIO,api_dine,si
2019,GENERAL,PRESIDENTE Y VICE,21,Santa Fe,6,486,164297,130847,JUNTOS POR EL CAMBIO,,agrupacion,63804,PROVISORIO,api_dine,si
2019,GENERAL,PRESIDENTE Y VICE,21,Santa Fe,6,486,164297,130847,FRENTE DE TODOS,,agrupacion,48362,PROVISORIO,api_dine,si
2019,GENERAL,PRESIDENTE Y VICE,21,Santa Fe,6,486,164297,130847,CONSENSO FEDERAL,,agrupacion,10195,PROVISORIO,api_dine,si
2019,GENERAL,PRESIDENTE Y VICE,21,Santa Fe,6,486,164297,130847,FRENTE DE IZQUIERDA Y DE TRABAJADORES - UNIDAD,,agrupacion,1966,PROVISORIO,api_dine,si
2019,GENERAL,PRESIDENTE Y VICE,21,Santa Fe,6,486,164297,130847,FRENTE NOS,,agrupacion,1836,PROVISORIO,api_dine,si
2019,GENERAL,PRESIDENTE Y VICE,21,Santa Fe,6,486,164297,130847,UNITE POR LA LIBERTAD Y LA DIGNIDAD,,agrupacion,2246,PROVISORIO,api_dine,si
2019,GENERAL,PRESIDENTE Y VICE,21,Santa Fe,6,486,164297,130847,nulos,,nulos,1412,PROVISORIO,api_dine,si
2019,GENERAL,PRESIDENTE Y VICE,21,Santa Fe,6,486,164297,130847,blancos,,blancos,933,PROVISORIO,api_dine,si
2019,GENERAL,PRESIDENTE Y VICE,21,Santa Fe,6,486,164297,130847,recurridos,,recurridos,93,PROVISORIO,api_dine,si
2019,GENERAL,PRESIDENTE Y VICE,21,Santa Fe,7,448,148454,118784,UNITE POR LA LIBERTAD Y LA DIGNIDAD,,agrupacion,1523,PROVISORIO,api_dine,si
2019,GENERAL,PRESIDENTE Y VICE,21,Santa Fe,7,448,148454,118784,JUNTOS POR EL CAMBIO,,agrupacion,52198,PROVISORIO,api_dine,si
2019,GENERAL,PRESIDENTE Y VICE,21,Santa Fe,7,448,148454,118784,FRENTE DE TODOS,,agrupacion,55129,PROVISORIO,api_dine,si
2019,GENERAL,PRESIDENTE Y VICE,21,Santa Fe,7,448,148454,118784,FRENTE DE IZQUIERDA Y DE TRABAJADORES - UNIDAD,,agrupacion,922,PROVISORIO,api_dine,si
2019,GENERAL,PRESIDENTE Y VICE,21,Santa Fe,7,448,148454,118784,FRENTE NOS,,agrupacion,1207,PROVISORIO,api_dine,si
2019,GENERAL,PRESIDENTE Y VICE,21,Santa Fe,7,448,148454,118784,CONSENSO FEDERAL,,agrupacion,5889,PROVISORIO,api_dine,si
2019,GENERAL,PRESIDENTE Y VICE,21,Santa Fe,7,448,148454,118784,nulos,,nulos,1277,PROVISORIO,api_dine,si
2019,GENERAL,PRESIDENTE Y VICE,21,Santa Fe,7,448,148454,118784,blancos,,blancos,542,PROVISORIO,api_dine,si
2019,GENERAL,PRESIDENTE Y VICE,21,Santa Fe,7,448,148454,118784,recurridos,,recurridos,97,PROVISORIO,api_dine,si
2019,GENERAL,PRESIDENTE Y VICE,21,Santa Fe,8,172,58149,46566,FRENTE DE IZQUIERDA Y DE TRABAJADORES - UNIDAD,,agrupacion,666,PROVISORIO,api_dine,si
2019,GENERAL,PRESIDENTE Y VICE,21,Santa Fe,8,172,58149,46566,FRENTE NOS,,agrupacion,769,PROVISORIO,api_dine,si
2019,GENERAL,PRESIDENTE Y VICE,21,Santa Fe,8,172,58149,46566,CONSENSO FEDERAL,,agrupacion,4417,PROVISORIO,api_dine,si
2019,GENERAL,PRESIDENTE Y VICE,21,Santa Fe,8,172,58149,46566,FRENTE DE TODOS,,agrupacion,18553,PROVISORIO,api_dine,si
2019,GENERAL,PRESIDENTE Y VICE,21,Santa Fe,8,172,58149,46566,UNITE POR LA LIBERTAD Y LA DIGNIDAD,,agrupacion,851,PROVISORIO,api_dine,si
2019,GENERAL,PRESIDENTE Y VICE,21,Santa Fe,8,172,58149,46566,JUNTOS POR EL CAMBIO,,agrupacion,20306,PROVISORIO,api_dine,si
2019,GENERAL,PRESIDENTE Y VICE,21,Santa Fe,8,172,58149,46566,nulos,,nulos,554,PROVISORIO,api_dine,si
2019,GENERAL,PRESIDENTE Y VICE,21,Santa Fe,8,172,58149,46566,blancos,,blancos,416,PROVISORIO,api_dine,si
2019,GENERAL,PRESIDENTE Y VICE,21,Santa Fe,8,172,58149,46566,recurridos,,recurridos,34,PROVISORIO,api_dine,si
2019,GENERAL,PRESIDENTE Y VICE,21,Santa Fe,9,1281,441912,343562,CONSENSO FEDERAL,,agrupacion,30429,PROVISORIO,api_dine,si
2019,GENERAL,PRESIDENTE Y VICE,21,Santa Fe,9,1281,441912,343562,FRENTE NOS,,agrupacion,5996,PROVISORIO,api_dine,si
2019,GENERAL,PRESIDENTE Y VICE,21,Santa Fe,9,1281,441912,343562,FRENTE DE IZQUIERDA Y DE TRABAJADORES - UNIDAD,,agrupacion,4661,PROVISORIO,api_dine,si
2019,GENERAL,PRESIDENTE Y VICE,21,Santa Fe,9,1281,441912,343562,FRENTE DE TODOS,,agrupacion,138662,PROVISORIO,api_dine,si
2019,GENERAL,PRESIDENTE Y VICE,21,Santa Fe,9,1281,441912,343562,JUNTOS POR EL CAMBIO,,agrupacion,149131,PROVISORIO,api_dine,si
2019,GENERAL,PRESIDENTE Y VICE,21,Santa Fe,9,1281,441912,343562,UNITE POR LA LIBERTAD Y LA DIGNIDAD,,agrupacion,7682,PROVISORIO,api_dine,si
2019,GENERAL,PRESIDENTE Y VICE,21,Santa Fe,9,1281,441912,343562,nulos,,nulos,4861,PROVISORIO,api_dine,si
2019,GENERAL,PRESIDENTE Y VICE,21,Santa Fe,9,1281,441912,343562,blancos,,blancos,1797,PROVISORIO,api_dine,si
2019,GENERAL,PRESIDENTE Y VICE,21,Santa Fe,9,1281,441912,343562,recurridos,,recurridos,343,PROVISORIO,api_dine,si
2019,GENERAL,PRESIDENTE Y VICE,21,Santa Fe,11,275,88623,72837,FRENTE NOS,,agrupacion,882,PROVISORIO,api_dine,si
2019,GENERAL,PRESIDENTE Y VICE,21,Santa Fe,11,275,88623,72837,FRENTE DE IZQUIERDA Y DE TRABAJADORES - UNIDAD,,agrupacion,572,PROVISORIO,api_dine,si
2019,GENERAL,PRESIDENTE Y VICE,21,Santa Fe,11,275,88623,72837,JUNTOS POR EL CAMBIO,,agrupacion,44142,PROVISORIO,api_dine,si
2019,GENERAL,PRESIDENTE Y VICE,21,Santa Fe,11,275,88623,72837,FRENTE DE TODOS,,agrupacion,19066,PROVISORIO,api_dine,si
2019,GENERAL,PRESIDENTE Y VICE,21,Santa Fe,11,275,88623,72837,UNITE POR LA LIBERTAD Y LA DIGNIDAD,,agrupacion,1237,PROVISORIO,api_dine,si
2019,GENERAL,PRESIDENTE Y VICE,21,Santa Fe,11,275,88623,72837,CONSENSO FEDERAL,,agrupacion,5429,PROVISORIO,api_dine,si
2019,GENERAL,PRESIDENTE Y VICE,21,Santa Fe,11,275,88623,72837,nulos,,nulos,910,PROVISORIO,api_dine,si
2019,GENERAL,PRESIDENTE Y VICE,21,Santa Fe,11,275,88623,72837,blancos,,blancos,508,PROVISORIO,api_dine,si
2019,GENERAL,PRESIDENTE Y VICE,21,Santa Fe,11,275,88623,72837,recurridos,,recurridos,91,PROVISORIO,api_dine,si
2019,GENERAL,PRESIDENTE Y VICE,21,Santa Fe,12,80,25835,19058,UNITE POR LA LIBERTAD Y LA DIGNIDAD,,agrupacion,162,PROVISORIO,api_dine,si
2019,GENERAL,PRESIDENTE Y VICE,21,Santa Fe,12,80,25835,19058,JUNTOS POR EL CAMBIO,,agrupacion,8926,PROVISORIO,api_dine,si
2019,GENERAL,PRESIDENTE Y VICE,21,Santa Fe,12,80,25835,19058,FRENTE NOS,,agrupacion,409,PROVISORIO,api_dine,si
2019,GENERAL,PRESIDENTE Y VICE,21,Santa Fe,12,80,25835,19058,FRENTE DE IZQUIERDA Y DE TRABAJADORES - UNIDAD,,agrupacion,118,PROVISORIO,api_dine,si
2019,GENERAL,PRESIDENTE Y VICE,21,Santa Fe,12,80,25835,19058,FRENTE DE TODOS,,agrupacion,8329,PROVISORIO,api_dine,si
2019,GENERAL,PRESIDENTE Y VICE,21,Santa Fe,12,80,25835,19058,CONSENSO FEDERAL,,agrupacion,795,PROVISORIO,api_dine,si
2019,GENERAL,PRESIDENTE Y VICE,21,Santa Fe,12,80,25835,19058,nulos,,nulos,205,PROVISORIO,api_dine,si
2019,GENERAL,PRESIDENTE Y VICE,21,Santa Fe,12,80,25835,19058,blancos,,blancos,102,PROVISORIO,api_dine,si
2019,GENERAL,PRESIDENTE Y VICE,21,Santa Fe,12,80,25835,19058,recurridos,,recurridos,12,PROVISORIO,api_dine,si
2019,GENERAL,PRESIDENTE Y VICE,21,Santa Fe,13,2979,1027023,818037,UNITE POR LA LIBERTAD Y LA DIGNIDAD,,agrupacion,16042,PROVISORIO,api_dine,si
2019,GENERAL,PRESIDENTE Y VICE,21,Santa Fe,13,2979,1027023,818037,CONSENSO FEDERAL,,agrupacion,84810,PROVISORIO,api_dine,si
2019,GENERAL,PRESIDENTE Y VICE,21,Santa Fe,13,2979,1027023,818037,FRENTE NOS,,agrupacion,12756,PROVISORIO,api_dine,si
2019,GENERAL,PRESIDENTE Y VICE,21,Santa Fe,13,2979,1027023,818037,FRENTE DE IZQUIERDA Y DE TRABAJADORES - UNIDAD,,agrupacion,14468,PROVISORIO,api_dine,si
2019,GENERAL,PRESIDENTE Y VICE,21,Santa Fe,13,2979,1027023,818037,JUNTOS POR EL CAMBIO,,agrupacion,299405,PROVISORIO,api_dine,si
2019,GENERAL,PRESIDENTE Y VICE,21,Santa Fe,13,2979,1027023,818037,FRENTE DE TODOS,,agrupacion,372803,PROVISORIO,api_dine,si
2019,GENERAL,PRESIDENTE Y VICE,21,Santa Fe,13,2979,1027023,818037,nulos,,nulos,11692,PROVISORIO,api_dine,si
2019,GENERAL,PRESIDENTE Y VICE,21,Santa Fe,13,2979,1027023,818037,blancos,,blancos,5213,PROVISORIO,api_dine,si
2019,GENERAL,PRESIDENTE Y VICE,21,Santa Fe,13,2979,1027023,818037,recurridos,,recurridos,848,PROVISORIO,api_dine,si
2019,GENERAL,PRESIDENTE Y VICE,21,Santa Fe,16,186,58782,44921,CONSENSO FEDERAL,,agrupacion,2607,PROVISORIO,api_dine,si
2019,GENERAL,PRESIDENTE Y VICE,21,Santa Fe,16,186,58782,44921,FRENTE DE TODOS,,agrupacion,18754,PROVISORIO,api_dine,si
2019,GENERAL,PRESIDENTE Y VICE,21,Santa Fe,16,186,58782,44921,JUNTOS POR EL CAMBIO,,agrupacion,21462,PROVISORIO,api_dine,si
2019,GENERAL,PRESIDENTE Y VICE,21,Santa Fe,16,186,58782,44921,UNITE POR LA LIBERTAD Y LA DIGNIDAD,,agrupacion,522,PROVISORIO,api_dine,si
2019,GENERAL,PRESIDENTE Y VICE,21,Santa Fe,16,186,58782,44921,FRENTE DE IZQUIERDA Y DE TRABAJADORES - UNIDAD,,agrupacion,342,PROVISORIO,api_dine,si
2019,GENERAL,PRESIDENTE Y VICE,21,Santa Fe,16,186,58782,44921,FRENTE NOS,,agrupacion,397,PROVISORIO,api_dine,si
2019,GENERAL,PRESIDENTE Y VICE,21,Santa Fe,16,186,58782,44921,nulos,,nulos,470,PROVISORIO,api_dine,si
2019,GENERAL,PRESIDENTE Y VICE,21,Santa Fe,16,186,58782,44921,blancos,,blancos,325,PROVISORIO,api_dine,si
2019,GENERAL,PRESIDENTE Y VICE,21,Santa Fe,16,186,58782,44921,recurridos,,recurridos,42,PROVISORIO,api_dine,si
2019,GENERAL,PRESIDENTE Y VICE,21,Santa Fe,17,85,26647,20361,FRENTE DE TODOS,,agrupacion,10337,PROVISORIO,api_dine,si
2019,GENERAL,PRESIDENTE Y VICE,21,Santa Fe,17,85,26647,20361,CONSENSO FEDERAL,,agrupacion,895,PROVISORIO,api_dine,si
2019,GENERAL,PRESIDENTE Y VICE,21,Santa Fe,17,85,26647,20361,FRENTE NOS,,agrupacion,150,PROVISORIO,api_dine,si
2019,GENERAL,PRESIDENTE Y VICE,21,Santa Fe,17,85,26647,20361,FRENTE DE IZQUIERDA Y DE TRABAJADORES - UNIDAD,,agrupacion,177,PROVISORIO,api_dine,si
2019,GENERAL,PRESIDENTE Y VICE,21,Santa Fe,17,85,26647,20361,JUNTOS POR EL CAMBIO,,agrupacion,8178,PROVISORIO,api_dine,si
2019,GENERAL,PRESIDENTE Y VICE,21,Santa Fe,17,85,26647,20361,UNITE POR LA LIBERTAD Y LA DIGNIDAD,,agrupacion,183,PROVISORIO,api_dine,si
2019,GENERAL,PRESIDENTE Y VICE,21,Santa Fe,17,85,26647,20361,nulos,,nulos,274,PROVISORIO,api_dine,si
2019,GENERAL,PRESIDENTE Y VICE,21,Santa Fe,17,85,26647,20361,blancos,,blancos,161,PROVISORIO,api_dine,si
2019,GENERAL,PRESIDENTE Y VICE,21,Santa Fe,17,85,26647,20361,recurridos,,recurridos,6,PROVISORIO,api_dine,si
2019,GENERAL,PRESIDENTE Y VICE,21,Santa Fe,18,209,68882,54585,JUNTOS POR EL CAMBIO,,agrupacion,23302,PROVISORIO,api_dine,si
2019,GENERAL,PRESIDENTE Y VICE,21,Santa Fe,18,209,68882,54585,CONSENSO FEDERAL,,agrupacion,4348,PROVISORIO,api_dine,si
2019,GENERAL,PRESIDENTE Y VICE,21,Santa Fe,18,209,68882,54585,FRENTE NOS,,agrupacion,773,PROVISORIO,api_dine,si
2019,GENERAL,PRESIDENTE Y VICE,21,Santa Fe,18,209,68882,54585,FRENTE DE IZQUIERDA Y DE TRABAJADORES - UNIDAD,,agrupacion,574,PROVISORIO,api_dine,si
2019,GENERAL,PRESIDENTE Y VICE,21,Santa Fe,18,209,68882,54585,UNITE POR LA LIBERTAD Y LA DIGNIDAD,,agrupacion,999,PROVISORIO,api_dine,si
2019,GENERAL,PRESIDENTE Y VICE,21,Santa Fe,18,209,68882,54585,FRENTE DE TODOS,,agrupacion,23516,PROVISORIO,api_dine,si
2019,GENERAL,PRESIDENTE Y VICE,21,Santa Fe,18,209,68882,54585,nulos,,nulos,633,PROVISORIO,api_dine,si
2019,GENERAL,PRESIDENTE Y VICE,21,Santa Fe,18,209,68882,54585,blancos,,blancos,406,PROVISORIO,api_dine,si
2019,GENERAL,PRESIDENTE Y VICE,21,Santa Fe,18,209,68882,54585,recurridos,,recurridos,34,PROVISORIO,api_dine,si
2019,GENERAL,PRESIDENTE Y VICE,21,Santa Fe,19,118,36526,28782,JUNTOS POR EL CAMBIO,,agrupacion,14666,PROVISORIO,api_dine,si
2019,GENERAL,PRESIDENTE Y VICE,21,Santa Fe,19,118,36526,28782,FRENTE NOS,,agrupacion,306,PROVISORIO,api_dine,si
2019,GENERAL,PRESIDENTE Y VICE,21,Santa Fe,19,118,36526,28782,FRENTE DE IZQUIERDA Y DE TRABAJADORES - UNIDAD,,agrupacion,232,PROVISORIO,api_dine,si
2019,GENERAL,PRESIDENTE Y VICE,21,Santa Fe,19,118,36526,28782,CONSENSO FEDERAL,,agrupacion,1897,PROVISORIO,api_dine,si
2019,GENERAL,PRESIDENTE Y VICE,21,Santa Fe,19,118,36526,28782,UNITE POR LA LIBERTAD Y LA DIGNIDAD,,agrupacion,405,PROVISORIO,api_dine,si
2019,GENERAL,PRESIDENTE Y VICE,21,Santa Fe,19,118,36526,28782,FRENTE DE TODOS,,agrupacion,10688,PROVISORIO,api_dine,si
2019,GENERAL,PRESIDENTE Y VICE,21,Santa Fe,19,118,36526,28782,nulos,,nulos,396,PROVISORIO,api_dine,si
2019,GENERAL,PRESIDENTE Y VICE,21,Santa Fe,19,118,36526,28782,blancos,,blancos,147,PROVISORIO,api_dine,si
2019,GENERAL,PRESIDENTE Y VICE,21,Santa Fe,19,118,36526,28782,recurridos,,recurridos,45,PROVISORIO,api_dine,si
2019,GENERAL,PRESIDENTE Y VICE,21,Santa Fe,20,428,147046,119809,JUNTOS POR EL CAMBIO,,agrupacion,44025,PROVISORIO,api_dine,si
2019,GENERAL,PRESIDENTE Y VICE,21,Santa Fe,20,428,147046,119809,FRENTE DE TODOS,,agrupacion,53798,PROVISORIO,api_dine,si
2019,GENERAL,PRESIDENTE Y VICE,21,Santa Fe,20,428,147046,119809,UNITE POR LA LIBERTAD Y LA DIGNIDAD,,agrupacion,2371,PROVISORIO,api_dine,si
2019,GENERAL,PRESIDENTE Y VICE,21,Santa Fe,20,428,147046,119809,CONSENSO FEDERAL,,agrupacion,12641,PROVISORIO,api_dine,si
2019,GENERAL,PRESIDENTE Y VICE,21,Santa Fe,20,428,147046,119809,FRENTE DE IZQUIERDA Y DE TRABAJADORES - UNIDAD,,agrupacion,1820,PROVISORIO,api_dine,si
2019,GENERAL,PRESIDENTE Y VICE,21,Santa Fe,20,428,147046,119809,FRENTE NOS,,agrupacion,2580,PROVISORIO,api_dine,si
2019,GENERAL,PRESIDENTE Y VICE,21,Santa Fe,20,428,147046,119809,nulos,,nulos,1750,PROVISORIO,api_dine,si
2019,GENERAL,PRESIDENTE Y VICE,21,Santa Fe,20,428,147046,119809,blancos,,blancos,737,PROVISORIO,api_dine,si
2019,GENERAL,PRESIDENTE Y VICE,21,Santa Fe,20,428,147046,119809,recurridos,,recurridos,87,PROVISORIO,api_dine,si
2019,GENERAL,PRESIDENTE Y VICE,21,Santa Fe,21,162,54297,43439,FRENTE DE TODOS,,agrupacion,14350,PROVISORIO,api_dine,si
2019,GENERAL,PRESIDENTE Y VICE,21,Santa Fe,21,162,54297,43439,CONSENSO FEDERAL,,agrupacion,3596,PROVISORIO,api_dine,si
2019,GENERAL,PRESIDENTE Y VICE,21,Santa Fe,21,162,54297,43439,FRENTE NOS,,agrupacion,693,PROVISORIO,api_dine,si
2019,GENERAL,PRESIDENTE Y VICE,21,Santa Fe,21,162,54297,43439,FRENTE DE IZQUIERDA Y DE TRABAJADORES - UNIDAD,,agrupacion,493,PROVISORIO,api_dine,si
2019,GENERAL,PRESIDENTE Y VICE,21,Santa Fe,21,162,54297,43439,UNITE POR LA LIBERTAD Y LA DIGNIDAD,,agrupacion,715,PROVISORIO,api_dine,si
2019,GENERAL,PRESIDENTE Y VICE,21,Santa Fe,21,162,54297,43439,JUNTOS POR EL CAMBIO,,agrupacion,22580,PROVISORIO,api_dine,si
2019,GENERAL,PRESIDENTE Y VICE,21,Santa Fe,21,162,54297,43439,nulos,,nulos,732,PROVISORIO,api_dine,si
2019,GENERAL,PRESIDENTE Y VICE,21,Santa Fe,21,162,54297,43439,blancos,,blancos,272,PROVISORIO,api_dine,si
2019,GENERAL,PRESIDENTE Y VICE,21,Santa Fe,21,162,54297,43439,recurridos,,recurridos,8,PROVISORIO,api_dine,si
2019,GENERAL,PRESIDENTE Y VICE,21,Santa Fe,22,142,44375,32981,CONSENSO FEDERAL,,agrupacion,1573,PROVISORIO,api_dine,si
2019,GENERAL,PRESIDENTE Y VICE,21,Santa Fe,22,142,44375,32981,FRENTE NOS,,agrupacion,260,PROVISORIO,api_dine,si
2019,GENERAL,PRESIDENTE Y VICE,21,Santa Fe,22,142,44375,32981,FRENTE DE IZQUIERDA Y DE TRABAJADORES - UNIDAD,,agrupacion,329,PROVISORIO,api_dine,si
2019,GENERAL,PRESIDENTE Y VICE,21,Santa Fe,22,142,44375,32981,UNITE POR LA LIBERTAD Y LA DIGNIDAD,,agrupacion,315,PROVISORIO,api_dine,si
2019,GENERAL,PRESIDENTE Y VICE,21,Santa Fe,22,142,44375,32981,JUNTOS POR EL CAMBIO,,agrupacion,12721,PROVISORIO,api_dine,si
2019,GENERAL,PRESIDENTE Y VICE,21,Santa Fe,22,142,44375,32981,FRENTE DE TODOS,,agrupacion,17208,PROVISORIO,api_dine,si
2019,GENERAL,PRESIDENTE Y VICE,21,Santa Fe,22,142,44375,32981,nulos,,nulos,377,PROVISORIO,api_dine,si
2019,GENERAL,PRESIDENTE Y VICE,21,Santa Fe,22,142,44375,32981,blancos,,blancos,173,PROVISORIO,api_dine,si
2019,GENERAL,PRESIDENTE Y VICE,21,Santa Fe,22,142,44375,32981,recurridos,,recurridos,25,PROVISORIO,api_dine,si
2023,PASO,PRESIDENTE Y VICE,21,Santa Fe,1,1330,457221,302840,JUNTOS POR EL CAMBIO,,agrupacion,96335,PROVISORIO,api_dine,si
2023,PASO,PRESIDENTE Y VICE,21,Santa Fe,1,1330,457221,302840,JUNTOS POR EL CAMBIO,B- LA FUERZA DEL CAMBIO,lista,59447,PROVISORIO,api_dine,si
2023,PASO,PRESIDENTE Y VICE,21,Santa Fe,1,1330,457221,302840,JUNTOS POR EL CAMBIO,A- EL CAMBIO DE NUESTRAS VIDAS,lista,36888,PROVISORIO,api_dine,si
2023,PASO,PRESIDENTE Y VICE,21,Santa Fe,1,1330,457221,302840,POLITICA OBRERA,,agrupacion,612,PROVISORIO,api_dine,si
2023,PASO,PRESIDENTE Y VICE,21,Santa Fe,1,1330,457221,302840,POLITICA OBRERA,A- UNIDAD OBRERA,lista,612,PROVISORIO,api_dine,si
2023,PASO,PRESIDENTE Y VICE,21,Santa Fe,1,1330,457221,302840,PRINCIPIOS Y VALORES,,agrupacion,4336,PROVISORIO,api_dine,si
2023,PASO,PRESIDENTE Y VICE,21,Santa Fe,1,1330,457221,302840,PRINCIPIOS Y VALORES,"1A- TIERRA, TECHO  Y TRABAJO",lista,4277,PROVISORIO,api_dine,si
2023,PASO,PRESIDENTE Y VICE,21,Santa Fe,1,1330,457221,302840,PRINCIPIOS Y VALORES,2B- TRANSFORMAR,lista,31,PROVISORIO,api_dine,si
2023,PASO,PRESIDENTE Y VICE,21,Santa Fe,1,1330,457221,302840,PRINCIPIOS Y VALORES,3C- TRES BANDERAS,lista,15,PROVISORIO,api_dine,si
2023,PASO,PRESIDENTE Y VICE,21,Santa Fe,1,1330,457221,302840,PRINCIPIOS Y VALORES,4D- GENTE DE TRABAJO,lista,3,PROVISORIO,api_dine,si
2023,PASO,PRESIDENTE Y VICE,21,Santa Fe,1,1330,457221,302840,PRINCIPIOS Y VALORES,5E- LABORISTA,lista,10,PROVISORIO,api_dine,si
2023,PASO,PRESIDENTE Y VICE,21,Santa Fe,1,1330,457221,302840,MOVIMIENTO AL SOCIALISMO,,agrupacion,894,PROVISORIO,api_dine,si
2023,PASO,PRESIDENTE Y VICE,21,Santa Fe,1,1330,457221,302840,MOVIMIENTO AL SOCIALISMO,A- IZQUIERDA ANTICAPITALISTA,lista,894,PROVISORIO,api_dine,si
2023,PASO,PRESIDENTE Y VICE,21,Santa Fe,1,1330,457221,302840,MOVIMIENTO DE ACCION VECINAL,,agrupacion,315,PROVISORIO,api_dine,si
2023,PASO,PRESIDENTE Y VICE,21,Santa Fe,1,1330,457221,302840,MOVIMIENTO DE ACCION VECINAL,A- COMPROMISO VECINAL,lista,315,PROVISORIO,api_dine,si
2023,PASO,PRESIDENTE Y VICE,21,Santa Fe,1,1330,457221,302840,UNION DEL CENTRO DEMOCRATICO,,agrupacion,131,PROVISORIO,api_dine,si
2023,PASO,PRESIDENTE Y VICE,21,Santa Fe,1,1330,457221,302840,UNION DEL CENTRO DEMOCRATICO,A- APERTURA LIBERAL ARGENTINA,lista,131,PROVISORIO,api_dine,si
2023,PASO,PRESIDENTE Y VICE,21,Santa Fe,1,1330,457221,302840,UNION POR LA PATRIA,,agrupacion,63690,PROVISORIO,api_dine,si
2023,PASO,PRESIDENTE Y VICE,21,Santa Fe,1,1330,457221,302840,UNION POR LA PATRIA,A- CELESTE Y BLANCA,lista,48056,PROVISORIO,api_dine,si
2023,PASO,PRESIDENTE Y VICE,21,Santa Fe,1,1330,457221,302840,UNION POR LA PATRIA,B- JUSTA Y SOBERANA,lista,15634,PROVISORIO,api_dine,si
2023,PASO,PRESIDENTE Y VICE,21,Santa Fe,1,1330,457221,302840,MOVIMIENTO IZQUIERDA JUVENTUD Y DIGNIDAD,,agrupacion,1054,PROVISORIO,api_dine,si
2023,PASO,PRESIDENTE Y VICE,21,Santa Fe,1,1330,457221,302840,MOVIMIENTO IZQUIERDA JUVENTUD Y DIGNIDAD,A- DIGNIDAD,lista,350,PROVISORIO,api_dine,si
2023,PASO,PRESIDENTE Y VICE,21,Santa Fe,1,1330,457221,302840,MOVIMIENTO IZQUIERDA JUVENTUD Y DIGNIDAD,B- CONFEDERAL,lista,704,PROVISORIO,api_dine,si
2023,PASO,PRESIDENTE Y VICE,21,Santa Fe,1,1330,457221,302840,HACEMOS POR NUESTRO PAIS,,agrupacion,8274,PROVISORIO,api_dine,si
2023,PASO,PRESIDENTE Y VICE,21,Santa Fe,1,1330,457221,302840,HACEMOS POR NUESTRO PAIS,A- HACEMOS,lista,8274,PROVISORIO,api_dine,si
2023,PASO,PRESIDENTE Y VICE,21,Santa Fe,1,1330,457221,302840,FRENTE LIBER.AR,,agrupacion,1031,PROVISORIO,api_dine,si
2023,PASO,PRESIDENTE Y VICE,21,Santa Fe,1,1330,457221,302840,FRENTE LIBER.AR,C- ANTICORRUPCIÓN,lista,391,PROVISORIO,api_dine,si
2023,PASO,PRESIDENTE Y VICE,21,Santa Fe,1,1330,457221,302840,FRENTE LIBER.AR,A- DEMOS,lista,386,PROVISORIO,api_dine,si
2023,PASO,PRESIDENTE Y VICE,21,Santa Fe,1,1330,457221,302840,FRENTE LIBER.AR,B- RECONQUISTA,lista,254,PROVISORIO,api_dine,si
2023,PASO,PRESIDENTE Y VICE,21,Santa Fe,1,1330,457221,302840,LA LIBERTAD AVANZA,,agrupacion,102896,PROVISORIO,api_dine,si
2023,PASO,PRESIDENTE Y VICE,21,Santa Fe,1,1330,457221,302840,LA LIBERTAD AVANZA,A- LIBERTAD POR SIEMPRE,lista,102896,PROVISORIO,api_dine,si
2023,PASO,PRESIDENTE Y VICE,21,Santa Fe,1,1330,457221,302840,FRENTE PATRIOTA FEDERAL,,agrupacion,453,PROVISORIO,api_dine,si
2023,PASO,PRESIDENTE Y VICE,21,Santa Fe,1,1330,457221,302840,FRENTE PATRIOTA FEDERAL,A- PRIMERO LA PATRIA,lista,453,PROVISORIO,api_dine,si
2023,PASO,PRESIDENTE Y VICE,21,Santa Fe,1,1330,457221,302840,PROYECTO JOVEN,,agrupacion,607,PROVISORIO,api_dine,si
2023,PASO,PRESIDENTE Y VICE,21,Santa Fe,1,1330,457221,302840,PROYECTO JOVEN,A- COALICION PAZ DEMOCRACIA SOBERANIA,lista,492,PROVISORIO,api_dine,si
2023,PASO,PRESIDENTE Y VICE,21,Santa Fe,1,1330,457221,302840,PROYECTO JOVEN,B- PATRIA UNIDA,lista,69,PROVISORIO,api_dine,si
2023,PASO,PRESIDENTE Y VICE,21,Santa Fe,1,1330,457221,302840,PROYECTO JOVEN,C- TODEX,lista,46,PROVISORIO,api_dine,si
2023,PASO,PRESIDENTE Y VICE,21,Santa Fe,1,1330,457221,302840,MOVIMIENTO LIBRES DEL SUR,,agrupacion,893,PROVISORIO,api_dine,si
2023,PASO,PRESIDENTE Y VICE,21,Santa Fe,1,1330,457221,302840,MOVIMIENTO LIBRES DEL SUR,A- AZUL Y ROJO,lista,893,PROVISORIO,api_dine,si
2023,PASO,PRESIDENTE Y VICE,21,Santa Fe,1,1330,457221,302840,FRENTE DE IZQUIERDA Y DE TRABAJADORES - UNIDAD,,agrupacion,4594,PROVISORIO,api_dine,si
2023,PASO,PRESIDENTE Y VICE,21,Santa Fe,1,1330,457221,302840,FRENTE DE IZQUIERDA Y DE TRABAJADORES - UNIDAD,A- UNIR Y FORTALECER LA IZQUIERDA,lista,3105,PROVISORIO,api_dine,si
2023,PASO,PRESIDENTE Y VICE,21,Santa Fe,1,1330,457221,302840,FRENTE DE IZQUIERDA Y DE TRABAJADORES - UNIDAD,B- UNIDAD DE LUCHADORES Y LA IZQUIERDA,lista,1489,PROVISORIO,api_dine,si
2023,PASO,PRESIDENTE Y VICE,21,Santa Fe,1,1330,457221,302840,nulos,,nulos,8059,PROVISORIO,api_dine,si
2023,PASO,PRESIDENTE Y VICE,21,Santa Fe,1,1330,457221,302840,blancos,,blancos,8497,PROVISORIO,api_dine,si
2023,PASO,PRESIDENTE Y VICE,21,Santa Fe,1,1330,457221,302840,recurridos,,recurridos,169,PROVISORIO,api_dine,si
2023,PASO,PRESIDENTE Y VICE,21,Santa Fe,2,282,91070,64990,PRINCIPIOS Y VALORES,,agrupacion,822,PROVISORIO,api_dine,si
2023,PASO,PRESIDENTE Y VICE,21,Santa Fe,2,282,91070,64990,PRINCIPIOS Y VALORES,3C- TRES BANDERAS,lista,3,PROVISORIO,api_dine,si
2023,PASO,PRESIDENTE Y VICE,21,Santa Fe,2,282,91070,64990,PRINCIPIOS Y VALORES,4D- GENTE DE TRABAJO,lista,0,PROVISORIO,api_dine,si
2023,PASO,PRESIDENTE Y VICE,21,Santa Fe,2,282,91070,64990,PRINCIPIOS Y VALORES,5E- LABORISTA,lista,0,PROVISORIO,api_dine,si
2023,PASO,PRESIDENTE Y VICE,21,Santa Fe,2,282,91070,64990,PRINCIPIOS Y VALORES,"1A- TIERRA, TECHO  Y TRABAJO",lista,818,PROVISORIO,api_dine,si
2023,PASO,PRESIDENTE Y VICE,21,Santa Fe,2,282,91070,64990,PRINCIPIOS Y VALORES,2B- TRANSFORMAR,lista,1,PROVISORIO,api_dine,si
2023,PASO,PRESIDENTE Y VICE,21,Santa Fe,2,282,91070,64990,UNION POR LA PATRIA,,agrupacion,7804,PROVISORIO,api_dine,si
2023,PASO,PRESIDENTE Y VICE,21,Santa Fe,2,282,91070,64990,UNION POR LA PATRIA,A- CELESTE Y BLANCA,lista,6356,PROVISORIO,api_dine,si
2023,PASO,PRESIDENTE Y VICE,21,Santa Fe,2,282,91070,64990,UNION POR LA PATRIA,B- JUSTA Y SOBERANA,lista,1448,PROVISORIO,api_dine,si
2023,PASO,PRESIDENTE Y VICE,21,Santa Fe,2,282,91070,64990,MOVIMIENTO IZQUIERDA JUVENTUD Y DIGNIDAD,,agrupacion,216,PROVISORIO,api_dine,si
2023,PASO,PRESIDENTE Y VICE,21,Santa Fe,2,282,91070,64990,MOVIMIENTO IZQUIERDA JUVENTUD Y DIGNIDAD,A- DIGNIDAD,lista,57,PROVISORIO,api_dine,si
2023,PASO,PRESIDENTE Y VICE,21,Santa Fe,2,282,91070,64990,MOVIMIENTO IZQUIERDA JUVENTUD Y DIGNIDAD,B- CONFEDERAL,lista,159,PROVISORIO,api_dine,si
2023,PASO,PRESIDENTE Y VICE,21,Santa Fe,2,282,91070,64990,UNION DEL CENTRO DEMOCRATICO,,agrupacion,0,PROVISORIO,api_dine,si
2023,PASO,PRESIDENTE Y VICE,21,Santa Fe,2,282,91070,64990,UNION DEL CENTRO DEMOCRATICO,A- APERTURA LIBERAL ARGENTINA,lista,0,PROVISORIO,api_dine,si
2023,PASO,PRESIDENTE Y VICE,21,Santa Fe,2,282,91070,64990,JUNTOS POR EL CAMBIO,,agrupacion,22325,PROVISORIO,api_dine,si
2023,PASO,PRESIDENTE Y VICE,21,Santa Fe,2,282,91070,64990,JUNTOS POR EL CAMBIO,B- LA FUERZA DEL CAMBIO,lista,14056,PROVISORIO,api_dine,si
2023,PASO,PRESIDENTE Y VICE,21,Santa Fe,2,282,91070,64990,JUNTOS POR EL CAMBIO,A- EL CAMBIO DE NUESTRAS VIDAS,lista,8269,PROVISORIO,api_dine,si
2023,PASO,PRESIDENTE Y VICE,21,Santa Fe,2,282,91070,64990,MOVIMIENTO AL SOCIALISMO,,agrupacion,169,PROVISORIO,api_dine,si
2023,PASO,PRESIDENTE Y VICE,21,Santa Fe,2,282,91070,64990,MOVIMIENTO AL SOCIALISMO,A- IZQUIERDA ANTICAPITALISTA,lista,169,PROVISORIO,api_dine,si
2023,PASO,PRESIDENTE Y VICE,21,Santa Fe,2,282,91070,64990,MOVIMIENTO DE ACCION VECINAL,,agrupacion,68,PROVISORIO,api_dine,si
2023,PASO,PRESIDENTE Y VICE,21,Santa Fe,2,282,91070,64990,MOVIMIENTO DE ACCION VECINAL,A- COMPROMISO VECINAL,lista,68,PROVISORIO,api_dine,si
2023,PASO,PRESIDENTE Y VICE,21,Santa Fe,2,282,91070,64990,POLITICA OBRERA,,agrupacion,112,PROVISORIO,api_dine,si
2023,PASO,PRESIDENTE Y VICE,21,Santa Fe,2,282,91070,64990,POLITICA OBRERA,A- UNIDAD OBRERA,lista,112,PROVISORIO,api_dine,si
2023,PASO,PRESIDENTE Y VICE,21,Santa Fe,2,282,91070,64990,MOVIMIENTO LIBRES DEL SUR,,agrupacion,133,PROVISORIO,api_dine,si
2023,PASO,PRESIDENTE Y VICE,21,Santa Fe,2,282,91070,64990,MOVIMIENTO LIBRES DEL SUR,A- AZUL Y ROJO,lista,133,PROVISORIO,api_dine,si
2023,PASO,PRESIDENTE Y VICE,21,Santa Fe,2,282,91070,64990,PROYECTO JOVEN,,agrupacion,71,PROVISORIO,api_dine,si
2023,PASO,PRESIDENTE Y VICE,21,Santa Fe,2,282,91070,64990,PROYECTO JOVEN,A- COALICION PAZ DEMOCRACIA SOBERANIA,lista,70,PROVISORIO,api_dine,si
2023,PASO,PRESIDENTE Y VICE,21,Santa Fe,2,282,91070,64990,PROYECTO JOVEN,B- PATRIA UNIDA,lista,1,PROVISORIO,api_dine,si
2023,PASO,PRESIDENTE Y VICE,21,Santa Fe,2,282,91070,64990,PROYECTO JOVEN,C- TODEX,lista,0,PROVISORIO,api_dine,si
2023,PASO,PRESIDENTE Y VICE,21,Santa Fe,2,282,91070,64990,FRENTE PATRIOTA FEDERAL,,agrupacion,0,PROVISORIO,api_dine,si
2023,PASO,PRESIDENTE Y VICE,21,Santa Fe,2,282,91070,64990,FRENTE PATRIOTA FEDERAL,A- PRIMERO LA PATRIA,lista,0,PROVISORIO,api_dine,si
2023,PASO,PRESIDENTE Y VICE,21,Santa Fe,2,282,91070,64990,LA LIBERTAD AVANZA,,agrupacion,26533,PROVISORIO,api_dine,si
2023,PASO,PRESIDENTE Y VICE,21,Santa Fe,2,282,91070,64990,LA LIBERTAD AVANZA,A- LIBERTAD POR SIEMPRE,lista,26533,PROVISORIO,api_dine,si
2023,PASO,PRESIDENTE Y VICE,21,Santa Fe,2,282,91070,64990,FRENTE LIBER.AR,,agrupacion,170,PROVISORIO,api_dine,si
2023,PASO,PRESIDENTE Y VICE,21,Santa Fe,2,282,91070,64990,FRENTE LIBER.AR,B- RECONQUISTA,lista,161,PROVISORIO,api_dine,si
2023,PASO,PRESIDENTE Y VICE,21,Santa Fe,2,282,91070,64990,FRENTE LIBER.AR,A- DEMOS,lista,7,PROVISORIO,api_dine,si
2023,PASO,PRESIDENTE Y VICE,21,Santa Fe,2,282,91070,64990,FRENTE LIBER.AR,C- ANTICORRUPCIÓN,lista,2,PROVISORIO,api_dine,si
2023,PASO,PRESIDENTE Y VICE,21,Santa Fe,2,282,91070,64990,FRENTE DE IZQUIERDA Y DE TRABAJADORES - UNIDAD,,agrupacion,444,PROVISORIO,api_dine,si
2023,PASO,PRESIDENTE Y VICE,21,Santa Fe,2,282,91070,64990,FRENTE DE IZQUIERDA Y DE TRABAJADORES - UNIDAD,A- UNIR Y FORTALECER LA IZQUIERDA,lista,337,PROVISORIO,api_dine,si
2023,PASO,PRESIDENTE Y VICE,21,Santa Fe,2,282,91070,64990,FRENTE DE IZQUIERDA Y DE TRABAJADORES - UNIDAD,B- UNIDAD DE LUCHADORES Y LA IZQUIERDA,lista,107,PROVISORIO,api_dine,si
2023,PASO,PRESIDENTE Y VICE,21,Santa Fe,2,282,91070,64990,HACEMOS POR NUESTRO PAIS,,agrupacion,2354,PROVISORIO,api_dine,si
2023,PASO,PRESIDENTE Y VICE,21,Santa Fe,2,282,91070,64990,HACEMOS POR NUESTRO PAIS,A- HACEMOS,lista,2354,PROVISORIO,api_dine,si
2023,PASO,PRESIDENTE Y VICE,21,Santa Fe,2,282,91070,64990,nulos,,nulos,1271,PROVISORIO,api_dine,si
2023,PASO,PRESIDENTE Y VICE,21,Santa Fe,2,282,91070,64990,blancos,,blancos,2403,PROVISORIO,api_dine,si
2023,PASO,PRESIDENTE Y VICE,21,Santa Fe,2,282,91070,64990,recurridos,,recurridos,95,PROVISORIO,api_dine,si
2023,PASO,PRESIDENTE Y VICE,21,Santa Fe,3,211,70162,48028,PRINCIPIOS Y VALORES,,agrupacion,549,PROVISORIO,api_dine,si
2023,PASO,PRESIDENTE Y VICE,21,Santa Fe,3,211,70162,48028,PRINCIPIOS Y VALORES,"1A- TIERRA, TECHO  Y TRABAJO",lista,549,PROVISORIO,api_dine,si
2023,PASO,PRESIDENTE Y VICE,21,Santa Fe,3,211,70162,48028,PRINCIPIOS Y VALORES,2B- TRANSFORMAR,lista,0,PROVISORIO,api_dine,si
2023,PASO,PRESIDENTE Y VICE,21,Santa Fe,3,211,70162,48028,PRINCIPIOS Y VALORES,3C- TRES BANDERAS,lista,0,PROVISORIO,api_dine,si
2023,PASO,PRESIDENTE Y VICE,21,Santa Fe,3,211,70162,48028,PRINCIPIOS Y VALORES,4D- GENTE DE TRABAJO,lista,0,PROVISORIO,api_dine,si
2023,PASO,PRESIDENTE Y VICE,21,Santa Fe,3,211,70162,48028,PRINCIPIOS Y VALORES,5E- LABORISTA,lista,0,PROVISORIO,api_dine,si
2023,PASO,PRESIDENTE Y VICE,21,Santa Fe,3,211,70162,48028,FRENTE PATRIOTA FEDERAL,,agrupacion,69,PROVISORIO,api_dine,si
2023,PASO,PRESIDENTE Y VICE,21,Santa Fe,3,211,70162,48028,FRENTE PATRIOTA FEDERAL,A- PRIMERO LA PATRIA,lista,69,PROVISORIO,api_dine,si
2023,PASO,PRESIDENTE Y VICE,21,Santa Fe,3,211,70162,48028,LA LIBERTAD AVANZA,,agrupacion,16850,PROVISORIO,api_dine,si
2023,PASO,PRESIDENTE Y VICE,21,Santa Fe,3,211,70162,48028,LA LIBERTAD AVANZA,A- LIBERTAD POR SIEMPRE,lista,16850,PROVISORIO,api_dine,si
2023,PASO,PRESIDENTE Y VICE,21,Santa Fe,3,211,70162,48028,FRENTE DE IZQUIERDA Y DE TRABAJADORES - UNIDAD,,agrupacion,498,PROVISORIO,api_dine,si
2023,PASO,PRESIDENTE Y VICE,21,Santa Fe,3,211,70162,48028,FRENTE DE IZQUIERDA Y DE TRABAJADORES - UNIDAD,A- UNIR Y FORTALECER LA IZQUIERDA,lista,316,PROVISORIO,api_dine,si
2023,PASO,PRESIDENTE Y VICE,21,Santa Fe,3,211,70162,48028,FRENTE DE IZQUIERDA Y DE TRABAJADORES - UNIDAD,B- UNIDAD DE LUCHADORES Y LA IZQUIERDA,lista,182,PROVISORIO,api_dine,si
2023,PASO,PRESIDENTE Y VICE,21,Santa Fe,3,211,70162,48028,JUNTOS POR EL CAMBIO,,agrupacion,14924,PROVISORIO,api_dine,si
2023,PASO,PRESIDENTE Y VICE,21,Santa Fe,3,211,70162,48028,JUNTOS POR EL CAMBIO,B- LA FUERZA DEL CAMBIO,lista,9216,PROVISORIO,api_dine,si
2023,PASO,PRESIDENTE Y VICE,21,Santa Fe,3,211,70162,48028,JUNTOS POR EL CAMBIO,A- EL CAMBIO DE NUESTRAS VIDAS,lista,5708,PROVISORIO,api_dine,si
2023,PASO,PRESIDENTE Y VICE,21,Santa Fe,3,211,70162,48028,HACEMOS POR NUESTRO PAIS,,agrupacion,2008,PROVISORIO,api_dine,si
2023,PASO,PRESIDENTE Y VICE,21,Santa Fe,3,211,70162,48028,HACEMOS POR NUESTRO PAIS,A- HACEMOS,lista,2008,PROVISORIO,api_dine,si
2023,PASO,PRESIDENTE Y VICE,21,Santa Fe,3,211,70162,48028,MOVIMIENTO LIBRES DEL SUR,,agrupacion,88,PROVISORIO,api_dine,si
2023,PASO,PRESIDENTE Y VICE,21,Santa Fe,3,211,70162,48028,MOVIMIENTO LIBRES DEL SUR,A- AZUL Y ROJO,lista,88,PROVISORIO,api_dine,si
2023,PASO,PRESIDENTE Y VICE,21,Santa Fe,3,211,70162,48028,MOVIMIENTO IZQUIERDA JUVENTUD Y DIGNIDAD,,agrupacion,151,PROVISORIO,api_dine,si
2023,PASO,PRESIDENTE Y VICE,21,Santa Fe,3,211,70162,48028,MOVIMIENTO IZQUIERDA JUVENTUD Y DIGNIDAD,A- DIGNIDAD,lista,36,PROVISORIO,api_dine,si
2023,PASO,PRESIDENTE Y VICE,21,Santa Fe,3,211,70162,48028,MOVIMIENTO IZQUIERDA JUVENTUD Y DIGNIDAD,B- CONFEDERAL,lista,115,PROVISORIO,api_dine,si
2023,PASO,PRESIDENTE Y VICE,21,Santa Fe,3,211,70162,48028,POLITICA OBRERA,,agrupacion,82,PROVISORIO,api_dine,si
2023,PASO,PRESIDENTE Y VICE,21,Santa Fe,3,211,70162,48028,POLITICA OBRERA,A- UNIDAD OBRERA,lista,82,PROVISORIO,api_dine,si
2023,PASO,PRESIDENTE Y VICE,21,Santa Fe,3,211,70162,48028,MOVIMIENTO AL SOCIALISMO,,agrupacion,143,PROVISORIO,api_dine,si
2023,PASO,PRESIDENTE Y VICE,21,Santa Fe,3,211,70162,48028,MOVIMIENTO AL SOCIALISMO,A- IZQUIERDA ANTICAPITALISTA,lista,143,PROVISORIO,api_dine,si
2023,PASO,PRESIDENTE Y VICE,21,Santa Fe,3,211,70162,48028,PROYECTO JOVEN,,agrupacion,66,PROVISORIO,api_dine,si
2023,PASO,PRESIDENTE Y VICE,21,Santa Fe,3,211,70162,48028,PROYECTO JOVEN,A- COALICION PAZ DEMOCRACIA SOBERANIA,lista,23,PROVISORIO,api_dine,si
2023,PASO,PRESIDENTE Y VICE,21,Santa Fe,3,211,70162,48028,PROYECTO JOVEN,B- PATRIA UNIDA,lista,16,PROVISORIO,api_dine,si
2023,PASO,PRESIDENTE Y VICE,21,Santa Fe,3,211,70162,48028,PROYECTO JOVEN,C- TODEX,lista,27,PROVISORIO,api_dine,si
2023,PASO,PRESIDENTE Y VICE,21,Santa Fe,3,211,70162,48028,UNION POR LA PATRIA,,agrupacion,9260,PROVISORIO,api_dine,si
2023,PASO,PRESIDENTE Y VICE,21,Santa Fe,3,211,70162,48028,UNION POR LA PATRIA,A- CELESTE Y BLANCA,lista,7759,PROVISORIO,api_dine,si
2023,PASO,PRESIDENTE Y VICE,21,Santa Fe,3,211,70162,48028,UNION POR LA PATRIA,B- JUSTA Y SOBERANA,lista,1501,PROVISORIO,api_dine,si
2023,PASO,PRESIDENTE Y VICE,21,Santa Fe,3,211,70162,48028,UNION DEL CENTRO DEMOCRATICO,,agrupacion,90,PROVISORIO,api_dine,si
2023,PASO,PRESIDENTE Y VICE,21,Santa Fe,3,211,70162,48028,UNION DEL CENTRO DEMOCRATICO,A- APERTURA LIBERAL ARGENTINA,lista,90,PROVISORIO,api_dine,si
2023,PASO,PRESIDENTE Y VICE,21,Santa Fe,3,211,70162,48028,MOVIMIENTO DE ACCION VECINAL,,agrupacion,70,PROVISORIO,api_dine,si
2023,PASO,PRESIDENTE Y VICE,21,Santa Fe,3,211,70162,48028,MOVIMIENTO DE ACCION VECINAL,A- COMPROMISO VECINAL,lista,70,PROVISORIO,api_dine,si
2023,PASO,PRESIDENTE Y VICE,21,Santa Fe,3,211,70162,48028,FRENTE LIBER.AR,,agrupacion,181,PROVISORIO,api_dine,si
2023,PASO,PRESIDENTE Y VICE,21,Santa Fe,3,211,70162,48028,FRENTE LIBER.AR,A- DEMOS,lista,12,PROVISORIO,api_dine,si
2023,PASO,PRESIDENTE Y VICE,21,Santa Fe,3,211,70162,48028,FRENTE LIBER.AR,B- RECONQUISTA,lista,103,PROVISORIO,api_dine,si
2023,PASO,PRESIDENTE Y VICE,21,Santa Fe,3,211,70162,48028,FRENTE LIBER.AR,C- ANTICORRUPCIÓN,lista,66,PROVISORIO,api_dine,si
2023,PASO,PRESIDENTE Y VICE,21,Santa Fe,3,211,70162,48028,nulos,,nulos,998,PROVISORIO,api_dine,si
2023,PASO,PRESIDENTE Y VICE,21,Santa Fe,3,211,70162,48028,blancos,,blancos,1936,PROVISORIO,api_dine,si
2023,PASO,PRESIDENTE Y VICE,21,Santa Fe,3,211,70162,48028,recurridos,,recurridos,65,PROVISORIO,api_dine,si
2023,PASO,PRESIDENTE Y VICE,21,Santa Fe,4,62,19882,12692,UNION POR LA PATRIA,,agrupacion,2914,PROVISORIO,api_dine,si
2023,PASO,PRESIDENTE Y VICE,21,Santa Fe,4,62,19882,12692,UNION POR LA PATRIA,B- JUSTA Y SOBERANA,lista,344,PROVISORIO,api_dine,si
2023,PASO,PRESIDENTE Y VICE,21,Santa Fe,4,62,19882,12692,UNION POR LA PATRIA,A- CELESTE Y BLANCA,lista,2570,PROVISORIO,api_dine,si
2023,PASO,PRESIDENTE Y VICE,21,Santa Fe,4,62,19882,12692,PRINCIPIOS Y VALORES,,agrupacion,82,PROVISORIO,api_dine,si
2023,PASO,PRESIDENTE Y VICE,21,Santa Fe,4,62,19882,12692,PRINCIPIOS Y VALORES,"1A- TIERRA, TECHO  Y TRABAJO",lista,81,PROVISORIO,api_dine,si
2023,PASO,PRESIDENTE Y VICE,21,Santa Fe,4,62,19882,12692,PRINCIPIOS Y VALORES,2B- TRANSFORMAR,lista,1,PROVISORIO,api_dine,si
2023,PASO,PRESIDENTE Y VICE,21,Santa Fe,4,62,19882,12692,PRINCIPIOS Y VALORES,3C- TRES BANDERAS,lista,0,PROVISORIO,api_dine,si
2023,PASO,PRESIDENTE Y VICE,21,Santa Fe,4,62,19882,12692,PRINCIPIOS Y VALORES,4D- GENTE DE TRABAJO,lista,0,PROVISORIO,api_dine,si
2023,PASO,PRESIDENTE Y VICE,21,Santa Fe,4,62,19882,12692,PRINCIPIOS Y VALORES,5E- LABORISTA,lista,0,PROVISORIO,api_dine,si
2023,PASO,PRESIDENTE Y VICE,21,Santa Fe,4,62,19882,12692,UNION DEL CENTRO DEMOCRATICO,,agrupacion,23,PROVISORIO,api_dine,si
2023,PASO,PRESIDENTE Y VICE,21,Santa Fe,4,62,19882,12692,UNION DEL CENTRO DEMOCRATICO,A- APERTURA LIBERAL ARGENTINA,lista,23,PROVISORIO,api_dine,si
2023,PASO,PRESIDENTE Y VICE,21,Santa Fe,4,62,19882,12692,MOVIMIENTO DE ACCION VECINAL,,agrupacion,20,PROVISORIO,api_dine,si
2023,PASO,PRESIDENTE Y VICE,21,Santa Fe,4,62,19882,12692,MOVIMIENTO DE ACCION VECINAL,A- COMPROMISO VECINAL,lista,20,PROVISORIO,api_dine,si
2023,PASO,PRESIDENTE Y VICE,21,Santa Fe,4,62,19882,12692,LA LIBERTAD AVANZA,,agrupacion,4924,PROVISORIO,api_dine,si
2023,PASO,PRESIDENTE Y VICE,21,Santa Fe,4,62,19882,12692,LA LIBERTAD AVANZA,A- LIBERTAD POR SIEMPRE,lista,4924,PROVISORIO,api_dine,si
2023,PASO,PRESIDENTE Y VICE,21,Santa Fe,4,62,19882,12692,FRENTE DE IZQUIERDA Y DE TRABAJADORES - UNIDAD,,agrupacion,83,PROVISORIO,api_dine,si
2023,PASO,PRESIDENTE Y VICE,21,Santa Fe,4,62,19882,12692,FRENTE DE IZQUIERDA Y DE TRABAJADORES - UNIDAD,B- UNIDAD DE LUCHADORES Y LA IZQUIERDA,lista,34,PROVISORIO,api_dine,si
2023,PASO,PRESIDENTE Y VICE,21,Santa Fe,4,62,19882,12692,FRENTE DE IZQUIERDA Y DE TRABAJADORES - UNIDAD,A- UNIR Y FORTALECER LA IZQUIERDA,lista,49,PROVISORIO,api_dine,si
2023,PASO,PRESIDENTE Y VICE,21,Santa Fe,4,62,19882,12692,MOVIMIENTO AL SOCIALISMO,,agrupacion,29,PROVISORIO,api_dine,si
2023,PASO,PRESIDENTE Y VICE,21,Santa Fe,4,62,19882,12692,MOVIMIENTO AL SOCIALISMO,A- IZQUIERDA ANTICAPITALISTA,lista,29,PROVISORIO,api_dine,si
2023,PASO,PRESIDENTE Y VICE,21,Santa Fe,4,62,19882,12692,MOVIMIENTO LIBRES DEL SUR,,agrupacion,19,PROVISORIO,api_dine,si
2023,PASO,PRESIDENTE Y VICE,21,Santa Fe,4,62,19882,12692,MOVIMIENTO LIBRES DEL SUR,A- AZUL Y ROJO,lista,19,PROVISORIO,api_dine,si
2023,PASO,PRESIDENTE Y VICE,21,Santa Fe,4,62,19882,12692,POLITICA OBRERA,,agrupacion,26,PROVISORIO,api_dine,si
2023,PASO,PRESIDENTE Y VICE,21,Santa Fe,4,62,19882,12692,POLITICA OBRERA,A- UNIDAD OBRERA,lista,26,PROVISORIO,api_dine,si
2023,PASO,PRESIDENTE Y VICE,21,Santa Fe,4,62,19882,12692,JUNTOS POR EL CAMBIO,,agrupacion,3381,PROVISORIO,api_dine,si
2023,PASO,PRESIDENTE Y VICE,21,Santa Fe,4,62,19882,12692,JUNTOS POR EL CAMBIO,B- LA FUERZA DEL CAMBIO,lista,2347,PROVISORIO,api_dine,si
2023,PASO,PRESIDENTE Y VICE,21,Santa Fe,4,62,19882,12692,JUNTOS POR EL CAMBIO,A- EL CAMBIO DE NUESTRAS VIDAS,lista,1034,PROVISORIO,api_dine,si
2023,PASO,PRESIDENTE Y VICE,21,Santa Fe,4,62,19882,12692,MOVIMIENTO IZQUIERDA JUVENTUD Y DIGNIDAD,,agrupacion,40,PROVISORIO,api_dine,si
2023,PASO,PRESIDENTE Y VICE,21,Santa Fe,4,62,19882,12692,MOVIMIENTO IZQUIERDA JUVENTUD Y DIGNIDAD,A- DIGNIDAD,lista,13,PROVISORIO,api_dine,si
2023,PASO,PRESIDENTE Y VICE,21,Santa Fe,4,62,19882,12692,MOVIMIENTO IZQUIERDA JUVENTUD Y DIGNIDAD,B- CONFEDERAL,lista,27,PROVISORIO,api_dine,si
2023,PASO,PRESIDENTE Y VICE,21,Santa Fe,4,62,19882,12692,FRENTE PATRIOTA FEDERAL,,agrupacion,14,PROVISORIO,api_dine,si
2023,PASO,PRESIDENTE Y VICE,21,Santa Fe,4,62,19882,12692,FRENTE PATRIOTA FEDERAL,A- PRIMERO LA PATRIA,lista,14,PROVISORIO,api_dine,si
2023,PASO,PRESIDENTE Y VICE,21,Santa Fe,4,62,19882,12692,FRENTE LIBER.AR,,agrupacion,48,PROVISORIO,api_dine,si
2023,PASO,PRESIDENTE Y VICE,21,Santa Fe,4,62,19882,12692,FRENTE LIBER.AR,A- DEMOS,lista,2,PROVISORIO,api_dine,si
2023,PASO,PRESIDENTE Y VICE,21,Santa Fe,4,62,19882,12692,FRENTE LIBER.AR,B- RECONQUISTA,lista,46,PROVISORIO,api_dine,si
2023,PASO,PRESIDENTE Y VICE,21,Santa Fe,4,62,19882,12692,FRENTE LIBER.AR,C- ANTICORRUPCIÓN,lista,0,PROVISORIO,api_dine,si
2023,PASO,PRESIDENTE Y VICE,21,Santa Fe,4,62,19882,12692,PROYECTO JOVEN,,agrupacion,11,PROVISORIO,api_dine,si
2023,PASO,PRESIDENTE Y VICE,21,Santa Fe,4,62,19882,12692,PROYECTO JOVEN,A- COALICION PAZ DEMOCRACIA SOBERANIA,lista,11,PROVISORIO,api_dine,si
2023,PASO,PRESIDENTE Y VICE,21,Santa Fe,4,62,19882,12692,PROYECTO JOVEN,B- PATRIA UNIDA,lista,0,PROVISORIO,api_dine,si
2023,PASO,PRESIDENTE Y VICE,21,Santa Fe,4,62,19882,12692,PROYECTO JOVEN,C- TODEX,lista,0,PROVISORIO,api_dine,si
2023,PASO,PRESIDENTE Y VICE,21,Santa Fe,4,62,19882,12692,HACEMOS POR NUESTRO PAIS,,agrupacion,235,PROVISORIO,api_dine,si
2023,PASO,PRESIDENTE Y VICE,21,Santa Fe,4,62,19882,12692,HACEMOS POR NUESTRO PAIS,A- HACEMOS,lista,235,PROVISORIO,api_dine,si
2023,PASO,PRESIDENTE Y VICE,21,Santa Fe,4,62,19882,12692,nulos,,nulos,311,PROVISORIO,api_dine,si
2023,PASO,PRESIDENTE Y VICE,21,Santa Fe,4,62,19882,12692,blancos,,blancos,519,PROVISORIO,api_dine,si
2023,PASO,PRESIDENTE Y VICE,21,Santa Fe,4,62,19882,12692,recurridos,,recurridos,13,PROVISORIO,api_dine,si
2023,PASO,PRESIDENTE Y VICE,21,Santa Fe,5,459,150694,104265,UNION POR LA PATRIA,,agrupacion,14386,PROVISORIO,api_dine,si
2023,PASO,PRESIDENTE Y VICE,21,Santa Fe,5,459,150694,104265,UNION POR LA PATRIA,B- JUSTA Y SOBERANA,lista,3076,PROVISORIO,api_dine,si
2023,PASO,PRESIDENTE Y VICE,21,Santa Fe,5,459,150694,104265,UNION POR LA PATRIA,A- CELESTE Y BLANCA,lista,11310,PROVISORIO,api_dine,si
2023,PASO,PRESIDENTE Y VICE,21,Santa Fe,5,459,150694,104265,UNION DEL CENTRO DEMOCRATICO,,agrupacion,1,PROVISORIO,api_dine,si
2023,PASO,PRESIDENTE Y VICE,21,Santa Fe,5,459,150694,104265,UNION DEL CENTRO DEMOCRATICO,A- APERTURA LIBERAL ARGENTINA,lista,1,PROVISORIO,api_dine,si
2023,PASO,PRESIDENTE Y VICE,21,Santa Fe,5,459,150694,104265,PROYECTO JOVEN,,agrupacion,1,PROVISORIO,api_dine,si
2023,PASO,PRESIDENTE Y VICE,21,Santa Fe,5,459,150694,104265,PROYECTO JOVEN,A- COALICION PAZ DEMOCRACIA SOBERANIA,lista,0,PROVISORIO,api_dine,si
2023,PASO,PRESIDENTE Y VICE,21,Santa Fe,5,459,150694,104265,PROYECTO JOVEN,B- PATRIA UNIDA,lista,1,PROVISORIO,api_dine,si
2023,PASO,PRESIDENTE Y VICE,21,Santa Fe,5,459,150694,104265,PROYECTO JOVEN,C- TODEX,lista,0,PROVISORIO,api_dine,si
2023,PASO,PRESIDENTE Y VICE,21,Santa Fe,5,459,150694,104265,MOVIMIENTO DE ACCION VECINAL,,agrupacion,119,PROVISORIO,api_dine,si
2023,PASO,PRESIDENTE Y VICE,21,Santa Fe,5,459,150694,104265,MOVIMIENTO DE ACCION VECINAL,A- COMPROMISO VECINAL,lista,119,PROVISORIO,api_dine,si
2023,PASO,PRESIDENTE Y VICE,21,Santa Fe,5,459,150694,104265,HACEMOS POR NUESTRO PAIS,,agrupacion,8562,PROVISORIO,api_dine,si
2023,PASO,PRESIDENTE Y VICE,21,Santa Fe,5,459,150694,104265,HACEMOS POR NUESTRO PAIS,A- HACEMOS,lista,8562,PROVISORIO,api_dine,si
2023,PASO,PRESIDENTE Y VICE,21,Santa Fe,5,459,150694,104265,FRENTE LIBER.AR,,agrupacion,210,PROVISORIO,api_dine,si
2023,PASO,PRESIDENTE Y VICE,21,Santa Fe,5,459,150694,104265,FRENTE LIBER.AR,A- DEMOS,lista,161,PROVISORIO,api_dine,si
2023,PASO,PRESIDENTE Y VICE,21,Santa Fe,5,459,150694,104265,FRENTE LIBER.AR,B- RECONQUISTA,lista,4,PROVISORIO,api_dine,si
2023,PASO,PRESIDENTE Y VICE,21,Santa Fe,5,459,150694,104265,FRENTE LIBER.AR,C- ANTICORRUPCIÓN,lista,45,PROVISORIO,api_dine,si
2023,PASO,PRESIDENTE Y VICE,21,Santa Fe,5,459,150694,104265,JUNTOS POR EL CAMBIO,,agrupacion,36144,PROVISORIO,api_dine,si
2023,PASO,PRESIDENTE Y VICE,21,Santa Fe,5,459,150694,104265,JUNTOS POR EL CAMBIO,B- LA FUERZA DEL CAMBIO,lista,23280,PROVISORIO,api_dine,si
2023,PASO,PRESIDENTE Y VICE,21,Santa Fe,5,459,150694,104265,JUNTOS POR EL CAMBIO,A- EL CAMBIO DE NUESTRAS VIDAS,lista,12864,PROVISORIO,api_dine,si
2023,PASO,PRESIDENTE Y VICE,21,Santa Fe,5,459,150694,104265,LA LIBERTAD AVANZA,,agrupacion,36592,PROVISORIO,api_dine,si
2023,PASO,PRESIDENTE Y VICE,21,Santa Fe,5,459,150694,104265,LA LIBERTAD AVANZA,A- LIBERTAD POR SIEMPRE,lista,36592,PROVISORIO,api_dine,si
2023,PASO,PRESIDENTE Y VICE,21,Santa Fe,5,459,150694,104265,MOVIMIENTO LIBRES DEL SUR,,agrupacion,189,PROVISORIO,api_dine,si
2023,PASO,PRESIDENTE Y VICE,21,Santa Fe,5,459,150694,104265,MOVIMIENTO LIBRES DEL SUR,A- AZUL Y ROJO,lista,189,PROVISORIO,api_dine,si
2023,PASO,PRESIDENTE Y VICE,21,Santa Fe,5,459,150694,104265,POLITICA OBRERA,,agrupacion,153,PROVISORIO,api_dine,si
2023,PASO,PRESIDENTE Y VICE,21,Santa Fe,5,459,150694,104265,POLITICA OBRERA,A- UNIDAD OBRERA,lista,153,PROVISORIO,api_dine,si
2023,PASO,PRESIDENTE Y VICE,21,Santa Fe,5,459,150694,104265,FRENTE PATRIOTA FEDERAL,,agrupacion,7,PROVISORIO,api_dine,si
2023,PASO,PRESIDENTE Y VICE,21,Santa Fe,5,459,150694,104265,FRENTE PATRIOTA FEDERAL,A- PRIMERO LA PATRIA,lista,7,PROVISORIO,api_dine,si
2023,PASO,PRESIDENTE Y VICE,21,Santa Fe,5,459,150694,104265,PRINCIPIOS Y VALORES,,agrupacion,775,PROVISORIO,api_dine,si
2023,PASO,PRESIDENTE Y VICE,21,Santa Fe,5,459,150694,104265,PRINCIPIOS Y VALORES,"1A- TIERRA, TECHO  Y TRABAJO",lista,772,PROVISORIO,api_dine,si
2023,PASO,PRESIDENTE Y VICE,21,Santa Fe,5,459,150694,104265,PRINCIPIOS Y VALORES,2B- TRANSFORMAR,lista,3,PROVISORIO,api_dine,si
2023,PASO,PRESIDENTE Y VICE,21,Santa Fe,5,459,150694,104265,PRINCIPIOS Y VALORES,3C- TRES BANDERAS,lista,0,PROVISORIO,api_dine,si
2023,PASO,PRESIDENTE Y VICE,21,Santa Fe,5,459,150694,104265,PRINCIPIOS Y VALORES,4D- GENTE DE TRABAJO,lista,0,PROVISORIO,api_dine,si
2023,PASO,PRESIDENTE Y VICE,21,Santa Fe,5,459,150694,104265,PRINCIPIOS Y VALORES,5E- LABORISTA,lista,0,PROVISORIO,api_dine,si
2023,PASO,PRESIDENTE Y VICE,21,Santa Fe,5,459,150694,104265,MOVIMIENTO IZQUIERDA JUVENTUD Y DIGNIDAD,,agrupacion,322,PROVISORIO,api_dine,si
2023,PASO,PRESIDENTE Y VICE,21,Santa Fe,5,459,150694,104265,MOVIMIENTO IZQUIERDA JUVENTUD Y DIGNIDAD,A- DIGNIDAD,lista,103,PROVISORIO,api_dine,si
2023,PASO,PRESIDENTE Y VICE,21,Santa Fe,5,459,150694,104265,MOVIMIENTO IZQUIERDA JUVENTUD Y DIGNIDAD,B- CONFEDERAL,lista,219,PROVISORIO,api_dine,si
2023,PASO,PRESIDENTE Y VICE,21,Santa Fe,5,459,150694,104265,MOVIMIENTO AL SOCIALISMO,,agrupacion,264,PROVISORIO,api_dine,si
2023,PASO,PRESIDENTE Y VICE,21,Santa Fe,5,459,150694,104265,MOVIMIENTO AL SOCIALISMO,A- IZQUIERDA ANTICAPITALISTA,lista,264,PROVISORIO,api_dine,si
2023,PASO,PRESIDENTE Y VICE,21,Santa Fe,5,459,150694,104265,FRENTE DE IZQUIERDA Y DE TRABAJADORES - UNIDAD,,agrupacion,845,PROVISORIO,api_dine,si
2023,PASO,PRESIDENTE Y VICE,21,Santa Fe,5,459,150694,104265,FRENTE DE IZQUIERDA Y DE TRABAJADORES - UNIDAD,A- UNIR Y FORTALECER LA IZQUIERDA,lista,655,PROVISORIO,api_dine,si
2023,PASO,PRESIDENTE Y VICE,21,Santa Fe,5,459,150694,104265,FRENTE DE IZQUIERDA Y DE TRABAJADORES - UNIDAD,B- UNIDAD DE LUCHADORES Y LA IZQUIERDA,lista,190,PROVISORIO,api_dine,si
2023,PASO,PRESIDENTE Y VICE,21,Santa Fe,5,459,150694,104265,nulos,,nulos,2224,PROVISORIO,api_dine,si
2023,PASO,PRESIDENTE Y VICE,21,Santa Fe,5,459,150694,104265,blancos,,blancos,3401,PROVISORIO,api_dine,si
2023,PASO,PRESIDENTE Y VICE,21,Santa Fe,5,459,150694,104265,recurridos,,recurridos,70,PROVISORIO,api_dine,si
2023,PASO,PRESIDENTE Y VICE,21,Santa Fe,6,165,55220,38367,FRENTE PATRIOTA FEDERAL,,agrupacion,52,PROVISORIO,api_dine,si
2023,PASO,PRESIDENTE Y VICE,21,Santa Fe,6,165,55220,38367,FRENTE PATRIOTA FEDERAL,A- PRIMERO LA PATRIA,lista,52,PROVISORIO,api_dine,si
2023,PASO,PRESIDENTE Y VICE,21,Santa Fe,6,165,55220,38367,UNION DEL CENTRO DEMOCRATICO,,agrupacion,70,PROVISORIO,api_dine,si
2023,PASO,PRESIDENTE Y VICE,21,Santa Fe,6,165,55220,38367,UNION DEL CENTRO DEMOCRATICO,A- APERTURA LIBERAL ARGENTINA,lista,70,PROVISORIO,api_dine,si
2023,PASO,PRESIDENTE Y VICE,21,Santa Fe,6,165,55220,38367,MOVIMIENTO IZQUIERDA JUVENTUD Y DIGNIDAD,,agrupacion,83,PROVISORIO,api_dine,si
2023,PASO,PRESIDENTE Y VICE,21,Santa Fe,6,165,55220,38367,MOVIMIENTO IZQUIERDA JUVENTUD Y DIGNIDAD,A- DIGNIDAD,lista,33,PROVISORIO,api_dine,si
2023,PASO,PRESIDENTE Y VICE,21,Santa Fe,6,165,55220,38367,MOVIMIENTO IZQUIERDA JUVENTUD Y DIGNIDAD,B- CONFEDERAL,lista,50,PROVISORIO,api_dine,si
2023,PASO,PRESIDENTE Y VICE,21,Santa Fe,6,165,55220,38367,UNION POR LA PATRIA,,agrupacion,4940,PROVISORIO,api_dine,si
2023,PASO,PRESIDENTE Y VICE,21,Santa Fe,6,165,55220,38367,UNION POR LA PATRIA,A- CELESTE Y BLANCA,lista,3996,PROVISORIO,api_dine,si
2023,PASO,PRESIDENTE Y VICE,21,Santa Fe,6,165,55220,38367,UNION POR LA PATRIA,B- JUSTA Y SOBERANA,lista,944,PROVISORIO,api_dine,si
2023,PASO,PRESIDENTE Y VICE,21,Santa Fe,6,165,55220,38367,MOVIMIENTO LIBRES DEL SUR,,agrupacion,189,PROVISORIO,api_dine,si
2023,PASO,PRESIDENTE Y VICE,21,Santa Fe,6,165,55220,38367,MOVIMIENTO LIBRES DEL SUR,A- AZUL Y ROJO,lista,189,PROVISORIO,api_dine,si
2023,PASO,PRESIDENTE Y VICE,21,Santa Fe,6,165,55220,38367,PROYECTO JOVEN,,agrupacion,31,PROVISORIO,api_dine,si
2023,PASO,PRESIDENTE Y VICE,21,Santa Fe,6,165,55220,38367,PROYECTO JOVEN,A- COALICION PAZ DEMOCRACIA SOBERANIA,lista,19,PROVISORIO,api_dine,si
2023,PASO,PRESIDENTE Y VICE,21,Santa Fe,6,165,55220,38367,PROYECTO JOVEN,B- PATRIA UNIDA,lista,3,PROVISORIO,api_dine,si
2023,PASO,PRESIDENTE Y VICE,21,Santa Fe,6,165,55220,38367,PROYECTO JOVEN,C- TODEX,lista,9,PROVISORIO,api_dine,si
2023,PASO,PRESIDENTE Y VICE,21,Santa Fe,6,165,55220,38367,HACEMOS POR NUESTRO PAIS,,agrupacion,2902,PROVISORIO,api_dine,si
2023,PASO,PRESIDENTE Y VICE,21,Santa Fe,6,165,55220,38367,HACEMOS POR NUESTRO PAIS,A- HACEMOS,lista,2902,PROVISORIO,api_dine,si
2023,PASO,PRESIDENTE Y VICE,21,Santa Fe,6,165,55220,38367,FRENTE LIBER.AR,,agrupacion,116,PROVISORIO,api_dine,si
2023,PASO,PRESIDENTE Y VICE,21,Santa Fe,6,165,55220,38367,FRENTE LIBER.AR,C- ANTICORRUPCIÓN,lista,46,PROVISORIO,api_dine,si
2023,PASO,PRESIDENTE Y VICE,21,Santa Fe,6,165,55220,38367,FRENTE LIBER.AR,B- RECONQUISTA,lista,65,PROVISORIO,api_dine,si
2023,PASO,PRESIDENTE Y VICE,21,Santa Fe,6,165,55220,38367,FRENTE LIBER.AR,A- DEMOS,lista,5,PROVISORIO,api_dine,si
2023,PASO,PRESIDENTE Y VICE,21,Santa Fe,6,165,55220,38367,MOVIMIENTO DE ACCION VECINAL,,agrupacion,39,PROVISORIO,api_dine,si
2023,PASO,PRESIDENTE Y VICE,21,Santa Fe,6,165,55220,38367,MOVIMIENTO DE ACCION VECINAL,A- COMPROMISO VECINAL,lista,39,PROVISORIO,api_dine,si
2023,PASO,PRESIDENTE Y VICE,21,Santa Fe,6,165,55220,38367,MOVIMIENTO AL SOCIALISMO,,agrupacion,96,PROVISORIO,api_dine,si
2023,PASO,PRESIDENTE Y VICE,21,Santa Fe,6,165,55220,38367,MOVIMIENTO AL SOCIALISMO,A- IZQUIERDA ANTICAPITALISTA,lista,96,PROVISORIO,api_dine,si
2023,PASO,PRESIDENTE Y VICE,21,Santa Fe,6,165,55220,38367,POLITICA OBRERA,,agrupacion,68,PROVISORIO,api_dine,si
2023,PASO,PRESIDENTE Y VICE,21,Santa Fe,6,165,55220,38367,POLITICA OBRERA,A- UNIDAD OBRERA,lista,68,PROVISORIO,api_dine,si
2023,PASO,PRESIDENTE Y VICE,21,Santa Fe,6,165,55220,38367,PRINCIPIOS Y VALORES,,agrupacion,373,PROVISORIO,api_dine,si
2023,PASO,PRESIDENTE Y VICE,21,Santa Fe,6,165,55220,38367,PRINCIPIOS Y VALORES,"1A- TIERRA, TECHO  Y TRABAJO",lista,366,PROVISORIO,api_dine,si
2023,PASO,PRESIDENTE Y VICE,21,Santa Fe,6,165,55220,38367,PRINCIPIOS Y VALORES,2B- TRANSFORMAR,lista,0,PROVISORIO,api_dine,si
2023,PASO,PRESIDENTE Y VICE,21,Santa Fe,6,165,55220,38367,PRINCIPIOS Y VALORES,3C- TRES BANDERAS,lista,1,PROVISORIO,api_dine,si
2023,PASO,PRESIDENTE Y VICE,21,Santa Fe,6,165,55220,38367,PRINCIPIOS Y VALORES,4D- GENTE DE TRABAJO,lista,0,PROVISORIO,api_dine,si
2023,PASO,PRESIDENTE Y VICE,21,Santa Fe,6,165,55220,38367,PRINCIPIOS Y VALORES,5E- LABORISTA,lista,6,PROVISORIO,api_dine,si
2023,PASO,PRESIDENTE Y VICE,21,Santa Fe,6,165,55220,38367,FRENTE DE IZQUIERDA Y DE TRABAJADORES - UNIDAD,,agrupacion,278,PROVISORIO,api_dine,si
2023,PASO,PRESIDENTE Y VICE,21,Santa Fe,6,165,55220,38367,FRENTE DE IZQUIERDA Y DE TRABAJADORES - UNIDAD,A- UNIR Y FORTALECER LA IZQUIERDA,lista,224,PROVISORIO,api_dine,si
2023,PASO,PRESIDENTE Y VICE,21,Santa Fe,6,165,55220,38367,FRENTE DE IZQUIERDA Y DE TRABAJADORES - UNIDAD,B- UNIDAD DE LUCHADORES Y LA IZQUIERDA,lista,54,PROVISORIO,api_dine,si
2023,PASO,PRESIDENTE Y VICE,21,Santa Fe,6,165,55220,38367,LA LIBERTAD AVANZA,,agrupacion,14829,PROVISORIO,api_dine,si
2023,PASO,PRESIDENTE Y VICE,21,Santa Fe,6,165,55220,38367,LA LIBERTAD AVANZA,A- LIBERTAD POR SIEMPRE,lista,14829,PROVISORIO,api_dine,si
2023,PASO,PRESIDENTE Y VICE,21,Santa Fe,6,165,55220,38367,JUNTOS POR EL CAMBIO,,agrupacion,11930,PROVISORIO,api_dine,si
2023,PASO,PRESIDENTE Y VICE,21,Santa Fe,6,165,55220,38367,JUNTOS POR EL CAMBIO,A- EL CAMBIO DE NUESTRAS VIDAS,lista,4620,PROVISORIO,api_dine,si
2023,PASO,PRESIDENTE Y VICE,21,Santa Fe,6,165,55220,38367,JUNTOS POR EL CAMBIO,B- LA FUERZA DEL CAMBIO,lista,7310,PROVISORIO,api_dine,si
2023,PASO,PRESIDENTE Y VICE,21,Santa Fe,6,165,55220,38367,nulos,,nulos,920,PROVISORIO,api_dine,si
2023,PASO,PRESIDENTE Y VICE,21,Santa Fe,6,165,55220,38367,blancos,,blancos,1419,PROVISORIO,api_dine,si
2023,PASO,PRESIDENTE Y VICE,21,Santa Fe,6,165,55220,38367,recurridos,,recurridos,32,PROVISORIO,api_dine,si
2023,PASO,PRESIDENTE Y VICE,21,Santa Fe,7,189,60546,37057,POLITICA OBRERA,,agrupacion,71,PROVISORIO,api_dine,si
2023,PASO,PRESIDENTE Y VICE,21,Santa Fe,7,189,60546,37057,POLITICA OBRERA,A- UNIDAD OBRERA,lista,71,PROVISORIO,api_dine,si
2023,PASO,PRESIDENTE Y VICE,21,Santa Fe,7,189,60546,37057,MOVIMIENTO AL SOCIALISMO,,agrupacion,93,PROVISORIO,api_dine,si
2023,PASO,PRESIDENTE Y VICE,21,Santa Fe,7,189,60546,37057,MOVIMIENTO AL SOCIALISMO,A- IZQUIERDA ANTICAPITALISTA,lista,93,PROVISORIO,api_dine,si
2023,PASO,PRESIDENTE Y VICE,21,Santa Fe,7,189,60546,37057,UNION POR LA PATRIA,,agrupacion,6703,PROVISORIO,api_dine,si
2023,PASO,PRESIDENTE Y VICE,21,Santa Fe,7,189,60546,37057,UNION POR LA PATRIA,A- CELESTE Y BLANCA,lista,5851,PROVISORIO,api_dine,si
2023,PASO,PRESIDENTE Y VICE,21,Santa Fe,7,189,60546,37057,UNION POR LA PATRIA,B- JUSTA Y SOBERANA,lista,852,PROVISORIO,api_dine,si
2023,PASO,PRESIDENTE Y VICE,21,Santa Fe,7,189,60546,37057,UNION DEL CENTRO DEMOCRATICO,,agrupacion,0,PROVISORIO,api_dine,si
2023,PASO,PRESIDENTE Y VICE,21,Santa Fe,7,189,60546,37057,UNION DEL CENTRO DEMOCRATICO,A- APERTURA LIBERAL ARGENTINA,lista,0,PROVISORIO,api_dine,si
2023,PASO,PRESIDENTE Y VICE,21,Santa Fe,7,189,60546,37057,HACEMOS POR NUESTRO PAIS,,agrupacion,2389,PROVISORIO,api_dine,si
2023,PASO,PRESIDENTE Y VICE,21,Santa Fe,7,189,60546,37057,HACEMOS POR NUESTRO PAIS,A- HACEMOS,lista,2389,PROVISORIO,api_dine,si
2023,PASO,PRESIDENTE Y VICE,21,Santa Fe,7,189,60546,37057,FRENTE PATRIOTA FEDERAL,,agrupacion,2,PROVISORIO,api_dine,si
2023,PASO,PRESIDENTE Y VICE,21,Santa Fe,7,189,60546,37057,FRENTE PATRIOTA FEDERAL,A- PRIMERO LA PATRIA,lista,2,PROVISORIO,api_dine,si
2023,PASO,PRESIDENTE Y VICE,21,Santa Fe,7,189,60546,37057,MOVIMIENTO DE ACCION VECINAL,,agrupacion,53,PROVISORIO,api_dine,si
2023,PASO,PRESIDENTE Y VICE,21,Santa Fe,7,189,60546,37057,MOVIMIENTO DE ACCION VECINAL,A- COMPROMISO VECINAL,lista,53,PROVISORIO,api_dine,si
2023,PASO,PRESIDENTE Y VICE,21,Santa Fe,7,189,60546,37057,PRINCIPIOS Y VALORES,,agrupacion,224,PROVISORIO,api_dine,si
2023,PASO,PRESIDENTE Y VICE,21,Santa Fe,7,189,60546,37057,PRINCIPIOS Y VALORES,"1A- TIERRA, TECHO  Y TRABAJO",lista,218,PROVISORIO,api_dine,si
2023,PASO,PRESIDENTE Y VICE,21,Santa Fe,7,189,60546,37057,PRINCIPIOS Y VALORES,2B- TRANSFORMAR,lista,3,PROVISORIO,api_dine,si
2023,PASO,PRESIDENTE Y VICE,21,Santa Fe,7,189,60546,37057,PRINCIPIOS Y VALORES,3C- TRES BANDERAS,lista,1,PROVISORIO,api_dine,si
2023,PASO,PRESIDENTE Y VICE,21,Santa Fe,7,189,60546,37057,PRINCIPIOS Y VALORES,4D- GENTE DE TRABAJO,lista,2,PROVISORIO,api_dine,si
2023,PASO,PRESIDENTE Y VICE,21,Santa Fe,7,189,60546,37057,PRINCIPIOS Y VALORES,5E- LABORISTA,lista,0,PROVISORIO,api_dine,si
2023,PASO,PRESIDENTE Y VICE,21,Santa Fe,7,189,60546,37057,FRENTE LIBER.AR,,agrupacion,84,PROVISORIO,api_dine,si
2023,PASO,PRESIDENTE Y VICE,21,Santa Fe,7,189,60546,37057,FRENTE LIBER.AR,A- DEMOS,lista,52,PROVISORIO,api_dine,si
2023,PASO,PRESIDENTE Y VICE,21,Santa Fe,7,189,60546,37057,FRENTE LIBER.AR,B- RECONQUISTA,lista,0,PROVISORIO,api_dine,si
2023,PASO,PRESIDENTE Y VICE,21,Santa Fe,7,189,60546,37057,FRENTE LIBER.AR,C- ANTICORRUPCIÓN,lista,32,PROVISORIO,api_dine,si
2023,PASO,PRESIDENTE Y VICE,21,Santa Fe,7,189,60546,37057,LA LIBERTAD AVANZA,,agrupacion,13018,PROVISORIO,api_dine,si
2023,PASO,PRESIDENTE Y VICE,21,Santa Fe,7,189,60546,37057,LA LIBERTAD AVANZA,A- LIBERTAD POR SIEMPRE,lista,13018,PROVISORIO,api_dine,si
2023,PASO,PRESIDENTE Y VICE,21,Santa Fe,7,189,60546,37057,FRENTE DE IZQUIERDA Y DE TRABAJADORES - UNIDAD,,agrupacion,341,PROVISORIO,api_dine,si
2023,PASO,PRESIDENTE Y VICE,21,Santa Fe,7,189,60546,37057,FRENTE DE IZQUIERDA Y DE TRABAJADORES - UNIDAD,A- UNIR Y FORTALECER LA IZQUIERDA,lista,298,PROVISORIO,api_dine,si
2023,PASO,PRESIDENTE Y VICE,21,Santa Fe,7,189,60546,37057,FRENTE DE IZQUIERDA Y DE TRABAJADORES - UNIDAD,B- UNIDAD DE LUCHADORES Y LA IZQUIERDA,lista,43,PROVISORIO,api_dine,si
2023,PASO,PRESIDENTE Y VICE,21,Santa Fe,7,189,60546,37057,PROYECTO JOVEN,,agrupacion,0,PROVISORIO,api_dine,si
2023,PASO,PRESIDENTE Y VICE,21,Santa Fe,7,189,60546,37057,PROYECTO JOVEN,A- COALICION PAZ DEMOCRACIA SOBERANIA,lista,0,PROVISORIO,api_dine,si
2023,PASO,PRESIDENTE Y VICE,21,Santa Fe,7,189,60546,37057,PROYECTO JOVEN,B- PATRIA UNIDA,lista,0,PROVISORIO,api_dine,si
2023,PASO,PRESIDENTE Y VICE,21,Santa Fe,7,189,60546,37057,PROYECTO JOVEN,C- TODEX,lista,0,PROVISORIO,api_dine,si
2023,PASO,PRESIDENTE Y VICE,21,Santa Fe,7,189,60546,37057,MOVIMIENTO LIBRES DEL SUR,,agrupacion,67,PROVISORIO,api_dine,si
2023,PASO,PRESIDENTE Y VICE,21,Santa Fe,7,189,60546,37057,MOVIMIENTO LIBRES DEL SUR,A- AZUL Y ROJO,lista,67,PROVISORIO,api_dine,si
2023,PASO,PRESIDENTE Y VICE,21,Santa Fe,7,189,60546,37057,JUNTOS POR EL CAMBIO,,agrupacion,11679,PROVISORIO,api_dine,si
2023,PASO,PRESIDENTE Y VICE,21,Santa Fe,7,189,60546,37057,JUNTOS POR EL CAMBIO,A- EL CAMBIO DE NUESTRAS VIDAS,lista,5898,PROVISORIO,api_dine,si
2023,PASO,PRESIDENTE Y VICE,21,Santa Fe,7,189,60546,37057,JUNTOS POR EL CAMBIO,B- LA FUERZA DEL CAMBIO,lista,5781,PROVISORIO,api_dine,si
2023,PASO,PRESIDENTE Y VICE,21,Santa Fe,7,189,60546,37057,MOVIMIENTO IZQUIERDA JUVENTUD Y DIGNIDAD,,agrupacion,100,PROVISORIO,api_dine,si
2023,PASO,PRESIDENTE Y VICE,21,Santa Fe,7,189,60546,37057,MOVIMIENTO IZQUIERDA JUVENTUD Y DIGNIDAD,A- DIGNIDAD,lista,38,PROVISORIO,api_dine,si
2023,PASO,PRESIDENTE Y VICE,21,Santa Fe,7,189,60546,37057,MOVIMIENTO IZQUIERDA JUVENTUD Y DIGNIDAD,B- CONFEDERAL,lista,62,PROVISORIO,api_dine,si
2023,PASO,PRESIDENTE Y VICE,21,Santa Fe,7,189,60546,37057,nulos,,nulos,667,PROVISORIO,api_dine,si
2023,PASO,PRESIDENTE Y VICE,21,Santa Fe,7,189,60546,37057,blancos,,blancos,1506,PROVISORIO,api_dine,si
2023,PASO,PRESIDENTE Y VICE,21,Santa Fe,7,189,60546,37057,recurridos,,recurridos,60,PROVISORIO,api_dine,si
2023,PASO,PRESIDENTE Y VICE,21,Santa Fe,8,117,37209,25443,FRENTE LIBER.AR,,agrupacion,83,PROVISORIO,api_dine,si
2023,PASO,PRESIDENTE Y VICE,21,Santa Fe,8,117,37209,25443,FRENTE LIBER.AR,B- RECONQUISTA,lista,72,PROVISORIO,api_dine,si
2023,PASO,PRESIDENTE Y VICE,21,Santa Fe,8,117,37209,25443,FRENTE LIBER.AR,C- ANTICORRUPCIÓN,lista,0,PROVISORIO,api_dine,si
2023,PASO,PRESIDENTE Y VICE,21,Santa Fe,8,117,37209,25443,FRENTE LIBER.AR,A- DEMOS,lista,11,PROVISORIO,api_dine,si
2023,PASO,PRESIDENTE Y VICE,21,Santa Fe,8,117,37209,25443,FRENTE PATRIOTA FEDERAL,,agrupacion,0,PROVISORIO,api_dine,si
2023,PASO,PRESIDENTE Y VICE,21,Santa Fe,8,117,37209,25443,FRENTE PATRIOTA FEDERAL,A- PRIMERO LA PATRIA,lista,0,PROVISORIO,api_dine,si
2023,PASO,PRESIDENTE Y VICE,21,Santa Fe,8,117,37209,25443,MOVIMIENTO IZQUIERDA JUVENTUD Y DIGNIDAD,,agrupacion,77,PROVISORIO,api_dine,si
2023,PASO,PRESIDENTE Y VICE,21,Santa Fe,8,117,37209,25443,MOVIMIENTO IZQUIERDA JUVENTUD Y DIGNIDAD,A- DIGNIDAD,lista,23,PROVISORIO,api_dine,si
2023,PASO,PRESIDENTE Y VICE,21,Santa Fe,8,117,37209,25443,MOVIMIENTO IZQUIERDA JUVENTUD Y DIGNIDAD,B- CONFEDERAL,lista,54,PROVISORIO,api_dine,si
2023,PASO,PRESIDENTE Y VICE,21,Santa Fe,8,117,37209,25443,MOVIMIENTO AL SOCIALISMO,,agrupacion,68,PROVISORIO,api_dine,si
2023,PASO,PRESIDENTE Y VICE,21,Santa Fe,8,117,37209,25443,MOVIMIENTO AL SOCIALISMO,A- IZQUIERDA ANTICAPITALISTA,lista,68,PROVISORIO,api_dine,si
2023,PASO,PRESIDENTE Y VICE,21,Santa Fe,8,117,37209,25443,FRENTE DE IZQUIERDA Y DE TRABAJADORES - UNIDAD,,agrupacion,153,PROVISORIO,api_dine,si
2023,PASO,PRESIDENTE Y VICE,21,Santa Fe,8,117,37209,25443,FRENTE DE IZQUIERDA Y DE TRABAJADORES - UNIDAD,A- UNIR Y FORTALECER LA IZQUIERDA,lista,110,PROVISORIO,api_dine,si
2023,PASO,PRESIDENTE Y VICE,21,Santa Fe,8,117,37209,25443,FRENTE DE IZQUIERDA Y DE TRABAJADORES - UNIDAD,B- UNIDAD DE LUCHADORES Y LA IZQUIERDA,lista,43,PROVISORIO,api_dine,si
2023,PASO,PRESIDENTE Y VICE,21,Santa Fe,8,117,37209,25443,HACEMOS POR NUESTRO PAIS,,agrupacion,1043,PROVISORIO,api_dine,si
2023,PASO,PRESIDENTE Y VICE,21,Santa Fe,8,117,37209,25443,HACEMOS POR NUESTRO PAIS,A- HACEMOS,lista,1043,PROVISORIO,api_dine,si
2023,PASO,PRESIDENTE Y VICE,21,Santa Fe,8,117,37209,25443,MOVIMIENTO LIBRES DEL SUR,,agrupacion,134,PROVISORIO,api_dine,si
2023,PASO,PRESIDENTE Y VICE,21,Santa Fe,8,117,37209,25443,MOVIMIENTO LIBRES DEL SUR,A- AZUL Y ROJO,lista,134,PROVISORIO,api_dine,si
2023,PASO,PRESIDENTE Y VICE,21,Santa Fe,8,117,37209,25443,LA LIBERTAD AVANZA,,agrupacion,9107,PROVISORIO,api_dine,si
2023,PASO,PRESIDENTE Y VICE,21,Santa Fe,8,117,37209,25443,LA LIBERTAD AVANZA,A- LIBERTAD POR SIEMPRE,lista,9107,PROVISORIO,api_dine,si
2023,PASO,PRESIDENTE Y VICE,21,Santa Fe,8,117,37209,25443,POLITICA OBRERA,,agrupacion,37,PROVISORIO,api_dine,si
2023,PASO,PRESIDENTE Y VICE,21,Santa Fe,8,117,37209,25443,POLITICA OBRERA,A- UNIDAD OBRERA,lista,37,PROVISORIO,api_dine,si
2023,PASO,PRESIDENTE Y VICE,21,Santa Fe,8,117,37209,25443,JUNTOS POR EL CAMBIO,,agrupacion,8780,PROVISORIO,api_dine,si
2023,PASO,PRESIDENTE Y VICE,21,Santa Fe,8,117,37209,25443,JUNTOS POR EL CAMBIO,A- EL CAMBIO DE NUESTRAS VIDAS,lista,4536,PROVISORIO,api_dine,si
2023,PASO,PRESIDENTE Y VICE,21,Santa Fe,8,117,37209,25443,JUNTOS POR EL CAMBIO,B- LA FUERZA DEL CAMBIO,lista,4244,PROVISORIO,api_dine,si
2023,PASO,PRESIDENTE Y VICE,21,Santa Fe,8,117,37209,25443,MOVIMIENTO DE ACCION VECINAL,,agrupacion,36,PROVISORIO,api_dine,si
2023,PASO,PRESIDENTE Y VICE,21,Santa Fe,8,117,37209,25443,MOVIMIENTO DE ACCION VECINAL,A- COMPROMISO VECINAL,lista,36,PROVISORIO,api_dine,si
2023,PASO,PRESIDENTE Y VICE,21,Santa Fe,8,117,37209,25443,PROYECTO JOVEN,,agrupacion,26,PROVISORIO,api_dine,si
2023,PASO,PRESIDENTE Y VICE,21,Santa Fe,8,117,37209,25443,PROYECTO JOVEN,A- COALICION PAZ DEMOCRACIA SOBERANIA,lista,24,PROVISORIO,api_dine,si
2023,PASO,PRESIDENTE Y VICE,21,Santa Fe,8,117,37209,25443,PROYECTO JOVEN,B- PATRIA UNIDA,lista,2,PROVISORIO,api_dine,si
2023,PASO,PRESIDENTE Y VICE,21,Santa Fe,8,117,37209,25443,PROYECTO JOVEN,C- TODEX,lista,0,PROVISORIO,api_dine,si
2023,PASO,PRESIDENTE Y VICE,21,Santa Fe,8,117,37209,25443,UNION DEL CENTRO DEMOCRATICO,,agrupacion,0,PROVISORIO,api_dine,si
2023,PASO,PRESIDENTE Y VICE,21,Santa Fe,8,117,37209,25443,UNION DEL CENTRO DEMOCRATICO,A- APERTURA LIBERAL ARGENTINA,lista,0,PROVISORIO,api_dine,si
2023,PASO,PRESIDENTE Y VICE,21,Santa Fe,8,117,37209,25443,PRINCIPIOS Y VALORES,,agrupacion,208,PROVISORIO,api_dine,si
2023,PASO,PRESIDENTE Y VICE,21,Santa Fe,8,117,37209,25443,PRINCIPIOS Y VALORES,"1A- TIERRA, TECHO  Y TRABAJO",lista,207,PROVISORIO,api_dine,si
2023,PASO,PRESIDENTE Y VICE,21,Santa Fe,8,117,37209,25443,PRINCIPIOS Y VALORES,2B- TRANSFORMAR,lista,1,PROVISORIO,api_dine,si
2023,PASO,PRESIDENTE Y VICE,21,Santa Fe,8,117,37209,25443,PRINCIPIOS Y VALORES,3C- TRES BANDERAS,lista,0,PROVISORIO,api_dine,si
2023,PASO,PRESIDENTE Y VICE,21,Santa Fe,8,117,37209,25443,PRINCIPIOS Y VALORES,4D- GENTE DE TRABAJO,lista,0,PROVISORIO,api_dine,si
2023,PASO,PRESIDENTE Y VICE,21,Santa Fe,8,117,37209,25443,PRINCIPIOS Y VALORES,5E- LABORISTA,lista,0,PROVISORIO,api_dine,si
2023,PASO,PRESIDENTE Y VICE,21,Santa Fe,8,117,37209,25443,UNION POR LA PATRIA,,agrupacion,4226,PROVISORIO,api_dine,si
2023,PASO,PRESIDENTE Y VICE,21,Santa Fe,8,117,37209,25443,UNION POR LA PATRIA,A- CELESTE Y BLANCA,lista,3639,PROVISORIO,api_dine,si
2023,PASO,PRESIDENTE Y VICE,21,Santa Fe,8,117,37209,25443,UNION POR LA PATRIA,B- JUSTA Y SOBERANA,lista,587,PROVISORIO,api_dine,si
2023,PASO,PRESIDENTE Y VICE,21,Santa Fe,8,117,37209,25443,nulos,,nulos,514,PROVISORIO,api_dine,si
2023,PASO,PRESIDENTE Y VICE,21,Santa Fe,8,117,37209,25443,blancos,,blancos,948,PROVISORIO,api_dine,si
2023,PASO,PRESIDENTE Y VICE,21,Santa Fe,8,117,37209,25443,recurridos,,recurridos,3,PROVISORIO,api_dine,si
2023,PASO,PRESIDENTE Y VICE,21,Santa Fe,9,464,153894,102231,UNION POR LA PATRIA,,agrupacion,22634,PROVISORIO,api_dine,si
2023,PASO,PRESIDENTE Y VICE,21,Santa Fe,9,464,153894,102231,UNION POR LA PATRIA,A- CELESTE Y BLANCA,lista,19423,PROVISORIO,api_dine,si
2023,PASO,PRESIDENTE Y VICE,21,Santa Fe,9,464,153894,102231,UNION POR LA PATRIA,B- JUSTA Y SOBERANA,lista,3211,PROVISORIO,api_dine,si
2023,PASO,PRESIDENTE Y VICE,21,Santa Fe,9,464,153894,102231,MOVIMIENTO DE ACCION VECINAL,,agrupacion,168,PROVISORIO,api_dine,si
2023,PASO,PRESIDENTE Y VICE,21,Santa Fe,9,464,153894,102231,MOVIMIENTO DE ACCION VECINAL,A- COMPROMISO VECINAL,lista,168,PROVISORIO,api_dine,si
2023,PASO,PRESIDENTE Y VICE,21,Santa Fe,9,464,153894,102231,PROYECTO JOVEN,,agrupacion,53,PROVISORIO,api_dine,si
2023,PASO,PRESIDENTE Y VICE,21,Santa Fe,9,464,153894,102231,PROYECTO JOVEN,A- COALICION PAZ DEMOCRACIA SOBERANIA,lista,52,PROVISORIO,api_dine,si
2023,PASO,PRESIDENTE Y VICE,21,Santa Fe,9,464,153894,102231,PROYECTO JOVEN,B- PATRIA UNIDA,lista,1,PROVISORIO,api_dine,si
2023,PASO,PRESIDENTE Y VICE,21,Santa Fe,9,464,153894,102231,PROYECTO JOVEN,C- TODEX,lista,0,PROVISORIO,api_dine,si
2023,PASO,PRESIDENTE Y VICE,21,Santa Fe,9,464,153894,102231,JUNTOS POR EL CAMBIO,,agrupacion,29655,PROVISORIO,api_dine,si
2023,PASO,PRESIDENTE Y VICE,21,Santa Fe,9,464,153894,102231,JUNTOS POR EL CAMBIO,B- LA FUERZA DEL CAMBIO,lista,19386,PROVISORIO,api_dine,si
2023,PASO,PRESIDENTE Y VICE,21,Santa Fe,9,464,153894,102231,JUNTOS POR EL CAMBIO,A- EL CAMBIO DE NUESTRAS VIDAS,lista,10269,PROVISORIO,api_dine,si
2023,PASO,PRESIDENTE Y VICE,21,Santa Fe,9,464,153894,102231,POLITICA OBRERA,,agrupacion,245,PROVISORIO,api_dine,si
2023,PASO,PRESIDENTE Y VICE,21,Santa Fe,9,464,153894,102231,POLITICA OBRERA,A- UNIDAD OBRERA,lista,245,PROVISORIO,api_dine,si
2023,PASO,PRESIDENTE Y VICE,21,Santa Fe,9,464,153894,102231,LA LIBERTAD AVANZA,,agrupacion,37073,PROVISORIO,api_dine,si
2023,PASO,PRESIDENTE Y VICE,21,Santa Fe,9,464,153894,102231,LA LIBERTAD AVANZA,A- LIBERTAD POR SIEMPRE,lista,37073,PROVISORIO,api_dine,si
2023,PASO,PRESIDENTE Y VICE,21,Santa Fe,9,464,153894,102231,FRENTE PATRIOTA FEDERAL,,agrupacion,194,PROVISORIO,api_dine,si
2023,PASO,PRESIDENTE Y VICE,21,Santa Fe,9,464,153894,102231,FRENTE PATRIOTA FEDERAL,A- PRIMERO LA PATRIA,lista,194,PROVISORIO,api_dine,si
2023,PASO,PRESIDENTE Y VICE,21,Santa Fe,9,464,153894,102231,FRENTE DE IZQUIERDA Y DE TRABAJADORES - UNIDAD,,agrupacion,902,PROVISORIO,api_dine,si
2023,PASO,PRESIDENTE Y VICE,21,Santa Fe,9,464,153894,102231,FRENTE DE IZQUIERDA Y DE TRABAJADORES - UNIDAD,A- UNIR Y FORTALECER LA IZQUIERDA,lista,500,PROVISORIO,api_dine,si
2023,PASO,PRESIDENTE Y VICE,21,Santa Fe,9,464,153894,102231,FRENTE DE IZQUIERDA Y DE TRABAJADORES - UNIDAD,B- UNIDAD DE LUCHADORES Y LA IZQUIERDA,lista,402,PROVISORIO,api_dine,si
2023,PASO,PRESIDENTE Y VICE,21,Santa Fe,9,464,153894,102231,UNION DEL CENTRO DEMOCRATICO,,agrupacion,124,PROVISORIO,api_dine,si
2023,PASO,PRESIDENTE Y VICE,21,Santa Fe,9,464,153894,102231,UNION DEL CENTRO DEMOCRATICO,A- APERTURA LIBERAL ARGENTINA,lista,124,PROVISORIO,api_dine,si
2023,PASO,PRESIDENTE Y VICE,21,Santa Fe,9,464,153894,102231,MOVIMIENTO LIBRES DEL SUR,,agrupacion,343,PROVISORIO,api_dine,si
2023,PASO,PRESIDENTE Y VICE,21,Santa Fe,9,464,153894,102231,MOVIMIENTO LIBRES DEL SUR,A- AZUL Y ROJO,lista,343,PROVISORIO,api_dine,si
2023,PASO,PRESIDENTE Y VICE,21,Santa Fe,9,464,153894,102231,MOVIMIENTO AL SOCIALISMO,,agrupacion,314,PROVISORIO,api_dine,si
2023,PASO,PRESIDENTE Y VICE,21,Santa Fe,9,464,153894,102231,MOVIMIENTO AL SOCIALISMO,A- IZQUIERDA ANTICAPITALISTA,lista,314,PROVISORIO,api_dine,si
2023,PASO,PRESIDENTE Y VICE,21,Santa Fe,9,464,153894,102231,MOVIMIENTO IZQUIERDA JUVENTUD Y DIGNIDAD,,agrupacion,321,PROVISORIO,api_dine,si
2023,PASO,PRESIDENTE Y VICE,21,Santa Fe,9,464,153894,102231,MOVIMIENTO IZQUIERDA JUVENTUD Y DIGNIDAD,A- DIGNIDAD,lista,136,PROVISORIO,api_dine,si
2023,PASO,PRESIDENTE Y VICE,21,Santa Fe,9,464,153894,102231,MOVIMIENTO IZQUIERDA JUVENTUD Y DIGNIDAD,B- CONFEDERAL,lista,185,PROVISORIO,api_dine,si
2023,PASO,PRESIDENTE Y VICE,21,Santa Fe,9,464,153894,102231,HACEMOS POR NUESTRO PAIS,,agrupacion,2931,PROVISORIO,api_dine,si
2023,PASO,PRESIDENTE Y VICE,21,Santa Fe,9,464,153894,102231,HACEMOS POR NUESTRO PAIS,A- HACEMOS,lista,2931,PROVISORIO,api_dine,si
2023,PASO,PRESIDENTE Y VICE,21,Santa Fe,9,464,153894,102231,PRINCIPIOS Y VALORES,,agrupacion,860,PROVISORIO,api_dine,si
2023,PASO,PRESIDENTE Y VICE,21,Santa Fe,9,464,153894,102231,PRINCIPIOS Y VALORES,"1A- TIERRA, TECHO  Y TRABAJO",lista,844,PROVISORIO,api_dine,si
2023,PASO,PRESIDENTE Y VICE,21,Santa Fe,9,464,153894,102231,PRINCIPIOS Y VALORES,2B- TRANSFORMAR,lista,5,PROVISORIO,api_dine,si
2023,PASO,PRESIDENTE Y VICE,21,Santa Fe,9,464,153894,102231,PRINCIPIOS Y VALORES,3C- TRES BANDERAS,lista,1,PROVISORIO,api_dine,si
2023,PASO,PRESIDENTE Y VICE,21,Santa Fe,9,464,153894,102231,PRINCIPIOS Y VALORES,4D- GENTE DE TRABAJO,lista,4,PROVISORIO,api_dine,si
2023,PASO,PRESIDENTE Y VICE,21,Santa Fe,9,464,153894,102231,PRINCIPIOS Y VALORES,5E- LABORISTA,lista,6,PROVISORIO,api_dine,si
2023,PASO,PRESIDENTE Y VICE,21,Santa Fe,9,464,153894,102231,FRENTE LIBER.AR,,agrupacion,150,PROVISORIO,api_dine,si
2023,PASO,PRESIDENTE Y VICE,21,Santa Fe,9,464,153894,102231,FRENTE LIBER.AR,A- DEMOS,lista,9,PROVISORIO,api_dine,si
2023,PASO,PRESIDENTE Y VICE,21,Santa Fe,9,464,153894,102231,FRENTE LIBER.AR,B- RECONQUISTA,lista,141,PROVISORIO,api_dine,si
2023,PASO,PRESIDENTE Y VICE,21,Santa Fe,9,464,153894,102231,FRENTE LIBER.AR,C- ANTICORRUPCIÓN,lista,0,PROVISORIO,api_dine,si
2023,PASO,PRESIDENTE Y VICE,21,Santa Fe,9,464,153894,102231,nulos,,nulos,2274,PROVISORIO,api_dine,si
2023,PASO,PRESIDENTE Y VICE,21,Santa Fe,9,464,153894,102231,blancos,,blancos,3901,PROVISORIO,api_dine,si
2023,PASO,PRESIDENTE Y VICE,21,Santa Fe,9,464,153894,102231,recurridos,,recurridos,89,PROVISORIO,api_dine,si
2023,PASO,PRESIDENTE Y VICE,21,Santa Fe,10,147,46301,28042,LA LIBERTAD AVANZA,,agrupacion,9381,PROVISORIO,api_dine,si
2023,PASO,PRESIDENTE Y VICE,21,Santa Fe,10,147,46301,28042,LA LIBERTAD AVANZA,A- LIBERTAD POR SIEMPRE,lista,9381,PROVISORIO,api_dine,si
2023,PASO,PRESIDENTE Y VICE,21,Santa Fe,10,147,46301,28042,MOVIMIENTO AL SOCIALISMO,,agrupacion,94,PROVISORIO,api_dine,si
2023,PASO,PRESIDENTE Y VICE,21,Santa Fe,10,147,46301,28042,MOVIMIENTO AL SOCIALISMO,A- IZQUIERDA ANTICAPITALISTA,lista,94,PROVISORIO,api_dine,si
2023,PASO,PRESIDENTE Y VICE,21,Santa Fe,10,147,46301,28042,POLITICA OBRERA,,agrupacion,77,PROVISORIO,api_dine,si
2023,PASO,PRESIDENTE Y VICE,21,Santa Fe,10,147,46301,28042,POLITICA OBRERA,A- UNIDAD OBRERA,lista,77,PROVISORIO,api_dine,si
2023,PASO,PRESIDENTE Y VICE,21,Santa Fe,10,147,46301,28042,FRENTE DE IZQUIERDA Y DE TRABAJADORES - UNIDAD,,agrupacion,145,PROVISORIO,api_dine,si
2023,PASO,PRESIDENTE Y VICE,21,Santa Fe,10,147,46301,28042,FRENTE DE IZQUIERDA Y DE TRABAJADORES - UNIDAD,A- UNIR Y FORTALECER LA IZQUIERDA,lista,105,PROVISORIO,api_dine,si
2023,PASO,PRESIDENTE Y VICE,21,Santa Fe,10,147,46301,28042,FRENTE DE IZQUIERDA Y DE TRABAJADORES - UNIDAD,B- UNIDAD DE LUCHADORES Y LA IZQUIERDA,lista,40,PROVISORIO,api_dine,si
2023,PASO,PRESIDENTE Y VICE,21,Santa Fe,10,147,46301,28042,FRENTE LIBER.AR,,agrupacion,81,PROVISORIO,api_dine,si
2023,PASO,PRESIDENTE Y VICE,21,Santa Fe,10,147,46301,28042,FRENTE LIBER.AR,A- DEMOS,lista,4,PROVISORIO,api_dine,si
2023,PASO,PRESIDENTE Y VICE,21,Santa Fe,10,147,46301,28042,FRENTE LIBER.AR,B- RECONQUISTA,lista,77,PROVISORIO,api_dine,si
2023,PASO,PRESIDENTE Y VICE,21,Santa Fe,10,147,46301,28042,FRENTE LIBER.AR,C- ANTICORRUPCIÓN,lista,0,PROVISORIO,api_dine,si
2023,PASO,PRESIDENTE Y VICE,21,Santa Fe,10,147,46301,28042,JUNTOS POR EL CAMBIO,,agrupacion,7308,PROVISORIO,api_dine,si
2023,PASO,PRESIDENTE Y VICE,21,Santa Fe,10,147,46301,28042,JUNTOS POR EL CAMBIO,B- LA FUERZA DEL CAMBIO,lista,4288,PROVISORIO,api_dine,si
2023,PASO,PRESIDENTE Y VICE,21,Santa Fe,10,147,46301,28042,JUNTOS POR EL CAMBIO,A- EL CAMBIO DE NUESTRAS VIDAS,lista,3020,PROVISORIO,api_dine,si
2023,PASO,PRESIDENTE Y VICE,21,Santa Fe,10,147,46301,28042,PRINCIPIOS Y VALORES,,agrupacion,300,PROVISORIO,api_dine,si
2023,PASO,PRESIDENTE Y VICE,21,Santa Fe,10,147,46301,28042,PRINCIPIOS Y VALORES,"1A- TIERRA, TECHO  Y TRABAJO",lista,299,PROVISORIO,api_dine,si
2023,PASO,PRESIDENTE Y VICE,21,Santa Fe,10,147,46301,28042,PRINCIPIOS Y VALORES,2B- TRANSFORMAR,lista,1,PROVISORIO,api_dine,si
2023,PASO,PRESIDENTE Y VICE,21,Santa Fe,10,147,46301,28042,PRINCIPIOS Y VALORES,3C- TRES BANDERAS,lista,0,PROVISORIO,api_dine,si
2023,PASO,PRESIDENTE Y VICE,21,Santa Fe,10,147,46301,28042,PRINCIPIOS Y VALORES,4D- GENTE DE TRABAJO,lista,0,PROVISORIO,api_dine,si
2023,PASO,PRESIDENTE Y VICE,21,Santa Fe,10,147,46301,28042,PRINCIPIOS Y VALORES,5E- LABORISTA,lista,0,PROVISORIO,api_dine,si
2023,PASO,PRESIDENTE Y VICE,21,Santa Fe,10,147,46301,28042,HACEMOS POR NUESTRO PAIS,,agrupacion,760,PROVISORIO,api_dine,si
2023,PASO,PRESIDENTE Y VICE,21,Santa Fe,10,147,46301,28042,HACEMOS POR NUESTRO PAIS,A- HACEMOS,lista,760,PROVISORIO,api_dine,si
2023,PASO,PRESIDENTE Y VICE,21,Santa Fe,10,147,46301,28042,PROYECTO JOVEN,,agrupacion,35,PROVISORIO,api_dine,si
2023,PASO,PRESIDENTE Y VICE,21,Santa Fe,10,147,46301,28042,PROYECTO JOVEN,A- COALICION PAZ DEMOCRACIA SOBERANIA,lista,34,PROVISORIO,api_dine,si
2023,PASO,PRESIDENTE Y VICE,21,Santa Fe,10,147,46301,28042,PROYECTO JOVEN,B- PATRIA UNIDA,lista,1,PROVISORIO,api_dine,si
2023,PASO,PRESIDENTE Y VICE,21,Santa Fe,10,147,46301,28042,PROYECTO JOVEN,C- TODEX,lista,0,PROVISORIO,api_dine,si
2023,PASO,PRESIDENTE Y VICE,21,Santa Fe,10,147,46301,28042,FRENTE PATRIOTA FEDERAL,,agrupacion,14,PROVISORIO,api_dine,si
2023,PASO,PRESIDENTE Y VICE,21,Santa Fe,10,147,46301,28042,FRENTE PATRIOTA FEDERAL,A- PRIMERO LA PATRIA,lista,14,PROVISORIO,api_dine,si
2023,PASO,PRESIDENTE Y VICE,21,Santa Fe,10,147,46301,28042,MOVIMIENTO IZQUIERDA JUVENTUD Y DIGNIDAD,,agrupacion,86,PROVISORIO,api_dine,si
2023,PASO,PRESIDENTE Y VICE,21,Santa Fe,10,147,46301,28042,MOVIMIENTO IZQUIERDA JUVENTUD Y DIGNIDAD,B- CONFEDERAL,lista,53,PROVISORIO,api_dine,si
2023,PASO,PRESIDENTE Y VICE,21,Santa Fe,10,147,46301,28042,MOVIMIENTO IZQUIERDA JUVENTUD Y DIGNIDAD,A- DIGNIDAD,lista,33,PROVISORIO,api_dine,si
2023,PASO,PRESIDENTE Y VICE,21,Santa Fe,10,147,46301,28042,MOVIMIENTO DE ACCION VECINAL,,agrupacion,56,PROVISORIO,api_dine,si
2023,PASO,PRESIDENTE Y VICE,21,Santa Fe,10,147,46301,28042,MOVIMIENTO DE ACCION VECINAL,A- COMPROMISO VECINAL,lista,56,PROVISORIO,api_dine,si
2023,PASO,PRESIDENTE Y VICE,21,Santa Fe,10,147,46301,28042,UNION DEL CENTRO DEMOCRATICO,,agrupacion,25,PROVISORIO,api_dine,si
2023,PASO,PRESIDENTE Y VICE,21,Santa Fe,10,147,46301,28042,UNION DEL CENTRO DEMOCRATICO,A- APERTURA LIBERAL ARGENTINA,lista,25,PROVISORIO,api_dine,si
2023,PASO,PRESIDENTE Y VICE,21,Santa Fe,10,147,46301,28042,MOVIMIENTO LIBRES DEL SUR,,agrupacion,74,PROVISORIO,api_dine,si
2023,PASO,PRESIDENTE Y VICE,21,Santa Fe,10,147,46301,28042,MOVIMIENTO LIBRES DEL SUR,A- AZUL Y ROJO,lista,74,PROVISORIO,api_dine,si
2023,PASO,PRESIDENTE Y VICE,21,Santa Fe,10,147,46301,28042,UNION POR LA PATRIA,,agrupacion,7552,PROVISORIO,api_dine,si
2023,PASO,PRESIDENTE Y VICE,21,Santa Fe,10,147,46301,28042,UNION POR LA PATRIA,A- CELESTE Y BLANCA,lista,6788,PROVISORIO,api_dine,si
2023,PASO,PRESIDENTE Y VICE,21,Santa Fe,10,147,46301,28042,UNION POR LA PATRIA,B- JUSTA Y SOBERANA,lista,764,PROVISORIO,api_dine,si
2023,PASO,PRESIDENTE Y VICE,21,Santa Fe,10,147,46301,28042,nulos,,nulos,634,PROVISORIO,api_dine,si
2023,PASO,PRESIDENTE Y VICE,21,Santa Fe,10,147,46301,28042,blancos,,blancos,1393,PROVISORIO,api_dine,si
2023,PASO,PRESIDENTE Y VICE,21,Santa Fe,10,147,46301,28042,recurridos,,recurridos,27,PROVISORIO,api_dine,si
2023,PASO,PRESIDENTE Y VICE,21,Santa Fe,11,89,27838,16737,MOVIMIENTO AL SOCIALISMO,,agrupacion,29,PROVISORIO,api_dine,si
2023,PASO,PRESIDENTE Y VICE,21,Santa Fe,11,89,27838,16737,MOVIMIENTO AL SOCIALISMO,A- IZQUIERDA ANTICAPITALISTA,lista,29,PROVISORIO,api_dine,si
2023,PASO,PRESIDENTE Y VICE,21,Santa Fe,11,89,27838,16737,FRENTE LIBER.AR,,agrupacion,68,PROVISORIO,api_dine,si
2023,PASO,PRESIDENTE Y VICE,21,Santa Fe,11,89,27838,16737,FRENTE LIBER.AR,A- DEMOS,lista,2,PROVISORIO,api_dine,si
2023,PASO,PRESIDENTE Y VICE,21,Santa Fe,11,89,27838,16737,FRENTE LIBER.AR,B- RECONQUISTA,lista,49,PROVISORIO,api_dine,si
2023,PASO,PRESIDENTE Y VICE,21,Santa Fe,11,89,27838,16737,FRENTE LIBER.AR,C- ANTICORRUPCIÓN,lista,17,PROVISORIO,api_dine,si
2023,PASO,PRESIDENTE Y VICE,21,Santa Fe,11,89,27838,16737,JUNTOS POR EL CAMBIO,,agrupacion,4498,PROVISORIO,api_dine,si
2023,PASO,PRESIDENTE Y VICE,21,Santa Fe,11,89,27838,16737,JUNTOS POR EL CAMBIO,A- EL CAMBIO DE NUESTRAS VIDAS,lista,1697,PROVISORIO,api_dine,si
2023,PASO,PRESIDENTE Y VICE,21,Santa Fe,11,89,27838,16737,JUNTOS POR EL CAMBIO,B- LA FUERZA DEL CAMBIO,lista,2801,PROVISORIO,api_dine,si
2023,PASO,PRESIDENTE Y VICE,21,Santa Fe,11,89,27838,16737,HACEMOS POR NUESTRO PAIS,,agrupacion,378,PROVISORIO,api_dine,si
2023,PASO,PRESIDENTE Y VICE,21,Santa Fe,11,89,27838,16737,HACEMOS POR NUESTRO PAIS,A- HACEMOS,lista,378,PROVISORIO,api_dine,si
2023,PASO,PRESIDENTE Y VICE,21,Santa Fe,11,89,27838,16737,UNION POR LA PATRIA,,agrupacion,4793,PROVISORIO,api_dine,si
2023,PASO,PRESIDENTE Y VICE,21,Santa Fe,11,89,27838,16737,UNION POR LA PATRIA,A- CELESTE Y BLANCA,lista,4247,PROVISORIO,api_dine,si
2023,PASO,PRESIDENTE Y VICE,21,Santa Fe,11,89,27838,16737,UNION POR LA PATRIA,B- JUSTA Y SOBERANA,lista,546,PROVISORIO,api_dine,si
2023,PASO,PRESIDENTE Y VICE,21,Santa Fe,11,89,27838,16737,LA LIBERTAD AVANZA,,agrupacion,5457,PROVISORIO,api_dine,si
2023,PASO,PRESIDENTE Y VICE,21,Santa Fe,11,89,27838,16737,LA LIBERTAD AVANZA,A- LIBERTAD POR SIEMPRE,lista,5457,PROVISORIO,api_dine,si
2023,PASO,PRESIDENTE Y VICE,21,Santa Fe,11,89,27838,16737,FRENTE DE IZQUIERDA Y DE TRABAJADORES - UNIDAD,,agrupacion,89,PROVISORIO,api_dine,si
2023,PASO,PRESIDENTE Y VICE,21,Santa Fe,11,89,27838,16737,FRENTE DE IZQUIERDA Y DE TRABAJADORES - UNIDAD,A- UNIR Y FORTALECER LA IZQUIERDA,lista,68,PROVISORIO,api_dine,si
2023,PASO,PRESIDENTE Y VICE,21,Santa Fe,11,89,27838,16737,FRENTE DE IZQUIERDA Y DE TRABAJADORES - UNIDAD,B- UNIDAD DE LUCHADORES Y LA IZQUIERDA,lista,21,PROVISORIO,api_dine,si
2023,PASO,PRESIDENTE Y VICE,21,Santa Fe,11,89,27838,16737,PRINCIPIOS Y VALORES,,agrupacion,148,PROVISORIO,api_dine,si
2023,PASO,PRESIDENTE Y VICE,21,Santa Fe,11,89,27838,16737,PRINCIPIOS Y VALORES,"1A- TIERRA, TECHO  Y TRABAJO",lista,147,PROVISORIO,api_dine,si
2023,PASO,PRESIDENTE Y VICE,21,Santa Fe,11,89,27838,16737,PRINCIPIOS Y VALORES,2B- TRANSFORMAR,lista,0,PROVISORIO,api_dine,si
2023,PASO,PRESIDENTE Y VICE,21,Santa Fe,11,89,27838,16737,PRINCIPIOS Y VALORES,3C- TRES BANDERAS,lista,1,PROVISORIO,api_dine,si
2023,PASO,PRESIDENTE Y VICE,21,Santa Fe,11,89,27838,16737,PRINCIPIOS Y VALORES,4D- GENTE DE TRABAJO,lista,0,PROVISORIO,api_dine,si
2023,PASO,PRESIDENTE Y VICE,21,Santa Fe,11,89,27838,16737,PRINCIPIOS Y VALORES,5E- LABORISTA,lista,0,PROVISORIO,api_dine,si
2023,PASO,PRESIDENTE Y VICE,21,Santa Fe,11,89,27838,16737,UNION DEL CENTRO DEMOCRATICO,,agrupacion,31,PROVISORIO,api_dine,si
2023,PASO,PRESIDENTE Y VICE,21,Santa Fe,11,89,27838,16737,UNION DEL CENTRO DEMOCRATICO,A- APERTURA LIBERAL ARGENTINA,lista,31,PROVISORIO,api_dine,si
2023,PASO,PRESIDENTE Y VICE,21,Santa Fe,11,89,27838,16737,MOVIMIENTO LIBRES DEL SUR,,agrupacion,17,PROVISORIO,api_dine,si
2023,PASO,PRESIDENTE Y VICE,21,Santa Fe,11,89,27838,16737,MOVIMIENTO LIBRES DEL SUR,A- AZUL Y ROJO,lista,17,PROVISORIO,api_dine,si
2023,PASO,PRESIDENTE Y VICE,21,Santa Fe,11,89,27838,16737,MOVIMIENTO DE ACCION VECINAL,,agrupacion,21,PROVISORIO,api_dine,si
2023,PASO,PRESIDENTE Y VICE,21,Santa Fe,11,89,27838,16737,MOVIMIENTO DE ACCION VECINAL,A- COMPROMISO VECINAL,lista,21,PROVISORIO,api_dine,si
2023,PASO,PRESIDENTE Y VICE,21,Santa Fe,11,89,27838,16737,MOVIMIENTO IZQUIERDA JUVENTUD Y DIGNIDAD,,agrupacion,44,PROVISORIO,api_dine,si
2023,PASO,PRESIDENTE Y VICE,21,Santa Fe,11,89,27838,16737,MOVIMIENTO IZQUIERDA JUVENTUD Y DIGNIDAD,A- DIGNIDAD,lista,18,PROVISORIO,api_dine,si
2023,PASO,PRESIDENTE Y VICE,21,Santa Fe,11,89,27838,16737,MOVIMIENTO IZQUIERDA JUVENTUD Y DIGNIDAD,B- CONFEDERAL,lista,26,PROVISORIO,api_dine,si
2023,PASO,PRESIDENTE Y VICE,21,Santa Fe,11,89,27838,16737,POLITICA OBRERA,,agrupacion,27,PROVISORIO,api_dine,si
2023,PASO,PRESIDENTE Y VICE,21,Santa Fe,11,89,27838,16737,POLITICA OBRERA,A- UNIDAD OBRERA,lista,27,PROVISORIO,api_dine,si
2023,PASO,PRESIDENTE Y VICE,21,Santa Fe,11,89,27838,16737,PROYECTO JOVEN,,agrupacion,10,PROVISORIO,api_dine,si
2023,PASO,PRESIDENTE Y VICE,21,Santa Fe,11,89,27838,16737,PROYECTO JOVEN,A- COALICION PAZ DEMOCRACIA SOBERANIA,lista,9,PROVISORIO,api_dine,si
2023,PASO,PRESIDENTE Y VICE,21,Santa Fe,11,89,27838,16737,PROYECTO JOVEN,B- PATRIA UNIDA,lista,1,PROVISORIO,api_dine,si
2023,PASO,PRESIDENTE Y VICE,21,Santa Fe,11,89,27838,16737,PROYECTO JOVEN,C- TODEX,lista,0,PROVISORIO,api_dine,si
2023,PASO,PRESIDENTE Y VICE,21,Santa Fe,11,89,27838,16737,FRENTE PATRIOTA FEDERAL,,agrupacion,25,PROVISORIO,api_dine,si
2023,PASO,PRESIDENTE Y VICE,21,Santa Fe,11,89,27838,16737,FRENTE PATRIOTA FEDERAL,A- PRIMERO LA PATRIA,lista,25,PROVISORIO,api_dine,si
2023,PASO,PRESIDENTE Y VICE,21,Santa Fe,11,89,27838,16737,nulos,,nulos,420,PROVISORIO,api_dine,si
2023,PASO,PRESIDENTE Y VICE,21,Santa Fe,11,89,27838,16737,blancos,,blancos,670,PROVISORIO,api_dine,si
2023,PASO,PRESIDENTE Y VICE,21,Santa Fe,11,89,27838,16737,recurridos,,recurridos,12,PROVISORIO,api_dine,si
2023,PASO,PRESIDENTE Y VICE,21,Santa Fe,12,82,26798,17234,MOVIMIENTO AL SOCIALISMO,,agrupacion,58,PROVISORIO,api_dine,si
2023,PASO,PRESIDENTE Y VICE,21,Santa Fe,12,82,26798,17234,MOVIMIENTO AL SOCIALISMO,A- IZQUIERDA ANTICAPITALISTA,lista,58,PROVISORIO,api_dine,si
2023,PASO,PRESIDENTE Y VICE,21,Santa Fe,12,82,26798,17234,MOVIMIENTO LIBRES DEL SUR,,agrupacion,44,PROVISORIO,api_dine,si
2023,PASO,PRESIDENTE Y VICE,21,Santa Fe,12,82,26798,17234,MOVIMIENTO LIBRES DEL SUR,A- AZUL Y ROJO,lista,44,PROVISORIO,api_dine,si
2023,PASO,PRESIDENTE Y VICE,21,Santa Fe,12,82,26798,17234,JUNTOS POR EL CAMBIO,,agrupacion,4246,PROVISORIO,api_dine,si
2023,PASO,PRESIDENTE Y VICE,21,Santa Fe,12,82,26798,17234,JUNTOS POR EL CAMBIO,A- EL CAMBIO DE NUESTRAS VIDAS,lista,1503,PROVISORIO,api_dine,si
2023,PASO,PRESIDENTE Y VICE,21,Santa Fe,12,82,26798,17234,JUNTOS POR EL CAMBIO,B- LA FUERZA DEL CAMBIO,lista,2743,PROVISORIO,api_dine,si
2023,PASO,PRESIDENTE Y VICE,21,Santa Fe,12,82,26798,17234,MOVIMIENTO IZQUIERDA JUVENTUD Y DIGNIDAD,,agrupacion,34,PROVISORIO,api_dine,si
2023,PASO,PRESIDENTE Y VICE,21,Santa Fe,12,82,26798,17234,MOVIMIENTO IZQUIERDA JUVENTUD Y DIGNIDAD,A- DIGNIDAD,lista,17,PROVISORIO,api_dine,si
2023,PASO,PRESIDENTE Y VICE,21,Santa Fe,12,82,26798,17234,MOVIMIENTO IZQUIERDA JUVENTUD Y DIGNIDAD,B- CONFEDERAL,lista,17,PROVISORIO,api_dine,si
2023,PASO,PRESIDENTE Y VICE,21,Santa Fe,12,82,26798,17234,FRENTE PATRIOTA FEDERAL,,agrupacion,6,PROVISORIO,api_dine,si
2023,PASO,PRESIDENTE Y VICE,21,Santa Fe,12,82,26798,17234,FRENTE PATRIOTA FEDERAL,A- PRIMERO LA PATRIA,lista,6,PROVISORIO,api_dine,si
2023,PASO,PRESIDENTE Y VICE,21,Santa Fe,12,82,26798,17234,MOVIMIENTO DE ACCION VECINAL,,agrupacion,29,PROVISORIO,api_dine,si
2023,PASO,PRESIDENTE Y VICE,21,Santa Fe,12,82,26798,17234,MOVIMIENTO DE ACCION VECINAL,A- COMPROMISO VECINAL,lista,29,PROVISORIO,api_dine,si
2023,PASO,PRESIDENTE Y VICE,21,Santa Fe,12,82,26798,17234,UNION DEL CENTRO DEMOCRATICO,,agrupacion,10,PROVISORIO,api_dine,si
2023,PASO,PRESIDENTE Y VICE,21,Santa Fe,12,82,26798,17234,UNION DEL CENTRO DEMOCRATICO,A- APERTURA LIBERAL ARGENTINA,lista,10,PROVISORIO,api_dine,si
2023,PASO,PRESIDENTE Y VICE,21,Santa Fe,12,82,26798,17234,UNION POR LA PATRIA,,agrupacion,3609,PROVISORIO,api_dine,si
2023,PASO,PRESIDENTE Y VICE,21,Santa Fe,12,82,26798,17234,UNION POR LA PATRIA,A- CELESTE Y BLANCA,lista,3216,PROVISORIO,api_dine,si
2023,PASO,PRESIDENTE Y VICE,21,Santa Fe,12,82,26798,17234,UNION POR LA PATRIA,B- JUSTA Y SOBERANA,lista,393,PROVISORIO,api_dine,si
2023,PASO,PRESIDENTE Y VICE,21,Santa Fe,12,82,26798,17234,FRENTE LIBER.AR,,agrupacion,65,PROVISORIO,api_dine,si
2023,PASO,PRESIDENTE Y VICE,21,Santa Fe,12,82,26798,17234,FRENTE LIBER.AR,A- DEMOS,lista,53,PROVISORIO,api_dine,si
2023,PASO,PRESIDENTE Y VICE,21,Santa Fe,12,82,26798,17234,FRENTE LIBER.AR,B- RECONQUISTA,lista,12,PROVISORIO,api_dine,si
2023,PASO,PRESIDENTE Y VICE,21,Santa Fe,12,82,26798,17234,FRENTE LIBER.AR,C- ANTICORRUPCIÓN,lista,0,PROVISORIO,api_dine,si
2023,PASO,PRESIDENTE Y VICE,21,Santa Fe,12,82,26798,17234,FRENTE DE IZQUIERDA Y DE TRABAJADORES - UNIDAD,,agrupacion,76,PROVISORIO,api_dine,si
2023,PASO,PRESIDENTE Y VICE,21,Santa Fe,12,82,26798,17234,FRENTE DE IZQUIERDA Y DE TRABAJADORES - UNIDAD,A- UNIR Y FORTALECER LA IZQUIERDA,lista,46,PROVISORIO,api_dine,si
2023,PASO,PRESIDENTE Y VICE,21,Santa Fe,12,82,26798,17234,FRENTE DE IZQUIERDA Y DE TRABAJADORES - UNIDAD,B- UNIDAD DE LUCHADORES Y LA IZQUIERDA,lista,30,PROVISORIO,api_dine,si
2023,PASO,PRESIDENTE Y VICE,21,Santa Fe,12,82,26798,17234,POLITICA OBRERA,,agrupacion,37,PROVISORIO,api_dine,si
2023,PASO,PRESIDENTE Y VICE,21,Santa Fe,12,82,26798,17234,POLITICA OBRERA,A- UNIDAD OBRERA,lista,37,PROVISORIO,api_dine,si
2023,PASO,PRESIDENTE Y VICE,21,Santa Fe,12,82,26798,17234,PRINCIPIOS Y VALORES,,agrupacion,85,PROVISORIO,api_dine,si
2023,PASO,PRESIDENTE Y VICE,21,Santa Fe,12,82,26798,17234,PRINCIPIOS Y VALORES,"1A- TIERRA, TECHO  Y TRABAJO",lista,85,PROVISORIO,api_dine,si
2023,PASO,PRESIDENTE Y VICE,21,Santa Fe,12,82,26798,17234,PRINCIPIOS Y VALORES,2B- TRANSFORMAR,lista,0,PROVISORIO,api_dine,si
2023,PASO,PRESIDENTE Y VICE,21,Santa Fe,12,82,26798,17234,PRINCIPIOS Y VALORES,3C- TRES BANDERAS,lista,0,PROVISORIO,api_dine,si
2023,PASO,PRESIDENTE Y VICE,21,Santa Fe,12,82,26798,17234,PRINCIPIOS Y VALORES,4D- GENTE DE TRABAJO,lista,0,PROVISORIO,api_dine,si
2023,PASO,PRESIDENTE Y VICE,21,Santa Fe,12,82,26798,17234,PRINCIPIOS Y VALORES,5E- LABORISTA,lista,0,PROVISORIO,api_dine,si
2023,PASO,PRESIDENTE Y VICE,21,Santa Fe,12,82,26798,17234,LA LIBERTAD AVANZA,,agrupacion,7421,PROVISORIO,api_dine,si
2023,PASO,PRESIDENTE Y VICE,21,Santa Fe,12,82,26798,17234,LA LIBERTAD AVANZA,A- LIBERTAD POR SIEMPRE,lista,7421,PROVISORIO,api_dine,si
2023,PASO,PRESIDENTE Y VICE,21,Santa Fe,12,82,26798,17234,PROYECTO JOVEN,,agrupacion,1,PROVISORIO,api_dine,si
2023,PASO,PRESIDENTE Y VICE,21,Santa Fe,12,82,26798,17234,PROYECTO JOVEN,A- COALICION PAZ DEMOCRACIA SOBERANIA,lista,1,PROVISORIO,api_dine,si
2023,PASO,PRESIDENTE Y VICE,21,Santa Fe,12,82,26798,17234,PROYECTO JOVEN,B- PATRIA UNIDA,lista,0,PROVISORIO,api_dine,si
2023,PASO,PRESIDENTE Y VICE,21,Santa Fe,12,82,26798,17234,PROYECTO JOVEN,C- TODEX,lista,0,PROVISORIO,api_dine,si
2023,PASO,PRESIDENTE Y VICE,21,Santa Fe,12,82,26798,17234,HACEMOS POR NUESTRO PAIS,,agrupacion,483,PROVISORIO,api_dine,si
2023,PASO,PRESIDENTE Y VICE,21,Santa Fe,12,82,26798,17234,HACEMOS POR NUESTRO PAIS,A- HACEMOS,lista,483,PROVISORIO,api_dine,si
2023,PASO,PRESIDENTE Y VICE,21,Santa Fe,12,82,26798,17234,nulos,,nulos,331,PROVISORIO,api_dine,si
2023,PASO,PRESIDENTE Y VICE,21,Santa Fe,12,82,26798,17234,blancos,,blancos,691,PROVISORIO,api_dine,si
2023,PASO,PRESIDENTE Y VICE,21,Santa Fe,12,82,26798,17234,recurridos,,recurridos,8,PROVISORIO,api_dine,si
2023,PASO,PRESIDENTE Y VICE,21,Santa Fe,13,3050,1053869,687817,LA LIBERTAD AVANZA,,agrupacion,214942,PROVISORIO,api_dine,si
2023,PASO,PRESIDENTE Y VICE,21,Santa Fe,13,3050,1053869,687817,LA LIBERTAD AVANZA,A- LIBERTAD POR SIEMPRE,lista,214942,PROVISORIO,api_dine,si
2023,PASO,PRESIDENTE Y VICE,21,Santa Fe,13,3050,1053869,687817,MOVIMIENTO AL SOCIALISMO,,agrupacion,2239,PROVISORIO,api_dine,si
2023,PASO,PRESIDENTE Y VICE,21,Santa Fe,13,3050,1053869,687817,MOVIMIENTO AL SOCIALISMO,A- IZQUIERDA ANTICAPITALISTA,lista,2239,PROVISORIO,api_dine,si
2023,PASO,PRESIDENTE Y VICE,21,Santa Fe,13,3050,1053869,687817,UNION DEL CENTRO DEMOCRATICO,,agrupacion,28,PROVISORIO,api_dine,si
2023,PASO,PRESIDENTE Y VICE,21,Santa Fe,13,3050,1053869,687817,UNION DEL CENTRO DEMOCRATICO,A- APERTURA LIBERAL ARGENTINA,lista,28,PROVISORIO,api_dine,si
2023,PASO,PRESIDENTE Y VICE,21,Santa Fe,13,3050,1053869,687817,UNION POR LA PATRIA,,agrupacion,164011,PROVISORIO,api_dine,si
2023,PASO,PRESIDENTE Y VICE,21,Santa Fe,13,3050,1053869,687817,UNION POR LA PATRIA,A- CELESTE Y BLANCA,lista,121715,PROVISORIO,api_dine,si
2023,PASO,PRESIDENTE Y VICE,21,Santa Fe,13,3050,1053869,687817,UNION POR LA PATRIA,B- JUSTA Y SOBERANA,lista,42296,PROVISORIO,api_dine,si
2023,PASO,PRESIDENTE Y VICE,21,Santa Fe,13,3050,1053869,687817,FRENTE DE IZQUIERDA Y DE TRABAJADORES - UNIDAD,,agrupacion,17102,PROVISORIO,api_dine,si
2023,PASO,PRESIDENTE Y VICE,21,Santa Fe,13,3050,1053869,687817,FRENTE DE IZQUIERDA Y DE TRABAJADORES - UNIDAD,A- UNIR Y FORTALECER LA IZQUIERDA,lista,12018,PROVISORIO,api_dine,si
2023,PASO,PRESIDENTE Y VICE,21,Santa Fe,13,3050,1053869,687817,FRENTE DE IZQUIERDA Y DE TRABAJADORES - UNIDAD,B- UNIDAD DE LUCHADORES Y LA IZQUIERDA,lista,5084,PROVISORIO,api_dine,si
2023,PASO,PRESIDENTE Y VICE,21,Santa Fe,13,3050,1053869,687817,MOVIMIENTO IZQUIERDA JUVENTUD Y DIGNIDAD,,agrupacion,2883,PROVISORIO,api_dine,si
2023,PASO,PRESIDENTE Y VICE,21,Santa Fe,13,3050,1053869,687817,MOVIMIENTO IZQUIERDA JUVENTUD Y DIGNIDAD,A- DIGNIDAD,lista,894,PROVISORIO,api_dine,si
2023,PASO,PRESIDENTE Y VICE,21,Santa Fe,13,3050,1053869,687817,MOVIMIENTO IZQUIERDA JUVENTUD Y DIGNIDAD,B- CONFEDERAL,lista,1989,PROVISORIO,api_dine,si
2023,PASO,PRESIDENTE Y VICE,21,Santa Fe,13,3050,1053869,687817,MOVIMIENTO LIBRES DEL SUR,,agrupacion,2510,PROVISORIO,api_dine,si
2023,PASO,PRESIDENTE Y VICE,21,Santa Fe,13,3050,1053869,687817,MOVIMIENTO LIBRES DEL SUR,A- AZUL Y ROJO,lista,2510,PROVISORIO,api_dine,si
2023,PASO,PRESIDENTE Y VICE,21,Santa Fe,13,3050,1053869,687817,MOVIMIENTO DE ACCION VECINAL,,agrupacion,851,PROVISORIO,api_dine,si
2023,PASO,PRESIDENTE Y VICE,21,Santa Fe,13,3050,1053869,687817,MOVIMIENTO DE ACCION VECINAL,A- COMPROMISO VECINAL,lista,851,PROVISORIO,api_dine,si
2023,PASO,PRESIDENTE Y VICE,21,Santa Fe,13,3050,1053869,687817,PRINCIPIOS Y VALORES,,agrupacion,11544,PROVISORIO,api_dine,si
2023,PASO,PRESIDENTE Y VICE,21,Santa Fe,13,3050,1053869,687817,PRINCIPIOS Y VALORES,"1A- TIERRA, TECHO  Y TRABAJO",lista,11388,PROVISORIO,api_dine,si
2023,PASO,PRESIDENTE Y VICE,21,Santa Fe,13,3050,1053869,687817,PRINCIPIOS Y VALORES,2B- TRANSFORMAR,lista,123,PROVISORIO,api_dine,si
2023,PASO,PRESIDENTE Y VICE,21,Santa Fe,13,3050,1053869,687817,PRINCIPIOS Y VALORES,3C- TRES BANDERAS,lista,11,PROVISORIO,api_dine,si
2023,PASO,PRESIDENTE Y VICE,21,Santa Fe,13,3050,1053869,687817,PRINCIPIOS Y VALORES,4D- GENTE DE TRABAJO,lista,16,PROVISORIO,api_dine,si
2023,PASO,PRESIDENTE Y VICE,21,Santa Fe,13,3050,1053869,687817,PRINCIPIOS Y VALORES,5E- LABORISTA,lista,6,PROVISORIO,api_dine,si
2023,PASO,PRESIDENTE Y VICE,21,Santa Fe,13,3050,1053869,687817,FRENTE PATRIOTA FEDERAL,,agrupacion,958,PROVISORIO,api_dine,si
2023,PASO,PRESIDENTE Y VICE,21,Santa Fe,13,3050,1053869,687817,FRENTE PATRIOTA FEDERAL,A- PRIMERO LA PATRIA,lista,958,PROVISORIO,api_dine,si
2023,PASO,PRESIDENTE Y VICE,21,Santa Fe,13,3050,1053869,687817,PROYECTO JOVEN,,agrupacion,189,PROVISORIO,api_dine,si
2023,PASO,PRESIDENTE Y VICE,21,Santa Fe,13,3050,1053869,687817,PROYECTO JOVEN,A- COALICION PAZ DEMOCRACIA SOBERANIA,lista,23,PROVISORIO,api_dine,si
2023,PASO,PRESIDENTE Y VICE,21,Santa Fe,13,3050,1053869,687817,PROYECTO JOVEN,B- PATRIA UNIDA,lista,26,PROVISORIO,api_dine,si
2023,PASO,PRESIDENTE Y VICE,21,Santa Fe,13,3050,1053869,687817,PROYECTO JOVEN,C- TODEX,lista,140,PROVISORIO,api_dine,si
2023,PASO,PRESIDENTE Y VICE,21,Santa Fe,13,3050,1053869,687817,FRENTE LIBER.AR,,agrupacion,1594,PROVISORIO,api_dine,si
2023,PASO,PRESIDENTE Y VICE,21,Santa Fe,13,3050,1053869,687817,FRENTE LIBER.AR,B- RECONQUISTA,lista,1352,PROVISORIO,api_dine,si
2023,PASO,PRESIDENTE Y VICE,21,Santa Fe,13,3050,1053869,687817,FRENTE LIBER.AR,A- DEMOS,lista,97,PROVISORIO,api_dine,si
2023,PASO,PRESIDENTE Y VICE,21,Santa Fe,13,3050,1053869,687817,FRENTE LIBER.AR,C- ANTICORRUPCIÓN,lista,145,PROVISORIO,api_dine,si
2023,PASO,PRESIDENTE Y VICE,21,Santa Fe,13,3050,1053869,687817,POLITICA OBRERA,,agrupacion,1197,PROVISORIO,api_dine,si
2023,PASO,PRESIDENTE Y VICE,21,Santa Fe,13,3050,1053869,687817,POLITICA OBRERA,A- UNIDAD OBRERA,lista,1197,PROVISORIO,api_dine,si
2023,PASO,PRESIDENTE Y VICE,21,Santa Fe,13,3050,1053869,687817,HACEMOS POR NUESTRO PAIS,,agrupacion,16731,PROVISORIO,api_dine,si
2023,PASO,PRESIDENTE Y VICE,21,Santa Fe,13,3050,1053869,687817,HACEMOS POR NUESTRO PAIS,A- HACEMOS,lista,16731,PROVISORIO,api_dine,si
2023,PASO,PRESIDENTE Y VICE,21,Santa Fe,13,3050,1053869,687817,JUNTOS POR EL CAMBIO,,agrupacion,206688,PROVISORIO,api_dine,si
2023,PASO,PRESIDENTE Y VICE,21,Santa Fe,13,3050,1053869,687817,JUNTOS POR EL CAMBIO,B- LA FUERZA DEL CAMBIO,lista,140402,PROVISORIO,api_dine,si
2023,PASO,PRESIDENTE Y VICE,21,Santa Fe,13,3050,1053869,687817,JUNTOS POR EL CAMBIO,A- EL CAMBIO DE NUESTRAS VIDAS,lista,66286,PROVISORIO,api_dine,si
2023,PASO,PRESIDENTE Y VICE,21,Santa Fe,13,3050,1053869,687817,nulos,,nulos,20448,PROVISORIO,api_dine,si
2023,PASO,PRESIDENTE Y VICE,21,Santa Fe,13,3050,1053869,687817,blancos,,blancos,23266,PROVISORIO,api_dine,si
2023,PASO,PRESIDENTE Y VICE,21,Santa Fe,13,3050,1053869,687817,recurridos,,recurridos,636,PROVISORIO,api_dine,si
2023,PASO,PRESIDENTE Y VICE,21,Santa Fe,14,214,72274,49748,FRENTE PATRIOTA FEDERAL,,agrupacion,89,PROVISORIO,api_dine,si
2023,PASO,PRESIDENTE Y VICE,21,Santa Fe,14,214,72274,49748,FRENTE PATRIOTA FEDERAL,A- PRIMERO LA PATRIA,lista,89,PROVISORIO,api_dine,si
2023,PASO,PRESIDENTE Y VICE,21,Santa Fe,14,214,72274,49748,MOVIMIENTO DE ACCION VECINAL,,agrupacion,61,PROVISORIO,api_dine,si
2023,PASO,PRESIDENTE Y VICE,21,Santa Fe,14,214,72274,49748,MOVIMIENTO DE ACCION VECINAL,A- COMPROMISO VECINAL,lista,61,PROVISORIO,api_dine,si
2023,PASO,PRESIDENTE Y VICE,21,Santa Fe,14,214,72274,49748,UNION POR LA PATRIA,,agrupacion,7397,PROVISORIO,api_dine,si
2023,PASO,PRESIDENTE Y VICE,21,Santa Fe,14,214,72274,49748,UNION POR LA PATRIA,A- CELESTE Y BLANCA,lista,5614,PROVISORIO,api_dine,si
2023,PASO,PRESIDENTE Y VICE,21,Santa Fe,14,214,72274,49748,UNION POR LA PATRIA,B- JUSTA Y SOBERANA,lista,1783,PROVISORIO,api_dine,si
2023,PASO,PRESIDENTE Y VICE,21,Santa Fe,14,214,72274,49748,PROYECTO JOVEN,,agrupacion,131,PROVISORIO,api_dine,si
2023,PASO,PRESIDENTE Y VICE,21,Santa Fe,14,214,72274,49748,PROYECTO JOVEN,A- COALICION PAZ DEMOCRACIA SOBERANIA,lista,61,PROVISORIO,api_dine,si
2023,PASO,PRESIDENTE Y VICE,21,Santa Fe,14,214,72274,49748,PROYECTO JOVEN,B- PATRIA UNIDA,lista,31,PROVISORIO,api_dine,si
2023,PASO,PRESIDENTE Y VICE,21,Santa Fe,14,214,72274,49748,PROYECTO JOVEN,C- TODEX,lista,39,PROVISORIO,api_dine,si
2023,PASO,PRESIDENTE Y VICE,21,Santa Fe,14,214,72274,49748,PRINCIPIOS Y VALORES,,agrupacion,706,PROVISORIO,api_dine,si
2023,PASO,PRESIDENTE Y VICE,21,Santa Fe,14,214,72274,49748,PRINCIPIOS Y VALORES,"1A- TIERRA, TECHO  Y TRABAJO",lista,700,PROVISORIO,api_dine,si
2023,PASO,PRESIDENTE Y VICE,21,Santa Fe,14,214,72274,49748,PRINCIPIOS Y VALORES,2B- TRANSFORMAR,lista,4,PROVISORIO,api_dine,si
2023,PASO,PRESIDENTE Y VICE,21,Santa Fe,14,214,72274,49748,PRINCIPIOS Y VALORES,3C- TRES BANDERAS,lista,0,PROVISORIO,api_dine,si
2023,PASO,PRESIDENTE Y VICE,21,Santa Fe,14,214,72274,49748,PRINCIPIOS Y VALORES,4D- GENTE DE TRABAJO,lista,1,PROVISORIO,api_dine,si
2023,PASO,PRESIDENTE Y VICE,21,Santa Fe,14,214,72274,49748,PRINCIPIOS Y VALORES,5E- LABORISTA,lista,1,PROVISORIO,api_dine,si
2023,PASO,PRESIDENTE Y VICE,21,Santa Fe,14,214,72274,49748,MOVIMIENTO LIBRES DEL SUR,,agrupacion,114,PROVISORIO,api_dine,si
2023,PASO,PRESIDENTE Y VICE,21,Santa Fe,14,214,72274,49748,MOVIMIENTO LIBRES DEL SUR,A- AZUL Y ROJO,lista,114,PROVISORIO,api_dine,si
2023,PASO,PRESIDENTE Y VICE,21,Santa Fe,14,214,72274,49748,FRENTE DE IZQUIERDA Y DE TRABAJADORES - UNIDAD,,agrupacion,560,PROVISORIO,api_dine,si
2023,PASO,PRESIDENTE Y VICE,21,Santa Fe,14,214,72274,49748,FRENTE DE IZQUIERDA Y DE TRABAJADORES - UNIDAD,A- UNIR Y FORTALECER LA IZQUIERDA,lista,409,PROVISORIO,api_dine,si
2023,PASO,PRESIDENTE Y VICE,21,Santa Fe,14,214,72274,49748,FRENTE DE IZQUIERDA Y DE TRABAJADORES - UNIDAD,B- UNIDAD DE LUCHADORES Y LA IZQUIERDA,lista,151,PROVISORIO,api_dine,si
2023,PASO,PRESIDENTE Y VICE,21,Santa Fe,14,214,72274,49748,LA LIBERTAD AVANZA,,agrupacion,16929,PROVISORIO,api_dine,si
2023,PASO,PRESIDENTE Y VICE,21,Santa Fe,14,214,72274,49748,LA LIBERTAD AVANZA,A- LIBERTAD POR SIEMPRE,lista,16929,PROVISORIO,api_dine,si
2023,PASO,PRESIDENTE Y VICE,21,Santa Fe,14,214,72274,49748,POLITICA OBRERA,,agrupacion,100,PROVISORIO,api_dine,si
2023,PASO,PRESIDENTE Y VICE,21,Santa Fe,14,214,72274,49748,POLITICA OBRERA,A- UNIDAD OBRERA,lista,100,PROVISORIO,api_dine,si
2023,PASO,PRESIDENTE Y VICE,21,Santa Fe,14,214,72274,49748,JUNTOS POR EL CAMBIO,,agrupacion,16973,PROVISORIO,api_dine,si
2023,PASO,PRESIDENTE Y VICE,21,Santa Fe,14,214,72274,49748,JUNTOS POR EL CAMBIO,B- LA FUERZA DEL CAMBIO,lista,10905,PROVISORIO,api_dine,si
2023,PASO,PRESIDENTE Y VICE,21,Santa Fe,14,214,72274,49748,JUNTOS POR EL CAMBIO,A- EL CAMBIO DE NUESTRAS VIDAS,lista,6068,PROVISORIO,api_dine,si
2023,PASO,PRESIDENTE Y VICE,21,Santa Fe,14,214,72274,49748,HACEMOS POR NUESTRO PAIS,,agrupacion,2929,PROVISORIO,api_dine,si
2023,PASO,PRESIDENTE Y VICE,21,Santa Fe,14,214,72274,49748,HACEMOS POR NUESTRO PAIS,A- HACEMOS,lista,2929,PROVISORIO,api_dine,si
2023,PASO,PRESIDENTE Y VICE,21,Santa Fe,14,214,72274,49748,FRENTE LIBER.AR,,agrupacion,5,PROVISORIO,api_dine,si
2023,PASO,PRESIDENTE Y VICE,21,Santa Fe,14,214,72274,49748,FRENTE LIBER.AR,A- DEMOS,lista,3,PROVISORIO,api_dine,si
2023,PASO,PRESIDENTE Y VICE,21,Santa Fe,14,214,72274,49748,FRENTE LIBER.AR,B- RECONQUISTA,lista,2,PROVISORIO,api_dine,si
2023,PASO,PRESIDENTE Y VICE,21,Santa Fe,14,214,72274,49748,FRENTE LIBER.AR,C- ANTICORRUPCIÓN,lista,0,PROVISORIO,api_dine,si
2023,PASO,PRESIDENTE Y VICE,21,Santa Fe,14,214,72274,49748,UNION DEL CENTRO DEMOCRATICO,,agrupacion,78,PROVISORIO,api_dine,si
2023,PASO,PRESIDENTE Y VICE,21,Santa Fe,14,214,72274,49748,UNION DEL CENTRO DEMOCRATICO,A- APERTURA LIBERAL ARGENTINA,lista,78,PROVISORIO,api_dine,si
2023,PASO,PRESIDENTE Y VICE,21,Santa Fe,14,214,72274,49748,MOVIMIENTO IZQUIERDA JUVENTUD Y DIGNIDAD,,agrupacion,169,PROVISORIO,api_dine,si
2023,PASO,PRESIDENTE Y VICE,21,Santa Fe,14,214,72274,49748,MOVIMIENTO IZQUIERDA JUVENTUD Y DIGNIDAD,B- CONFEDERAL,lista,112,PROVISORIO,api_dine,si
2023,PASO,PRESIDENTE Y VICE,21,Santa Fe,14,214,72274,49748,MOVIMIENTO IZQUIERDA JUVENTUD Y DIGNIDAD,A- DIGNIDAD,lista,57,PROVISORIO,api_dine,si
2023,PASO,PRESIDENTE Y VICE,21,Santa Fe,14,214,72274,49748,MOVIMIENTO AL SOCIALISMO,,agrupacion,159,PROVISORIO,api_dine,si
2023,PASO,PRESIDENTE Y VICE,21,Santa Fe,14,214,72274,49748,MOVIMIENTO AL SOCIALISMO,A- IZQUIERDA ANTICAPITALISTA,lista,159,PROVISORIO,api_dine,si
2023,PASO,PRESIDENTE Y VICE,21,Santa Fe,14,214,72274,49748,nulos,,nulos,1054,PROVISORIO,api_dine,si
2023,PASO,PRESIDENTE Y VICE,21,Santa Fe,14,214,72274,49748,blancos,,blancos,2251,PROVISORIO,api_dine,si
2023,PASO,PRESIDENTE Y VICE,21,Santa Fe,14,214,72274,49748,recurridos,,recurridos,43,PROVISORIO,api_dine,si
2023,PASO,PRESIDENTE Y VICE,21,Santa Fe,15,228,76627,55266,MOVIMIENTO AL SOCIALISMO,,agrupacion,178,PROVISORIO,api_dine,si
2023,PASO,PRESIDENTE Y VICE,21,Santa Fe,15,228,76627,55266,MOVIMIENTO AL SOCIALISMO,A- IZQUIERDA ANTICAPITALISTA,lista,178,PROVISORIO,api_dine,si
2023,PASO,PRESIDENTE Y VICE,21,Santa Fe,15,228,76627,55266,PROYECTO JOVEN,,agrupacion,96,PROVISORIO,api_dine,si
2023,PASO,PRESIDENTE Y VICE,21,Santa Fe,15,228,76627,55266,PROYECTO JOVEN,A- COALICION PAZ DEMOCRACIA SOBERANIA,lista,92,PROVISORIO,api_dine,si
2023,PASO,PRESIDENTE Y VICE,21,Santa Fe,15,228,76627,55266,PROYECTO JOVEN,B- PATRIA UNIDA,lista,4,PROVISORIO,api_dine,si
2023,PASO,PRESIDENTE Y VICE,21,Santa Fe,15,228,76627,55266,PROYECTO JOVEN,C- TODEX,lista,0,PROVISORIO,api_dine,si
2023,PASO,PRESIDENTE Y VICE,21,Santa Fe,15,228,76627,55266,UNION POR LA PATRIA,,agrupacion,11971,PROVISORIO,api_dine,si
2023,PASO,PRESIDENTE Y VICE,21,Santa Fe,15,228,76627,55266,UNION POR LA PATRIA,A- CELESTE Y BLANCA,lista,9665,PROVISORIO,api_dine,si
2023,PASO,PRESIDENTE Y VICE,21,Santa Fe,15,228,76627,55266,UNION POR LA PATRIA,B- JUSTA Y SOBERANA,lista,2306,PROVISORIO,api_dine,si
2023,PASO,PRESIDENTE Y VICE,21,Santa Fe,15,228,76627,55266,MOVIMIENTO DE ACCION VECINAL,,agrupacion,69,PROVISORIO,api_dine,si
2023,PASO,PRESIDENTE Y VICE,21,Santa Fe,15,228,76627,55266,MOVIMIENTO DE ACCION VECINAL,A- COMPROMISO VECINAL,lista,69,PROVISORIO,api_dine,si
2023,PASO,PRESIDENTE Y VICE,21,Santa Fe,15,228,76627,55266,MOVIMIENTO IZQUIERDA JUVENTUD Y DIGNIDAD,,agrupacion,263,PROVISORIO,api_dine,si
2023,PASO,PRESIDENTE Y VICE,21,Santa Fe,15,228,76627,55266,MOVIMIENTO IZQUIERDA JUVENTUD Y DIGNIDAD,A- DIGNIDAD,lista,122,PROVISORIO,api_dine,si
2023,PASO,PRESIDENTE Y VICE,21,Santa Fe,15,228,76627,55266,MOVIMIENTO IZQUIERDA JUVENTUD Y DIGNIDAD,B- CONFEDERAL,lista,141,PROVISORIO,api_dine,si
2023,PASO,PRESIDENTE Y VICE,21,Santa Fe,15,228,76627,55266,HACEMOS POR NUESTRO PAIS,,agrupacion,2147,PROVISORIO,api_dine,si
2023,PASO,PRESIDENTE Y VICE,21,Santa Fe,15,228,76627,55266,HACEMOS POR NUESTRO PAIS,A- HACEMOS,lista,2147,PROVISORIO,api_dine,si
2023,PASO,PRESIDENTE Y VICE,21,Santa Fe,15,228,76627,55266,LA LIBERTAD AVANZA,,agrupacion,17707,PROVISORIO,api_dine,si
2023,PASO,PRESIDENTE Y VICE,21,Santa Fe,15,228,76627,55266,LA LIBERTAD AVANZA,A- LIBERTAD POR SIEMPRE,lista,17707,PROVISORIO,api_dine,si
2023,PASO,PRESIDENTE Y VICE,21,Santa Fe,15,228,76627,55266,POLITICA OBRERA,,agrupacion,99,PROVISORIO,api_dine,si
2023,PASO,PRESIDENTE Y VICE,21,Santa Fe,15,228,76627,55266,POLITICA OBRERA,A- UNIDAD OBRERA,lista,99,PROVISORIO,api_dine,si
2023,PASO,PRESIDENTE Y VICE,21,Santa Fe,15,228,76627,55266,FRENTE DE IZQUIERDA Y DE TRABAJADORES - UNIDAD,,agrupacion,969,PROVISORIO,api_dine,si
2023,PASO,PRESIDENTE Y VICE,21,Santa Fe,15,228,76627,55266,FRENTE DE IZQUIERDA Y DE TRABAJADORES - UNIDAD,A- UNIR Y FORTALECER LA IZQUIERDA,lista,725,PROVISORIO,api_dine,si
2023,PASO,PRESIDENTE Y VICE,21,Santa Fe,15,228,76627,55266,FRENTE DE IZQUIERDA Y DE TRABAJADORES - UNIDAD,B- UNIDAD DE LUCHADORES Y LA IZQUIERDA,lista,244,PROVISORIO,api_dine,si
2023,PASO,PRESIDENTE Y VICE,21,Santa Fe,15,228,76627,55266,UNION DEL CENTRO DEMOCRATICO,,agrupacion,118,PROVISORIO,api_dine,si
2023,PASO,PRESIDENTE Y VICE,21,Santa Fe,15,228,76627,55266,UNION DEL CENTRO DEMOCRATICO,A- APERTURA LIBERAL ARGENTINA,lista,118,PROVISORIO,api_dine,si
2023,PASO,PRESIDENTE Y VICE,21,Santa Fe,15,228,76627,55266,MOVIMIENTO LIBRES DEL SUR,,agrupacion,123,PROVISORIO,api_dine,si
2023,PASO,PRESIDENTE Y VICE,21,Santa Fe,15,228,76627,55266,MOVIMIENTO LIBRES DEL SUR,A- AZUL Y ROJO,lista,123,PROVISORIO,api_dine,si
2023,PASO,PRESIDENTE Y VICE,21,Santa Fe,15,228,76627,55266,JUNTOS POR EL CAMBIO,,agrupacion,16798,PROVISORIO,api_dine,si
2023,PASO,PRESIDENTE Y VICE,21,Santa Fe,15,228,76627,55266,JUNTOS POR EL CAMBIO,B- LA FUERZA DEL CAMBIO,lista,9974,PROVISORIO,api_dine,si
2023,PASO,PRESIDENTE Y VICE,21,Santa Fe,15,228,76627,55266,JUNTOS POR EL CAMBIO,A- EL CAMBIO DE NUESTRAS VIDAS,lista,6824,PROVISORIO,api_dine,si
2023,PASO,PRESIDENTE Y VICE,21,Santa Fe,15,228,76627,55266,PRINCIPIOS Y VALORES,,agrupacion,894,PROVISORIO,api_dine,si
2023,PASO,PRESIDENTE Y VICE,21,Santa Fe,15,228,76627,55266,PRINCIPIOS Y VALORES,"1A- TIERRA, TECHO  Y TRABAJO",lista,887,PROVISORIO,api_dine,si
2023,PASO,PRESIDENTE Y VICE,21,Santa Fe,15,228,76627,55266,PRINCIPIOS Y VALORES,2B- TRANSFORMAR,lista,7,PROVISORIO,api_dine,si
2023,PASO,PRESIDENTE Y VICE,21,Santa Fe,15,228,76627,55266,PRINCIPIOS Y VALORES,3C- TRES BANDERAS,lista,0,PROVISORIO,api_dine,si
2023,PASO,PRESIDENTE Y VICE,21,Santa Fe,15,228,76627,55266,PRINCIPIOS Y VALORES,4D- GENTE DE TRABAJO,lista,0,PROVISORIO,api_dine,si
2023,PASO,PRESIDENTE Y VICE,21,Santa Fe,15,228,76627,55266,PRINCIPIOS Y VALORES,5E- LABORISTA,lista,0,PROVISORIO,api_dine,si
2023,PASO,PRESIDENTE Y VICE,21,Santa Fe,15,228,76627,55266,FRENTE PATRIOTA FEDERAL,,agrupacion,82,PROVISORIO,api_dine,si
2023,PASO,PRESIDENTE Y VICE,21,Santa Fe,15,228,76627,55266,FRENTE PATRIOTA FEDERAL,A- PRIMERO LA PATRIA,lista,82,PROVISORIO,api_dine,si
2023,PASO,PRESIDENTE Y VICE,21,Santa Fe,15,228,76627,55266,FRENTE LIBER.AR,,agrupacion,2,PROVISORIO,api_dine,si
2023,PASO,PRESIDENTE Y VICE,21,Santa Fe,15,228,76627,55266,FRENTE LIBER.AR,A- DEMOS,lista,1,PROVISORIO,api_dine,si
2023,PASO,PRESIDENTE Y VICE,21,Santa Fe,15,228,76627,55266,FRENTE LIBER.AR,B- RECONQUISTA,lista,0,PROVISORIO,api_dine,si
2023,PASO,PRESIDENTE Y VICE,21,Santa Fe,15,228,76627,55266,FRENTE LIBER.AR,C- ANTICORRUPCIÓN,lista,1,PROVISORIO,api_dine,si
2023,PASO,PRESIDENTE Y VICE,21,Santa Fe,15,228,76627,55266,nulos,,nulos,1474,PROVISORIO,api_dine,si
2023,PASO,PRESIDENTE Y VICE,21,Santa Fe,15,228,76627,55266,blancos,,blancos,2234,PROVISORIO,api_dine,si
2023,PASO,PRESIDENTE Y VICE,21,Santa Fe,15,228,76627,55266,recurridos,,recurridos,42,PROVISORIO,api_dine,si
2023,PASO,PRESIDENTE Y VICE,21,Santa Fe,16,494,166949,114087,FRENTE DE IZQUIERDA Y DE TRABAJADORES - UNIDAD,,agrupacion,1174,PROVISORIO,api_dine,si
2023,PASO,PRESIDENTE Y VICE,21,Santa Fe,16,494,166949,114087,FRENTE DE IZQUIERDA Y DE TRABAJADORES - UNIDAD,B- UNIDAD DE LUCHADORES Y LA IZQUIERDA,lista,370,PROVISORIO,api_dine,si
2023,PASO,PRESIDENTE Y VICE,21,Santa Fe,16,494,166949,114087,FRENTE DE IZQUIERDA Y DE TRABAJADORES - UNIDAD,A- UNIR Y FORTALECER LA IZQUIERDA,lista,804,PROVISORIO,api_dine,si
2023,PASO,PRESIDENTE Y VICE,21,Santa Fe,16,494,166949,114087,PROYECTO JOVEN,,agrupacion,269,PROVISORIO,api_dine,si
2023,PASO,PRESIDENTE Y VICE,21,Santa Fe,16,494,166949,114087,PROYECTO JOVEN,A- COALICION PAZ DEMOCRACIA SOBERANIA,lista,103,PROVISORIO,api_dine,si
2023,PASO,PRESIDENTE Y VICE,21,Santa Fe,16,494,166949,114087,PROYECTO JOVEN,B- PATRIA UNIDA,lista,71,PROVISORIO,api_dine,si
2023,PASO,PRESIDENTE Y VICE,21,Santa Fe,16,494,166949,114087,PROYECTO JOVEN,C- TODEX,lista,95,PROVISORIO,api_dine,si
2023,PASO,PRESIDENTE Y VICE,21,Santa Fe,16,494,166949,114087,FRENTE LIBER.AR,,agrupacion,0,PROVISORIO,api_dine,si
2023,PASO,PRESIDENTE Y VICE,21,Santa Fe,16,494,166949,114087,FRENTE LIBER.AR,A- DEMOS,lista,0,PROVISORIO,api_dine,si
2023,PASO,PRESIDENTE Y VICE,21,Santa Fe,16,494,166949,114087,FRENTE LIBER.AR,B- RECONQUISTA,lista,0,PROVISORIO,api_dine,si
2023,PASO,PRESIDENTE Y VICE,21,Santa Fe,16,494,166949,114087,FRENTE LIBER.AR,C- ANTICORRUPCIÓN,lista,0,PROVISORIO,api_dine,si
2023,PASO,PRESIDENTE Y VICE,21,Santa Fe,16,494,166949,114087,FRENTE PATRIOTA FEDERAL,,agrupacion,135,PROVISORIO,api_dine,si
2023,PASO,PRESIDENTE Y VICE,21,Santa Fe,16,494,166949,114087,FRENTE PATRIOTA FEDERAL,A- PRIMERO LA PATRIA,lista,135,PROVISORIO,api_dine,si
2023,PASO,PRESIDENTE Y VICE,21,Santa Fe,16,494,166949,114087,HACEMOS POR NUESTRO PAIS,,agrupacion,5169,PROVISORIO,api_dine,si
2023,PASO,PRESIDENTE Y VICE,21,Santa Fe,16,494,166949,114087,HACEMOS POR NUESTRO PAIS,A- HACEMOS,lista,5169,PROVISORIO,api_dine,si
2023,PASO,PRESIDENTE Y VICE,21,Santa Fe,16,494,166949,114087,UNION DEL CENTRO DEMOCRATICO,,agrupacion,163,PROVISORIO,api_dine,si
2023,PASO,PRESIDENTE Y VICE,21,Santa Fe,16,494,166949,114087,UNION DEL CENTRO DEMOCRATICO,A- APERTURA LIBERAL ARGENTINA,lista,163,PROVISORIO,api_dine,si
2023,PASO,PRESIDENTE Y VICE,21,Santa Fe,16,494,166949,114087,MOVIMIENTO IZQUIERDA JUVENTUD Y DIGNIDAD,,agrupacion,253,PROVISORIO,api_dine,si
2023,PASO,PRESIDENTE Y VICE,21,Santa Fe,16,494,166949,114087,MOVIMIENTO IZQUIERDA JUVENTUD Y DIGNIDAD,A- DIGNIDAD,lista,109,PROVISORIO,api_dine,si
2023,PASO,PRESIDENTE Y VICE,21,Santa Fe,16,494,166949,114087,MOVIMIENTO IZQUIERDA JUVENTUD Y DIGNIDAD,B- CONFEDERAL,lista,144,PROVISORIO,api_dine,si
2023,PASO,PRESIDENTE Y VICE,21,Santa Fe,16,494,166949,114087,MOVIMIENTO DE ACCION VECINAL,,agrupacion,99,PROVISORIO,api_dine,si
2023,PASO,PRESIDENTE Y VICE,21,Santa Fe,16,494,166949,114087,MOVIMIENTO DE ACCION VECINAL,A- COMPROMISO VECINAL,lista,99,PROVISORIO,api_dine,si
2023,PASO,PRESIDENTE Y VICE,21,Santa Fe,16,494,166949,114087,LA LIBERTAD AVANZA,,agrupacion,43130,PROVISORIO,api_dine,si
2023,PASO,PRESIDENTE Y VICE,21,Santa Fe,16,494,166949,114087,LA LIBERTAD AVANZA,A- LIBERTAD POR SIEMPRE,lista,43130,PROVISORIO,api_dine,si
2023,PASO,PRESIDENTE Y VICE,21,Santa Fe,16,494,166949,114087,PRINCIPIOS Y VALORES,,agrupacion,1668,PROVISORIO,api_dine,si
2023,PASO,PRESIDENTE Y VICE,21,Santa Fe,16,494,166949,114087,PRINCIPIOS Y VALORES,"1A- TIERRA, TECHO  Y TRABAJO",lista,1644,PROVISORIO,api_dine,si
2023,PASO,PRESIDENTE Y VICE,21,Santa Fe,16,494,166949,114087,PRINCIPIOS Y VALORES,2B- TRANSFORMAR,lista,6,PROVISORIO,api_dine,si
2023,PASO,PRESIDENTE Y VICE,21,Santa Fe,16,494,166949,114087,PRINCIPIOS Y VALORES,3C- TRES BANDERAS,lista,8,PROVISORIO,api_dine,si
2023,PASO,PRESIDENTE Y VICE,21,Santa Fe,16,494,166949,114087,PRINCIPIOS Y VALORES,4D- GENTE DE TRABAJO,lista,6,PROVISORIO,api_dine,si
2023,PASO,PRESIDENTE Y VICE,21,Santa Fe,16,494,166949,114087,PRINCIPIOS Y VALORES,5E- LABORISTA,lista,4,PROVISORIO,api_dine,si
2023,PASO,PRESIDENTE Y VICE,21,Santa Fe,16,494,166949,114087,MOVIMIENTO AL SOCIALISMO,,agrupacion,252,PROVISORIO,api_dine,si
2023,PASO,PRESIDENTE Y VICE,21,Santa Fe,16,494,166949,114087,MOVIMIENTO AL SOCIALISMO,A- IZQUIERDA ANTICAPITALISTA,lista,252,PROVISORIO,api_dine,si
2023,PASO,PRESIDENTE Y VICE,21,Santa Fe,16,494,166949,114087,UNION POR LA PATRIA,,agrupacion,16939,PROVISORIO,api_dine,si
2023,PASO,PRESIDENTE Y VICE,21,Santa Fe,16,494,166949,114087,UNION POR LA PATRIA,A- CELESTE Y BLANCA,lista,14001,PROVISORIO,api_dine,si
2023,PASO,PRESIDENTE Y VICE,21,Santa Fe,16,494,166949,114087,UNION POR LA PATRIA,B- JUSTA Y SOBERANA,lista,2938,PROVISORIO,api_dine,si
2023,PASO,PRESIDENTE Y VICE,21,Santa Fe,16,494,166949,114087,MOVIMIENTO LIBRES DEL SUR,,agrupacion,229,PROVISORIO,api_dine,si
2023,PASO,PRESIDENTE Y VICE,21,Santa Fe,16,494,166949,114087,MOVIMIENTO LIBRES DEL SUR,A- AZUL Y ROJO,lista,229,PROVISORIO,api_dine,si
2023,PASO,PRESIDENTE Y VICE,21,Santa Fe,16,494,166949,114087,POLITICA OBRERA,,agrupacion,241,PROVISORIO,api_dine,si
2023,PASO,PRESIDENTE Y VICE,21,Santa Fe,16,494,166949,114087,POLITICA OBRERA,A- UNIDAD OBRERA,lista,241,PROVISORIO,api_dine,si
2023,PASO,PRESIDENTE Y VICE,21,Santa Fe,16,494,166949,114087,JUNTOS POR EL CAMBIO,,agrupacion,38511,PROVISORIO,api_dine,si
2023,PASO,PRESIDENTE Y VICE,21,Santa Fe,16,494,166949,114087,JUNTOS POR EL CAMBIO,B- LA FUERZA DEL CAMBIO,lista,22336,PROVISORIO,api_dine,si
2023,PASO,PRESIDENTE Y VICE,21,Santa Fe,16,494,166949,114087,JUNTOS POR EL CAMBIO,A- EL CAMBIO DE NUESTRAS VIDAS,lista,16175,PROVISORIO,api_dine,si
2023,PASO,PRESIDENTE Y VICE,21,Santa Fe,16,494,166949,114087,nulos,,nulos,2075,PROVISORIO,api_dine,si
2023,PASO,PRESIDENTE Y VICE,21,Santa Fe,16,494,166949,114087,blancos,,blancos,3696,PROVISORIO,api_dine,si
2023,PASO,PRESIDENTE Y VICE,21,Santa Fe,16,494,166949,114087,recurridos,,recurridos,84,PROVISORIO,api_dine,si
2023,PASO,PRESIDENTE Y VICE,21,Santa Fe,17,115,39434,27731,HACEMOS POR NUESTRO PAIS,,agrupacion,2102,PROVISORIO,api_dine,si
2023,PASO,PRESIDENTE Y VICE,21,Santa Fe,17,115,39434,27731,HACEMOS POR NUESTRO PAIS,A- HACEMOS,lista,2102,PROVISORIO,api_dine,si
2023,PASO,PRESIDENTE Y VICE,21,Santa Fe,17,115,39434,27731,MOVIMIENTO IZQUIERDA JUVENTUD Y DIGNIDAD,,agrupacion,84,PROVISORIO,api_dine,si
2023,PASO,PRESIDENTE Y VICE,21,Santa Fe,17,115,39434,27731,MOVIMIENTO IZQUIERDA JUVENTUD Y DIGNIDAD,A- DIGNIDAD,lista,26,PROVISORIO,api_dine,si
2023,PASO,PRESIDENTE Y VICE,21,Santa Fe,17,115,39434,27731,MOVIMIENTO IZQUIERDA JUVENTUD Y DIGNIDAD,B- CONFEDERAL,lista,58,PROVISORIO,api_dine,si
2023,PASO,PRESIDENTE Y VICE,21,Santa Fe,17,115,39434,27731,JUNTOS POR EL CAMBIO,,agrupacion,8630,PROVISORIO,api_dine,si
2023,PASO,PRESIDENTE Y VICE,21,Santa Fe,17,115,39434,27731,JUNTOS POR EL CAMBIO,B- LA FUERZA DEL CAMBIO,lista,5786,PROVISORIO,api_dine,si
2023,PASO,PRESIDENTE Y VICE,21,Santa Fe,17,115,39434,27731,JUNTOS POR EL CAMBIO,A- EL CAMBIO DE NUESTRAS VIDAS,lista,2844,PROVISORIO,api_dine,si
2023,PASO,PRESIDENTE Y VICE,21,Santa Fe,17,115,39434,27731,MOVIMIENTO AL SOCIALISMO,,agrupacion,56,PROVISORIO,api_dine,si
2023,PASO,PRESIDENTE Y VICE,21,Santa Fe,17,115,39434,27731,MOVIMIENTO AL SOCIALISMO,A- IZQUIERDA ANTICAPITALISTA,lista,56,PROVISORIO,api_dine,si
2023,PASO,PRESIDENTE Y VICE,21,Santa Fe,17,115,39434,27731,FRENTE DE IZQUIERDA Y DE TRABAJADORES - UNIDAD,,agrupacion,309,PROVISORIO,api_dine,si
2023,PASO,PRESIDENTE Y VICE,21,Santa Fe,17,115,39434,27731,FRENTE DE IZQUIERDA Y DE TRABAJADORES - UNIDAD,A- UNIR Y FORTALECER LA IZQUIERDA,lista,269,PROVISORIO,api_dine,si
2023,PASO,PRESIDENTE Y VICE,21,Santa Fe,17,115,39434,27731,FRENTE DE IZQUIERDA Y DE TRABAJADORES - UNIDAD,B- UNIDAD DE LUCHADORES Y LA IZQUIERDA,lista,40,PROVISORIO,api_dine,si
2023,PASO,PRESIDENTE Y VICE,21,Santa Fe,17,115,39434,27731,LA LIBERTAD AVANZA,,agrupacion,10596,PROVISORIO,api_dine,si
2023,PASO,PRESIDENTE Y VICE,21,Santa Fe,17,115,39434,27731,LA LIBERTAD AVANZA,A- LIBERTAD POR SIEMPRE,lista,10596,PROVISORIO,api_dine,si
2023,PASO,PRESIDENTE Y VICE,21,Santa Fe,17,115,39434,27731,UNION DEL CENTRO DEMOCRATICO,,agrupacion,47,PROVISORIO,api_dine,si
2023,PASO,PRESIDENTE Y VICE,21,Santa Fe,17,115,39434,27731,UNION DEL CENTRO DEMOCRATICO,A- APERTURA LIBERAL ARGENTINA,lista,47,PROVISORIO,api_dine,si
2023,PASO,PRESIDENTE Y VICE,21,Santa Fe,17,115,39434,27731,FRENTE LIBER.AR,,agrupacion,0,PROVISORIO,api_dine,si
2023,PASO,PRESIDENTE Y VICE,21,Santa Fe,17,115,39434,27731,FRENTE LIBER.AR,A- DEMOS,lista,0,PROVISORIO,api_dine,si
2023,PASO,PRESIDENTE Y VICE,21,Santa Fe,17,115,39434,27731,FRENTE LIBER.AR,B- RECONQUISTA,lista,0,PROVISORIO,api_dine,si
2023,PASO,PRESIDENTE Y VICE,21,Santa Fe,17,115,39434,27731,FRENTE LIBER.AR,C- ANTICORRUPCIÓN,lista,0,PROVISORIO,api_dine,si
2023,PASO,PRESIDENTE Y VICE,21,Santa Fe,17,115,39434,27731,MOVIMIENTO LIBRES DEL SUR,,agrupacion,46,PROVISORIO,api_dine,si
2023,PASO,PRESIDENTE Y VICE,21,Santa Fe,17,115,39434,27731,MOVIMIENTO LIBRES DEL SUR,A- AZUL Y ROJO,lista,46,PROVISORIO,api_dine,si
2023,PASO,PRESIDENTE Y VICE,21,Santa Fe,17,115,39434,27731,FRENTE PATRIOTA FEDERAL,,agrupacion,48,PROVISORIO,api_dine,si
2023,PASO,PRESIDENTE Y VICE,21,Santa Fe,17,115,39434,27731,FRENTE PATRIOTA FEDERAL,A- PRIMERO LA PATRIA,lista,48,PROVISORIO,api_dine,si
2023,PASO,PRESIDENTE Y VICE,21,Santa Fe,17,115,39434,27731,POLITICA OBRERA,,agrupacion,32,PROVISORIO,api_dine,si
2023,PASO,PRESIDENTE Y VICE,21,Santa Fe,17,115,39434,27731,POLITICA OBRERA,A- UNIDAD OBRERA,lista,32,PROVISORIO,api_dine,si
2023,PASO,PRESIDENTE Y VICE,21,Santa Fe,17,115,39434,27731,MOVIMIENTO DE ACCION VECINAL,,agrupacion,25,PROVISORIO,api_dine,si
2023,PASO,PRESIDENTE Y VICE,21,Santa Fe,17,115,39434,27731,MOVIMIENTO DE ACCION VECINAL,A- COMPROMISO VECINAL,lista,25,PROVISORIO,api_dine,si
2023,PASO,PRESIDENTE Y VICE,21,Santa Fe,17,115,39434,27731,UNION POR LA PATRIA,,agrupacion,3994,PROVISORIO,api_dine,si
2023,PASO,PRESIDENTE Y VICE,21,Santa Fe,17,115,39434,27731,UNION POR LA PATRIA,A- CELESTE Y BLANCA,lista,3256,PROVISORIO,api_dine,si
2023,PASO,PRESIDENTE Y VICE,21,Santa Fe,17,115,39434,27731,UNION POR LA PATRIA,B- JUSTA Y SOBERANA,lista,738,PROVISORIO,api_dine,si
2023,PASO,PRESIDENTE Y VICE,21,Santa Fe,17,115,39434,27731,PROYECTO JOVEN,,agrupacion,28,PROVISORIO,api_dine,si
2023,PASO,PRESIDENTE Y VICE,21,Santa Fe,17,115,39434,27731,PROYECTO JOVEN,A- COALICION PAZ DEMOCRACIA SOBERANIA,lista,27,PROVISORIO,api_dine,si
2023,PASO,PRESIDENTE Y VICE,21,Santa Fe,17,115,39434,27731,PROYECTO JOVEN,B- PATRIA UNIDA,lista,1,PROVISORIO,api_dine,si
2023,PASO,PRESIDENTE Y VICE,21,Santa Fe,17,115,39434,27731,PROYECTO JOVEN,C- TODEX,lista,0,PROVISORIO,api_dine,si
2023,PASO,PRESIDENTE Y VICE,21,Santa Fe,17,115,39434,27731,PRINCIPIOS Y VALORES,,agrupacion,297,PROVISORIO,api_dine,si
2023,PASO,PRESIDENTE Y VICE,21,Santa Fe,17,115,39434,27731,PRINCIPIOS Y VALORES,"1A- TIERRA, TECHO  Y TRABAJO",lista,296,PROVISORIO,api_dine,si
2023,PASO,PRESIDENTE Y VICE,21,Santa Fe,17,115,39434,27731,PRINCIPIOS Y VALORES,2B- TRANSFORMAR,lista,1,PROVISORIO,api_dine,si
2023,PASO,PRESIDENTE Y VICE,21,Santa Fe,17,115,39434,27731,PRINCIPIOS Y VALORES,3C- TRES BANDERAS,lista,0,PROVISORIO,api_dine,si
2023,PASO,PRESIDENTE Y VICE,21,Santa Fe,17,115,39434,27731,PRINCIPIOS Y VALORES,4D- GENTE DE TRABAJO,lista,0,PROVISORIO,api_dine,si
2023,PASO,PRESIDENTE Y VICE,21,Santa Fe,17,115,39434,27731,PRINCIPIOS Y VALORES,5E- LABORISTA,lista,0,PROVISORIO,api_dine,si
2023,PASO,PRESIDENTE Y VICE,21,Santa Fe,17,115,39434,27731,nulos,,nulos,387,PROVISORIO,api_dine,si
2023,PASO,PRESIDENTE Y VICE,21,Santa Fe,17,115,39434,27731,blancos,,blancos,1036,PROVISORIO,api_dine,si
2023,PASO,PRESIDENTE Y VICE,21,Santa Fe,17,115,39434,27731,recurridos,,recurridos,14,PROVISORIO,api_dine,si
2023,PASO,PRESIDENTE Y VICE,21,Santa Fe,18,179,59887,42663,FRENTE DE IZQUIERDA Y DE TRABAJADORES - UNIDAD,,agrupacion,537,PROVISORIO,api_dine,si
2023,PASO,PRESIDENTE Y VICE,21,Santa Fe,18,179,59887,42663,FRENTE DE IZQUIERDA Y DE TRABAJADORES - UNIDAD,A- UNIR Y FORTALECER LA IZQUIERDA,lista,404,PROVISORIO,api_dine,si
2023,PASO,PRESIDENTE Y VICE,21,Santa Fe,18,179,59887,42663,FRENTE DE IZQUIERDA Y DE TRABAJADORES - UNIDAD,B- UNIDAD DE LUCHADORES Y LA IZQUIERDA,lista,133,PROVISORIO,api_dine,si
2023,PASO,PRESIDENTE Y VICE,21,Santa Fe,18,179,59887,42663,MOVIMIENTO LIBRES DEL SUR,,agrupacion,110,PROVISORIO,api_dine,si
2023,PASO,PRESIDENTE Y VICE,21,Santa Fe,18,179,59887,42663,MOVIMIENTO LIBRES DEL SUR,A- AZUL Y ROJO,lista,110,PROVISORIO,api_dine,si
2023,PASO,PRESIDENTE Y VICE,21,Santa Fe,18,179,59887,42663,UNION POR LA PATRIA,,agrupacion,7384,PROVISORIO,api_dine,si
2023,PASO,PRESIDENTE Y VICE,21,Santa Fe,18,179,59887,42663,UNION POR LA PATRIA,A- CELESTE Y BLANCA,lista,5818,PROVISORIO,api_dine,si
2023,PASO,PRESIDENTE Y VICE,21,Santa Fe,18,179,59887,42663,UNION POR LA PATRIA,B- JUSTA Y SOBERANA,lista,1566,PROVISORIO,api_dine,si
2023,PASO,PRESIDENTE Y VICE,21,Santa Fe,18,179,59887,42663,JUNTOS POR EL CAMBIO,,agrupacion,12559,PROVISORIO,api_dine,si
2023,PASO,PRESIDENTE Y VICE,21,Santa Fe,18,179,59887,42663,JUNTOS POR EL CAMBIO,A- EL CAMBIO DE NUESTRAS VIDAS,lista,4838,PROVISORIO,api_dine,si
2023,PASO,PRESIDENTE Y VICE,21,Santa Fe,18,179,59887,42663,JUNTOS POR EL CAMBIO,B- LA FUERZA DEL CAMBIO,lista,7721,PROVISORIO,api_dine,si
2023,PASO,PRESIDENTE Y VICE,21,Santa Fe,18,179,59887,42663,HACEMOS POR NUESTRO PAIS,,agrupacion,2441,PROVISORIO,api_dine,si
2023,PASO,PRESIDENTE Y VICE,21,Santa Fe,18,179,59887,42663,HACEMOS POR NUESTRO PAIS,A- HACEMOS,lista,2441,PROVISORIO,api_dine,si
2023,PASO,PRESIDENTE Y VICE,21,Santa Fe,18,179,59887,42663,PRINCIPIOS Y VALORES,,agrupacion,568,PROVISORIO,api_dine,si
2023,PASO,PRESIDENTE Y VICE,21,Santa Fe,18,179,59887,42663,PRINCIPIOS Y VALORES,"1A- TIERRA, TECHO  Y TRABAJO",lista,565,PROVISORIO,api_dine,si
2023,PASO,PRESIDENTE Y VICE,21,Santa Fe,18,179,59887,42663,PRINCIPIOS Y VALORES,2B- TRANSFORMAR,lista,3,PROVISORIO,api_dine,si
2023,PASO,PRESIDENTE Y VICE,21,Santa Fe,18,179,59887,42663,PRINCIPIOS Y VALORES,3C- TRES BANDERAS,lista,0,PROVISORIO,api_dine,si
2023,PASO,PRESIDENTE Y VICE,21,Santa Fe,18,179,59887,42663,PRINCIPIOS Y VALORES,4D- GENTE DE TRABAJO,lista,0,PROVISORIO,api_dine,si
2023,PASO,PRESIDENTE Y VICE,21,Santa Fe,18,179,59887,42663,PRINCIPIOS Y VALORES,5E- LABORISTA,lista,0,PROVISORIO,api_dine,si
2023,PASO,PRESIDENTE Y VICE,21,Santa Fe,18,179,59887,42663,FRENTE PATRIOTA FEDERAL,,agrupacion,86,PROVISORIO,api_dine,si
2023,PASO,PRESIDENTE Y VICE,21,Santa Fe,18,179,59887,42663,FRENTE PATRIOTA FEDERAL,A- PRIMERO LA PATRIA,lista,86,PROVISORIO,api_dine,si
2023,PASO,PRESIDENTE Y VICE,21,Santa Fe,18,179,59887,42663,LA LIBERTAD AVANZA,,agrupacion,15703,PROVISORIO,api_dine,si
2023,PASO,PRESIDENTE Y VICE,21,Santa Fe,18,179,59887,42663,LA LIBERTAD AVANZA,A- LIBERTAD POR SIEMPRE,lista,15703,PROVISORIO,api_dine,si
2023,PASO,PRESIDENTE Y VICE,21,Santa Fe,18,179,59887,42663,MOVIMIENTO DE ACCION VECINAL,,agrupacion,60,PROVISORIO,api_dine,si
2023,PASO,PRESIDENTE Y VICE,21,Santa Fe,18,179,59887,42663,MOVIMIENTO DE ACCION VECINAL,A- COMPROMISO VECINAL,lista,60,PROVISORIO,api_dine,si
2023,PASO,PRESIDENTE Y VICE,21,Santa Fe,18,179,59887,42663,MOVIMIENTO AL SOCIALISMO,,agrupacion,128,PROVISORIO,api_dine,si
2023,PASO,PRESIDENTE Y VICE,21,Santa Fe,18,179,59887,42663,MOVIMIENTO AL SOCIALISMO,A- IZQUIERDA ANTICAPITALISTA,lista,128,PROVISORIO,api_dine,si
2023,PASO,PRESIDENTE Y VICE,21,Santa Fe,18,179,59887,42663,PROYECTO JOVEN,,agrupacion,53,PROVISORIO,api_dine,si
2023,PASO,PRESIDENTE Y VICE,21,Santa Fe,18,179,59887,42663,PROYECTO JOVEN,A- COALICION PAZ DEMOCRACIA SOBERANIA,lista,50,PROVISORIO,api_dine,si
2023,PASO,PRESIDENTE Y VICE,21,Santa Fe,18,179,59887,42663,PROYECTO JOVEN,B- PATRIA UNIDA,lista,2,PROVISORIO,api_dine,si
2023,PASO,PRESIDENTE Y VICE,21,Santa Fe,18,179,59887,42663,PROYECTO JOVEN,C- TODEX,lista,1,PROVISORIO,api_dine,si
2023,PASO,PRESIDENTE Y VICE,21,Santa Fe,18,179,59887,42663,MOVIMIENTO IZQUIERDA JUVENTUD Y DIGNIDAD,,agrupacion,172,PROVISORIO,api_dine,si
2023,PASO,PRESIDENTE Y VICE,21,Santa Fe,18,179,59887,42663,MOVIMIENTO IZQUIERDA JUVENTUD Y DIGNIDAD,A- DIGNIDAD,lista,46,PROVISORIO,api_dine,si
2023,PASO,PRESIDENTE Y VICE,21,Santa Fe,18,179,59887,42663,MOVIMIENTO IZQUIERDA JUVENTUD Y DIGNIDAD,B- CONFEDERAL,lista,126,PROVISORIO,api_dine,si
2023,PASO,PRESIDENTE Y VICE,21,Santa Fe,18,179,59887,42663,FRENTE LIBER.AR,,agrupacion,29,PROVISORIO,api_dine,si
2023,PASO,PRESIDENTE Y VICE,21,Santa Fe,18,179,59887,42663,FRENTE LIBER.AR,A- DEMOS,lista,0,PROVISORIO,api_dine,si
2023,PASO,PRESIDENTE Y VICE,21,Santa Fe,18,179,59887,42663,FRENTE LIBER.AR,B- RECONQUISTA,lista,0,PROVISORIO,api_dine,si
2023,PASO,PRESIDENTE Y VICE,21,Santa Fe,18,179,59887,42663,FRENTE LIBER.AR,C- ANTICORRUPCIÓN,lista,29,PROVISORIO,api_dine,si
2023,PASO,PRESIDENTE Y VICE,21,Santa Fe,18,179,59887,42663,POLITICA OBRERA,,agrupacion,92,PROVISORIO,api_dine,si
2023,PASO,PRESIDENTE Y VICE,21,Santa Fe,18,179,59887,42663,POLITICA OBRERA,A- UNIDAD OBRERA,lista,92,PROVISORIO,api_dine,si
2023,PASO,PRESIDENTE Y VICE,21,Santa Fe,18,179,59887,42663,UNION DEL CENTRO DEMOCRATICO,,agrupacion,74,PROVISORIO,api_dine,si
2023,PASO,PRESIDENTE Y VICE,21,Santa Fe,18,179,59887,42663,UNION DEL CENTRO DEMOCRATICO,A- APERTURA LIBERAL ARGENTINA,lista,74,PROVISORIO,api_dine,si
2023,PASO,PRESIDENTE Y VICE,21,Santa Fe,18,179,59887,42663,nulos,,nulos,817,PROVISORIO,api_dine,si
2023,PASO,PRESIDENTE Y VICE,21,Santa Fe,18,179,59887,42663,blancos,,blancos,1817,PROVISORIO,api_dine,si
2023,PASO,PRESIDENTE Y VICE,21,Santa Fe,18,179,59887,42663,recurridos,,recurridos,33,PROVISORIO,api_dine,si
2023,PASO,PRESIDENTE Y VICE,21,Santa Fe,19,455,156959,110256,PRINCIPIOS Y VALORES,,agrupacion,1868,PROVISORIO,api_dine,si
2023,PASO,PRESIDENTE Y VICE,21,Santa Fe,19,455,156959,110256,PRINCIPIOS Y VALORES,2B- TRANSFORMAR,lista,27,PROVISORIO,api_dine,si
2023,PASO,PRESIDENTE Y VICE,21,Santa Fe,19,455,156959,110256,PRINCIPIOS Y VALORES,3C- TRES BANDERAS,lista,0,PROVISORIO,api_dine,si
2023,PASO,PRESIDENTE Y VICE,21,Santa Fe,19,455,156959,110256,PRINCIPIOS Y VALORES,4D- GENTE DE TRABAJO,lista,2,PROVISORIO,api_dine,si
2023,PASO,PRESIDENTE Y VICE,21,Santa Fe,19,455,156959,110256,PRINCIPIOS Y VALORES,5E- LABORISTA,lista,3,PROVISORIO,api_dine,si
2023,PASO,PRESIDENTE Y VICE,21,Santa Fe,19,455,156959,110256,PRINCIPIOS Y VALORES,"1A- TIERRA, TECHO  Y TRABAJO",lista,1836,PROVISORIO,api_dine,si
2023,PASO,PRESIDENTE Y VICE,21,Santa Fe,19,455,156959,110256,FRENTE DE IZQUIERDA Y DE TRABAJADORES - UNIDAD,,agrupacion,1746,PROVISORIO,api_dine,si
2023,PASO,PRESIDENTE Y VICE,21,Santa Fe,19,455,156959,110256,FRENTE DE IZQUIERDA Y DE TRABAJADORES - UNIDAD,A- UNIR Y FORTALECER LA IZQUIERDA,lista,1159,PROVISORIO,api_dine,si
2023,PASO,PRESIDENTE Y VICE,21,Santa Fe,19,455,156959,110256,FRENTE DE IZQUIERDA Y DE TRABAJADORES - UNIDAD,B- UNIDAD DE LUCHADORES Y LA IZQUIERDA,lista,587,PROVISORIO,api_dine,si
2023,PASO,PRESIDENTE Y VICE,21,Santa Fe,19,455,156959,110256,MOVIMIENTO IZQUIERDA JUVENTUD Y DIGNIDAD,,agrupacion,341,PROVISORIO,api_dine,si
2023,PASO,PRESIDENTE Y VICE,21,Santa Fe,19,455,156959,110256,MOVIMIENTO IZQUIERDA JUVENTUD Y DIGNIDAD,A- DIGNIDAD,lista,114,PROVISORIO,api_dine,si
2023,PASO,PRESIDENTE Y VICE,21,Santa Fe,19,455,156959,110256,MOVIMIENTO IZQUIERDA JUVENTUD Y DIGNIDAD,B- CONFEDERAL,lista,227,PROVISORIO,api_dine,si
2023,PASO,PRESIDENTE Y VICE,21,Santa Fe,19,455,156959,110256,PROYECTO JOVEN,,agrupacion,238,PROVISORIO,api_dine,si
2023,PASO,PRESIDENTE Y VICE,21,Santa Fe,19,455,156959,110256,PROYECTO JOVEN,A- COALICION PAZ DEMOCRACIA SOBERANIA,lista,126,PROVISORIO,api_dine,si
2023,PASO,PRESIDENTE Y VICE,21,Santa Fe,19,455,156959,110256,PROYECTO JOVEN,B- PATRIA UNIDA,lista,14,PROVISORIO,api_dine,si
2023,PASO,PRESIDENTE Y VICE,21,Santa Fe,19,455,156959,110256,PROYECTO JOVEN,C- TODEX,lista,98,PROVISORIO,api_dine,si
2023,PASO,PRESIDENTE Y VICE,21,Santa Fe,19,455,156959,110256,MOVIMIENTO LIBRES DEL SUR,,agrupacion,284,PROVISORIO,api_dine,si
2023,PASO,PRESIDENTE Y VICE,21,Santa Fe,19,455,156959,110256,MOVIMIENTO LIBRES DEL SUR,A- AZUL Y ROJO,lista,284,PROVISORIO,api_dine,si
2023,PASO,PRESIDENTE Y VICE,21,Santa Fe,19,455,156959,110256,JUNTOS POR EL CAMBIO,,agrupacion,28503,PROVISORIO,api_dine,si
2023,PASO,PRESIDENTE Y VICE,21,Santa Fe,19,455,156959,110256,JUNTOS POR EL CAMBIO,B- LA FUERZA DEL CAMBIO,lista,17510,PROVISORIO,api_dine,si
2023,PASO,PRESIDENTE Y VICE,21,Santa Fe,19,455,156959,110256,JUNTOS POR EL CAMBIO,A- EL CAMBIO DE NUESTRAS VIDAS,lista,10993,PROVISORIO,api_dine,si
2023,PASO,PRESIDENTE Y VICE,21,Santa Fe,19,455,156959,110256,UNION POR LA PATRIA,,agrupacion,22658,PROVISORIO,api_dine,si
2023,PASO,PRESIDENTE Y VICE,21,Santa Fe,19,455,156959,110256,UNION POR LA PATRIA,A- CELESTE Y BLANCA,lista,18445,PROVISORIO,api_dine,si
2023,PASO,PRESIDENTE Y VICE,21,Santa Fe,19,455,156959,110256,UNION POR LA PATRIA,B- JUSTA Y SOBERANA,lista,4213,PROVISORIO,api_dine,si
2023,PASO,PRESIDENTE Y VICE,21,Santa Fe,19,455,156959,110256,FRENTE LIBER.AR,,agrupacion,101,PROVISORIO,api_dine,si
2023,PASO,PRESIDENTE Y VICE,21,Santa Fe,19,455,156959,110256,FRENTE LIBER.AR,B- RECONQUISTA,lista,21,PROVISORIO,api_dine,si
2023,PASO,PRESIDENTE Y VICE,21,Santa Fe,19,455,156959,110256,FRENTE LIBER.AR,A- DEMOS,lista,1,PROVISORIO,api_dine,si
2023,PASO,PRESIDENTE Y VICE,21,Santa Fe,19,455,156959,110256,FRENTE LIBER.AR,C- ANTICORRUPCIÓN,lista,79,PROVISORIO,api_dine,si
2023,PASO,PRESIDENTE Y VICE,21,Santa Fe,19,455,156959,110256,FRENTE PATRIOTA FEDERAL,,agrupacion,172,PROVISORIO,api_dine,si
2023,PASO,PRESIDENTE Y VICE,21,Santa Fe,19,455,156959,110256,FRENTE PATRIOTA FEDERAL,A- PRIMERO LA PATRIA,lista,172,PROVISORIO,api_dine,si
2023,PASO,PRESIDENTE Y VICE,21,Santa Fe,19,455,156959,110256,MOVIMIENTO DE ACCION VECINAL,,agrupacion,129,PROVISORIO,api_dine,si
2023,PASO,PRESIDENTE Y VICE,21,Santa Fe,19,455,156959,110256,MOVIMIENTO DE ACCION VECINAL,A- COMPROMISO VECINAL,lista,129,PROVISORIO,api_dine,si
2023,PASO,PRESIDENTE Y VICE,21,Santa Fe,19,455,156959,110256,HACEMOS POR NUESTRO PAIS,,agrupacion,3725,PROVISORIO,api_dine,si
2023,PASO,PRESIDENTE Y VICE,21,Santa Fe,19,455,156959,110256,HACEMOS POR NUESTRO PAIS,A- HACEMOS,lista,3725,PROVISORIO,api_dine,si
2023,PASO,PRESIDENTE Y VICE,21,Santa Fe,19,455,156959,110256,UNION DEL CENTRO DEMOCRATICO,,agrupacion,205,PROVISORIO,api_dine,si
2023,PASO,PRESIDENTE Y VICE,21,Santa Fe,19,455,156959,110256,UNION DEL CENTRO DEMOCRATICO,A- APERTURA LIBERAL ARGENTINA,lista,205,PROVISORIO,api_dine,si
2023,PASO,PRESIDENTE Y VICE,21,Santa Fe,19,455,156959,110256,LA LIBERTAD AVANZA,,agrupacion,43227,PROVISORIO,api_dine,si
2023,PASO,PRESIDENTE Y VICE,21,Santa Fe,19,455,156959,110256,LA LIBERTAD AVANZA,A- LIBERTAD POR SIEMPRE,lista,43227,PROVISORIO,api_dine,si
2023,PASO,PRESIDENTE Y VICE,21,Santa Fe,19,455,156959,110256,POLITICA OBRERA,,agrupacion,270,PROVISORIO,api_dine,si
2023,PASO,PRESIDENTE Y VICE,21,Santa Fe,19,455,156959,110256,POLITICA OBRERA,A- UNIDAD OBRERA,lista,270,PROVISORIO,api_dine,si
2023,PASO,PRESIDENTE Y VICE,21,Santa Fe,19,455,156959,110256,MOVIMIENTO AL SOCIALISMO,,agrupacion,291,PROVISORIO,api_dine,si
2023,PASO,PRESIDENTE Y VICE,21,Santa Fe,19,455,156959,110256,MOVIMIENTO AL SOCIALISMO,A- IZQUIERDA ANTICAPITALISTA,lista,291,PROVISORIO,api_dine,si
2023,PASO,PRESIDENTE Y VICE,21,Santa Fe,19,455,156959,110256,nulos,,nulos,2751,PROVISORIO,api_dine,si
2023,PASO,PRESIDENTE Y VICE,21,Santa Fe,19,455,156959,110256,blancos,,blancos,3698,PROVISORIO,api_dine,si
2023,PASO,PRESIDENTE Y VICE,21,Santa Fe,19,455,156959,110256,recurridos,,recurridos,49,PROVISORIO,api_dine,si
2023,GENERAL,PRESIDENTE Y VICE,21,Santa Fe,1,1330,457995,314516,JUNTOS POR EL CAMBIO,,agrupacion,85542,PROVISORIO,api_dine,si
2023,GENERAL,PRESIDENTE Y VICE,21,Santa Fe,1,1330,457995,314516,HACEMOS POR NUESTRO PAIS,,agrupacion,25068,PROVISORIO,api_dine,si
2023,GENERAL,PRESIDENTE Y VICE,21,Santa Fe,1,1330,457995,314516,FRENTE DE IZQUIERDA Y DE TRABAJADORES - UNIDAD,,agrupacion,5661,PROVISORIO,api_dine,si
2023,GENERAL,PRESIDENTE Y VICE,21,Santa Fe,1,1330,457995,314516,UNION POR LA PATRIA,,agrupacion,94217,PROVISORIO,api_dine,si
2023,GENERAL,PRESIDENTE Y VICE,21,Santa Fe,1,1330,457995,314516,LA LIBERTAD AVANZA,,agrupacion,97083,PROVISORIO,api_dine,si
2023,GENERAL,PRESIDENTE Y VICE,21,Santa Fe,1,1330,457995,314516,nulos,,nulos,4075,PROVISORIO,api_dine,si
2023,GENERAL,PRESIDENTE Y VICE,21,Santa Fe,1,1330,457995,314516,blancos,,blancos,2615,PROVISORIO,api_dine,si
2023,GENERAL,PRESIDENTE Y VICE,21,Santa Fe,1,1330,457995,314516,recurridos,,recurridos,255,PROVISORIO,api_dine,si
2023,GENERAL,PRESIDENTE Y VICE,21,Santa Fe,2,282,91062,68809,LA LIBERTAD AVANZA,,agrupacion,28144,PROVISORIO,api_dine,si
2023,GENERAL,PRESIDENTE Y VICE,21,Santa Fe,2,282,91062,68809,UNION POR LA PATRIA,,agrupacion,11560,PROVISORIO,api_dine,si
2023,GENERAL,PRESIDENTE Y VICE,21,Santa Fe,2,282,91062,68809,JUNTOS POR EL CAMBIO,,agrupacion,20094,PROVISORIO,api_dine,si
2023,GENERAL,PRESIDENTE Y VICE,21,Santa Fe,2,282,91062,68809,HACEMOS POR NUESTRO PAIS,,agrupacion,6852,PROVISORIO,api_dine,si
2023,GENERAL,PRESIDENTE Y VICE,21,Santa Fe,2,282,91062,68809,FRENTE DE IZQUIERDA Y DE TRABAJADORES - UNIDAD,,agrupacion,766,PROVISORIO,api_dine,si
2023,GENERAL,PRESIDENTE Y VICE,21,Santa Fe,2,282,91062,68809,nulos,,nulos,690,PROVISORIO,api_dine,si
2023,GENERAL,PRESIDENTE Y VICE,21,Santa Fe,2,282,91062,68809,blancos,,blancos,655,PROVISORIO,api_dine,si
2023,GENERAL,PRESIDENTE Y VICE,21,Santa Fe,2,282,91062,68809,recurridos,,recurridos,48,PROVISORIO,api_dine,si
2023,GENERAL,PRESIDENTE Y VICE,21,Santa Fe,3,211,70210,51110,JUNTOS POR EL CAMBIO,,agrupacion,13367,PROVISORIO,api_dine,si
2023,GENERAL,PRESIDENTE Y VICE,21,Santa Fe,3,211,70210,51110,LA LIBERTAD AVANZA,,agrupacion,17065,PROVISORIO,api_dine,si
2023,GENERAL,PRESIDENTE Y VICE,21,Santa Fe,3,211,70210,51110,UNION POR LA PATRIA,,agrupacion,13648,PROVISORIO,api_dine,si
2023,GENERAL,PRESIDENTE Y VICE,21,Santa Fe,3,211,70210,51110,HACEMOS POR NUESTRO PAIS,,agrupacion,5278,PROVISORIO,api_dine,si
2023,GENERAL,PRESIDENTE Y VICE,21,Santa Fe,3,211,70210,51110,FRENTE DE IZQUIERDA Y DE TRABAJADORES - UNIDAD,,agrupacion,688,PROVISORIO,api_dine,si
2023,GENERAL,PRESIDENTE Y VICE,21,Santa Fe,3,211,70210,51110,nulos,,nulos,489,PROVISORIO,api_dine,si
2023,GENERAL,PRESIDENTE Y VICE,21,Santa Fe,3,211,70210,51110,blancos,,blancos,562,PROVISORIO,api_dine,si
2023,GENERAL,PRESIDENTE Y VICE,21,Santa Fe,3,211,70210,51110,recurridos,,recurridos,13,PROVISORIO,api_dine,si
2023,GENERAL,PRESIDENTE Y VICE,21,Santa Fe,4,62,19909,13639,LA LIBERTAD AVANZA,,agrupacion,4827,PROVISORIO,api_dine,si
2023,GENERAL,PRESIDENTE Y VICE,21,Santa Fe,4,62,19909,13639,UNION POR LA PATRIA,,agrupacion,4314,PROVISORIO,api_dine,si
2023,GENERAL,PRESIDENTE Y VICE,21,Santa Fe,4,62,19909,13639,JUNTOS POR EL CAMBIO,,agrupacion,3381,PROVISORIO,api_dine,si
2023,GENERAL,PRESIDENTE Y VICE,21,Santa Fe,4,62,19909,13639,HACEMOS POR NUESTRO PAIS,,agrupacion,716,PROVISORIO,api_dine,si
2023,GENERAL,PRESIDENTE Y VICE,21,Santa Fe,4,62,19909,13639,FRENTE DE IZQUIERDA Y DE TRABAJADORES - UNIDAD,,agrupacion,133,PROVISORIO,api_dine,si
2023,GENERAL,PRESIDENTE Y VICE,21,Santa Fe,4,62,19909,13639,nulos,,nulos,141,PROVISORIO,api_dine,si
2023,GENERAL,PRESIDENTE Y VICE,21,Santa Fe,4,62,19909,13639,blancos,,blancos,118,PROVISORIO,api_dine,si
2023,GENERAL,PRESIDENTE Y VICE,21,Santa Fe,4,62,19909,13639,recurridos,,recurridos,9,PROVISORIO,api_dine,si
2023,GENERAL,PRESIDENTE Y VICE,21,Santa Fe,5,459,150951,113988,LA LIBERTAD AVANZA,,agrupacion,39564,PROVISORIO,api_dine,si
2023,GENERAL,PRESIDENTE Y VICE,21,Santa Fe,5,459,150951,113988,JUNTOS POR EL CAMBIO,,agrupacion,33085,PROVISORIO,api_dine,si
2023,GENERAL,PRESIDENTE Y VICE,21,Santa Fe,5,459,150951,113988,HACEMOS POR NUESTRO PAIS,,agrupacion,16537,PROVISORIO,api_dine,si
2023,GENERAL,PRESIDENTE Y VICE,21,Santa Fe,5,459,150951,113988,UNION POR LA PATRIA,,agrupacion,21353,PROVISORIO,api_dine,si
2023,GENERAL,PRESIDENTE Y VICE,21,Santa Fe,5,459,150951,113988,FRENTE DE IZQUIERDA Y DE TRABAJADORES - UNIDAD,,agrupacion,1350,PROVISORIO,api_dine,si
2023,GENERAL,PRESIDENTE Y VICE,21,Santa Fe,5,459,150951,113988,nulos,,nulos,1106,PROVISORIO,api_dine,si
2023,GENERAL,PRESIDENTE Y VICE,21,Santa Fe,5,459,150951,113988,blancos,,blancos,933,PROVISORIO,api_dine,si
2023,GENERAL,PRESIDENTE Y VICE,21,Santa Fe,5,459,150951,113988,recurridos,,recurridos,60,PROVISORIO,api_dine,si
2023,GENERAL,PRESIDENTE Y VICE,21,Santa Fe,6,165,55164,41618,LA LIBERTAD AVANZA,,agrupacion,15461,PROVISORIO,api_dine,si
2023,GENERAL,PRESIDENTE Y VICE,21,Santa Fe,6,165,55164,41618,HACEMOS POR NUESTRO PAIS,,agrupacion,5984,PROVISORIO,api_dine,si
2023,GENERAL,PRESIDENTE Y VICE,21,Santa Fe,6,165,55164,41618,JUNTOS POR EL CAMBIO,,agrupacion,11214,PROVISORIO,api_dine,si
2023,GENERAL,PRESIDENTE Y VICE,21,Santa Fe,6,165,55164,41618,UNION POR LA PATRIA,,agrupacion,7693,PROVISORIO,api_dine,si
2023,GENERAL,PRESIDENTE Y VICE,21,Santa Fe,6,165,55164,41618,FRENTE DE IZQUIERDA Y DE TRABAJADORES - UNIDAD,,agrupacion,425,PROVISORIO,api_dine,si
2023,GENERAL,PRESIDENTE Y VICE,21,Santa Fe,6,165,55164,41618,nulos,,nulos,513,PROVISORIO,api_dine,si
2023,GENERAL,PRESIDENTE Y VICE,21,Santa Fe,6,165,55164,41618,blancos,,blancos,327,PROVISORIO,api_dine,si
2023,GENERAL,PRESIDENTE Y VICE,21,Santa Fe,6,165,55164,41618,recurridos,,recurridos,1,PROVISORIO,api_dine,si
2023,GENERAL,PRESIDENTE Y VICE,21,Santa Fe,7,189,60559,41392,LA LIBERTAD AVANZA,,agrupacion,14275,PROVISORIO,api_dine,si
2023,GENERAL,PRESIDENTE Y VICE,21,Santa Fe,7,189,60559,41392,HACEMOS POR NUESTRO PAIS,,agrupacion,5221,PROVISORIO,api_dine,si
2023,GENERAL,PRESIDENTE Y VICE,21,Santa Fe,7,189,60559,41392,JUNTOS POR EL CAMBIO,,agrupacion,10545,PROVISORIO,api_dine,si
2023,GENERAL,PRESIDENTE Y VICE,21,Santa Fe,7,189,60559,41392,UNION POR LA PATRIA,,agrupacion,10249,PROVISORIO,api_dine,si
2023,GENERAL,PRESIDENTE Y VICE,21,Santa Fe,7,189,60559,41392,FRENTE DE IZQUIERDA Y DE TRABAJADORES - UNIDAD,,agrupacion,416,PROVISORIO,api_dine,si
2023,GENERAL,PRESIDENTE Y VICE,21,Santa Fe,7,189,60559,41392,nulos,,nulos,326,PROVISORIO,api_dine,si
2023,GENERAL,PRESIDENTE Y VICE,21,Santa Fe,7,189,60559,41392,blancos,,blancos,325,PROVISORIO,api_dine,si
2023,GENERAL,PRESIDENTE Y VICE,21,Santa Fe,7,189,60559,41392,recurridos,,recurridos,35,PROVISORIO,api_dine,si
2023,GENERAL,PRESIDENTE Y VICE,21,Santa Fe,8,117,37293,26968,LA LIBERTAD AVANZA,,agrupacion,9888,PROVISORIO,api_dine,si
2023,GENERAL,PRESIDENTE Y VICE,21,Santa Fe,8,117,37293,26968,JUNTOS POR EL CAMBIO,,agrupacion,7342,PROVISORIO,api_dine,si
2023,GENERAL,PRESIDENTE Y VICE,21,Santa Fe,8,117,37293,26968,UNION POR LA PATRIA,,agrupacion,6304,PROVISORIO,api_dine,si
2023,GENERAL,PRESIDENTE Y VICE,21,Santa Fe,8,117,37293,26968,HACEMOS POR NUESTRO PAIS,,agrupacion,2680,PROVISORIO,api_dine,si
2023,GENERAL,PRESIDENTE Y VICE,21,Santa Fe,8,117,37293,26968,FRENTE DE IZQUIERDA Y DE TRABAJADORES - UNIDAD,,agrupacion,246,PROVISORIO,api_dine,si
2023,GENERAL,PRESIDENTE Y VICE,21,Santa Fe,8,117,37293,26968,nulos,,nulos,303,PROVISORIO,api_dine,si
2023,GENERAL,PRESIDENTE Y VICE,21,Santa Fe,8,117,37293,26968,blancos,,blancos,202,PROVISORIO,api_dine,si
2023,GENERAL,PRESIDENTE Y VICE,21,Santa Fe,8,117,37293,26968,recurridos,,recurridos,3,PROVISORIO,api_dine,si
2023,GENERAL,PRESIDENTE Y VICE,21,Santa Fe,9,464,154178,113662,UNION POR LA PATRIA,,agrupacion,36272,PROVISORIO,api_dine,si
2023,GENERAL,PRESIDENTE Y VICE,21,Santa Fe,9,464,154178,113662,LA LIBERTAD AVANZA,,agrupacion,38440,PROVISORIO,api_dine,si
2023,GENERAL,PRESIDENTE Y VICE,21,Santa Fe,9,464,154178,113662,JUNTOS POR EL CAMBIO,,agrupacion,27734,PROVISORIO,api_dine,si
2023,GENERAL,PRESIDENTE Y VICE,21,Santa Fe,9,464,154178,113662,HACEMOS POR NUESTRO PAIS,,agrupacion,8056,PROVISORIO,api_dine,si
2023,GENERAL,PRESIDENTE Y VICE,21,Santa Fe,9,464,154178,113662,FRENTE DE IZQUIERDA Y DE TRABAJADORES - UNIDAD,,agrupacion,1185,PROVISORIO,api_dine,si
2023,GENERAL,PRESIDENTE Y VICE,21,Santa Fe,9,464,154178,113662,nulos,,nulos,1064,PROVISORIO,api_dine,si
2023,GENERAL,PRESIDENTE Y VICE,21,Santa Fe,9,464,154178,113662,blancos,,blancos,859,PROVISORIO,api_dine,si
2023,GENERAL,PRESIDENTE Y VICE,21,Santa Fe,9,464,154178,113662,recurridos,,recurridos,52,PROVISORIO,api_dine,si
2023,GENERAL,PRESIDENTE Y VICE,21,Santa Fe,10,147,46430,31166,UNION POR LA PATRIA,,agrupacion,11957,PROVISORIO,api_dine,si
2023,GENERAL,PRESIDENTE Y VICE,21,Santa Fe,10,147,46430,31166,LA LIBERTAD AVANZA,,agrupacion,9437,PROVISORIO,api_dine,si
2023,GENERAL,PRESIDENTE Y VICE,21,Santa Fe,10,147,46430,31166,JUNTOS POR EL CAMBIO,,agrupacion,6780,PROVISORIO,api_dine,si
2023,GENERAL,PRESIDENTE Y VICE,21,Santa Fe,10,147,46430,31166,HACEMOS POR NUESTRO PAIS,,agrupacion,2067,PROVISORIO,api_dine,si
2023,GENERAL,PRESIDENTE Y VICE,21,Santa Fe,10,147,46430,31166,FRENTE DE IZQUIERDA Y DE TRABAJADORES - UNIDAD,,agrupacion,291,PROVISORIO,api_dine,si
2023,GENERAL,PRESIDENTE Y VICE,21,Santa Fe,10,147,46430,31166,nulos,,nulos,309,PROVISORIO,api_dine,si
2023,GENERAL,PRESIDENTE Y VICE,21,Santa Fe,10,147,46430,31166,blancos,,blancos,311,PROVISORIO,api_dine,si
2023,GENERAL,PRESIDENTE Y VICE,21,Santa Fe,10,147,46430,31166,recurridos,,recurridos,14,PROVISORIO,api_dine,si
2023,GENERAL,PRESIDENTE Y VICE,21,Santa Fe,11,89,27930,18966,UNION POR LA PATRIA,,agrupacion,6710,PROVISORIO,api_dine,si
2023,GENERAL,PRESIDENTE Y VICE,21,Santa Fe,11,89,27930,18966,JUNTOS POR EL CAMBIO,,agrupacion,4519,PROVISORIO,api_dine,si
2023,GENERAL,PRESIDENTE Y VICE,21,Santa Fe,11,89,27930,18966,LA LIBERTAD AVANZA,,agrupacion,5728,PROVISORIO,api_dine,si
2023,GENERAL,PRESIDENTE Y VICE,21,Santa Fe,11,89,27930,18966,HACEMOS POR NUESTRO PAIS,,agrupacion,1410,PROVISORIO,api_dine,si
2023,GENERAL,PRESIDENTE Y VICE,21,Santa Fe,11,89,27930,18966,FRENTE DE IZQUIERDA Y DE TRABAJADORES - UNIDAD,,agrupacion,166,PROVISORIO,api_dine,si
2023,GENERAL,PRESIDENTE Y VICE,21,Santa Fe,11,89,27930,18966,nulos,,nulos,232,PROVISORIO,api_dine,si
2023,GENERAL,PRESIDENTE Y VICE,21,Santa Fe,11,89,27930,18966,blancos,,blancos,200,PROVISORIO,api_dine,si
2023,GENERAL,PRESIDENTE Y VICE,21,Santa Fe,11,89,27930,18966,recurridos,,recurridos,1,PROVISORIO,api_dine,si
2023,GENERAL,PRESIDENTE Y VICE,21,Santa Fe,12,82,26821,18226,LA LIBERTAD AVANZA,,agrupacion,7342,PROVISORIO,api_dine,si
2023,GENERAL,PRESIDENTE Y VICE,21,Santa Fe,12,82,26821,18226,UNION POR LA PATRIA,,agrupacion,5278,PROVISORIO,api_dine,si
2023,GENERAL,PRESIDENTE Y VICE,21,Santa Fe,12,82,26821,18226,JUNTOS POR EL CAMBIO,,agrupacion,4029,PROVISORIO,api_dine,si
2023,GENERAL,PRESIDENTE Y VICE,21,Santa Fe,12,82,26821,18226,HACEMOS POR NUESTRO PAIS,,agrupacion,1130,PROVISORIO,api_dine,si
2023,GENERAL,PRESIDENTE Y VICE,21,Santa Fe,12,82,26821,18226,FRENTE DE IZQUIERDA Y DE TRABAJADORES - UNIDAD,,agrupacion,172,PROVISORIO,api_dine,si
2023,GENERAL,PRESIDENTE Y VICE,21,Santa Fe,12,82,26821,18226,nulos,,nulos,119,PROVISORIO,api_dine,si
2023,GENERAL,PRESIDENTE Y VICE,21,Santa Fe,12,82,26821,18226,blancos,,blancos,142,PROVISORIO,api_dine,si
2023,GENERAL,PRESIDENTE Y VICE,21,Santa Fe,12,82,26821,18226,recurridos,,recurridos,14,PROVISORIO,api_dine,si
2023,GENERAL,PRESIDENTE Y VICE,21,Santa Fe,13,3050,1056533,779396,JUNTOS POR EL CAMBIO,,agrupacion,203995,PROVISORIO,api_dine,si
2023,GENERAL,PRESIDENTE Y VICE,21,Santa Fe,13,3050,1056533,779396,UNION POR LA PATRIA,,agrupacion,262897,PROVISORIO,api_dine,si
2023,GENERAL,PRESIDENTE Y VICE,21,Santa Fe,13,3050,1056533,779396,LA LIBERTAD AVANZA,,agrupacion,219820,PROVISORIO,api_dine,si
2023,GENERAL,PRESIDENTE Y VICE,21,Santa Fe,13,3050,1056533,779396,HACEMOS POR NUESTRO PAIS,,agrupacion,54449,PROVISORIO,api_dine,si
2023,GENERAL,PRESIDENTE Y VICE,21,Santa Fe,13,3050,1056533,779396,FRENTE DE IZQUIERDA Y DE TRABAJADORES - UNIDAD,,agrupacion,19504,PROVISORIO,api_dine,si
2023,GENERAL,PRESIDENTE Y VICE,21,Santa Fe,13,3050,1056533,779396,nulos,,nulos,11072,PROVISORIO,api_dine,si
2023,GENERAL,PRESIDENTE Y VICE,21,Santa Fe,13,3050,1056533,779396,blancos,,blancos,7157,PROVISORIO,api_dine,si
2023,GENERAL,PRESIDENTE Y VICE,21,Santa Fe,13,3050,1056533,779396,recurridos,,recurridos,502,PROVISORIO,api_dine,si
2023,GENERAL,PRESIDENTE Y VICE,21,Santa Fe,14,214,72338,54979,LA LIBERTAD AVANZA,,agrupacion,18238,PROVISORIO,api_dine,si
2023,GENERAL,PRESIDENTE Y VICE,21,Santa Fe,14,214,72338,54979,UNION POR LA PATRIA,,agrupacion,11612,PROVISORIO,api_dine,si
2023,GENERAL,PRESIDENTE Y VICE,21,Santa Fe,14,214,72338,54979,JUNTOS POR EL CAMBIO,,agrupacion,15939,PROVISORIO,api_dine,si
2023,GENERAL,PRESIDENTE Y VICE,21,Santa Fe,14,214,72338,54979,HACEMOS POR NUESTRO PAIS,,agrupacion,7131,PROVISORIO,api_dine,si
2023,GENERAL,PRESIDENTE Y VICE,21,Santa Fe,14,214,72338,54979,FRENTE DE IZQUIERDA Y DE TRABAJADORES - UNIDAD,,agrupacion,899,PROVISORIO,api_dine,si
2023,GENERAL,PRESIDENTE Y VICE,21,Santa Fe,14,214,72338,54979,nulos,,nulos,552,PROVISORIO,api_dine,si
2023,GENERAL,PRESIDENTE Y VICE,21,Santa Fe,14,214,72338,54979,blancos,,blancos,587,PROVISORIO,api_dine,si
2023,GENERAL,PRESIDENTE Y VICE,21,Santa Fe,14,214,72338,54979,recurridos,,recurridos,21,PROVISORIO,api_dine,si
2023,GENERAL,PRESIDENTE Y VICE,21,Santa Fe,15,228,76806,59210,LA LIBERTAD AVANZA,,agrupacion,17747,PROVISORIO,api_dine,si
2023,GENERAL,PRESIDENTE Y VICE,21,Santa Fe,15,228,76806,59210,UNION POR LA PATRIA,,agrupacion,18339,PROVISORIO,api_dine,si
2023,GENERAL,PRESIDENTE Y VICE,21,Santa Fe,15,228,76806,59210,JUNTOS POR EL CAMBIO,,agrupacion,14256,PROVISORIO,api_dine,si
2023,GENERAL,PRESIDENTE Y VICE,21,Santa Fe,15,228,76806,59210,HACEMOS POR NUESTRO PAIS,,agrupacion,6378,PROVISORIO,api_dine,si
2023,GENERAL,PRESIDENTE Y VICE,21,Santa Fe,15,228,76806,59210,FRENTE DE IZQUIERDA Y DE TRABAJADORES - UNIDAD,,agrupacion,1229,PROVISORIO,api_dine,si
2023,GENERAL,PRESIDENTE Y VICE,21,Santa Fe,15,228,76806,59210,nulos,,nulos,635,PROVISORIO,api_dine,si
2023,GENERAL,PRESIDENTE Y VICE,21,Santa Fe,15,228,76806,59210,blancos,,blancos,599,PROVISORIO,api_dine,si
2023,GENERAL,PRESIDENTE Y VICE,21,Santa Fe,15,228,76806,59210,recurridos,,recurridos,27,PROVISORIO,api_dine,si
2023,GENERAL,PRESIDENTE Y VICE,21,Santa Fe,16,494,166983,125654,LA LIBERTAD AVANZA,,agrupacion,44550,PROVISORIO,api_dine,si
2023,GENERAL,PRESIDENTE Y VICE,21,Santa Fe,16,494,166983,125654,JUNTOS POR EL CAMBIO,,agrupacion,36915,PROVISORIO,api_dine,si
2023,GENERAL,PRESIDENTE Y VICE,21,Santa Fe,16,494,166983,125654,HACEMOS POR NUESTRO PAIS,,agrupacion,13354,PROVISORIO,api_dine,si
2023,GENERAL,PRESIDENTE Y VICE,21,Santa Fe,16,494,166983,125654,UNION POR LA PATRIA,,agrupacion,26609,PROVISORIO,api_dine,si
2023,GENERAL,PRESIDENTE Y VICE,21,Santa Fe,16,494,166983,125654,FRENTE DE IZQUIERDA Y DE TRABAJADORES - UNIDAD,,agrupacion,1856,PROVISORIO,api_dine,si
2023,GENERAL,PRESIDENTE Y VICE,21,Santa Fe,16,494,166983,125654,nulos,,nulos,1165,PROVISORIO,api_dine,si
2023,GENERAL,PRESIDENTE Y VICE,21,Santa Fe,16,494,166983,125654,blancos,,blancos,1193,PROVISORIO,api_dine,si
2023,GENERAL,PRESIDENTE Y VICE,21,Santa Fe,16,494,166983,125654,recurridos,,recurridos,12,PROVISORIO,api_dine,si
2023,GENERAL,PRESIDENTE Y VICE,21,Santa Fe,17,115,39428,30302,LA LIBERTAD AVANZA,,agrupacion,10957,PROVISORIO,api_dine,si
2023,GENERAL,PRESIDENTE Y VICE,21,Santa Fe,17,115,39428,30302,JUNTOS POR EL CAMBIO,,agrupacion,8272,PROVISORIO,api_dine,si
2023,GENERAL,PRESIDENTE Y VICE,21,Santa Fe,17,115,39428,30302,UNION POR LA PATRIA,,agrupacion,6038,PROVISORIO,api_dine,si
2023,GENERAL,PRESIDENTE Y VICE,21,Santa Fe,17,115,39428,30302,HACEMOS POR NUESTRO PAIS,,agrupacion,4093,PROVISORIO,api_dine,si
2023,GENERAL,PRESIDENTE Y VICE,21,Santa Fe,17,115,39428,30302,FRENTE DE IZQUIERDA Y DE TRABAJADORES - UNIDAD,,agrupacion,333,PROVISORIO,api_dine,si
2023,GENERAL,PRESIDENTE Y VICE,21,Santa Fe,17,115,39428,30302,nulos,,nulos,253,PROVISORIO,api_dine,si
2023,GENERAL,PRESIDENTE Y VICE,21,Santa Fe,17,115,39428,30302,blancos,,blancos,354,PROVISORIO,api_dine,si
2023,GENERAL,PRESIDENTE Y VICE,21,Santa Fe,17,115,39428,30302,recurridos,,recurridos,2,PROVISORIO,api_dine,si
2023,GENERAL,PRESIDENTE Y VICE,21,Santa Fe,18,179,59844,45716,LA LIBERTAD AVANZA,,agrupacion,15749,PROVISORIO,api_dine,si
2023,GENERAL,PRESIDENTE Y VICE,21,Santa Fe,18,179,59844,45716,JUNTOS POR EL CAMBIO,,agrupacion,11564,PROVISORIO,api_dine,si
2023,GENERAL,PRESIDENTE Y VICE,21,Santa Fe,18,179,59844,45716,UNION POR LA PATRIA,,agrupacion,11021,PROVISORIO,api_dine,si
2023,GENERAL,PRESIDENTE Y VICE,21,Santa Fe,18,179,59844,45716,HACEMOS POR NUESTRO PAIS,,agrupacion,5710,PROVISORIO,api_dine,si
2023,GENERAL,PRESIDENTE Y VICE,21,Santa Fe,18,179,59844,45716,FRENTE DE IZQUIERDA Y DE TRABAJADORES - UNIDAD,,agrupacion,744,PROVISORIO,api_dine,si
2023,GENERAL,PRESIDENTE Y VICE,21,Santa Fe,18,179,59844,45716,nulos,,nulos,421,PROVISORIO,api_dine,si
2023,GENERAL,PRESIDENTE Y VICE,21,Santa Fe,18,179,59844,45716,blancos,,blancos,507,PROVISORIO,api_dine,si
2023,GENERAL,PRESIDENTE Y VICE,21,Santa Fe,18,179,59844,45716,recurridos,,recurridos,0,PROVISORIO,api_dine,si
2023,GENERAL,PRESIDENTE Y VICE,21,Santa Fe,19,455,157360,121169,LA LIBERTAD AVANZA,,agrupacion,43498,PROVISORIO,api_dine,si
2023,GENERAL,PRESIDENTE Y VICE,21,Santa Fe,19,455,157360,121169,UNION POR LA PATRIA,,agrupacion,35170,PROVISORIO,api_dine,si
2023,GENERAL,PRESIDENTE Y VICE,21,Santa Fe,19,455,157360,121169,JUNTOS POR EL CAMBIO,,agrupacion,26104,PROVISORIO,api_dine,si
2023,GENERAL,PRESIDENTE Y VICE,21,Santa Fe,19,455,157360,121169,HACEMOS POR NUESTRO PAIS,,agrupacion,11091,PROVISORIO,api_dine,si
2023,GENERAL,PRESIDENTE Y VICE,21,Santa Fe,19,455,157360,121169,FRENTE DE IZQUIERDA Y DE TRABAJADORES - UNIDAD,,agrupacion,2489,PROVISORIO,api_dine,si
2023,GENERAL,PRESIDENTE Y VICE,21,Santa Fe,19,455,157360,121169,nulos,,nulos,1470,PROVISORIO,api_dine,si
2023,GENERAL,PRESIDENTE Y VICE,21,Santa Fe,19,455,157360,121169,blancos,,blancos,1145,PROVISORIO,api_dine,si
2023,GENERAL,PRESIDENTE Y VICE,21,Santa Fe,19,455,157360,121169,recurridos,,recurridos,202,PROVISORIO,api_dine,si
2023,BALOTAJE,PRESIDENTE Y VICE,21,Santa Fe,1,1328,457297,338022,LA LIBERTAD AVANZA,,agrupacion,197934,PROVISORIO,api_dine,si
2023,BALOTAJE,PRESIDENTE Y VICE,21,Santa Fe,1,1328,457297,338022,UNION POR LA PATRIA,,agrupacion,126820,PROVISORIO,api_dine,si
2023,BALOTAJE,PRESIDENTE Y VICE,21,Santa Fe,1,1328,457297,338022,nulos,,nulos,7617,PROVISORIO,api_dine,si
2023,BALOTAJE,PRESIDENTE Y VICE,21,Santa Fe,1,1328,457297,338022,blancos,,blancos,5508,PROVISORIO,api_dine,si
2023,BALOTAJE,PRESIDENTE Y VICE,21,Santa Fe,1,1328,457297,338022,recurridos,,recurridos,143,PROVISORIO,api_dine,si
2023,BALOTAJE,PRESIDENTE Y VICE,21,Santa Fe,2,281,90710,70934,LA LIBERTAD AVANZA,,agrupacion,52798,PROVISORIO,api_dine,si
2023,BALOTAJE,PRESIDENTE Y VICE,21,Santa Fe,2,281,90710,70934,UNION POR LA PATRIA,,agrupacion,15669,PROVISORIO,api_dine,si
2023,BALOTAJE,PRESIDENTE Y VICE,21,Santa Fe,2,281,90710,70934,nulos,,nulos,1340,PROVISORIO,api_dine,si
2023,BALOTAJE,PRESIDENTE Y VICE,21,Santa Fe,2,281,90710,70934,blancos,,blancos,1118,PROVISORIO,api_dine,si
2023,BALOTAJE,PRESIDENTE Y VICE,21,Santa Fe,2,281,90710,70934,recurridos,,recurridos,9,PROVISORIO,api_dine,si
2023,BALOTAJE,PRESIDENTE Y VICE,21,Santa Fe,3,211,70210,52478,UNION POR LA PATRIA,,agrupacion,17852,PROVISORIO,api_dine,si
2023,BALOTAJE,PRESIDENTE Y VICE,21,Santa Fe,3,211,70210,52478,LA LIBERTAD AVANZA,,agrupacion,32776,PROVISORIO,api_dine,si
2023,BALOTAJE,PRESIDENTE Y VICE,21,Santa Fe,3,211,70210,52478,nulos,,nulos,1001,PROVISORIO,api_dine,si
2023,BALOTAJE,PRESIDENTE Y VICE,21,Santa Fe,3,211,70210,52478,blancos,,blancos,843,PROVISORIO,api_dine,si
2023,BALOTAJE,PRESIDENTE Y VICE,21,Santa Fe,3,211,70210,52478,recurridos,,recurridos,6,PROVISORIO,api_dine,si
2023,BALOTAJE,PRESIDENTE Y VICE,21,Santa Fe,4,62,19909,14209,LA LIBERTAD AVANZA,,agrupacion,8566,PROVISORIO,api_dine,si
2023,BALOTAJE,PRESIDENTE Y VICE,21,Santa Fe,4,62,19909,14209,UNION POR LA PATRIA,,agrupacion,5291,PROVISORIO,api_dine,si
2023,BALOTAJE,PRESIDENTE Y VICE,21,Santa Fe,4,62,19909,14209,nulos,,nulos,224,PROVISORIO,api_dine,si
2023,BALOTAJE,PRESIDENTE Y VICE,21,Santa Fe,4,62,19909,14209,blancos,,blancos,128,PROVISORIO,api_dine,si
2023,BALOTAJE,PRESIDENTE Y VICE,21,Santa Fe,4,62,19909,14209,recurridos,,recurridos,0,PROVISORIO,api_dine,si
2023,BALOTAJE,PRESIDENTE Y VICE,21,Santa Fe,5,458,150601,115036,LA LIBERTAD AVANZA,,agrupacion,81645,PROVISORIO,api_dine,si
2023,BALOTAJE,PRESIDENTE Y VICE,21,Santa Fe,5,458,150601,115036,UNION POR LA PATRIA,,agrupacion,29457,PROVISORIO,api_dine,si
2023,BALOTAJE,PRESIDENTE Y VICE,21,Santa Fe,5,458,150601,115036,nulos,,nulos,2184,PROVISORIO,api_dine,si
2023,BALOTAJE,PRESIDENTE Y VICE,21,Santa Fe,5,458,150601,115036,blancos,,blancos,1737,PROVISORIO,api_dine,si
2023,BALOTAJE,PRESIDENTE Y VICE,21,Santa Fe,5,458,150601,115036,recurridos,,recurridos,13,PROVISORIO,api_dine,si
2023,BALOTAJE,PRESIDENTE Y VICE,21,Santa Fe,6,165,55164,42538,LA LIBERTAD AVANZA,,agrupacion,30077,PROVISORIO,api_dine,si
2023,BALOTAJE,PRESIDENTE Y VICE,21,Santa Fe,6,165,55164,42538,UNION POR LA PATRIA,,agrupacion,10800,PROVISORIO,api_dine,si
2023,BALOTAJE,PRESIDENTE Y VICE,21,Santa Fe,6,165,55164,42538,nulos,,nulos,980,PROVISORIO,api_dine,si
2023,BALOTAJE,PRESIDENTE Y VICE,21,Santa Fe,6,165,55164,42538,blancos,,blancos,676,PROVISORIO,api_dine,si
2023,BALOTAJE,PRESIDENTE Y VICE,21,Santa Fe,6,165,55164,42538,recurridos,,recurridos,5,PROVISORIO,api_dine,si
2023,BALOTAJE,PRESIDENTE Y VICE,21,Santa Fe,7,189,60559,42770,LA LIBERTAD AVANZA,,agrupacion,27775,PROVISORIO,api_dine,si
2023,BALOTAJE,PRESIDENTE Y VICE,21,Santa Fe,7,189,60559,42770,UNION POR LA PATRIA,,agrupacion,13716,PROVISORIO,api_dine,si
2023,BALOTAJE,PRESIDENTE Y VICE,21,Santa Fe,7,189,60559,42770,nulos,,nulos,742,PROVISORIO,api_dine,si
2023,BALOTAJE,PRESIDENTE Y VICE,21,Santa Fe,7,189,60559,42770,blancos,,blancos,535,PROVISORIO,api_dine,si
2023,BALOTAJE,PRESIDENTE Y VICE,21,Santa Fe,7,189,60559,42770,recurridos,,recurridos,2,PROVISORIO,api_dine,si
2023,BALOTAJE,PRESIDENTE Y VICE,21,Santa Fe,8,117,37293,27943,LA LIBERTAD AVANZA,,agrupacion,18809,PROVISORIO,api_dine,si
2023,BALOTAJE,PRESIDENTE Y VICE,21,Santa Fe,8,117,37293,27943,UNION POR LA PATRIA,,agrupacion,8257,PROVISORIO,api_dine,si
2023,BALOTAJE,PRESIDENTE Y VICE,21,Santa Fe,8,117,37293,27943,nulos,,nulos,561,PROVISORIO,api_dine,si
2023,BALOTAJE,PRESIDENTE Y VICE,21,Santa Fe,8,117,37293,27943,blancos,,blancos,313,PROVISORIO,api_dine,si
2023,BALOTAJE,PRESIDENTE Y VICE,21,Santa Fe,8,117,37293,27943,recurridos,,recurridos,3,PROVISORIO,api_dine,si
2023,BALOTAJE,PRESIDENTE Y VICE,21,Santa Fe,9,464,154178,115735,UNION POR LA PATRIA,,agrupacion,42864,PROVISORIO,api_dine,si
2023,BALOTAJE,PRESIDENTE Y VICE,21,Santa Fe,9,464,154178,115735,LA LIBERTAD AVANZA,,agrupacion,70208,PROVISORIO,api_dine,si
2023,BALOTAJE,PRESIDENTE Y VICE,21,Santa Fe,9,464,154178,115735,nulos,,nulos,1570,PROVISORIO,api_dine,si
2023,BALOTAJE,PRESIDENTE Y VICE,21,Santa Fe,9,464,154178,115735,blancos,,blancos,1015,PROVISORIO,api_dine,si
2023,BALOTAJE,PRESIDENTE Y VICE,21,Santa Fe,9,464,154178,115735,recurridos,,recurridos,78,PROVISORIO,api_dine,si
2023,BALOTAJE,PRESIDENTE Y VICE,21,Santa Fe,10,146,46247,32054,LA LIBERTAD AVANZA,,agrupacion,17099,PROVISORIO,api_dine,si
2023,BALOTAJE,PRESIDENTE Y VICE,21,Santa Fe,10,146,46247,32054,UNION POR LA PATRIA,,agrupacion,14209,PROVISORIO,api_dine,si
2023,BALOTAJE,PRESIDENTE Y VICE,21,Santa Fe,10,146,46247,32054,nulos,,nulos,413,PROVISORIO,api_dine,si
2023,BALOTAJE,PRESIDENTE Y VICE,21,Santa Fe,10,146,46247,32054,blancos,,blancos,326,PROVISORIO,api_dine,si
2023,BALOTAJE,PRESIDENTE Y VICE,21,Santa Fe,10,146,46247,32054,recurridos,,recurridos,7,PROVISORIO,api_dine,si
2023,BALOTAJE,PRESIDENTE Y VICE,21,Santa Fe,11,88,27749,19506,LA LIBERTAD AVANZA,,agrupacion,10645,PROVISORIO,api_dine,si
2023,BALOTAJE,PRESIDENTE Y VICE,21,Santa Fe,11,88,27749,19506,UNION POR LA PATRIA,,agrupacion,8234,PROVISORIO,api_dine,si
2023,BALOTAJE,PRESIDENTE Y VICE,21,Santa Fe,11,88,27749,19506,nulos,,nulos,411,PROVISORIO,api_dine,si
2023,BALOTAJE,PRESIDENTE Y VICE,21,Santa Fe,11,88,27749,19506,blancos,,blancos,208,PROVISORIO,api_dine,si
2023,BALOTAJE,PRESIDENTE Y VICE,21,Santa Fe,11,88,27749,19506,recurridos,,recurridos,8,PROVISORIO,api_dine,si
2023,BALOTAJE,PRESIDENTE Y VICE,21,Santa Fe,12,82,26821,18894,UNION POR LA PATRIA,,agrupacion,6272,PROVISORIO,api_dine,si
2023,BALOTAJE,PRESIDENTE Y VICE,21,Santa Fe,12,82,26821,18894,LA LIBERTAD AVANZA,,agrupacion,12273,PROVISORIO,api_dine,si
2023,BALOTAJE,PRESIDENTE Y VICE,21,Santa Fe,12,82,26821,18894,nulos,,nulos,206,PROVISORIO,api_dine,si
2023,BALOTAJE,PRESIDENTE Y VICE,21,Santa Fe,12,82,26821,18894,blancos,,blancos,142,PROVISORIO,api_dine,si
2023,BALOTAJE,PRESIDENTE Y VICE,21,Santa Fe,12,82,26821,18894,recurridos,,recurridos,1,PROVISORIO,api_dine,si
2023,BALOTAJE,PRESIDENTE Y VICE,21,Santa Fe,13,3034,1050909,784935,LA LIBERTAD AVANZA,,agrupacion,434442,PROVISORIO,api_dine,si
2023,BALOTAJE,PRESIDENTE Y VICE,21,Santa Fe,13,3034,1050909,784935,UNION POR LA PATRIA,,agrupacion,317557,PROVISORIO,api_dine,si
2023,BALOTAJE,PRESIDENTE Y VICE,21,Santa Fe,13,3034,1050909,784935,nulos,,nulos,19249,PROVISORIO,api_dine,si
2023,BALOTAJE,PRESIDENTE Y VICE,21,Santa Fe,13,3034,1050909,784935,blancos,,blancos,13483,PROVISORIO,api_dine,si
2023,BALOTAJE,PRESIDENTE Y VICE,21,Santa Fe,13,3034,1050909,784935,recurridos,,recurridos,204,PROVISORIO,api_dine,si
2023,BALOTAJE,PRESIDENTE Y VICE,21,Santa Fe,14,214,72338,55359,LA LIBERTAD AVANZA,,agrupacion,37483,PROVISORIO,api_dine,si
2023,BALOTAJE,PRESIDENTE Y VICE,21,Santa Fe,14,214,72338,55359,UNION POR LA PATRIA,,agrupacion,15398,PROVISORIO,api_dine,si
2023,BALOTAJE,PRESIDENTE Y VICE,21,Santa Fe,14,214,72338,55359,nulos,,nulos,1218,PROVISORIO,api_dine,si
2023,BALOTAJE,PRESIDENTE Y VICE,21,Santa Fe,14,214,72338,55359,blancos,,blancos,1236,PROVISORIO,api_dine,si
2023,BALOTAJE,PRESIDENTE Y VICE,21,Santa Fe,14,214,72338,55359,recurridos,,recurridos,24,PROVISORIO,api_dine,si
2023,BALOTAJE,PRESIDENTE Y VICE,21,Santa Fe,15,228,76806,59760,LA LIBERTAD AVANZA,,agrupacion,34436,PROVISORIO,api_dine,si
2023,BALOTAJE,PRESIDENTE Y VICE,21,Santa Fe,15,228,76806,59760,UNION POR LA PATRIA,,agrupacion,22835,PROVISORIO,api_dine,si
2023,BALOTAJE,PRESIDENTE Y VICE,21,Santa Fe,15,228,76806,59760,nulos,,nulos,1370,PROVISORIO,api_dine,si
2023,BALOTAJE,PRESIDENTE Y VICE,21,Santa Fe,15,228,76806,59760,blancos,,blancos,1111,PROVISORIO,api_dine,si
2023,BALOTAJE,PRESIDENTE Y VICE,21,Santa Fe,15,228,76806,59760,recurridos,,recurridos,8,PROVISORIO,api_dine,si
2023,BALOTAJE,PRESIDENTE Y VICE,21,Santa Fe,16,494,166983,125573,LA LIBERTAD AVANZA,,agrupacion,85463,PROVISORIO,api_dine,si
2023,BALOTAJE,PRESIDENTE Y VICE,21,Santa Fe,16,494,166983,125573,UNION POR LA PATRIA,,agrupacion,35451,PROVISORIO,api_dine,si
2023,BALOTAJE,PRESIDENTE Y VICE,21,Santa Fe,16,494,166983,125573,nulos,,nulos,2313,PROVISORIO,api_dine,si
2023,BALOTAJE,PRESIDENTE Y VICE,21,Santa Fe,16,494,166983,125573,blancos,,blancos,2337,PROVISORIO,api_dine,si
2023,BALOTAJE,PRESIDENTE Y VICE,21,Santa Fe,16,494,166983,125573,recurridos,,recurridos,9,PROVISORIO,api_dine,si
2023,BALOTAJE,PRESIDENTE Y VICE,21,Santa Fe,17,115,39428,30349,LA LIBERTAD AVANZA,,agrupacion,21026,PROVISORIO,api_dine,si
2023,BALOTAJE,PRESIDENTE Y VICE,21,Santa Fe,17,115,39428,30349,UNION POR LA PATRIA,,agrupacion,8266,PROVISORIO,api_dine,si
2023,BALOTAJE,PRESIDENTE Y VICE,21,Santa Fe,17,115,39428,30349,nulos,,nulos,461,PROVISORIO,api_dine,si
2023,BALOTAJE,PRESIDENTE Y VICE,21,Santa Fe,17,115,39428,30349,blancos,,blancos,596,PROVISORIO,api_dine,si
2023,BALOTAJE,PRESIDENTE Y VICE,21,Santa Fe,17,115,39428,30349,recurridos,,recurridos,0,PROVISORIO,api_dine,si
2023,BALOTAJE,PRESIDENTE Y VICE,21,Santa Fe,18,178,59493,45801,LA LIBERTAD AVANZA,,agrupacion,29331,PROVISORIO,api_dine,si
2023,BALOTAJE,PRESIDENTE Y VICE,21,Santa Fe,18,178,59493,45801,UNION POR LA PATRIA,,agrupacion,14546,PROVISORIO,api_dine,si
2023,BALOTAJE,PRESIDENTE Y VICE,21,Santa Fe,18,178,59493,45801,nulos,,nulos,956,PROVISORIO,api_dine,si
2023,BALOTAJE,PRESIDENTE Y VICE,21,Santa Fe,18,178,59493,45801,blancos,,blancos,968,PROVISORIO,api_dine,si
2023,BALOTAJE,PRESIDENTE Y VICE,21,Santa Fe,18,178,59493,45801,recurridos,,recurridos,0,PROVISORIO,api_dine,si
2023,BALOTAJE,PRESIDENTE Y VICE,21,Santa Fe,19,455,157360,122893,LA LIBERTAD AVANZA,,agrupacion,75457,PROVISORIO,api_dine,si
2023,BALOTAJE,PRESIDENTE Y VICE,21,Santa Fe,19,455,157360,122893,UNION POR LA PATRIA,,agrupacion,42894,PROVISORIO,api_dine,si
2023,BALOTAJE,PRESIDENTE Y VICE,21,Santa Fe,19,455,157360,122893,nulos,,nulos,2711,PROVISORIO,api_dine,si
2023,BALOTAJE,PRESIDENTE Y VICE,21,Santa Fe,19,455,157360,122893,blancos,,blancos,1800,PROVISORIO,api_dine,si
2023,BALOTAJE,PRESIDENTE Y VICE,21,Santa Fe,19,455,157360,122893,recurridos,,recurridos,31,PROVISORIO,api_dine,si
