anio,instancia,fecha,cargo,distrito_id,distrito,seccion,localidad,circuito_id,agrupacion,tipo_registro,votos,archivo_origen
2007,GENERAL,2007-10-28,PRESIDENTE Y VICE,21,Santa Fe,Castellanos,Ataliva,0121,CRISTINA E. FERNANDEZ DE KIRCHNER-JULIO C.C. COBOS,agrupacion,368,2007_GENERAL_DIST21_santafe_presidente.xlsx
2007,GENERAL,2007-10-28,PRESIDENTE Y VICE,21,Santa Fe,Castellanos,Ataliva,0121,ROBERTO LAVAGNA-GERARDO R. MORALES,agrupacion,278,2007_GENERAL_DIST21_santafe_presidente.xlsx
2007,GENERAL,2007-10-28,PRESIDENTE Y VICE,21,Santa Fe,Castellanos,Ataliva,0121,ELISA M.A. CARRIO-RUBEN HECTOR GIUSTINIANI,agrupacion,228,2007_GENERAL_DIST21_santafe_presidente.xlsx
2007,GENERAL,2007-10-28,PRESIDENTE Y VICE,21,Santa Fe,Castellanos,Ataliva,0121,ALBERTO J. RODRIGUEZ SAA-HECTOR M. MAYA,agrupacion,107,2007_GENERAL_DIST21_santafe_presidente.xlsx
2007,GENERAL,2007-10-28,PRESIDENTE Y VICE,21,Santa Fe,Castellanos,Ataliva,0121,RICARDO LOPEZ MURPHY-ESTEBAN BULLRICH,agrupacion,14,2007_GENERAL_DIST21_santafe_presidente.xlsx
2007,GENERAL,2007-10-28,PRESIDENTE Y VICE,21,Santa Fe,Castellanos,Ataliva,0121,JORGE OMAR SOBISCH-JORGE ASIS,agrupacion,13,2007_GENERAL_DIST21_santafe_presidente.xlsx
2007,GENERAL,2007-10-28,PRESIDENTE Y VICE,21,Santa Fe,Castellanos,Ataliva,0121,FERNANDO 'PINO' SOLANAS-ANGEL F. CADELLI,agrupacion,12,2007_GENERAL_DIST21_santafe_presidente.xlsx
2007,GENERAL,2007-10-28,PRESIDENTE Y VICE,21,Santa Fe,Castellanos,Ataliva,0121,NESTOR A. PITROLA-GABRIELA A. ARROYOS,agrupacion,5,2007_GENERAL_DIST21_santafe_presidente.xlsx
2007,GENERAL,2007-10-28,PRESIDENTE Y VICE,21,Santa Fe,Castellanos,Ataliva,0121,VILMA RIPOLL-HECTOR BIDONDE,agrupacion,5,2007_GENERAL_DIST21_santafe_presidente.xlsx
2007,GENERAL,2007-10-28,PRESIDENTE Y VICE,21,Santa Fe,Castellanos,Ataliva,0121,RAUL ANIBAL CASTELLS-'NINA' PELOZO,agrupacion,3,2007_GENERAL_DIST21_santafe_presidente.xlsx
2007,GENERAL,2007-10-28,PRESIDENTE Y VICE,21,Santa Fe,Castellanos,Ataliva,0121,JOSE A. MONTES-HECTOR A. HEBERLING,agrupacion,2,2007_GENERAL_DIST21_santafe_presidente.xlsx
2007,GENERAL,2007-10-28,PRESIDENTE Y VICE,21,Santa Fe,Castellanos,Ataliva,0121,LUIS ALBERTO AMMANN-ROGELIO DELEONARDI,agrupacion,1,2007_GENERAL_DIST21_santafe_presidente.xlsx
2007,GENERAL,2007-10-28,PRESIDENTE Y VICE,21,Santa Fe,Castellanos,Ataliva,0121,GUSTAVO L. BREIDE OBEID-HECTOR R. VERGARA,agrupacion,0,2007_GENERAL_DIST21_santafe_presidente.xlsx
2007,GENERAL,2007-10-28,PRESIDENTE Y VICE,21,Santa Fe,Castellanos,Ataliva,0121,JUAN RICARDO MUSSA-BERNARDO NESPRAL,agrupacion,0,2007_GENERAL_DIST21_santafe_presidente.xlsx
2007,GENERAL,2007-10-28,PRESIDENTE Y VICE,21,Santa Fe,Castellanos,Colonia Aldao,0120,CRISTINA E. FERNANDEZ DE KIRCHNER-JULIO C.C. COBOS,agrupacion,313,2007_GENERAL_DIST21_santafe_presidente.xlsx
2007,GENERAL,2007-10-28,PRESIDENTE Y VICE,21,Santa Fe,Castellanos,Colonia Aldao,0120,ROBERTO LAVAGNA-GERARDO R. MORALES,agrupacion,278,2007_GENERAL_DIST21_santafe_presidente.xlsx
2007,GENERAL,2007-10-28,PRESIDENTE Y VICE,21,Santa Fe,Castellanos,Colonia Aldao,0120,ELISA M.A. CARRIO-RUBEN HECTOR GIUSTINIANI,agrupacion,137,2007_GENERAL_DIST21_santafe_presidente.xlsx
2007,GENERAL,2007-10-28,PRESIDENTE Y VICE,21,Santa Fe,Castellanos,Colonia Aldao,0120,ALBERTO J. RODRIGUEZ SAA-HECTOR M. MAYA,agrupacion,97,2007_GENERAL_DIST21_santafe_presidente.xlsx
2007,GENERAL,2007-10-28,PRESIDENTE Y VICE,21,Santa Fe,Castellanos,Colonia Aldao,0120,RICARDO LOPEZ MURPHY-ESTEBAN BULLRICH,agrupacion,29,2007_GENERAL_DIST21_santafe_presidente.xlsx
2007,GENERAL,2007-10-28,PRESIDENTE Y VICE,21,Santa Fe,Castellanos,Colonia Aldao,0120,JORGE OMAR SOBISCH-JORGE ASIS,agrupacion,11,2007_GENERAL_DIST21_santafe_presidente.xlsx
2007,GENERAL,2007-10-28,PRESIDENTE Y VICE,21,Santa Fe,Castellanos,Colonia Aldao,0120,RAUL ANIBAL CASTELLS-'NINA' PELOZO,agrupacion,6,2007_GENERAL_DIST21_santafe_presidente.xlsx
2007,GENERAL,2007-10-28,PRESIDENTE Y VICE,21,Santa Fe,Castellanos,Colonia Aldao,0120,FERNANDO 'PINO' SOLANAS-ANGEL F. CADELLI,agrupacion,5,2007_GENERAL_DIST21_santafe_presidente.xlsx
2007,GENERAL,2007-10-28,PRESIDENTE Y VICE,21,Santa Fe,Castellanos,Colonia Aldao,0120,LUIS ALBERTO AMMANN-ROGELIO DELEONARDI,agrupacion,4,2007_GENERAL_DIST21_santafe_presidente.xlsx
2007,GENERAL,2007-10-28,PRESIDENTE Y VICE,21,Santa Fe,Castellanos,Colonia Aldao,0120,VILMA RIPOLL-HECTOR BIDONDE,agrupacion,4,2007_GENERAL_DIST21_santafe_presidente.xlsx
2007,GENERAL,2007-10-28,PRESIDENTE Y VICE,21,Santa Fe,Castellanos,Colonia Aldao,0120,NESTOR A. PITROLA-GABRIELA A. ARROYOS,agrupacion,3,2007_GENERAL_DIST21_santafe_presidente.xlsx
2007,GENERAL,2007-10-28,PRESIDENTE Y VICE,21,Santa Fe,Castellanos,Colonia Aldao,0120,JOSE A. MONTES-HECTOR A. HEBERLING,agrupacion,2,2007_GENERAL_DIST21_santafe_presidente.xlsx
2007,GENERAL,2007-10-28,PRESIDENTE Y VICE,21,Santa Fe,Castellanos,Colonia Aldao,0120,GUSTAVO L. BREIDE OBEID-HECTOR R. VERGARA,agrupacion,0,2007_GENERAL_DIST21_santafe_presidente.xlsx
2007,GENERAL,2007-10-28,PRESIDENTE Y VICE,21,Santa Fe,Castellanos,Colonia Aldao,0120,JUAN RICARDO MUSSA-BERNARDO NESPRAL,agrupacion,0,2007_GENERAL_DIST21_santafe_presidente.xlsx
2007,GENERAL,2007-10-28,PRESIDENTE Y VICE,21,Santa Fe,Castellanos,Frontera,0134A,CRISTINA E. FERNANDEZ DE KIRCHNER-JULIO C.C. COBOS,agrupacion,1511,2007_GENERAL_DIST21_santafe_presidente.xlsx
2007,GENERAL,2007-10-28,PRESIDENTE Y VICE,21,Santa Fe,Castellanos,Frontera,0134A,ROBERTO LAVAGNA-GERARDO R. MORALES,agrupacion,940,2007_GENERAL_DIST21_santafe_presidente.xlsx
2007,GENERAL,2007-10-28,PRESIDENTE Y VICE,21,Santa Fe,Castellanos,Frontera,0134A,ELISA M.A. CARRIO-RUBEN HECTOR GIUSTINIANI,agrupacion,718,2007_GENERAL_DIST21_santafe_presidente.xlsx
2007,GENERAL,2007-10-28,PRESIDENTE Y VICE,21,Santa Fe,Castellanos,Frontera,0134A,ALBERTO J. RODRIGUEZ SAA-HECTOR M. MAYA,agrupacion,583,2007_GENERAL_DIST21_santafe_presidente.xlsx
2007,GENERAL,2007-10-28,PRESIDENTE Y VICE,21,Santa Fe,Castellanos,Frontera,0134A,RICARDO LOPEZ MURPHY-ESTEBAN BULLRICH,agrupacion,60,2007_GENERAL_DIST21_santafe_presidente.xlsx
2007,GENERAL,2007-10-28,PRESIDENTE Y VICE,21,Santa Fe,Castellanos,Frontera,0134A,JORGE OMAR SOBISCH-JORGE ASIS,agrupacion,55,2007_GENERAL_DIST21_santafe_presidente.xlsx
2007,GENERAL,2007-10-28,PRESIDENTE Y VICE,21,Santa Fe,Castellanos,Frontera,0134A,RAUL ANIBAL CASTELLS-'NINA' PELOZO,agrupacion,29,2007_GENERAL_DIST21_santafe_presidente.xlsx
2007,GENERAL,2007-10-28,PRESIDENTE Y VICE,21,Santa Fe,Castellanos,Frontera,0134A,LUIS ALBERTO AMMANN-ROGELIO DELEONARDI,agrupacion,23,2007_GENERAL_DIST21_santafe_presidente.xlsx
2007,GENERAL,2007-10-28,PRESIDENTE Y VICE,21,Santa Fe,Castellanos,Frontera,0134A,FERNANDO 'PINO' SOLANAS-ANGEL F. CADELLI,agrupacion,20,2007_GENERAL_DIST21_santafe_presidente.xlsx
2007,GENERAL,2007-10-28,PRESIDENTE Y VICE,21,Santa Fe,Castellanos,Frontera,0134A,JOSE A. MONTES-HECTOR A. HEBERLING,agrupacion,16,2007_GENERAL_DIST21_santafe_presidente.xlsx
2007,GENERAL,2007-10-28,PRESIDENTE Y VICE,21,Santa Fe,Castellanos,Frontera,0134A,NESTOR A. PITROLA-GABRIELA A. ARROYOS,agrupacion,10,2007_GENERAL_DIST21_santafe_presidente.xlsx
2007,GENERAL,2007-10-28,PRESIDENTE Y VICE,21,Santa Fe,Castellanos,Frontera,0134A,VILMA RIPOLL-HECTOR BIDONDE,agrupacion,10,2007_GENERAL_DIST21_santafe_presidente.xlsx
2007,GENERAL,2007-10-28,PRESIDENTE Y VICE,21,Santa Fe,Castellanos,Frontera,0134A,GUSTAVO L. BREIDE OBEID-HECTOR R. VERGARA,agrupacion,0,2007_GENERAL_DIST21_santafe_presidente.xlsx
2007,GENERAL,2007-10-28,PRESIDENTE Y VICE,21,Santa Fe,Castellanos,Frontera,0134A,JUAN RICARDO MUSSA-BERNARDO NESPRAL,agrupacion,0,2007_GENERAL_DIST21_santafe_presidente.xlsx
2007,GENERAL,2007-10-28,PRESIDENTE Y VICE,21,Santa Fe,Castellanos,Humberto Primo,0117,ROBERTO LAVAGNA-GERARDO R. MORALES,agrupacion,825,2007_GENERAL_DIST21_santafe_presidente.xlsx
2007,GENERAL,2007-10-28,PRESIDENTE Y VICE,21,Santa Fe,Castellanos,Humberto Primo,0117,CRISTINA E. FERNANDEZ DE KIRCHNER-JULIO C.C. COBOS,agrupacion,815,2007_GENERAL_DIST21_santafe_presidente.xlsx
2007,GENERAL,2007-10-28,PRESIDENTE Y VICE,21,Santa Fe,Castellanos,Humberto Primo,0117,ELISA M.A. CARRIO-RUBEN HECTOR GIUSTINIANI,agrupacion,667,2007_GENERAL_DIST21_santafe_presidente.xlsx
2007,GENERAL,2007-10-28,PRESIDENTE Y VICE,21,Santa Fe,Castellanos,Humberto Primo,0117,ALBERTO J. RODRIGUEZ SAA-HECTOR M. MAYA,agrupacion,466,2007_GENERAL_DIST21_santafe_presidente.xlsx
2007,GENERAL,2007-10-28,PRESIDENTE Y VICE,21,Santa Fe,Castellanos,Humberto Primo,0117,RICARDO LOPEZ MURPHY-ESTEBAN BULLRICH,agrupacion,31,2007_GENERAL_DIST21_santafe_presidente.xlsx
2007,GENERAL,2007-10-28,PRESIDENTE Y VICE,21,Santa Fe,Castellanos,Humberto Primo,0117,JORGE OMAR SOBISCH-JORGE ASIS,agrupacion,30,2007_GENERAL_DIST21_santafe_presidente.xlsx
2007,GENERAL,2007-10-28,PRESIDENTE Y VICE,21,Santa Fe,Castellanos,Humberto Primo,0117,NESTOR A. PITROLA-GABRIELA A. ARROYOS,agrupacion,22,2007_GENERAL_DIST21_santafe_presidente.xlsx
2007,GENERAL,2007-10-28,PRESIDENTE Y VICE,21,Santa Fe,Castellanos,Humberto Primo,0117,JOSE A. MONTES-HECTOR A. HEBERLING,agrupacion,15,2007_GENERAL_DIST21_santafe_presidente.xlsx
2007,GENERAL,2007-10-28,PRESIDENTE Y VICE,21,Santa Fe,Castellanos,Humberto Primo,0117,RAUL ANIBAL CASTELLS-'NINA' PELOZO,agrupacion,13,2007_GENERAL_DIST21_santafe_presidente.xlsx
2007,GENERAL,2007-10-28,PRESIDENTE Y VICE,21,Santa Fe,Castellanos,Humberto Primo,0117,FERNANDO 'PINO' SOLANAS-ANGEL F. CADELLI,agrupacion,11,2007_GENERAL_DIST21_santafe_presidente.xlsx
2007,GENERAL,2007-10-28,PRESIDENTE Y VICE,21,Santa Fe,Castellanos,Humberto Primo,0117,LUIS ALBERTO AMMANN-ROGELIO DELEONARDI,agrupacion,7,2007_GENERAL_DIST21_santafe_presidente.xlsx
2007,GENERAL,2007-10-28,PRESIDENTE Y VICE,21,Santa Fe,Castellanos,Humberto Primo,0117,VILMA RIPOLL-HECTOR BIDONDE,agrupacion,6,2007_GENERAL_DIST21_santafe_presidente.xlsx
2007,GENERAL,2007-10-28,PRESIDENTE Y VICE,21,Santa Fe,Castellanos,Humberto Primo,0117,GUSTAVO L. BREIDE OBEID-HECTOR R. VERGARA,agrupacion,0,2007_GENERAL_DIST21_santafe_presidente.xlsx
2007,GENERAL,2007-10-28,PRESIDENTE Y VICE,21,Santa Fe,Castellanos,Humberto Primo,0117,JUAN RICARDO MUSSA-BERNARDO NESPRAL,agrupacion,0,2007_GENERAL_DIST21_santafe_presidente.xlsx
2007,GENERAL,2007-10-28,PRESIDENTE Y VICE,21,Santa Fe,Castellanos,Josefina,0134,ROBERTO LAVAGNA-GERARDO R. MORALES,agrupacion,246,2007_GENERAL_DIST21_santafe_presidente.xlsx
2007,GENERAL,2007-10-28,PRESIDENTE Y VICE,21,Santa Fe,Castellanos,Josefina,0134,CRISTINA E. FERNANDEZ DE KIRCHNER-JULIO C.C. COBOS,agrupacion,243,2007_GENERAL_DIST21_santafe_presidente.xlsx
2007,GENERAL,2007-10-28,PRESIDENTE Y VICE,21,Santa Fe,Castellanos,Josefina,0134,ELISA M.A. CARRIO-RUBEN HECTOR GIUSTINIANI,agrupacion,111,2007_GENERAL_DIST21_santafe_presidente.xlsx
2007,GENERAL,2007-10-28,PRESIDENTE Y VICE,21,Santa Fe,Castellanos,Josefina,0134,ALBERTO J. RODRIGUEZ SAA-HECTOR M. MAYA,agrupacion,55,2007_GENERAL_DIST21_santafe_presidente.xlsx
2007,GENERAL,2007-10-28,PRESIDENTE Y VICE,21,Santa Fe,Castellanos,Josefina,0134,RICARDO LOPEZ MURPHY-ESTEBAN BULLRICH,agrupacion,6,2007_GENERAL_DIST21_santafe_presidente.xlsx
2007,GENERAL,2007-10-28,PRESIDENTE Y VICE,21,Santa Fe,Castellanos,Josefina,0134,JORGE OMAR SOBISCH-JORGE ASIS,agrupacion,4,2007_GENERAL_DIST21_santafe_presidente.xlsx
2007,GENERAL,2007-10-28,PRESIDENTE Y VICE,21,Santa Fe,Castellanos,Josefina,0134,RAUL ANIBAL CASTELLS-'NINA' PELOZO,agrupacion,4,2007_GENERAL_DIST21_santafe_presidente.xlsx
2007,GENERAL,2007-10-28,PRESIDENTE Y VICE,21,Santa Fe,Castellanos,Josefina,0134,FERNANDO 'PINO' SOLANAS-ANGEL F. CADELLI,agrupacion,3,2007_GENERAL_DIST21_santafe_presidente.xlsx
2007,GENERAL,2007-10-28,PRESIDENTE Y VICE,21,Santa Fe,Castellanos,Josefina,0134,LUIS ALBERTO AMMANN-ROGELIO DELEONARDI,agrupacion,1,2007_GENERAL_DIST21_santafe_presidente.xlsx
2007,GENERAL,2007-10-28,PRESIDENTE Y VICE,21,Santa Fe,Castellanos,Josefina,0134,NESTOR A. PITROLA-GABRIELA A. ARROYOS,agrupacion,1,2007_GENERAL_DIST21_santafe_presidente.xlsx
2007,GENERAL,2007-10-28,PRESIDENTE Y VICE,21,Santa Fe,Castellanos,Josefina,0134,GUSTAVO L. BREIDE OBEID-HECTOR R. VERGARA,agrupacion,0,2007_GENERAL_DIST21_santafe_presidente.xlsx
2007,GENERAL,2007-10-28,PRESIDENTE Y VICE,21,Santa Fe,Castellanos,Josefina,0134,JOSE A. MONTES-HECTOR A. HEBERLING,agrupacion,0,2007_GENERAL_DIST21_santafe_presidente.xlsx
2007,GENERAL,2007-10-28,PRESIDENTE Y VICE,21,Santa Fe,Castellanos,Josefina,0134,JUAN RICARDO MUSSA-BERNARDO NESPRAL,agrupacion,0,2007_GENERAL_DIST21_santafe_presidente.xlsx
2007,GENERAL,2007-10-28,PRESIDENTE Y VICE,21,Santa Fe,Castellanos,Josefina,0134,VILMA RIPOLL-HECTOR BIDONDE,agrupacion,0,2007_GENERAL_DIST21_santafe_presidente.xlsx
2007,GENERAL,2007-10-28,PRESIDENTE Y VICE,21,Santa Fe,Castellanos,Lehmann,0123,CRISTINA E. FERNANDEZ DE KIRCHNER-JULIO C.C. COBOS,agrupacion,784,2007_GENERAL_DIST21_santafe_presidente.xlsx
2007,GENERAL,2007-10-28,PRESIDENTE Y VICE,21,Santa Fe,Castellanos,Lehmann,0123,ROBERTO LAVAGNA-GERARDO R. MORALES,agrupacion,338,2007_GENERAL_DIST21_santafe_presidente.xlsx
2007,GENERAL,2007-10-28,PRESIDENTE Y VICE,21,Santa Fe,Castellanos,Lehmann,0123,ELISA M.A. CARRIO-RUBEN HECTOR GIUSTINIANI,agrupacion,252,2007_GENERAL_DIST21_santafe_presidente.xlsx
2007,GENERAL,2007-10-28,PRESIDENTE Y VICE,21,Santa Fe,Castellanos,Lehmann,0123,ALBERTO J. RODRIGUEZ SAA-HECTOR M. MAYA,agrupacion,136,2007_GENERAL_DIST21_santafe_presidente.xlsx
2007,GENERAL,2007-10-28,PRESIDENTE Y VICE,21,Santa Fe,Castellanos,Lehmann,0123,JORGE OMAR SOBISCH-JORGE ASIS,agrupacion,19,2007_GENERAL_DIST21_santafe_presidente.xlsx
2007,GENERAL,2007-10-28,PRESIDENTE Y VICE,21,Santa Fe,Castellanos,Lehmann,0123,RICARDO LOPEZ MURPHY-ESTEBAN BULLRICH,agrupacion,19,2007_GENERAL_DIST21_santafe_presidente.xlsx
2007,GENERAL,2007-10-28,PRESIDENTE Y VICE,21,Santa Fe,Castellanos,Lehmann,0123,NESTOR A. PITROLA-GABRIELA A. ARROYOS,agrupacion,16,2007_GENERAL_DIST21_santafe_presidente.xlsx
2007,GENERAL,2007-10-28,PRESIDENTE Y VICE,21,Santa Fe,Castellanos,Lehmann,0123,FERNANDO 'PINO' SOLANAS-ANGEL F. CADELLI,agrupacion,13,2007_GENERAL_DIST21_santafe_presidente.xlsx
2007,GENERAL,2007-10-28,PRESIDENTE Y VICE,21,Santa Fe,Castellanos,Lehmann,0123,RAUL ANIBAL CASTELLS-'NINA' PELOZO,agrupacion,6,2007_GENERAL_DIST21_santafe_presidente.xlsx
2007,GENERAL,2007-10-28,PRESIDENTE Y VICE,21,Santa Fe,Castellanos,Lehmann,0123,VILMA RIPOLL-HECTOR BIDONDE,agrupacion,6,2007_GENERAL_DIST21_santafe_presidente.xlsx
2007,GENERAL,2007-10-28,PRESIDENTE Y VICE,21,Santa Fe,Castellanos,Lehmann,0123,JOSE A. MONTES-HECTOR A. HEBERLING,agrupacion,2,2007_GENERAL_DIST21_santafe_presidente.xlsx
2007,GENERAL,2007-10-28,PRESIDENTE Y VICE,21,Santa Fe,Castellanos,Lehmann,0123,LUIS ALBERTO AMMANN-ROGELIO DELEONARDI,agrupacion,2,2007_GENERAL_DIST21_santafe_presidente.xlsx
2007,GENERAL,2007-10-28,PRESIDENTE Y VICE,21,Santa Fe,Castellanos,Lehmann,0123,GUSTAVO L. BREIDE OBEID-HECTOR R. VERGARA,agrupacion,0,2007_GENERAL_DIST21_santafe_presidente.xlsx
2007,GENERAL,2007-10-28,PRESIDENTE Y VICE,21,Santa Fe,Castellanos,Lehmann,0123,JUAN RICARDO MUSSA-BERNARDO NESPRAL,agrupacion,0,2007_GENERAL_DIST21_santafe_presidente.xlsx
2007,GENERAL,2007-10-28,PRESIDENTE Y VICE,21,Santa Fe,Castellanos,María Juana,0140,CRISTINA E. FERNANDEZ DE KIRCHNER-JULIO C.C. COBOS,agrupacion,1108,2007_GENERAL_DIST21_santafe_presidente.xlsx
2007,GENERAL,2007-10-28,PRESIDENTE Y VICE,21,Santa Fe,Castellanos,María Juana,0140,ROBERTO LAVAGNA-GERARDO R. MORALES,agrupacion,857,2007_GENERAL_DIST21_santafe_presidente.xlsx
2007,GENERAL,2007-10-28,PRESIDENTE Y VICE,21,Santa Fe,Castellanos,María Juana,0140,ELISA M.A. CARRIO-RUBEN HECTOR GIUSTINIANI,agrupacion,511,2007_GENERAL_DIST21_santafe_presidente.xlsx
2007,GENERAL,2007-10-28,PRESIDENTE Y VICE,21,Santa Fe,Castellanos,María Juana,0140,ALBERTO J. RODRIGUEZ SAA-HECTOR M. MAYA,agrupacion,234,2007_GENERAL_DIST21_santafe_presidente.xlsx
2007,GENERAL,2007-10-28,PRESIDENTE Y VICE,21,Santa Fe,Castellanos,María Juana,0140,FERNANDO 'PINO' SOLANAS-ANGEL F. CADELLI,agrupacion,83,2007_GENERAL_DIST21_santafe_presidente.xlsx
2007,GENERAL,2007-10-28,PRESIDENTE Y VICE,21,Santa Fe,Castellanos,María Juana,0140,JORGE OMAR SOBISCH-JORGE ASIS,agrupacion,32,2007_GENERAL_DIST21_santafe_presidente.xlsx
2007,GENERAL,2007-10-28,PRESIDENTE Y VICE,21,Santa Fe,Castellanos,María Juana,0140,RICARDO LOPEZ MURPHY-ESTEBAN BULLRICH,agrupacion,31,2007_GENERAL_DIST21_santafe_presidente.xlsx
2007,GENERAL,2007-10-28,PRESIDENTE Y VICE,21,Santa Fe,Castellanos,María Juana,0140,JOSE A. MONTES-HECTOR A. HEBERLING,agrupacion,13,2007_GENERAL_DIST21_santafe_presidente.xlsx
2007,GENERAL,2007-10-28,PRESIDENTE Y VICE,21,Santa Fe,Castellanos,María Juana,0140,VILMA RIPOLL-HECTOR BIDONDE,agrupacion,12,2007_GENERAL_DIST21_santafe_presidente.xlsx
2007,GENERAL,2007-10-28,PRESIDENTE Y VICE,21,Santa Fe,Castellanos,María Juana,0140,LUIS ALBERTO AMMANN-ROGELIO DELEONARDI,agrupacion,11,2007_GENERAL_DIST21_santafe_presidente.xlsx
2007,GENERAL,2007-10-28,PRESIDENTE Y VICE,21,Santa Fe,Castellanos,María Juana,0140,NESTOR A. PITROLA-GABRIELA A. ARROYOS,agrupacion,10,2007_GENERAL_DIST21_santafe_presidente.xlsx
2007,GENERAL,2007-10-28,PRESIDENTE Y VICE,21,Santa Fe,Castellanos,María Juana,0140,RAUL ANIBAL CASTELLS-'NINA' PELOZO,agrupacion,7,2007_GENERAL_DIST21_santafe_presidente.xlsx
2007,GENERAL,2007-10-28,PRESIDENTE Y VICE,21,Santa Fe,Castellanos,María Juana,0140,JUAN RICARDO MUSSA-BERNARDO NESPRAL,agrupacion,1,2007_GENERAL_DIST21_santafe_presidente.xlsx
2007,GENERAL,2007-10-28,PRESIDENTE Y VICE,21,Santa Fe,Castellanos,María Juana,0140,GUSTAVO L. BREIDE OBEID-HECTOR R. VERGARA,agrupacion,0,2007_GENERAL_DIST21_santafe_presidente.xlsx
2007,GENERAL,2007-10-28,PRESIDENTE Y VICE,21,Santa Fe,Castellanos,Ramona,0124,CRISTINA E. FERNANDEZ DE KIRCHNER-JULIO C.C. COBOS,agrupacion,376,2007_GENERAL_DIST21_santafe_presidente.xlsx
2007,GENERAL,2007-10-28,PRESIDENTE Y VICE,21,Santa Fe,Castellanos,Ramona,0124,ROBERTO LAVAGNA-GERARDO R. MORALES,agrupacion,321,2007_GENERAL_DIST21_santafe_presidente.xlsx
2007,GENERAL,2007-10-28,PRESIDENTE Y VICE,21,Santa Fe,Castellanos,Ramona,0124,ELISA M.A. CARRIO-RUBEN HECTOR GIUSTINIANI,agrupacion,285,2007_GENERAL_DIST21_santafe_presidente.xlsx
2007,GENERAL,2007-10-28,PRESIDENTE Y VICE,21,Santa Fe,Castellanos,Ramona,0124,ALBERTO J. RODRIGUEZ SAA-HECTOR M. MAYA,agrupacion,80,2007_GENERAL_DIST21_santafe_presidente.xlsx
2007,GENERAL,2007-10-28,PRESIDENTE Y VICE,21,Santa Fe,Castellanos,Ramona,0124,JORGE OMAR SOBISCH-JORGE ASIS,agrupacion,17,2007_GENERAL_DIST21_santafe_presidente.xlsx
2007,GENERAL,2007-10-28,PRESIDENTE Y VICE,21,Santa Fe,Castellanos,Ramona,0124,RICARDO LOPEZ MURPHY-ESTEBAN BULLRICH,agrupacion,16,2007_GENERAL_DIST21_santafe_presidente.xlsx
2007,GENERAL,2007-10-28,PRESIDENTE Y VICE,21,Santa Fe,Castellanos,Ramona,0124,FERNANDO 'PINO' SOLANAS-ANGEL F. CADELLI,agrupacion,10,2007_GENERAL_DIST21_santafe_presidente.xlsx
2007,GENERAL,2007-10-28,PRESIDENTE Y VICE,21,Santa Fe,Castellanos,Ramona,0124,VILMA RIPOLL-HECTOR BIDONDE,agrupacion,5,2007_GENERAL_DIST21_santafe_presidente.xlsx
2007,GENERAL,2007-10-28,PRESIDENTE Y VICE,21,Santa Fe,Castellanos,Ramona,0124,NESTOR A. PITROLA-GABRIELA A. ARROYOS,agrupacion,3,2007_GENERAL_DIST21_santafe_presidente.xlsx
2007,GENERAL,2007-10-28,PRESIDENTE Y VICE,21,Santa Fe,Castellanos,Ramona,0124,RAUL ANIBAL CASTELLS-'NINA' PELOZO,agrupacion,3,2007_GENERAL_DIST21_santafe_presidente.xlsx
2007,GENERAL,2007-10-28,PRESIDENTE Y VICE,21,Santa Fe,Castellanos,Ramona,0124,LUIS ALBERTO AMMANN-ROGELIO DELEONARDI,agrupacion,2,2007_GENERAL_DIST21_santafe_presidente.xlsx
2007,GENERAL,2007-10-28,PRESIDENTE Y VICE,21,Santa Fe,Castellanos,Ramona,0124,JOSE A. MONTES-HECTOR A. HEBERLING,agrupacion,1,2007_GENERAL_DIST21_santafe_presidente.xlsx
2007,GENERAL,2007-10-28,PRESIDENTE Y VICE,21,Santa Fe,Castellanos,Ramona,0124,GUSTAVO L. BREIDE OBEID-HECTOR R. VERGARA,agrupacion,0,2007_GENERAL_DIST21_santafe_presidente.xlsx
2007,GENERAL,2007-10-28,PRESIDENTE Y VICE,21,Santa Fe,Castellanos,Ramona,0124,JUAN RICARDO MUSSA-BERNARDO NESPRAL,agrupacion,0,2007_GENERAL_DIST21_santafe_presidente.xlsx
2007,GENERAL,2007-10-28,PRESIDENTE Y VICE,21,Santa Fe,Castellanos,San Vicente,0142,CRISTINA E. FERNANDEZ DE KIRCHNER-JULIO C.C. COBOS,agrupacion,1196,2007_GENERAL_DIST21_santafe_presidente.xlsx
2007,GENERAL,2007-10-28,PRESIDENTE Y VICE,21,Santa Fe,Castellanos,San Vicente,0142,ROBERTO LAVAGNA-GERARDO R. MORALES,agrupacion,1128,2007_GENERAL_DIST21_santafe_presidente.xlsx
2007,GENERAL,2007-10-28,PRESIDENTE Y VICE,21,Santa Fe,Castellanos,San Vicente,0142,ELISA M.A. CARRIO-RUBEN HECTOR GIUSTINIANI,agrupacion,869,2007_GENERAL_DIST21_santafe_presidente.xlsx
2007,GENERAL,2007-10-28,PRESIDENTE Y VICE,21,Santa Fe,Castellanos,San Vicente,0142,ALBERTO J. RODRIGUEZ SAA-HECTOR M. MAYA,agrupacion,373,2007_GENERAL_DIST21_santafe_presidente.xlsx
2007,GENERAL,2007-10-28,PRESIDENTE Y VICE,21,Santa Fe,Castellanos,San Vicente,0142,RICARDO LOPEZ MURPHY-ESTEBAN BULLRICH,agrupacion,75,2007_GENERAL_DIST21_santafe_presidente.xlsx
2007,GENERAL,2007-10-28,PRESIDENTE Y VICE,21,Santa Fe,Castellanos,San Vicente,0142,JORGE OMAR SOBISCH-JORGE ASIS,agrupacion,37,2007_GENERAL_DIST21_santafe_presidente.xlsx
2007,GENERAL,2007-10-28,PRESIDENTE Y VICE,21,Santa Fe,Castellanos,San Vicente,0142,FERNANDO 'PINO' SOLANAS-ANGEL F. CADELLI,agrupacion,28,2007_GENERAL_DIST21_santafe_presidente.xlsx
2007,GENERAL,2007-10-28,PRESIDENTE Y VICE,21,Santa Fe,Castellanos,San Vicente,0142,VILMA RIPOLL-HECTOR BIDONDE,agrupacion,12,2007_GENERAL_DIST21_santafe_presidente.xlsx
2007,GENERAL,2007-10-28,PRESIDENTE Y VICE,21,Santa Fe,Castellanos,San Vicente,0142,LUIS ALBERTO AMMANN-ROGELIO DELEONARDI,agrupacion,9,2007_GENERAL_DIST21_santafe_presidente.xlsx
2007,GENERAL,2007-10-28,PRESIDENTE Y VICE,21,Santa Fe,Castellanos,San Vicente,0142,RAUL ANIBAL CASTELLS-'NINA' PELOZO,agrupacion,9,2007_GENERAL_DIST21_santafe_presidente.xlsx
2007,GENERAL,2007-10-28,PRESIDENTE Y VICE,21,Santa Fe,Castellanos,San Vicente,0142,JOSE A. MONTES-HECTOR A. HEBERLING,agrupacion,8,2007_GENERAL_DIST21_santafe_presidente.xlsx
2007,GENERAL,2007-10-28,PRESIDENTE Y VICE,21,Santa Fe,Castellanos,San Vicente,0142,NESTOR A. PITROLA-GABRIELA A. ARROYOS,agrupacion,8,2007_GENERAL_DIST21_santafe_presidente.xlsx
2007,GENERAL,2007-10-28,PRESIDENTE Y VICE,21,Santa Fe,Castellanos,San Vicente,0142,GUSTAVO L. BREIDE OBEID-HECTOR R. VERGARA,agrupacion,0,2007_GENERAL_DIST21_santafe_presidente.xlsx
2007,GENERAL,2007-10-28,PRESIDENTE Y VICE,21,Santa Fe,Castellanos,San Vicente,0142,JUAN RICARDO MUSSA-BERNARDO NESPRAL,agrupacion,0,2007_GENERAL_DIST21_santafe_presidente.xlsx
2007,GENERAL,2007-10-28,PRESIDENTE Y VICE,21,Santa Fe,Castellanos,Santa Clara de Saguier,0130,CRISTINA E. FERNANDEZ DE KIRCHNER-JULIO C.C. COBOS,agrupacion,430,2007_GENERAL_DIST21_santafe_presidente.xlsx
2007,GENERAL,2007-10-28,PRESIDENTE Y VICE,21,Santa Fe,Castellanos,Santa Clara de Saguier,0130,ELISA M.A. CARRIO-RUBEN HECTOR GIUSTINIANI,agrupacion,371,2007_GENERAL_DIST21_santafe_presidente.xlsx
2007,GENERAL,2007-10-28,PRESIDENTE Y VICE,21,Santa Fe,Castellanos,Santa Clara de Saguier,0130,ROBERTO LAVAGNA-GERARDO R. MORALES,agrupacion,340,2007_GENERAL_DIST21_santafe_presidente.xlsx
2007,GENERAL,2007-10-28,PRESIDENTE Y VICE,21,Santa Fe,Castellanos,Santa Clara de Saguier,0130,ALBERTO J. RODRIGUEZ SAA-HECTOR M. MAYA,agrupacion,167,2007_GENERAL_DIST21_santafe_presidente.xlsx
2007,GENERAL,2007-10-28,PRESIDENTE Y VICE,21,Santa Fe,Castellanos,Santa Clara de Saguier,0130,JORGE OMAR SOBISCH-JORGE ASIS,agrupacion,20,2007_GENERAL_DIST21_santafe_presidente.xlsx
2007,GENERAL,2007-10-28,PRESIDENTE Y VICE,21,Santa Fe,Castellanos,Santa Clara de Saguier,0130,RICARDO LOPEZ MURPHY-ESTEBAN BULLRICH,agrupacion,17,2007_GENERAL_DIST21_santafe_presidente.xlsx
2007,GENERAL,2007-10-28,PRESIDENTE Y VICE,21,Santa Fe,Castellanos,Santa Clara de Saguier,0130,FERNANDO 'PINO' SOLANAS-ANGEL F. CADELLI,agrupacion,11,2007_GENERAL_DIST21_santafe_presidente.xlsx
2007,GENERAL,2007-10-28,PRESIDENTE Y VICE,21,Santa Fe,Castellanos,Santa Clara de Saguier,0130,JOSE A. MONTES-HECTOR A. HEBERLING,agrupacion,7,2007_GENERAL_DIST21_santafe_presidente.xlsx
2007,GENERAL,2007-10-28,PRESIDENTE Y VICE,21,Santa Fe,Castellanos,Santa Clara de Saguier,0130,NESTOR A. PITROLA-GABRIELA A. ARROYOS,agrupacion,7,2007_GENERAL_DIST21_santafe_presidente.xlsx
2007,GENERAL,2007-10-28,PRESIDENTE Y VICE,21,Santa Fe,Castellanos,Santa Clara de Saguier,0130,VILMA RIPOLL-HECTOR BIDONDE,agrupacion,6,2007_GENERAL_DIST21_santafe_presidente.xlsx
2007,GENERAL,2007-10-28,PRESIDENTE Y VICE,21,Santa Fe,Castellanos,Santa Clara de Saguier,0130,LUIS ALBERTO AMMANN-ROGELIO DELEONARDI,agrupacion,5,2007_GENERAL_DIST21_santafe_presidente.xlsx
2007,GENERAL,2007-10-28,PRESIDENTE Y VICE,21,Santa Fe,Castellanos,Santa Clara de Saguier,0130,JUAN RICARDO MUSSA-BERNARDO NESPRAL,agrupacion,1,2007_GENERAL_DIST21_santafe_presidente.xlsx
2007,GENERAL,2007-10-28,PRESIDENTE Y VICE,21,Santa Fe,Castellanos,Santa Clara de Saguier,0130,RAUL ANIBAL CASTELLS-'NINA' PELOZO,agrupacion,1,2007_GENERAL_DIST21_santafe_presidente.xlsx
2007,GENERAL,2007-10-28,PRESIDENTE Y VICE,21,Santa Fe,Castellanos,Santa Clara de Saguier,0130,GUSTAVO L. BREIDE OBEID-HECTOR R. VERGARA,agrupacion,0,2007_GENERAL_DIST21_santafe_presidente.xlsx
2007,GENERAL,2007-10-28,PRESIDENTE Y VICE,21,Santa Fe,Castellanos,Sunchales,0118,CRISTINA E. FERNANDEZ DE KIRCHNER-JULIO C.C. COBOS,agrupacion,4284,2007_GENERAL_DIST21_santafe_presidente.xlsx
2007,GENERAL,2007-10-28,PRESIDENTE Y VICE,21,Santa Fe,Castellanos,Sunchales,0118,ROBERTO LAVAGNA-GERARDO R. MORALES,agrupacion,3213,2007_GENERAL_DIST21_santafe_presidente.xlsx
2007,GENERAL,2007-10-28,PRESIDENTE Y VICE,21,Santa Fe,Castellanos,Sunchales,0118,ELISA M.A. CARRIO-RUBEN HECTOR GIUSTINIANI,agrupacion,2351,2007_GENERAL_DIST21_santafe_presidente.xlsx
2007,GENERAL,2007-10-28,PRESIDENTE Y VICE,21,Santa Fe,Castellanos,Sunchales,0118,ALBERTO J. RODRIGUEZ SAA-HECTOR M. MAYA,agrupacion,911,2007_GENERAL_DIST21_santafe_presidente.xlsx
2007,GENERAL,2007-10-28,PRESIDENTE Y VICE,21,Santa Fe,Castellanos,Sunchales,0118,RICARDO LOPEZ MURPHY-ESTEBAN BULLRICH,agrupacion,170,2007_GENERAL_DIST21_santafe_presidente.xlsx
2007,GENERAL,2007-10-28,PRESIDENTE Y VICE,21,Santa Fe,Castellanos,Sunchales,0118,FERNANDO 'PINO' SOLANAS-ANGEL F. CADELLI,agrupacion,112,2007_GENERAL_DIST21_santafe_presidente.xlsx
2007,GENERAL,2007-10-28,PRESIDENTE Y VICE,21,Santa Fe,Castellanos,Sunchales,0118,JORGE OMAR SOBISCH-JORGE ASIS,agrupacion,97,2007_GENERAL_DIST21_santafe_presidente.xlsx
2007,GENERAL,2007-10-28,PRESIDENTE Y VICE,21,Santa Fe,Castellanos,Sunchales,0118,NESTOR A. PITROLA-GABRIELA A. ARROYOS,agrupacion,38,2007_GENERAL_DIST21_santafe_presidente.xlsx
2007,GENERAL,2007-10-28,PRESIDENTE Y VICE,21,Santa Fe,Castellanos,Sunchales,0118,RAUL ANIBAL CASTELLS-'NINA' PELOZO,agrupacion,36,2007_GENERAL_DIST21_santafe_presidente.xlsx
2007,GENERAL,2007-10-28,PRESIDENTE Y VICE,21,Santa Fe,Castellanos,Sunchales,0118,LUIS ALBERTO AMMANN-ROGELIO DELEONARDI,agrupacion,32,2007_GENERAL_DIST21_santafe_presidente.xlsx
2007,GENERAL,2007-10-28,PRESIDENTE Y VICE,21,Santa Fe,Castellanos,Sunchales,0118,JOSE A. MONTES-HECTOR A. HEBERLING,agrupacion,24,2007_GENERAL_DIST21_santafe_presidente.xlsx
2007,GENERAL,2007-10-28,PRESIDENTE Y VICE,21,Santa Fe,Castellanos,Sunchales,0118,VILMA RIPOLL-HECTOR BIDONDE,agrupacion,24,2007_GENERAL_DIST21_santafe_presidente.xlsx
2007,GENERAL,2007-10-28,PRESIDENTE Y VICE,21,Santa Fe,Castellanos,Sunchales,0118,JUAN RICARDO MUSSA-BERNARDO NESPRAL,agrupacion,1,2007_GENERAL_DIST21_santafe_presidente.xlsx
2007,GENERAL,2007-10-28,PRESIDENTE Y VICE,21,Santa Fe,Castellanos,Sunchales,0118,GUSTAVO L. BREIDE OBEID-HECTOR R. VERGARA,agrupacion,0,2007_GENERAL_DIST21_santafe_presidente.xlsx
2007,GENERAL,2007-10-28,PRESIDENTE Y VICE,21,Santa Fe,Castellanos,Zenón Pereyra,0138,CRISTINA E. FERNANDEZ DE KIRCHNER-JULIO C.C. COBOS,agrupacion,459,2007_GENERAL_DIST21_santafe_presidente.xlsx
2007,GENERAL,2007-10-28,PRESIDENTE Y VICE,21,Santa Fe,Castellanos,Zenón Pereyra,0138,ELISA M.A. CARRIO-RUBEN HECTOR GIUSTINIANI,agrupacion,323,2007_GENERAL_DIST21_santafe_presidente.xlsx
2007,GENERAL,2007-10-28,PRESIDENTE Y VICE,21,Santa Fe,Castellanos,Zenón Pereyra,0138,ROBERTO LAVAGNA-GERARDO R. MORALES,agrupacion,260,2007_GENERAL_DIST21_santafe_presidente.xlsx
2007,GENERAL,2007-10-28,PRESIDENTE Y VICE,21,Santa Fe,Castellanos,Zenón Pereyra,0138,ALBERTO J. RODRIGUEZ SAA-HECTOR M. MAYA,agrupacion,78,2007_GENERAL_DIST21_santafe_presidente.xlsx
2007,GENERAL,2007-10-28,PRESIDENTE Y VICE,21,Santa Fe,Castellanos,Zenón Pereyra,0138,RICARDO LOPEZ MURPHY-ESTEBAN BULLRICH,agrupacion,15,2007_GENERAL_DIST21_santafe_presidente.xlsx
2007,GENERAL,2007-10-28,PRESIDENTE Y VICE,21,Santa Fe,Castellanos,Zenón Pereyra,0138,FERNANDO 'PINO' SOLANAS-ANGEL F. CADELLI,agrupacion,5,2007_GENERAL_DIST21_santafe_presidente.xlsx
2007,GENERAL,2007-10-28,PRESIDENTE Y VICE,21,Santa Fe,Castellanos,Zenón Pereyra,0138,JORGE OMAR SOBISCH-JORGE ASIS,agrupacion,5,2007_GENERAL_DIST21_santafe_presidente.xlsx
2007,GENERAL,2007-10-28,PRESIDENTE Y VICE,21,Santa Fe,Castellanos,Zenón Pereyra,0138,RAUL ANIBAL CASTELLS-'NINA' PELOZO,agrupacion,5,2007_GENERAL_DIST21_santafe_presidente.xlsx
2007,GENERAL,2007-10-28,PRESIDENTE Y VICE,21,Santa Fe,Castellanos,Zenón Pereyra,0138,NESTOR A. PITROLA-GABRIELA A. ARROYOS,agrupacion,3,2007_GENERAL_DIST21_santafe_presidente.xlsx
2007,GENERAL,2007-10-28,PRESIDENTE Y VICE,21,Santa Fe,Castellanos,Zenón Pereyra,0138,JOSE A. MONTES-HECTOR A. HEBERLING,agrupacion,2,2007_GENERAL_DIST21_santafe_presidente.xlsx
2007,GENERAL,2007-10-28,PRESIDENTE Y VICE,21,Santa Fe,Castellanos,Zenón Pereyra,0138,LUIS ALBERTO AMMANN-ROGELIO DELEONARDI,agrupacion,2,2007_GENERAL_DIST21_santafe_presidente.xlsx
2007,GENERAL,2007-10-28,PRESIDENTE Y VICE,21,Santa Fe,Castellanos,Zenón Pereyra,0138,VILMA RIPOLL-HECTOR BIDONDE,agrupacion,1,2007_GENERAL_DIST21_santafe_presidente.xlsx
2007,GENERAL,2007-10-28,PRESIDENTE Y VICE,21,Santa Fe,Castellanos,Zenón Pereyra,0138,GUSTAVO L. BREIDE OBEID-HECTOR R. VERGARA,agrupacion,0,2007_GENERAL_DIST21_santafe_presidente.xlsx
2007,GENERAL,2007-10-28,PRESIDENTE Y VICE,21,Santa Fe,Castellanos,Zenón Pereyra,0138,JUAN RICARDO MUSSA-BERNARDO NESPRAL,agrupacion,0,2007_GENERAL_DIST21_santafe_presidente.xlsx
2007,GENERAL,2007-10-28,PRESIDENTE Y VICE,21,Santa Fe,Las Colonias,Esperanza,0055,CRISTINA E. FERNANDEZ DE KIRCHNER-JULIO C.C. COBOS,agrupacion,7758,2007_GENERAL_DIST21_santafe_presidente.xlsx
2007,GENERAL,2007-10-28,PRESIDENTE Y VICE,21,Santa Fe,Las Colonias,Esperanza,0055,ROBERTO LAVAGNA-GERARDO R. MORALES,agrupacion,7407,2007_GENERAL_DIST21_santafe_presidente.xlsx
2007,GENERAL,2007-10-28,PRESIDENTE Y VICE,21,Santa Fe,Las Colonias,Esperanza,0055,ELISA M.A. CARRIO-RUBEN HECTOR GIUSTINIANI,agrupacion,4683,2007_GENERAL_DIST21_santafe_presidente.xlsx
2007,GENERAL,2007-10-28,PRESIDENTE Y VICE,21,Santa Fe,Las Colonias,Esperanza,0055,ALBERTO J. RODRIGUEZ SAA-HECTOR M. MAYA,agrupacion,954,2007_GENERAL_DIST21_santafe_presidente.xlsx
2007,GENERAL,2007-10-28,PRESIDENTE Y VICE,21,Santa Fe,Las Colonias,Esperanza,0055,JORGE OMAR SOBISCH-JORGE ASIS,agrupacion,174,2007_GENERAL_DIST21_santafe_presidente.xlsx
2007,GENERAL,2007-10-28,PRESIDENTE Y VICE,21,Santa Fe,Las Colonias,Esperanza,0055,RICARDO LOPEZ MURPHY-ESTEBAN BULLRICH,agrupacion,164,2007_GENERAL_DIST21_santafe_presidente.xlsx
2007,GENERAL,2007-10-28,PRESIDENTE Y VICE,21,Santa Fe,Las Colonias,Esperanza,0055,FERNANDO 'PINO' SOLANAS-ANGEL F. CADELLI,agrupacion,156,2007_GENERAL_DIST21_santafe_presidente.xlsx
2007,GENERAL,2007-10-28,PRESIDENTE Y VICE,21,Santa Fe,Las Colonias,Esperanza,0055,RAUL ANIBAL CASTELLS-'NINA' PELOZO,agrupacion,48,2007_GENERAL_DIST21_santafe_presidente.xlsx
2007,GENERAL,2007-10-28,PRESIDENTE Y VICE,21,Santa Fe,Las Colonias,Esperanza,0055,NESTOR A. PITROLA-GABRIELA A. ARROYOS,agrupacion,47,2007_GENERAL_DIST21_santafe_presidente.xlsx
2007,GENERAL,2007-10-28,PRESIDENTE Y VICE,21,Santa Fe,Las Colonias,Esperanza,0055,LUIS ALBERTO AMMANN-ROGELIO DELEONARDI,agrupacion,41,2007_GENERAL_DIST21_santafe_presidente.xlsx
2007,GENERAL,2007-10-28,PRESIDENTE Y VICE,21,Santa Fe,Las Colonias,Esperanza,0055,VILMA RIPOLL-HECTOR BIDONDE,agrupacion,31,2007_GENERAL_DIST21_santafe_presidente.xlsx
2007,GENERAL,2007-10-28,PRESIDENTE Y VICE,21,Santa Fe,Las Colonias,Esperanza,0055,JOSE A. MONTES-HECTOR A. HEBERLING,agrupacion,29,2007_GENERAL_DIST21_santafe_presidente.xlsx
2007,GENERAL,2007-10-28,PRESIDENTE Y VICE,21,Santa Fe,Las Colonias,Esperanza,0055,GUSTAVO L. BREIDE OBEID-HECTOR R. VERGARA,agrupacion,11,2007_GENERAL_DIST21_santafe_presidente.xlsx
2007,GENERAL,2007-10-28,PRESIDENTE Y VICE,21,Santa Fe,Las Colonias,Esperanza,0055,JUAN RICARDO MUSSA-BERNARDO NESPRAL,agrupacion,11,2007_GENERAL_DIST21_santafe_presidente.xlsx
2007,GENERAL,2007-10-28,PRESIDENTE Y VICE,21,Santa Fe,Las Colonias,Felicia,0060,ROBERTO LAVAGNA-GERARDO R. MORALES,agrupacion,534,2007_GENERAL_DIST21_santafe_presidente.xlsx
2007,GENERAL,2007-10-28,PRESIDENTE Y VICE,21,Santa Fe,Las Colonias,Felicia,0060,CRISTINA E. FERNANDEZ DE KIRCHNER-JULIO C.C. COBOS,agrupacion,467,2007_GENERAL_DIST21_santafe_presidente.xlsx
2007,GENERAL,2007-10-28,PRESIDENTE Y VICE,21,Santa Fe,Las Colonias,Felicia,0060,ELISA M.A. CARRIO-RUBEN HECTOR GIUSTINIANI,agrupacion,214,2007_GENERAL_DIST21_santafe_presidente.xlsx
2007,GENERAL,2007-10-28,PRESIDENTE Y VICE,21,Santa Fe,Las Colonias,Felicia,0060,ALBERTO J. RODRIGUEZ SAA-HECTOR M. MAYA,agrupacion,115,2007_GENERAL_DIST21_santafe_presidente.xlsx
2007,GENERAL,2007-10-28,PRESIDENTE Y VICE,21,Santa Fe,Las Colonias,Felicia,0060,RICARDO LOPEZ MURPHY-ESTEBAN BULLRICH,agrupacion,21,2007_GENERAL_DIST21_santafe_presidente.xlsx
2007,GENERAL,2007-10-28,PRESIDENTE Y VICE,21,Santa Fe,Las Colonias,Felicia,0060,JORGE OMAR SOBISCH-JORGE ASIS,agrupacion,20,2007_GENERAL_DIST21_santafe_presidente.xlsx
2007,GENERAL,2007-10-28,PRESIDENTE Y VICE,21,Santa Fe,Las Colonias,Felicia,0060,NESTOR A. PITROLA-GABRIELA A. ARROYOS,agrupacion,11,2007_GENERAL_DIST21_santafe_presidente.xlsx
2007,GENERAL,2007-10-28,PRESIDENTE Y VICE,21,Santa Fe,Las Colonias,Felicia,0060,RAUL ANIBAL CASTELLS-'NINA' PELOZO,agrupacion,9,2007_GENERAL_DIST21_santafe_presidente.xlsx
2007,GENERAL,2007-10-28,PRESIDENTE Y VICE,21,Santa Fe,Las Colonias,Felicia,0060,FERNANDO 'PINO' SOLANAS-ANGEL F. CADELLI,agrupacion,7,2007_GENERAL_DIST21_santafe_presidente.xlsx
2007,GENERAL,2007-10-28,PRESIDENTE Y VICE,21,Santa Fe,Las Colonias,Felicia,0060,JOSE A. MONTES-HECTOR A. HEBERLING,agrupacion,5,2007_GENERAL_DIST21_santafe_presidente.xlsx
2007,GENERAL,2007-10-28,PRESIDENTE Y VICE,21,Santa Fe,Las Colonias,Felicia,0060,VILMA RIPOLL-HECTOR BIDONDE,agrupacion,4,2007_GENERAL_DIST21_santafe_presidente.xlsx
2007,GENERAL,2007-10-28,PRESIDENTE Y VICE,21,Santa Fe,Las Colonias,Felicia,0060,LUIS ALBERTO AMMANN-ROGELIO DELEONARDI,agrupacion,2,2007_GENERAL_DIST21_santafe_presidente.xlsx
2007,GENERAL,2007-10-28,PRESIDENTE Y VICE,21,Santa Fe,Las Colonias,Felicia,0060,GUSTAVO L. BREIDE OBEID-HECTOR R. VERGARA,agrupacion,0,2007_GENERAL_DIST21_santafe_presidente.xlsx
2007,GENERAL,2007-10-28,PRESIDENTE Y VICE,21,Santa Fe,Las Colonias,Felicia,0060,JUAN RICARDO MUSSA-BERNARDO NESPRAL,agrupacion,0,2007_GENERAL_DIST21_santafe_presidente.xlsx
2007,GENERAL,2007-10-28,PRESIDENTE Y VICE,21,Santa Fe,Las Colonias,Franck,0053,ROBERTO LAVAGNA-GERARDO R. MORALES,agrupacion,1236,2007_GENERAL_DIST21_santafe_presidente.xlsx
2007,GENERAL,2007-10-28,PRESIDENTE Y VICE,21,Santa Fe,Las Colonias,Franck,0053,CRISTINA E. FERNANDEZ DE KIRCHNER-JULIO C.C. COBOS,agrupacion,1002,2007_GENERAL_DIST21_santafe_presidente.xlsx
2007,GENERAL,2007-10-28,PRESIDENTE Y VICE,21,Santa Fe,Las Colonias,Franck,0053,ELISA M.A. CARRIO-RUBEN HECTOR GIUSTINIANI,agrupacion,536,2007_GENERAL_DIST21_santafe_presidente.xlsx
2007,GENERAL,2007-10-28,PRESIDENTE Y VICE,21,Santa Fe,Las Colonias,Franck,0053,ALBERTO J. RODRIGUEZ SAA-HECTOR M. MAYA,agrupacion,192,2007_GENERAL_DIST21_santafe_presidente.xlsx
2007,GENERAL,2007-10-28,PRESIDENTE Y VICE,21,Santa Fe,Las Colonias,Franck,0053,RICARDO LOPEZ MURPHY-ESTEBAN BULLRICH,agrupacion,24,2007_GENERAL_DIST21_santafe_presidente.xlsx
2007,GENERAL,2007-10-28,PRESIDENTE Y VICE,21,Santa Fe,Las Colonias,Franck,0053,JORGE OMAR SOBISCH-JORGE ASIS,agrupacion,16,2007_GENERAL_DIST21_santafe_presidente.xlsx
2007,GENERAL,2007-10-28,PRESIDENTE Y VICE,21,Santa Fe,Las Colonias,Franck,0053,FERNANDO 'PINO' SOLANAS-ANGEL F. CADELLI,agrupacion,15,2007_GENERAL_DIST21_santafe_presidente.xlsx
2007,GENERAL,2007-10-28,PRESIDENTE Y VICE,21,Santa Fe,Las Colonias,Franck,0053,JOSE A. MONTES-HECTOR A. HEBERLING,agrupacion,9,2007_GENERAL_DIST21_santafe_presidente.xlsx
2007,GENERAL,2007-10-28,PRESIDENTE Y VICE,21,Santa Fe,Las Colonias,Franck,0053,NESTOR A. PITROLA-GABRIELA A. ARROYOS,agrupacion,8,2007_GENERAL_DIST21_santafe_presidente.xlsx
2007,GENERAL,2007-10-28,PRESIDENTE Y VICE,21,Santa Fe,Las Colonias,Franck,0053,RAUL ANIBAL CASTELLS-'NINA' PELOZO,agrupacion,7,2007_GENERAL_DIST21_santafe_presidente.xlsx
2007,GENERAL,2007-10-28,PRESIDENTE Y VICE,21,Santa Fe,Las Colonias,Franck,0053,LUIS ALBERTO AMMANN-ROGELIO DELEONARDI,agrupacion,6,2007_GENERAL_DIST21_santafe_presidente.xlsx
2007,GENERAL,2007-10-28,PRESIDENTE Y VICE,21,Santa Fe,Las Colonias,Franck,0053,VILMA RIPOLL-HECTOR BIDONDE,agrupacion,3,2007_GENERAL_DIST21_santafe_presidente.xlsx
2007,GENERAL,2007-10-28,PRESIDENTE Y VICE,21,Santa Fe,Las Colonias,Franck,0053,GUSTAVO L. BREIDE OBEID-HECTOR R. VERGARA,agrupacion,0,2007_GENERAL_DIST21_santafe_presidente.xlsx
2007,GENERAL,2007-10-28,PRESIDENTE Y VICE,21,Santa Fe,Las Colonias,Franck,0053,JUAN RICARDO MUSSA-BERNARDO NESPRAL,agrupacion,0,2007_GENERAL_DIST21_santafe_presidente.xlsx
2007,GENERAL,2007-10-28,PRESIDENTE Y VICE,21,Santa Fe,Las Colonias,Humboldt,0056,ROBERTO LAVAGNA-GERARDO R. MORALES,agrupacion,856,2007_GENERAL_DIST21_santafe_presidente.xlsx
2007,GENERAL,2007-10-28,PRESIDENTE Y VICE,21,Santa Fe,Las Colonias,Humboldt,0056,CRISTINA E. FERNANDEZ DE KIRCHNER-JULIO C.C. COBOS,agrupacion,830,2007_GENERAL_DIST21_santafe_presidente.xlsx
2007,GENERAL,2007-10-28,PRESIDENTE Y VICE,21,Santa Fe,Las Colonias,Humboldt,0056,ELISA M.A. CARRIO-RUBEN HECTOR GIUSTINIANI,agrupacion,672,2007_GENERAL_DIST21_santafe_presidente.xlsx
2007,GENERAL,2007-10-28,PRESIDENTE Y VICE,21,Santa Fe,Las Colonias,Humboldt,0056,ALBERTO J. RODRIGUEZ SAA-HECTOR M. MAYA,agrupacion,306,2007_GENERAL_DIST21_santafe_presidente.xlsx
2007,GENERAL,2007-10-28,PRESIDENTE Y VICE,21,Santa Fe,Las Colonias,Humboldt,0056,LUIS ALBERTO AMMANN-ROGELIO DELEONARDI,agrupacion,38,2007_GENERAL_DIST21_santafe_presidente.xlsx
2007,GENERAL,2007-10-28,PRESIDENTE Y VICE,21,Santa Fe,Las Colonias,Humboldt,0056,JORGE OMAR SOBISCH-JORGE ASIS,agrupacion,33,2007_GENERAL_DIST21_santafe_presidente.xlsx
2007,GENERAL,2007-10-28,PRESIDENTE Y VICE,21,Santa Fe,Las Colonias,Humboldt,0056,RICARDO LOPEZ MURPHY-ESTEBAN BULLRICH,agrupacion,20,2007_GENERAL_DIST21_santafe_presidente.xlsx
2007,GENERAL,2007-10-28,PRESIDENTE Y VICE,21,Santa Fe,Las Colonias,Humboldt,0056,FERNANDO 'PINO' SOLANAS-ANGEL F. CADELLI,agrupacion,17,2007_GENERAL_DIST21_santafe_presidente.xlsx
2007,GENERAL,2007-10-28,PRESIDENTE Y VICE,21,Santa Fe,Las Colonias,Humboldt,0056,NESTOR A. PITROLA-GABRIELA A. ARROYOS,agrupacion,15,2007_GENERAL_DIST21_santafe_presidente.xlsx
2007,GENERAL,2007-10-28,PRESIDENTE Y VICE,21,Santa Fe,Las Colonias,Humboldt,0056,JOSE A. MONTES-HECTOR A. HEBERLING,agrupacion,6,2007_GENERAL_DIST21_santafe_presidente.xlsx
2007,GENERAL,2007-10-28,PRESIDENTE Y VICE,21,Santa Fe,Las Colonias,Humboldt,0056,RAUL ANIBAL CASTELLS-'NINA' PELOZO,agrupacion,4,2007_GENERAL_DIST21_santafe_presidente.xlsx
2007,GENERAL,2007-10-28,PRESIDENTE Y VICE,21,Santa Fe,Las Colonias,Humboldt,0056,VILMA RIPOLL-HECTOR BIDONDE,agrupacion,3,2007_GENERAL_DIST21_santafe_presidente.xlsx
2007,GENERAL,2007-10-28,PRESIDENTE Y VICE,21,Santa Fe,Las Colonias,Humboldt,0056,GUSTAVO L. BREIDE OBEID-HECTOR R. VERGARA,agrupacion,0,2007_GENERAL_DIST21_santafe_presidente.xlsx
2007,GENERAL,2007-10-28,PRESIDENTE Y VICE,21,Santa Fe,Las Colonias,Humboldt,0056,JUAN RICARDO MUSSA-BERNARDO NESPRAL,agrupacion,0,2007_GENERAL_DIST21_santafe_presidente.xlsx
2007,GENERAL,2007-10-28,PRESIDENTE Y VICE,21,Santa Fe,Las Colonias,Pilar,0057,CRISTINA E. FERNANDEZ DE KIRCHNER-JULIO C.C. COBOS,agrupacion,1242,2007_GENERAL_DIST21_santafe_presidente.xlsx
2007,GENERAL,2007-10-28,PRESIDENTE Y VICE,21,Santa Fe,Las Colonias,Pilar,0057,ELISA M.A. CARRIO-RUBEN HECTOR GIUSTINIANI,agrupacion,568,2007_GENERAL_DIST21_santafe_presidente.xlsx
2007,GENERAL,2007-10-28,PRESIDENTE Y VICE,21,Santa Fe,Las Colonias,Pilar,0057,ROBERTO LAVAGNA-GERARDO R. MORALES,agrupacion,435,2007_GENERAL_DIST21_santafe_presidente.xlsx
2007,GENERAL,2007-10-28,PRESIDENTE Y VICE,21,Santa Fe,Las Colonias,Pilar,0057,ALBERTO J. RODRIGUEZ SAA-HECTOR M. MAYA,agrupacion,157,2007_GENERAL_DIST21_santafe_presidente.xlsx
2007,GENERAL,2007-10-28,PRESIDENTE Y VICE,21,Santa Fe,Las Colonias,Pilar,0057,JORGE OMAR SOBISCH-JORGE ASIS,agrupacion,40,2007_GENERAL_DIST21_santafe_presidente.xlsx
2007,GENERAL,2007-10-28,PRESIDENTE Y VICE,21,Santa Fe,Las Colonias,Pilar,0057,RICARDO LOPEZ MURPHY-ESTEBAN BULLRICH,agrupacion,30,2007_GENERAL_DIST21_santafe_presidente.xlsx
2007,GENERAL,2007-10-28,PRESIDENTE Y VICE,21,Santa Fe,Las Colonias,Pilar,0057,NESTOR A. PITROLA-GABRIELA A. ARROYOS,agrupacion,15,2007_GENERAL_DIST21_santafe_presidente.xlsx
2007,GENERAL,2007-10-28,PRESIDENTE Y VICE,21,Santa Fe,Las Colonias,Pilar,0057,FERNANDO 'PINO' SOLANAS-ANGEL F. CADELLI,agrupacion,14,2007_GENERAL_DIST21_santafe_presidente.xlsx
2007,GENERAL,2007-10-28,PRESIDENTE Y VICE,21,Santa Fe,Las Colonias,Pilar,0057,RAUL ANIBAL CASTELLS-'NINA' PELOZO,agrupacion,14,2007_GENERAL_DIST21_santafe_presidente.xlsx
2007,GENERAL,2007-10-28,PRESIDENTE Y VICE,21,Santa Fe,Las Colonias,Pilar,0057,JOSE A. MONTES-HECTOR A. HEBERLING,agrupacion,5,2007_GENERAL_DIST21_santafe_presidente.xlsx
2007,GENERAL,2007-10-28,PRESIDENTE Y VICE,21,Santa Fe,Las Colonias,Pilar,0057,LUIS ALBERTO AMMANN-ROGELIO DELEONARDI,agrupacion,5,2007_GENERAL_DIST21_santafe_presidente.xlsx
2007,GENERAL,2007-10-28,PRESIDENTE Y VICE,21,Santa Fe,Las Colonias,Pilar,0057,VILMA RIPOLL-HECTOR BIDONDE,agrupacion,4,2007_GENERAL_DIST21_santafe_presidente.xlsx
2007,GENERAL,2007-10-28,PRESIDENTE Y VICE,21,Santa Fe,Las Colonias,Pilar,0057,GUSTAVO L. BREIDE OBEID-HECTOR R. VERGARA,agrupacion,0,2007_GENERAL_DIST21_santafe_presidente.xlsx
2007,GENERAL,2007-10-28,PRESIDENTE Y VICE,21,Santa Fe,Las Colonias,Pilar,0057,JUAN RICARDO MUSSA-BERNARDO NESPRAL,agrupacion,0,2007_GENERAL_DIST21_santafe_presidente.xlsx
2007,GENERAL,2007-10-28,PRESIDENTE Y VICE,21,Santa Fe,Las Colonias,Progreso,0063,ROBERTO LAVAGNA-GERARDO R. MORALES,agrupacion,440,2007_GENERAL_DIST21_santafe_presidente.xlsx
2007,GENERAL,2007-10-28,PRESIDENTE Y VICE,21,Santa Fe,Las Colonias,Progreso,0063,ELISA M.A. CARRIO-RUBEN HECTOR GIUSTINIANI,agrupacion,370,2007_GENERAL_DIST21_santafe_presidente.xlsx
2007,GENERAL,2007-10-28,PRESIDENTE Y VICE,21,Santa Fe,Las Colonias,Progreso,0063,CRISTINA E. FERNANDEZ DE KIRCHNER-JULIO C.C. COBOS,agrupacion,335,2007_GENERAL_DIST21_santafe_presidente.xlsx
2007,GENERAL,2007-10-28,PRESIDENTE Y VICE,21,Santa Fe,Las Colonias,Progreso,0063,ALBERTO J. RODRIGUEZ SAA-HECTOR M. MAYA,agrupacion,132,2007_GENERAL_DIST21_santafe_presidente.xlsx
2007,GENERAL,2007-10-28,PRESIDENTE Y VICE,21,Santa Fe,Las Colonias,Progreso,0063,RICARDO LOPEZ MURPHY-ESTEBAN BULLRICH,agrupacion,18,2007_GENERAL_DIST21_santafe_presidente.xlsx
2007,GENERAL,2007-10-28,PRESIDENTE Y VICE,21,Santa Fe,Las Colonias,Progreso,0063,JORGE OMAR SOBISCH-JORGE ASIS,agrupacion,16,2007_GENERAL_DIST21_santafe_presidente.xlsx
2007,GENERAL,2007-10-28,PRESIDENTE Y VICE,21,Santa Fe,Las Colonias,Progreso,0063,NESTOR A. PITROLA-GABRIELA A. ARROYOS,agrupacion,6,2007_GENERAL_DIST21_santafe_presidente.xlsx
2007,GENERAL,2007-10-28,PRESIDENTE Y VICE,21,Santa Fe,Las Colonias,Progreso,0063,FERNANDO 'PINO' SOLANAS-ANGEL F. CADELLI,agrupacion,5,2007_GENERAL_DIST21_santafe_presidente.xlsx
2007,GENERAL,2007-10-28,PRESIDENTE Y VICE,21,Santa Fe,Las Colonias,Progreso,0063,JOSE A. MONTES-HECTOR A. HEBERLING,agrupacion,5,2007_GENERAL_DIST21_santafe_presidente.xlsx
2007,GENERAL,2007-10-28,PRESIDENTE Y VICE,21,Santa Fe,Las Colonias,Progreso,0063,LUIS ALBERTO AMMANN-ROGELIO DELEONARDI,agrupacion,5,2007_GENERAL_DIST21_santafe_presidente.xlsx
2007,GENERAL,2007-10-28,PRESIDENTE Y VICE,21,Santa Fe,Las Colonias,Progreso,0063,RAUL ANIBAL CASTELLS-'NINA' PELOZO,agrupacion,4,2007_GENERAL_DIST21_santafe_presidente.xlsx
2007,GENERAL,2007-10-28,PRESIDENTE Y VICE,21,Santa Fe,Las Colonias,Progreso,0063,VILMA RIPOLL-HECTOR BIDONDE,agrupacion,1,2007_GENERAL_DIST21_santafe_presidente.xlsx
2007,GENERAL,2007-10-28,PRESIDENTE Y VICE,21,Santa Fe,Las Colonias,Progreso,0063,GUSTAVO L. BREIDE OBEID-HECTOR R. VERGARA,agrupacion,0,2007_GENERAL_DIST21_santafe_presidente.xlsx
2007,GENERAL,2007-10-28,PRESIDENTE Y VICE,21,Santa Fe,Las Colonias,Progreso,0063,JUAN RICARDO MUSSA-BERNARDO NESPRAL,agrupacion,0,2007_GENERAL_DIST21_santafe_presidente.xlsx
2007,GENERAL,2007-10-28,PRESIDENTE Y VICE,21,Santa Fe,Las Colonias,San Carlos Centro,0044,CRISTINA E. FERNANDEZ DE KIRCHNER-JULIO C.C. COBOS,agrupacion,2450,2007_GENERAL_DIST21_santafe_presidente.xlsx
2007,GENERAL,2007-10-28,PRESIDENTE Y VICE,21,Santa Fe,Las Colonias,San Carlos Centro,0044,ELISA M.A. CARRIO-RUBEN HECTOR GIUSTINIANI,agrupacion,1899,2007_GENERAL_DIST21_santafe_presidente.xlsx
2007,GENERAL,2007-10-28,PRESIDENTE Y VICE,21,Santa Fe,Las Colonias,San Carlos Centro,0044,ROBERTO LAVAGNA-GERARDO R. MORALES,agrupacion,1732,2007_GENERAL_DIST21_santafe_presidente.xlsx
2007,GENERAL,2007-10-28,PRESIDENTE Y VICE,21,Santa Fe,Las Colonias,San Carlos Centro,0044,ALBERTO J. RODRIGUEZ SAA-HECTOR M. MAYA,agrupacion,383,2007_GENERAL_DIST21_santafe_presidente.xlsx
2007,GENERAL,2007-10-28,PRESIDENTE Y VICE,21,Santa Fe,Las Colonias,San Carlos Centro,0044,RICARDO LOPEZ MURPHY-ESTEBAN BULLRICH,agrupacion,86,2007_GENERAL_DIST21_santafe_presidente.xlsx
2007,GENERAL,2007-10-28,PRESIDENTE Y VICE,21,Santa Fe,Las Colonias,San Carlos Centro,0044,JORGE OMAR SOBISCH-JORGE ASIS,agrupacion,51,2007_GENERAL_DIST21_santafe_presidente.xlsx
2007,GENERAL,2007-10-28,PRESIDENTE Y VICE,21,Santa Fe,Las Colonias,San Carlos Centro,0044,FERNANDO 'PINO' SOLANAS-ANGEL F. CADELLI,agrupacion,43,2007_GENERAL_DIST21_santafe_presidente.xlsx
2007,GENERAL,2007-10-28,PRESIDENTE Y VICE,21,Santa Fe,Las Colonias,San Carlos Centro,0044,JOSE A. MONTES-HECTOR A. HEBERLING,agrupacion,20,2007_GENERAL_DIST21_santafe_presidente.xlsx
2007,GENERAL,2007-10-28,PRESIDENTE Y VICE,21,Santa Fe,Las Colonias,San Carlos Centro,0044,NESTOR A. PITROLA-GABRIELA A. ARROYOS,agrupacion,20,2007_GENERAL_DIST21_santafe_presidente.xlsx
2007,GENERAL,2007-10-28,PRESIDENTE Y VICE,21,Santa Fe,Las Colonias,San Carlos Centro,0044,VILMA RIPOLL-HECTOR BIDONDE,agrupacion,16,2007_GENERAL_DIST21_santafe_presidente.xlsx
2007,GENERAL,2007-10-28,PRESIDENTE Y VICE,21,Santa Fe,Las Colonias,San Carlos Centro,0044,RAUL ANIBAL CASTELLS-'NINA' PELOZO,agrupacion,14,2007_GENERAL_DIST21_santafe_presidente.xlsx
2007,GENERAL,2007-10-28,PRESIDENTE Y VICE,21,Santa Fe,Las Colonias,San Carlos Centro,0044,LUIS ALBERTO AMMANN-ROGELIO DELEONARDI,agrupacion,12,2007_GENERAL_DIST21_santafe_presidente.xlsx
2007,GENERAL,2007-10-28,PRESIDENTE Y VICE,21,Santa Fe,Las Colonias,San Carlos Centro,0044,JUAN RICARDO MUSSA-BERNARDO NESPRAL,agrupacion,1,2007_GENERAL_DIST21_santafe_presidente.xlsx
2007,GENERAL,2007-10-28,PRESIDENTE Y VICE,21,Santa Fe,Las Colonias,San Carlos Centro,0044,GUSTAVO L. BREIDE OBEID-HECTOR R. VERGARA,agrupacion,0,2007_GENERAL_DIST21_santafe_presidente.xlsx
2007,GENERAL,2007-10-28,PRESIDENTE Y VICE,21,Santa Fe,Las Colonias,San Carlos Sud,0043,CRISTINA E. FERNANDEZ DE KIRCHNER-JULIO C.C. COBOS,agrupacion,497,2007_GENERAL_DIST21_santafe_presidente.xlsx
2007,GENERAL,2007-10-28,PRESIDENTE Y VICE,21,Santa Fe,Las Colonias,San Carlos Sud,0043,ELISA M.A. CARRIO-RUBEN HECTOR GIUSTINIANI,agrupacion,300,2007_GENERAL_DIST21_santafe_presidente.xlsx
2007,GENERAL,2007-10-28,PRESIDENTE Y VICE,21,Santa Fe,Las Colonias,San Carlos Sud,0043,ROBERTO LAVAGNA-GERARDO R. MORALES,agrupacion,284,2007_GENERAL_DIST21_santafe_presidente.xlsx
2007,GENERAL,2007-10-28,PRESIDENTE Y VICE,21,Santa Fe,Las Colonias,San Carlos Sud,0043,ALBERTO J. RODRIGUEZ SAA-HECTOR M. MAYA,agrupacion,77,2007_GENERAL_DIST21_santafe_presidente.xlsx
2007,GENERAL,2007-10-28,PRESIDENTE Y VICE,21,Santa Fe,Las Colonias,San Carlos Sud,0043,RICARDO LOPEZ MURPHY-ESTEBAN BULLRICH,agrupacion,13,2007_GENERAL_DIST21_santafe_presidente.xlsx
2007,GENERAL,2007-10-28,PRESIDENTE Y VICE,21,Santa Fe,Las Colonias,San Carlos Sud,0043,JORGE OMAR SOBISCH-JORGE ASIS,agrupacion,7,2007_GENERAL_DIST21_santafe_presidente.xlsx
2007,GENERAL,2007-10-28,PRESIDENTE Y VICE,21,Santa Fe,Las Colonias,San Carlos Sud,0043,FERNANDO 'PINO' SOLANAS-ANGEL F. CADELLI,agrupacion,5,2007_GENERAL_DIST21_santafe_presidente.xlsx
2007,GENERAL,2007-10-28,PRESIDENTE Y VICE,21,Santa Fe,Las Colonias,San Carlos Sud,0043,RAUL ANIBAL CASTELLS-'NINA' PELOZO,agrupacion,5,2007_GENERAL_DIST21_santafe_presidente.xlsx
2007,GENERAL,2007-10-28,PRESIDENTE Y VICE,21,Santa Fe,Las Colonias,San Carlos Sud,0043,JOSE A. MONTES-HECTOR A. HEBERLING,agrupacion,3,2007_GENERAL_DIST21_santafe_presidente.xlsx
2007,GENERAL,2007-10-28,PRESIDENTE Y VICE,21,Santa Fe,Las Colonias,San Carlos Sud,0043,LUIS ALBERTO AMMANN-ROGELIO DELEONARDI,agrupacion,3,2007_GENERAL_DIST21_santafe_presidente.xlsx
2007,GENERAL,2007-10-28,PRESIDENTE Y VICE,21,Santa Fe,Las Colonias,San Carlos Sud,0043,NESTOR A. PITROLA-GABRIELA A. ARROYOS,agrupacion,3,2007_GENERAL_DIST21_santafe_presidente.xlsx
2007,GENERAL,2007-10-28,PRESIDENTE Y VICE,21,Santa Fe,Las Colonias,San Carlos Sud,0043,VILMA RIPOLL-HECTOR BIDONDE,agrupacion,3,2007_GENERAL_DIST21_santafe_presidente.xlsx
2007,GENERAL,2007-10-28,PRESIDENTE Y VICE,21,Santa Fe,Las Colonias,San Carlos Sud,0043,GUSTAVO L. BREIDE OBEID-HECTOR R. VERGARA,agrupacion,0,2007_GENERAL_DIST21_santafe_presidente.xlsx
2007,GENERAL,2007-10-28,PRESIDENTE Y VICE,21,Santa Fe,Las Colonias,San Carlos Sud,0043,JUAN RICARDO MUSSA-BERNARDO NESPRAL,agrupacion,0,2007_GENERAL_DIST21_santafe_presidente.xlsx
2007,GENERAL,2007-10-28,PRESIDENTE Y VICE,21,Santa Fe,Las Colonias,San Jerónimo Norte,0052,ROBERTO LAVAGNA-GERARDO R. MORALES,agrupacion,1538,2007_GENERAL_DIST21_santafe_presidente.xlsx
2007,GENERAL,2007-10-28,PRESIDENTE Y VICE,21,Santa Fe,Las Colonias,San Jerónimo Norte,0052,CRISTINA E. FERNANDEZ DE KIRCHNER-JULIO C.C. COBOS,agrupacion,1164,2007_GENERAL_DIST21_santafe_presidente.xlsx
2007,GENERAL,2007-10-28,PRESIDENTE Y VICE,21,Santa Fe,Las Colonias,San Jerónimo Norte,0052,ELISA M.A. CARRIO-RUBEN HECTOR GIUSTINIANI,agrupacion,1021,2007_GENERAL_DIST21_santafe_presidente.xlsx
2007,GENERAL,2007-10-28,PRESIDENTE Y VICE,21,Santa Fe,Las Colonias,San Jerónimo Norte,0052,ALBERTO J. RODRIGUEZ SAA-HECTOR M. MAYA,agrupacion,218,2007_GENERAL_DIST21_santafe_presidente.xlsx
2007,GENERAL,2007-10-28,PRESIDENTE Y VICE,21,Santa Fe,Las Colonias,San Jerónimo Norte,0052,FERNANDO 'PINO' SOLANAS-ANGEL F. CADELLI,agrupacion,31,2007_GENERAL_DIST21_santafe_presidente.xlsx
2007,GENERAL,2007-10-28,PRESIDENTE Y VICE,21,Santa Fe,Las Colonias,San Jerónimo Norte,0052,RICARDO LOPEZ MURPHY-ESTEBAN BULLRICH,agrupacion,30,2007_GENERAL_DIST21_santafe_presidente.xlsx
2007,GENERAL,2007-10-28,PRESIDENTE Y VICE,21,Santa Fe,Las Colonias,San Jerónimo Norte,0052,JORGE OMAR SOBISCH-JORGE ASIS,agrupacion,27,2007_GENERAL_DIST21_santafe_presidente.xlsx
2007,GENERAL,2007-10-28,PRESIDENTE Y VICE,21,Santa Fe,Las Colonias,San Jerónimo Norte,0052,RAUL ANIBAL CASTELLS-'NINA' PELOZO,agrupacion,12,2007_GENERAL_DIST21_santafe_presidente.xlsx
2007,GENERAL,2007-10-28,PRESIDENTE Y VICE,21,Santa Fe,Las Colonias,San Jerónimo Norte,0052,NESTOR A. PITROLA-GABRIELA A. ARROYOS,agrupacion,10,2007_GENERAL_DIST21_santafe_presidente.xlsx
2007,GENERAL,2007-10-28,PRESIDENTE Y VICE,21,Santa Fe,Las Colonias,San Jerónimo Norte,0052,JOSE A. MONTES-HECTOR A. HEBERLING,agrupacion,9,2007_GENERAL_DIST21_santafe_presidente.xlsx
2007,GENERAL,2007-10-28,PRESIDENTE Y VICE,21,Santa Fe,Las Colonias,San Jerónimo Norte,0052,VILMA RIPOLL-HECTOR BIDONDE,agrupacion,5,2007_GENERAL_DIST21_santafe_presidente.xlsx
2007,GENERAL,2007-10-28,PRESIDENTE Y VICE,21,Santa Fe,Las Colonias,San Jerónimo Norte,0052,LUIS ALBERTO AMMANN-ROGELIO DELEONARDI,agrupacion,4,2007_GENERAL_DIST21_santafe_presidente.xlsx
2007,GENERAL,2007-10-28,PRESIDENTE Y VICE,21,Santa Fe,Las Colonias,San Jerónimo Norte,0052,GUSTAVO L. BREIDE OBEID-HECTOR R. VERGARA,agrupacion,0,2007_GENERAL_DIST21_santafe_presidente.xlsx
2007,GENERAL,2007-10-28,PRESIDENTE Y VICE,21,Santa Fe,Las Colonias,San Jerónimo Norte,0052,JUAN RICARDO MUSSA-BERNARDO NESPRAL,agrupacion,0,2007_GENERAL_DIST21_santafe_presidente.xlsx
2007,GENERAL,2007-10-28,PRESIDENTE Y VICE,21,Santa Fe,Las Colonias,Santa Clara de Buena Vista,0046,CRISTINA E. FERNANDEZ DE KIRCHNER-JULIO C.C. COBOS,agrupacion,576,2007_GENERAL_DIST21_santafe_presidente.xlsx
2007,GENERAL,2007-10-28,PRESIDENTE Y VICE,21,Santa Fe,Las Colonias,Santa Clara de Buena Vista,0046,ROBERTO LAVAGNA-GERARDO R. MORALES,agrupacion,468,2007_GENERAL_DIST21_santafe_presidente.xlsx
2007,GENERAL,2007-10-28,PRESIDENTE Y VICE,21,Santa Fe,Las Colonias,Santa Clara de Buena Vista,0046,ELISA M.A. CARRIO-RUBEN HECTOR GIUSTINIANI,agrupacion,388,2007_GENERAL_DIST21_santafe_presidente.xlsx
2007,GENERAL,2007-10-28,PRESIDENTE Y VICE,21,Santa Fe,Las Colonias,Santa Clara de Buena Vista,0046,ALBERTO J. RODRIGUEZ SAA-HECTOR M. MAYA,agrupacion,139,2007_GENERAL_DIST21_santafe_presidente.xlsx
2007,GENERAL,2007-10-28,PRESIDENTE Y VICE,21,Santa Fe,Las Colonias,Santa Clara de Buena Vista,0046,JORGE OMAR SOBISCH-JORGE ASIS,agrupacion,24,2007_GENERAL_DIST21_santafe_presidente.xlsx
2007,GENERAL,2007-10-28,PRESIDENTE Y VICE,21,Santa Fe,Las Colonias,Santa Clara de Buena Vista,0046,RICARDO LOPEZ MURPHY-ESTEBAN BULLRICH,agrupacion,22,2007_GENERAL_DIST21_santafe_presidente.xlsx
2007,GENERAL,2007-10-28,PRESIDENTE Y VICE,21,Santa Fe,Las Colonias,Santa Clara de Buena Vista,0046,LUIS ALBERTO AMMANN-ROGELIO DELEONARDI,agrupacion,10,2007_GENERAL_DIST21_santafe_presidente.xlsx
2007,GENERAL,2007-10-28,PRESIDENTE Y VICE,21,Santa Fe,Las Colonias,Santa Clara de Buena Vista,0046,NESTOR A. PITROLA-GABRIELA A. ARROYOS,agrupacion,10,2007_GENERAL_DIST21_santafe_presidente.xlsx
2007,GENERAL,2007-10-28,PRESIDENTE Y VICE,21,Santa Fe,Las Colonias,Santa Clara de Buena Vista,0046,VILMA RIPOLL-HECTOR BIDONDE,agrupacion,8,2007_GENERAL_DIST21_santafe_presidente.xlsx
2007,GENERAL,2007-10-28,PRESIDENTE Y VICE,21,Santa Fe,Las Colonias,Santa Clara de Buena Vista,0046,RAUL ANIBAL CASTELLS-'NINA' PELOZO,agrupacion,7,2007_GENERAL_DIST21_santafe_presidente.xlsx
2007,GENERAL,2007-10-28,PRESIDENTE Y VICE,21,Santa Fe,Las Colonias,Santa Clara de Buena Vista,0046,FERNANDO 'PINO' SOLANAS-ANGEL F. CADELLI,agrupacion,6,2007_GENERAL_DIST21_santafe_presidente.xlsx
2007,GENERAL,2007-10-28,PRESIDENTE Y VICE,21,Santa Fe,Las Colonias,Santa Clara de Buena Vista,0046,JOSE A. MONTES-HECTOR A. HEBERLING,agrupacion,5,2007_GENERAL_DIST21_santafe_presidente.xlsx
2007,GENERAL,2007-10-28,PRESIDENTE Y VICE,21,Santa Fe,Las Colonias,Santa Clara de Buena Vista,0046,GUSTAVO L. BREIDE OBEID-HECTOR R. VERGARA,agrupacion,0,2007_GENERAL_DIST21_santafe_presidente.xlsx
2007,GENERAL,2007-10-28,PRESIDENTE Y VICE,21,Santa Fe,Las Colonias,Santa Clara de Buena Vista,0046,JUAN RICARDO MUSSA-BERNARDO NESPRAL,agrupacion,0,2007_GENERAL_DIST21_santafe_presidente.xlsx
2007,GENERAL,2007-10-28,PRESIDENTE Y VICE,21,Santa Fe,San Martín,Carlos Pellegrini,0160,ELISA M.A. CARRIO-RUBEN HECTOR GIUSTINIANI,agrupacion,994,2007_GENERAL_DIST21_santafe_presidente.xlsx
2007,GENERAL,2007-10-28,PRESIDENTE Y VICE,21,Santa Fe,San Martín,Carlos Pellegrini,0160,ROBERTO LAVAGNA-GERARDO R. MORALES,agrupacion,790,2007_GENERAL_DIST21_santafe_presidente.xlsx
2007,GENERAL,2007-10-28,PRESIDENTE Y VICE,21,Santa Fe,San Martín,Carlos Pellegrini,0160,CRISTINA E. FERNANDEZ DE KIRCHNER-JULIO C.C. COBOS,agrupacion,738,2007_GENERAL_DIST21_santafe_presidente.xlsx
2007,GENERAL,2007-10-28,PRESIDENTE Y VICE,21,Santa Fe,San Martín,Carlos Pellegrini,0160,ALBERTO J. RODRIGUEZ SAA-HECTOR M. MAYA,agrupacion,339,2007_GENERAL_DIST21_santafe_presidente.xlsx
2007,GENERAL,2007-10-28,PRESIDENTE Y VICE,21,Santa Fe,San Martín,Carlos Pellegrini,0160,FERNANDO 'PINO' SOLANAS-ANGEL F. CADELLI,agrupacion,57,2007_GENERAL_DIST21_santafe_presidente.xlsx
2007,GENERAL,2007-10-28,PRESIDENTE Y VICE,21,Santa Fe,San Martín,Carlos Pellegrini,0160,RICARDO LOPEZ MURPHY-ESTEBAN BULLRICH,agrupacion,51,2007_GENERAL_DIST21_santafe_presidente.xlsx
2007,GENERAL,2007-10-28,PRESIDENTE Y VICE,21,Santa Fe,San Martín,Carlos Pellegrini,0160,JORGE OMAR SOBISCH-JORGE ASIS,agrupacion,22,2007_GENERAL_DIST21_santafe_presidente.xlsx
2007,GENERAL,2007-10-28,PRESIDENTE Y VICE,21,Santa Fe,San Martín,Carlos Pellegrini,0160,LUIS ALBERTO AMMANN-ROGELIO DELEONARDI,agrupacion,11,2007_GENERAL_DIST21_santafe_presidente.xlsx
2007,GENERAL,2007-10-28,PRESIDENTE Y VICE,21,Santa Fe,San Martín,Carlos Pellegrini,0160,JOSE A. MONTES-HECTOR A. HEBERLING,agrupacion,8,2007_GENERAL_DIST21_santafe_presidente.xlsx
2007,GENERAL,2007-10-28,PRESIDENTE Y VICE,21,Santa Fe,San Martín,Carlos Pellegrini,0160,VILMA RIPOLL-HECTOR BIDONDE,agrupacion,5,2007_GENERAL_DIST21_santafe_presidente.xlsx
2007,GENERAL,2007-10-28,PRESIDENTE Y VICE,21,Santa Fe,San Martín,Carlos Pellegrini,0160,NESTOR A. PITROLA-GABRIELA A. ARROYOS,agrupacion,4,2007_GENERAL_DIST21_santafe_presidente.xlsx
2007,GENERAL,2007-10-28,PRESIDENTE Y VICE,21,Santa Fe,San Martín,Carlos Pellegrini,0160,RAUL ANIBAL CASTELLS-'NINA' PELOZO,agrupacion,2,2007_GENERAL_DIST21_santafe_presidente.xlsx
2007,GENERAL,2007-10-28,PRESIDENTE Y VICE,21,Santa Fe,San Martín,Carlos Pellegrini,0160,GUSTAVO L. BREIDE OBEID-HECTOR R. VERGARA,agrupacion,1,2007_GENERAL_DIST21_santafe_presidente.xlsx
2007,GENERAL,2007-10-28,PRESIDENTE Y VICE,21,Santa Fe,San Martín,Carlos Pellegrini,0160,JUAN RICARDO MUSSA-BERNARDO NESPRAL,agrupacion,0,2007_GENERAL_DIST21_santafe_presidente.xlsx
2007,GENERAL,2007-10-28,PRESIDENTE Y VICE,21,Santa Fe,San Martín,Cañada Rosquín,0161,ELISA M.A. CARRIO-RUBEN HECTOR GIUSTINIANI,agrupacion,996,2007_GENERAL_DIST21_santafe_presidente.xlsx
2007,GENERAL,2007-10-28,PRESIDENTE Y VICE,21,Santa Fe,San Martín,Cañada Rosquín,0161,CRISTINA E. FERNANDEZ DE KIRCHNER-JULIO C.C. COBOS,agrupacion,956,2007_GENERAL_DIST21_santafe_presidente.xlsx
2007,GENERAL,2007-10-28,PRESIDENTE Y VICE,21,Santa Fe,San Martín,Cañada Rosquín,0161,ROBERTO LAVAGNA-GERARDO R. MORALES,agrupacion,662,2007_GENERAL_DIST21_santafe_presidente.xlsx
2007,GENERAL,2007-10-28,PRESIDENTE Y VICE,21,Santa Fe,San Martín,Cañada Rosquín,0161,ALBERTO J. RODRIGUEZ SAA-HECTOR M. MAYA,agrupacion,266,2007_GENERAL_DIST21_santafe_presidente.xlsx
2007,GENERAL,2007-10-28,PRESIDENTE Y VICE,21,Santa Fe,San Martín,Cañada Rosquín,0161,FERNANDO 'PINO' SOLANAS-ANGEL F. CADELLI,agrupacion,62,2007_GENERAL_DIST21_santafe_presidente.xlsx
2007,GENERAL,2007-10-28,PRESIDENTE Y VICE,21,Santa Fe,San Martín,Cañada Rosquín,0161,JORGE OMAR SOBISCH-JORGE ASIS,agrupacion,33,2007_GENERAL_DIST21_santafe_presidente.xlsx
2007,GENERAL,2007-10-28,PRESIDENTE Y VICE,21,Santa Fe,San Martín,Cañada Rosquín,0161,RICARDO LOPEZ MURPHY-ESTEBAN BULLRICH,agrupacion,29,2007_GENERAL_DIST21_santafe_presidente.xlsx
2007,GENERAL,2007-10-28,PRESIDENTE Y VICE,21,Santa Fe,San Martín,Cañada Rosquín,0161,NESTOR A. PITROLA-GABRIELA A. ARROYOS,agrupacion,14,2007_GENERAL_DIST21_santafe_presidente.xlsx
2007,GENERAL,2007-10-28,PRESIDENTE Y VICE,21,Santa Fe,San Martín,Cañada Rosquín,0161,RAUL ANIBAL CASTELLS-'NINA' PELOZO,agrupacion,10,2007_GENERAL_DIST21_santafe_presidente.xlsx
2007,GENERAL,2007-10-28,PRESIDENTE Y VICE,21,Santa Fe,San Martín,Cañada Rosquín,0161,LUIS ALBERTO AMMANN-ROGELIO DELEONARDI,agrupacion,9,2007_GENERAL_DIST21_santafe_presidente.xlsx
2007,GENERAL,2007-10-28,PRESIDENTE Y VICE,21,Santa Fe,San Martín,Cañada Rosquín,0161,VILMA RIPOLL-HECTOR BIDONDE,agrupacion,7,2007_GENERAL_DIST21_santafe_presidente.xlsx
2007,GENERAL,2007-10-28,PRESIDENTE Y VICE,21,Santa Fe,San Martín,Cañada Rosquín,0161,JOSE A. MONTES-HECTOR A. HEBERLING,agrupacion,4,2007_GENERAL_DIST21_santafe_presidente.xlsx
2007,GENERAL,2007-10-28,PRESIDENTE Y VICE,21,Santa Fe,San Martín,Cañada Rosquín,0161,GUSTAVO L. BREIDE OBEID-HECTOR R. VERGARA,agrupacion,0,2007_GENERAL_DIST21_santafe_presidente.xlsx
2007,GENERAL,2007-10-28,PRESIDENTE Y VICE,21,Santa Fe,San Martín,Cañada Rosquín,0161,JUAN RICARDO MUSSA-BERNARDO NESPRAL,agrupacion,0,2007_GENERAL_DIST21_santafe_presidente.xlsx
2007,GENERAL,2007-10-28,PRESIDENTE Y VICE,21,Santa Fe,San Martín,El Trébol,0165,ELISA M.A. CARRIO-RUBEN HECTOR GIUSTINIANI,agrupacion,2156,2007_GENERAL_DIST21_santafe_presidente.xlsx
2007,GENERAL,2007-10-28,PRESIDENTE Y VICE,21,Santa Fe,San Martín,El Trébol,0165,CRISTINA E. FERNANDEZ DE KIRCHNER-JULIO C.C. COBOS,agrupacion,2067,2007_GENERAL_DIST21_santafe_presidente.xlsx
2007,GENERAL,2007-10-28,PRESIDENTE Y VICE,21,Santa Fe,San Martín,El Trébol,0165,ROBERTO LAVAGNA-GERARDO R. MORALES,agrupacion,1380,2007_GENERAL_DIST21_santafe_presidente.xlsx
2007,GENERAL,2007-10-28,PRESIDENTE Y VICE,21,Santa Fe,San Martín,El Trébol,0165,ALBERTO J. RODRIGUEZ SAA-HECTOR M. MAYA,agrupacion,446,2007_GENERAL_DIST21_santafe_presidente.xlsx
2007,GENERAL,2007-10-28,PRESIDENTE Y VICE,21,Santa Fe,San Martín,El Trébol,0165,JORGE OMAR SOBISCH-JORGE ASIS,agrupacion,88,2007_GENERAL_DIST21_santafe_presidente.xlsx
2007,GENERAL,2007-10-28,PRESIDENTE Y VICE,21,Santa Fe,San Martín,El Trébol,0165,RICARDO LOPEZ MURPHY-ESTEBAN BULLRICH,agrupacion,67,2007_GENERAL_DIST21_santafe_presidente.xlsx
2007,GENERAL,2007-10-28,PRESIDENTE Y VICE,21,Santa Fe,San Martín,El Trébol,0165,FERNANDO 'PINO' SOLANAS-ANGEL F. CADELLI,agrupacion,64,2007_GENERAL_DIST21_santafe_presidente.xlsx
2007,GENERAL,2007-10-28,PRESIDENTE Y VICE,21,Santa Fe,San Martín,El Trébol,0165,NESTOR A. PITROLA-GABRIELA A. ARROYOS,agrupacion,21,2007_GENERAL_DIST21_santafe_presidente.xlsx
2007,GENERAL,2007-10-28,PRESIDENTE Y VICE,21,Santa Fe,San Martín,El Trébol,0165,VILMA RIPOLL-HECTOR BIDONDE,agrupacion,20,2007_GENERAL_DIST21_santafe_presidente.xlsx
2007,GENERAL,2007-10-28,PRESIDENTE Y VICE,21,Santa Fe,San Martín,El Trébol,0165,RAUL ANIBAL CASTELLS-'NINA' PELOZO,agrupacion,16,2007_GENERAL_DIST21_santafe_presidente.xlsx
2007,GENERAL,2007-10-28,PRESIDENTE Y VICE,21,Santa Fe,San Martín,El Trébol,0165,LUIS ALBERTO AMMANN-ROGELIO DELEONARDI,agrupacion,15,2007_GENERAL_DIST21_santafe_presidente.xlsx
2007,GENERAL,2007-10-28,PRESIDENTE Y VICE,21,Santa Fe,San Martín,El Trébol,0165,JOSE A. MONTES-HECTOR A. HEBERLING,agrupacion,13,2007_GENERAL_DIST21_santafe_presidente.xlsx
2007,GENERAL,2007-10-28,PRESIDENTE Y VICE,21,Santa Fe,San Martín,El Trébol,0165,JUAN RICARDO MUSSA-BERNARDO NESPRAL,agrupacion,1,2007_GENERAL_DIST21_santafe_presidente.xlsx
2007,GENERAL,2007-10-28,PRESIDENTE Y VICE,21,Santa Fe,San Martín,El Trébol,0165,GUSTAVO L. BREIDE OBEID-HECTOR R. VERGARA,agrupacion,0,2007_GENERAL_DIST21_santafe_presidente.xlsx
2007,GENERAL,2007-10-28,PRESIDENTE Y VICE,21,Santa Fe,San Martín,María Susana,0166,ELISA M.A. CARRIO-RUBEN HECTOR GIUSTINIANI,agrupacion,789,2007_GENERAL_DIST21_santafe_presidente.xlsx
2007,GENERAL,2007-10-28,PRESIDENTE Y VICE,21,Santa Fe,San Martín,María Susana,0166,ROBERTO LAVAGNA-GERARDO R. MORALES,agrupacion,515,2007_GENERAL_DIST21_santafe_presidente.xlsx
2007,GENERAL,2007-10-28,PRESIDENTE Y VICE,21,Santa Fe,San Martín,María Susana,0166,CRISTINA E. FERNANDEZ DE KIRCHNER-JULIO C.C. COBOS,agrupacion,460,2007_GENERAL_DIST21_santafe_presidente.xlsx
2007,GENERAL,2007-10-28,PRESIDENTE Y VICE,21,Santa Fe,San Martín,María Susana,0166,ALBERTO J. RODRIGUEZ SAA-HECTOR M. MAYA,agrupacion,275,2007_GENERAL_DIST21_santafe_presidente.xlsx
2007,GENERAL,2007-10-28,PRESIDENTE Y VICE,21,Santa Fe,San Martín,María Susana,0166,RICARDO LOPEZ MURPHY-ESTEBAN BULLRICH,agrupacion,39,2007_GENERAL_DIST21_santafe_presidente.xlsx
2007,GENERAL,2007-10-28,PRESIDENTE Y VICE,21,Santa Fe,San Martín,María Susana,0166,JORGE OMAR SOBISCH-JORGE ASIS,agrupacion,24,2007_GENERAL_DIST21_santafe_presidente.xlsx
2007,GENERAL,2007-10-28,PRESIDENTE Y VICE,21,Santa Fe,San Martín,María Susana,0166,FERNANDO 'PINO' SOLANAS-ANGEL F. CADELLI,agrupacion,22,2007_GENERAL_DIST21_santafe_presidente.xlsx
2007,GENERAL,2007-10-28,PRESIDENTE Y VICE,21,Santa Fe,San Martín,María Susana,0166,RAUL ANIBAL CASTELLS-'NINA' PELOZO,agrupacion,12,2007_GENERAL_DIST21_santafe_presidente.xlsx
2007,GENERAL,2007-10-28,PRESIDENTE Y VICE,21,Santa Fe,San Martín,María Susana,0166,VILMA RIPOLL-HECTOR BIDONDE,agrupacion,7,2007_GENERAL_DIST21_santafe_presidente.xlsx
2007,GENERAL,2007-10-28,PRESIDENTE Y VICE,21,Santa Fe,San Martín,María Susana,0166,JOSE A. MONTES-HECTOR A. HEBERLING,agrupacion,6,2007_GENERAL_DIST21_santafe_presidente.xlsx
2007,GENERAL,2007-10-28,PRESIDENTE Y VICE,21,Santa Fe,San Martín,María Susana,0166,LUIS ALBERTO AMMANN-ROGELIO DELEONARDI,agrupacion,6,2007_GENERAL_DIST21_santafe_presidente.xlsx
2007,GENERAL,2007-10-28,PRESIDENTE Y VICE,21,Santa Fe,San Martín,María Susana,0166,NESTOR A. PITROLA-GABRIELA A. ARROYOS,agrupacion,3,2007_GENERAL_DIST21_santafe_presidente.xlsx
2007,GENERAL,2007-10-28,PRESIDENTE Y VICE,21,Santa Fe,San Martín,María Susana,0166,GUSTAVO L. BREIDE OBEID-HECTOR R. VERGARA,agrupacion,0,2007_GENERAL_DIST21_santafe_presidente.xlsx
2007,GENERAL,2007-10-28,PRESIDENTE Y VICE,21,Santa Fe,San Martín,María Susana,0166,JUAN RICARDO MUSSA-BERNARDO NESPRAL,agrupacion,0,2007_GENERAL_DIST21_santafe_presidente.xlsx
2007,GENERAL,2007-10-28,PRESIDENTE Y VICE,21,Santa Fe,San Martín,Piamonte,0164,ELISA M.A. CARRIO-RUBEN HECTOR GIUSTINIANI,agrupacion,579,2007_GENERAL_DIST21_santafe_presidente.xlsx
2007,GENERAL,2007-10-28,PRESIDENTE Y VICE,21,Santa Fe,San Martín,Piamonte,0164,ROBERTO LAVAGNA-GERARDO R. MORALES,agrupacion,569,2007_GENERAL_DIST21_santafe_presidente.xlsx
2007,GENERAL,2007-10-28,PRESIDENTE Y VICE,21,Santa Fe,San Martín,Piamonte,0164,CRISTINA E. FERNANDEZ DE KIRCHNER-JULIO C.C. COBOS,agrupacion,519,2007_GENERAL_DIST21_santafe_presidente.xlsx
2007,GENERAL,2007-10-28,PRESIDENTE Y VICE,21,Santa Fe,San Martín,Piamonte,0164,ALBERTO J. RODRIGUEZ SAA-HECTOR M. MAYA,agrupacion,237,2007_GENERAL_DIST21_santafe_presidente.xlsx
2007,GENERAL,2007-10-28,PRESIDENTE Y VICE,21,Santa Fe,San Martín,Piamonte,0164,FERNANDO 'PINO' SOLANAS-ANGEL F. CADELLI,agrupacion,32,2007_GENERAL_DIST21_santafe_presidente.xlsx
2007,GENERAL,2007-10-28,PRESIDENTE Y VICE,21,Santa Fe,San Martín,Piamonte,0164,JORGE OMAR SOBISCH-JORGE ASIS,agrupacion,16,2007_GENERAL_DIST21_santafe_presidente.xlsx
2007,GENERAL,2007-10-28,PRESIDENTE Y VICE,21,Santa Fe,San Martín,Piamonte,0164,RICARDO LOPEZ MURPHY-ESTEBAN BULLRICH,agrupacion,16,2007_GENERAL_DIST21_santafe_presidente.xlsx
2007,GENERAL,2007-10-28,PRESIDENTE Y VICE,21,Santa Fe,San Martín,Piamonte,0164,VILMA RIPOLL-HECTOR BIDONDE,agrupacion,9,2007_GENERAL_DIST21_santafe_presidente.xlsx
2007,GENERAL,2007-10-28,PRESIDENTE Y VICE,21,Santa Fe,San Martín,Piamonte,0164,RAUL ANIBAL CASTELLS-'NINA' PELOZO,agrupacion,6,2007_GENERAL_DIST21_santafe_presidente.xlsx
2007,GENERAL,2007-10-28,PRESIDENTE Y VICE,21,Santa Fe,San Martín,Piamonte,0164,JOSE A. MONTES-HECTOR A. HEBERLING,agrupacion,5,2007_GENERAL_DIST21_santafe_presidente.xlsx
2007,GENERAL,2007-10-28,PRESIDENTE Y VICE,21,Santa Fe,San Martín,Piamonte,0164,NESTOR A. PITROLA-GABRIELA A. ARROYOS,agrupacion,4,2007_GENERAL_DIST21_santafe_presidente.xlsx
2007,GENERAL,2007-10-28,PRESIDENTE Y VICE,21,Santa Fe,San Martín,Piamonte,0164,LUIS ALBERTO AMMANN-ROGELIO DELEONARDI,agrupacion,3,2007_GENERAL_DIST21_santafe_presidente.xlsx
2007,GENERAL,2007-10-28,PRESIDENTE Y VICE,21,Santa Fe,San Martín,Piamonte,0164,GUSTAVO L. BREIDE OBEID-HECTOR R. VERGARA,agrupacion,0,2007_GENERAL_DIST21_santafe_presidente.xlsx
2007,GENERAL,2007-10-28,PRESIDENTE Y VICE,21,Santa Fe,San Martín,Piamonte,0164,JUAN RICARDO MUSSA-BERNARDO NESPRAL,agrupacion,0,2007_GENERAL_DIST21_santafe_presidente.xlsx
2007,GENERAL,2007-10-28,PRESIDENTE Y VICE,21,Santa Fe,San Martín,San Jorge,0158,CRISTINA E. FERNANDEZ DE KIRCHNER-JULIO C.C. COBOS,agrupacion,3559,2007_GENERAL_DIST21_santafe_presidente.xlsx
2007,GENERAL,2007-10-28,PRESIDENTE Y VICE,21,Santa Fe,San Martín,San Jorge,0158,ELISA M.A. CARRIO-RUBEN HECTOR GIUSTINIANI,agrupacion,2634,2007_GENERAL_DIST21_santafe_presidente.xlsx
2007,GENERAL,2007-10-28,PRESIDENTE Y VICE,21,Santa Fe,San Martín,San Jorge,0158,ROBERTO LAVAGNA-GERARDO R. MORALES,agrupacion,2442,2007_GENERAL_DIST21_santafe_presidente.xlsx
2007,GENERAL,2007-10-28,PRESIDENTE Y VICE,21,Santa Fe,San Martín,San Jorge,0158,ALBERTO J. RODRIGUEZ SAA-HECTOR M. MAYA,agrupacion,716,2007_GENERAL_DIST21_santafe_presidente.xlsx
2007,GENERAL,2007-10-28,PRESIDENTE Y VICE,21,Santa Fe,San Martín,San Jorge,0158,FERNANDO 'PINO' SOLANAS-ANGEL F. CADELLI,agrupacion,190,2007_GENERAL_DIST21_santafe_presidente.xlsx
2007,GENERAL,2007-10-28,PRESIDENTE Y VICE,21,Santa Fe,San Martín,San Jorge,0158,JORGE OMAR SOBISCH-JORGE ASIS,agrupacion,157,2007_GENERAL_DIST21_santafe_presidente.xlsx
2007,GENERAL,2007-10-28,PRESIDENTE Y VICE,21,Santa Fe,San Martín,San Jorge,0158,RICARDO LOPEZ MURPHY-ESTEBAN BULLRICH,agrupacion,124,2007_GENERAL_DIST21_santafe_presidente.xlsx
2007,GENERAL,2007-10-28,PRESIDENTE Y VICE,21,Santa Fe,San Martín,San Jorge,0158,VILMA RIPOLL-HECTOR BIDONDE,agrupacion,44,2007_GENERAL_DIST21_santafe_presidente.xlsx
2007,GENERAL,2007-10-28,PRESIDENTE Y VICE,21,Santa Fe,San Martín,San Jorge,0158,LUIS ALBERTO AMMANN-ROGELIO DELEONARDI,agrupacion,38,2007_GENERAL_DIST21_santafe_presidente.xlsx
2007,GENERAL,2007-10-28,PRESIDENTE Y VICE,21,Santa Fe,San Martín,San Jorge,0158,NESTOR A. PITROLA-GABRIELA A. ARROYOS,agrupacion,38,2007_GENERAL_DIST21_santafe_presidente.xlsx
2007,GENERAL,2007-10-28,PRESIDENTE Y VICE,21,Santa Fe,San Martín,San Jorge,0158,JOSE A. MONTES-HECTOR A. HEBERLING,agrupacion,30,2007_GENERAL_DIST21_santafe_presidente.xlsx
2007,GENERAL,2007-10-28,PRESIDENTE Y VICE,21,Santa Fe,San Martín,San Jorge,0158,RAUL ANIBAL CASTELLS-'NINA' PELOZO,agrupacion,29,2007_GENERAL_DIST21_santafe_presidente.xlsx
2007,GENERAL,2007-10-28,PRESIDENTE Y VICE,21,Santa Fe,San Martín,San Jorge,0158,GUSTAVO L. BREIDE OBEID-HECTOR R. VERGARA,agrupacion,0,2007_GENERAL_DIST21_santafe_presidente.xlsx
2007,GENERAL,2007-10-28,PRESIDENTE Y VICE,21,Santa Fe,San Martín,San Jorge,0158,JUAN RICARDO MUSSA-BERNARDO NESPRAL,agrupacion,0,2007_GENERAL_DIST21_santafe_presidente.xlsx
2007,GENERAL,2007-10-28,PRESIDENTE Y VICE,21,Santa Fe,San Martín,San Martín de las Escobas,0156,ELISA M.A. CARRIO-RUBEN HECTOR GIUSTINIANI,agrupacion,526,2007_GENERAL_DIST21_santafe_presidente.xlsx
2007,GENERAL,2007-10-28,PRESIDENTE Y VICE,21,Santa Fe,San Martín,San Martín de las Escobas,0156,CRISTINA E. FERNANDEZ DE KIRCHNER-JULIO C.C. COBOS,agrupacion,457,2007_GENERAL_DIST21_santafe_presidente.xlsx
2007,GENERAL,2007-10-28,PRESIDENTE Y VICE,21,Santa Fe,San Martín,San Martín de las Escobas,0156,ROBERTO LAVAGNA-GERARDO R. MORALES,agrupacion,386,2007_GENERAL_DIST21_santafe_presidente.xlsx
2007,GENERAL,2007-10-28,PRESIDENTE Y VICE,21,Santa Fe,San Martín,San Martín de las Escobas,0156,ALBERTO J. RODRIGUEZ SAA-HECTOR M. MAYA,agrupacion,138,2007_GENERAL_DIST21_santafe_presidente.xlsx
2007,GENERAL,2007-10-28,PRESIDENTE Y VICE,21,Santa Fe,San Martín,San Martín de las Escobas,0156,RICARDO LOPEZ MURPHY-ESTEBAN BULLRICH,agrupacion,13,2007_GENERAL_DIST21_santafe_presidente.xlsx
2007,GENERAL,2007-10-28,PRESIDENTE Y VICE,21,Santa Fe,San Martín,San Martín de las Escobas,0156,JORGE OMAR SOBISCH-JORGE ASIS,agrupacion,11,2007_GENERAL_DIST21_santafe_presidente.xlsx
2007,GENERAL,2007-10-28,PRESIDENTE Y VICE,21,Santa Fe,San Martín,San Martín de las Escobas,0156,FERNANDO 'PINO' SOLANAS-ANGEL F. CADELLI,agrupacion,6,2007_GENERAL_DIST21_santafe_presidente.xlsx
2007,GENERAL,2007-10-28,PRESIDENTE Y VICE,21,Santa Fe,San Martín,San Martín de las Escobas,0156,LUIS ALBERTO AMMANN-ROGELIO DELEONARDI,agrupacion,5,2007_GENERAL_DIST21_santafe_presidente.xlsx
2007,GENERAL,2007-10-28,PRESIDENTE Y VICE,21,Santa Fe,San Martín,San Martín de las Escobas,0156,NESTOR A. PITROLA-GABRIELA A. ARROYOS,agrupacion,4,2007_GENERAL_DIST21_santafe_presidente.xlsx
2007,GENERAL,2007-10-28,PRESIDENTE Y VICE,21,Santa Fe,San Martín,San Martín de las Escobas,0156,JOSE A. MONTES-HECTOR A. HEBERLING,agrupacion,3,2007_GENERAL_DIST21_santafe_presidente.xlsx
2007,GENERAL,2007-10-28,PRESIDENTE Y VICE,21,Santa Fe,San Martín,San Martín de las Escobas,0156,RAUL ANIBAL CASTELLS-'NINA' PELOZO,agrupacion,3,2007_GENERAL_DIST21_santafe_presidente.xlsx
2007,GENERAL,2007-10-28,PRESIDENTE Y VICE,21,Santa Fe,San Martín,San Martín de las Escobas,0156,VILMA RIPOLL-HECTOR BIDONDE,agrupacion,2,2007_GENERAL_DIST21_santafe_presidente.xlsx
2007,GENERAL,2007-10-28,PRESIDENTE Y VICE,21,Santa Fe,San Martín,San Martín de las Escobas,0156,GUSTAVO L. BREIDE OBEID-HECTOR R. VERGARA,agrupacion,0,2007_GENERAL_DIST21_santafe_presidente.xlsx
2007,GENERAL,2007-10-28,PRESIDENTE Y VICE,21,Santa Fe,San Martín,San Martín de las Escobas,0156,JUAN RICARDO MUSSA-BERNARDO NESPRAL,agrupacion,0,2007_GENERAL_DIST21_santafe_presidente.xlsx
2007,GENERAL,2007-10-28,PRESIDENTE Y VICE,21,Santa Fe,San Martín,Sastre y Ortiz,0155,CRISTINA E. FERNANDEZ DE KIRCHNER-JULIO C.C. COBOS,agrupacion,1034,2007_GENERAL_DIST21_santafe_presidente.xlsx
2007,GENERAL,2007-10-28,PRESIDENTE Y VICE,21,Santa Fe,San Martín,Sastre y Ortiz,0155,ROBERTO LAVAGNA-GERARDO R. MORALES,agrupacion,1023,2007_GENERAL_DIST21_santafe_presidente.xlsx
2007,GENERAL,2007-10-28,PRESIDENTE Y VICE,21,Santa Fe,San Martín,Sastre y Ortiz,0155,ELISA M.A. CARRIO-RUBEN HECTOR GIUSTINIANI,agrupacion,791,2007_GENERAL_DIST21_santafe_presidente.xlsx
2007,GENERAL,2007-10-28,PRESIDENTE Y VICE,21,Santa Fe,San Martín,Sastre y Ortiz,0155,ALBERTO J. RODRIGUEZ SAA-HECTOR M. MAYA,agrupacion,409,2007_GENERAL_DIST21_santafe_presidente.xlsx
2007,GENERAL,2007-10-28,PRESIDENTE Y VICE,21,Santa Fe,San Martín,Sastre y Ortiz,0155,FERNANDO 'PINO' SOLANAS-ANGEL F. CADELLI,agrupacion,60,2007_GENERAL_DIST21_santafe_presidente.xlsx
2007,GENERAL,2007-10-28,PRESIDENTE Y VICE,21,Santa Fe,San Martín,Sastre y Ortiz,0155,RICARDO LOPEZ MURPHY-ESTEBAN BULLRICH,agrupacion,35,2007_GENERAL_DIST21_santafe_presidente.xlsx
2007,GENERAL,2007-10-28,PRESIDENTE Y VICE,21,Santa Fe,San Martín,Sastre y Ortiz,0155,JORGE OMAR SOBISCH-JORGE ASIS,agrupacion,26,2007_GENERAL_DIST21_santafe_presidente.xlsx
2007,GENERAL,2007-10-28,PRESIDENTE Y VICE,21,Santa Fe,San Martín,Sastre y Ortiz,0155,VILMA RIPOLL-HECTOR BIDONDE,agrupacion,10,2007_GENERAL_DIST21_santafe_presidente.xlsx
2007,GENERAL,2007-10-28,PRESIDENTE Y VICE,21,Santa Fe,San Martín,Sastre y Ortiz,0155,NESTOR A. PITROLA-GABRIELA A. ARROYOS,agrupacion,9,2007_GENERAL_DIST21_santafe_presidente.xlsx
2007,GENERAL,2007-10-28,PRESIDENTE Y VICE,21,Santa Fe,San Martín,Sastre y Ortiz,0155,LUIS ALBERTO AMMANN-ROGELIO DELEONARDI,agrupacion,8,2007_GENERAL_DIST21_santafe_presidente.xlsx
2007,GENERAL,2007-10-28,PRESIDENTE Y VICE,21,Santa Fe,San Martín,Sastre y Ortiz,0155,RAUL ANIBAL CASTELLS-'NINA' PELOZO,agrupacion,8,2007_GENERAL_DIST21_santafe_presidente.xlsx
2007,GENERAL,2007-10-28,PRESIDENTE Y VICE,21,Santa Fe,San Martín,Sastre y Ortiz,0155,JOSE A. MONTES-HECTOR A. HEBERLING,agrupacion,4,2007_GENERAL_DIST21_santafe_presidente.xlsx
2007,GENERAL,2007-10-28,PRESIDENTE Y VICE,21,Santa Fe,San Martín,Sastre y Ortiz,0155,GUSTAVO L. BREIDE OBEID-HECTOR R. VERGARA,agrupacion,1,2007_GENERAL_DIST21_santafe_presidente.xlsx
2007,GENERAL,2007-10-28,PRESIDENTE Y VICE,21,Santa Fe,San Martín,Sastre y Ortiz,0155,JUAN RICARDO MUSSA-BERNARDO NESPRAL,agrupacion,0,2007_GENERAL_DIST21_santafe_presidente.xlsx
2007,GENERAL,2007-10-28,PRESIDENTE Y VICE,21,Santa Fe,Castellanos,Ataliva,0121,NULO,nulos,0,2007_GENERAL_DIST21_santafe_presidente.xlsx
2007,GENERAL,2007-10-28,PRESIDENTE Y VICE,21,Santa Fe,Castellanos,Ataliva,0121,IMPUGNADO,impugnados,0,2007_GENERAL_DIST21_santafe_presidente.xlsx
2007,GENERAL,2007-10-28,PRESIDENTE Y VICE,21,Santa Fe,Castellanos,Ataliva,0121,RECURRIDO,recurridos,0,2007_GENERAL_DIST21_santafe_presidente.xlsx
2007,GENERAL,2007-10-28,PRESIDENTE Y VICE,21,Santa Fe,Castellanos,Ataliva,0121,POSITIVO,positivo,1036,2007_GENERAL_DIST21_santafe_presidente.xlsx
2007,GENERAL,2007-10-28,PRESIDENTE Y VICE,21,Santa Fe,Castellanos,Colonia Aldao,0120,NULO,nulos,0,2007_GENERAL_DIST21_santafe_presidente.xlsx
2007,GENERAL,2007-10-28,PRESIDENTE Y VICE,21,Santa Fe,Castellanos,Colonia Aldao,0120,IMPUGNADO,impugnados,0,2007_GENERAL_DIST21_santafe_presidente.xlsx
2007,GENERAL,2007-10-28,PRESIDENTE Y VICE,21,Santa Fe,Castellanos,Colonia Aldao,0120,RECURRIDO,recurridos,0,2007_GENERAL_DIST21_santafe_presidente.xlsx
2007,GENERAL,2007-10-28,PRESIDENTE Y VICE,21,Santa Fe,Castellanos,Colonia Aldao,0120,POSITIVO,positivo,889,2007_GENERAL_DIST21_santafe_presidente.xlsx
2007,GENERAL,2007-10-28,PRESIDENTE Y VICE,21,Santa Fe,Castellanos,Frontera,0134A,NULO,nulos,91,2007_GENERAL_DIST21_santafe_presidente.xlsx
2007,GENERAL,2007-10-28,PRESIDENTE Y VICE,21,Santa Fe,Castellanos,Frontera,0134A,IMPUGNADO,impugnados,0,2007_GENERAL_DIST21_santafe_presidente.xlsx
2007,GENERAL,2007-10-28,PRESIDENTE Y VICE,21,Santa Fe,Castellanos,Frontera,0134A,RECURRIDO,recurridos,0,2007_GENERAL_DIST21_santafe_presidente.xlsx
2007,GENERAL,2007-10-28,PRESIDENTE Y VICE,21,Santa Fe,Castellanos,Frontera,0134A,POSITIVO,positivo,3975,2007_GENERAL_DIST21_santafe_presidente.xlsx
2007,GENERAL,2007-10-28,PRESIDENTE Y VICE,21,Santa Fe,Castellanos,Humberto Primo,0117,NULO,nulos,0,2007_GENERAL_DIST21_santafe_presidente.xlsx
2007,GENERAL,2007-10-28,PRESIDENTE Y VICE,21,Santa Fe,Castellanos,Humberto Primo,0117,IMPUGNADO,impugnados,0,2007_GENERAL_DIST21_santafe_presidente.xlsx
2007,GENERAL,2007-10-28,PRESIDENTE Y VICE,21,Santa Fe,Castellanos,Humberto Primo,0117,RECURRIDO,recurridos,0,2007_GENERAL_DIST21_santafe_presidente.xlsx
2007,GENERAL,2007-10-28,PRESIDENTE Y VICE,21,Santa Fe,Castellanos,Humberto Primo,0117,POSITIVO,positivo,2908,2007_GENERAL_DIST21_santafe_presidente.xlsx
2007,GENERAL,2007-10-28,PRESIDENTE Y VICE,21,Santa Fe,Castellanos,Josefina,0134,NULO,nulos,0,2007_GENERAL_DIST21_santafe_presidente.xlsx
2007,GENERAL,2007-10-28,PRESIDENTE Y VICE,21,Santa Fe,Castellanos,Josefina,0134,IMPUGNADO,impugnados,0,2007_GENERAL_DIST21_santafe_presidente.xlsx
2007,GENERAL,2007-10-28,PRESIDENTE Y VICE,21,Santa Fe,Castellanos,Josefina,0134,RECURRIDO,recurridos,0,2007_GENERAL_DIST21_santafe_presidente.xlsx
2007,GENERAL,2007-10-28,PRESIDENTE Y VICE,21,Santa Fe,Castellanos,Josefina,0134,POSITIVO,positivo,674,2007_GENERAL_DIST21_santafe_presidente.xlsx
2007,GENERAL,2007-10-28,PRESIDENTE Y VICE,21,Santa Fe,Castellanos,Lehmann,0123,NULO,nulos,8,2007_GENERAL_DIST21_santafe_presidente.xlsx
2007,GENERAL,2007-10-28,PRESIDENTE Y VICE,21,Santa Fe,Castellanos,Lehmann,0123,IMPUGNADO,impugnados,0,2007_GENERAL_DIST21_santafe_presidente.xlsx
2007,GENERAL,2007-10-28,PRESIDENTE Y VICE,21,Santa Fe,Castellanos,Lehmann,0123,RECURRIDO,recurridos,0,2007_GENERAL_DIST21_santafe_presidente.xlsx
2007,GENERAL,2007-10-28,PRESIDENTE Y VICE,21,Santa Fe,Castellanos,Lehmann,0123,POSITIVO,positivo,1593,2007_GENERAL_DIST21_santafe_presidente.xlsx
2007,GENERAL,2007-10-28,PRESIDENTE Y VICE,21,Santa Fe,Castellanos,María Juana,0140,NULO,nulos,30,2007_GENERAL_DIST21_santafe_presidente.xlsx
2007,GENERAL,2007-10-28,PRESIDENTE Y VICE,21,Santa Fe,Castellanos,María Juana,0140,IMPUGNADO,impugnados,17,2007_GENERAL_DIST21_santafe_presidente.xlsx
2007,GENERAL,2007-10-28,PRESIDENTE Y VICE,21,Santa Fe,Castellanos,María Juana,0140,RECURRIDO,recurridos,1,2007_GENERAL_DIST21_santafe_presidente.xlsx
2007,GENERAL,2007-10-28,PRESIDENTE Y VICE,21,Santa Fe,Castellanos,María Juana,0140,POSITIVO,positivo,2910,2007_GENERAL_DIST21_santafe_presidente.xlsx
2007,GENERAL,2007-10-28,PRESIDENTE Y VICE,21,Santa Fe,Castellanos,Ramona,0124,NULO,nulos,15,2007_GENERAL_DIST21_santafe_presidente.xlsx
2007,GENERAL,2007-10-28,PRESIDENTE Y VICE,21,Santa Fe,Castellanos,Ramona,0124,IMPUGNADO,impugnados,0,2007_GENERAL_DIST21_santafe_presidente.xlsx
2007,GENERAL,2007-10-28,PRESIDENTE Y VICE,21,Santa Fe,Castellanos,Ramona,0124,RECURRIDO,recurridos,0,2007_GENERAL_DIST21_santafe_presidente.xlsx
2007,GENERAL,2007-10-28,PRESIDENTE Y VICE,21,Santa Fe,Castellanos,Ramona,0124,POSITIVO,positivo,1119,2007_GENERAL_DIST21_santafe_presidente.xlsx
2007,GENERAL,2007-10-28,PRESIDENTE Y VICE,21,Santa Fe,Castellanos,San Vicente,0142,NULO,nulos,0,2007_GENERAL_DIST21_santafe_presidente.xlsx
2007,GENERAL,2007-10-28,PRESIDENTE Y VICE,21,Santa Fe,Castellanos,San Vicente,0142,IMPUGNADO,impugnados,0,2007_GENERAL_DIST21_santafe_presidente.xlsx
2007,GENERAL,2007-10-28,PRESIDENTE Y VICE,21,Santa Fe,Castellanos,San Vicente,0142,RECURRIDO,recurridos,0,2007_GENERAL_DIST21_santafe_presidente.xlsx
2007,GENERAL,2007-10-28,PRESIDENTE Y VICE,21,Santa Fe,Castellanos,San Vicente,0142,POSITIVO,positivo,3752,2007_GENERAL_DIST21_santafe_presidente.xlsx
2007,GENERAL,2007-10-28,PRESIDENTE Y VICE,21,Santa Fe,Castellanos,Santa Clara de Saguier,0130,NULO,nulos,4,2007_GENERAL_DIST21_santafe_presidente.xlsx
2007,GENERAL,2007-10-28,PRESIDENTE Y VICE,21,Santa Fe,Castellanos,Santa Clara de Saguier,0130,IMPUGNADO,impugnados,0,2007_GENERAL_DIST21_santafe_presidente.xlsx
2007,GENERAL,2007-10-28,PRESIDENTE Y VICE,21,Santa Fe,Castellanos,Santa Clara de Saguier,0130,RECURRIDO,recurridos,0,2007_GENERAL_DIST21_santafe_presidente.xlsx
2007,GENERAL,2007-10-28,PRESIDENTE Y VICE,21,Santa Fe,Castellanos,Santa Clara de Saguier,0130,POSITIVO,positivo,1383,2007_GENERAL_DIST21_santafe_presidente.xlsx
2007,GENERAL,2007-10-28,PRESIDENTE Y VICE,21,Santa Fe,Castellanos,Sunchales,0118,NULO,nulos,79,2007_GENERAL_DIST21_santafe_presidente.xlsx
2007,GENERAL,2007-10-28,PRESIDENTE Y VICE,21,Santa Fe,Castellanos,Sunchales,0118,IMPUGNADO,impugnados,0,2007_GENERAL_DIST21_santafe_presidente.xlsx
2007,GENERAL,2007-10-28,PRESIDENTE Y VICE,21,Santa Fe,Castellanos,Sunchales,0118,RECURRIDO,recurridos,352,2007_GENERAL_DIST21_santafe_presidente.xlsx
2007,GENERAL,2007-10-28,PRESIDENTE Y VICE,21,Santa Fe,Castellanos,Sunchales,0118,POSITIVO,positivo,11293,2007_GENERAL_DIST21_santafe_presidente.xlsx
2007,GENERAL,2007-10-28,PRESIDENTE Y VICE,21,Santa Fe,Castellanos,Zenón Pereyra,0138,NULO,nulos,10,2007_GENERAL_DIST21_santafe_presidente.xlsx
2007,GENERAL,2007-10-28,PRESIDENTE Y VICE,21,Santa Fe,Castellanos,Zenón Pereyra,0138,IMPUGNADO,impugnados,0,2007_GENERAL_DIST21_santafe_presidente.xlsx
2007,GENERAL,2007-10-28,PRESIDENTE Y VICE,21,Santa Fe,Castellanos,Zenón Pereyra,0138,RECURRIDO,recurridos,0,2007_GENERAL_DIST21_santafe_presidente.xlsx
2007,GENERAL,2007-10-28,PRESIDENTE Y VICE,21,Santa Fe,Castellanos,Zenón Pereyra,0138,POSITIVO,positivo,1158,2007_GENERAL_DIST21_santafe_presidente.xlsx
2007,GENERAL,2007-10-28,PRESIDENTE Y VICE,21,Santa Fe,Las Colonias,Esperanza,0055,NULO,nulos,324,2007_GENERAL_DIST21_santafe_presidente.xlsx
2007,GENERAL,2007-10-28,PRESIDENTE Y VICE,21,Santa Fe,Las Colonias,Esperanza,0055,IMPUGNADO,impugnados,75,2007_GENERAL_DIST21_santafe_presidente.xlsx
2007,GENERAL,2007-10-28,PRESIDENTE Y VICE,21,Santa Fe,Las Colonias,Esperanza,0055,RECURRIDO,recurridos,16,2007_GENERAL_DIST21_santafe_presidente.xlsx
2007,GENERAL,2007-10-28,PRESIDENTE Y VICE,21,Santa Fe,Las Colonias,Esperanza,0055,POSITIVO,positivo,21514,2007_GENERAL_DIST21_santafe_presidente.xlsx
2007,GENERAL,2007-10-28,PRESIDENTE Y VICE,21,Santa Fe,Las Colonias,Felicia,0060,NULO,nulos,0,2007_GENERAL_DIST21_santafe_presidente.xlsx
2007,GENERAL,2007-10-28,PRESIDENTE Y VICE,21,Santa Fe,Las Colonias,Felicia,0060,IMPUGNADO,impugnados,0,2007_GENERAL_DIST21_santafe_presidente.xlsx
2007,GENERAL,2007-10-28,PRESIDENTE Y VICE,21,Santa Fe,Las Colonias,Felicia,0060,RECURRIDO,recurridos,0,2007_GENERAL_DIST21_santafe_presidente.xlsx
2007,GENERAL,2007-10-28,PRESIDENTE Y VICE,21,Santa Fe,Las Colonias,Felicia,0060,POSITIVO,positivo,1409,2007_GENERAL_DIST21_santafe_presidente.xlsx
2007,GENERAL,2007-10-28,PRESIDENTE Y VICE,21,Santa Fe,Las Colonias,Franck,0053,NULO,nulos,0,2007_GENERAL_DIST21_santafe_presidente.xlsx
2007,GENERAL,2007-10-28,PRESIDENTE Y VICE,21,Santa Fe,Las Colonias,Franck,0053,IMPUGNADO,impugnados,0,2007_GENERAL_DIST21_santafe_presidente.xlsx
2007,GENERAL,2007-10-28,PRESIDENTE Y VICE,21,Santa Fe,Las Colonias,Franck,0053,RECURRIDO,recurridos,0,2007_GENERAL_DIST21_santafe_presidente.xlsx
2007,GENERAL,2007-10-28,PRESIDENTE Y VICE,21,Santa Fe,Las Colonias,Franck,0053,POSITIVO,positivo,3054,2007_GENERAL_DIST21_santafe_presidente.xlsx
2007,GENERAL,2007-10-28,PRESIDENTE Y VICE,21,Santa Fe,Las Colonias,Humboldt,0056,NULO,nulos,0,2007_GENERAL_DIST21_santafe_presidente.xlsx
2007,GENERAL,2007-10-28,PRESIDENTE Y VICE,21,Santa Fe,Las Colonias,Humboldt,0056,IMPUGNADO,impugnados,1,2007_GENERAL_DIST21_santafe_presidente.xlsx
2007,GENERAL,2007-10-28,PRESIDENTE Y VICE,21,Santa Fe,Las Colonias,Humboldt,0056,RECURRIDO,recurridos,0,2007_GENERAL_DIST21_santafe_presidente.xlsx
2007,GENERAL,2007-10-28,PRESIDENTE Y VICE,21,Santa Fe,Las Colonias,Humboldt,0056,POSITIVO,positivo,2800,2007_GENERAL_DIST21_santafe_presidente.xlsx
2007,GENERAL,2007-10-28,PRESIDENTE Y VICE,21,Santa Fe,Las Colonias,Pilar,0057,NULO,nulos,3,2007_GENERAL_DIST21_santafe_presidente.xlsx
2007,GENERAL,2007-10-28,PRESIDENTE Y VICE,21,Santa Fe,Las Colonias,Pilar,0057,IMPUGNADO,impugnados,0,2007_GENERAL_DIST21_santafe_presidente.xlsx
2007,GENERAL,2007-10-28,PRESIDENTE Y VICE,21,Santa Fe,Las Colonias,Pilar,0057,RECURRIDO,recurridos,0,2007_GENERAL_DIST21_santafe_presidente.xlsx
2007,GENERAL,2007-10-28,PRESIDENTE Y VICE,21,Santa Fe,Las Colonias,Pilar,0057,POSITIVO,positivo,2529,2007_GENERAL_DIST21_santafe_presidente.xlsx
2007,GENERAL,2007-10-28,PRESIDENTE Y VICE,21,Santa Fe,Las Colonias,Progreso,0063,NULO,nulos,0,2007_GENERAL_DIST21_santafe_presidente.xlsx
2007,GENERAL,2007-10-28,PRESIDENTE Y VICE,21,Santa Fe,Las Colonias,Progreso,0063,IMPUGNADO,impugnados,0,2007_GENERAL_DIST21_santafe_presidente.xlsx
2007,GENERAL,2007-10-28,PRESIDENTE Y VICE,21,Santa Fe,Las Colonias,Progreso,0063,RECURRIDO,recurridos,0,2007_GENERAL_DIST21_santafe_presidente.xlsx
2007,GENERAL,2007-10-28,PRESIDENTE Y VICE,21,Santa Fe,Las Colonias,Progreso,0063,POSITIVO,positivo,1337,2007_GENERAL_DIST21_santafe_presidente.xlsx
2007,GENERAL,2007-10-28,PRESIDENTE Y VICE,21,Santa Fe,Las Colonias,San Carlos Centro,0044,NULO,nulos,33,2007_GENERAL_DIST21_santafe_presidente.xlsx
2007,GENERAL,2007-10-28,PRESIDENTE Y VICE,21,Santa Fe,Las Colonias,San Carlos Centro,0044,IMPUGNADO,impugnados,0,2007_GENERAL_DIST21_santafe_presidente.xlsx
2007,GENERAL,2007-10-28,PRESIDENTE Y VICE,21,Santa Fe,Las Colonias,San Carlos Centro,0044,RECURRIDO,recurridos,0,2007_GENERAL_DIST21_santafe_presidente.xlsx
2007,GENERAL,2007-10-28,PRESIDENTE Y VICE,21,Santa Fe,Las Colonias,San Carlos Centro,0044,POSITIVO,positivo,6727,2007_GENERAL_DIST21_santafe_presidente.xlsx
2007,GENERAL,2007-10-28,PRESIDENTE Y VICE,21,Santa Fe,Las Colonias,San Carlos Sud,0043,NULO,nulos,0,2007_GENERAL_DIST21_santafe_presidente.xlsx
2007,GENERAL,2007-10-28,PRESIDENTE Y VICE,21,Santa Fe,Las Colonias,San Carlos Sud,0043,IMPUGNADO,impugnados,0,2007_GENERAL_DIST21_santafe_presidente.xlsx
2007,GENERAL,2007-10-28,PRESIDENTE Y VICE,21,Santa Fe,Las Colonias,San Carlos Sud,0043,RECURRIDO,recurridos,0,2007_GENERAL_DIST21_santafe_presidente.xlsx
2007,GENERAL,2007-10-28,PRESIDENTE Y VICE,21,Santa Fe,Las Colonias,San Carlos Sud,0043,POSITIVO,positivo,1200,2007_GENERAL_DIST21_santafe_presidente.xlsx
2007,GENERAL,2007-10-28,PRESIDENTE Y VICE,21,Santa Fe,Las Colonias,San Jerónimo Norte,0052,NULO,nulos,12,2007_GENERAL_DIST21_santafe_presidente.xlsx
2007,GENERAL,2007-10-28,PRESIDENTE Y VICE,21,Santa Fe,Las Colonias,San Jerónimo Norte,0052,IMPUGNADO,impugnados,40,2007_GENERAL_DIST21_santafe_presidente.xlsx
2007,GENERAL,2007-10-28,PRESIDENTE Y VICE,21,Santa Fe,Las Colonias,San Jerónimo Norte,0052,RECURRIDO,recurridos,375,2007_GENERAL_DIST21_santafe_presidente.xlsx
2007,GENERAL,2007-10-28,PRESIDENTE Y VICE,21,Santa Fe,Las Colonias,San Jerónimo Norte,0052,POSITIVO,positivo,4069,2007_GENERAL_DIST21_santafe_presidente.xlsx
2007,GENERAL,2007-10-28,PRESIDENTE Y VICE,21,Santa Fe,Las Colonias,Santa Clara de Buena Vista,0046,NULO,nulos,0,2007_GENERAL_DIST21_santafe_presidente.xlsx
2007,GENERAL,2007-10-28,PRESIDENTE Y VICE,21,Santa Fe,Las Colonias,Santa Clara de Buena Vista,0046,IMPUGNADO,impugnados,0,2007_GENERAL_DIST21_santafe_presidente.xlsx
2007,GENERAL,2007-10-28,PRESIDENTE Y VICE,21,Santa Fe,Las Colonias,Santa Clara de Buena Vista,0046,RECURRIDO,recurridos,0,2007_GENERAL_DIST21_santafe_presidente.xlsx
2007,GENERAL,2007-10-28,PRESIDENTE Y VICE,21,Santa Fe,Las Colonias,Santa Clara de Buena Vista,0046,POSITIVO,positivo,1663,2007_GENERAL_DIST21_santafe_presidente.xlsx
2007,GENERAL,2007-10-28,PRESIDENTE Y VICE,21,Santa Fe,San Martín,Carlos Pellegrini,0160,NULO,nulos,1,2007_GENERAL_DIST21_santafe_presidente.xlsx
2007,GENERAL,2007-10-28,PRESIDENTE Y VICE,21,Santa Fe,San Martín,Carlos Pellegrini,0160,IMPUGNADO,impugnados,0,2007_GENERAL_DIST21_santafe_presidente.xlsx
2007,GENERAL,2007-10-28,PRESIDENTE Y VICE,21,Santa Fe,San Martín,Carlos Pellegrini,0160,RECURRIDO,recurridos,0,2007_GENERAL_DIST21_santafe_presidente.xlsx
2007,GENERAL,2007-10-28,PRESIDENTE Y VICE,21,Santa Fe,San Martín,Carlos Pellegrini,0160,POSITIVO,positivo,3022,2007_GENERAL_DIST21_santafe_presidente.xlsx
2007,GENERAL,2007-10-28,PRESIDENTE Y VICE,21,Santa Fe,San Martín,Cañada Rosquín,0161,NULO,nulos,7,2007_GENERAL_DIST21_santafe_presidente.xlsx
2007,GENERAL,2007-10-28,PRESIDENTE Y VICE,21,Santa Fe,San Martín,Cañada Rosquín,0161,IMPUGNADO,impugnados,0,2007_GENERAL_DIST21_santafe_presidente.xlsx
2007,GENERAL,2007-10-28,PRESIDENTE Y VICE,21,Santa Fe,San Martín,Cañada Rosquín,0161,RECURRIDO,recurridos,0,2007_GENERAL_DIST21_santafe_presidente.xlsx
2007,GENERAL,2007-10-28,PRESIDENTE Y VICE,21,Santa Fe,San Martín,Cañada Rosquín,0161,POSITIVO,positivo,3048,2007_GENERAL_DIST21_santafe_presidente.xlsx
2007,GENERAL,2007-10-28,PRESIDENTE Y VICE,21,Santa Fe,San Martín,El Trébol,0165,NULO,nulos,2,2007_GENERAL_DIST21_santafe_presidente.xlsx
2007,GENERAL,2007-10-28,PRESIDENTE Y VICE,21,Santa Fe,San Martín,El Trébol,0165,IMPUGNADO,impugnados,2,2007_GENERAL_DIST21_santafe_presidente.xlsx
2007,GENERAL,2007-10-28,PRESIDENTE Y VICE,21,Santa Fe,San Martín,El Trébol,0165,RECURRIDO,recurridos,0,2007_GENERAL_DIST21_santafe_presidente.xlsx
2007,GENERAL,2007-10-28,PRESIDENTE Y VICE,21,Santa Fe,San Martín,El Trébol,0165,POSITIVO,positivo,6354,2007_GENERAL_DIST21_santafe_presidente.xlsx
2007,GENERAL,2007-10-28,PRESIDENTE Y VICE,21,Santa Fe,San Martín,María Susana,0166,NULO,nulos,23,2007_GENERAL_DIST21_santafe_presidente.xlsx
2007,GENERAL,2007-10-28,PRESIDENTE Y VICE,21,Santa Fe,San Martín,María Susana,0166,IMPUGNADO,impugnados,0,2007_GENERAL_DIST21_santafe_presidente.xlsx
2007,GENERAL,2007-10-28,PRESIDENTE Y VICE,21,Santa Fe,San Martín,María Susana,0166,RECURRIDO,recurridos,0,2007_GENERAL_DIST21_santafe_presidente.xlsx
2007,GENERAL,2007-10-28,PRESIDENTE Y VICE,21,Santa Fe,San Martín,María Susana,0166,POSITIVO,positivo,2158,2007_GENERAL_DIST21_santafe_presidente.xlsx
2007,GENERAL,2007-10-28,PRESIDENTE Y VICE,21,Santa Fe,San Martín,Piamonte,0164,NULO,nulos,36,2007_GENERAL_DIST21_santafe_presidente.xlsx
2007,GENERAL,2007-10-28,PRESIDENTE Y VICE,21,Santa Fe,San Martín,Piamonte,0164,IMPUGNADO,impugnados,0,2007_GENERAL_DIST21_santafe_presidente.xlsx
2007,GENERAL,2007-10-28,PRESIDENTE Y VICE,21,Santa Fe,San Martín,Piamonte,0164,RECURRIDO,recurridos,0,2007_GENERAL_DIST21_santafe_presidente.xlsx
2007,GENERAL,2007-10-28,PRESIDENTE Y VICE,21,Santa Fe,San Martín,Piamonte,0164,POSITIVO,positivo,1995,2007_GENERAL_DIST21_santafe_presidente.xlsx
2007,GENERAL,2007-10-28,PRESIDENTE Y VICE,21,Santa Fe,San Martín,San Jorge,0158,NULO,nulos,88,2007_GENERAL_DIST21_santafe_presidente.xlsx
2007,GENERAL,2007-10-28,PRESIDENTE Y VICE,21,Santa Fe,San Martín,San Jorge,0158,IMPUGNADO,impugnados,0,2007_GENERAL_DIST21_santafe_presidente.xlsx
2007,GENERAL,2007-10-28,PRESIDENTE Y VICE,21,Santa Fe,San Martín,San Jorge,0158,RECURRIDO,recurridos,0,2007_GENERAL_DIST21_santafe_presidente.xlsx
2007,GENERAL,2007-10-28,PRESIDENTE Y VICE,21,Santa Fe,San Martín,San Jorge,0158,POSITIVO,positivo,10001,2007_GENERAL_DIST21_santafe_presidente.xlsx
2007,GENERAL,2007-10-28,PRESIDENTE Y VICE,21,Santa Fe,San Martín,San Martín de las Escobas,0156,NULO,nulos,3,2007_GENERAL_DIST21_santafe_presidente.xlsx
2007,GENERAL,2007-10-28,PRESIDENTE Y VICE,21,Santa Fe,San Martín,San Martín de las Escobas,0156,IMPUGNADO,impugnados,0,2007_GENERAL_DIST21_santafe_presidente.xlsx
2007,GENERAL,2007-10-28,PRESIDENTE Y VICE,21,Santa Fe,San Martín,San Martín de las Escobas,0156,RECURRIDO,recurridos,0,2007_GENERAL_DIST21_santafe_presidente.xlsx
2007,GENERAL,2007-10-28,PRESIDENTE Y VICE,21,Santa Fe,San Martín,San Martín de las Escobas,0156,POSITIVO,positivo,1554,2007_GENERAL_DIST21_santafe_presidente.xlsx
2007,GENERAL,2007-10-28,PRESIDENTE Y VICE,21,Santa Fe,San Martín,Sastre y Ortiz,0155,NULO,nulos,6,2007_GENERAL_DIST21_santafe_presidente.xlsx
2007,GENERAL,2007-10-28,PRESIDENTE Y VICE,21,Santa Fe,San Martín,Sastre y Ortiz,0155,IMPUGNADO,impugnados,3,2007_GENERAL_DIST21_santafe_presidente.xlsx
2007,GENERAL,2007-10-28,PRESIDENTE Y VICE,21,Santa Fe,San Martín,Sastre y Ortiz,0155,RECURRIDO,recurridos,0,2007_GENERAL_DIST21_santafe_presidente.xlsx
2007,GENERAL,2007-10-28,PRESIDENTE Y VICE,21,Santa Fe,San Martín,Sastre y Ortiz,0155,POSITIVO,positivo,3418,2007_GENERAL_DIST21_santafe_presidente.xlsx
2011,GENERAL,2011-10-23,PRESIDENTE Y VICE,21,Santa Fe,Castellanos,Ataliva,0121,Alianza Frente Amplio Progresista,agrupacion,427,2011_GENERAL_DIST21_santafe_presidente.xlsx
2011,GENERAL,2011-10-23,PRESIDENTE Y VICE,21,Santa Fe,Castellanos,Ataliva,0121,Alianza Frente para la Victoria,agrupacion,398,2011_GENERAL_DIST21_santafe_presidente.xlsx
2011,GENERAL,2011-10-23,PRESIDENTE Y VICE,21,Santa Fe,Castellanos,Ataliva,0121,Alianza Frente Popular,agrupacion,61,2011_GENERAL_DIST21_santafe_presidente.xlsx
2011,GENERAL,2011-10-23,PRESIDENTE Y VICE,21,Santa Fe,Castellanos,Ataliva,0121,Alianza Unión para el Desarrollo Social,agrupacion,56,2011_GENERAL_DIST21_santafe_presidente.xlsx
2011,GENERAL,2011-10-23,PRESIDENTE Y VICE,21,Santa Fe,Castellanos,Ataliva,0121,Alianza Compromiso Federal,agrupacion,25,2011_GENERAL_DIST21_santafe_presidente.xlsx
2011,GENERAL,2011-10-23,PRESIDENTE Y VICE,21,Santa Fe,Castellanos,Ataliva,0121,Coalición Cívica - Afirmación para una República Igualitaria ARI,agrupacion,17,2011_GENERAL_DIST21_santafe_presidente.xlsx
2011,GENERAL,2011-10-23,PRESIDENTE Y VICE,21,Santa Fe,Castellanos,Ataliva,0121,Alianza Frente de Izquierda y de los Trabajadores,agrupacion,13,2011_GENERAL_DIST21_santafe_presidente.xlsx
2011,GENERAL,2011-10-23,PRESIDENTE Y VICE,21,Santa Fe,Castellanos,Colonia Aldao,0120,Alianza Frente para la Victoria,agrupacion,371,2011_GENERAL_DIST21_santafe_presidente.xlsx
2011,GENERAL,2011-10-23,PRESIDENTE Y VICE,21,Santa Fe,Castellanos,Colonia Aldao,0120,Alianza Frente Amplio Progresista,agrupacion,332,2011_GENERAL_DIST21_santafe_presidente.xlsx
2011,GENERAL,2011-10-23,PRESIDENTE Y VICE,21,Santa Fe,Castellanos,Colonia Aldao,0120,Alianza Frente Popular,agrupacion,86,2011_GENERAL_DIST21_santafe_presidente.xlsx
2011,GENERAL,2011-10-23,PRESIDENTE Y VICE,21,Santa Fe,Castellanos,Colonia Aldao,0120,Alianza Unión para el Desarrollo Social,agrupacion,59,2011_GENERAL_DIST21_santafe_presidente.xlsx
2011,GENERAL,2011-10-23,PRESIDENTE Y VICE,21,Santa Fe,Castellanos,Colonia Aldao,0120,Alianza Compromiso Federal,agrupacion,36,2011_GENERAL_DIST21_santafe_presidente.xlsx
2011,GENERAL,2011-10-23,PRESIDENTE Y VICE,21,Santa Fe,Castellanos,Colonia Aldao,0120,Coalición Cívica - Afirmación para una República Igualitaria ARI,agrupacion,13,2011_GENERAL_DIST21_santafe_presidente.xlsx
2011,GENERAL,2011-10-23,PRESIDENTE Y VICE,21,Santa Fe,Castellanos,Colonia Aldao,0120,Alianza Frente de Izquierda y de los Trabajadores,agrupacion,9,2011_GENERAL_DIST21_santafe_presidente.xlsx
2011,GENERAL,2011-10-23,PRESIDENTE Y VICE,21,Santa Fe,Castellanos,Frontera,0134A,Alianza Frente para la Victoria,agrupacion,2808,2011_GENERAL_DIST21_santafe_presidente.xlsx
2011,GENERAL,2011-10-23,PRESIDENTE Y VICE,21,Santa Fe,Castellanos,Frontera,0134A,Alianza Frente Amplio Progresista,agrupacion,916,2011_GENERAL_DIST21_santafe_presidente.xlsx
2011,GENERAL,2011-10-23,PRESIDENTE Y VICE,21,Santa Fe,Castellanos,Frontera,0134A,Alianza Compromiso Federal,agrupacion,353,2011_GENERAL_DIST21_santafe_presidente.xlsx
2011,GENERAL,2011-10-23,PRESIDENTE Y VICE,21,Santa Fe,Castellanos,Frontera,0134A,Alianza Unión para el Desarrollo Social,agrupacion,265,2011_GENERAL_DIST21_santafe_presidente.xlsx
2011,GENERAL,2011-10-23,PRESIDENTE Y VICE,21,Santa Fe,Castellanos,Frontera,0134A,Alianza Frente Popular,agrupacion,146,2011_GENERAL_DIST21_santafe_presidente.xlsx
2011,GENERAL,2011-10-23,PRESIDENTE Y VICE,21,Santa Fe,Castellanos,Frontera,0134A,Alianza Frente de Izquierda y de los Trabajadores,agrupacion,68,2011_GENERAL_DIST21_santafe_presidente.xlsx
2011,GENERAL,2011-10-23,PRESIDENTE Y VICE,21,Santa Fe,Castellanos,Frontera,0134A,Coalición Cívica - Afirmación para una República Igualitaria ARI,agrupacion,43,2011_GENERAL_DIST21_santafe_presidente.xlsx
2011,GENERAL,2011-10-23,PRESIDENTE Y VICE,21,Santa Fe,Castellanos,Humberto Primo,0117,Alianza Frente Amplio Progresista,agrupacion,1362,2011_GENERAL_DIST21_santafe_presidente.xlsx
2011,GENERAL,2011-10-23,PRESIDENTE Y VICE,21,Santa Fe,Castellanos,Humberto Primo,0117,Alianza Frente para la Victoria,agrupacion,900,2011_GENERAL_DIST21_santafe_presidente.xlsx
2011,GENERAL,2011-10-23,PRESIDENTE Y VICE,21,Santa Fe,Castellanos,Humberto Primo,0117,Alianza Frente Popular,agrupacion,221,2011_GENERAL_DIST21_santafe_presidente.xlsx
2011,GENERAL,2011-10-23,PRESIDENTE Y VICE,21,Santa Fe,Castellanos,Humberto Primo,0117,Alianza Compromiso Federal,agrupacion,137,2011_GENERAL_DIST21_santafe_presidente.xlsx
2011,GENERAL,2011-10-23,PRESIDENTE Y VICE,21,Santa Fe,Castellanos,Humberto Primo,0117,Alianza Unión para el Desarrollo Social,agrupacion,135,2011_GENERAL_DIST21_santafe_presidente.xlsx
2011,GENERAL,2011-10-23,PRESIDENTE Y VICE,21,Santa Fe,Castellanos,Humberto Primo,0117,Coalición Cívica - Afirmación para una República Igualitaria ARI,agrupacion,46,2011_GENERAL_DIST21_santafe_presidente.xlsx
2011,GENERAL,2011-10-23,PRESIDENTE Y VICE,21,Santa Fe,Castellanos,Humberto Primo,0117,Alianza Frente de Izquierda y de los Trabajadores,agrupacion,34,2011_GENERAL_DIST21_santafe_presidente.xlsx
2011,GENERAL,2011-10-23,PRESIDENTE Y VICE,21,Santa Fe,Castellanos,Josefina,0134,Alianza Frente para la Victoria,agrupacion,372,2011_GENERAL_DIST21_santafe_presidente.xlsx
2011,GENERAL,2011-10-23,PRESIDENTE Y VICE,21,Santa Fe,Castellanos,Josefina,0134,Alianza Frente Amplio Progresista,agrupacion,227,2011_GENERAL_DIST21_santafe_presidente.xlsx
2011,GENERAL,2011-10-23,PRESIDENTE Y VICE,21,Santa Fe,Castellanos,Josefina,0134,Alianza Unión para el Desarrollo Social,agrupacion,83,2011_GENERAL_DIST21_santafe_presidente.xlsx
2011,GENERAL,2011-10-23,PRESIDENTE Y VICE,21,Santa Fe,Castellanos,Josefina,0134,Alianza Frente Popular,agrupacion,41,2011_GENERAL_DIST21_santafe_presidente.xlsx
2011,GENERAL,2011-10-23,PRESIDENTE Y VICE,21,Santa Fe,Castellanos,Josefina,0134,Alianza Compromiso Federal,agrupacion,36,2011_GENERAL_DIST21_santafe_presidente.xlsx
2011,GENERAL,2011-10-23,PRESIDENTE Y VICE,21,Santa Fe,Castellanos,Josefina,0134,Coalición Cívica - Afirmación para una República Igualitaria ARI,agrupacion,13,2011_GENERAL_DIST21_santafe_presidente.xlsx
2011,GENERAL,2011-10-23,PRESIDENTE Y VICE,21,Santa Fe,Castellanos,Josefina,0134,Alianza Frente de Izquierda y de los Trabajadores,agrupacion,10,2011_GENERAL_DIST21_santafe_presidente.xlsx
2011,GENERAL,2011-10-23,PRESIDENTE Y VICE,21,Santa Fe,Castellanos,Lehmann,0123,Alianza Frente para la Victoria,agrupacion,682,2011_GENERAL_DIST21_santafe_presidente.xlsx
2011,GENERAL,2011-10-23,PRESIDENTE Y VICE,21,Santa Fe,Castellanos,Lehmann,0123,Alianza Frente Amplio Progresista,agrupacion,605,2011_GENERAL_DIST21_santafe_presidente.xlsx
2011,GENERAL,2011-10-23,PRESIDENTE Y VICE,21,Santa Fe,Castellanos,Lehmann,0123,Alianza Compromiso Federal,agrupacion,170,2011_GENERAL_DIST21_santafe_presidente.xlsx
2011,GENERAL,2011-10-23,PRESIDENTE Y VICE,21,Santa Fe,Castellanos,Lehmann,0123,Alianza Frente Popular,agrupacion,92,2011_GENERAL_DIST21_santafe_presidente.xlsx
2011,GENERAL,2011-10-23,PRESIDENTE Y VICE,21,Santa Fe,Castellanos,Lehmann,0123,Alianza Unión para el Desarrollo Social,agrupacion,82,2011_GENERAL_DIST21_santafe_presidente.xlsx
2011,GENERAL,2011-10-23,PRESIDENTE Y VICE,21,Santa Fe,Castellanos,Lehmann,0123,Coalición Cívica - Afirmación para una República Igualitaria ARI,agrupacion,25,2011_GENERAL_DIST21_santafe_presidente.xlsx
2011,GENERAL,2011-10-23,PRESIDENTE Y VICE,21,Santa Fe,Castellanos,Lehmann,0123,Alianza Frente de Izquierda y de los Trabajadores,agrupacion,22,2011_GENERAL_DIST21_santafe_presidente.xlsx
2011,GENERAL,2011-10-23,PRESIDENTE Y VICE,21,Santa Fe,Castellanos,María Juana,0140,Alianza Frente Amplio Progresista,agrupacion,1339,2011_GENERAL_DIST21_santafe_presidente.xlsx
2011,GENERAL,2011-10-23,PRESIDENTE Y VICE,21,Santa Fe,Castellanos,María Juana,0140,Alianza Frente para la Victoria,agrupacion,1202,2011_GENERAL_DIST21_santafe_presidente.xlsx
2011,GENERAL,2011-10-23,PRESIDENTE Y VICE,21,Santa Fe,Castellanos,María Juana,0140,Alianza Unión para el Desarrollo Social,agrupacion,171,2011_GENERAL_DIST21_santafe_presidente.xlsx
2011,GENERAL,2011-10-23,PRESIDENTE Y VICE,21,Santa Fe,Castellanos,María Juana,0140,Alianza Compromiso Federal,agrupacion,129,2011_GENERAL_DIST21_santafe_presidente.xlsx
2011,GENERAL,2011-10-23,PRESIDENTE Y VICE,21,Santa Fe,Castellanos,María Juana,0140,Alianza Frente Popular,agrupacion,115,2011_GENERAL_DIST21_santafe_presidente.xlsx
2011,GENERAL,2011-10-23,PRESIDENTE Y VICE,21,Santa Fe,Castellanos,María Juana,0140,Alianza Frente de Izquierda y de los Trabajadores,agrupacion,61,2011_GENERAL_DIST21_santafe_presidente.xlsx
2011,GENERAL,2011-10-23,PRESIDENTE Y VICE,21,Santa Fe,Castellanos,María Juana,0140,Coalición Cívica - Afirmación para una República Igualitaria ARI,agrupacion,39,2011_GENERAL_DIST21_santafe_presidente.xlsx
2011,GENERAL,2011-10-23,PRESIDENTE Y VICE,21,Santa Fe,Castellanos,Ramona,0124,Alianza Frente Amplio Progresista,agrupacion,473,2011_GENERAL_DIST21_santafe_presidente.xlsx
2011,GENERAL,2011-10-23,PRESIDENTE Y VICE,21,Santa Fe,Castellanos,Ramona,0124,Alianza Frente para la Victoria,agrupacion,385,2011_GENERAL_DIST21_santafe_presidente.xlsx
2011,GENERAL,2011-10-23,PRESIDENTE Y VICE,21,Santa Fe,Castellanos,Ramona,0124,Alianza Unión para el Desarrollo Social,agrupacion,109,2011_GENERAL_DIST21_santafe_presidente.xlsx
2011,GENERAL,2011-10-23,PRESIDENTE Y VICE,21,Santa Fe,Castellanos,Ramona,0124,Alianza Frente Popular,agrupacion,96,2011_GENERAL_DIST21_santafe_presidente.xlsx
2011,GENERAL,2011-10-23,PRESIDENTE Y VICE,21,Santa Fe,Castellanos,Ramona,0124,Alianza Compromiso Federal,agrupacion,60,2011_GENERAL_DIST21_santafe_presidente.xlsx
2011,GENERAL,2011-10-23,PRESIDENTE Y VICE,21,Santa Fe,Castellanos,Ramona,0124,Coalición Cívica - Afirmación para una República Igualitaria ARI,agrupacion,23,2011_GENERAL_DIST21_santafe_presidente.xlsx
2011,GENERAL,2011-10-23,PRESIDENTE Y VICE,21,Santa Fe,Castellanos,Ramona,0124,Alianza Frente de Izquierda y de los Trabajadores,agrupacion,20,2011_GENERAL_DIST21_santafe_presidente.xlsx
2011,GENERAL,2011-10-23,PRESIDENTE Y VICE,21,Santa Fe,Castellanos,San Vicente,0142,Alianza Frente Amplio Progresista,agrupacion,1540,2011_GENERAL_DIST21_santafe_presidente.xlsx
2011,GENERAL,2011-10-23,PRESIDENTE Y VICE,21,Santa Fe,Castellanos,San Vicente,0142,Alianza Frente para la Victoria,agrupacion,1283,2011_GENERAL_DIST21_santafe_presidente.xlsx
2011,GENERAL,2011-10-23,PRESIDENTE Y VICE,21,Santa Fe,Castellanos,San Vicente,0142,Alianza Frente Popular,agrupacion,336,2011_GENERAL_DIST21_santafe_presidente.xlsx
2011,GENERAL,2011-10-23,PRESIDENTE Y VICE,21,Santa Fe,Castellanos,San Vicente,0142,Alianza Unión para el Desarrollo Social,agrupacion,315,2011_GENERAL_DIST21_santafe_presidente.xlsx
2011,GENERAL,2011-10-23,PRESIDENTE Y VICE,21,Santa Fe,Castellanos,San Vicente,0142,Alianza Compromiso Federal,agrupacion,273,2011_GENERAL_DIST21_santafe_presidente.xlsx
2011,GENERAL,2011-10-23,PRESIDENTE Y VICE,21,Santa Fe,Castellanos,San Vicente,0142,Alianza Frente de Izquierda y de los Trabajadores,agrupacion,64,2011_GENERAL_DIST21_santafe_presidente.xlsx
2011,GENERAL,2011-10-23,PRESIDENTE Y VICE,21,Santa Fe,Castellanos,San Vicente,0142,Coalición Cívica - Afirmación para una República Igualitaria ARI,agrupacion,46,2011_GENERAL_DIST21_santafe_presidente.xlsx
2011,GENERAL,2011-10-23,PRESIDENTE Y VICE,21,Santa Fe,Castellanos,Santa Clara de Saguier,0130,Alianza Frente para la Victoria,agrupacion,543,2011_GENERAL_DIST21_santafe_presidente.xlsx
2011,GENERAL,2011-10-23,PRESIDENTE Y VICE,21,Santa Fe,Castellanos,Santa Clara de Saguier,0130,Alianza Frente Amplio Progresista,agrupacion,445,2011_GENERAL_DIST21_santafe_presidente.xlsx
2011,GENERAL,2011-10-23,PRESIDENTE Y VICE,21,Santa Fe,Castellanos,Santa Clara de Saguier,0130,Alianza Unión para el Desarrollo Social,agrupacion,115,2011_GENERAL_DIST21_santafe_presidente.xlsx
2011,GENERAL,2011-10-23,PRESIDENTE Y VICE,21,Santa Fe,Castellanos,Santa Clara de Saguier,0130,Alianza Compromiso Federal,agrupacion,104,2011_GENERAL_DIST21_santafe_presidente.xlsx
2011,GENERAL,2011-10-23,PRESIDENTE Y VICE,21,Santa Fe,Castellanos,Santa Clara de Saguier,0130,Alianza Frente Popular,agrupacion,67,2011_GENERAL_DIST21_santafe_presidente.xlsx
2011,GENERAL,2011-10-23,PRESIDENTE Y VICE,21,Santa Fe,Castellanos,Santa Clara de Saguier,0130,Alianza Frente de Izquierda y de los Trabajadores,agrupacion,22,2011_GENERAL_DIST21_santafe_presidente.xlsx
2011,GENERAL,2011-10-23,PRESIDENTE Y VICE,21,Santa Fe,Castellanos,Santa Clara de Saguier,0130,Coalición Cívica - Afirmación para una República Igualitaria ARI,agrupacion,15,2011_GENERAL_DIST21_santafe_presidente.xlsx
2011,GENERAL,2011-10-23,PRESIDENTE Y VICE,21,Santa Fe,Castellanos,Sunchales,0118,Alianza Frente para la Victoria,agrupacion,5089,2011_GENERAL_DIST21_santafe_presidente.xlsx
2011,GENERAL,2011-10-23,PRESIDENTE Y VICE,21,Santa Fe,Castellanos,Sunchales,0118,Alianza Frente Amplio Progresista,agrupacion,5070,2011_GENERAL_DIST21_santafe_presidente.xlsx
2011,GENERAL,2011-10-23,PRESIDENTE Y VICE,21,Santa Fe,Castellanos,Sunchales,0118,Alianza Frente Popular,agrupacion,631,2011_GENERAL_DIST21_santafe_presidente.xlsx
2011,GENERAL,2011-10-23,PRESIDENTE Y VICE,21,Santa Fe,Castellanos,Sunchales,0118,Alianza Unión para el Desarrollo Social,agrupacion,616,2011_GENERAL_DIST21_santafe_presidente.xlsx
2011,GENERAL,2011-10-23,PRESIDENTE Y VICE,21,Santa Fe,Castellanos,Sunchales,0118,Alianza Compromiso Federal,agrupacion,482,2011_GENERAL_DIST21_santafe_presidente.xlsx
2011,GENERAL,2011-10-23,PRESIDENTE Y VICE,21,Santa Fe,Castellanos,Sunchales,0118,Coalición Cívica - Afirmación para una República Igualitaria ARI,agrupacion,255,2011_GENERAL_DIST21_santafe_presidente.xlsx
2011,GENERAL,2011-10-23,PRESIDENTE Y VICE,21,Santa Fe,Castellanos,Sunchales,0118,Alianza Frente de Izquierda y de los Trabajadores,agrupacion,149,2011_GENERAL_DIST21_santafe_presidente.xlsx
2011,GENERAL,2011-10-23,PRESIDENTE Y VICE,21,Santa Fe,Castellanos,Zenón Pereyra,0138,Alianza Frente Amplio Progresista,agrupacion,557,2011_GENERAL_DIST21_santafe_presidente.xlsx
2011,GENERAL,2011-10-23,PRESIDENTE Y VICE,21,Santa Fe,Castellanos,Zenón Pereyra,0138,Alianza Frente para la Victoria,agrupacion,361,2011_GENERAL_DIST21_santafe_presidente.xlsx
2011,GENERAL,2011-10-23,PRESIDENTE Y VICE,21,Santa Fe,Castellanos,Zenón Pereyra,0138,Alianza Frente Popular,agrupacion,61,2011_GENERAL_DIST21_santafe_presidente.xlsx
2011,GENERAL,2011-10-23,PRESIDENTE Y VICE,21,Santa Fe,Castellanos,Zenón Pereyra,0138,Alianza Unión para el Desarrollo Social,agrupacion,52,2011_GENERAL_DIST21_santafe_presidente.xlsx
2011,GENERAL,2011-10-23,PRESIDENTE Y VICE,21,Santa Fe,Castellanos,Zenón Pereyra,0138,Alianza Compromiso Federal,agrupacion,49,2011_GENERAL_DIST21_santafe_presidente.xlsx
2011,GENERAL,2011-10-23,PRESIDENTE Y VICE,21,Santa Fe,Castellanos,Zenón Pereyra,0138,Coalición Cívica - Afirmación para una República Igualitaria ARI,agrupacion,23,2011_GENERAL_DIST21_santafe_presidente.xlsx
2011,GENERAL,2011-10-23,PRESIDENTE Y VICE,21,Santa Fe,Castellanos,Zenón Pereyra,0138,Alianza Frente de Izquierda y de los Trabajadores,agrupacion,11,2011_GENERAL_DIST21_santafe_presidente.xlsx
2011,GENERAL,2011-10-23,PRESIDENTE Y VICE,21,Santa Fe,Las Colonias,Esperanza,0055,Alianza Frente Amplio Progresista,agrupacion,11070,2011_GENERAL_DIST21_santafe_presidente.xlsx
2011,GENERAL,2011-10-23,PRESIDENTE Y VICE,21,Santa Fe,Las Colonias,Esperanza,0055,Alianza Frente para la Victoria,agrupacion,7141,2011_GENERAL_DIST21_santafe_presidente.xlsx
2011,GENERAL,2011-10-23,PRESIDENTE Y VICE,21,Santa Fe,Las Colonias,Esperanza,0055,Alianza Frente Popular,agrupacion,1196,2011_GENERAL_DIST21_santafe_presidente.xlsx
2011,GENERAL,2011-10-23,PRESIDENTE Y VICE,21,Santa Fe,Las Colonias,Esperanza,0055,Alianza Unión para el Desarrollo Social,agrupacion,1194,2011_GENERAL_DIST21_santafe_presidente.xlsx
2011,GENERAL,2011-10-23,PRESIDENTE Y VICE,21,Santa Fe,Las Colonias,Esperanza,0055,Alianza Compromiso Federal,agrupacion,935,2011_GENERAL_DIST21_santafe_presidente.xlsx
2011,GENERAL,2011-10-23,PRESIDENTE Y VICE,21,Santa Fe,Las Colonias,Esperanza,0055,Coalición Cívica - Afirmación para una República Igualitaria ARI,agrupacion,425,2011_GENERAL_DIST21_santafe_presidente.xlsx
2011,GENERAL,2011-10-23,PRESIDENTE Y VICE,21,Santa Fe,Las Colonias,Esperanza,0055,Alianza Frente de Izquierda y de los Trabajadores,agrupacion,231,2011_GENERAL_DIST21_santafe_presidente.xlsx
2011,GENERAL,2011-10-23,PRESIDENTE Y VICE,21,Santa Fe,Las Colonias,Felicia,0060,Alianza Frente Amplio Progresista,agrupacion,589,2011_GENERAL_DIST21_santafe_presidente.xlsx
2011,GENERAL,2011-10-23,PRESIDENTE Y VICE,21,Santa Fe,Las Colonias,Felicia,0060,Alianza Frente para la Victoria,agrupacion,371,2011_GENERAL_DIST21_santafe_presidente.xlsx
2011,GENERAL,2011-10-23,PRESIDENTE Y VICE,21,Santa Fe,Las Colonias,Felicia,0060,Alianza Frente Popular,agrupacion,130,2011_GENERAL_DIST21_santafe_presidente.xlsx
2011,GENERAL,2011-10-23,PRESIDENTE Y VICE,21,Santa Fe,Las Colonias,Felicia,0060,Alianza Unión para el Desarrollo Social,agrupacion,100,2011_GENERAL_DIST21_santafe_presidente.xlsx
2011,GENERAL,2011-10-23,PRESIDENTE Y VICE,21,Santa Fe,Las Colonias,Felicia,0060,Alianza Compromiso Federal,agrupacion,84,2011_GENERAL_DIST21_santafe_presidente.xlsx
2011,GENERAL,2011-10-23,PRESIDENTE Y VICE,21,Santa Fe,Las Colonias,Felicia,0060,Alianza Frente de Izquierda y de los Trabajadores,agrupacion,20,2011_GENERAL_DIST21_santafe_presidente.xlsx
2011,GENERAL,2011-10-23,PRESIDENTE Y VICE,21,Santa Fe,Las Colonias,Felicia,0060,Coalición Cívica - Afirmación para una República Igualitaria ARI,agrupacion,17,2011_GENERAL_DIST21_santafe_presidente.xlsx
2011,GENERAL,2011-10-23,PRESIDENTE Y VICE,21,Santa Fe,Las Colonias,Franck,0053,Alianza Frente Amplio Progresista,agrupacion,1597,2011_GENERAL_DIST21_santafe_presidente.xlsx
2011,GENERAL,2011-10-23,PRESIDENTE Y VICE,21,Santa Fe,Las Colonias,Franck,0053,Alianza Frente para la Victoria,agrupacion,814,2011_GENERAL_DIST21_santafe_presidente.xlsx
2011,GENERAL,2011-10-23,PRESIDENTE Y VICE,21,Santa Fe,Las Colonias,Franck,0053,Alianza Unión para el Desarrollo Social,agrupacion,290,2011_GENERAL_DIST21_santafe_presidente.xlsx
2011,GENERAL,2011-10-23,PRESIDENTE Y VICE,21,Santa Fe,Las Colonias,Franck,0053,Alianza Frente Popular,agrupacion,256,2011_GENERAL_DIST21_santafe_presidente.xlsx
2011,GENERAL,2011-10-23,PRESIDENTE Y VICE,21,Santa Fe,Las Colonias,Franck,0053,Alianza Compromiso Federal,agrupacion,174,2011_GENERAL_DIST21_santafe_presidente.xlsx
2011,GENERAL,2011-10-23,PRESIDENTE Y VICE,21,Santa Fe,Las Colonias,Franck,0053,Alianza Frente de Izquierda y de los Trabajadores,agrupacion,56,2011_GENERAL_DIST21_santafe_presidente.xlsx
2011,GENERAL,2011-10-23,PRESIDENTE Y VICE,21,Santa Fe,Las Colonias,Franck,0053,Coalición Cívica - Afirmación para una República Igualitaria ARI,agrupacion,55,2011_GENERAL_DIST21_santafe_presidente.xlsx
2011,GENERAL,2011-10-23,PRESIDENTE Y VICE,21,Santa Fe,Las Colonias,Humboldt,0056,Alianza Frente Amplio Progresista,agrupacion,1198,2011_GENERAL_DIST21_santafe_presidente.xlsx
2011,GENERAL,2011-10-23,PRESIDENTE Y VICE,21,Santa Fe,Las Colonias,Humboldt,0056,Alianza Frente para la Victoria,agrupacion,825,2011_GENERAL_DIST21_santafe_presidente.xlsx
2011,GENERAL,2011-10-23,PRESIDENTE Y VICE,21,Santa Fe,Las Colonias,Humboldt,0056,Alianza Unión para el Desarrollo Social,agrupacion,315,2011_GENERAL_DIST21_santafe_presidente.xlsx
2011,GENERAL,2011-10-23,PRESIDENTE Y VICE,21,Santa Fe,Las Colonias,Humboldt,0056,Alianza Frente Popular,agrupacion,277,2011_GENERAL_DIST21_santafe_presidente.xlsx
2011,GENERAL,2011-10-23,PRESIDENTE Y VICE,21,Santa Fe,Las Colonias,Humboldt,0056,Alianza Compromiso Federal,agrupacion,156,2011_GENERAL_DIST21_santafe_presidente.xlsx
2011,GENERAL,2011-10-23,PRESIDENTE Y VICE,21,Santa Fe,Las Colonias,Humboldt,0056,Coalición Cívica - Afirmación para una República Igualitaria ARI,agrupacion,50,2011_GENERAL_DIST21_santafe_presidente.xlsx
2011,GENERAL,2011-10-23,PRESIDENTE Y VICE,21,Santa Fe,Las Colonias,Humboldt,0056,Alianza Frente de Izquierda y de los Trabajadores,agrupacion,36,2011_GENERAL_DIST21_santafe_presidente.xlsx
2011,GENERAL,2011-10-23,PRESIDENTE Y VICE,21,Santa Fe,Las Colonias,Pilar,0057,Alianza Frente Amplio Progresista,agrupacion,1149,2011_GENERAL_DIST21_santafe_presidente.xlsx
2011,GENERAL,2011-10-23,PRESIDENTE Y VICE,21,Santa Fe,Las Colonias,Pilar,0057,Alianza Frente para la Victoria,agrupacion,1043,2011_GENERAL_DIST21_santafe_presidente.xlsx
2011,GENERAL,2011-10-23,PRESIDENTE Y VICE,21,Santa Fe,Las Colonias,Pilar,0057,Alianza Frente Popular,agrupacion,157,2011_GENERAL_DIST21_santafe_presidente.xlsx
2011,GENERAL,2011-10-23,PRESIDENTE Y VICE,21,Santa Fe,Las Colonias,Pilar,0057,Alianza Unión para el Desarrollo Social,agrupacion,130,2011_GENERAL_DIST21_santafe_presidente.xlsx
2011,GENERAL,2011-10-23,PRESIDENTE Y VICE,21,Santa Fe,Las Colonias,Pilar,0057,Alianza Compromiso Federal,agrupacion,93,2011_GENERAL_DIST21_santafe_presidente.xlsx
2011,GENERAL,2011-10-23,PRESIDENTE Y VICE,21,Santa Fe,Las Colonias,Pilar,0057,Alianza Frente de Izquierda y de los Trabajadores,agrupacion,35,2011_GENERAL_DIST21_santafe_presidente.xlsx
2011,GENERAL,2011-10-23,PRESIDENTE Y VICE,21,Santa Fe,Las Colonias,Pilar,0057,Coalición Cívica - Afirmación para una República Igualitaria ARI,agrupacion,25,2011_GENERAL_DIST21_santafe_presidente.xlsx
2011,GENERAL,2011-10-23,PRESIDENTE Y VICE,21,Santa Fe,Las Colonias,Progreso,0063,Alianza Frente Amplio Progresista,agrupacion,542,2011_GENERAL_DIST21_santafe_presidente.xlsx
2011,GENERAL,2011-10-23,PRESIDENTE Y VICE,21,Santa Fe,Las Colonias,Progreso,0063,Alianza Frente para la Victoria,agrupacion,321,2011_GENERAL_DIST21_santafe_presidente.xlsx
2011,GENERAL,2011-10-23,PRESIDENTE Y VICE,21,Santa Fe,Las Colonias,Progreso,0063,Alianza Frente Popular,agrupacion,199,2011_GENERAL_DIST21_santafe_presidente.xlsx
2011,GENERAL,2011-10-23,PRESIDENTE Y VICE,21,Santa Fe,Las Colonias,Progreso,0063,Alianza Unión para el Desarrollo Social,agrupacion,142,2011_GENERAL_DIST21_santafe_presidente.xlsx
2011,GENERAL,2011-10-23,PRESIDENTE Y VICE,21,Santa Fe,Las Colonias,Progreso,0063,Alianza Compromiso Federal,agrupacion,92,2011_GENERAL_DIST21_santafe_presidente.xlsx
2011,GENERAL,2011-10-23,PRESIDENTE Y VICE,21,Santa Fe,Las Colonias,Progreso,0063,Coalición Cívica - Afirmación para una República Igualitaria ARI,agrupacion,18,2011_GENERAL_DIST21_santafe_presidente.xlsx
2011,GENERAL,2011-10-23,PRESIDENTE Y VICE,21,Santa Fe,Las Colonias,Progreso,0063,Alianza Frente de Izquierda y de los Trabajadores,agrupacion,16,2011_GENERAL_DIST21_santafe_presidente.xlsx
2011,GENERAL,2011-10-23,PRESIDENTE Y VICE,21,Santa Fe,Las Colonias,San Carlos Centro,0044,Alianza Frente Amplio Progresista,agrupacion,3289,2011_GENERAL_DIST21_santafe_presidente.xlsx
2011,GENERAL,2011-10-23,PRESIDENTE Y VICE,21,Santa Fe,Las Colonias,San Carlos Centro,0044,Alianza Frente para la Victoria,agrupacion,2536,2011_GENERAL_DIST21_santafe_presidente.xlsx
2011,GENERAL,2011-10-23,PRESIDENTE Y VICE,21,Santa Fe,Las Colonias,San Carlos Centro,0044,Alianza Unión para el Desarrollo Social,agrupacion,411,2011_GENERAL_DIST21_santafe_presidente.xlsx
2011,GENERAL,2011-10-23,PRESIDENTE Y VICE,21,Santa Fe,Las Colonias,San Carlos Centro,0044,Alianza Frente Popular,agrupacion,357,2011_GENERAL_DIST21_santafe_presidente.xlsx
2011,GENERAL,2011-10-23,PRESIDENTE Y VICE,21,Santa Fe,Las Colonias,San Carlos Centro,0044,Alianza Compromiso Federal,agrupacion,276,2011_GENERAL_DIST21_santafe_presidente.xlsx
2011,GENERAL,2011-10-23,PRESIDENTE Y VICE,21,Santa Fe,Las Colonias,San Carlos Centro,0044,Coalición Cívica - Afirmación para una República Igualitaria ARI,agrupacion,121,2011_GENERAL_DIST21_santafe_presidente.xlsx
2011,GENERAL,2011-10-23,PRESIDENTE Y VICE,21,Santa Fe,Las Colonias,San Carlos Centro,0044,Alianza Frente de Izquierda y de los Trabajadores,agrupacion,112,2011_GENERAL_DIST21_santafe_presidente.xlsx
2011,GENERAL,2011-10-23,PRESIDENTE Y VICE,21,Santa Fe,Las Colonias,San Carlos Sud,0043,Alianza Frente Amplio Progresista,agrupacion,441,2011_GENERAL_DIST21_santafe_presidente.xlsx
2011,GENERAL,2011-10-23,PRESIDENTE Y VICE,21,Santa Fe,Las Colonias,San Carlos Sud,0043,Alianza Frente para la Victoria,agrupacion,402,2011_GENERAL_DIST21_santafe_presidente.xlsx
2011,GENERAL,2011-10-23,PRESIDENTE Y VICE,21,Santa Fe,Las Colonias,San Carlos Sud,0043,Alianza Unión para el Desarrollo Social,agrupacion,65,2011_GENERAL_DIST21_santafe_presidente.xlsx
2011,GENERAL,2011-10-23,PRESIDENTE Y VICE,21,Santa Fe,Las Colonias,San Carlos Sud,0043,Alianza Compromiso Federal,agrupacion,45,2011_GENERAL_DIST21_santafe_presidente.xlsx
2011,GENERAL,2011-10-23,PRESIDENTE Y VICE,21,Santa Fe,Las Colonias,San Carlos Sud,0043,Alianza Frente Popular,agrupacion,38,2011_GENERAL_DIST21_santafe_presidente.xlsx
2011,GENERAL,2011-10-23,PRESIDENTE Y VICE,21,Santa Fe,Las Colonias,San Carlos Sud,0043,Alianza Frente de Izquierda y de los Trabajadores,agrupacion,28,2011_GENERAL_DIST21_santafe_presidente.xlsx
2011,GENERAL,2011-10-23,PRESIDENTE Y VICE,21,Santa Fe,Las Colonias,San Carlos Sud,0043,Coalición Cívica - Afirmación para una República Igualitaria ARI,agrupacion,8,2011_GENERAL_DIST21_santafe_presidente.xlsx
2011,GENERAL,2011-10-23,PRESIDENTE Y VICE,21,Santa Fe,Las Colonias,San Jerónimo Norte,0052,Alianza Frente Amplio Progresista,agrupacion,2023,2011_GENERAL_DIST21_santafe_presidente.xlsx
2011,GENERAL,2011-10-23,PRESIDENTE Y VICE,21,Santa Fe,Las Colonias,San Jerónimo Norte,0052,Alianza Frente para la Victoria,agrupacion,1027,2011_GENERAL_DIST21_santafe_presidente.xlsx
2011,GENERAL,2011-10-23,PRESIDENTE Y VICE,21,Santa Fe,Las Colonias,San Jerónimo Norte,0052,Alianza Unión para el Desarrollo Social,agrupacion,388,2011_GENERAL_DIST21_santafe_presidente.xlsx
2011,GENERAL,2011-10-23,PRESIDENTE Y VICE,21,Santa Fe,Las Colonias,San Jerónimo Norte,0052,Alianza Frente Popular,agrupacion,300,2011_GENERAL_DIST21_santafe_presidente.xlsx
2011,GENERAL,2011-10-23,PRESIDENTE Y VICE,21,Santa Fe,Las Colonias,San Jerónimo Norte,0052,Alianza Compromiso Federal,agrupacion,220,2011_GENERAL_DIST21_santafe_presidente.xlsx
2011,GENERAL,2011-10-23,PRESIDENTE Y VICE,21,Santa Fe,Las Colonias,San Jerónimo Norte,0052,Coalición Cívica - Afirmación para una República Igualitaria ARI,agrupacion,88,2011_GENERAL_DIST21_santafe_presidente.xlsx
2011,GENERAL,2011-10-23,PRESIDENTE Y VICE,21,Santa Fe,Las Colonias,San Jerónimo Norte,0052,Alianza Frente de Izquierda y de los Trabajadores,agrupacion,61,2011_GENERAL_DIST21_santafe_presidente.xlsx
2011,GENERAL,2011-10-23,PRESIDENTE Y VICE,21,Santa Fe,Las Colonias,Santa Clara de Buena Vista,0046,Alianza Frente Amplio Progresista,agrupacion,753,2011_GENERAL_DIST21_santafe_presidente.xlsx
2011,GENERAL,2011-10-23,PRESIDENTE Y VICE,21,Santa Fe,Las Colonias,Santa Clara de Buena Vista,0046,Alianza Frente para la Victoria,agrupacion,563,2011_GENERAL_DIST21_santafe_presidente.xlsx
2011,GENERAL,2011-10-23,PRESIDENTE Y VICE,21,Santa Fe,Las Colonias,Santa Clara de Buena Vista,0046,Alianza Frente Popular,agrupacion,108,2011_GENERAL_DIST21_santafe_presidente.xlsx
2011,GENERAL,2011-10-23,PRESIDENTE Y VICE,21,Santa Fe,Las Colonias,Santa Clara de Buena Vista,0046,Alianza Compromiso Federal,agrupacion,94,2011_GENERAL_DIST21_santafe_presidente.xlsx
2011,GENERAL,2011-10-23,PRESIDENTE Y VICE,21,Santa Fe,Las Colonias,Santa Clara de Buena Vista,0046,Alianza Unión para el Desarrollo Social,agrupacion,75,2011_GENERAL_DIST21_santafe_presidente.xlsx
2011,GENERAL,2011-10-23,PRESIDENTE Y VICE,21,Santa Fe,Las Colonias,Santa Clara de Buena Vista,0046,Alianza Frente de Izquierda y de los Trabajadores,agrupacion,36,2011_GENERAL_DIST21_santafe_presidente.xlsx
2011,GENERAL,2011-10-23,PRESIDENTE Y VICE,21,Santa Fe,Las Colonias,Santa Clara de Buena Vista,0046,Coalición Cívica - Afirmación para una República Igualitaria ARI,agrupacion,34,2011_GENERAL_DIST21_santafe_presidente.xlsx
2011,GENERAL,2011-10-23,PRESIDENTE Y VICE,21,Santa Fe,San Martín,Carlos Pellegrini,0160,Alianza Frente Amplio Progresista,agrupacion,1471,2011_GENERAL_DIST21_santafe_presidente.xlsx
2011,GENERAL,2011-10-23,PRESIDENTE Y VICE,21,Santa Fe,San Martín,Carlos Pellegrini,0160,Alianza Frente para la Victoria,agrupacion,904,2011_GENERAL_DIST21_santafe_presidente.xlsx
2011,GENERAL,2011-10-23,PRESIDENTE Y VICE,21,Santa Fe,San Martín,Carlos Pellegrini,0160,Alianza Frente Popular,agrupacion,287,2011_GENERAL_DIST21_santafe_presidente.xlsx
2011,GENERAL,2011-10-23,PRESIDENTE Y VICE,21,Santa Fe,San Martín,Carlos Pellegrini,0160,Alianza Unión para el Desarrollo Social,agrupacion,201,2011_GENERAL_DIST21_santafe_presidente.xlsx
2011,GENERAL,2011-10-23,PRESIDENTE Y VICE,21,Santa Fe,San Martín,Carlos Pellegrini,0160,Alianza Compromiso Federal,agrupacion,170,2011_GENERAL_DIST21_santafe_presidente.xlsx
2011,GENERAL,2011-10-23,PRESIDENTE Y VICE,21,Santa Fe,San Martín,Carlos Pellegrini,0160,Coalición Cívica - Afirmación para una República Igualitaria ARI,agrupacion,71,2011_GENERAL_DIST21_santafe_presidente.xlsx
2011,GENERAL,2011-10-23,PRESIDENTE Y VICE,21,Santa Fe,San Martín,Carlos Pellegrini,0160,Alianza Frente de Izquierda y de los Trabajadores,agrupacion,60,2011_GENERAL_DIST21_santafe_presidente.xlsx
2011,GENERAL,2011-10-23,PRESIDENTE Y VICE,21,Santa Fe,San Martín,Cañada Rosquín,0161,Alianza Frente Amplio Progresista,agrupacion,1166,2011_GENERAL_DIST21_santafe_presidente.xlsx
2011,GENERAL,2011-10-23,PRESIDENTE Y VICE,21,Santa Fe,San Martín,Cañada Rosquín,0161,Alianza Frente para la Victoria,agrupacion,1153,2011_GENERAL_DIST21_santafe_presidente.xlsx
2011,GENERAL,2011-10-23,PRESIDENTE Y VICE,21,Santa Fe,San Martín,Cañada Rosquín,0161,Alianza Compromiso Federal,agrupacion,247,2011_GENERAL_DIST21_santafe_presidente.xlsx
2011,GENERAL,2011-10-23,PRESIDENTE Y VICE,21,Santa Fe,San Martín,Cañada Rosquín,0161,Alianza Unión para el Desarrollo Social,agrupacion,232,2011_GENERAL_DIST21_santafe_presidente.xlsx
2011,GENERAL,2011-10-23,PRESIDENTE Y VICE,21,Santa Fe,San Martín,Cañada Rosquín,0161,Alianza Frente Popular,agrupacion,215,2011_GENERAL_DIST21_santafe_presidente.xlsx
2011,GENERAL,2011-10-23,PRESIDENTE Y VICE,21,Santa Fe,San Martín,Cañada Rosquín,0161,Alianza Frente de Izquierda y de los Trabajadores,agrupacion,70,2011_GENERAL_DIST21_santafe_presidente.xlsx
2011,GENERAL,2011-10-23,PRESIDENTE Y VICE,21,Santa Fe,San Martín,Cañada Rosquín,0161,Coalición Cívica - Afirmación para una República Igualitaria ARI,agrupacion,57,2011_GENERAL_DIST21_santafe_presidente.xlsx
2011,GENERAL,2011-10-23,PRESIDENTE Y VICE,21,Santa Fe,San Martín,El Trébol,0165,Alianza Frente para la Victoria,agrupacion,2803,2011_GENERAL_DIST21_santafe_presidente.xlsx
2011,GENERAL,2011-10-23,PRESIDENTE Y VICE,21,Santa Fe,San Martín,El Trébol,0165,Alianza Frente Amplio Progresista,agrupacion,2528,2011_GENERAL_DIST21_santafe_presidente.xlsx
2011,GENERAL,2011-10-23,PRESIDENTE Y VICE,21,Santa Fe,San Martín,El Trébol,0165,Alianza Unión para el Desarrollo Social,agrupacion,534,2011_GENERAL_DIST21_santafe_presidente.xlsx
2011,GENERAL,2011-10-23,PRESIDENTE Y VICE,21,Santa Fe,San Martín,El Trébol,0165,Alianza Compromiso Federal,agrupacion,411,2011_GENERAL_DIST21_santafe_presidente.xlsx
2011,GENERAL,2011-10-23,PRESIDENTE Y VICE,21,Santa Fe,San Martín,El Trébol,0165,Alianza Frente Popular,agrupacion,349,2011_GENERAL_DIST21_santafe_presidente.xlsx
2011,GENERAL,2011-10-23,PRESIDENTE Y VICE,21,Santa Fe,San Martín,El Trébol,0165,Coalición Cívica - Afirmación para una República Igualitaria ARI,agrupacion,114,2011_GENERAL_DIST21_santafe_presidente.xlsx
2011,GENERAL,2011-10-23,PRESIDENTE Y VICE,21,Santa Fe,San Martín,El Trébol,0165,Alianza Frente de Izquierda y de los Trabajadores,agrupacion,104,2011_GENERAL_DIST21_santafe_presidente.xlsx
2011,GENERAL,2011-10-23,PRESIDENTE Y VICE,21,Santa Fe,San Martín,María Susana,0166,Alianza Frente Amplio Progresista,agrupacion,1040,2011_GENERAL_DIST21_santafe_presidente.xlsx
2011,GENERAL,2011-10-23,PRESIDENTE Y VICE,21,Santa Fe,San Martín,María Susana,0166,Alianza Frente para la Victoria,agrupacion,561,2011_GENERAL_DIST21_santafe_presidente.xlsx
2011,GENERAL,2011-10-23,PRESIDENTE Y VICE,21,Santa Fe,San Martín,María Susana,0166,Alianza Frente Popular,agrupacion,181,2011_GENERAL_DIST21_santafe_presidente.xlsx
2011,GENERAL,2011-10-23,PRESIDENTE Y VICE,21,Santa Fe,San Martín,María Susana,0166,Alianza Unión para el Desarrollo Social,agrupacion,162,2011_GENERAL_DIST21_santafe_presidente.xlsx
2011,GENERAL,2011-10-23,PRESIDENTE Y VICE,21,Santa Fe,San Martín,María Susana,0166,Alianza Compromiso Federal,agrupacion,158,2011_GENERAL_DIST21_santafe_presidente.xlsx
2011,GENERAL,2011-10-23,PRESIDENTE Y VICE,21,Santa Fe,San Martín,María Susana,0166,Coalición Cívica - Afirmación para una República Igualitaria ARI,agrupacion,36,2011_GENERAL_DIST21_santafe_presidente.xlsx
2011,GENERAL,2011-10-23,PRESIDENTE Y VICE,21,Santa Fe,San Martín,María Susana,0166,Alianza Frente de Izquierda y de los Trabajadores,agrupacion,27,2011_GENERAL_DIST21_santafe_presidente.xlsx
2011,GENERAL,2011-10-23,PRESIDENTE Y VICE,21,Santa Fe,San Martín,Piamonte,0164,Alianza Frente Amplio Progresista,agrupacion,892,2011_GENERAL_DIST21_santafe_presidente.xlsx
2011,GENERAL,2011-10-23,PRESIDENTE Y VICE,21,Santa Fe,San Martín,Piamonte,0164,Alianza Frente para la Victoria,agrupacion,651,2011_GENERAL_DIST21_santafe_presidente.xlsx
2011,GENERAL,2011-10-23,PRESIDENTE Y VICE,21,Santa Fe,San Martín,Piamonte,0164,Alianza Frente Popular,agrupacion,184,2011_GENERAL_DIST21_santafe_presidente.xlsx
2011,GENERAL,2011-10-23,PRESIDENTE Y VICE,21,Santa Fe,San Martín,Piamonte,0164,Alianza Unión para el Desarrollo Social,agrupacion,177,2011_GENERAL_DIST21_santafe_presidente.xlsx
2011,GENERAL,2011-10-23,PRESIDENTE Y VICE,21,Santa Fe,San Martín,Piamonte,0164,Alianza Compromiso Federal,agrupacion,91,2011_GENERAL_DIST21_santafe_presidente.xlsx
2011,GENERAL,2011-10-23,PRESIDENTE Y VICE,21,Santa Fe,San Martín,Piamonte,0164,Coalición Cívica - Afirmación para una República Igualitaria ARI,agrupacion,34,2011_GENERAL_DIST21_santafe_presidente.xlsx
2011,GENERAL,2011-10-23,PRESIDENTE Y VICE,21,Santa Fe,San Martín,Piamonte,0164,Alianza Frente de Izquierda y de los Trabajadores,agrupacion,22,2011_GENERAL_DIST21_santafe_presidente.xlsx
2011,GENERAL,2011-10-23,PRESIDENTE Y VICE,21,Santa Fe,San Martín,San Jorge,0158,Alianza Frente para la Victoria,agrupacion,4360,2011_GENERAL_DIST21_santafe_presidente.xlsx
2011,GENERAL,2011-10-23,PRESIDENTE Y VICE,21,Santa Fe,San Martín,San Jorge,0158,Alianza Frente Amplio Progresista,agrupacion,4280,2011_GENERAL_DIST21_santafe_presidente.xlsx
2011,GENERAL,2011-10-23,PRESIDENTE Y VICE,21,Santa Fe,San Martín,San Jorge,0158,Alianza Unión para el Desarrollo Social,agrupacion,733,2011_GENERAL_DIST21_santafe_presidente.xlsx
2011,GENERAL,2011-10-23,PRESIDENTE Y VICE,21,Santa Fe,San Martín,San Jorge,0158,Alianza Compromiso Federal,agrupacion,577,2011_GENERAL_DIST21_santafe_presidente.xlsx
2011,GENERAL,2011-10-23,PRESIDENTE Y VICE,21,Santa Fe,San Martín,San Jorge,0158,Alianza Frente Popular,agrupacion,538,2011_GENERAL_DIST21_santafe_presidente.xlsx
2011,GENERAL,2011-10-23,PRESIDENTE Y VICE,21,Santa Fe,San Martín,San Jorge,0158,Alianza Frente de Izquierda y de los Trabajadores,agrupacion,192,2011_GENERAL_DIST21_santafe_presidente.xlsx
2011,GENERAL,2011-10-23,PRESIDENTE Y VICE,21,Santa Fe,San Martín,San Jorge,0158,Coalición Cívica - Afirmación para una República Igualitaria ARI,agrupacion,145,2011_GENERAL_DIST21_santafe_presidente.xlsx
2011,GENERAL,2011-10-23,PRESIDENTE Y VICE,21,Santa Fe,San Martín,San Martín de las Escobas,0156,Alianza Frente Amplio Progresista,agrupacion,671,2011_GENERAL_DIST21_santafe_presidente.xlsx
2011,GENERAL,2011-10-23,PRESIDENTE Y VICE,21,Santa Fe,San Martín,San Martín de las Escobas,0156,Alianza Frente para la Victoria,agrupacion,444,2011_GENERAL_DIST21_santafe_presidente.xlsx
2011,GENERAL,2011-10-23,PRESIDENTE Y VICE,21,Santa Fe,San Martín,San Martín de las Escobas,0156,Alianza Compromiso Federal,agrupacion,136,2011_GENERAL_DIST21_santafe_presidente.xlsx
2011,GENERAL,2011-10-23,PRESIDENTE Y VICE,21,Santa Fe,San Martín,San Martín de las Escobas,0156,Alianza Frente Popular,agrupacion,133,2011_GENERAL_DIST21_santafe_presidente.xlsx
2011,GENERAL,2011-10-23,PRESIDENTE Y VICE,21,Santa Fe,San Martín,San Martín de las Escobas,0156,Alianza Unión para el Desarrollo Social,agrupacion,117,2011_GENERAL_DIST21_santafe_presidente.xlsx
2011,GENERAL,2011-10-23,PRESIDENTE Y VICE,21,Santa Fe,San Martín,San Martín de las Escobas,0156,Coalición Cívica - Afirmación para una República Igualitaria ARI,agrupacion,32,2011_GENERAL_DIST21_santafe_presidente.xlsx
2011,GENERAL,2011-10-23,PRESIDENTE Y VICE,21,Santa Fe,San Martín,San Martín de las Escobas,0156,Alianza Frente de Izquierda y de los Trabajadores,agrupacion,19,2011_GENERAL_DIST21_santafe_presidente.xlsx
2011,GENERAL,2011-10-23,PRESIDENTE Y VICE,21,Santa Fe,San Martín,Sastre y Ortiz,0155,Alianza Frente para la Victoria,agrupacion,1432,2011_GENERAL_DIST21_santafe_presidente.xlsx
2011,GENERAL,2011-10-23,PRESIDENTE Y VICE,21,Santa Fe,San Martín,Sastre y Ortiz,0155,Alianza Frente Amplio Progresista,agrupacion,1205,2011_GENERAL_DIST21_santafe_presidente.xlsx
2011,GENERAL,2011-10-23,PRESIDENTE Y VICE,21,Santa Fe,San Martín,Sastre y Ortiz,0155,Alianza Unión para el Desarrollo Social,agrupacion,306,2011_GENERAL_DIST21_santafe_presidente.xlsx
2011,GENERAL,2011-10-23,PRESIDENTE Y VICE,21,Santa Fe,San Martín,Sastre y Ortiz,0155,Alianza Compromiso Federal,agrupacion,212,2011_GENERAL_DIST21_santafe_presidente.xlsx
2011,GENERAL,2011-10-23,PRESIDENTE Y VICE,21,Santa Fe,San Martín,Sastre y Ortiz,0155,Alianza Frente Popular,agrupacion,174,2011_GENERAL_DIST21_santafe_presidente.xlsx
2011,GENERAL,2011-10-23,PRESIDENTE Y VICE,21,Santa Fe,San Martín,Sastre y Ortiz,0155,Alianza Frente de Izquierda y de los Trabajadores,agrupacion,104,2011_GENERAL_DIST21_santafe_presidente.xlsx
2011,GENERAL,2011-10-23,PRESIDENTE Y VICE,21,Santa Fe,San Martín,Sastre y Ortiz,0155,Coalición Cívica - Afirmación para una República Igualitaria ARI,agrupacion,57,2011_GENERAL_DIST21_santafe_presidente.xlsx
2011,GENERAL,2011-10-23,PRESIDENTE Y VICE,21,Santa Fe,Castellanos,Ataliva,0121,EN BLANCO,blancos,25,2011_GENERAL_DIST21_santafe_presidente.xlsx
2011,GENERAL,2011-10-23,PRESIDENTE Y VICE,21,Santa Fe,Castellanos,Ataliva,0121,NULO,nulos,4,2011_GENERAL_DIST21_santafe_presidente.xlsx
2011,GENERAL,2011-10-23,PRESIDENTE Y VICE,21,Santa Fe,Castellanos,Ataliva,0121,IMPUGNADO,impugnados,0,2011_GENERAL_DIST21_santafe_presidente.xlsx
2011,GENERAL,2011-10-23,PRESIDENTE Y VICE,21,Santa Fe,Castellanos,Ataliva,0121,RECURRIDO,recurridos,0,2011_GENERAL_DIST21_santafe_presidente.xlsx
2011,GENERAL,2011-10-23,PRESIDENTE Y VICE,21,Santa Fe,Castellanos,Ataliva,0121,POSITIVO,positivo,997,2011_GENERAL_DIST21_santafe_presidente.xlsx
2011,GENERAL,2011-10-23,PRESIDENTE Y VICE,21,Santa Fe,Castellanos,Colonia Aldao,0120,EN BLANCO,blancos,16,2011_GENERAL_DIST21_santafe_presidente.xlsx
2011,GENERAL,2011-10-23,PRESIDENTE Y VICE,21,Santa Fe,Castellanos,Colonia Aldao,0120,NULO,nulos,2,2011_GENERAL_DIST21_santafe_presidente.xlsx
2011,GENERAL,2011-10-23,PRESIDENTE Y VICE,21,Santa Fe,Castellanos,Colonia Aldao,0120,IMPUGNADO,impugnados,0,2011_GENERAL_DIST21_santafe_presidente.xlsx
2011,GENERAL,2011-10-23,PRESIDENTE Y VICE,21,Santa Fe,Castellanos,Colonia Aldao,0120,RECURRIDO,recurridos,0,2011_GENERAL_DIST21_santafe_presidente.xlsx
2011,GENERAL,2011-10-23,PRESIDENTE Y VICE,21,Santa Fe,Castellanos,Colonia Aldao,0120,POSITIVO,positivo,906,2011_GENERAL_DIST21_santafe_presidente.xlsx
2011,GENERAL,2011-10-23,PRESIDENTE Y VICE,21,Santa Fe,Castellanos,Frontera,0134A,EN BLANCO,blancos,25,2011_GENERAL_DIST21_santafe_presidente.xlsx
2011,GENERAL,2011-10-23,PRESIDENTE Y VICE,21,Santa Fe,Castellanos,Frontera,0134A,NULO,nulos,86,2011_GENERAL_DIST21_santafe_presidente.xlsx
2011,GENERAL,2011-10-23,PRESIDENTE Y VICE,21,Santa Fe,Castellanos,Frontera,0134A,IMPUGNADO,impugnados,0,2011_GENERAL_DIST21_santafe_presidente.xlsx
2011,GENERAL,2011-10-23,PRESIDENTE Y VICE,21,Santa Fe,Castellanos,Frontera,0134A,RECURRIDO,recurridos,0,2011_GENERAL_DIST21_santafe_presidente.xlsx
2011,GENERAL,2011-10-23,PRESIDENTE Y VICE,21,Santa Fe,Castellanos,Frontera,0134A,POSITIVO,positivo,4599,2011_GENERAL_DIST21_santafe_presidente.xlsx
2011,GENERAL,2011-10-23,PRESIDENTE Y VICE,21,Santa Fe,Castellanos,Humberto Primo,0117,EN BLANCO,blancos,50,2011_GENERAL_DIST21_santafe_presidente.xlsx
2011,GENERAL,2011-10-23,PRESIDENTE Y VICE,21,Santa Fe,Castellanos,Humberto Primo,0117,NULO,nulos,5,2011_GENERAL_DIST21_santafe_presidente.xlsx
2011,GENERAL,2011-10-23,PRESIDENTE Y VICE,21,Santa Fe,Castellanos,Humberto Primo,0117,IMPUGNADO,impugnados,0,2011_GENERAL_DIST21_santafe_presidente.xlsx
2011,GENERAL,2011-10-23,PRESIDENTE Y VICE,21,Santa Fe,Castellanos,Humberto Primo,0117,RECURRIDO,recurridos,0,2011_GENERAL_DIST21_santafe_presidente.xlsx
2011,GENERAL,2011-10-23,PRESIDENTE Y VICE,21,Santa Fe,Castellanos,Humberto Primo,0117,POSITIVO,positivo,2835,2011_GENERAL_DIST21_santafe_presidente.xlsx
2011,GENERAL,2011-10-23,PRESIDENTE Y VICE,21,Santa Fe,Castellanos,Josefina,0134,EN BLANCO,blancos,19,2011_GENERAL_DIST21_santafe_presidente.xlsx
2011,GENERAL,2011-10-23,PRESIDENTE Y VICE,21,Santa Fe,Castellanos,Josefina,0134,NULO,nulos,5,2011_GENERAL_DIST21_santafe_presidente.xlsx
2011,GENERAL,2011-10-23,PRESIDENTE Y VICE,21,Santa Fe,Castellanos,Josefina,0134,IMPUGNADO,impugnados,0,2011_GENERAL_DIST21_santafe_presidente.xlsx
2011,GENERAL,2011-10-23,PRESIDENTE Y VICE,21,Santa Fe,Castellanos,Josefina,0134,RECURRIDO,recurridos,0,2011_GENERAL_DIST21_santafe_presidente.xlsx
2011,GENERAL,2011-10-23,PRESIDENTE Y VICE,21,Santa Fe,Castellanos,Josefina,0134,POSITIVO,positivo,782,2011_GENERAL_DIST21_santafe_presidente.xlsx
2011,GENERAL,2011-10-23,PRESIDENTE Y VICE,21,Santa Fe,Castellanos,Lehmann,0123,EN BLANCO,blancos,12,2011_GENERAL_DIST21_santafe_presidente.xlsx
2011,GENERAL,2011-10-23,PRESIDENTE Y VICE,21,Santa Fe,Castellanos,Lehmann,0123,NULO,nulos,22,2011_GENERAL_DIST21_santafe_presidente.xlsx
2011,GENERAL,2011-10-23,PRESIDENTE Y VICE,21,Santa Fe,Castellanos,Lehmann,0123,IMPUGNADO,impugnados,0,2011_GENERAL_DIST21_santafe_presidente.xlsx
2011,GENERAL,2011-10-23,PRESIDENTE Y VICE,21,Santa Fe,Castellanos,Lehmann,0123,RECURRIDO,recurridos,0,2011_GENERAL_DIST21_santafe_presidente.xlsx
2011,GENERAL,2011-10-23,PRESIDENTE Y VICE,21,Santa Fe,Castellanos,Lehmann,0123,POSITIVO,positivo,1678,2011_GENERAL_DIST21_santafe_presidente.xlsx
2011,GENERAL,2011-10-23,PRESIDENTE Y VICE,21,Santa Fe,Castellanos,María Juana,0140,EN BLANCO,blancos,27,2011_GENERAL_DIST21_santafe_presidente.xlsx
2011,GENERAL,2011-10-23,PRESIDENTE Y VICE,21,Santa Fe,Castellanos,María Juana,0140,NULO,nulos,50,2011_GENERAL_DIST21_santafe_presidente.xlsx
2011,GENERAL,2011-10-23,PRESIDENTE Y VICE,21,Santa Fe,Castellanos,María Juana,0140,IMPUGNADO,impugnados,0,2011_GENERAL_DIST21_santafe_presidente.xlsx
2011,GENERAL,2011-10-23,PRESIDENTE Y VICE,21,Santa Fe,Castellanos,María Juana,0140,RECURRIDO,recurridos,0,2011_GENERAL_DIST21_santafe_presidente.xlsx
2011,GENERAL,2011-10-23,PRESIDENTE Y VICE,21,Santa Fe,Castellanos,María Juana,0140,POSITIVO,positivo,3056,2011_GENERAL_DIST21_santafe_presidente.xlsx
2011,GENERAL,2011-10-23,PRESIDENTE Y VICE,21,Santa Fe,Castellanos,Ramona,0124,EN BLANCO,blancos,16,2011_GENERAL_DIST21_santafe_presidente.xlsx
2011,GENERAL,2011-10-23,PRESIDENTE Y VICE,21,Santa Fe,Castellanos,Ramona,0124,NULO,nulos,16,2011_GENERAL_DIST21_santafe_presidente.xlsx
2011,GENERAL,2011-10-23,PRESIDENTE Y VICE,21,Santa Fe,Castellanos,Ramona,0124,IMPUGNADO,impugnados,0,2011_GENERAL_DIST21_santafe_presidente.xlsx
2011,GENERAL,2011-10-23,PRESIDENTE Y VICE,21,Santa Fe,Castellanos,Ramona,0124,RECURRIDO,recurridos,0,2011_GENERAL_DIST21_santafe_presidente.xlsx
2011,GENERAL,2011-10-23,PRESIDENTE Y VICE,21,Santa Fe,Castellanos,Ramona,0124,POSITIVO,positivo,1166,2011_GENERAL_DIST21_santafe_presidente.xlsx
2011,GENERAL,2011-10-23,PRESIDENTE Y VICE,21,Santa Fe,Castellanos,San Vicente,0142,EN BLANCO,blancos,69,2011_GENERAL_DIST21_santafe_presidente.xlsx
2011,GENERAL,2011-10-23,PRESIDENTE Y VICE,21,Santa Fe,Castellanos,San Vicente,0142,NULO,nulos,16,2011_GENERAL_DIST21_santafe_presidente.xlsx
2011,GENERAL,2011-10-23,PRESIDENTE Y VICE,21,Santa Fe,Castellanos,San Vicente,0142,IMPUGNADO,impugnados,0,2011_GENERAL_DIST21_santafe_presidente.xlsx
2011,GENERAL,2011-10-23,PRESIDENTE Y VICE,21,Santa Fe,Castellanos,San Vicente,0142,RECURRIDO,recurridos,0,2011_GENERAL_DIST21_santafe_presidente.xlsx
2011,GENERAL,2011-10-23,PRESIDENTE Y VICE,21,Santa Fe,Castellanos,San Vicente,0142,POSITIVO,positivo,3857,2011_GENERAL_DIST21_santafe_presidente.xlsx
2011,GENERAL,2011-10-23,PRESIDENTE Y VICE,21,Santa Fe,Castellanos,Santa Clara de Saguier,0130,EN BLANCO,blancos,24,2011_GENERAL_DIST21_santafe_presidente.xlsx
2011,GENERAL,2011-10-23,PRESIDENTE Y VICE,21,Santa Fe,Castellanos,Santa Clara de Saguier,0130,NULO,nulos,3,2011_GENERAL_DIST21_santafe_presidente.xlsx
2011,GENERAL,2011-10-23,PRESIDENTE Y VICE,21,Santa Fe,Castellanos,Santa Clara de Saguier,0130,IMPUGNADO,impugnados,0,2011_GENERAL_DIST21_santafe_presidente.xlsx
2011,GENERAL,2011-10-23,PRESIDENTE Y VICE,21,Santa Fe,Castellanos,Santa Clara de Saguier,0130,RECURRIDO,recurridos,0,2011_GENERAL_DIST21_santafe_presidente.xlsx
2011,GENERAL,2011-10-23,PRESIDENTE Y VICE,21,Santa Fe,Castellanos,Santa Clara de Saguier,0130,POSITIVO,positivo,1311,2011_GENERAL_DIST21_santafe_presidente.xlsx
2011,GENERAL,2011-10-23,PRESIDENTE Y VICE,21,Santa Fe,Castellanos,Sunchales,0118,EN BLANCO,blancos,139,2011_GENERAL_DIST21_santafe_presidente.xlsx
2011,GENERAL,2011-10-23,PRESIDENTE Y VICE,21,Santa Fe,Castellanos,Sunchales,0118,NULO,nulos,109,2011_GENERAL_DIST21_santafe_presidente.xlsx
2011,GENERAL,2011-10-23,PRESIDENTE Y VICE,21,Santa Fe,Castellanos,Sunchales,0118,IMPUGNADO,impugnados,0,2011_GENERAL_DIST21_santafe_presidente.xlsx
2011,GENERAL,2011-10-23,PRESIDENTE Y VICE,21,Santa Fe,Castellanos,Sunchales,0118,RECURRIDO,recurridos,0,2011_GENERAL_DIST21_santafe_presidente.xlsx
2011,GENERAL,2011-10-23,PRESIDENTE Y VICE,21,Santa Fe,Castellanos,Sunchales,0118,POSITIVO,positivo,12292,2011_GENERAL_DIST21_santafe_presidente.xlsx
2011,GENERAL,2011-10-23,PRESIDENTE Y VICE,21,Santa Fe,Castellanos,Zenón Pereyra,0138,EN BLANCO,blancos,17,2011_GENERAL_DIST21_santafe_presidente.xlsx
2011,GENERAL,2011-10-23,PRESIDENTE Y VICE,21,Santa Fe,Castellanos,Zenón Pereyra,0138,NULO,nulos,7,2011_GENERAL_DIST21_santafe_presidente.xlsx
2011,GENERAL,2011-10-23,PRESIDENTE Y VICE,21,Santa Fe,Castellanos,Zenón Pereyra,0138,IMPUGNADO,impugnados,0,2011_GENERAL_DIST21_santafe_presidente.xlsx
2011,GENERAL,2011-10-23,PRESIDENTE Y VICE,21,Santa Fe,Castellanos,Zenón Pereyra,0138,RECURRIDO,recurridos,0,2011_GENERAL_DIST21_santafe_presidente.xlsx
2011,GENERAL,2011-10-23,PRESIDENTE Y VICE,21,Santa Fe,Castellanos,Zenón Pereyra,0138,POSITIVO,positivo,1114,2011_GENERAL_DIST21_santafe_presidente.xlsx
2011,GENERAL,2011-10-23,PRESIDENTE Y VICE,21,Santa Fe,Las Colonias,Esperanza,0055,EN BLANCO,blancos,298,2011_GENERAL_DIST21_santafe_presidente.xlsx
2011,GENERAL,2011-10-23,PRESIDENTE Y VICE,21,Santa Fe,Las Colonias,Esperanza,0055,NULO,nulos,340,2011_GENERAL_DIST21_santafe_presidente.xlsx
2011,GENERAL,2011-10-23,PRESIDENTE Y VICE,21,Santa Fe,Las Colonias,Esperanza,0055,IMPUGNADO,impugnados,1,2011_GENERAL_DIST21_santafe_presidente.xlsx
2011,GENERAL,2011-10-23,PRESIDENTE Y VICE,21,Santa Fe,Las Colonias,Esperanza,0055,RECURRIDO,recurridos,0,2011_GENERAL_DIST21_santafe_presidente.xlsx
2011,GENERAL,2011-10-23,PRESIDENTE Y VICE,21,Santa Fe,Las Colonias,Esperanza,0055,POSITIVO,positivo,22192,2011_GENERAL_DIST21_santafe_presidente.xlsx
2011,GENERAL,2011-10-23,PRESIDENTE Y VICE,21,Santa Fe,Las Colonias,Felicia,0060,EN BLANCO,blancos,22,2011_GENERAL_DIST21_santafe_presidente.xlsx
2011,GENERAL,2011-10-23,PRESIDENTE Y VICE,21,Santa Fe,Las Colonias,Felicia,0060,NULO,nulos,5,2011_GENERAL_DIST21_santafe_presidente.xlsx
2011,GENERAL,2011-10-23,PRESIDENTE Y VICE,21,Santa Fe,Las Colonias,Felicia,0060,IMPUGNADO,impugnados,0,2011_GENERAL_DIST21_santafe_presidente.xlsx
2011,GENERAL,2011-10-23,PRESIDENTE Y VICE,21,Santa Fe,Las Colonias,Felicia,0060,RECURRIDO,recurridos,0,2011_GENERAL_DIST21_santafe_presidente.xlsx
2011,GENERAL,2011-10-23,PRESIDENTE Y VICE,21,Santa Fe,Las Colonias,Felicia,0060,POSITIVO,positivo,1311,2011_GENERAL_DIST21_santafe_presidente.xlsx
2011,GENERAL,2011-10-23,PRESIDENTE Y VICE,21,Santa Fe,Las Colonias,Franck,0053,EN BLANCO,blancos,105,2011_GENERAL_DIST21_santafe_presidente.xlsx
2011,GENERAL,2011-10-23,PRESIDENTE Y VICE,21,Santa Fe,Las Colonias,Franck,0053,NULO,nulos,12,2011_GENERAL_DIST21_santafe_presidente.xlsx
2011,GENERAL,2011-10-23,PRESIDENTE Y VICE,21,Santa Fe,Las Colonias,Franck,0053,IMPUGNADO,impugnados,0,2011_GENERAL_DIST21_santafe_presidente.xlsx
2011,GENERAL,2011-10-23,PRESIDENTE Y VICE,21,Santa Fe,Las Colonias,Franck,0053,RECURRIDO,recurridos,0,2011_GENERAL_DIST21_santafe_presidente.xlsx
2011,GENERAL,2011-10-23,PRESIDENTE Y VICE,21,Santa Fe,Las Colonias,Franck,0053,POSITIVO,positivo,3242,2011_GENERAL_DIST21_santafe_presidente.xlsx
2011,GENERAL,2011-10-23,PRESIDENTE Y VICE,21,Santa Fe,Las Colonias,Humboldt,0056,EN BLANCO,blancos,63,2011_GENERAL_DIST21_santafe_presidente.xlsx
2011,GENERAL,2011-10-23,PRESIDENTE Y VICE,21,Santa Fe,Las Colonias,Humboldt,0056,NULO,nulos,11,2011_GENERAL_DIST21_santafe_presidente.xlsx
2011,GENERAL,2011-10-23,PRESIDENTE Y VICE,21,Santa Fe,Las Colonias,Humboldt,0056,IMPUGNADO,impugnados,0,2011_GENERAL_DIST21_santafe_presidente.xlsx
2011,GENERAL,2011-10-23,PRESIDENTE Y VICE,21,Santa Fe,Las Colonias,Humboldt,0056,RECURRIDO,recurridos,0,2011_GENERAL_DIST21_santafe_presidente.xlsx
2011,GENERAL,2011-10-23,PRESIDENTE Y VICE,21,Santa Fe,Las Colonias,Humboldt,0056,POSITIVO,positivo,2857,2011_GENERAL_DIST21_santafe_presidente.xlsx
2011,GENERAL,2011-10-23,PRESIDENTE Y VICE,21,Santa Fe,Las Colonias,Pilar,0057,EN BLANCO,blancos,64,2011_GENERAL_DIST21_santafe_presidente.xlsx
2011,GENERAL,2011-10-23,PRESIDENTE Y VICE,21,Santa Fe,Las Colonias,Pilar,0057,NULO,nulos,6,2011_GENERAL_DIST21_santafe_presidente.xlsx
2011,GENERAL,2011-10-23,PRESIDENTE Y VICE,21,Santa Fe,Las Colonias,Pilar,0057,IMPUGNADO,impugnados,0,2011_GENERAL_DIST21_santafe_presidente.xlsx
2011,GENERAL,2011-10-23,PRESIDENTE Y VICE,21,Santa Fe,Las Colonias,Pilar,0057,RECURRIDO,recurridos,0,2011_GENERAL_DIST21_santafe_presidente.xlsx
2011,GENERAL,2011-10-23,PRESIDENTE Y VICE,21,Santa Fe,Las Colonias,Pilar,0057,POSITIVO,positivo,2632,2011_GENERAL_DIST21_santafe_presidente.xlsx
2011,GENERAL,2011-10-23,PRESIDENTE Y VICE,21,Santa Fe,Las Colonias,Progreso,0063,EN BLANCO,blancos,14,2011_GENERAL_DIST21_santafe_presidente.xlsx
2011,GENERAL,2011-10-23,PRESIDENTE Y VICE,21,Santa Fe,Las Colonias,Progreso,0063,NULO,nulos,8,2011_GENERAL_DIST21_santafe_presidente.xlsx
2011,GENERAL,2011-10-23,PRESIDENTE Y VICE,21,Santa Fe,Las Colonias,Progreso,0063,IMPUGNADO,impugnados,0,2011_GENERAL_DIST21_santafe_presidente.xlsx
2011,GENERAL,2011-10-23,PRESIDENTE Y VICE,21,Santa Fe,Las Colonias,Progreso,0063,RECURRIDO,recurridos,0,2011_GENERAL_DIST21_santafe_presidente.xlsx
2011,GENERAL,2011-10-23,PRESIDENTE Y VICE,21,Santa Fe,Las Colonias,Progreso,0063,POSITIVO,positivo,1330,2011_GENERAL_DIST21_santafe_presidente.xlsx
2011,GENERAL,2011-10-23,PRESIDENTE Y VICE,21,Santa Fe,Las Colonias,San Carlos Centro,0044,EN BLANCO,blancos,102,2011_GENERAL_DIST21_santafe_presidente.xlsx
2011,GENERAL,2011-10-23,PRESIDENTE Y VICE,21,Santa Fe,Las Colonias,San Carlos Centro,0044,NULO,nulos,40,2011_GENERAL_DIST21_santafe_presidente.xlsx
2011,GENERAL,2011-10-23,PRESIDENTE Y VICE,21,Santa Fe,Las Colonias,San Carlos Centro,0044,IMPUGNADO,impugnados,0,2011_GENERAL_DIST21_santafe_presidente.xlsx
2011,GENERAL,2011-10-23,PRESIDENTE Y VICE,21,Santa Fe,Las Colonias,San Carlos Centro,0044,RECURRIDO,recurridos,0,2011_GENERAL_DIST21_santafe_presidente.xlsx
2011,GENERAL,2011-10-23,PRESIDENTE Y VICE,21,Santa Fe,Las Colonias,San Carlos Centro,0044,POSITIVO,positivo,7102,2011_GENERAL_DIST21_santafe_presidente.xlsx
2011,GENERAL,2011-10-23,PRESIDENTE Y VICE,21,Santa Fe,Las Colonias,San Carlos Sud,0043,EN BLANCO,blancos,17,2011_GENERAL_DIST21_santafe_presidente.xlsx
2011,GENERAL,2011-10-23,PRESIDENTE Y VICE,21,Santa Fe,Las Colonias,San Carlos Sud,0043,NULO,nulos,0,2011_GENERAL_DIST21_santafe_presidente.xlsx
2011,GENERAL,2011-10-23,PRESIDENTE Y VICE,21,Santa Fe,Las Colonias,San Carlos Sud,0043,IMPUGNADO,impugnados,0,2011_GENERAL_DIST21_santafe_presidente.xlsx
2011,GENERAL,2011-10-23,PRESIDENTE Y VICE,21,Santa Fe,Las Colonias,San Carlos Sud,0043,RECURRIDO,recurridos,0,2011_GENERAL_DIST21_santafe_presidente.xlsx
2011,GENERAL,2011-10-23,PRESIDENTE Y VICE,21,Santa Fe,Las Colonias,San Carlos Sud,0043,POSITIVO,positivo,1027,2011_GENERAL_DIST21_santafe_presidente.xlsx
2011,GENERAL,2011-10-23,PRESIDENTE Y VICE,21,Santa Fe,Las Colonias,San Jerónimo Norte,0052,EN BLANCO,blancos,86,2011_GENERAL_DIST21_santafe_presidente.xlsx
2011,GENERAL,2011-10-23,PRESIDENTE Y VICE,21,Santa Fe,Las Colonias,San Jerónimo Norte,0052,NULO,nulos,17,2011_GENERAL_DIST21_santafe_presidente.xlsx
2011,GENERAL,2011-10-23,PRESIDENTE Y VICE,21,Santa Fe,Las Colonias,San Jerónimo Norte,0052,IMPUGNADO,impugnados,0,2011_GENERAL_DIST21_santafe_presidente.xlsx
2011,GENERAL,2011-10-23,PRESIDENTE Y VICE,21,Santa Fe,Las Colonias,San Jerónimo Norte,0052,RECURRIDO,recurridos,0,2011_GENERAL_DIST21_santafe_presidente.xlsx
2011,GENERAL,2011-10-23,PRESIDENTE Y VICE,21,Santa Fe,Las Colonias,San Jerónimo Norte,0052,POSITIVO,positivo,4107,2011_GENERAL_DIST21_santafe_presidente.xlsx
2011,GENERAL,2011-10-23,PRESIDENTE Y VICE,21,Santa Fe,Las Colonias,Santa Clara de Buena Vista,0046,EN BLANCO,blancos,16,2011_GENERAL_DIST21_santafe_presidente.xlsx
2011,GENERAL,2011-10-23,PRESIDENTE Y VICE,21,Santa Fe,Las Colonias,Santa Clara de Buena Vista,0046,NULO,nulos,20,2011_GENERAL_DIST21_santafe_presidente.xlsx
2011,GENERAL,2011-10-23,PRESIDENTE Y VICE,21,Santa Fe,Las Colonias,Santa Clara de Buena Vista,0046,IMPUGNADO,impugnados,0,2011_GENERAL_DIST21_santafe_presidente.xlsx
2011,GENERAL,2011-10-23,PRESIDENTE Y VICE,21,Santa Fe,Las Colonias,Santa Clara de Buena Vista,0046,RECURRIDO,recurridos,0,2011_GENERAL_DIST21_santafe_presidente.xlsx
2011,GENERAL,2011-10-23,PRESIDENTE Y VICE,21,Santa Fe,Las Colonias,Santa Clara de Buena Vista,0046,POSITIVO,positivo,1663,2011_GENERAL_DIST21_santafe_presidente.xlsx
2011,GENERAL,2011-10-23,PRESIDENTE Y VICE,21,Santa Fe,San Martín,Carlos Pellegrini,0160,EN BLANCO,blancos,48,2011_GENERAL_DIST21_santafe_presidente.xlsx
2011,GENERAL,2011-10-23,PRESIDENTE Y VICE,21,Santa Fe,San Martín,Carlos Pellegrini,0160,NULO,nulos,31,2011_GENERAL_DIST21_santafe_presidente.xlsx
2011,GENERAL,2011-10-23,PRESIDENTE Y VICE,21,Santa Fe,San Martín,Carlos Pellegrini,0160,IMPUGNADO,impugnados,0,2011_GENERAL_DIST21_santafe_presidente.xlsx
2011,GENERAL,2011-10-23,PRESIDENTE Y VICE,21,Santa Fe,San Martín,Carlos Pellegrini,0160,RECURRIDO,recurridos,0,2011_GENERAL_DIST21_santafe_presidente.xlsx
2011,GENERAL,2011-10-23,PRESIDENTE Y VICE,21,Santa Fe,San Martín,Carlos Pellegrini,0160,POSITIVO,positivo,3164,2011_GENERAL_DIST21_santafe_presidente.xlsx
2011,GENERAL,2011-10-23,PRESIDENTE Y VICE,21,Santa Fe,San Martín,Cañada Rosquín,0161,EN BLANCO,blancos,60,2011_GENERAL_DIST21_santafe_presidente.xlsx
2011,GENERAL,2011-10-23,PRESIDENTE Y VICE,21,Santa Fe,San Martín,Cañada Rosquín,0161,NULO,nulos,37,2011_GENERAL_DIST21_santafe_presidente.xlsx
2011,GENERAL,2011-10-23,PRESIDENTE Y VICE,21,Santa Fe,San Martín,Cañada Rosquín,0161,IMPUGNADO,impugnados,0,2011_GENERAL_DIST21_santafe_presidente.xlsx
2011,GENERAL,2011-10-23,PRESIDENTE Y VICE,21,Santa Fe,San Martín,Cañada Rosquín,0161,RECURRIDO,recurridos,0,2011_GENERAL_DIST21_santafe_presidente.xlsx
2011,GENERAL,2011-10-23,PRESIDENTE Y VICE,21,Santa Fe,San Martín,Cañada Rosquín,0161,POSITIVO,positivo,3140,2011_GENERAL_DIST21_santafe_presidente.xlsx
2011,GENERAL,2011-10-23,PRESIDENTE Y VICE,21,Santa Fe,San Martín,El Trébol,0165,EN BLANCO,blancos,138,2011_GENERAL_DIST21_santafe_presidente.xlsx
2011,GENERAL,2011-10-23,PRESIDENTE Y VICE,21,Santa Fe,San Martín,El Trébol,0165,NULO,nulos,48,2011_GENERAL_DIST21_santafe_presidente.xlsx
2011,GENERAL,2011-10-23,PRESIDENTE Y VICE,21,Santa Fe,San Martín,El Trébol,0165,IMPUGNADO,impugnados,0,2011_GENERAL_DIST21_santafe_presidente.xlsx
2011,GENERAL,2011-10-23,PRESIDENTE Y VICE,21,Santa Fe,San Martín,El Trébol,0165,RECURRIDO,recurridos,0,2011_GENERAL_DIST21_santafe_presidente.xlsx
2011,GENERAL,2011-10-23,PRESIDENTE Y VICE,21,Santa Fe,San Martín,El Trébol,0165,POSITIVO,positivo,6843,2011_GENERAL_DIST21_santafe_presidente.xlsx
2011,GENERAL,2011-10-23,PRESIDENTE Y VICE,21,Santa Fe,San Martín,María Susana,0166,EN BLANCO,blancos,33,2011_GENERAL_DIST21_santafe_presidente.xlsx
2011,GENERAL,2011-10-23,PRESIDENTE Y VICE,21,Santa Fe,San Martín,María Susana,0166,NULO,nulos,39,2011_GENERAL_DIST21_santafe_presidente.xlsx
2011,GENERAL,2011-10-23,PRESIDENTE Y VICE,21,Santa Fe,San Martín,María Susana,0166,IMPUGNADO,impugnados,3,2011_GENERAL_DIST21_santafe_presidente.xlsx
2011,GENERAL,2011-10-23,PRESIDENTE Y VICE,21,Santa Fe,San Martín,María Susana,0166,RECURRIDO,recurridos,0,2011_GENERAL_DIST21_santafe_presidente.xlsx
2011,GENERAL,2011-10-23,PRESIDENTE Y VICE,21,Santa Fe,San Martín,María Susana,0166,POSITIVO,positivo,2165,2011_GENERAL_DIST21_santafe_presidente.xlsx
2011,GENERAL,2011-10-23,PRESIDENTE Y VICE,21,Santa Fe,San Martín,Piamonte,0164,EN BLANCO,blancos,26,2011_GENERAL_DIST21_santafe_presidente.xlsx
2011,GENERAL,2011-10-23,PRESIDENTE Y VICE,21,Santa Fe,San Martín,Piamonte,0164,NULO,nulos,22,2011_GENERAL_DIST21_santafe_presidente.xlsx
2011,GENERAL,2011-10-23,PRESIDENTE Y VICE,21,Santa Fe,San Martín,Piamonte,0164,IMPUGNADO,impugnados,0,2011_GENERAL_DIST21_santafe_presidente.xlsx
2011,GENERAL,2011-10-23,PRESIDENTE Y VICE,21,Santa Fe,San Martín,Piamonte,0164,RECURRIDO,recurridos,0,2011_GENERAL_DIST21_santafe_presidente.xlsx
2011,GENERAL,2011-10-23,PRESIDENTE Y VICE,21,Santa Fe,San Martín,Piamonte,0164,POSITIVO,positivo,2051,2011_GENERAL_DIST21_santafe_presidente.xlsx
2011,GENERAL,2011-10-23,PRESIDENTE Y VICE,21,Santa Fe,San Martín,San Jorge,0158,EN BLANCO,blancos,143,2011_GENERAL_DIST21_santafe_presidente.xlsx
2011,GENERAL,2011-10-23,PRESIDENTE Y VICE,21,Santa Fe,San Martín,San Jorge,0158,NULO,nulos,135,2011_GENERAL_DIST21_santafe_presidente.xlsx
2011,GENERAL,2011-10-23,PRESIDENTE Y VICE,21,Santa Fe,San Martín,San Jorge,0158,IMPUGNADO,impugnados,0,2011_GENERAL_DIST21_santafe_presidente.xlsx
2011,GENERAL,2011-10-23,PRESIDENTE Y VICE,21,Santa Fe,San Martín,San Jorge,0158,RECURRIDO,recurridos,0,2011_GENERAL_DIST21_santafe_presidente.xlsx
2011,GENERAL,2011-10-23,PRESIDENTE Y VICE,21,Santa Fe,San Martín,San Jorge,0158,POSITIVO,positivo,10825,2011_GENERAL_DIST21_santafe_presidente.xlsx
2011,GENERAL,2011-10-23,PRESIDENTE Y VICE,21,Santa Fe,San Martín,San Martín de las Escobas,0156,EN BLANCO,blancos,27,2011_GENERAL_DIST21_santafe_presidente.xlsx
2011,GENERAL,2011-10-23,PRESIDENTE Y VICE,21,Santa Fe,San Martín,San Martín de las Escobas,0156,NULO,nulos,6,2011_GENERAL_DIST21_santafe_presidente.xlsx
2011,GENERAL,2011-10-23,PRESIDENTE Y VICE,21,Santa Fe,San Martín,San Martín de las Escobas,0156,IMPUGNADO,impugnados,0,2011_GENERAL_DIST21_santafe_presidente.xlsx
2011,GENERAL,2011-10-23,PRESIDENTE Y VICE,21,Santa Fe,San Martín,San Martín de las Escobas,0156,RECURRIDO,recurridos,0,2011_GENERAL_DIST21_santafe_presidente.xlsx
2011,GENERAL,2011-10-23,PRESIDENTE Y VICE,21,Santa Fe,San Martín,San Martín de las Escobas,0156,POSITIVO,positivo,1552,2011_GENERAL_DIST21_santafe_presidente.xlsx
2011,GENERAL,2011-10-23,PRESIDENTE Y VICE,21,Santa Fe,San Martín,Sastre y Ortiz,0155,EN BLANCO,blancos,28,2011_GENERAL_DIST21_santafe_presidente.xlsx
2011,GENERAL,2011-10-23,PRESIDENTE Y VICE,21,Santa Fe,San Martín,Sastre y Ortiz,0155,NULO,nulos,23,2011_GENERAL_DIST21_santafe_presidente.xlsx
2011,GENERAL,2011-10-23,PRESIDENTE Y VICE,21,Santa Fe,San Martín,Sastre y Ortiz,0155,IMPUGNADO,impugnados,0,2011_GENERAL_DIST21_santafe_presidente.xlsx
2011,GENERAL,2011-10-23,PRESIDENTE Y VICE,21,Santa Fe,San Martín,Sastre y Ortiz,0155,RECURRIDO,recurridos,0,2011_GENERAL_DIST21_santafe_presidente.xlsx
2011,GENERAL,2011-10-23,PRESIDENTE Y VICE,21,Santa Fe,San Martín,Sastre y Ortiz,0155,POSITIVO,positivo,3490,2011_GENERAL_DIST21_santafe_presidente.xlsx
2015,GENERAL,2015-10-25,PRESIDENTE Y VICE,21,Santa Fe,Castellanos,Ataliva,0121,ALIANZA CAMBIEMOS,agrupacion,616,2015_GENERAL_DIST21_santafe_presidente.xlsx
2015,GENERAL,2015-10-25,PRESIDENTE Y VICE,21,Santa Fe,Castellanos,Ataliva,0121,ALIANZA UNIDOS POR UNA NUEVA ALTERNATIVA (UNA),agrupacion,313,2015_GENERAL_DIST21_santafe_presidente.xlsx
2015,GENERAL,2015-10-25,PRESIDENTE Y VICE,21,Santa Fe,Castellanos,Ataliva,0121,ALIANZA FRENTE PARA LA VICTORIA,agrupacion,305,2015_GENERAL_DIST21_santafe_presidente.xlsx
2015,GENERAL,2015-10-25,PRESIDENTE Y VICE,21,Santa Fe,Castellanos,Ataliva,0121,ALIANZA PROGRESISTAS,agrupacion,28,2015_GENERAL_DIST21_santafe_presidente.xlsx
2015,GENERAL,2015-10-25,PRESIDENTE Y VICE,21,Santa Fe,Castellanos,Ataliva,0121,ALIANZA COMPROMISO FEDERAL,agrupacion,15,2015_GENERAL_DIST21_santafe_presidente.xlsx
2015,GENERAL,2015-10-25,PRESIDENTE Y VICE,21,Santa Fe,Castellanos,Ataliva,0121,ALIANZA FRENTE DE IZQUIERDA Y DE LOS TRABAJADORES,agrupacion,12,2015_GENERAL_DIST21_santafe_presidente.xlsx
2015,GENERAL,2015-10-25,PRESIDENTE Y VICE,21,Santa Fe,Castellanos,Colonia Aldao,0120,ALIANZA CAMBIEMOS,agrupacion,563,2015_GENERAL_DIST21_santafe_presidente.xlsx
2015,GENERAL,2015-10-25,PRESIDENTE Y VICE,21,Santa Fe,Castellanos,Colonia Aldao,0120,ALIANZA FRENTE PARA LA VICTORIA,agrupacion,375,2015_GENERAL_DIST21_santafe_presidente.xlsx
2015,GENERAL,2015-10-25,PRESIDENTE Y VICE,21,Santa Fe,Castellanos,Colonia Aldao,0120,ALIANZA UNIDOS POR UNA NUEVA ALTERNATIVA (UNA),agrupacion,205,2015_GENERAL_DIST21_santafe_presidente.xlsx
2015,GENERAL,2015-10-25,PRESIDENTE Y VICE,21,Santa Fe,Castellanos,Colonia Aldao,0120,ALIANZA PROGRESISTAS,agrupacion,22,2015_GENERAL_DIST21_santafe_presidente.xlsx
2015,GENERAL,2015-10-25,PRESIDENTE Y VICE,21,Santa Fe,Castellanos,Colonia Aldao,0120,ALIANZA COMPROMISO FEDERAL,agrupacion,15,2015_GENERAL_DIST21_santafe_presidente.xlsx
2015,GENERAL,2015-10-25,PRESIDENTE Y VICE,21,Santa Fe,Castellanos,Colonia Aldao,0120,ALIANZA FRENTE DE IZQUIERDA Y DE LOS TRABAJADORES,agrupacion,10,2015_GENERAL_DIST21_santafe_presidente.xlsx
2015,GENERAL,2015-10-25,PRESIDENTE Y VICE,21,Santa Fe,Castellanos,Frontera,0134A,ALIANZA FRENTE PARA LA VICTORIA,agrupacion,1761,2015_GENERAL_DIST21_santafe_presidente.xlsx
2015,GENERAL,2015-10-25,PRESIDENTE Y VICE,21,Santa Fe,Castellanos,Frontera,0134A,ALIANZA CAMBIEMOS,agrupacion,1576,2015_GENERAL_DIST21_santafe_presidente.xlsx
2015,GENERAL,2015-10-25,PRESIDENTE Y VICE,21,Santa Fe,Castellanos,Frontera,0134A,ALIANZA UNIDOS POR UNA NUEVA ALTERNATIVA (UNA),agrupacion,1575,2015_GENERAL_DIST21_santafe_presidente.xlsx
2015,GENERAL,2015-10-25,PRESIDENTE Y VICE,21,Santa Fe,Castellanos,Frontera,0134A,ALIANZA PROGRESISTAS,agrupacion,131,2015_GENERAL_DIST21_santafe_presidente.xlsx
2015,GENERAL,2015-10-25,PRESIDENTE Y VICE,21,Santa Fe,Castellanos,Frontera,0134A,ALIANZA COMPROMISO FEDERAL,agrupacion,129,2015_GENERAL_DIST21_santafe_presidente.xlsx
2015,GENERAL,2015-10-25,PRESIDENTE Y VICE,21,Santa Fe,Castellanos,Frontera,0134A,ALIANZA FRENTE DE IZQUIERDA Y DE LOS TRABAJADORES,agrupacion,128,2015_GENERAL_DIST21_santafe_presidente.xlsx
2015,GENERAL,2015-10-25,PRESIDENTE Y VICE,21,Santa Fe,Castellanos,Humberto Primo,0117,ALIANZA CAMBIEMOS,agrupacion,1583,2015_GENERAL_DIST21_santafe_presidente.xlsx
2015,GENERAL,2015-10-25,PRESIDENTE Y VICE,21,Santa Fe,Castellanos,Humberto Primo,0117,ALIANZA UNIDOS POR UNA NUEVA ALTERNATIVA (UNA),agrupacion,939,2015_GENERAL_DIST21_santafe_presidente.xlsx
2015,GENERAL,2015-10-25,PRESIDENTE Y VICE,21,Santa Fe,Castellanos,Humberto Primo,0117,ALIANZA FRENTE PARA LA VICTORIA,agrupacion,711,2015_GENERAL_DIST21_santafe_presidente.xlsx
2015,GENERAL,2015-10-25,PRESIDENTE Y VICE,21,Santa Fe,Castellanos,Humberto Primo,0117,ALIANZA PROGRESISTAS,agrupacion,100,2015_GENERAL_DIST21_santafe_presidente.xlsx
2015,GENERAL,2015-10-25,PRESIDENTE Y VICE,21,Santa Fe,Castellanos,Humberto Primo,0117,ALIANZA FRENTE DE IZQUIERDA Y DE LOS TRABAJADORES,agrupacion,38,2015_GENERAL_DIST21_santafe_presidente.xlsx
2015,GENERAL,2015-10-25,PRESIDENTE Y VICE,21,Santa Fe,Castellanos,Humberto Primo,0117,ALIANZA COMPROMISO FEDERAL,agrupacion,28,2015_GENERAL_DIST21_santafe_presidente.xlsx
2015,GENERAL,2015-10-25,PRESIDENTE Y VICE,21,Santa Fe,Castellanos,Josefina,0134,ALIANZA CAMBIEMOS,agrupacion,405,2015_GENERAL_DIST21_santafe_presidente.xlsx
2015,GENERAL,2015-10-25,PRESIDENTE Y VICE,21,Santa Fe,Castellanos,Josefina,0134,ALIANZA UNIDOS POR UNA NUEVA ALTERNATIVA (UNA),agrupacion,289,2015_GENERAL_DIST21_santafe_presidente.xlsx
2015,GENERAL,2015-10-25,PRESIDENTE Y VICE,21,Santa Fe,Castellanos,Josefina,0134,ALIANZA FRENTE PARA LA VICTORIA,agrupacion,276,2015_GENERAL_DIST21_santafe_presidente.xlsx
2015,GENERAL,2015-10-25,PRESIDENTE Y VICE,21,Santa Fe,Castellanos,Josefina,0134,ALIANZA PROGRESISTAS,agrupacion,22,2015_GENERAL_DIST21_santafe_presidente.xlsx
2015,GENERAL,2015-10-25,PRESIDENTE Y VICE,21,Santa Fe,Castellanos,Josefina,0134,ALIANZA FRENTE DE IZQUIERDA Y DE LOS TRABAJADORES,agrupacion,17,2015_GENERAL_DIST21_santafe_presidente.xlsx
2015,GENERAL,2015-10-25,PRESIDENTE Y VICE,21,Santa Fe,Castellanos,Josefina,0134,ALIANZA COMPROMISO FEDERAL,agrupacion,13,2015_GENERAL_DIST21_santafe_presidente.xlsx
2015,GENERAL,2015-10-25,PRESIDENTE Y VICE,21,Santa Fe,Castellanos,Lehmann,0123,ALIANZA CAMBIEMOS,agrupacion,858,2015_GENERAL_DIST21_santafe_presidente.xlsx
2015,GENERAL,2015-10-25,PRESIDENTE Y VICE,21,Santa Fe,Castellanos,Lehmann,0123,ALIANZA UNIDOS POR UNA NUEVA ALTERNATIVA (UNA),agrupacion,491,2015_GENERAL_DIST21_santafe_presidente.xlsx
2015,GENERAL,2015-10-25,PRESIDENTE Y VICE,21,Santa Fe,Castellanos,Lehmann,0123,ALIANZA FRENTE PARA LA VICTORIA,agrupacion,467,2015_GENERAL_DIST21_santafe_presidente.xlsx
2015,GENERAL,2015-10-25,PRESIDENTE Y VICE,21,Santa Fe,Castellanos,Lehmann,0123,ALIANZA PROGRESISTAS,agrupacion,36,2015_GENERAL_DIST21_santafe_presidente.xlsx
2015,GENERAL,2015-10-25,PRESIDENTE Y VICE,21,Santa Fe,Castellanos,Lehmann,0123,ALIANZA FRENTE DE IZQUIERDA Y DE LOS TRABAJADORES,agrupacion,28,2015_GENERAL_DIST21_santafe_presidente.xlsx
2015,GENERAL,2015-10-25,PRESIDENTE Y VICE,21,Santa Fe,Castellanos,Lehmann,0123,ALIANZA COMPROMISO FEDERAL,agrupacion,25,2015_GENERAL_DIST21_santafe_presidente.xlsx
2015,GENERAL,2015-10-25,PRESIDENTE Y VICE,21,Santa Fe,Castellanos,María Juana,0140,ALIANZA CAMBIEMOS,agrupacion,1213,2015_GENERAL_DIST21_santafe_presidente.xlsx
2015,GENERAL,2015-10-25,PRESIDENTE Y VICE,21,Santa Fe,Castellanos,María Juana,0140,ALIANZA FRENTE PARA LA VICTORIA,agrupacion,908,2015_GENERAL_DIST21_santafe_presidente.xlsx
2015,GENERAL,2015-10-25,PRESIDENTE Y VICE,21,Santa Fe,Castellanos,María Juana,0140,ALIANZA UNIDOS POR UNA NUEVA ALTERNATIVA (UNA),agrupacion,808,2015_GENERAL_DIST21_santafe_presidente.xlsx
2015,GENERAL,2015-10-25,PRESIDENTE Y VICE,21,Santa Fe,Castellanos,María Juana,0140,ALIANZA PROGRESISTAS,agrupacion,235,2015_GENERAL_DIST21_santafe_presidente.xlsx
2015,GENERAL,2015-10-25,PRESIDENTE Y VICE,21,Santa Fe,Castellanos,María Juana,0140,ALIANZA FRENTE DE IZQUIERDA Y DE LOS TRABAJADORES,agrupacion,96,2015_GENERAL_DIST21_santafe_presidente.xlsx
2015,GENERAL,2015-10-25,PRESIDENTE Y VICE,21,Santa Fe,Castellanos,María Juana,0140,ALIANZA COMPROMISO FEDERAL,agrupacion,44,2015_GENERAL_DIST21_santafe_presidente.xlsx
2015,GENERAL,2015-10-25,PRESIDENTE Y VICE,21,Santa Fe,Castellanos,Ramona,0124,ALIANZA CAMBIEMOS,agrupacion,618,2015_GENERAL_DIST21_santafe_presidente.xlsx
2015,GENERAL,2015-10-25,PRESIDENTE Y VICE,21,Santa Fe,Castellanos,Ramona,0124,ALIANZA UNIDOS POR UNA NUEVA ALTERNATIVA (UNA),agrupacion,291,2015_GENERAL_DIST21_santafe_presidente.xlsx
2015,GENERAL,2015-10-25,PRESIDENTE Y VICE,21,Santa Fe,Castellanos,Ramona,0124,ALIANZA FRENTE PARA LA VICTORIA,agrupacion,247,2015_GENERAL_DIST21_santafe_presidente.xlsx
2015,GENERAL,2015-10-25,PRESIDENTE Y VICE,21,Santa Fe,Castellanos,Ramona,0124,ALIANZA PROGRESISTAS,agrupacion,86,2015_GENERAL_DIST21_santafe_presidente.xlsx
2015,GENERAL,2015-10-25,PRESIDENTE Y VICE,21,Santa Fe,Castellanos,Ramona,0124,ALIANZA FRENTE DE IZQUIERDA Y DE LOS TRABAJADORES,agrupacion,21,2015_GENERAL_DIST21_santafe_presidente.xlsx
2015,GENERAL,2015-10-25,PRESIDENTE Y VICE,21,Santa Fe,Castellanos,Ramona,0124,ALIANZA COMPROMISO FEDERAL,agrupacion,20,2015_GENERAL_DIST21_santafe_presidente.xlsx
2015,GENERAL,2015-10-25,PRESIDENTE Y VICE,21,Santa Fe,Castellanos,San Vicente,0142,ALIANZA CAMBIEMOS,agrupacion,1740,2015_GENERAL_DIST21_santafe_presidente.xlsx
2015,GENERAL,2015-10-25,PRESIDENTE Y VICE,21,Santa Fe,Castellanos,San Vicente,0142,ALIANZA FRENTE PARA LA VICTORIA,agrupacion,1003,2015_GENERAL_DIST21_santafe_presidente.xlsx
2015,GENERAL,2015-10-25,PRESIDENTE Y VICE,21,Santa Fe,Castellanos,San Vicente,0142,ALIANZA UNIDOS POR UNA NUEVA ALTERNATIVA (UNA),agrupacion,963,2015_GENERAL_DIST21_santafe_presidente.xlsx
2015,GENERAL,2015-10-25,PRESIDENTE Y VICE,21,Santa Fe,Castellanos,San Vicente,0142,ALIANZA PROGRESISTAS,agrupacion,105,2015_GENERAL_DIST21_santafe_presidente.xlsx
2015,GENERAL,2015-10-25,PRESIDENTE Y VICE,21,Santa Fe,Castellanos,San Vicente,0142,ALIANZA COMPROMISO FEDERAL,agrupacion,57,2015_GENERAL_DIST21_santafe_presidente.xlsx
2015,GENERAL,2015-10-25,PRESIDENTE Y VICE,21,Santa Fe,Castellanos,San Vicente,0142,ALIANZA FRENTE DE IZQUIERDA Y DE LOS TRABAJADORES,agrupacion,54,2015_GENERAL_DIST21_santafe_presidente.xlsx
2015,GENERAL,2015-10-25,PRESIDENTE Y VICE,21,Santa Fe,Castellanos,Santa Clara de Saguier,0130,ALIANZA CAMBIEMOS,agrupacion,532,2015_GENERAL_DIST21_santafe_presidente.xlsx
2015,GENERAL,2015-10-25,PRESIDENTE Y VICE,21,Santa Fe,Castellanos,Santa Clara de Saguier,0130,ALIANZA FRENTE PARA LA VICTORIA,agrupacion,297,2015_GENERAL_DIST21_santafe_presidente.xlsx
2015,GENERAL,2015-10-25,PRESIDENTE Y VICE,21,Santa Fe,Castellanos,Santa Clara de Saguier,0130,ALIANZA UNIDOS POR UNA NUEVA ALTERNATIVA (UNA),agrupacion,241,2015_GENERAL_DIST21_santafe_presidente.xlsx
2015,GENERAL,2015-10-25,PRESIDENTE Y VICE,21,Santa Fe,Castellanos,Santa Clara de Saguier,0130,ALIANZA PROGRESISTAS,agrupacion,38,2015_GENERAL_DIST21_santafe_presidente.xlsx
2015,GENERAL,2015-10-25,PRESIDENTE Y VICE,21,Santa Fe,Castellanos,Santa Clara de Saguier,0130,ALIANZA COMPROMISO FEDERAL,agrupacion,20,2015_GENERAL_DIST21_santafe_presidente.xlsx
2015,GENERAL,2015-10-25,PRESIDENTE Y VICE,21,Santa Fe,Castellanos,Santa Clara de Saguier,0130,ALIANZA FRENTE DE IZQUIERDA Y DE LOS TRABAJADORES,agrupacion,13,2015_GENERAL_DIST21_santafe_presidente.xlsx
2015,GENERAL,2015-10-25,PRESIDENTE Y VICE,21,Santa Fe,Castellanos,Sunchales,0118,ALIANZA CAMBIEMOS,agrupacion,6166,2015_GENERAL_DIST21_santafe_presidente.xlsx
2015,GENERAL,2015-10-25,PRESIDENTE Y VICE,21,Santa Fe,Castellanos,Sunchales,0118,ALIANZA FRENTE PARA LA VICTORIA,agrupacion,3661,2015_GENERAL_DIST21_santafe_presidente.xlsx
2015,GENERAL,2015-10-25,PRESIDENTE Y VICE,21,Santa Fe,Castellanos,Sunchales,0118,ALIANZA UNIDOS POR UNA NUEVA ALTERNATIVA (UNA),agrupacion,2909,2015_GENERAL_DIST21_santafe_presidente.xlsx
2015,GENERAL,2015-10-25,PRESIDENTE Y VICE,21,Santa Fe,Castellanos,Sunchales,0118,ALIANZA PROGRESISTAS,agrupacion,702,2015_GENERAL_DIST21_santafe_presidente.xlsx
2015,GENERAL,2015-10-25,PRESIDENTE Y VICE,21,Santa Fe,Castellanos,Sunchales,0118,ALIANZA FRENTE DE IZQUIERDA Y DE LOS TRABAJADORES,agrupacion,242,2015_GENERAL_DIST21_santafe_presidente.xlsx
2015,GENERAL,2015-10-25,PRESIDENTE Y VICE,21,Santa Fe,Castellanos,Sunchales,0118,ALIANZA COMPROMISO FEDERAL,agrupacion,133,2015_GENERAL_DIST21_santafe_presidente.xlsx
2015,GENERAL,2015-10-25,PRESIDENTE Y VICE,21,Santa Fe,Castellanos,Zenón Pereyra,0138,ALIANZA CAMBIEMOS,agrupacion,631,2015_GENERAL_DIST21_santafe_presidente.xlsx
2015,GENERAL,2015-10-25,PRESIDENTE Y VICE,21,Santa Fe,Castellanos,Zenón Pereyra,0138,ALIANZA FRENTE PARA LA VICTORIA,agrupacion,244,2015_GENERAL_DIST21_santafe_presidente.xlsx
2015,GENERAL,2015-10-25,PRESIDENTE Y VICE,21,Santa Fe,Castellanos,Zenón Pereyra,0138,ALIANZA UNIDOS POR UNA NUEVA ALTERNATIVA (UNA),agrupacion,231,2015_GENERAL_DIST21_santafe_presidente.xlsx
2015,GENERAL,2015-10-25,PRESIDENTE Y VICE,21,Santa Fe,Castellanos,Zenón Pereyra,0138,ALIANZA FRENTE DE IZQUIERDA Y DE LOS TRABAJADORES,agrupacion,21,2015_GENERAL_DIST21_santafe_presidente.xlsx
2015,GENERAL,2015-10-25,PRESIDENTE Y VICE,21,Santa Fe,Castellanos,Zenón Pereyra,0138,ALIANZA COMPROMISO FEDERAL,agrupacion,19,2015_GENERAL_DIST21_santafe_presidente.xlsx
2015,GENERAL,2015-10-25,PRESIDENTE Y VICE,21,Santa Fe,Castellanos,Zenón Pereyra,0138,ALIANZA PROGRESISTAS,agrupacion,19,2015_GENERAL_DIST21_santafe_presidente.xlsx
2015,GENERAL,2015-10-25,PRESIDENTE Y VICE,21,Santa Fe,Las Colonias,Esperanza,0055,ALIANZA CAMBIEMOS,agrupacion,11702,2015_GENERAL_DIST21_santafe_presidente.xlsx
2015,GENERAL,2015-10-25,PRESIDENTE Y VICE,21,Santa Fe,Las Colonias,Esperanza,0055,ALIANZA UNIDOS POR UNA NUEVA ALTERNATIVA (UNA),agrupacion,6155,2015_GENERAL_DIST21_santafe_presidente.xlsx
2015,GENERAL,2015-10-25,PRESIDENTE Y VICE,21,Santa Fe,Las Colonias,Esperanza,0055,ALIANZA FRENTE PARA LA VICTORIA,agrupacion,5600,2015_GENERAL_DIST21_santafe_presidente.xlsx
2015,GENERAL,2015-10-25,PRESIDENTE Y VICE,21,Santa Fe,Las Colonias,Esperanza,0055,ALIANZA PROGRESISTAS,agrupacion,960,2015_GENERAL_DIST21_santafe_presidente.xlsx
2015,GENERAL,2015-10-25,PRESIDENTE Y VICE,21,Santa Fe,Las Colonias,Esperanza,0055,ALIANZA COMPROMISO FEDERAL,agrupacion,377,2015_GENERAL_DIST21_santafe_presidente.xlsx
2015,GENERAL,2015-10-25,PRESIDENTE Y VICE,21,Santa Fe,Las Colonias,Esperanza,0055,ALIANZA FRENTE DE IZQUIERDA Y DE LOS TRABAJADORES,agrupacion,343,2015_GENERAL_DIST21_santafe_presidente.xlsx
2015,GENERAL,2015-10-25,PRESIDENTE Y VICE,21,Santa Fe,Las Colonias,Felicia,0060,ALIANZA CAMBIEMOS,agrupacion,980,2015_GENERAL_DIST21_santafe_presidente.xlsx
2015,GENERAL,2015-10-25,PRESIDENTE Y VICE,21,Santa Fe,Las Colonias,Felicia,0060,ALIANZA UNIDOS POR UNA NUEVA ALTERNATIVA (UNA),agrupacion,249,2015_GENERAL_DIST21_santafe_presidente.xlsx
2015,GENERAL,2015-10-25,PRESIDENTE Y VICE,21,Santa Fe,Las Colonias,Felicia,0060,ALIANZA FRENTE PARA LA VICTORIA,agrupacion,230,2015_GENERAL_DIST21_santafe_presidente.xlsx
2015,GENERAL,2015-10-25,PRESIDENTE Y VICE,21,Santa Fe,Las Colonias,Felicia,0060,ALIANZA PROGRESISTAS,agrupacion,42,2015_GENERAL_DIST21_santafe_presidente.xlsx
2015,GENERAL,2015-10-25,PRESIDENTE Y VICE,21,Santa Fe,Las Colonias,Felicia,0060,ALIANZA COMPROMISO FEDERAL,agrupacion,27,2015_GENERAL_DIST21_santafe_presidente.xlsx
2015,GENERAL,2015-10-25,PRESIDENTE Y VICE,21,Santa Fe,Las Colonias,Felicia,0060,ALIANZA FRENTE DE IZQUIERDA Y DE LOS TRABAJADORES,agrupacion,12,2015_GENERAL_DIST21_santafe_presidente.xlsx
2015,GENERAL,2015-10-25,PRESIDENTE Y VICE,21,Santa Fe,Las Colonias,Franck,0053,ALIANZA CAMBIEMOS,agrupacion,2144,2015_GENERAL_DIST21_santafe_presidente.xlsx
2015,GENERAL,2015-10-25,PRESIDENTE Y VICE,21,Santa Fe,Las Colonias,Franck,0053,ALIANZA UNIDOS POR UNA NUEVA ALTERNATIVA (UNA),agrupacion,856,2015_GENERAL_DIST21_santafe_presidente.xlsx
2015,GENERAL,2015-10-25,PRESIDENTE Y VICE,21,Santa Fe,Las Colonias,Franck,0053,ALIANZA FRENTE PARA LA VICTORIA,agrupacion,554,2015_GENERAL_DIST21_santafe_presidente.xlsx
2015,GENERAL,2015-10-25,PRESIDENTE Y VICE,21,Santa Fe,Las Colonias,Franck,0053,ALIANZA PROGRESISTAS,agrupacion,93,2015_GENERAL_DIST21_santafe_presidente.xlsx
2015,GENERAL,2015-10-25,PRESIDENTE Y VICE,21,Santa Fe,Las Colonias,Franck,0053,ALIANZA COMPROMISO FEDERAL,agrupacion,54,2015_GENERAL_DIST21_santafe_presidente.xlsx
2015,GENERAL,2015-10-25,PRESIDENTE Y VICE,21,Santa Fe,Las Colonias,Franck,0053,ALIANZA FRENTE DE IZQUIERDA Y DE LOS TRABAJADORES,agrupacion,54,2015_GENERAL_DIST21_santafe_presidente.xlsx
2015,GENERAL,2015-10-25,PRESIDENTE Y VICE,21,Santa Fe,Las Colonias,Humboldt,0056,ALIANZA CAMBIEMOS,agrupacion,1732,2015_GENERAL_DIST21_santafe_presidente.xlsx
2015,GENERAL,2015-10-25,PRESIDENTE Y VICE,21,Santa Fe,Las Colonias,Humboldt,0056,ALIANZA UNIDOS POR UNA NUEVA ALTERNATIVA (UNA),agrupacion,674,2015_GENERAL_DIST21_santafe_presidente.xlsx
2015,GENERAL,2015-10-25,PRESIDENTE Y VICE,21,Santa Fe,Las Colonias,Humboldt,0056,ALIANZA FRENTE PARA LA VICTORIA,agrupacion,593,2015_GENERAL_DIST21_santafe_presidente.xlsx
2015,GENERAL,2015-10-25,PRESIDENTE Y VICE,21,Santa Fe,Las Colonias,Humboldt,0056,ALIANZA PROGRESISTAS,agrupacion,68,2015_GENERAL_DIST21_santafe_presidente.xlsx
2015,GENERAL,2015-10-25,PRESIDENTE Y VICE,21,Santa Fe,Las Colonias,Humboldt,0056,ALIANZA FRENTE DE IZQUIERDA Y DE LOS TRABAJADORES,agrupacion,67,2015_GENERAL_DIST21_santafe_presidente.xlsx
2015,GENERAL,2015-10-25,PRESIDENTE Y VICE,21,Santa Fe,Las Colonias,Humboldt,0056,ALIANZA COMPROMISO FEDERAL,agrupacion,50,2015_GENERAL_DIST21_santafe_presidente.xlsx
2015,GENERAL,2015-10-25,PRESIDENTE Y VICE,21,Santa Fe,Las Colonias,Pilar,0057,ALIANZA CAMBIEMOS,agrupacion,1281,2015_GENERAL_DIST21_santafe_presidente.xlsx
2015,GENERAL,2015-10-25,PRESIDENTE Y VICE,21,Santa Fe,Las Colonias,Pilar,0057,ALIANZA FRENTE PARA LA VICTORIA,agrupacion,938,2015_GENERAL_DIST21_santafe_presidente.xlsx
2015,GENERAL,2015-10-25,PRESIDENTE Y VICE,21,Santa Fe,Las Colonias,Pilar,0057,ALIANZA UNIDOS POR UNA NUEVA ALTERNATIVA (UNA),agrupacion,761,2015_GENERAL_DIST21_santafe_presidente.xlsx
2015,GENERAL,2015-10-25,PRESIDENTE Y VICE,21,Santa Fe,Las Colonias,Pilar,0057,ALIANZA PROGRESISTAS,agrupacion,64,2015_GENERAL_DIST21_santafe_presidente.xlsx
2015,GENERAL,2015-10-25,PRESIDENTE Y VICE,21,Santa Fe,Las Colonias,Pilar,0057,ALIANZA FRENTE DE IZQUIERDA Y DE LOS TRABAJADORES,agrupacion,26,2015_GENERAL_DIST21_santafe_presidente.xlsx
2015,GENERAL,2015-10-25,PRESIDENTE Y VICE,21,Santa Fe,Las Colonias,Pilar,0057,ALIANZA COMPROMISO FEDERAL,agrupacion,25,2015_GENERAL_DIST21_santafe_presidente.xlsx
2015,GENERAL,2015-10-25,PRESIDENTE Y VICE,21,Santa Fe,Las Colonias,Progreso,0063,ALIANZA CAMBIEMOS,agrupacion,988,2015_GENERAL_DIST21_santafe_presidente.xlsx
2015,GENERAL,2015-10-25,PRESIDENTE Y VICE,21,Santa Fe,Las Colonias,Progreso,0063,ALIANZA UNIDOS POR UNA NUEVA ALTERNATIVA (UNA),agrupacion,264,2015_GENERAL_DIST21_santafe_presidente.xlsx
2015,GENERAL,2015-10-25,PRESIDENTE Y VICE,21,Santa Fe,Las Colonias,Progreso,0063,ALIANZA FRENTE PARA LA VICTORIA,agrupacion,233,2015_GENERAL_DIST21_santafe_presidente.xlsx
2015,GENERAL,2015-10-25,PRESIDENTE Y VICE,21,Santa Fe,Las Colonias,Progreso,0063,ALIANZA PROGRESISTAS,agrupacion,61,2015_GENERAL_DIST21_santafe_presidente.xlsx
2015,GENERAL,2015-10-25,PRESIDENTE Y VICE,21,Santa Fe,Las Colonias,Progreso,0063,ALIANZA COMPROMISO FEDERAL,agrupacion,23,2015_GENERAL_DIST21_santafe_presidente.xlsx
2015,GENERAL,2015-10-25,PRESIDENTE Y VICE,21,Santa Fe,Las Colonias,Progreso,0063,ALIANZA FRENTE DE IZQUIERDA Y DE LOS TRABAJADORES,agrupacion,11,2015_GENERAL_DIST21_santafe_presidente.xlsx
2015,GENERAL,2015-10-25,PRESIDENTE Y VICE,21,Santa Fe,Las Colonias,San Carlos Centro,0044,ALIANZA CAMBIEMOS,agrupacion,3004,2015_GENERAL_DIST21_santafe_presidente.xlsx
2015,GENERAL,2015-10-25,PRESIDENTE Y VICE,21,Santa Fe,Las Colonias,San Carlos Centro,0044,ALIANZA UNIDOS POR UNA NUEVA ALTERNATIVA (UNA),agrupacion,2075,2015_GENERAL_DIST21_santafe_presidente.xlsx
2015,GENERAL,2015-10-25,PRESIDENTE Y VICE,21,Santa Fe,Las Colonias,San Carlos Centro,0044,ALIANZA FRENTE PARA LA VICTORIA,agrupacion,1986,2015_GENERAL_DIST21_santafe_presidente.xlsx
2015,GENERAL,2015-10-25,PRESIDENTE Y VICE,21,Santa Fe,Las Colonias,San Carlos Centro,0044,ALIANZA PROGRESISTAS,agrupacion,314,2015_GENERAL_DIST21_santafe_presidente.xlsx
2015,GENERAL,2015-10-25,PRESIDENTE Y VICE,21,Santa Fe,Las Colonias,San Carlos Centro,0044,ALIANZA FRENTE DE IZQUIERDA Y DE LOS TRABAJADORES,agrupacion,126,2015_GENERAL_DIST21_santafe_presidente.xlsx
2015,GENERAL,2015-10-25,PRESIDENTE Y VICE,21,Santa Fe,Las Colonias,San Carlos Centro,0044,ALIANZA COMPROMISO FEDERAL,agrupacion,108,2015_GENERAL_DIST21_santafe_presidente.xlsx
2015,GENERAL,2015-10-25,PRESIDENTE Y VICE,21,Santa Fe,Las Colonias,San Carlos Sud,0043,ALIANZA CAMBIEMOS,agrupacion,547,2015_GENERAL_DIST21_santafe_presidente.xlsx
2015,GENERAL,2015-10-25,PRESIDENTE Y VICE,21,Santa Fe,Las Colonias,San Carlos Sud,0043,ALIANZA FRENTE PARA LA VICTORIA,agrupacion,418,2015_GENERAL_DIST21_santafe_presidente.xlsx
2015,GENERAL,2015-10-25,PRESIDENTE Y VICE,21,Santa Fe,Las Colonias,San Carlos Sud,0043,ALIANZA UNIDOS POR UNA NUEVA ALTERNATIVA (UNA),agrupacion,385,2015_GENERAL_DIST21_santafe_presidente.xlsx
2015,GENERAL,2015-10-25,PRESIDENTE Y VICE,21,Santa Fe,Las Colonias,San Carlos Sud,0043,ALIANZA PROGRESISTAS,agrupacion,47,2015_GENERAL_DIST21_santafe_presidente.xlsx
2015,GENERAL,2015-10-25,PRESIDENTE Y VICE,21,Santa Fe,Las Colonias,San Carlos Sud,0043,ALIANZA FRENTE DE IZQUIERDA Y DE LOS TRABAJADORES,agrupacion,28,2015_GENERAL_DIST21_santafe_presidente.xlsx
2015,GENERAL,2015-10-25,PRESIDENTE Y VICE,21,Santa Fe,Las Colonias,San Carlos Sud,0043,ALIANZA COMPROMISO FEDERAL,agrupacion,23,2015_GENERAL_DIST21_santafe_presidente.xlsx
2015,GENERAL,2015-10-25,PRESIDENTE Y VICE,21,Santa Fe,Las Colonias,San Jerónimo Norte,0052,ALIANZA CAMBIEMOS,agrupacion,2467,2015_GENERAL_DIST21_santafe_presidente.xlsx
2015,GENERAL,2015-10-25,PRESIDENTE Y VICE,21,Santa Fe,Las Colonias,San Jerónimo Norte,0052,ALIANZA UNIDOS POR UNA NUEVA ALTERNATIVA (UNA),agrupacion,973,2015_GENERAL_DIST21_santafe_presidente.xlsx
2015,GENERAL,2015-10-25,PRESIDENTE Y VICE,21,Santa Fe,Las Colonias,San Jerónimo Norte,0052,ALIANZA FRENTE PARA LA VICTORIA,agrupacion,756,2015_GENERAL_DIST21_santafe_presidente.xlsx
2015,GENERAL,2015-10-25,PRESIDENTE Y VICE,21,Santa Fe,Las Colonias,San Jerónimo Norte,0052,ALIANZA PROGRESISTAS,agrupacion,158,2015_GENERAL_DIST21_santafe_presidente.xlsx
2015,GENERAL,2015-10-25,PRESIDENTE Y VICE,21,Santa Fe,Las Colonias,San Jerónimo Norte,0052,ALIANZA FRENTE DE IZQUIERDA Y DE LOS TRABAJADORES,agrupacion,73,2015_GENERAL_DIST21_santafe_presidente.xlsx
2015,GENERAL,2015-10-25,PRESIDENTE Y VICE,21,Santa Fe,Las Colonias,San Jerónimo Norte,0052,ALIANZA COMPROMISO FEDERAL,agrupacion,51,2015_GENERAL_DIST21_santafe_presidente.xlsx
2015,GENERAL,2015-10-25,PRESIDENTE Y VICE,21,Santa Fe,Las Colonias,Santa Clara de Buena Vista,0046,ALIANZA CAMBIEMOS,agrupacion,865,2015_GENERAL_DIST21_santafe_presidente.xlsx
2015,GENERAL,2015-10-25,PRESIDENTE Y VICE,21,Santa Fe,Las Colonias,Santa Clara de Buena Vista,0046,ALIANZA UNIDOS POR UNA NUEVA ALTERNATIVA (UNA),agrupacion,495,2015_GENERAL_DIST21_santafe_presidente.xlsx
2015,GENERAL,2015-10-25,PRESIDENTE Y VICE,21,Santa Fe,Las Colonias,Santa Clara de Buena Vista,0046,ALIANZA FRENTE PARA LA VICTORIA,agrupacion,425,2015_GENERAL_DIST21_santafe_presidente.xlsx
2015,GENERAL,2015-10-25,PRESIDENTE Y VICE,21,Santa Fe,Las Colonias,Santa Clara de Buena Vista,0046,ALIANZA PROGRESISTAS,agrupacion,63,2015_GENERAL_DIST21_santafe_presidente.xlsx
2015,GENERAL,2015-10-25,PRESIDENTE Y VICE,21,Santa Fe,Las Colonias,Santa Clara de Buena Vista,0046,ALIANZA COMPROMISO FEDERAL,agrupacion,36,2015_GENERAL_DIST21_santafe_presidente.xlsx
2015,GENERAL,2015-10-25,PRESIDENTE Y VICE,21,Santa Fe,Las Colonias,Santa Clara de Buena Vista,0046,ALIANZA FRENTE DE IZQUIERDA Y DE LOS TRABAJADORES,agrupacion,13,2015_GENERAL_DIST21_santafe_presidente.xlsx
2015,GENERAL,2015-10-25,PRESIDENTE Y VICE,21,Santa Fe,San Martín,Carlos Pellegrini,0160,ALIANZA CAMBIEMOS,agrupacion,1777,2015_GENERAL_DIST21_santafe_presidente.xlsx
2015,GENERAL,2015-10-25,PRESIDENTE Y VICE,21,Santa Fe,San Martín,Carlos Pellegrini,0160,ALIANZA UNIDOS POR UNA NUEVA ALTERNATIVA (UNA),agrupacion,794,2015_GENERAL_DIST21_santafe_presidente.xlsx
2015,GENERAL,2015-10-25,PRESIDENTE Y VICE,21,Santa Fe,San Martín,Carlos Pellegrini,0160,ALIANZA FRENTE PARA LA VICTORIA,agrupacion,683,2015_GENERAL_DIST21_santafe_presidente.xlsx
2015,GENERAL,2015-10-25,PRESIDENTE Y VICE,21,Santa Fe,San Martín,Carlos Pellegrini,0160,ALIANZA PROGRESISTAS,agrupacion,109,2015_GENERAL_DIST21_santafe_presidente.xlsx
2015,GENERAL,2015-10-25,PRESIDENTE Y VICE,21,Santa Fe,San Martín,Carlos Pellegrini,0160,ALIANZA COMPROMISO FEDERAL,agrupacion,56,2015_GENERAL_DIST21_santafe_presidente.xlsx
2015,GENERAL,2015-10-25,PRESIDENTE Y VICE,21,Santa Fe,San Martín,Carlos Pellegrini,0160,ALIANZA FRENTE DE IZQUIERDA Y DE LOS TRABAJADORES,agrupacion,52,2015_GENERAL_DIST21_santafe_presidente.xlsx
2015,GENERAL,2015-10-25,PRESIDENTE Y VICE,21,Santa Fe,San Martín,Cañada Rosquín,0161,ALIANZA CAMBIEMOS,agrupacion,1433,2015_GENERAL_DIST21_santafe_presidente.xlsx
2015,GENERAL,2015-10-25,PRESIDENTE Y VICE,21,Santa Fe,San Martín,Cañada Rosquín,0161,ALIANZA UNIDOS POR UNA NUEVA ALTERNATIVA (UNA),agrupacion,761,2015_GENERAL_DIST21_santafe_presidente.xlsx
2015,GENERAL,2015-10-25,PRESIDENTE Y VICE,21,Santa Fe,San Martín,Cañada Rosquín,0161,ALIANZA FRENTE PARA LA VICTORIA,agrupacion,717,2015_GENERAL_DIST21_santafe_presidente.xlsx
2015,GENERAL,2015-10-25,PRESIDENTE Y VICE,21,Santa Fe,San Martín,Cañada Rosquín,0161,ALIANZA PROGRESISTAS,agrupacion,148,2015_GENERAL_DIST21_santafe_presidente.xlsx
2015,GENERAL,2015-10-25,PRESIDENTE Y VICE,21,Santa Fe,San Martín,Cañada Rosquín,0161,ALIANZA FRENTE DE IZQUIERDA Y DE LOS TRABAJADORES,agrupacion,55,2015_GENERAL_DIST21_santafe_presidente.xlsx
2015,GENERAL,2015-10-25,PRESIDENTE Y VICE,21,Santa Fe,San Martín,Cañada Rosquín,0161,ALIANZA COMPROMISO FEDERAL,agrupacion,45,2015_GENERAL_DIST21_santafe_presidente.xlsx
2015,GENERAL,2015-10-25,PRESIDENTE Y VICE,21,Santa Fe,San Martín,El Trébol,0165,ALIANZA CAMBIEMOS,agrupacion,3079,2015_GENERAL_DIST21_santafe_presidente.xlsx
2015,GENERAL,2015-10-25,PRESIDENTE Y VICE,21,Santa Fe,San Martín,El Trébol,0165,ALIANZA FRENTE PARA LA VICTORIA,agrupacion,2096,2015_GENERAL_DIST21_santafe_presidente.xlsx
2015,GENERAL,2015-10-25,PRESIDENTE Y VICE,21,Santa Fe,San Martín,El Trébol,0165,ALIANZA UNIDOS POR UNA NUEVA ALTERNATIVA (UNA),agrupacion,1895,2015_GENERAL_DIST21_santafe_presidente.xlsx
2015,GENERAL,2015-10-25,PRESIDENTE Y VICE,21,Santa Fe,San Martín,El Trébol,0165,ALIANZA PROGRESISTAS,agrupacion,262,2015_GENERAL_DIST21_santafe_presidente.xlsx
2015,GENERAL,2015-10-25,PRESIDENTE Y VICE,21,Santa Fe,San Martín,El Trébol,0165,ALIANZA FRENTE DE IZQUIERDA Y DE LOS TRABAJADORES,agrupacion,141,2015_GENERAL_DIST21_santafe_presidente.xlsx
2015,GENERAL,2015-10-25,PRESIDENTE Y VICE,21,Santa Fe,San Martín,El Trébol,0165,ALIANZA COMPROMISO FEDERAL,agrupacion,92,2015_GENERAL_DIST21_santafe_presidente.xlsx
2015,GENERAL,2015-10-25,PRESIDENTE Y VICE,21,Santa Fe,San Martín,María Susana,0166,ALIANZA CAMBIEMOS,agrupacion,1256,2015_GENERAL_DIST21_santafe_presidente.xlsx
2015,GENERAL,2015-10-25,PRESIDENTE Y VICE,21,Santa Fe,San Martín,María Susana,0166,ALIANZA UNIDOS POR UNA NUEVA ALTERNATIVA (UNA),agrupacion,542,2015_GENERAL_DIST21_santafe_presidente.xlsx
2015,GENERAL,2015-10-25,PRESIDENTE Y VICE,21,Santa Fe,San Martín,María Susana,0166,ALIANZA FRENTE PARA LA VICTORIA,agrupacion,356,2015_GENERAL_DIST21_santafe_presidente.xlsx
2015,GENERAL,2015-10-25,PRESIDENTE Y VICE,21,Santa Fe,San Martín,María Susana,0166,ALIANZA PROGRESISTAS,agrupacion,60,2015_GENERAL_DIST21_santafe_presidente.xlsx
2015,GENERAL,2015-10-25,PRESIDENTE Y VICE,21,Santa Fe,San Martín,María Susana,0166,ALIANZA COMPROMISO FEDERAL,agrupacion,32,2015_GENERAL_DIST21_santafe_presidente.xlsx
2015,GENERAL,2015-10-25,PRESIDENTE Y VICE,21,Santa Fe,San Martín,María Susana,0166,ALIANZA FRENTE DE IZQUIERDA Y DE LOS TRABAJADORES,agrupacion,17,2015_GENERAL_DIST21_santafe_presidente.xlsx
2015,GENERAL,2015-10-25,PRESIDENTE Y VICE,21,Santa Fe,San Martín,Piamonte,0164,ALIANZA CAMBIEMOS,agrupacion,1018,2015_GENERAL_DIST21_santafe_presidente.xlsx
2015,GENERAL,2015-10-25,PRESIDENTE Y VICE,21,Santa Fe,San Martín,Piamonte,0164,ALIANZA UNIDOS POR UNA NUEVA ALTERNATIVA (UNA),agrupacion,554,2015_GENERAL_DIST21_santafe_presidente.xlsx
2015,GENERAL,2015-10-25,PRESIDENTE Y VICE,21,Santa Fe,San Martín,Piamonte,0164,ALIANZA FRENTE PARA LA VICTORIA,agrupacion,384,2015_GENERAL_DIST21_santafe_presidente.xlsx
2015,GENERAL,2015-10-25,PRESIDENTE Y VICE,21,Santa Fe,San Martín,Piamonte,0164,ALIANZA PROGRESISTAS,agrupacion,70,2015_GENERAL_DIST21_santafe_presidente.xlsx
2015,GENERAL,2015-10-25,PRESIDENTE Y VICE,21,Santa Fe,San Martín,Piamonte,0164,ALIANZA COMPROMISO FEDERAL,agrupacion,43,2015_GENERAL_DIST21_santafe_presidente.xlsx
2015,GENERAL,2015-10-25,PRESIDENTE Y VICE,21,Santa Fe,San Martín,Piamonte,0164,ALIANZA FRENTE DE IZQUIERDA Y DE LOS TRABAJADORES,agrupacion,42,2015_GENERAL_DIST21_santafe_presidente.xlsx
2015,GENERAL,2015-10-25,PRESIDENTE Y VICE,21,Santa Fe,San Martín,San Jorge,0158,ALIANZA CAMBIEMOS,agrupacion,4734,2015_GENERAL_DIST21_santafe_presidente.xlsx
2015,GENERAL,2015-10-25,PRESIDENTE Y VICE,21,Santa Fe,San Martín,San Jorge,0158,ALIANZA UNIDOS POR UNA NUEVA ALTERNATIVA (UNA),agrupacion,3149,2015_GENERAL_DIST21_santafe_presidente.xlsx
2015,GENERAL,2015-10-25,PRESIDENTE Y VICE,21,Santa Fe,San Martín,San Jorge,0158,ALIANZA FRENTE PARA LA VICTORIA,agrupacion,2996,2015_GENERAL_DIST21_santafe_presidente.xlsx
2015,GENERAL,2015-10-25,PRESIDENTE Y VICE,21,Santa Fe,San Martín,San Jorge,0158,ALIANZA PROGRESISTAS,agrupacion,448,2015_GENERAL_DIST21_santafe_presidente.xlsx
2015,GENERAL,2015-10-25,PRESIDENTE Y VICE,21,Santa Fe,San Martín,San Jorge,0158,ALIANZA FRENTE DE IZQUIERDA Y DE LOS TRABAJADORES,agrupacion,250,2015_GENERAL_DIST21_santafe_presidente.xlsx
2015,GENERAL,2015-10-25,PRESIDENTE Y VICE,21,Santa Fe,San Martín,San Jorge,0158,ALIANZA COMPROMISO FEDERAL,agrupacion,183,2015_GENERAL_DIST21_santafe_presidente.xlsx
2015,GENERAL,2015-10-25,PRESIDENTE Y VICE,21,Santa Fe,San Martín,San Martín de las Escobas,0156,ALIANZA CAMBIEMOS,agrupacion,1000,2015_GENERAL_DIST21_santafe_presidente.xlsx
2015,GENERAL,2015-10-25,PRESIDENTE Y VICE,21,Santa Fe,San Martín,San Martín de las Escobas,0156,ALIANZA UNIDOS POR UNA NUEVA ALTERNATIVA (UNA),agrupacion,410,2015_GENERAL_DIST21_santafe_presidente.xlsx
2015,GENERAL,2015-10-25,PRESIDENTE Y VICE,21,Santa Fe,San Martín,San Martín de las Escobas,0156,ALIANZA FRENTE PARA LA VICTORIA,agrupacion,316,2015_GENERAL_DIST21_santafe_presidente.xlsx
2015,GENERAL,2015-10-25,PRESIDENTE Y VICE,21,Santa Fe,San Martín,San Martín de las Escobas,0156,ALIANZA PROGRESISTAS,agrupacion,53,2015_GENERAL_DIST21_santafe_presidente.xlsx
2015,GENERAL,2015-10-25,PRESIDENTE Y VICE,21,Santa Fe,San Martín,San Martín de las Escobas,0156,ALIANZA COMPROMISO FEDERAL,agrupacion,27,2015_GENERAL_DIST21_santafe_presidente.xlsx
2015,GENERAL,2015-10-25,PRESIDENTE Y VICE,21,Santa Fe,San Martín,San Martín de las Escobas,0156,ALIANZA FRENTE DE IZQUIERDA Y DE LOS TRABAJADORES,agrupacion,22,2015_GENERAL_DIST21_santafe_presidente.xlsx
2015,GENERAL,2015-10-25,PRESIDENTE Y VICE,21,Santa Fe,San Martín,Sastre y Ortiz,0155,ALIANZA CAMBIEMOS,agrupacion,1324,2015_GENERAL_DIST21_santafe_presidente.xlsx
2015,GENERAL,2015-10-25,PRESIDENTE Y VICE,21,Santa Fe,San Martín,Sastre y Ortiz,0155,ALIANZA FRENTE PARA LA VICTORIA,agrupacion,1174,2015_GENERAL_DIST21_santafe_presidente.xlsx
2015,GENERAL,2015-10-25,PRESIDENTE Y VICE,21,Santa Fe,San Martín,Sastre y Ortiz,0155,ALIANZA UNIDOS POR UNA NUEVA ALTERNATIVA (UNA),agrupacion,943,2015_GENERAL_DIST21_santafe_presidente.xlsx
2015,GENERAL,2015-10-25,PRESIDENTE Y VICE,21,Santa Fe,San Martín,Sastre y Ortiz,0155,ALIANZA PROGRESISTAS,agrupacion,147,2015_GENERAL_DIST21_santafe_presidente.xlsx
2015,GENERAL,2015-10-25,PRESIDENTE Y VICE,21,Santa Fe,San Martín,Sastre y Ortiz,0155,ALIANZA FRENTE DE IZQUIERDA Y DE LOS TRABAJADORES,agrupacion,99,2015_GENERAL_DIST21_santafe_presidente.xlsx
2015,GENERAL,2015-10-25,PRESIDENTE Y VICE,21,Santa Fe,San Martín,Sastre y Ortiz,0155,ALIANZA COMPROMISO FEDERAL,agrupacion,54,2015_GENERAL_DIST21_santafe_presidente.xlsx
2015,GENERAL,2015-10-25,PRESIDENTE Y VICE,21,Santa Fe,Castellanos,Ataliva,0121,EN BLANCO,blancos,41,2015_GENERAL_DIST21_santafe_presidente.xlsx
2015,GENERAL,2015-10-25,PRESIDENTE Y VICE,21,Santa Fe,Castellanos,Ataliva,0121,NULO,nulos,5,2015_GENERAL_DIST21_santafe_presidente.xlsx
2015,GENERAL,2015-10-25,PRESIDENTE Y VICE,21,Santa Fe,Castellanos,Ataliva,0121,IMPUGNADO,impugnados,0,2015_GENERAL_DIST21_santafe_presidente.xlsx
2015,GENERAL,2015-10-25,PRESIDENTE Y VICE,21,Santa Fe,Castellanos,Ataliva,0121,RECURRIDO,recurridos,0,2015_GENERAL_DIST21_santafe_presidente.xlsx
2015,GENERAL,2015-10-25,PRESIDENTE Y VICE,21,Santa Fe,Castellanos,Ataliva,0121,POSITIVO,positivo,1289,2015_GENERAL_DIST21_santafe_presidente.xlsx
2015,GENERAL,2015-10-25,PRESIDENTE Y VICE,21,Santa Fe,Castellanos,Colonia Aldao,0120,EN BLANCO,blancos,26,2015_GENERAL_DIST21_santafe_presidente.xlsx
2015,GENERAL,2015-10-25,PRESIDENTE Y VICE,21,Santa Fe,Castellanos,Colonia Aldao,0120,NULO,nulos,10,2015_GENERAL_DIST21_santafe_presidente.xlsx
2015,GENERAL,2015-10-25,PRESIDENTE Y VICE,21,Santa Fe,Castellanos,Colonia Aldao,0120,IMPUGNADO,impugnados,0,2015_GENERAL_DIST21_santafe_presidente.xlsx
2015,GENERAL,2015-10-25,PRESIDENTE Y VICE,21,Santa Fe,Castellanos,Colonia Aldao,0120,RECURRIDO,recurridos,0,2015_GENERAL_DIST21_santafe_presidente.xlsx
2015,GENERAL,2015-10-25,PRESIDENTE Y VICE,21,Santa Fe,Castellanos,Colonia Aldao,0120,POSITIVO,positivo,1190,2015_GENERAL_DIST21_santafe_presidente.xlsx
2015,GENERAL,2015-10-25,PRESIDENTE Y VICE,21,Santa Fe,Castellanos,Frontera,0134A,EN BLANCO,blancos,134,2015_GENERAL_DIST21_santafe_presidente.xlsx
2015,GENERAL,2015-10-25,PRESIDENTE Y VICE,21,Santa Fe,Castellanos,Frontera,0134A,NULO,nulos,77,2015_GENERAL_DIST21_santafe_presidente.xlsx
2015,GENERAL,2015-10-25,PRESIDENTE Y VICE,21,Santa Fe,Castellanos,Frontera,0134A,IMPUGNADO,impugnados,0,2015_GENERAL_DIST21_santafe_presidente.xlsx
2015,GENERAL,2015-10-25,PRESIDENTE Y VICE,21,Santa Fe,Castellanos,Frontera,0134A,RECURRIDO,recurridos,1,2015_GENERAL_DIST21_santafe_presidente.xlsx
2015,GENERAL,2015-10-25,PRESIDENTE Y VICE,21,Santa Fe,Castellanos,Frontera,0134A,POSITIVO,positivo,5300,2015_GENERAL_DIST21_santafe_presidente.xlsx
2015,GENERAL,2015-10-25,PRESIDENTE Y VICE,21,Santa Fe,Castellanos,Humberto Primo,0117,EN BLANCO,blancos,82,2015_GENERAL_DIST21_santafe_presidente.xlsx
2015,GENERAL,2015-10-25,PRESIDENTE Y VICE,21,Santa Fe,Castellanos,Humberto Primo,0117,NULO,nulos,14,2015_GENERAL_DIST21_santafe_presidente.xlsx
2015,GENERAL,2015-10-25,PRESIDENTE Y VICE,21,Santa Fe,Castellanos,Humberto Primo,0117,IMPUGNADO,impugnados,0,2015_GENERAL_DIST21_santafe_presidente.xlsx
2015,GENERAL,2015-10-25,PRESIDENTE Y VICE,21,Santa Fe,Castellanos,Humberto Primo,0117,RECURRIDO,recurridos,0,2015_GENERAL_DIST21_santafe_presidente.xlsx
2015,GENERAL,2015-10-25,PRESIDENTE Y VICE,21,Santa Fe,Castellanos,Humberto Primo,0117,POSITIVO,positivo,3399,2015_GENERAL_DIST21_santafe_presidente.xlsx
2015,GENERAL,2015-10-25,PRESIDENTE Y VICE,21,Santa Fe,Castellanos,Josefina,0134,EN BLANCO,blancos,23,2015_GENERAL_DIST21_santafe_presidente.xlsx
2015,GENERAL,2015-10-25,PRESIDENTE Y VICE,21,Santa Fe,Castellanos,Josefina,0134,NULO,nulos,3,2015_GENERAL_DIST21_santafe_presidente.xlsx
2015,GENERAL,2015-10-25,PRESIDENTE Y VICE,21,Santa Fe,Castellanos,Josefina,0134,IMPUGNADO,impugnados,0,2015_GENERAL_DIST21_santafe_presidente.xlsx
2015,GENERAL,2015-10-25,PRESIDENTE Y VICE,21,Santa Fe,Castellanos,Josefina,0134,RECURRIDO,recurridos,0,2015_GENERAL_DIST21_santafe_presidente.xlsx
2015,GENERAL,2015-10-25,PRESIDENTE Y VICE,21,Santa Fe,Castellanos,Josefina,0134,POSITIVO,positivo,1022,2015_GENERAL_DIST21_santafe_presidente.xlsx
2015,GENERAL,2015-10-25,PRESIDENTE Y VICE,21,Santa Fe,Castellanos,Lehmann,0123,EN BLANCO,blancos,59,2015_GENERAL_DIST21_santafe_presidente.xlsx
2015,GENERAL,2015-10-25,PRESIDENTE Y VICE,21,Santa Fe,Castellanos,Lehmann,0123,NULO,nulos,13,2015_GENERAL_DIST21_santafe_presidente.xlsx
2015,GENERAL,2015-10-25,PRESIDENTE Y VICE,21,Santa Fe,Castellanos,Lehmann,0123,IMPUGNADO,impugnados,0,2015_GENERAL_DIST21_santafe_presidente.xlsx
2015,GENERAL,2015-10-25,PRESIDENTE Y VICE,21,Santa Fe,Castellanos,Lehmann,0123,RECURRIDO,recurridos,1,2015_GENERAL_DIST21_santafe_presidente.xlsx
2015,GENERAL,2015-10-25,PRESIDENTE Y VICE,21,Santa Fe,Castellanos,Lehmann,0123,POSITIVO,positivo,1905,2015_GENERAL_DIST21_santafe_presidente.xlsx
2015,GENERAL,2015-10-25,PRESIDENTE Y VICE,21,Santa Fe,Castellanos,María Juana,0140,EN BLANCO,blancos,83,2015_GENERAL_DIST21_santafe_presidente.xlsx
2015,GENERAL,2015-10-25,PRESIDENTE Y VICE,21,Santa Fe,Castellanos,María Juana,0140,NULO,nulos,35,2015_GENERAL_DIST21_santafe_presidente.xlsx
2015,GENERAL,2015-10-25,PRESIDENTE Y VICE,21,Santa Fe,Castellanos,María Juana,0140,IMPUGNADO,impugnados,0,2015_GENERAL_DIST21_santafe_presidente.xlsx
2015,GENERAL,2015-10-25,PRESIDENTE Y VICE,21,Santa Fe,Castellanos,María Juana,0140,RECURRIDO,recurridos,0,2015_GENERAL_DIST21_santafe_presidente.xlsx
2015,GENERAL,2015-10-25,PRESIDENTE Y VICE,21,Santa Fe,Castellanos,María Juana,0140,POSITIVO,positivo,3304,2015_GENERAL_DIST21_santafe_presidente.xlsx
2015,GENERAL,2015-10-25,PRESIDENTE Y VICE,21,Santa Fe,Castellanos,Ramona,0124,EN BLANCO,blancos,30,2015_GENERAL_DIST21_santafe_presidente.xlsx
2015,GENERAL,2015-10-25,PRESIDENTE Y VICE,21,Santa Fe,Castellanos,Ramona,0124,NULO,nulos,18,2015_GENERAL_DIST21_santafe_presidente.xlsx
2015,GENERAL,2015-10-25,PRESIDENTE Y VICE,21,Santa Fe,Castellanos,Ramona,0124,IMPUGNADO,impugnados,0,2015_GENERAL_DIST21_santafe_presidente.xlsx
2015,GENERAL,2015-10-25,PRESIDENTE Y VICE,21,Santa Fe,Castellanos,Ramona,0124,RECURRIDO,recurridos,0,2015_GENERAL_DIST21_santafe_presidente.xlsx
2015,GENERAL,2015-10-25,PRESIDENTE Y VICE,21,Santa Fe,Castellanos,Ramona,0124,POSITIVO,positivo,1283,2015_GENERAL_DIST21_santafe_presidente.xlsx
2015,GENERAL,2015-10-25,PRESIDENTE Y VICE,21,Santa Fe,Castellanos,San Vicente,0142,EN BLANCO,blancos,113,2015_GENERAL_DIST21_santafe_presidente.xlsx
2015,GENERAL,2015-10-25,PRESIDENTE Y VICE,21,Santa Fe,Castellanos,San Vicente,0142,NULO,nulos,16,2015_GENERAL_DIST21_santafe_presidente.xlsx
2015,GENERAL,2015-10-25,PRESIDENTE Y VICE,21,Santa Fe,Castellanos,San Vicente,0142,IMPUGNADO,impugnados,0,2015_GENERAL_DIST21_santafe_presidente.xlsx
2015,GENERAL,2015-10-25,PRESIDENTE Y VICE,21,Santa Fe,Castellanos,San Vicente,0142,RECURRIDO,recurridos,2,2015_GENERAL_DIST21_santafe_presidente.xlsx
2015,GENERAL,2015-10-25,PRESIDENTE Y VICE,21,Santa Fe,Castellanos,San Vicente,0142,POSITIVO,positivo,3922,2015_GENERAL_DIST21_santafe_presidente.xlsx
2015,GENERAL,2015-10-25,PRESIDENTE Y VICE,21,Santa Fe,Castellanos,Santa Clara de Saguier,0130,EN BLANCO,blancos,31,2015_GENERAL_DIST21_santafe_presidente.xlsx
2015,GENERAL,2015-10-25,PRESIDENTE Y VICE,21,Santa Fe,Castellanos,Santa Clara de Saguier,0130,NULO,nulos,5,2015_GENERAL_DIST21_santafe_presidente.xlsx
2015,GENERAL,2015-10-25,PRESIDENTE Y VICE,21,Santa Fe,Castellanos,Santa Clara de Saguier,0130,IMPUGNADO,impugnados,0,2015_GENERAL_DIST21_santafe_presidente.xlsx
2015,GENERAL,2015-10-25,PRESIDENTE Y VICE,21,Santa Fe,Castellanos,Santa Clara de Saguier,0130,RECURRIDO,recurridos,0,2015_GENERAL_DIST21_santafe_presidente.xlsx
2015,GENERAL,2015-10-25,PRESIDENTE Y VICE,21,Santa Fe,Castellanos,Santa Clara de Saguier,0130,POSITIVO,positivo,1141,2015_GENERAL_DIST21_santafe_presidente.xlsx
2015,GENERAL,2015-10-25,PRESIDENTE Y VICE,21,Santa Fe,Castellanos,Sunchales,0118,EN BLANCO,blancos,288,2015_GENERAL_DIST21_santafe_presidente.xlsx
2015,GENERAL,2015-10-25,PRESIDENTE Y VICE,21,Santa Fe,Castellanos,Sunchales,0118,NULO,nulos,132,2015_GENERAL_DIST21_santafe_presidente.xlsx
2015,GENERAL,2015-10-25,PRESIDENTE Y VICE,21,Santa Fe,Castellanos,Sunchales,0118,IMPUGNADO,impugnados,0,2015_GENERAL_DIST21_santafe_presidente.xlsx
2015,GENERAL,2015-10-25,PRESIDENTE Y VICE,21,Santa Fe,Castellanos,Sunchales,0118,RECURRIDO,recurridos,1,2015_GENERAL_DIST21_santafe_presidente.xlsx
2015,GENERAL,2015-10-25,PRESIDENTE Y VICE,21,Santa Fe,Castellanos,Sunchales,0118,POSITIVO,positivo,13813,2015_GENERAL_DIST21_santafe_presidente.xlsx
2015,GENERAL,2015-10-25,PRESIDENTE Y VICE,21,Santa Fe,Castellanos,Zenón Pereyra,0138,EN BLANCO,blancos,48,2015_GENERAL_DIST21_santafe_presidente.xlsx
2015,GENERAL,2015-10-25,PRESIDENTE Y VICE,21,Santa Fe,Castellanos,Zenón Pereyra,0138,NULO,nulos,4,2015_GENERAL_DIST21_santafe_presidente.xlsx
2015,GENERAL,2015-10-25,PRESIDENTE Y VICE,21,Santa Fe,Castellanos,Zenón Pereyra,0138,IMPUGNADO,impugnados,0,2015_GENERAL_DIST21_santafe_presidente.xlsx
2015,GENERAL,2015-10-25,PRESIDENTE Y VICE,21,Santa Fe,Castellanos,Zenón Pereyra,0138,RECURRIDO,recurridos,0,2015_GENERAL_DIST21_santafe_presidente.xlsx
2015,GENERAL,2015-10-25,PRESIDENTE Y VICE,21,Santa Fe,Castellanos,Zenón Pereyra,0138,POSITIVO,positivo,1165,2015_GENERAL_DIST21_santafe_presidente.xlsx
2015,GENERAL,2015-10-25,PRESIDENTE Y VICE,21,Santa Fe,Las Colonias,Esperanza,0055,EN BLANCO,blancos,667,2015_GENERAL_DIST21_santafe_presidente.xlsx
2015,GENERAL,2015-10-25,PRESIDENTE Y VICE,21,Santa Fe,Las Colonias,Esperanza,0055,NULO,nulos,307,2015_GENERAL_DIST21_santafe_presidente.xlsx
2015,GENERAL,2015-10-25,PRESIDENTE Y VICE,21,Santa Fe,Las Colonias,Esperanza,0055,IMPUGNADO,impugnados,0,2015_GENERAL_DIST21_santafe_presidente.xlsx
2015,GENERAL,2015-10-25,PRESIDENTE Y VICE,21,Santa Fe,Las Colonias,Esperanza,0055,RECURRIDO,recurridos,1,2015_GENERAL_DIST21_santafe_presidente.xlsx
2015,GENERAL,2015-10-25,PRESIDENTE Y VICE,21,Santa Fe,Las Colonias,Esperanza,0055,POSITIVO,positivo,25137,2015_GENERAL_DIST21_santafe_presidente.xlsx
2015,GENERAL,2015-10-25,PRESIDENTE Y VICE,21,Santa Fe,Las Colonias,Felicia,0060,EN BLANCO,blancos,34,2015_GENERAL_DIST21_santafe_presidente.xlsx
2015,GENERAL,2015-10-25,PRESIDENTE Y VICE,21,Santa Fe,Las Colonias,Felicia,0060,NULO,nulos,6,2015_GENERAL_DIST21_santafe_presidente.xlsx
2015,GENERAL,2015-10-25,PRESIDENTE Y VICE,21,Santa Fe,Las Colonias,Felicia,0060,IMPUGNADO,impugnados,0,2015_GENERAL_DIST21_santafe_presidente.xlsx
2015,GENERAL,2015-10-25,PRESIDENTE Y VICE,21,Santa Fe,Las Colonias,Felicia,0060,RECURRIDO,recurridos,0,2015_GENERAL_DIST21_santafe_presidente.xlsx
2015,GENERAL,2015-10-25,PRESIDENTE Y VICE,21,Santa Fe,Las Colonias,Felicia,0060,POSITIVO,positivo,1540,2015_GENERAL_DIST21_santafe_presidente.xlsx
2015,GENERAL,2015-10-25,PRESIDENTE Y VICE,21,Santa Fe,Las Colonias,Franck,0053,EN BLANCO,blancos,133,2015_GENERAL_DIST21_santafe_presidente.xlsx
2015,GENERAL,2015-10-25,PRESIDENTE Y VICE,21,Santa Fe,Las Colonias,Franck,0053,NULO,nulos,16,2015_GENERAL_DIST21_santafe_presidente.xlsx
2015,GENERAL,2015-10-25,PRESIDENTE Y VICE,21,Santa Fe,Las Colonias,Franck,0053,IMPUGNADO,impugnados,0,2015_GENERAL_DIST21_santafe_presidente.xlsx
2015,GENERAL,2015-10-25,PRESIDENTE Y VICE,21,Santa Fe,Las Colonias,Franck,0053,RECURRIDO,recurridos,0,2015_GENERAL_DIST21_santafe_presidente.xlsx
2015,GENERAL,2015-10-25,PRESIDENTE Y VICE,21,Santa Fe,Las Colonias,Franck,0053,POSITIVO,positivo,3755,2015_GENERAL_DIST21_santafe_presidente.xlsx
2015,GENERAL,2015-10-25,PRESIDENTE Y VICE,21,Santa Fe,Las Colonias,Humboldt,0056,EN BLANCO,blancos,85,2015_GENERAL_DIST21_santafe_presidente.xlsx
2015,GENERAL,2015-10-25,PRESIDENTE Y VICE,21,Santa Fe,Las Colonias,Humboldt,0056,NULO,nulos,14,2015_GENERAL_DIST21_santafe_presidente.xlsx
2015,GENERAL,2015-10-25,PRESIDENTE Y VICE,21,Santa Fe,Las Colonias,Humboldt,0056,IMPUGNADO,impugnados,0,2015_GENERAL_DIST21_santafe_presidente.xlsx
2015,GENERAL,2015-10-25,PRESIDENTE Y VICE,21,Santa Fe,Las Colonias,Humboldt,0056,RECURRIDO,recurridos,0,2015_GENERAL_DIST21_santafe_presidente.xlsx
2015,GENERAL,2015-10-25,PRESIDENTE Y VICE,21,Santa Fe,Las Colonias,Humboldt,0056,POSITIVO,positivo,3184,2015_GENERAL_DIST21_santafe_presidente.xlsx
2015,GENERAL,2015-10-25,PRESIDENTE Y VICE,21,Santa Fe,Las Colonias,Pilar,0057,EN BLANCO,blancos,120,2015_GENERAL_DIST21_santafe_presidente.xlsx
2015,GENERAL,2015-10-25,PRESIDENTE Y VICE,21,Santa Fe,Las Colonias,Pilar,0057,NULO,nulos,7,2015_GENERAL_DIST21_santafe_presidente.xlsx
2015,GENERAL,2015-10-25,PRESIDENTE Y VICE,21,Santa Fe,Las Colonias,Pilar,0057,IMPUGNADO,impugnados,0,2015_GENERAL_DIST21_santafe_presidente.xlsx
2015,GENERAL,2015-10-25,PRESIDENTE Y VICE,21,Santa Fe,Las Colonias,Pilar,0057,RECURRIDO,recurridos,0,2015_GENERAL_DIST21_santafe_presidente.xlsx
2015,GENERAL,2015-10-25,PRESIDENTE Y VICE,21,Santa Fe,Las Colonias,Pilar,0057,POSITIVO,positivo,3095,2015_GENERAL_DIST21_santafe_presidente.xlsx
2015,GENERAL,2015-10-25,PRESIDENTE Y VICE,21,Santa Fe,Las Colonias,Progreso,0063,EN BLANCO,blancos,56,2015_GENERAL_DIST21_santafe_presidente.xlsx
2015,GENERAL,2015-10-25,PRESIDENTE Y VICE,21,Santa Fe,Las Colonias,Progreso,0063,NULO,nulos,6,2015_GENERAL_DIST21_santafe_presidente.xlsx
2015,GENERAL,2015-10-25,PRESIDENTE Y VICE,21,Santa Fe,Las Colonias,Progreso,0063,IMPUGNADO,impugnados,0,2015_GENERAL_DIST21_santafe_presidente.xlsx
2015,GENERAL,2015-10-25,PRESIDENTE Y VICE,21,Santa Fe,Las Colonias,Progreso,0063,RECURRIDO,recurridos,0,2015_GENERAL_DIST21_santafe_presidente.xlsx
2015,GENERAL,2015-10-25,PRESIDENTE Y VICE,21,Santa Fe,Las Colonias,Progreso,0063,POSITIVO,positivo,1580,2015_GENERAL_DIST21_santafe_presidente.xlsx
2015,GENERAL,2015-10-25,PRESIDENTE Y VICE,21,Santa Fe,Las Colonias,San Carlos Centro,0044,EN BLANCO,blancos,192,2015_GENERAL_DIST21_santafe_presidente.xlsx
2015,GENERAL,2015-10-25,PRESIDENTE Y VICE,21,Santa Fe,Las Colonias,San Carlos Centro,0044,NULO,nulos,52,2015_GENERAL_DIST21_santafe_presidente.xlsx
2015,GENERAL,2015-10-25,PRESIDENTE Y VICE,21,Santa Fe,Las Colonias,San Carlos Centro,0044,IMPUGNADO,impugnados,0,2015_GENERAL_DIST21_santafe_presidente.xlsx
2015,GENERAL,2015-10-25,PRESIDENTE Y VICE,21,Santa Fe,Las Colonias,San Carlos Centro,0044,RECURRIDO,recurridos,0,2015_GENERAL_DIST21_santafe_presidente.xlsx
2015,GENERAL,2015-10-25,PRESIDENTE Y VICE,21,Santa Fe,Las Colonias,San Carlos Centro,0044,POSITIVO,positivo,7613,2015_GENERAL_DIST21_santafe_presidente.xlsx
2015,GENERAL,2015-10-25,PRESIDENTE Y VICE,21,Santa Fe,Las Colonias,San Carlos Sud,0043,EN BLANCO,blancos,45,2015_GENERAL_DIST21_santafe_presidente.xlsx
2015,GENERAL,2015-10-25,PRESIDENTE Y VICE,21,Santa Fe,Las Colonias,San Carlos Sud,0043,NULO,nulos,7,2015_GENERAL_DIST21_santafe_presidente.xlsx
2015,GENERAL,2015-10-25,PRESIDENTE Y VICE,21,Santa Fe,Las Colonias,San Carlos Sud,0043,IMPUGNADO,impugnados,0,2015_GENERAL_DIST21_santafe_presidente.xlsx
2015,GENERAL,2015-10-25,PRESIDENTE Y VICE,21,Santa Fe,Las Colonias,San Carlos Sud,0043,RECURRIDO,recurridos,0,2015_GENERAL_DIST21_santafe_presidente.xlsx
2015,GENERAL,2015-10-25,PRESIDENTE Y VICE,21,Santa Fe,Las Colonias,San Carlos Sud,0043,POSITIVO,positivo,1448,2015_GENERAL_DIST21_santafe_presidente.xlsx
2015,GENERAL,2015-10-25,PRESIDENTE Y VICE,21,Santa Fe,Las Colonias,San Jerónimo Norte,0052,EN BLANCO,blancos,88,2015_GENERAL_DIST21_santafe_presidente.xlsx
2015,GENERAL,2015-10-25,PRESIDENTE Y VICE,21,Santa Fe,Las Colonias,San Jerónimo Norte,0052,NULO,nulos,33,2015_GENERAL_DIST21_santafe_presidente.xlsx
2015,GENERAL,2015-10-25,PRESIDENTE Y VICE,21,Santa Fe,Las Colonias,San Jerónimo Norte,0052,IMPUGNADO,impugnados,0,2015_GENERAL_DIST21_santafe_presidente.xlsx
2015,GENERAL,2015-10-25,PRESIDENTE Y VICE,21,Santa Fe,Las Colonias,San Jerónimo Norte,0052,RECURRIDO,recurridos,0,2015_GENERAL_DIST21_santafe_presidente.xlsx
2015,GENERAL,2015-10-25,PRESIDENTE Y VICE,21,Santa Fe,Las Colonias,San Jerónimo Norte,0052,POSITIVO,positivo,4478,2015_GENERAL_DIST21_santafe_presidente.xlsx
2015,GENERAL,2015-10-25,PRESIDENTE Y VICE,21,Santa Fe,Las Colonias,Santa Clara de Buena Vista,0046,EN BLANCO,blancos,101,2015_GENERAL_DIST21_santafe_presidente.xlsx
2015,GENERAL,2015-10-25,PRESIDENTE Y VICE,21,Santa Fe,Las Colonias,Santa Clara de Buena Vista,0046,NULO,nulos,5,2015_GENERAL_DIST21_santafe_presidente.xlsx
2015,GENERAL,2015-10-25,PRESIDENTE Y VICE,21,Santa Fe,Las Colonias,Santa Clara de Buena Vista,0046,IMPUGNADO,impugnados,0,2015_GENERAL_DIST21_santafe_presidente.xlsx
2015,GENERAL,2015-10-25,PRESIDENTE Y VICE,21,Santa Fe,Las Colonias,Santa Clara de Buena Vista,0046,RECURRIDO,recurridos,0,2015_GENERAL_DIST21_santafe_presidente.xlsx
2015,GENERAL,2015-10-25,PRESIDENTE Y VICE,21,Santa Fe,Las Colonias,Santa Clara de Buena Vista,0046,POSITIVO,positivo,1897,2015_GENERAL_DIST21_santafe_presidente.xlsx
2015,GENERAL,2015-10-25,PRESIDENTE Y VICE,21,Santa Fe,San Martín,Carlos Pellegrini,0160,EN BLANCO,blancos,81,2015_GENERAL_DIST21_santafe_presidente.xlsx
2015,GENERAL,2015-10-25,PRESIDENTE Y VICE,21,Santa Fe,San Martín,Carlos Pellegrini,0160,NULO,nulos,28,2015_GENERAL_DIST21_santafe_presidente.xlsx
2015,GENERAL,2015-10-25,PRESIDENTE Y VICE,21,Santa Fe,San Martín,Carlos Pellegrini,0160,IMPUGNADO,impugnados,0,2015_GENERAL_DIST21_santafe_presidente.xlsx
2015,GENERAL,2015-10-25,PRESIDENTE Y VICE,21,Santa Fe,San Martín,Carlos Pellegrini,0160,RECURRIDO,recurridos,0,2015_GENERAL_DIST21_santafe_presidente.xlsx
2015,GENERAL,2015-10-25,PRESIDENTE Y VICE,21,Santa Fe,San Martín,Carlos Pellegrini,0160,POSITIVO,positivo,3471,2015_GENERAL_DIST21_santafe_presidente.xlsx
2015,GENERAL,2015-10-25,PRESIDENTE Y VICE,21,Santa Fe,San Martín,Cañada Rosquín,0161,EN BLANCO,blancos,74,2015_GENERAL_DIST21_santafe_presidente.xlsx
2015,GENERAL,2015-10-25,PRESIDENTE Y VICE,21,Santa Fe,San Martín,Cañada Rosquín,0161,NULO,nulos,18,2015_GENERAL_DIST21_santafe_presidente.xlsx
2015,GENERAL,2015-10-25,PRESIDENTE Y VICE,21,Santa Fe,San Martín,Cañada Rosquín,0161,IMPUGNADO,impugnados,0,2015_GENERAL_DIST21_santafe_presidente.xlsx
2015,GENERAL,2015-10-25,PRESIDENTE Y VICE,21,Santa Fe,San Martín,Cañada Rosquín,0161,RECURRIDO,recurridos,0,2015_GENERAL_DIST21_santafe_presidente.xlsx
2015,GENERAL,2015-10-25,PRESIDENTE Y VICE,21,Santa Fe,San Martín,Cañada Rosquín,0161,POSITIVO,positivo,3159,2015_GENERAL_DIST21_santafe_presidente.xlsx
2015,GENERAL,2015-10-25,PRESIDENTE Y VICE,21,Santa Fe,San Martín,El Trébol,0165,EN BLANCO,blancos,168,2015_GENERAL_DIST21_santafe_presidente.xlsx
2015,GENERAL,2015-10-25,PRESIDENTE Y VICE,21,Santa Fe,San Martín,El Trébol,0165,NULO,nulos,118,2015_GENERAL_DIST21_santafe_presidente.xlsx
2015,GENERAL,2015-10-25,PRESIDENTE Y VICE,21,Santa Fe,San Martín,El Trébol,0165,IMPUGNADO,impugnados,0,2015_GENERAL_DIST21_santafe_presidente.xlsx
2015,GENERAL,2015-10-25,PRESIDENTE Y VICE,21,Santa Fe,San Martín,El Trébol,0165,RECURRIDO,recurridos,1,2015_GENERAL_DIST21_santafe_presidente.xlsx
2015,GENERAL,2015-10-25,PRESIDENTE Y VICE,21,Santa Fe,San Martín,El Trébol,0165,POSITIVO,positivo,7565,2015_GENERAL_DIST21_santafe_presidente.xlsx
2015,GENERAL,2015-10-25,PRESIDENTE Y VICE,21,Santa Fe,San Martín,María Susana,0166,EN BLANCO,blancos,54,2015_GENERAL_DIST21_santafe_presidente.xlsx
2015,GENERAL,2015-10-25,PRESIDENTE Y VICE,21,Santa Fe,San Martín,María Susana,0166,NULO,nulos,37,2015_GENERAL_DIST21_santafe_presidente.xlsx
2015,GENERAL,2015-10-25,PRESIDENTE Y VICE,21,Santa Fe,San Martín,María Susana,0166,IMPUGNADO,impugnados,0,2015_GENERAL_DIST21_santafe_presidente.xlsx
2015,GENERAL,2015-10-25,PRESIDENTE Y VICE,21,Santa Fe,San Martín,María Susana,0166,RECURRIDO,recurridos,0,2015_GENERAL_DIST21_santafe_presidente.xlsx
2015,GENERAL,2015-10-25,PRESIDENTE Y VICE,21,Santa Fe,San Martín,María Susana,0166,POSITIVO,positivo,2263,2015_GENERAL_DIST21_santafe_presidente.xlsx
2015,GENERAL,2015-10-25,PRESIDENTE Y VICE,21,Santa Fe,San Martín,Piamonte,0164,EN BLANCO,blancos,63,2015_GENERAL_DIST21_santafe_presidente.xlsx
2015,GENERAL,2015-10-25,PRESIDENTE Y VICE,21,Santa Fe,San Martín,Piamonte,0164,NULO,nulos,16,2015_GENERAL_DIST21_santafe_presidente.xlsx
2015,GENERAL,2015-10-25,PRESIDENTE Y VICE,21,Santa Fe,San Martín,Piamonte,0164,IMPUGNADO,impugnados,0,2015_GENERAL_DIST21_santafe_presidente.xlsx
2015,GENERAL,2015-10-25,PRESIDENTE Y VICE,21,Santa Fe,San Martín,Piamonte,0164,RECURRIDO,recurridos,0,2015_GENERAL_DIST21_santafe_presidente.xlsx
2015,GENERAL,2015-10-25,PRESIDENTE Y VICE,21,Santa Fe,San Martín,Piamonte,0164,POSITIVO,positivo,2111,2015_GENERAL_DIST21_santafe_presidente.xlsx
2015,GENERAL,2015-10-25,PRESIDENTE Y VICE,21,Santa Fe,San Martín,San Jorge,0158,EN BLANCO,blancos,274,2015_GENERAL_DIST21_santafe_presidente.xlsx
2015,GENERAL,2015-10-25,PRESIDENTE Y VICE,21,Santa Fe,San Martín,San Jorge,0158,NULO,nulos,148,2015_GENERAL_DIST21_santafe_presidente.xlsx
2015,GENERAL,2015-10-25,PRESIDENTE Y VICE,21,Santa Fe,San Martín,San Jorge,0158,IMPUGNADO,impugnados,0,2015_GENERAL_DIST21_santafe_presidente.xlsx
2015,GENERAL,2015-10-25,PRESIDENTE Y VICE,21,Santa Fe,San Martín,San Jorge,0158,RECURRIDO,recurridos,1,2015_GENERAL_DIST21_santafe_presidente.xlsx
2015,GENERAL,2015-10-25,PRESIDENTE Y VICE,21,Santa Fe,San Martín,San Jorge,0158,POSITIVO,positivo,11760,2015_GENERAL_DIST21_santafe_presidente.xlsx
2015,GENERAL,2015-10-25,PRESIDENTE Y VICE,21,Santa Fe,San Martín,San Martín de las Escobas,0156,EN BLANCO,blancos,47,2015_GENERAL_DIST21_santafe_presidente.xlsx
2015,GENERAL,2015-10-25,PRESIDENTE Y VICE,21,Santa Fe,San Martín,San Martín de las Escobas,0156,NULO,nulos,6,2015_GENERAL_DIST21_santafe_presidente.xlsx
2015,GENERAL,2015-10-25,PRESIDENTE Y VICE,21,Santa Fe,San Martín,San Martín de las Escobas,0156,IMPUGNADO,impugnados,0,2015_GENERAL_DIST21_santafe_presidente.xlsx
2015,GENERAL,2015-10-25,PRESIDENTE Y VICE,21,Santa Fe,San Martín,San Martín de las Escobas,0156,RECURRIDO,recurridos,0,2015_GENERAL_DIST21_santafe_presidente.xlsx
2015,GENERAL,2015-10-25,PRESIDENTE Y VICE,21,Santa Fe,San Martín,San Martín de las Escobas,0156,POSITIVO,positivo,1828,2015_GENERAL_DIST21_santafe_presidente.xlsx
2015,GENERAL,2015-10-25,PRESIDENTE Y VICE,21,Santa Fe,San Martín,Sastre y Ortiz,0155,EN BLANCO,blancos,74,2015_GENERAL_DIST21_santafe_presidente.xlsx
2015,GENERAL,2015-10-25,PRESIDENTE Y VICE,21,Santa Fe,San Martín,Sastre y Ortiz,0155,NULO,nulos,39,2015_GENERAL_DIST21_santafe_presidente.xlsx
2015,GENERAL,2015-10-25,PRESIDENTE Y VICE,21,Santa Fe,San Martín,Sastre y Ortiz,0155,IMPUGNADO,impugnados,0,2015_GENERAL_DIST21_santafe_presidente.xlsx
2015,GENERAL,2015-10-25,PRESIDENTE Y VICE,21,Santa Fe,San Martín,Sastre y Ortiz,0155,RECURRIDO,recurridos,0,2015_GENERAL_DIST21_santafe_presidente.xlsx
2015,GENERAL,2015-10-25,PRESIDENTE Y VICE,21,Santa Fe,San Martín,Sastre y Ortiz,0155,POSITIVO,positivo,3741,2015_GENERAL_DIST21_santafe_presidente.xlsx
2019,GENERAL,2019-10-27,PRESIDENTE Y VICE,21,Santa Fe,Castellanos,Ataliva,0121,JUNTOS POR EL CAMBIO,agrupacion,871,2019_GENERAL_DIST21_santafe_presidente.xlsx
2019,GENERAL,2019-10-27,PRESIDENTE Y VICE,21,Santa Fe,Castellanos,Ataliva,0121,FRENTE DE TODOS,agrupacion,351,2019_GENERAL_DIST21_santafe_presidente.xlsx
2019,GENERAL,2019-10-27,PRESIDENTE Y VICE,21,Santa Fe,Castellanos,Ataliva,0121,CONSENSO FEDERAL,agrupacion,77,2019_GENERAL_DIST21_santafe_presidente.xlsx
2019,GENERAL,2019-10-27,PRESIDENTE Y VICE,21,Santa Fe,Castellanos,Ataliva,0121,FRENTE NOS,agrupacion,19,2019_GENERAL_DIST21_santafe_presidente.xlsx
2019,GENERAL,2019-10-27,PRESIDENTE Y VICE,21,Santa Fe,Castellanos,Ataliva,0121,UNITE POR LA LIBERTAD Y LA DIGNIDAD,agrupacion,17,2019_GENERAL_DIST21_santafe_presidente.xlsx
2019,GENERAL,2019-10-27,PRESIDENTE Y VICE,21,Santa Fe,Castellanos,Ataliva,0121,FRENTE DE IZQUIERDA Y DE TRABAJADORES - UNIDAD,agrupacion,12,2019_GENERAL_DIST21_santafe_presidente.xlsx
2019,GENERAL,2019-10-27,PRESIDENTE Y VICE,21,Santa Fe,Castellanos,Colonia Aldao,0120,JUNTOS POR EL CAMBIO,agrupacion,742,2019_GENERAL_DIST21_santafe_presidente.xlsx
2019,GENERAL,2019-10-27,PRESIDENTE Y VICE,21,Santa Fe,Castellanos,Colonia Aldao,0120,FRENTE DE TODOS,agrupacion,453,2019_GENERAL_DIST21_santafe_presidente.xlsx
2019,GENERAL,2019-10-27,PRESIDENTE Y VICE,21,Santa Fe,Castellanos,Colonia Aldao,0120,CONSENSO FEDERAL,agrupacion,59,2019_GENERAL_DIST21_santafe_presidente.xlsx
2019,GENERAL,2019-10-27,PRESIDENTE Y VICE,21,Santa Fe,Castellanos,Colonia Aldao,0120,UNITE POR LA LIBERTAD Y LA DIGNIDAD,agrupacion,16,2019_GENERAL_DIST21_santafe_presidente.xlsx
2019,GENERAL,2019-10-27,PRESIDENTE Y VICE,21,Santa Fe,Castellanos,Colonia Aldao,0120,FRENTE DE IZQUIERDA Y DE TRABAJADORES - UNIDAD,agrupacion,9,2019_GENERAL_DIST21_santafe_presidente.xlsx
2019,GENERAL,2019-10-27,PRESIDENTE Y VICE,21,Santa Fe,Castellanos,Colonia Aldao,0120,FRENTE NOS,agrupacion,5,2019_GENERAL_DIST21_santafe_presidente.xlsx
2019,GENERAL,2019-10-27,PRESIDENTE Y VICE,21,Santa Fe,Castellanos,Frontera,0134A,FRENTE DE TODOS,agrupacion,2625,2019_GENERAL_DIST21_santafe_presidente.xlsx
2019,GENERAL,2019-10-27,PRESIDENTE Y VICE,21,Santa Fe,Castellanos,Frontera,0134A,JUNTOS POR EL CAMBIO,agrupacion,1938,2019_GENERAL_DIST21_santafe_presidente.xlsx
2019,GENERAL,2019-10-27,PRESIDENTE Y VICE,21,Santa Fe,Castellanos,Frontera,0134A,CONSENSO FEDERAL,agrupacion,413,2019_GENERAL_DIST21_santafe_presidente.xlsx
2019,GENERAL,2019-10-27,PRESIDENTE Y VICE,21,Santa Fe,Castellanos,Frontera,0134A,FRENTE NOS,agrupacion,100,2019_GENERAL_DIST21_santafe_presidente.xlsx
2019,GENERAL,2019-10-27,PRESIDENTE Y VICE,21,Santa Fe,Castellanos,Frontera,0134A,UNITE POR LA LIBERTAD Y LA DIGNIDAD,agrupacion,75,2019_GENERAL_DIST21_santafe_presidente.xlsx
2019,GENERAL,2019-10-27,PRESIDENTE Y VICE,21,Santa Fe,Castellanos,Frontera,0134A,FRENTE DE IZQUIERDA Y DE TRABAJADORES - UNIDAD,agrupacion,57,2019_GENERAL_DIST21_santafe_presidente.xlsx
2019,GENERAL,2019-10-27,PRESIDENTE Y VICE,21,Santa Fe,Castellanos,Humberto Primo,0117,JUNTOS POR EL CAMBIO,agrupacion,2427,2019_GENERAL_DIST21_santafe_presidente.xlsx
2019,GENERAL,2019-10-27,PRESIDENTE Y VICE,21,Santa Fe,Castellanos,Humberto Primo,0117,FRENTE DE TODOS,agrupacion,902,2019_GENERAL_DIST21_santafe_presidente.xlsx
2019,GENERAL,2019-10-27,PRESIDENTE Y VICE,21,Santa Fe,Castellanos,Humberto Primo,0117,CONSENSO FEDERAL,agrupacion,165,2019_GENERAL_DIST21_santafe_presidente.xlsx
2019,GENERAL,2019-10-27,PRESIDENTE Y VICE,21,Santa Fe,Castellanos,Humberto Primo,0117,UNITE POR LA LIBERTAD Y LA DIGNIDAD,agrupacion,44,2019_GENERAL_DIST21_santafe_presidente.xlsx
2019,GENERAL,2019-10-27,PRESIDENTE Y VICE,21,Santa Fe,Castellanos,Humberto Primo,0117,FRENTE NOS,agrupacion,25,2019_GENERAL_DIST21_santafe_presidente.xlsx
2019,GENERAL,2019-10-27,PRESIDENTE Y VICE,21,Santa Fe,Castellanos,Humberto Primo,0117,FRENTE DE IZQUIERDA Y DE TRABAJADORES - UNIDAD,agrupacion,20,2019_GENERAL_DIST21_santafe_presidente.xlsx
2019,GENERAL,2019-10-27,PRESIDENTE Y VICE,21,Santa Fe,Castellanos,Josefina,0134,JUNTOS POR EL CAMBIO,agrupacion,355,2019_GENERAL_DIST21_santafe_presidente.xlsx
2019,GENERAL,2019-10-27,PRESIDENTE Y VICE,21,Santa Fe,Castellanos,Josefina,0134,FRENTE DE TODOS,agrupacion,160,2019_GENERAL_DIST21_santafe_presidente.xlsx
2019,GENERAL,2019-10-27,PRESIDENTE Y VICE,21,Santa Fe,Castellanos,Josefina,0134,CONSENSO FEDERAL,agrupacion,62,2019_GENERAL_DIST21_santafe_presidente.xlsx
2019,GENERAL,2019-10-27,PRESIDENTE Y VICE,21,Santa Fe,Castellanos,Josefina,0134,UNITE POR LA LIBERTAD Y LA DIGNIDAD,agrupacion,8,2019_GENERAL_DIST21_santafe_presidente.xlsx
2019,GENERAL,2019-10-27,PRESIDENTE Y VICE,21,Santa Fe,Castellanos,Josefina,0134,FRENTE DE IZQUIERDA Y DE TRABAJADORES - UNIDAD,agrupacion,5,2019_GENERAL_DIST21_santafe_presidente.xlsx
2019,GENERAL,2019-10-27,PRESIDENTE Y VICE,21,Santa Fe,Castellanos,Josefina,0134,FRENTE NOS,agrupacion,4,2019_GENERAL_DIST21_santafe_presidente.xlsx
2019,GENERAL,2019-10-27,PRESIDENTE Y VICE,21,Santa Fe,Castellanos,Lehmann,0123,JUNTOS POR EL CAMBIO,agrupacion,1181,2019_GENERAL_DIST21_santafe_presidente.xlsx
2019,GENERAL,2019-10-27,PRESIDENTE Y VICE,21,Santa Fe,Castellanos,Lehmann,0123,FRENTE DE TODOS,agrupacion,633,2019_GENERAL_DIST21_santafe_presidente.xlsx
2019,GENERAL,2019-10-27,PRESIDENTE Y VICE,21,Santa Fe,Castellanos,Lehmann,0123,CONSENSO FEDERAL,agrupacion,151,2019_GENERAL_DIST21_santafe_presidente.xlsx
2019,GENERAL,2019-10-27,PRESIDENTE Y VICE,21,Santa Fe,Castellanos,Lehmann,0123,UNITE POR LA LIBERTAD Y LA DIGNIDAD,agrupacion,31,2019_GENERAL_DIST21_santafe_presidente.xlsx
2019,GENERAL,2019-10-27,PRESIDENTE Y VICE,21,Santa Fe,Castellanos,Lehmann,0123,FRENTE NOS,agrupacion,25,2019_GENERAL_DIST21_santafe_presidente.xlsx
2019,GENERAL,2019-10-27,PRESIDENTE Y VICE,21,Santa Fe,Castellanos,Lehmann,0123,FRENTE DE IZQUIERDA Y DE TRABAJADORES - UNIDAD,agrupacion,18,2019_GENERAL_DIST21_santafe_presidente.xlsx
2019,GENERAL,2019-10-27,PRESIDENTE Y VICE,21,Santa Fe,Castellanos,María Juana,0140,JUNTOS POR EL CAMBIO,agrupacion,1587,2019_GENERAL_DIST21_santafe_presidente.xlsx
2019,GENERAL,2019-10-27,PRESIDENTE Y VICE,21,Santa Fe,Castellanos,María Juana,0140,FRENTE DE TODOS,agrupacion,1193,2019_GENERAL_DIST21_santafe_presidente.xlsx
2019,GENERAL,2019-10-27,PRESIDENTE Y VICE,21,Santa Fe,Castellanos,María Juana,0140,CONSENSO FEDERAL,agrupacion,347,2019_GENERAL_DIST21_santafe_presidente.xlsx
2019,GENERAL,2019-10-27,PRESIDENTE Y VICE,21,Santa Fe,Castellanos,María Juana,0140,FRENTE DE IZQUIERDA Y DE TRABAJADORES - UNIDAD,agrupacion,177,2019_GENERAL_DIST21_santafe_presidente.xlsx
2019,GENERAL,2019-10-27,PRESIDENTE Y VICE,21,Santa Fe,Castellanos,María Juana,0140,UNITE POR LA LIBERTAD Y LA DIGNIDAD,agrupacion,55,2019_GENERAL_DIST21_santafe_presidente.xlsx
2019,GENERAL,2019-10-27,PRESIDENTE Y VICE,21,Santa Fe,Castellanos,María Juana,0140,FRENTE NOS,agrupacion,41,2019_GENERAL_DIST21_santafe_presidente.xlsx
2019,GENERAL,2019-10-27,PRESIDENTE Y VICE,21,Santa Fe,Castellanos,Ramona,0124,JUNTOS POR EL CAMBIO,agrupacion,798,2019_GENERAL_DIST21_santafe_presidente.xlsx
2019,GENERAL,2019-10-27,PRESIDENTE Y VICE,21,Santa Fe,Castellanos,Ramona,0124,FRENTE DE TODOS,agrupacion,367,2019_GENERAL_DIST21_santafe_presidente.xlsx
2019,GENERAL,2019-10-27,PRESIDENTE Y VICE,21,Santa Fe,Castellanos,Ramona,0124,CONSENSO FEDERAL,agrupacion,99,2019_GENERAL_DIST21_santafe_presidente.xlsx
2019,GENERAL,2019-10-27,PRESIDENTE Y VICE,21,Santa Fe,Castellanos,Ramona,0124,UNITE POR LA LIBERTAD Y LA DIGNIDAD,agrupacion,23,2019_GENERAL_DIST21_santafe_presidente.xlsx
2019,GENERAL,2019-10-27,PRESIDENTE Y VICE,21,Santa Fe,Castellanos,Ramona,0124,FRENTE NOS,agrupacion,10,2019_GENERAL_DIST21_santafe_presidente.xlsx
2019,GENERAL,2019-10-27,PRESIDENTE Y VICE,21,Santa Fe,Castellanos,Ramona,0124,FRENTE DE IZQUIERDA Y DE TRABAJADORES - UNIDAD,agrupacion,9,2019_GENERAL_DIST21_santafe_presidente.xlsx
2019,GENERAL,2019-10-27,PRESIDENTE Y VICE,21,Santa Fe,Castellanos,San Vicente,0142,JUNTOS POR EL CAMBIO,agrupacion,2208,2019_GENERAL_DIST21_santafe_presidente.xlsx
2019,GENERAL,2019-10-27,PRESIDENTE Y VICE,21,Santa Fe,Castellanos,San Vicente,0142,FRENTE DE TODOS,agrupacion,1311,2019_GENERAL_DIST21_santafe_presidente.xlsx
2019,GENERAL,2019-10-27,PRESIDENTE Y VICE,21,Santa Fe,Castellanos,San Vicente,0142,CONSENSO FEDERAL,agrupacion,330,2019_GENERAL_DIST21_santafe_presidente.xlsx
2019,GENERAL,2019-10-27,PRESIDENTE Y VICE,21,Santa Fe,Castellanos,San Vicente,0142,UNITE POR LA LIBERTAD Y LA DIGNIDAD,agrupacion,104,2019_GENERAL_DIST21_santafe_presidente.xlsx
2019,GENERAL,2019-10-27,PRESIDENTE Y VICE,21,Santa Fe,Castellanos,San Vicente,0142,FRENTE NOS,agrupacion,50,2019_GENERAL_DIST21_santafe_presidente.xlsx
2019,GENERAL,2019-10-27,PRESIDENTE Y VICE,21,Santa Fe,Castellanos,San Vicente,0142,FRENTE DE IZQUIERDA Y DE TRABAJADORES - UNIDAD,agrupacion,46,2019_GENERAL_DIST21_santafe_presidente.xlsx
2019,GENERAL,2019-10-27,PRESIDENTE Y VICE,21,Santa Fe,Castellanos,Santa Clara de Saguier,0130,JUNTOS POR EL CAMBIO,agrupacion,764,2019_GENERAL_DIST21_santafe_presidente.xlsx
2019,GENERAL,2019-10-27,PRESIDENTE Y VICE,21,Santa Fe,Castellanos,Santa Clara de Saguier,0130,FRENTE DE TODOS,agrupacion,442,2019_GENERAL_DIST21_santafe_presidente.xlsx
2019,GENERAL,2019-10-27,PRESIDENTE Y VICE,21,Santa Fe,Castellanos,Santa Clara de Saguier,0130,CONSENSO FEDERAL,agrupacion,89,2019_GENERAL_DIST21_santafe_presidente.xlsx
2019,GENERAL,2019-10-27,PRESIDENTE Y VICE,21,Santa Fe,Castellanos,Santa Clara de Saguier,0130,UNITE POR LA LIBERTAD Y LA DIGNIDAD,agrupacion,32,2019_GENERAL_DIST21_santafe_presidente.xlsx
2019,GENERAL,2019-10-27,PRESIDENTE Y VICE,21,Santa Fe,Castellanos,Santa Clara de Saguier,0130,FRENTE DE IZQUIERDA Y DE TRABAJADORES - UNIDAD,agrupacion,20,2019_GENERAL_DIST21_santafe_presidente.xlsx
2019,GENERAL,2019-10-27,PRESIDENTE Y VICE,21,Santa Fe,Castellanos,Santa Clara de Saguier,0130,FRENTE NOS,agrupacion,16,2019_GENERAL_DIST21_santafe_presidente.xlsx
2019,GENERAL,2019-10-27,PRESIDENTE Y VICE,21,Santa Fe,Castellanos,Sunchales,0118,JUNTOS POR EL CAMBIO,agrupacion,8303,2019_GENERAL_DIST21_santafe_presidente.xlsx
2019,GENERAL,2019-10-27,PRESIDENTE Y VICE,21,Santa Fe,Castellanos,Sunchales,0118,FRENTE DE TODOS,agrupacion,5168,2019_GENERAL_DIST21_santafe_presidente.xlsx
2019,GENERAL,2019-10-27,PRESIDENTE Y VICE,21,Santa Fe,Castellanos,Sunchales,0118,CONSENSO FEDERAL,agrupacion,1052,2019_GENERAL_DIST21_santafe_presidente.xlsx
2019,GENERAL,2019-10-27,PRESIDENTE Y VICE,21,Santa Fe,Castellanos,Sunchales,0118,UNITE POR LA LIBERTAD Y LA DIGNIDAD,agrupacion,257,2019_GENERAL_DIST21_santafe_presidente.xlsx
2019,GENERAL,2019-10-27,PRESIDENTE Y VICE,21,Santa Fe,Castellanos,Sunchales,0118,FRENTE NOS,agrupacion,169,2019_GENERAL_DIST21_santafe_presidente.xlsx
2019,GENERAL,2019-10-27,PRESIDENTE Y VICE,21,Santa Fe,Castellanos,Sunchales,0118,FRENTE DE IZQUIERDA Y DE TRABAJADORES - UNIDAD,agrupacion,147,2019_GENERAL_DIST21_santafe_presidente.xlsx
2019,GENERAL,2019-10-27,PRESIDENTE Y VICE,21,Santa Fe,Castellanos,Zenón Pereyra,0138,JUNTOS POR EL CAMBIO,agrupacion,782,2019_GENERAL_DIST21_santafe_presidente.xlsx
2019,GENERAL,2019-10-27,PRESIDENTE Y VICE,21,Santa Fe,Castellanos,Zenón Pereyra,0138,FRENTE DE TODOS,agrupacion,328,2019_GENERAL_DIST21_santafe_presidente.xlsx
2019,GENERAL,2019-10-27,PRESIDENTE Y VICE,21,Santa Fe,Castellanos,Zenón Pereyra,0138,CONSENSO FEDERAL,agrupacion,69,2019_GENERAL_DIST21_santafe_presidente.xlsx
2019,GENERAL,2019-10-27,PRESIDENTE Y VICE,21,Santa Fe,Castellanos,Zenón Pereyra,0138,FRENTE DE IZQUIERDA Y DE TRABAJADORES - UNIDAD,agrupacion,12,2019_GENERAL_DIST21_santafe_presidente.xlsx
2019,GENERAL,2019-10-27,PRESIDENTE Y VICE,21,Santa Fe,Castellanos,Zenón Pereyra,0138,UNITE POR LA LIBERTAD Y LA DIGNIDAD,agrupacion,12,2019_GENERAL_DIST21_santafe_presidente.xlsx
2019,GENERAL,2019-10-27,PRESIDENTE Y VICE,21,Santa Fe,Castellanos,Zenón Pereyra,0138,FRENTE NOS,agrupacion,6,2019_GENERAL_DIST21_santafe_presidente.xlsx
2019,GENERAL,2019-10-27,PRESIDENTE Y VICE,21,Santa Fe,Las Colonias,Esperanza,0055,JUNTOS POR EL CAMBIO,agrupacion,17380,2019_GENERAL_DIST21_santafe_presidente.xlsx
2019,GENERAL,2019-10-27,PRESIDENTE Y VICE,21,Santa Fe,Las Colonias,Esperanza,0055,FRENTE DE TODOS,agrupacion,7263,2019_GENERAL_DIST21_santafe_presidente.xlsx
2019,GENERAL,2019-10-27,PRESIDENTE Y VICE,21,Santa Fe,Las Colonias,Esperanza,0055,CONSENSO FEDERAL,agrupacion,2087,2019_GENERAL_DIST21_santafe_presidente.xlsx
2019,GENERAL,2019-10-27,PRESIDENTE Y VICE,21,Santa Fe,Las Colonias,Esperanza,0055,UNITE POR LA LIBERTAD Y LA DIGNIDAD,agrupacion,464,2019_GENERAL_DIST21_santafe_presidente.xlsx
2019,GENERAL,2019-10-27,PRESIDENTE Y VICE,21,Santa Fe,Las Colonias,Esperanza,0055,FRENTE NOS,agrupacion,406,2019_GENERAL_DIST21_santafe_presidente.xlsx
2019,GENERAL,2019-10-27,PRESIDENTE Y VICE,21,Santa Fe,Las Colonias,Esperanza,0055,FRENTE DE IZQUIERDA Y DE TRABAJADORES - UNIDAD,agrupacion,216,2019_GENERAL_DIST21_santafe_presidente.xlsx
2019,GENERAL,2019-10-27,PRESIDENTE Y VICE,21,Santa Fe,Las Colonias,Felicia,0060,JUNTOS POR EL CAMBIO,agrupacion,1218,2019_GENERAL_DIST21_santafe_presidente.xlsx
2019,GENERAL,2019-10-27,PRESIDENTE Y VICE,21,Santa Fe,Las Colonias,Felicia,0060,FRENTE DE TODOS,agrupacion,261,2019_GENERAL_DIST21_santafe_presidente.xlsx
2019,GENERAL,2019-10-27,PRESIDENTE Y VICE,21,Santa Fe,Las Colonias,Felicia,0060,CONSENSO FEDERAL,agrupacion,75,2019_GENERAL_DIST21_santafe_presidente.xlsx
2019,GENERAL,2019-10-27,PRESIDENTE Y VICE,21,Santa Fe,Las Colonias,Felicia,0060,FRENTE DE IZQUIERDA Y DE TRABAJADORES - UNIDAD,agrupacion,13,2019_GENERAL_DIST21_santafe_presidente.xlsx
2019,GENERAL,2019-10-27,PRESIDENTE Y VICE,21,Santa Fe,Las Colonias,Felicia,0060,UNITE POR LA LIBERTAD Y LA DIGNIDAD,agrupacion,12,2019_GENERAL_DIST21_santafe_presidente.xlsx
2019,GENERAL,2019-10-27,PRESIDENTE Y VICE,21,Santa Fe,Las Colonias,Felicia,0060,FRENTE NOS,agrupacion,11,2019_GENERAL_DIST21_santafe_presidente.xlsx
2019,GENERAL,2019-10-27,PRESIDENTE Y VICE,21,Santa Fe,Las Colonias,Franck,0053,JUNTOS POR EL CAMBIO,agrupacion,3003,2019_GENERAL_DIST21_santafe_presidente.xlsx
2019,GENERAL,2019-10-27,PRESIDENTE Y VICE,21,Santa Fe,Las Colonias,Franck,0053,FRENTE DE TODOS,agrupacion,761,2019_GENERAL_DIST21_santafe_presidente.xlsx
2019,GENERAL,2019-10-27,PRESIDENTE Y VICE,21,Santa Fe,Las Colonias,Franck,0053,CONSENSO FEDERAL,agrupacion,303,2019_GENERAL_DIST21_santafe_presidente.xlsx
2019,GENERAL,2019-10-27,PRESIDENTE Y VICE,21,Santa Fe,Las Colonias,Franck,0053,UNITE POR LA LIBERTAD Y LA DIGNIDAD,agrupacion,60,2019_GENERAL_DIST21_santafe_presidente.xlsx
2019,GENERAL,2019-10-27,PRESIDENTE Y VICE,21,Santa Fe,Las Colonias,Franck,0053,FRENTE NOS,agrupacion,54,2019_GENERAL_DIST21_santafe_presidente.xlsx
2019,GENERAL,2019-10-27,PRESIDENTE Y VICE,21,Santa Fe,Las Colonias,Franck,0053,FRENTE DE IZQUIERDA Y DE TRABAJADORES - UNIDAD,agrupacion,32,2019_GENERAL_DIST21_santafe_presidente.xlsx
2019,GENERAL,2019-10-27,PRESIDENTE Y VICE,21,Santa Fe,Las Colonias,Humboldt,0056,JUNTOS POR EL CAMBIO,agrupacion,2276,2019_GENERAL_DIST21_santafe_presidente.xlsx
2019,GENERAL,2019-10-27,PRESIDENTE Y VICE,21,Santa Fe,Las Colonias,Humboldt,0056,FRENTE DE TODOS,agrupacion,798,2019_GENERAL_DIST21_santafe_presidente.xlsx
2019,GENERAL,2019-10-27,PRESIDENTE Y VICE,21,Santa Fe,Las Colonias,Humboldt,0056,CONSENSO FEDERAL,agrupacion,273,2019_GENERAL_DIST21_santafe_presidente.xlsx
2019,GENERAL,2019-10-27,PRESIDENTE Y VICE,21,Santa Fe,Las Colonias,Humboldt,0056,UNITE POR LA LIBERTAD Y LA DIGNIDAD,agrupacion,69,2019_GENERAL_DIST21_santafe_presidente.xlsx
2019,GENERAL,2019-10-27,PRESIDENTE Y VICE,21,Santa Fe,Las Colonias,Humboldt,0056,FRENTE NOS,agrupacion,50,2019_GENERAL_DIST21_santafe_presidente.xlsx
2019,GENERAL,2019-10-27,PRESIDENTE Y VICE,21,Santa Fe,Las Colonias,Humboldt,0056,FRENTE DE IZQUIERDA Y DE TRABAJADORES - UNIDAD,agrupacion,35,2019_GENERAL_DIST21_santafe_presidente.xlsx
2019,GENERAL,2019-10-27,PRESIDENTE Y VICE,21,Santa Fe,Las Colonias,Pilar,0057,JUNTOS POR EL CAMBIO,agrupacion,1859,2019_GENERAL_DIST21_santafe_presidente.xlsx
2019,GENERAL,2019-10-27,PRESIDENTE Y VICE,21,Santa Fe,Las Colonias,Pilar,0057,FRENTE DE TODOS,agrupacion,1157,2019_GENERAL_DIST21_santafe_presidente.xlsx
2019,GENERAL,2019-10-27,PRESIDENTE Y VICE,21,Santa Fe,Las Colonias,Pilar,0057,CONSENSO FEDERAL,agrupacion,208,2019_GENERAL_DIST21_santafe_presidente.xlsx
2019,GENERAL,2019-10-27,PRESIDENTE Y VICE,21,Santa Fe,Las Colonias,Pilar,0057,UNITE POR LA LIBERTAD Y LA DIGNIDAD,agrupacion,47,2019_GENERAL_DIST21_santafe_presidente.xlsx
2019,GENERAL,2019-10-27,PRESIDENTE Y VICE,21,Santa Fe,Las Colonias,Pilar,0057,FRENTE DE IZQUIERDA Y DE TRABAJADORES - UNIDAD,agrupacion,30,2019_GENERAL_DIST21_santafe_presidente.xlsx
2019,GENERAL,2019-10-27,PRESIDENTE Y VICE,21,Santa Fe,Las Colonias,Pilar,0057,FRENTE NOS,agrupacion,16,2019_GENERAL_DIST21_santafe_presidente.xlsx
2019,GENERAL,2019-10-27,PRESIDENTE Y VICE,21,Santa Fe,Las Colonias,Progreso,0063,JUNTOS POR EL CAMBIO,agrupacion,1235,2019_GENERAL_DIST21_santafe_presidente.xlsx
2019,GENERAL,2019-10-27,PRESIDENTE Y VICE,21,Santa Fe,Las Colonias,Progreso,0063,FRENTE DE TODOS,agrupacion,317,2019_GENERAL_DIST21_santafe_presidente.xlsx
2019,GENERAL,2019-10-27,PRESIDENTE Y VICE,21,Santa Fe,Las Colonias,Progreso,0063,CONSENSO FEDERAL,agrupacion,100,2019_GENERAL_DIST21_santafe_presidente.xlsx
2019,GENERAL,2019-10-27,PRESIDENTE Y VICE,21,Santa Fe,Las Colonias,Progreso,0063,FRENTE NOS,agrupacion,11,2019_GENERAL_DIST21_santafe_presidente.xlsx
2019,GENERAL,2019-10-27,PRESIDENTE Y VICE,21,Santa Fe,Las Colonias,Progreso,0063,FRENTE DE IZQUIERDA Y DE TRABAJADORES - UNIDAD,agrupacion,9,2019_GENERAL_DIST21_santafe_presidente.xlsx
2019,GENERAL,2019-10-27,PRESIDENTE Y VICE,21,Santa Fe,Las Colonias,Progreso,0063,UNITE POR LA LIBERTAD Y LA DIGNIDAD,agrupacion,9,2019_GENERAL_DIST21_santafe_presidente.xlsx
2019,GENERAL,2019-10-27,PRESIDENTE Y VICE,21,Santa Fe,Las Colonias,San Carlos Centro,0044,JUNTOS POR EL CAMBIO,agrupacion,4062,2019_GENERAL_DIST21_santafe_presidente.xlsx
2019,GENERAL,2019-10-27,PRESIDENTE Y VICE,21,Santa Fe,Las Colonias,San Carlos Centro,0044,FRENTE DE TODOS,agrupacion,2764,2019_GENERAL_DIST21_santafe_presidente.xlsx
2019,GENERAL,2019-10-27,PRESIDENTE Y VICE,21,Santa Fe,Las Colonias,San Carlos Centro,0044,CONSENSO FEDERAL,agrupacion,802,2019_GENERAL_DIST21_santafe_presidente.xlsx
2019,GENERAL,2019-10-27,PRESIDENTE Y VICE,21,Santa Fe,Las Colonias,San Carlos Centro,0044,UNITE POR LA LIBERTAD Y LA DIGNIDAD,agrupacion,223,2019_GENERAL_DIST21_santafe_presidente.xlsx
2019,GENERAL,2019-10-27,PRESIDENTE Y VICE,21,Santa Fe,Las Colonias,San Carlos Centro,0044,FRENTE NOS,agrupacion,111,2019_GENERAL_DIST21_santafe_presidente.xlsx
2019,GENERAL,2019-10-27,PRESIDENTE Y VICE,21,Santa Fe,Las Colonias,San Carlos Centro,0044,FRENTE DE IZQUIERDA Y DE TRABAJADORES - UNIDAD,agrupacion,74,2019_GENERAL_DIST21_santafe_presidente.xlsx
2019,GENERAL,2019-10-27,PRESIDENTE Y VICE,21,Santa Fe,Las Colonias,San Carlos Sud,0043,JUNTOS POR EL CAMBIO,agrupacion,753,2019_GENERAL_DIST21_santafe_presidente.xlsx
2019,GENERAL,2019-10-27,PRESIDENTE Y VICE,21,Santa Fe,Las Colonias,San Carlos Sud,0043,FRENTE DE TODOS,agrupacion,650,2019_GENERAL_DIST21_santafe_presidente.xlsx
2019,GENERAL,2019-10-27,PRESIDENTE Y VICE,21,Santa Fe,Las Colonias,San Carlos Sud,0043,CONSENSO FEDERAL,agrupacion,144,2019_GENERAL_DIST21_santafe_presidente.xlsx
2019,GENERAL,2019-10-27,PRESIDENTE Y VICE,21,Santa Fe,Las Colonias,San Carlos Sud,0043,UNITE POR LA LIBERTAD Y LA DIGNIDAD,agrupacion,54,2019_GENERAL_DIST21_santafe_presidente.xlsx
2019,GENERAL,2019-10-27,PRESIDENTE Y VICE,21,Santa Fe,Las Colonias,San Carlos Sud,0043,FRENTE NOS,agrupacion,32,2019_GENERAL_DIST21_santafe_presidente.xlsx
2019,GENERAL,2019-10-27,PRESIDENTE Y VICE,21,Santa Fe,Las Colonias,San Carlos Sud,0043,FRENTE DE IZQUIERDA Y DE TRABAJADORES - UNIDAD,agrupacion,20,2019_GENERAL_DIST21_santafe_presidente.xlsx
2019,GENERAL,2019-10-27,PRESIDENTE Y VICE,21,Santa Fe,Las Colonias,San Jerónimo Norte,0052,JUNTOS POR EL CAMBIO,agrupacion,3351,2019_GENERAL_DIST21_santafe_presidente.xlsx
2019,GENERAL,2019-10-27,PRESIDENTE Y VICE,21,Santa Fe,Las Colonias,San Jerónimo Norte,0052,FRENTE DE TODOS,agrupacion,932,2019_GENERAL_DIST21_santafe_presidente.xlsx
2019,GENERAL,2019-10-27,PRESIDENTE Y VICE,21,Santa Fe,Las Colonias,San Jerónimo Norte,0052,CONSENSO FEDERAL,agrupacion,328,2019_GENERAL_DIST21_santafe_presidente.xlsx
2019,GENERAL,2019-10-27,PRESIDENTE Y VICE,21,Santa Fe,Las Colonias,San Jerónimo Norte,0052,UNITE POR LA LIBERTAD Y LA DIGNIDAD,agrupacion,107,2019_GENERAL_DIST21_santafe_presidente.xlsx
2019,GENERAL,2019-10-27,PRESIDENTE Y VICE,21,Santa Fe,Las Colonias,San Jerónimo Norte,0052,FRENTE DE IZQUIERDA Y DE TRABAJADORES - UNIDAD,agrupacion,33,2019_GENERAL_DIST21_santafe_presidente.xlsx
2019,GENERAL,2019-10-27,PRESIDENTE Y VICE,21,Santa Fe,Las Colonias,San Jerónimo Norte,0052,FRENTE NOS,agrupacion,24,2019_GENERAL_DIST21_santafe_presidente.xlsx
2019,GENERAL,2019-10-27,PRESIDENTE Y VICE,21,Santa Fe,Las Colonias,Santa Clara de Buena Vista,0046,JUNTOS POR EL CAMBIO,agrupacion,1010,2019_GENERAL_DIST21_santafe_presidente.xlsx
2019,GENERAL,2019-10-27,PRESIDENTE Y VICE,21,Santa Fe,Las Colonias,Santa Clara de Buena Vista,0046,FRENTE DE TODOS,agrupacion,730,2019_GENERAL_DIST21_santafe_presidente.xlsx
2019,GENERAL,2019-10-27,PRESIDENTE Y VICE,21,Santa Fe,Las Colonias,Santa Clara de Buena Vista,0046,CONSENSO FEDERAL,agrupacion,202,2019_GENERAL_DIST21_santafe_presidente.xlsx
2019,GENERAL,2019-10-27,PRESIDENTE Y VICE,21,Santa Fe,Las Colonias,Santa Clara de Buena Vista,0046,UNITE POR LA LIBERTAD Y LA DIGNIDAD,agrupacion,52,2019_GENERAL_DIST21_santafe_presidente.xlsx
2019,GENERAL,2019-10-27,PRESIDENTE Y VICE,21,Santa Fe,Las Colonias,Santa Clara de Buena Vista,0046,FRENTE DE IZQUIERDA Y DE TRABAJADORES - UNIDAD,agrupacion,20,2019_GENERAL_DIST21_santafe_presidente.xlsx
2019,GENERAL,2019-10-27,PRESIDENTE Y VICE,21,Santa Fe,Las Colonias,Santa Clara de Buena Vista,0046,FRENTE NOS,agrupacion,11,2019_GENERAL_DIST21_santafe_presidente.xlsx
2019,GENERAL,2019-10-27,PRESIDENTE Y VICE,21,Santa Fe,San Martín,Carlos Pellegrini,0160,JUNTOS POR EL CAMBIO,agrupacion,2209,2019_GENERAL_DIST21_santafe_presidente.xlsx
2019,GENERAL,2019-10-27,PRESIDENTE Y VICE,21,Santa Fe,San Martín,Carlos Pellegrini,0160,FRENTE DE TODOS,agrupacion,954,2019_GENERAL_DIST21_santafe_presidente.xlsx
2019,GENERAL,2019-10-27,PRESIDENTE Y VICE,21,Santa Fe,San Martín,Carlos Pellegrini,0160,CONSENSO FEDERAL,agrupacion,287,2019_GENERAL_DIST21_santafe_presidente.xlsx
2019,GENERAL,2019-10-27,PRESIDENTE Y VICE,21,Santa Fe,San Martín,Carlos Pellegrini,0160,FRENTE NOS,agrupacion,65,2019_GENERAL_DIST21_santafe_presidente.xlsx
2019,GENERAL,2019-10-27,PRESIDENTE Y VICE,21,Santa Fe,San Martín,Carlos Pellegrini,0160,UNITE POR LA LIBERTAD Y LA DIGNIDAD,agrupacion,48,2019_GENERAL_DIST21_santafe_presidente.xlsx
2019,GENERAL,2019-10-27,PRESIDENTE Y VICE,21,Santa Fe,San Martín,Carlos Pellegrini,0160,FRENTE DE IZQUIERDA Y DE TRABAJADORES - UNIDAD,agrupacion,37,2019_GENERAL_DIST21_santafe_presidente.xlsx
2019,GENERAL,2019-10-27,PRESIDENTE Y VICE,21,Santa Fe,San Martín,Cañada Rosquín,0161,JUNTOS POR EL CAMBIO,agrupacion,2032,2019_GENERAL_DIST21_santafe_presidente.xlsx
2019,GENERAL,2019-10-27,PRESIDENTE Y VICE,21,Santa Fe,San Martín,Cañada Rosquín,0161,FRENTE DE TODOS,agrupacion,1078,2019_GENERAL_DIST21_santafe_presidente.xlsx
2019,GENERAL,2019-10-27,PRESIDENTE Y VICE,21,Santa Fe,San Martín,Cañada Rosquín,0161,CONSENSO FEDERAL,agrupacion,318,2019_GENERAL_DIST21_santafe_presidente.xlsx
2019,GENERAL,2019-10-27,PRESIDENTE Y VICE,21,Santa Fe,San Martín,Cañada Rosquín,0161,FRENTE NOS,agrupacion,53,2019_GENERAL_DIST21_santafe_presidente.xlsx
2019,GENERAL,2019-10-27,PRESIDENTE Y VICE,21,Santa Fe,San Martín,Cañada Rosquín,0161,UNITE POR LA LIBERTAD Y LA DIGNIDAD,agrupacion,49,2019_GENERAL_DIST21_santafe_presidente.xlsx
2019,GENERAL,2019-10-27,PRESIDENTE Y VICE,21,Santa Fe,San Martín,Cañada Rosquín,0161,FRENTE DE IZQUIERDA Y DE TRABAJADORES - UNIDAD,agrupacion,40,2019_GENERAL_DIST21_santafe_presidente.xlsx
2019,GENERAL,2019-10-27,PRESIDENTE Y VICE,21,Santa Fe,San Martín,El Trébol,0165,JUNTOS POR EL CAMBIO,agrupacion,4015,2019_GENERAL_DIST21_santafe_presidente.xlsx
2019,GENERAL,2019-10-27,PRESIDENTE Y VICE,21,Santa Fe,San Martín,El Trébol,0165,FRENTE DE TODOS,agrupacion,2834,2019_GENERAL_DIST21_santafe_presidente.xlsx
2019,GENERAL,2019-10-27,PRESIDENTE Y VICE,21,Santa Fe,San Martín,El Trébol,0165,CONSENSO FEDERAL,agrupacion,713,2019_GENERAL_DIST21_santafe_presidente.xlsx
2019,GENERAL,2019-10-27,PRESIDENTE Y VICE,21,Santa Fe,San Martín,El Trébol,0165,UNITE POR LA LIBERTAD Y LA DIGNIDAD,agrupacion,181,2019_GENERAL_DIST21_santafe_presidente.xlsx
2019,GENERAL,2019-10-27,PRESIDENTE Y VICE,21,Santa Fe,San Martín,El Trébol,0165,FRENTE NOS,agrupacion,147,2019_GENERAL_DIST21_santafe_presidente.xlsx
2019,GENERAL,2019-10-27,PRESIDENTE Y VICE,21,Santa Fe,San Martín,El Trébol,0165,FRENTE DE IZQUIERDA Y DE TRABAJADORES - UNIDAD,agrupacion,96,2019_GENERAL_DIST21_santafe_presidente.xlsx
2019,GENERAL,2019-10-27,PRESIDENTE Y VICE,21,Santa Fe,San Martín,María Susana,0166,JUNTOS POR EL CAMBIO,agrupacion,1347,2019_GENERAL_DIST21_santafe_presidente.xlsx
2019,GENERAL,2019-10-27,PRESIDENTE Y VICE,21,Santa Fe,San Martín,María Susana,0166,FRENTE DE TODOS,agrupacion,664,2019_GENERAL_DIST21_santafe_presidente.xlsx
2019,GENERAL,2019-10-27,PRESIDENTE Y VICE,21,Santa Fe,San Martín,María Susana,0166,CONSENSO FEDERAL,agrupacion,174,2019_GENERAL_DIST21_santafe_presidente.xlsx
2019,GENERAL,2019-10-27,PRESIDENTE Y VICE,21,Santa Fe,San Martín,María Susana,0166,FRENTE NOS,agrupacion,32,2019_GENERAL_DIST21_santafe_presidente.xlsx
2019,GENERAL,2019-10-27,PRESIDENTE Y VICE,21,Santa Fe,San Martín,María Susana,0166,UNITE POR LA LIBERTAD Y LA DIGNIDAD,agrupacion,31,2019_GENERAL_DIST21_santafe_presidente.xlsx
2019,GENERAL,2019-10-27,PRESIDENTE Y VICE,21,Santa Fe,San Martín,María Susana,0166,FRENTE DE IZQUIERDA Y DE TRABAJADORES - UNIDAD,agrupacion,12,2019_GENERAL_DIST21_santafe_presidente.xlsx
2019,GENERAL,2019-10-27,PRESIDENTE Y VICE,21,Santa Fe,San Martín,Piamonte,0164,JUNTOS POR EL CAMBIO,agrupacion,1265,2019_GENERAL_DIST21_santafe_presidente.xlsx
2019,GENERAL,2019-10-27,PRESIDENTE Y VICE,21,Santa Fe,San Martín,Piamonte,0164,FRENTE DE TODOS,agrupacion,572,2019_GENERAL_DIST21_santafe_presidente.xlsx
2019,GENERAL,2019-10-27,PRESIDENTE Y VICE,21,Santa Fe,San Martín,Piamonte,0164,CONSENSO FEDERAL,agrupacion,160,2019_GENERAL_DIST21_santafe_presidente.xlsx
2019,GENERAL,2019-10-27,PRESIDENTE Y VICE,21,Santa Fe,San Martín,Piamonte,0164,FRENTE NOS,agrupacion,47,2019_GENERAL_DIST21_santafe_presidente.xlsx
2019,GENERAL,2019-10-27,PRESIDENTE Y VICE,21,Santa Fe,San Martín,Piamonte,0164,FRENTE DE IZQUIERDA Y DE TRABAJADORES - UNIDAD,agrupacion,33,2019_GENERAL_DIST21_santafe_presidente.xlsx
2019,GENERAL,2019-10-27,PRESIDENTE Y VICE,21,Santa Fe,San Martín,Piamonte,0164,UNITE POR LA LIBERTAD Y LA DIGNIDAD,agrupacion,17,2019_GENERAL_DIST21_santafe_presidente.xlsx
2019,GENERAL,2019-10-27,PRESIDENTE Y VICE,21,Santa Fe,San Martín,San Jorge,0158,JUNTOS POR EL CAMBIO,agrupacion,6289,2019_GENERAL_DIST21_santafe_presidente.xlsx
2019,GENERAL,2019-10-27,PRESIDENTE Y VICE,21,Santa Fe,San Martín,San Jorge,0158,FRENTE DE TODOS,agrupacion,4463,2019_GENERAL_DIST21_santafe_presidente.xlsx
2019,GENERAL,2019-10-27,PRESIDENTE Y VICE,21,Santa Fe,San Martín,San Jorge,0158,CONSENSO FEDERAL,agrupacion,1127,2019_GENERAL_DIST21_santafe_presidente.xlsx
2019,GENERAL,2019-10-27,PRESIDENTE Y VICE,21,Santa Fe,San Martín,San Jorge,0158,UNITE POR LA LIBERTAD Y LA DIGNIDAD,agrupacion,229,2019_GENERAL_DIST21_santafe_presidente.xlsx
2019,GENERAL,2019-10-27,PRESIDENTE Y VICE,21,Santa Fe,San Martín,San Jorge,0158,FRENTE NOS,agrupacion,212,2019_GENERAL_DIST21_santafe_presidente.xlsx
2019,GENERAL,2019-10-27,PRESIDENTE Y VICE,21,Santa Fe,San Martín,San Jorge,0158,FRENTE DE IZQUIERDA Y DE TRABAJADORES - UNIDAD,agrupacion,149,2019_GENERAL_DIST21_santafe_presidente.xlsx
2019,GENERAL,2019-10-27,PRESIDENTE Y VICE,21,Santa Fe,San Martín,San Martín de las Escobas,0156,JUNTOS POR EL CAMBIO,agrupacion,1298,2019_GENERAL_DIST21_santafe_presidente.xlsx
2019,GENERAL,2019-10-27,PRESIDENTE Y VICE,21,Santa Fe,San Martín,San Martín de las Escobas,0156,FRENTE DE TODOS,agrupacion,417,2019_GENERAL_DIST21_santafe_presidente.xlsx
2019,GENERAL,2019-10-27,PRESIDENTE Y VICE,21,Santa Fe,San Martín,San Martín de las Escobas,0156,CONSENSO FEDERAL,agrupacion,118,2019_GENERAL_DIST21_santafe_presidente.xlsx
2019,GENERAL,2019-10-27,PRESIDENTE Y VICE,21,Santa Fe,San Martín,San Martín de las Escobas,0156,FRENTE NOS,agrupacion,49,2019_GENERAL_DIST21_santafe_presidente.xlsx
2019,GENERAL,2019-10-27,PRESIDENTE Y VICE,21,Santa Fe,San Martín,San Martín de las Escobas,0156,UNITE POR LA LIBERTAD Y LA DIGNIDAD,agrupacion,22,2019_GENERAL_DIST21_santafe_presidente.xlsx
2019,GENERAL,2019-10-27,PRESIDENTE Y VICE,21,Santa Fe,San Martín,San Martín de las Escobas,0156,FRENTE DE IZQUIERDA Y DE TRABAJADORES - UNIDAD,agrupacion,18,2019_GENERAL_DIST21_santafe_presidente.xlsx
2019,GENERAL,2019-10-27,PRESIDENTE Y VICE,21,Santa Fe,San Martín,Sastre y Ortiz,0155,FRENTE DE TODOS,agrupacion,1658,2019_GENERAL_DIST21_santafe_presidente.xlsx
2019,GENERAL,2019-10-27,PRESIDENTE Y VICE,21,Santa Fe,San Martín,Sastre y Ortiz,0155,JUNTOS POR EL CAMBIO,agrupacion,1645,2019_GENERAL_DIST21_santafe_presidente.xlsx
2019,GENERAL,2019-10-27,PRESIDENTE Y VICE,21,Santa Fe,San Martín,Sastre y Ortiz,0155,CONSENSO FEDERAL,agrupacion,365,2019_GENERAL_DIST21_santafe_presidente.xlsx
2019,GENERAL,2019-10-27,PRESIDENTE Y VICE,21,Santa Fe,San Martín,Sastre y Ortiz,0155,UNITE POR LA LIBERTAD Y LA DIGNIDAD,agrupacion,66,2019_GENERAL_DIST21_santafe_presidente.xlsx
2019,GENERAL,2019-10-27,PRESIDENTE Y VICE,21,Santa Fe,San Martín,Sastre y Ortiz,0155,FRENTE DE IZQUIERDA Y DE TRABAJADORES - UNIDAD,agrupacion,49,2019_GENERAL_DIST21_santafe_presidente.xlsx
2019,GENERAL,2019-10-27,PRESIDENTE Y VICE,21,Santa Fe,San Martín,Sastre y Ortiz,0155,FRENTE NOS,agrupacion,29,2019_GENERAL_DIST21_santafe_presidente.xlsx
2019,GENERAL,2019-10-27,PRESIDENTE Y VICE,21,Santa Fe,Castellanos,Ataliva,0121,EN BLANCO,blancos,11,2019_GENERAL_DIST21_santafe_presidente.xlsx
2019,GENERAL,2019-10-27,PRESIDENTE Y VICE,21,Santa Fe,Castellanos,Ataliva,0121,NULO,nulos,21,2019_GENERAL_DIST21_santafe_presidente.xlsx
2019,GENERAL,2019-10-27,PRESIDENTE Y VICE,21,Santa Fe,Castellanos,Ataliva,0121,IMPUGNADO,impugnados,0,2019_GENERAL_DIST21_santafe_presidente.xlsx
2019,GENERAL,2019-10-27,PRESIDENTE Y VICE,21,Santa Fe,Castellanos,Ataliva,0121,RECURRIDO,recurridos,0,2019_GENERAL_DIST21_santafe_presidente.xlsx
2019,GENERAL,2019-10-27,PRESIDENTE Y VICE,21,Santa Fe,Castellanos,Ataliva,0121,COMANDO,comando,2,2019_GENERAL_DIST21_santafe_presidente.xlsx
2019,GENERAL,2019-10-27,PRESIDENTE Y VICE,21,Santa Fe,Castellanos,Ataliva,0121,POSITIVO,positivo,1347,2019_GENERAL_DIST21_santafe_presidente.xlsx
2019,GENERAL,2019-10-27,PRESIDENTE Y VICE,21,Santa Fe,Castellanos,Colonia Aldao,0120,EN BLANCO,blancos,11,2019_GENERAL_DIST21_santafe_presidente.xlsx
2019,GENERAL,2019-10-27,PRESIDENTE Y VICE,21,Santa Fe,Castellanos,Colonia Aldao,0120,NULO,nulos,18,2019_GENERAL_DIST21_santafe_presidente.xlsx
2019,GENERAL,2019-10-27,PRESIDENTE Y VICE,21,Santa Fe,Castellanos,Colonia Aldao,0120,IMPUGNADO,impugnados,0,2019_GENERAL_DIST21_santafe_presidente.xlsx
2019,GENERAL,2019-10-27,PRESIDENTE Y VICE,21,Santa Fe,Castellanos,Colonia Aldao,0120,RECURRIDO,recurridos,0,2019_GENERAL_DIST21_santafe_presidente.xlsx
2019,GENERAL,2019-10-27,PRESIDENTE Y VICE,21,Santa Fe,Castellanos,Colonia Aldao,0120,COMANDO,comando,0,2019_GENERAL_DIST21_santafe_presidente.xlsx
2019,GENERAL,2019-10-27,PRESIDENTE Y VICE,21,Santa Fe,Castellanos,Colonia Aldao,0120,POSITIVO,positivo,1284,2019_GENERAL_DIST21_santafe_presidente.xlsx
2019,GENERAL,2019-10-27,PRESIDENTE Y VICE,21,Santa Fe,Castellanos,Frontera,0134A,EN BLANCO,blancos,13,2019_GENERAL_DIST21_santafe_presidente.xlsx
2019,GENERAL,2019-10-27,PRESIDENTE Y VICE,21,Santa Fe,Castellanos,Frontera,0134A,NULO,nulos,99,2019_GENERAL_DIST21_santafe_presidente.xlsx
2019,GENERAL,2019-10-27,PRESIDENTE Y VICE,21,Santa Fe,Castellanos,Frontera,0134A,IMPUGNADO,impugnados,0,2019_GENERAL_DIST21_santafe_presidente.xlsx
2019,GENERAL,2019-10-27,PRESIDENTE Y VICE,21,Santa Fe,Castellanos,Frontera,0134A,RECURRIDO,recurridos,0,2019_GENERAL_DIST21_santafe_presidente.xlsx
2019,GENERAL,2019-10-27,PRESIDENTE Y VICE,21,Santa Fe,Castellanos,Frontera,0134A,COMANDO,comando,6,2019_GENERAL_DIST21_santafe_presidente.xlsx
2019,GENERAL,2019-10-27,PRESIDENTE Y VICE,21,Santa Fe,Castellanos,Frontera,0134A,POSITIVO,positivo,5208,2019_GENERAL_DIST21_santafe_presidente.xlsx
2019,GENERAL,2019-10-27,PRESIDENTE Y VICE,21,Santa Fe,Castellanos,Humberto Primo,0117,EN BLANCO,blancos,20,2019_GENERAL_DIST21_santafe_presidente.xlsx
2019,GENERAL,2019-10-27,PRESIDENTE Y VICE,21,Santa Fe,Castellanos,Humberto Primo,0117,NULO,nulos,32,2019_GENERAL_DIST21_santafe_presidente.xlsx
2019,GENERAL,2019-10-27,PRESIDENTE Y VICE,21,Santa Fe,Castellanos,Humberto Primo,0117,IMPUGNADO,impugnados,0,2019_GENERAL_DIST21_santafe_presidente.xlsx
2019,GENERAL,2019-10-27,PRESIDENTE Y VICE,21,Santa Fe,Castellanos,Humberto Primo,0117,RECURRIDO,recurridos,0,2019_GENERAL_DIST21_santafe_presidente.xlsx
2019,GENERAL,2019-10-27,PRESIDENTE Y VICE,21,Santa Fe,Castellanos,Humberto Primo,0117,COMANDO,comando,4,2019_GENERAL_DIST21_santafe_presidente.xlsx
2019,GENERAL,2019-10-27,PRESIDENTE Y VICE,21,Santa Fe,Castellanos,Humberto Primo,0117,POSITIVO,positivo,3583,2019_GENERAL_DIST21_santafe_presidente.xlsx
2019,GENERAL,2019-10-27,PRESIDENTE Y VICE,21,Santa Fe,Castellanos,Josefina,0134,EN BLANCO,blancos,3,2019_GENERAL_DIST21_santafe_presidente.xlsx
2019,GENERAL,2019-10-27,PRESIDENTE Y VICE,21,Santa Fe,Castellanos,Josefina,0134,NULO,nulos,3,2019_GENERAL_DIST21_santafe_presidente.xlsx
2019,GENERAL,2019-10-27,PRESIDENTE Y VICE,21,Santa Fe,Castellanos,Josefina,0134,IMPUGNADO,impugnados,0,2019_GENERAL_DIST21_santafe_presidente.xlsx
2019,GENERAL,2019-10-27,PRESIDENTE Y VICE,21,Santa Fe,Castellanos,Josefina,0134,RECURRIDO,recurridos,0,2019_GENERAL_DIST21_santafe_presidente.xlsx
2019,GENERAL,2019-10-27,PRESIDENTE Y VICE,21,Santa Fe,Castellanos,Josefina,0134,COMANDO,comando,2,2019_GENERAL_DIST21_santafe_presidente.xlsx
2019,GENERAL,2019-10-27,PRESIDENTE Y VICE,21,Santa Fe,Castellanos,Josefina,0134,POSITIVO,positivo,594,2019_GENERAL_DIST21_santafe_presidente.xlsx
2019,GENERAL,2019-10-27,PRESIDENTE Y VICE,21,Santa Fe,Castellanos,Lehmann,0123,EN BLANCO,blancos,14,2019_GENERAL_DIST21_santafe_presidente.xlsx
2019,GENERAL,2019-10-27,PRESIDENTE Y VICE,21,Santa Fe,Castellanos,Lehmann,0123,NULO,nulos,23,2019_GENERAL_DIST21_santafe_presidente.xlsx
2019,GENERAL,2019-10-27,PRESIDENTE Y VICE,21,Santa Fe,Castellanos,Lehmann,0123,IMPUGNADO,impugnados,0,2019_GENERAL_DIST21_santafe_presidente.xlsx
2019,GENERAL,2019-10-27,PRESIDENTE Y VICE,21,Santa Fe,Castellanos,Lehmann,0123,RECURRIDO,recurridos,1,2019_GENERAL_DIST21_santafe_presidente.xlsx
2019,GENERAL,2019-10-27,PRESIDENTE Y VICE,21,Santa Fe,Castellanos,Lehmann,0123,COMANDO,comando,1,2019_GENERAL_DIST21_santafe_presidente.xlsx
2019,GENERAL,2019-10-27,PRESIDENTE Y VICE,21,Santa Fe,Castellanos,Lehmann,0123,POSITIVO,positivo,2039,2019_GENERAL_DIST21_santafe_presidente.xlsx
2019,GENERAL,2019-10-27,PRESIDENTE Y VICE,21,Santa Fe,Castellanos,María Juana,0140,EN BLANCO,blancos,23,2019_GENERAL_DIST21_santafe_presidente.xlsx
2019,GENERAL,2019-10-27,PRESIDENTE Y VICE,21,Santa Fe,Castellanos,María Juana,0140,NULO,nulos,38,2019_GENERAL_DIST21_santafe_presidente.xlsx
2019,GENERAL,2019-10-27,PRESIDENTE Y VICE,21,Santa Fe,Castellanos,María Juana,0140,IMPUGNADO,impugnados,0,2019_GENERAL_DIST21_santafe_presidente.xlsx
2019,GENERAL,2019-10-27,PRESIDENTE Y VICE,21,Santa Fe,Castellanos,María Juana,0140,RECURRIDO,recurridos,1,2019_GENERAL_DIST21_santafe_presidente.xlsx
2019,GENERAL,2019-10-27,PRESIDENTE Y VICE,21,Santa Fe,Castellanos,María Juana,0140,COMANDO,comando,1,2019_GENERAL_DIST21_santafe_presidente.xlsx
2019,GENERAL,2019-10-27,PRESIDENTE Y VICE,21,Santa Fe,Castellanos,María Juana,0140,POSITIVO,positivo,3400,2019_GENERAL_DIST21_santafe_presidente.xlsx
2019,GENERAL,2019-10-27,PRESIDENTE Y VICE,21,Santa Fe,Castellanos,Ramona,0124,EN BLANCO,blancos,17,2019_GENERAL_DIST21_santafe_presidente.xlsx
2019,GENERAL,2019-10-27,PRESIDENTE Y VICE,21,Santa Fe,Castellanos,Ramona,0124,NULO,nulos,29,2019_GENERAL_DIST21_santafe_presidente.xlsx
2019,GENERAL,2019-10-27,PRESIDENTE Y VICE,21,Santa Fe,Castellanos,Ramona,0124,IMPUGNADO,impugnados,0,2019_GENERAL_DIST21_santafe_presidente.xlsx
2019,GENERAL,2019-10-27,PRESIDENTE Y VICE,21,Santa Fe,Castellanos,Ramona,0124,RECURRIDO,recurridos,0,2019_GENERAL_DIST21_santafe_presidente.xlsx
2019,GENERAL,2019-10-27,PRESIDENTE Y VICE,21,Santa Fe,Castellanos,Ramona,0124,COMANDO,comando,1,2019_GENERAL_DIST21_santafe_presidente.xlsx
2019,GENERAL,2019-10-27,PRESIDENTE Y VICE,21,Santa Fe,Castellanos,Ramona,0124,POSITIVO,positivo,1306,2019_GENERAL_DIST21_santafe_presidente.xlsx
2019,GENERAL,2019-10-27,PRESIDENTE Y VICE,21,Santa Fe,Castellanos,San Vicente,0142,EN BLANCO,blancos,48,2019_GENERAL_DIST21_santafe_presidente.xlsx
2019,GENERAL,2019-10-27,PRESIDENTE Y VICE,21,Santa Fe,Castellanos,San Vicente,0142,NULO,nulos,64,2019_GENERAL_DIST21_santafe_presidente.xlsx
2019,GENERAL,2019-10-27,PRESIDENTE Y VICE,21,Santa Fe,Castellanos,San Vicente,0142,IMPUGNADO,impugnados,0,2019_GENERAL_DIST21_santafe_presidente.xlsx
2019,GENERAL,2019-10-27,PRESIDENTE Y VICE,21,Santa Fe,Castellanos,San Vicente,0142,RECURRIDO,recurridos,0,2019_GENERAL_DIST21_santafe_presidente.xlsx
2019,GENERAL,2019-10-27,PRESIDENTE Y VICE,21,Santa Fe,Castellanos,San Vicente,0142,COMANDO,comando,2,2019_GENERAL_DIST21_santafe_presidente.xlsx
2019,GENERAL,2019-10-27,PRESIDENTE Y VICE,21,Santa Fe,Castellanos,San Vicente,0142,POSITIVO,positivo,4049,2019_GENERAL_DIST21_santafe_presidente.xlsx
2019,GENERAL,2019-10-27,PRESIDENTE Y VICE,21,Santa Fe,Castellanos,Santa Clara de Saguier,0130,EN BLANCO,blancos,16,2019_GENERAL_DIST21_santafe_presidente.xlsx
2019,GENERAL,2019-10-27,PRESIDENTE Y VICE,21,Santa Fe,Castellanos,Santa Clara de Saguier,0130,NULO,nulos,15,2019_GENERAL_DIST21_santafe_presidente.xlsx
2019,GENERAL,2019-10-27,PRESIDENTE Y VICE,21,Santa Fe,Castellanos,Santa Clara de Saguier,0130,IMPUGNADO,impugnados,0,2019_GENERAL_DIST21_santafe_presidente.xlsx
2019,GENERAL,2019-10-27,PRESIDENTE Y VICE,21,Santa Fe,Castellanos,Santa Clara de Saguier,0130,RECURRIDO,recurridos,0,2019_GENERAL_DIST21_santafe_presidente.xlsx
2019,GENERAL,2019-10-27,PRESIDENTE Y VICE,21,Santa Fe,Castellanos,Santa Clara de Saguier,0130,COMANDO,comando,0,2019_GENERAL_DIST21_santafe_presidente.xlsx
2019,GENERAL,2019-10-27,PRESIDENTE Y VICE,21,Santa Fe,Castellanos,Santa Clara de Saguier,0130,POSITIVO,positivo,1363,2019_GENERAL_DIST21_santafe_presidente.xlsx
2019,GENERAL,2019-10-27,PRESIDENTE Y VICE,21,Santa Fe,Castellanos,Sunchales,0118,EN BLANCO,blancos,80,2019_GENERAL_DIST21_santafe_presidente.xlsx
2019,GENERAL,2019-10-27,PRESIDENTE Y VICE,21,Santa Fe,Castellanos,Sunchales,0118,NULO,nulos,183,2019_GENERAL_DIST21_santafe_presidente.xlsx
2019,GENERAL,2019-10-27,PRESIDENTE Y VICE,21,Santa Fe,Castellanos,Sunchales,0118,IMPUGNADO,impugnados,0,2019_GENERAL_DIST21_santafe_presidente.xlsx
2019,GENERAL,2019-10-27,PRESIDENTE Y VICE,21,Santa Fe,Castellanos,Sunchales,0118,RECURRIDO,recurridos,0,2019_GENERAL_DIST21_santafe_presidente.xlsx
2019,GENERAL,2019-10-27,PRESIDENTE Y VICE,21,Santa Fe,Castellanos,Sunchales,0118,COMANDO,comando,4,2019_GENERAL_DIST21_santafe_presidente.xlsx
2019,GENERAL,2019-10-27,PRESIDENTE Y VICE,21,Santa Fe,Castellanos,Sunchales,0118,POSITIVO,positivo,15096,2019_GENERAL_DIST21_santafe_presidente.xlsx
2019,GENERAL,2019-10-27,PRESIDENTE Y VICE,21,Santa Fe,Castellanos,Zenón Pereyra,0138,EN BLANCO,blancos,8,2019_GENERAL_DIST21_santafe_presidente.xlsx
2019,GENERAL,2019-10-27,PRESIDENTE Y VICE,21,Santa Fe,Castellanos,Zenón Pereyra,0138,NULO,nulos,9,2019_GENERAL_DIST21_santafe_presidente.xlsx
2019,GENERAL,2019-10-27,PRESIDENTE Y VICE,21,Santa Fe,Castellanos,Zenón Pereyra,0138,IMPUGNADO,impugnados,0,2019_GENERAL_DIST21_santafe_presidente.xlsx
2019,GENERAL,2019-10-27,PRESIDENTE Y VICE,21,Santa Fe,Castellanos,Zenón Pereyra,0138,RECURRIDO,recurridos,0,2019_GENERAL_DIST21_santafe_presidente.xlsx
2019,GENERAL,2019-10-27,PRESIDENTE Y VICE,21,Santa Fe,Castellanos,Zenón Pereyra,0138,COMANDO,comando,1,2019_GENERAL_DIST21_santafe_presidente.xlsx
2019,GENERAL,2019-10-27,PRESIDENTE Y VICE,21,Santa Fe,Castellanos,Zenón Pereyra,0138,POSITIVO,positivo,1209,2019_GENERAL_DIST21_santafe_presidente.xlsx
2019,GENERAL,2019-10-27,PRESIDENTE Y VICE,21,Santa Fe,Las Colonias,Esperanza,0055,EN BLANCO,blancos,171,2019_GENERAL_DIST21_santafe_presidente.xlsx
2019,GENERAL,2019-10-27,PRESIDENTE Y VICE,21,Santa Fe,Las Colonias,Esperanza,0055,NULO,nulos,406,2019_GENERAL_DIST21_santafe_presidente.xlsx
2019,GENERAL,2019-10-27,PRESIDENTE Y VICE,21,Santa Fe,Las Colonias,Esperanza,0055,IMPUGNADO,impugnados,0,2019_GENERAL_DIST21_santafe_presidente.xlsx
2019,GENERAL,2019-10-27,PRESIDENTE Y VICE,21,Santa Fe,Las Colonias,Esperanza,0055,RECURRIDO,recurridos,2,2019_GENERAL_DIST21_santafe_presidente.xlsx
2019,GENERAL,2019-10-27,PRESIDENTE Y VICE,21,Santa Fe,Las Colonias,Esperanza,0055,COMANDO,comando,16,2019_GENERAL_DIST21_santafe_presidente.xlsx
2019,GENERAL,2019-10-27,PRESIDENTE Y VICE,21,Santa Fe,Las Colonias,Esperanza,0055,POSITIVO,positivo,27816,2019_GENERAL_DIST21_santafe_presidente.xlsx
2019,GENERAL,2019-10-27,PRESIDENTE Y VICE,21,Santa Fe,Las Colonias,Felicia,0060,EN BLANCO,blancos,14,2019_GENERAL_DIST21_santafe_presidente.xlsx
2019,GENERAL,2019-10-27,PRESIDENTE Y VICE,21,Santa Fe,Las Colonias,Felicia,0060,NULO,nulos,21,2019_GENERAL_DIST21_santafe_presidente.xlsx
2019,GENERAL,2019-10-27,PRESIDENTE Y VICE,21,Santa Fe,Las Colonias,Felicia,0060,IMPUGNADO,impugnados,0,2019_GENERAL_DIST21_santafe_presidente.xlsx
2019,GENERAL,2019-10-27,PRESIDENTE Y VICE,21,Santa Fe,Las Colonias,Felicia,0060,RECURRIDO,recurridos,0,2019_GENERAL_DIST21_santafe_presidente.xlsx
2019,GENERAL,2019-10-27,PRESIDENTE Y VICE,21,Santa Fe,Las Colonias,Felicia,0060,COMANDO,comando,3,2019_GENERAL_DIST21_santafe_presidente.xlsx
2019,GENERAL,2019-10-27,PRESIDENTE Y VICE,21,Santa Fe,Las Colonias,Felicia,0060,POSITIVO,positivo,1590,2019_GENERAL_DIST21_santafe_presidente.xlsx
2019,GENERAL,2019-10-27,PRESIDENTE Y VICE,21,Santa Fe,Las Colonias,Franck,0053,EN BLANCO,blancos,25,2019_GENERAL_DIST21_santafe_presidente.xlsx
2019,GENERAL,2019-10-27,PRESIDENTE Y VICE,21,Santa Fe,Las Colonias,Franck,0053,NULO,nulos,64,2019_GENERAL_DIST21_santafe_presidente.xlsx
2019,GENERAL,2019-10-27,PRESIDENTE Y VICE,21,Santa Fe,Las Colonias,Franck,0053,IMPUGNADO,impugnados,0,2019_GENERAL_DIST21_santafe_presidente.xlsx
2019,GENERAL,2019-10-27,PRESIDENTE Y VICE,21,Santa Fe,Las Colonias,Franck,0053,RECURRIDO,recurridos,0,2019_GENERAL_DIST21_santafe_presidente.xlsx
2019,GENERAL,2019-10-27,PRESIDENTE Y VICE,21,Santa Fe,Las Colonias,Franck,0053,COMANDO,comando,2,2019_GENERAL_DIST21_santafe_presidente.xlsx
2019,GENERAL,2019-10-27,PRESIDENTE Y VICE,21,Santa Fe,Las Colonias,Franck,0053,POSITIVO,positivo,4213,2019_GENERAL_DIST21_santafe_presidente.xlsx
2019,GENERAL,2019-10-27,PRESIDENTE Y VICE,21,Santa Fe,Las Colonias,Humboldt,0056,EN BLANCO,blancos,20,2019_GENERAL_DIST21_santafe_presidente.xlsx
2019,GENERAL,2019-10-27,PRESIDENTE Y VICE,21,Santa Fe,Las Colonias,Humboldt,0056,NULO,nulos,35,2019_GENERAL_DIST21_santafe_presidente.xlsx
2019,GENERAL,2019-10-27,PRESIDENTE Y VICE,21,Santa Fe,Las Colonias,Humboldt,0056,IMPUGNADO,impugnados,0,2019_GENERAL_DIST21_santafe_presidente.xlsx
2019,GENERAL,2019-10-27,PRESIDENTE Y VICE,21,Santa Fe,Las Colonias,Humboldt,0056,RECURRIDO,recurridos,0,2019_GENERAL_DIST21_santafe_presidente.xlsx
2019,GENERAL,2019-10-27,PRESIDENTE Y VICE,21,Santa Fe,Las Colonias,Humboldt,0056,COMANDO,comando,3,2019_GENERAL_DIST21_santafe_presidente.xlsx
2019,GENERAL,2019-10-27,PRESIDENTE Y VICE,21,Santa Fe,Las Colonias,Humboldt,0056,POSITIVO,positivo,3501,2019_GENERAL_DIST21_santafe_presidente.xlsx
2019,GENERAL,2019-10-27,PRESIDENTE Y VICE,21,Santa Fe,Las Colonias,Pilar,0057,EN BLANCO,blancos,20,2019_GENERAL_DIST21_santafe_presidente.xlsx
2019,GENERAL,2019-10-27,PRESIDENTE Y VICE,21,Santa Fe,Las Colonias,Pilar,0057,NULO,nulos,50,2019_GENERAL_DIST21_santafe_presidente.xlsx
2019,GENERAL,2019-10-27,PRESIDENTE Y VICE,21,Santa Fe,Las Colonias,Pilar,0057,IMPUGNADO,impugnados,0,2019_GENERAL_DIST21_santafe_presidente.xlsx
2019,GENERAL,2019-10-27,PRESIDENTE Y VICE,21,Santa Fe,Las Colonias,Pilar,0057,RECURRIDO,recurridos,0,2019_GENERAL_DIST21_santafe_presidente.xlsx
2019,GENERAL,2019-10-27,PRESIDENTE Y VICE,21,Santa Fe,Las Colonias,Pilar,0057,COMANDO,comando,3,2019_GENERAL_DIST21_santafe_presidente.xlsx
2019,GENERAL,2019-10-27,PRESIDENTE Y VICE,21,Santa Fe,Las Colonias,Pilar,0057,POSITIVO,positivo,3317,2019_GENERAL_DIST21_santafe_presidente.xlsx
2019,GENERAL,2019-10-27,PRESIDENTE Y VICE,21,Santa Fe,Las Colonias,Progreso,0063,EN BLANCO,blancos,14,2019_GENERAL_DIST21_santafe_presidente.xlsx
2019,GENERAL,2019-10-27,PRESIDENTE Y VICE,21,Santa Fe,Las Colonias,Progreso,0063,NULO,nulos,13,2019_GENERAL_DIST21_santafe_presidente.xlsx
2019,GENERAL,2019-10-27,PRESIDENTE Y VICE,21,Santa Fe,Las Colonias,Progreso,0063,IMPUGNADO,impugnados,0,2019_GENERAL_DIST21_santafe_presidente.xlsx
2019,GENERAL,2019-10-27,PRESIDENTE Y VICE,21,Santa Fe,Las Colonias,Progreso,0063,RECURRIDO,recurridos,0,2019_GENERAL_DIST21_santafe_presidente.xlsx
2019,GENERAL,2019-10-27,PRESIDENTE Y VICE,21,Santa Fe,Las Colonias,Progreso,0063,COMANDO,comando,2,2019_GENERAL_DIST21_santafe_presidente.xlsx
2019,GENERAL,2019-10-27,PRESIDENTE Y VICE,21,Santa Fe,Las Colonias,Progreso,0063,POSITIVO,positivo,1681,2019_GENERAL_DIST21_santafe_presidente.xlsx
2019,GENERAL,2019-10-27,PRESIDENTE Y VICE,21,Santa Fe,Las Colonias,San Carlos Centro,0044,EN BLANCO,blancos,65,2019_GENERAL_DIST21_santafe_presidente.xlsx
2019,GENERAL,2019-10-27,PRESIDENTE Y VICE,21,Santa Fe,Las Colonias,San Carlos Centro,0044,NULO,nulos,88,2019_GENERAL_DIST21_santafe_presidente.xlsx
2019,GENERAL,2019-10-27,PRESIDENTE Y VICE,21,Santa Fe,Las Colonias,San Carlos Centro,0044,IMPUGNADO,impugnados,0,2019_GENERAL_DIST21_santafe_presidente.xlsx
2019,GENERAL,2019-10-27,PRESIDENTE Y VICE,21,Santa Fe,Las Colonias,San Carlos Centro,0044,RECURRIDO,recurridos,0,2019_GENERAL_DIST21_santafe_presidente.xlsx
2019,GENERAL,2019-10-27,PRESIDENTE Y VICE,21,Santa Fe,Las Colonias,San Carlos Centro,0044,COMANDO,comando,8,2019_GENERAL_DIST21_santafe_presidente.xlsx
2019,GENERAL,2019-10-27,PRESIDENTE Y VICE,21,Santa Fe,Las Colonias,San Carlos Centro,0044,POSITIVO,positivo,8036,2019_GENERAL_DIST21_santafe_presidente.xlsx
2019,GENERAL,2019-10-27,PRESIDENTE Y VICE,21,Santa Fe,Las Colonias,San Carlos Sud,0043,EN BLANCO,blancos,15,2019_GENERAL_DIST21_santafe_presidente.xlsx
2019,GENERAL,2019-10-27,PRESIDENTE Y VICE,21,Santa Fe,Las Colonias,San Carlos Sud,0043,NULO,nulos,15,2019_GENERAL_DIST21_santafe_presidente.xlsx
2019,GENERAL,2019-10-27,PRESIDENTE Y VICE,21,Santa Fe,Las Colonias,San Carlos Sud,0043,IMPUGNADO,impugnados,0,2019_GENERAL_DIST21_santafe_presidente.xlsx
2019,GENERAL,2019-10-27,PRESIDENTE Y VICE,21,Santa Fe,Las Colonias,San Carlos Sud,0043,RECURRIDO,recurridos,0,2019_GENERAL_DIST21_santafe_presidente.xlsx
2019,GENERAL,2019-10-27,PRESIDENTE Y VICE,21,Santa Fe,Las Colonias,San Carlos Sud,0043,COMANDO,comando,2,2019_GENERAL_DIST21_santafe_presidente.xlsx
2019,GENERAL,2019-10-27,PRESIDENTE Y VICE,21,Santa Fe,Las Colonias,San Carlos Sud,0043,POSITIVO,positivo,1653,2019_GENERAL_DIST21_santafe_presidente.xlsx
2019,GENERAL,2019-10-27,PRESIDENTE Y VICE,21,Santa Fe,Las Colonias,San Jerónimo Norte,0052,EN BLANCO,blancos,26,2019_GENERAL_DIST21_santafe_presidente.xlsx
2019,GENERAL,2019-10-27,PRESIDENTE Y VICE,21,Santa Fe,Las Colonias,San Jerónimo Norte,0052,NULO,nulos,59,2019_GENERAL_DIST21_santafe_presidente.xlsx
2019,GENERAL,2019-10-27,PRESIDENTE Y VICE,21,Santa Fe,Las Colonias,San Jerónimo Norte,0052,IMPUGNADO,impugnados,0,2019_GENERAL_DIST21_santafe_presidente.xlsx
2019,GENERAL,2019-10-27,PRESIDENTE Y VICE,21,Santa Fe,Las Colonias,San Jerónimo Norte,0052,RECURRIDO,recurridos,0,2019_GENERAL_DIST21_santafe_presidente.xlsx
2019,GENERAL,2019-10-27,PRESIDENTE Y VICE,21,Santa Fe,Las Colonias,San Jerónimo Norte,0052,COMANDO,comando,5,2019_GENERAL_DIST21_santafe_presidente.xlsx
2019,GENERAL,2019-10-27,PRESIDENTE Y VICE,21,Santa Fe,Las Colonias,San Jerónimo Norte,0052,POSITIVO,positivo,4775,2019_GENERAL_DIST21_santafe_presidente.xlsx
2019,GENERAL,2019-10-27,PRESIDENTE Y VICE,21,Santa Fe,Las Colonias,Santa Clara de Buena Vista,0046,EN BLANCO,blancos,24,2019_GENERAL_DIST21_santafe_presidente.xlsx
2019,GENERAL,2019-10-27,PRESIDENTE Y VICE,21,Santa Fe,Las Colonias,Santa Clara de Buena Vista,0046,NULO,nulos,27,2019_GENERAL_DIST21_santafe_presidente.xlsx
2019,GENERAL,2019-10-27,PRESIDENTE Y VICE,21,Santa Fe,Las Colonias,Santa Clara de Buena Vista,0046,IMPUGNADO,impugnados,0,2019_GENERAL_DIST21_santafe_presidente.xlsx
2019,GENERAL,2019-10-27,PRESIDENTE Y VICE,21,Santa Fe,Las Colonias,Santa Clara de Buena Vista,0046,RECURRIDO,recurridos,0,2019_GENERAL_DIST21_santafe_presidente.xlsx
2019,GENERAL,2019-10-27,PRESIDENTE Y VICE,21,Santa Fe,Las Colonias,Santa Clara de Buena Vista,0046,COMANDO,comando,0,2019_GENERAL_DIST21_santafe_presidente.xlsx
2019,GENERAL,2019-10-27,PRESIDENTE Y VICE,21,Santa Fe,Las Colonias,Santa Clara de Buena Vista,0046,POSITIVO,positivo,2025,2019_GENERAL_DIST21_santafe_presidente.xlsx
2019,GENERAL,2019-10-27,PRESIDENTE Y VICE,21,Santa Fe,San Martín,Carlos Pellegrini,0160,EN BLANCO,blancos,28,2019_GENERAL_DIST21_santafe_presidente.xlsx
2019,GENERAL,2019-10-27,PRESIDENTE Y VICE,21,Santa Fe,San Martín,Carlos Pellegrini,0160,NULO,nulos,56,2019_GENERAL_DIST21_santafe_presidente.xlsx
2019,GENERAL,2019-10-27,PRESIDENTE Y VICE,21,Santa Fe,San Martín,Carlos Pellegrini,0160,IMPUGNADO,impugnados,0,2019_GENERAL_DIST21_santafe_presidente.xlsx
2019,GENERAL,2019-10-27,PRESIDENTE Y VICE,21,Santa Fe,San Martín,Carlos Pellegrini,0160,RECURRIDO,recurridos,0,2019_GENERAL_DIST21_santafe_presidente.xlsx
2019,GENERAL,2019-10-27,PRESIDENTE Y VICE,21,Santa Fe,San Martín,Carlos Pellegrini,0160,COMANDO,comando,0,2019_GENERAL_DIST21_santafe_presidente.xlsx
2019,GENERAL,2019-10-27,PRESIDENTE Y VICE,21,Santa Fe,San Martín,Carlos Pellegrini,0160,POSITIVO,positivo,3600,2019_GENERAL_DIST21_santafe_presidente.xlsx
2019,GENERAL,2019-10-27,PRESIDENTE Y VICE,21,Santa Fe,San Martín,Cañada Rosquín,0161,EN BLANCO,blancos,26,2019_GENERAL_DIST21_santafe_presidente.xlsx
2019,GENERAL,2019-10-27,PRESIDENTE Y VICE,21,Santa Fe,San Martín,Cañada Rosquín,0161,NULO,nulos,70,2019_GENERAL_DIST21_santafe_presidente.xlsx
2019,GENERAL,2019-10-27,PRESIDENTE Y VICE,21,Santa Fe,San Martín,Cañada Rosquín,0161,IMPUGNADO,impugnados,0,2019_GENERAL_DIST21_santafe_presidente.xlsx
2019,GENERAL,2019-10-27,PRESIDENTE Y VICE,21,Santa Fe,San Martín,Cañada Rosquín,0161,RECURRIDO,recurridos,0,2019_GENERAL_DIST21_santafe_presidente.xlsx
2019,GENERAL,2019-10-27,PRESIDENTE Y VICE,21,Santa Fe,San Martín,Cañada Rosquín,0161,COMANDO,comando,0,2019_GENERAL_DIST21_santafe_presidente.xlsx
2019,GENERAL,2019-10-27,PRESIDENTE Y VICE,21,Santa Fe,San Martín,Cañada Rosquín,0161,POSITIVO,positivo,3570,2019_GENERAL_DIST21_santafe_presidente.xlsx
2019,GENERAL,2019-10-27,PRESIDENTE Y VICE,21,Santa Fe,San Martín,El Trébol,0165,EN BLANCO,blancos,61,2019_GENERAL_DIST21_santafe_presidente.xlsx
2019,GENERAL,2019-10-27,PRESIDENTE Y VICE,21,Santa Fe,San Martín,El Trébol,0165,NULO,nulos,163,2019_GENERAL_DIST21_santafe_presidente.xlsx
2019,GENERAL,2019-10-27,PRESIDENTE Y VICE,21,Santa Fe,San Martín,El Trébol,0165,IMPUGNADO,impugnados,0,2019_GENERAL_DIST21_santafe_presidente.xlsx
2019,GENERAL,2019-10-27,PRESIDENTE Y VICE,21,Santa Fe,San Martín,El Trébol,0165,RECURRIDO,recurridos,0,2019_GENERAL_DIST21_santafe_presidente.xlsx
2019,GENERAL,2019-10-27,PRESIDENTE Y VICE,21,Santa Fe,San Martín,El Trébol,0165,COMANDO,comando,1,2019_GENERAL_DIST21_santafe_presidente.xlsx
2019,GENERAL,2019-10-27,PRESIDENTE Y VICE,21,Santa Fe,San Martín,El Trébol,0165,POSITIVO,positivo,7986,2019_GENERAL_DIST21_santafe_presidente.xlsx
2019,GENERAL,2019-10-27,PRESIDENTE Y VICE,21,Santa Fe,San Martín,María Susana,0166,EN BLANCO,blancos,4,2019_GENERAL_DIST21_santafe_presidente.xlsx
2019,GENERAL,2019-10-27,PRESIDENTE Y VICE,21,Santa Fe,San Martín,María Susana,0166,NULO,nulos,50,2019_GENERAL_DIST21_santafe_presidente.xlsx
2019,GENERAL,2019-10-27,PRESIDENTE Y VICE,21,Santa Fe,San Martín,María Susana,0166,IMPUGNADO,impugnados,0,2019_GENERAL_DIST21_santafe_presidente.xlsx
2019,GENERAL,2019-10-27,PRESIDENTE Y VICE,21,Santa Fe,San Martín,María Susana,0166,RECURRIDO,recurridos,0,2019_GENERAL_DIST21_santafe_presidente.xlsx
2019,GENERAL,2019-10-27,PRESIDENTE Y VICE,21,Santa Fe,San Martín,María Susana,0166,COMANDO,comando,1,2019_GENERAL_DIST21_santafe_presidente.xlsx
2019,GENERAL,2019-10-27,PRESIDENTE Y VICE,21,Santa Fe,San Martín,María Susana,0166,POSITIVO,positivo,2260,2019_GENERAL_DIST21_santafe_presidente.xlsx
2019,GENERAL,2019-10-27,PRESIDENTE Y VICE,21,Santa Fe,San Martín,Piamonte,0164,EN BLANCO,blancos,20,2019_GENERAL_DIST21_santafe_presidente.xlsx
2019,GENERAL,2019-10-27,PRESIDENTE Y VICE,21,Santa Fe,San Martín,Piamonte,0164,NULO,nulos,47,2019_GENERAL_DIST21_santafe_presidente.xlsx
2019,GENERAL,2019-10-27,PRESIDENTE Y VICE,21,Santa Fe,San Martín,Piamonte,0164,IMPUGNADO,impugnados,0,2019_GENERAL_DIST21_santafe_presidente.xlsx
2019,GENERAL,2019-10-27,PRESIDENTE Y VICE,21,Santa Fe,San Martín,Piamonte,0164,RECURRIDO,recurridos,0,2019_GENERAL_DIST21_santafe_presidente.xlsx
2019,GENERAL,2019-10-27,PRESIDENTE Y VICE,21,Santa Fe,San Martín,Piamonte,0164,COMANDO,comando,1,2019_GENERAL_DIST21_santafe_presidente.xlsx
2019,GENERAL,2019-10-27,PRESIDENTE Y VICE,21,Santa Fe,San Martín,Piamonte,0164,POSITIVO,positivo,2094,2019_GENERAL_DIST21_santafe_presidente.xlsx
2019,GENERAL,2019-10-27,PRESIDENTE Y VICE,21,Santa Fe,San Martín,San Jorge,0158,EN BLANCO,blancos,66,2019_GENERAL_DIST21_santafe_presidente.xlsx
2019,GENERAL,2019-10-27,PRESIDENTE Y VICE,21,Santa Fe,San Martín,San Jorge,0158,NULO,nulos,199,2019_GENERAL_DIST21_santafe_presidente.xlsx
2019,GENERAL,2019-10-27,PRESIDENTE Y VICE,21,Santa Fe,San Martín,San Jorge,0158,IMPUGNADO,impugnados,0,2019_GENERAL_DIST21_santafe_presidente.xlsx
2019,GENERAL,2019-10-27,PRESIDENTE Y VICE,21,Santa Fe,San Martín,San Jorge,0158,RECURRIDO,recurridos,0,2019_GENERAL_DIST21_santafe_presidente.xlsx
2019,GENERAL,2019-10-27,PRESIDENTE Y VICE,21,Santa Fe,San Martín,San Jorge,0158,COMANDO,comando,0,2019_GENERAL_DIST21_santafe_presidente.xlsx
2019,GENERAL,2019-10-27,PRESIDENTE Y VICE,21,Santa Fe,San Martín,San Jorge,0158,POSITIVO,positivo,12469,2019_GENERAL_DIST21_santafe_presidente.xlsx
2019,GENERAL,2019-10-27,PRESIDENTE Y VICE,21,Santa Fe,San Martín,San Martín de las Escobas,0156,EN BLANCO,blancos,9,2019_GENERAL_DIST21_santafe_presidente.xlsx
2019,GENERAL,2019-10-27,PRESIDENTE Y VICE,21,Santa Fe,San Martín,San Martín de las Escobas,0156,NULO,nulos,26,2019_GENERAL_DIST21_santafe_presidente.xlsx
2019,GENERAL,2019-10-27,PRESIDENTE Y VICE,21,Santa Fe,San Martín,San Martín de las Escobas,0156,IMPUGNADO,impugnados,0,2019_GENERAL_DIST21_santafe_presidente.xlsx
2019,GENERAL,2019-10-27,PRESIDENTE Y VICE,21,Santa Fe,San Martín,San Martín de las Escobas,0156,RECURRIDO,recurridos,0,2019_GENERAL_DIST21_santafe_presidente.xlsx
2019,GENERAL,2019-10-27,PRESIDENTE Y VICE,21,Santa Fe,San Martín,San Martín de las Escobas,0156,COMANDO,comando,1,2019_GENERAL_DIST21_santafe_presidente.xlsx
2019,GENERAL,2019-10-27,PRESIDENTE Y VICE,21,Santa Fe,San Martín,San Martín de las Escobas,0156,POSITIVO,positivo,1922,2019_GENERAL_DIST21_santafe_presidente.xlsx
2019,GENERAL,2019-10-27,PRESIDENTE Y VICE,21,Santa Fe,San Martín,Sastre y Ortiz,0155,EN BLANCO,blancos,16,2019_GENERAL_DIST21_santafe_presidente.xlsx
2019,GENERAL,2019-10-27,PRESIDENTE Y VICE,21,Santa Fe,San Martín,Sastre y Ortiz,0155,NULO,nulos,74,2019_GENERAL_DIST21_santafe_presidente.xlsx
2019,GENERAL,2019-10-27,PRESIDENTE Y VICE,21,Santa Fe,San Martín,Sastre y Ortiz,0155,IMPUGNADO,impugnados,0,2019_GENERAL_DIST21_santafe_presidente.xlsx
2019,GENERAL,2019-10-27,PRESIDENTE Y VICE,21,Santa Fe,San Martín,Sastre y Ortiz,0155,RECURRIDO,recurridos,0,2019_GENERAL_DIST21_santafe_presidente.xlsx
2019,GENERAL,2019-10-27,PRESIDENTE Y VICE,21,Santa Fe,San Martín,Sastre y Ortiz,0155,COMANDO,comando,0,2019_GENERAL_DIST21_santafe_presidente.xlsx
2019,GENERAL,2019-10-27,PRESIDENTE Y VICE,21,Santa Fe,San Martín,Sastre y Ortiz,0155,POSITIVO,positivo,3812,2019_GENERAL_DIST21_santafe_presidente.xlsx
2019,PASO,2019-08-11,PRESIDENTE Y VICE,21,Santa Fe,Castellanos,Ataliva,0121,JUNTOS POR EL CAMBIO,agrupacion,717,2019_PASO_DIST21_santafe_presidente.xlsx
2019,PASO,2019-08-11,PRESIDENTE Y VICE,21,Santa Fe,Castellanos,Ataliva,0121,FRENTE DE TODOS,agrupacion,320,2019_PASO_DIST21_santafe_presidente.xlsx
2019,PASO,2019-08-11,PRESIDENTE Y VICE,21,Santa Fe,Castellanos,Ataliva,0121,CONSENSO FEDERAL,agrupacion,95,2019_PASO_DIST21_santafe_presidente.xlsx
2019,PASO,2019-08-11,PRESIDENTE Y VICE,21,Santa Fe,Castellanos,Ataliva,0121,UNITE POR LA LIBERTAD Y LA DIGNIDAD,agrupacion,20,2019_PASO_DIST21_santafe_presidente.xlsx
2019,PASO,2019-08-11,PRESIDENTE Y VICE,21,Santa Fe,Castellanos,Ataliva,0121,FRENTE NOS,agrupacion,19,2019_PASO_DIST21_santafe_presidente.xlsx
2019,PASO,2019-08-11,PRESIDENTE Y VICE,21,Santa Fe,Castellanos,Ataliva,0121,FRENTE DE IZQUIERDA Y DE TRABAJADORES - UNIDAD,agrupacion,12,2019_PASO_DIST21_santafe_presidente.xlsx
2019,PASO,2019-08-11,PRESIDENTE Y VICE,21,Santa Fe,Castellanos,Ataliva,0121,MOVIMIENTO AL SOCIALISMO,agrupacion,6,2019_PASO_DIST21_santafe_presidente.xlsx
2019,PASO,2019-08-11,PRESIDENTE Y VICE,21,Santa Fe,Castellanos,Ataliva,0121,FRENTE PATRIOTA,agrupacion,2,2019_PASO_DIST21_santafe_presidente.xlsx
2019,PASO,2019-08-11,PRESIDENTE Y VICE,21,Santa Fe,Castellanos,Ataliva,0121,MOVIMIENTO DE ACCION VECINAL,agrupacion,2,2019_PASO_DIST21_santafe_presidente.xlsx
2019,PASO,2019-08-11,PRESIDENTE Y VICE,21,Santa Fe,Castellanos,Ataliva,0121,PARTIDO AUTONOMISTA,agrupacion,1,2019_PASO_DIST21_santafe_presidente.xlsx
2019,PASO,2019-08-11,PRESIDENTE Y VICE,21,Santa Fe,Castellanos,Colonia Aldao,0120,JUNTOS POR EL CAMBIO,agrupacion,554,2019_PASO_DIST21_santafe_presidente.xlsx
2019,PASO,2019-08-11,PRESIDENTE Y VICE,21,Santa Fe,Castellanos,Colonia Aldao,0120,FRENTE DE TODOS,agrupacion,441,2019_PASO_DIST21_santafe_presidente.xlsx
2019,PASO,2019-08-11,PRESIDENTE Y VICE,21,Santa Fe,Castellanos,Colonia Aldao,0120,CONSENSO FEDERAL,agrupacion,86,2019_PASO_DIST21_santafe_presidente.xlsx
2019,PASO,2019-08-11,PRESIDENTE Y VICE,21,Santa Fe,Castellanos,Colonia Aldao,0120,FRENTE NOS,agrupacion,28,2019_PASO_DIST21_santafe_presidente.xlsx
2019,PASO,2019-08-11,PRESIDENTE Y VICE,21,Santa Fe,Castellanos,Colonia Aldao,0120,UNITE POR LA LIBERTAD Y LA DIGNIDAD,agrupacion,23,2019_PASO_DIST21_santafe_presidente.xlsx
2019,PASO,2019-08-11,PRESIDENTE Y VICE,21,Santa Fe,Castellanos,Colonia Aldao,0120,FRENTE DE IZQUIERDA Y DE TRABAJADORES - UNIDAD,agrupacion,8,2019_PASO_DIST21_santafe_presidente.xlsx
2019,PASO,2019-08-11,PRESIDENTE Y VICE,21,Santa Fe,Castellanos,Colonia Aldao,0120,MOVIMIENTO AL SOCIALISMO,agrupacion,4,2019_PASO_DIST21_santafe_presidente.xlsx
2019,PASO,2019-08-11,PRESIDENTE Y VICE,21,Santa Fe,Castellanos,Colonia Aldao,0120,FRENTE PATRIOTA,agrupacion,2,2019_PASO_DIST21_santafe_presidente.xlsx
2019,PASO,2019-08-11,PRESIDENTE Y VICE,21,Santa Fe,Castellanos,Colonia Aldao,0120,PARTIDO AUTONOMISTA,agrupacion,2,2019_PASO_DIST21_santafe_presidente.xlsx
2019,PASO,2019-08-11,PRESIDENTE Y VICE,21,Santa Fe,Castellanos,Colonia Aldao,0120,MOVIMIENTO DE ACCION VECINAL,agrupacion,1,2019_PASO_DIST21_santafe_presidente.xlsx
2019,PASO,2019-08-11,PRESIDENTE Y VICE,21,Santa Fe,Castellanos,Frontera,0134A,FRENTE DE TODOS,agrupacion,2380,2019_PASO_DIST21_santafe_presidente.xlsx
2019,PASO,2019-08-11,PRESIDENTE Y VICE,21,Santa Fe,Castellanos,Frontera,0134A,JUNTOS POR EL CAMBIO,agrupacion,1299,2019_PASO_DIST21_santafe_presidente.xlsx
2019,PASO,2019-08-11,PRESIDENTE Y VICE,21,Santa Fe,Castellanos,Frontera,0134A,CONSENSO FEDERAL,agrupacion,395,2019_PASO_DIST21_santafe_presidente.xlsx
2019,PASO,2019-08-11,PRESIDENTE Y VICE,21,Santa Fe,Castellanos,Frontera,0134A,FRENTE NOS,agrupacion,178,2019_PASO_DIST21_santafe_presidente.xlsx
2019,PASO,2019-08-11,PRESIDENTE Y VICE,21,Santa Fe,Castellanos,Frontera,0134A,UNITE POR LA LIBERTAD Y LA DIGNIDAD,agrupacion,85,2019_PASO_DIST21_santafe_presidente.xlsx
2019,PASO,2019-08-11,PRESIDENTE Y VICE,21,Santa Fe,Castellanos,Frontera,0134A,FRENTE DE IZQUIERDA Y DE TRABAJADORES - UNIDAD,agrupacion,67,2019_PASO_DIST21_santafe_presidente.xlsx
2019,PASO,2019-08-11,PRESIDENTE Y VICE,21,Santa Fe,Castellanos,Frontera,0134A,MOVIMIENTO AL SOCIALISMO,agrupacion,31,2019_PASO_DIST21_santafe_presidente.xlsx
2019,PASO,2019-08-11,PRESIDENTE Y VICE,21,Santa Fe,Castellanos,Frontera,0134A,FRENTE PATRIOTA,agrupacion,11,2019_PASO_DIST21_santafe_presidente.xlsx
2019,PASO,2019-08-11,PRESIDENTE Y VICE,21,Santa Fe,Castellanos,Frontera,0134A,MOVIMIENTO DE ACCION VECINAL,agrupacion,6,2019_PASO_DIST21_santafe_presidente.xlsx
2019,PASO,2019-08-11,PRESIDENTE Y VICE,21,Santa Fe,Castellanos,Frontera,0134A,PARTIDO AUTONOMISTA,agrupacion,6,2019_PASO_DIST21_santafe_presidente.xlsx
2019,PASO,2019-08-11,PRESIDENTE Y VICE,21,Santa Fe,Castellanos,Humberto Primo,0117,JUNTOS POR EL CAMBIO,agrupacion,2029,2019_PASO_DIST21_santafe_presidente.xlsx
2019,PASO,2019-08-11,PRESIDENTE Y VICE,21,Santa Fe,Castellanos,Humberto Primo,0117,FRENTE DE TODOS,agrupacion,829,2019_PASO_DIST21_santafe_presidente.xlsx
2019,PASO,2019-08-11,PRESIDENTE Y VICE,21,Santa Fe,Castellanos,Humberto Primo,0117,CONSENSO FEDERAL,agrupacion,217,2019_PASO_DIST21_santafe_presidente.xlsx
2019,PASO,2019-08-11,PRESIDENTE Y VICE,21,Santa Fe,Castellanos,Humberto Primo,0117,UNITE POR LA LIBERTAD Y LA DIGNIDAD,agrupacion,72,2019_PASO_DIST21_santafe_presidente.xlsx
2019,PASO,2019-08-11,PRESIDENTE Y VICE,21,Santa Fe,Castellanos,Humberto Primo,0117,FRENTE NOS,agrupacion,38,2019_PASO_DIST21_santafe_presidente.xlsx
2019,PASO,2019-08-11,PRESIDENTE Y VICE,21,Santa Fe,Castellanos,Humberto Primo,0117,FRENTE DE IZQUIERDA Y DE TRABAJADORES - UNIDAD,agrupacion,22,2019_PASO_DIST21_santafe_presidente.xlsx
2019,PASO,2019-08-11,PRESIDENTE Y VICE,21,Santa Fe,Castellanos,Humberto Primo,0117,MOVIMIENTO AL SOCIALISMO,agrupacion,13,2019_PASO_DIST21_santafe_presidente.xlsx
2019,PASO,2019-08-11,PRESIDENTE Y VICE,21,Santa Fe,Castellanos,Humberto Primo,0117,PARTIDO AUTONOMISTA,agrupacion,8,2019_PASO_DIST21_santafe_presidente.xlsx
2019,PASO,2019-08-11,PRESIDENTE Y VICE,21,Santa Fe,Castellanos,Humberto Primo,0117,FRENTE PATRIOTA,agrupacion,3,2019_PASO_DIST21_santafe_presidente.xlsx
2019,PASO,2019-08-11,PRESIDENTE Y VICE,21,Santa Fe,Castellanos,Humberto Primo,0117,MOVIMIENTO DE ACCION VECINAL,agrupacion,1,2019_PASO_DIST21_santafe_presidente.xlsx
2019,PASO,2019-08-11,PRESIDENTE Y VICE,21,Santa Fe,Castellanos,Josefina,0134,JUNTOS POR EL CAMBIO,agrupacion,263,2019_PASO_DIST21_santafe_presidente.xlsx
2019,PASO,2019-08-11,PRESIDENTE Y VICE,21,Santa Fe,Castellanos,Josefina,0134,FRENTE DE TODOS,agrupacion,125,2019_PASO_DIST21_santafe_presidente.xlsx
2019,PASO,2019-08-11,PRESIDENTE Y VICE,21,Santa Fe,Castellanos,Josefina,0134,CONSENSO FEDERAL,agrupacion,89,2019_PASO_DIST21_santafe_presidente.xlsx
2019,PASO,2019-08-11,PRESIDENTE Y VICE,21,Santa Fe,Castellanos,Josefina,0134,UNITE POR LA LIBERTAD Y LA DIGNIDAD,agrupacion,21,2019_PASO_DIST21_santafe_presidente.xlsx
2019,PASO,2019-08-11,PRESIDENTE Y VICE,21,Santa Fe,Castellanos,Josefina,0134,FRENTE NOS,agrupacion,9,2019_PASO_DIST21_santafe_presidente.xlsx
2019,PASO,2019-08-11,PRESIDENTE Y VICE,21,Santa Fe,Castellanos,Josefina,0134,FRENTE DE IZQUIERDA Y DE TRABAJADORES - UNIDAD,agrupacion,8,2019_PASO_DIST21_santafe_presidente.xlsx
2019,PASO,2019-08-11,PRESIDENTE Y VICE,21,Santa Fe,Castellanos,Josefina,0134,MOVIMIENTO AL SOCIALISMO,agrupacion,2,2019_PASO_DIST21_santafe_presidente.xlsx
2019,PASO,2019-08-11,PRESIDENTE Y VICE,21,Santa Fe,Castellanos,Josefina,0134,FRENTE PATRIOTA,agrupacion,1,2019_PASO_DIST21_santafe_presidente.xlsx
2019,PASO,2019-08-11,PRESIDENTE Y VICE,21,Santa Fe,Castellanos,Josefina,0134,MOVIMIENTO DE ACCION VECINAL,agrupacion,0,2019_PASO_DIST21_santafe_presidente.xlsx
2019,PASO,2019-08-11,PRESIDENTE Y VICE,21,Santa Fe,Castellanos,Josefina,0134,PARTIDO AUTONOMISTA,agrupacion,0,2019_PASO_DIST21_santafe_presidente.xlsx
2019,PASO,2019-08-11,PRESIDENTE Y VICE,21,Santa Fe,Castellanos,Lehmann,0123,JUNTOS POR EL CAMBIO,agrupacion,924,2019_PASO_DIST21_santafe_presidente.xlsx
2019,PASO,2019-08-11,PRESIDENTE Y VICE,21,Santa Fe,Castellanos,Lehmann,0123,FRENTE DE TODOS,agrupacion,614,2019_PASO_DIST21_santafe_presidente.xlsx
2019,PASO,2019-08-11,PRESIDENTE Y VICE,21,Santa Fe,Castellanos,Lehmann,0123,CONSENSO FEDERAL,agrupacion,189,2019_PASO_DIST21_santafe_presidente.xlsx
2019,PASO,2019-08-11,PRESIDENTE Y VICE,21,Santa Fe,Castellanos,Lehmann,0123,UNITE POR LA LIBERTAD Y LA DIGNIDAD,agrupacion,46,2019_PASO_DIST21_santafe_presidente.xlsx
2019,PASO,2019-08-11,PRESIDENTE Y VICE,21,Santa Fe,Castellanos,Lehmann,0123,FRENTE NOS,agrupacion,45,2019_PASO_DIST21_santafe_presidente.xlsx
2019,PASO,2019-08-11,PRESIDENTE Y VICE,21,Santa Fe,Castellanos,Lehmann,0123,FRENTE DE IZQUIERDA Y DE TRABAJADORES - UNIDAD,agrupacion,21,2019_PASO_DIST21_santafe_presidente.xlsx
2019,PASO,2019-08-11,PRESIDENTE Y VICE,21,Santa Fe,Castellanos,Lehmann,0123,MOVIMIENTO AL SOCIALISMO,agrupacion,6,2019_PASO_DIST21_santafe_presidente.xlsx
2019,PASO,2019-08-11,PRESIDENTE Y VICE,21,Santa Fe,Castellanos,Lehmann,0123,FRENTE PATRIOTA,agrupacion,5,2019_PASO_DIST21_santafe_presidente.xlsx
2019,PASO,2019-08-11,PRESIDENTE Y VICE,21,Santa Fe,Castellanos,Lehmann,0123,PARTIDO AUTONOMISTA,agrupacion,2,2019_PASO_DIST21_santafe_presidente.xlsx
2019,PASO,2019-08-11,PRESIDENTE Y VICE,21,Santa Fe,Castellanos,Lehmann,0123,MOVIMIENTO DE ACCION VECINAL,agrupacion,1,2019_PASO_DIST21_santafe_presidente.xlsx
2019,PASO,2019-08-11,PRESIDENTE Y VICE,21,Santa Fe,Castellanos,María Juana,0140,JUNTOS POR EL CAMBIO,agrupacion,1201,2019_PASO_DIST21_santafe_presidente.xlsx
2019,PASO,2019-08-11,PRESIDENTE Y VICE,21,Santa Fe,Castellanos,María Juana,0140,FRENTE DE TODOS,agrupacion,1113,2019_PASO_DIST21_santafe_presidente.xlsx
2019,PASO,2019-08-11,PRESIDENTE Y VICE,21,Santa Fe,Castellanos,María Juana,0140,CONSENSO FEDERAL,agrupacion,421,2019_PASO_DIST21_santafe_presidente.xlsx
2019,PASO,2019-08-11,PRESIDENTE Y VICE,21,Santa Fe,Castellanos,María Juana,0140,UNITE POR LA LIBERTAD Y LA DIGNIDAD,agrupacion,78,2019_PASO_DIST21_santafe_presidente.xlsx
2019,PASO,2019-08-11,PRESIDENTE Y VICE,21,Santa Fe,Castellanos,María Juana,0140,FRENTE DE IZQUIERDA Y DE TRABAJADORES - UNIDAD,agrupacion,58,2019_PASO_DIST21_santafe_presidente.xlsx
2019,PASO,2019-08-11,PRESIDENTE Y VICE,21,Santa Fe,Castellanos,María Juana,0140,FRENTE NOS,agrupacion,53,2019_PASO_DIST21_santafe_presidente.xlsx
2019,PASO,2019-08-11,PRESIDENTE Y VICE,21,Santa Fe,Castellanos,María Juana,0140,MOVIMIENTO AL SOCIALISMO,agrupacion,14,2019_PASO_DIST21_santafe_presidente.xlsx
2019,PASO,2019-08-11,PRESIDENTE Y VICE,21,Santa Fe,Castellanos,María Juana,0140,MOVIMIENTO DE ACCION VECINAL,agrupacion,6,2019_PASO_DIST21_santafe_presidente.xlsx
2019,PASO,2019-08-11,PRESIDENTE Y VICE,21,Santa Fe,Castellanos,María Juana,0140,PARTIDO AUTONOMISTA,agrupacion,6,2019_PASO_DIST21_santafe_presidente.xlsx
2019,PASO,2019-08-11,PRESIDENTE Y VICE,21,Santa Fe,Castellanos,María Juana,0140,FRENTE PATRIOTA,agrupacion,4,2019_PASO_DIST21_santafe_presidente.xlsx
2019,PASO,2019-08-11,PRESIDENTE Y VICE,21,Santa Fe,Castellanos,Ramona,0124,JUNTOS POR EL CAMBIO,agrupacion,600,2019_PASO_DIST21_santafe_presidente.xlsx
2019,PASO,2019-08-11,PRESIDENTE Y VICE,21,Santa Fe,Castellanos,Ramona,0124,FRENTE DE TODOS,agrupacion,381,2019_PASO_DIST21_santafe_presidente.xlsx
2019,PASO,2019-08-11,PRESIDENTE Y VICE,21,Santa Fe,Castellanos,Ramona,0124,CONSENSO FEDERAL,agrupacion,129,2019_PASO_DIST21_santafe_presidente.xlsx
2019,PASO,2019-08-11,PRESIDENTE Y VICE,21,Santa Fe,Castellanos,Ramona,0124,UNITE POR LA LIBERTAD Y LA DIGNIDAD,agrupacion,33,2019_PASO_DIST21_santafe_presidente.xlsx
2019,PASO,2019-08-11,PRESIDENTE Y VICE,21,Santa Fe,Castellanos,Ramona,0124,FRENTE NOS,agrupacion,19,2019_PASO_DIST21_santafe_presidente.xlsx
2019,PASO,2019-08-11,PRESIDENTE Y VICE,21,Santa Fe,Castellanos,Ramona,0124,FRENTE DE IZQUIERDA Y DE TRABAJADORES - UNIDAD,agrupacion,17,2019_PASO_DIST21_santafe_presidente.xlsx
2019,PASO,2019-08-11,PRESIDENTE Y VICE,21,Santa Fe,Castellanos,Ramona,0124,MOVIMIENTO AL SOCIALISMO,agrupacion,5,2019_PASO_DIST21_santafe_presidente.xlsx
2019,PASO,2019-08-11,PRESIDENTE Y VICE,21,Santa Fe,Castellanos,Ramona,0124,MOVIMIENTO DE ACCION VECINAL,agrupacion,5,2019_PASO_DIST21_santafe_presidente.xlsx
2019,PASO,2019-08-11,PRESIDENTE Y VICE,21,Santa Fe,Castellanos,Ramona,0124,PARTIDO AUTONOMISTA,agrupacion,4,2019_PASO_DIST21_santafe_presidente.xlsx
2019,PASO,2019-08-11,PRESIDENTE Y VICE,21,Santa Fe,Castellanos,Ramona,0124,FRENTE PATRIOTA,agrupacion,3,2019_PASO_DIST21_santafe_presidente.xlsx
2019,PASO,2019-08-11,PRESIDENTE Y VICE,21,Santa Fe,Castellanos,San Vicente,0142,JUNTOS POR EL CAMBIO,agrupacion,1701,2019_PASO_DIST21_santafe_presidente.xlsx
2019,PASO,2019-08-11,PRESIDENTE Y VICE,21,Santa Fe,Castellanos,San Vicente,0142,FRENTE DE TODOS,agrupacion,1170,2019_PASO_DIST21_santafe_presidente.xlsx
2019,PASO,2019-08-11,PRESIDENTE Y VICE,21,Santa Fe,Castellanos,San Vicente,0142,CONSENSO FEDERAL,agrupacion,477,2019_PASO_DIST21_santafe_presidente.xlsx
2019,PASO,2019-08-11,PRESIDENTE Y VICE,21,Santa Fe,Castellanos,San Vicente,0142,UNITE POR LA LIBERTAD Y LA DIGNIDAD,agrupacion,128,2019_PASO_DIST21_santafe_presidente.xlsx
2019,PASO,2019-08-11,PRESIDENTE Y VICE,21,Santa Fe,Castellanos,San Vicente,0142,FRENTE NOS,agrupacion,96,2019_PASO_DIST21_santafe_presidente.xlsx
2019,PASO,2019-08-11,PRESIDENTE Y VICE,21,Santa Fe,Castellanos,San Vicente,0142,FRENTE DE IZQUIERDA Y DE TRABAJADORES - UNIDAD,agrupacion,49,2019_PASO_DIST21_santafe_presidente.xlsx
2019,PASO,2019-08-11,PRESIDENTE Y VICE,21,Santa Fe,Castellanos,San Vicente,0142,MOVIMIENTO AL SOCIALISMO,agrupacion,23,2019_PASO_DIST21_santafe_presidente.xlsx
2019,PASO,2019-08-11,PRESIDENTE Y VICE,21,Santa Fe,Castellanos,San Vicente,0142,FRENTE PATRIOTA,agrupacion,11,2019_PASO_DIST21_santafe_presidente.xlsx
2019,PASO,2019-08-11,PRESIDENTE Y VICE,21,Santa Fe,Castellanos,San Vicente,0142,MOVIMIENTO DE ACCION VECINAL,agrupacion,7,2019_PASO_DIST21_santafe_presidente.xlsx
2019,PASO,2019-08-11,PRESIDENTE Y VICE,21,Santa Fe,Castellanos,San Vicente,0142,PARTIDO AUTONOMISTA,agrupacion,6,2019_PASO_DIST21_santafe_presidente.xlsx
2019,PASO,2019-08-11,PRESIDENTE Y VICE,21,Santa Fe,Castellanos,Santa Clara de Saguier,0130,JUNTOS POR EL CAMBIO,agrupacion,589,2019_PASO_DIST21_santafe_presidente.xlsx
2019,PASO,2019-08-11,PRESIDENTE Y VICE,21,Santa Fe,Castellanos,Santa Clara de Saguier,0130,FRENTE DE TODOS,agrupacion,381,2019_PASO_DIST21_santafe_presidente.xlsx
2019,PASO,2019-08-11,PRESIDENTE Y VICE,21,Santa Fe,Castellanos,Santa Clara de Saguier,0130,CONSENSO FEDERAL,agrupacion,126,2019_PASO_DIST21_santafe_presidente.xlsx
2019,PASO,2019-08-11,PRESIDENTE Y VICE,21,Santa Fe,Castellanos,Santa Clara de Saguier,0130,FRENTE NOS,agrupacion,33,2019_PASO_DIST21_santafe_presidente.xlsx
2019,PASO,2019-08-11,PRESIDENTE Y VICE,21,Santa Fe,Castellanos,Santa Clara de Saguier,0130,UNITE POR LA LIBERTAD Y LA DIGNIDAD,agrupacion,29,2019_PASO_DIST21_santafe_presidente.xlsx
2019,PASO,2019-08-11,PRESIDENTE Y VICE,21,Santa Fe,Castellanos,Santa Clara de Saguier,0130,FRENTE DE IZQUIERDA Y DE TRABAJADORES - UNIDAD,agrupacion,9,2019_PASO_DIST21_santafe_presidente.xlsx
2019,PASO,2019-08-11,PRESIDENTE Y VICE,21,Santa Fe,Castellanos,Santa Clara de Saguier,0130,FRENTE PATRIOTA,agrupacion,9,2019_PASO_DIST21_santafe_presidente.xlsx
2019,PASO,2019-08-11,PRESIDENTE Y VICE,21,Santa Fe,Castellanos,Santa Clara de Saguier,0130,MOVIMIENTO AL SOCIALISMO,agrupacion,9,2019_PASO_DIST21_santafe_presidente.xlsx
2019,PASO,2019-08-11,PRESIDENTE Y VICE,21,Santa Fe,Castellanos,Santa Clara de Saguier,0130,MOVIMIENTO DE ACCION VECINAL,agrupacion,2,2019_PASO_DIST21_santafe_presidente.xlsx
2019,PASO,2019-08-11,PRESIDENTE Y VICE,21,Santa Fe,Castellanos,Santa Clara de Saguier,0130,PARTIDO AUTONOMISTA,agrupacion,2,2019_PASO_DIST21_santafe_presidente.xlsx
2019,PASO,2019-08-11,PRESIDENTE Y VICE,21,Santa Fe,Castellanos,Sunchales,0118,JUNTOS POR EL CAMBIO,agrupacion,6439,2019_PASO_DIST21_santafe_presidente.xlsx
2019,PASO,2019-08-11,PRESIDENTE Y VICE,21,Santa Fe,Castellanos,Sunchales,0118,FRENTE DE TODOS,agrupacion,4982,2019_PASO_DIST21_santafe_presidente.xlsx
2019,PASO,2019-08-11,PRESIDENTE Y VICE,21,Santa Fe,Castellanos,Sunchales,0118,CONSENSO FEDERAL,agrupacion,1452,2019_PASO_DIST21_santafe_presidente.xlsx
2019,PASO,2019-08-11,PRESIDENTE Y VICE,21,Santa Fe,Castellanos,Sunchales,0118,UNITE POR LA LIBERTAD Y LA DIGNIDAD,agrupacion,358,2019_PASO_DIST21_santafe_presidente.xlsx
2019,PASO,2019-08-11,PRESIDENTE Y VICE,21,Santa Fe,Castellanos,Sunchales,0118,FRENTE NOS,agrupacion,312,2019_PASO_DIST21_santafe_presidente.xlsx
2019,PASO,2019-08-11,PRESIDENTE Y VICE,21,Santa Fe,Castellanos,Sunchales,0118,FRENTE DE IZQUIERDA Y DE TRABAJADORES - UNIDAD,agrupacion,188,2019_PASO_DIST21_santafe_presidente.xlsx
2019,PASO,2019-08-11,PRESIDENTE Y VICE,21,Santa Fe,Castellanos,Sunchales,0118,MOVIMIENTO AL SOCIALISMO,agrupacion,58,2019_PASO_DIST21_santafe_presidente.xlsx
2019,PASO,2019-08-11,PRESIDENTE Y VICE,21,Santa Fe,Castellanos,Sunchales,0118,FRENTE PATRIOTA,agrupacion,28,2019_PASO_DIST21_santafe_presidente.xlsx
2019,PASO,2019-08-11,PRESIDENTE Y VICE,21,Santa Fe,Castellanos,Sunchales,0118,PARTIDO AUTONOMISTA,agrupacion,14,2019_PASO_DIST21_santafe_presidente.xlsx
2019,PASO,2019-08-11,PRESIDENTE Y VICE,21,Santa Fe,Castellanos,Sunchales,0118,MOVIMIENTO DE ACCION VECINAL,agrupacion,9,2019_PASO_DIST21_santafe_presidente.xlsx
2019,PASO,2019-08-11,PRESIDENTE Y VICE,21,Santa Fe,Castellanos,Zenón Pereyra,0138,JUNTOS POR EL CAMBIO,agrupacion,571,2019_PASO_DIST21_santafe_presidente.xlsx
2019,PASO,2019-08-11,PRESIDENTE Y VICE,21,Santa Fe,Castellanos,Zenón Pereyra,0138,FRENTE DE TODOS,agrupacion,318,2019_PASO_DIST21_santafe_presidente.xlsx
2019,PASO,2019-08-11,PRESIDENTE Y VICE,21,Santa Fe,Castellanos,Zenón Pereyra,0138,CONSENSO FEDERAL,agrupacion,127,2019_PASO_DIST21_santafe_presidente.xlsx
2019,PASO,2019-08-11,PRESIDENTE Y VICE,21,Santa Fe,Castellanos,Zenón Pereyra,0138,FRENTE DE IZQUIERDA Y DE TRABAJADORES - UNIDAD,agrupacion,15,2019_PASO_DIST21_santafe_presidente.xlsx
2019,PASO,2019-08-11,PRESIDENTE Y VICE,21,Santa Fe,Castellanos,Zenón Pereyra,0138,UNITE POR LA LIBERTAD Y LA DIGNIDAD,agrupacion,11,2019_PASO_DIST21_santafe_presidente.xlsx
2019,PASO,2019-08-11,PRESIDENTE Y VICE,21,Santa Fe,Castellanos,Zenón Pereyra,0138,FRENTE NOS,agrupacion,8,2019_PASO_DIST21_santafe_presidente.xlsx
2019,PASO,2019-08-11,PRESIDENTE Y VICE,21,Santa Fe,Castellanos,Zenón Pereyra,0138,MOVIMIENTO AL SOCIALISMO,agrupacion,6,2019_PASO_DIST21_santafe_presidente.xlsx
2019,PASO,2019-08-11,PRESIDENTE Y VICE,21,Santa Fe,Castellanos,Zenón Pereyra,0138,FRENTE PATRIOTA,agrupacion,0,2019_PASO_DIST21_santafe_presidente.xlsx
2019,PASO,2019-08-11,PRESIDENTE Y VICE,21,Santa Fe,Castellanos,Zenón Pereyra,0138,MOVIMIENTO DE ACCION VECINAL,agrupacion,0,2019_PASO_DIST21_santafe_presidente.xlsx
2019,PASO,2019-08-11,PRESIDENTE Y VICE,21,Santa Fe,Castellanos,Zenón Pereyra,0138,PARTIDO AUTONOMISTA,agrupacion,0,2019_PASO_DIST21_santafe_presidente.xlsx
2019,PASO,2019-08-11,PRESIDENTE Y VICE,21,Santa Fe,Las Colonias,Esperanza,0055,JUNTOS POR EL CAMBIO,agrupacion,12033,2019_PASO_DIST21_santafe_presidente.xlsx
2019,PASO,2019-08-11,PRESIDENTE Y VICE,21,Santa Fe,Las Colonias,Esperanza,0055,FRENTE DE TODOS,agrupacion,7056,2019_PASO_DIST21_santafe_presidente.xlsx
2019,PASO,2019-08-11,PRESIDENTE Y VICE,21,Santa Fe,Las Colonias,Esperanza,0055,CONSENSO FEDERAL,agrupacion,3459,2019_PASO_DIST21_santafe_presidente.xlsx
2019,PASO,2019-08-11,PRESIDENTE Y VICE,21,Santa Fe,Las Colonias,Esperanza,0055,UNITE POR LA LIBERTAD Y LA DIGNIDAD,agrupacion,988,2019_PASO_DIST21_santafe_presidente.xlsx
2019,PASO,2019-08-11,PRESIDENTE Y VICE,21,Santa Fe,Las Colonias,Esperanza,0055,FRENTE NOS,agrupacion,941,2019_PASO_DIST21_santafe_presidente.xlsx
2019,PASO,2019-08-11,PRESIDENTE Y VICE,21,Santa Fe,Las Colonias,Esperanza,0055,FRENTE DE IZQUIERDA Y DE TRABAJADORES - UNIDAD,agrupacion,307,2019_PASO_DIST21_santafe_presidente.xlsx
2019,PASO,2019-08-11,PRESIDENTE Y VICE,21,Santa Fe,Las Colonias,Esperanza,0055,MOVIMIENTO AL SOCIALISMO,agrupacion,118,2019_PASO_DIST21_santafe_presidente.xlsx
2019,PASO,2019-08-11,PRESIDENTE Y VICE,21,Santa Fe,Las Colonias,Esperanza,0055,PARTIDO AUTONOMISTA,agrupacion,57,2019_PASO_DIST21_santafe_presidente.xlsx
2019,PASO,2019-08-11,PRESIDENTE Y VICE,21,Santa Fe,Las Colonias,Esperanza,0055,FRENTE PATRIOTA,agrupacion,49,2019_PASO_DIST21_santafe_presidente.xlsx
2019,PASO,2019-08-11,PRESIDENTE Y VICE,21,Santa Fe,Las Colonias,Esperanza,0055,MOVIMIENTO DE ACCION VECINAL,agrupacion,24,2019_PASO_DIST21_santafe_presidente.xlsx
2019,PASO,2019-08-11,PRESIDENTE Y VICE,21,Santa Fe,Las Colonias,Felicia,0060,JUNTOS POR EL CAMBIO,agrupacion,966,2019_PASO_DIST21_santafe_presidente.xlsx
2019,PASO,2019-08-11,PRESIDENTE Y VICE,21,Santa Fe,Las Colonias,Felicia,0060,FRENTE DE TODOS,agrupacion,253,2019_PASO_DIST21_santafe_presidente.xlsx
2019,PASO,2019-08-11,PRESIDENTE Y VICE,21,Santa Fe,Las Colonias,Felicia,0060,CONSENSO FEDERAL,agrupacion,106,2019_PASO_DIST21_santafe_presidente.xlsx
2019,PASO,2019-08-11,PRESIDENTE Y VICE,21,Santa Fe,Las Colonias,Felicia,0060,FRENTE NOS,agrupacion,46,2019_PASO_DIST21_santafe_presidente.xlsx
2019,PASO,2019-08-11,PRESIDENTE Y VICE,21,Santa Fe,Las Colonias,Felicia,0060,UNITE POR LA LIBERTAD Y LA DIGNIDAD,agrupacion,32,2019_PASO_DIST21_santafe_presidente.xlsx
2019,PASO,2019-08-11,PRESIDENTE Y VICE,21,Santa Fe,Las Colonias,Felicia,0060,FRENTE DE IZQUIERDA Y DE TRABAJADORES - UNIDAD,agrupacion,9,2019_PASO_DIST21_santafe_presidente.xlsx
2019,PASO,2019-08-11,PRESIDENTE Y VICE,21,Santa Fe,Las Colonias,Felicia,0060,MOVIMIENTO AL SOCIALISMO,agrupacion,9,2019_PASO_DIST21_santafe_presidente.xlsx
2019,PASO,2019-08-11,PRESIDENTE Y VICE,21,Santa Fe,Las Colonias,Felicia,0060,PARTIDO AUTONOMISTA,agrupacion,3,2019_PASO_DIST21_santafe_presidente.xlsx
2019,PASO,2019-08-11,PRESIDENTE Y VICE,21,Santa Fe,Las Colonias,Felicia,0060,MOVIMIENTO DE ACCION VECINAL,agrupacion,2,2019_PASO_DIST21_santafe_presidente.xlsx
2019,PASO,2019-08-11,PRESIDENTE Y VICE,21,Santa Fe,Las Colonias,Felicia,0060,FRENTE PATRIOTA,agrupacion,1,2019_PASO_DIST21_santafe_presidente.xlsx
2019,PASO,2019-08-11,PRESIDENTE Y VICE,21,Santa Fe,Las Colonias,Franck,0053,JUNTOS POR EL CAMBIO,agrupacion,2310,2019_PASO_DIST21_santafe_presidente.xlsx
2019,PASO,2019-08-11,PRESIDENTE Y VICE,21,Santa Fe,Las Colonias,Franck,0053,FRENTE DE TODOS,agrupacion,790,2019_PASO_DIST21_santafe_presidente.xlsx
2019,PASO,2019-08-11,PRESIDENTE Y VICE,21,Santa Fe,Las Colonias,Franck,0053,CONSENSO FEDERAL,agrupacion,459,2019_PASO_DIST21_santafe_presidente.xlsx
2019,PASO,2019-08-11,PRESIDENTE Y VICE,21,Santa Fe,Las Colonias,Franck,0053,UNITE POR LA LIBERTAD Y LA DIGNIDAD,agrupacion,143,2019_PASO_DIST21_santafe_presidente.xlsx
2019,PASO,2019-08-11,PRESIDENTE Y VICE,21,Santa Fe,Las Colonias,Franck,0053,FRENTE NOS,agrupacion,121,2019_PASO_DIST21_santafe_presidente.xlsx
2019,PASO,2019-08-11,PRESIDENTE Y VICE,21,Santa Fe,Las Colonias,Franck,0053,FRENTE DE IZQUIERDA Y DE TRABAJADORES - UNIDAD,agrupacion,46,2019_PASO_DIST21_santafe_presidente.xlsx
2019,PASO,2019-08-11,PRESIDENTE Y VICE,21,Santa Fe,Las Colonias,Franck,0053,MOVIMIENTO AL SOCIALISMO,agrupacion,15,2019_PASO_DIST21_santafe_presidente.xlsx
2019,PASO,2019-08-11,PRESIDENTE Y VICE,21,Santa Fe,Las Colonias,Franck,0053,FRENTE PATRIOTA,agrupacion,13,2019_PASO_DIST21_santafe_presidente.xlsx
2019,PASO,2019-08-11,PRESIDENTE Y VICE,21,Santa Fe,Las Colonias,Franck,0053,PARTIDO AUTONOMISTA,agrupacion,6,2019_PASO_DIST21_santafe_presidente.xlsx
2019,PASO,2019-08-11,PRESIDENTE Y VICE,21,Santa Fe,Las Colonias,Franck,0053,MOVIMIENTO DE ACCION VECINAL,agrupacion,3,2019_PASO_DIST21_santafe_presidente.xlsx
2019,PASO,2019-08-11,PRESIDENTE Y VICE,21,Santa Fe,Las Colonias,Humboldt,0056,JUNTOS POR EL CAMBIO,agrupacion,1703,2019_PASO_DIST21_santafe_presidente.xlsx
2019,PASO,2019-08-11,PRESIDENTE Y VICE,21,Santa Fe,Las Colonias,Humboldt,0056,FRENTE DE TODOS,agrupacion,783,2019_PASO_DIST21_santafe_presidente.xlsx
2019,PASO,2019-08-11,PRESIDENTE Y VICE,21,Santa Fe,Las Colonias,Humboldt,0056,CONSENSO FEDERAL,agrupacion,396,2019_PASO_DIST21_santafe_presidente.xlsx
2019,PASO,2019-08-11,PRESIDENTE Y VICE,21,Santa Fe,Las Colonias,Humboldt,0056,UNITE POR LA LIBERTAD Y LA DIGNIDAD,agrupacion,123,2019_PASO_DIST21_santafe_presidente.xlsx
2019,PASO,2019-08-11,PRESIDENTE Y VICE,21,Santa Fe,Las Colonias,Humboldt,0056,FRENTE NOS,agrupacion,94,2019_PASO_DIST21_santafe_presidente.xlsx
2019,PASO,2019-08-11,PRESIDENTE Y VICE,21,Santa Fe,Las Colonias,Humboldt,0056,FRENTE DE IZQUIERDA Y DE TRABAJADORES - UNIDAD,agrupacion,39,2019_PASO_DIST21_santafe_presidente.xlsx
2019,PASO,2019-08-11,PRESIDENTE Y VICE,21,Santa Fe,Las Colonias,Humboldt,0056,MOVIMIENTO AL SOCIALISMO,agrupacion,23,2019_PASO_DIST21_santafe_presidente.xlsx
2019,PASO,2019-08-11,PRESIDENTE Y VICE,21,Santa Fe,Las Colonias,Humboldt,0056,FRENTE PATRIOTA,agrupacion,8,2019_PASO_DIST21_santafe_presidente.xlsx
2019,PASO,2019-08-11,PRESIDENTE Y VICE,21,Santa Fe,Las Colonias,Humboldt,0056,PARTIDO AUTONOMISTA,agrupacion,6,2019_PASO_DIST21_santafe_presidente.xlsx
2019,PASO,2019-08-11,PRESIDENTE Y VICE,21,Santa Fe,Las Colonias,Humboldt,0056,MOVIMIENTO DE ACCION VECINAL,agrupacion,5,2019_PASO_DIST21_santafe_presidente.xlsx
2019,PASO,2019-08-11,PRESIDENTE Y VICE,21,Santa Fe,Las Colonias,Pilar,0057,JUNTOS POR EL CAMBIO,agrupacion,1331,2019_PASO_DIST21_santafe_presidente.xlsx
2019,PASO,2019-08-11,PRESIDENTE Y VICE,21,Santa Fe,Las Colonias,Pilar,0057,FRENTE DE TODOS,agrupacion,1179,2019_PASO_DIST21_santafe_presidente.xlsx
2019,PASO,2019-08-11,PRESIDENTE Y VICE,21,Santa Fe,Las Colonias,Pilar,0057,CONSENSO FEDERAL,agrupacion,273,2019_PASO_DIST21_santafe_presidente.xlsx
2019,PASO,2019-08-11,PRESIDENTE Y VICE,21,Santa Fe,Las Colonias,Pilar,0057,UNITE POR LA LIBERTAD Y LA DIGNIDAD,agrupacion,60,2019_PASO_DIST21_santafe_presidente.xlsx
2019,PASO,2019-08-11,PRESIDENTE Y VICE,21,Santa Fe,Las Colonias,Pilar,0057,FRENTE NOS,agrupacion,40,2019_PASO_DIST21_santafe_presidente.xlsx
2019,PASO,2019-08-11,PRESIDENTE Y VICE,21,Santa Fe,Las Colonias,Pilar,0057,FRENTE DE IZQUIERDA Y DE TRABAJADORES - UNIDAD,agrupacion,35,2019_PASO_DIST21_santafe_presidente.xlsx
2019,PASO,2019-08-11,PRESIDENTE Y VICE,21,Santa Fe,Las Colonias,Pilar,0057,MOVIMIENTO AL SOCIALISMO,agrupacion,12,2019_PASO_DIST21_santafe_presidente.xlsx
2019,PASO,2019-08-11,PRESIDENTE Y VICE,21,Santa Fe,Las Colonias,Pilar,0057,PARTIDO AUTONOMISTA,agrupacion,4,2019_PASO_DIST21_santafe_presidente.xlsx
2019,PASO,2019-08-11,PRESIDENTE Y VICE,21,Santa Fe,Las Colonias,Pilar,0057,FRENTE PATRIOTA,agrupacion,3,2019_PASO_DIST21_santafe_presidente.xlsx
2019,PASO,2019-08-11,PRESIDENTE Y VICE,21,Santa Fe,Las Colonias,Pilar,0057,MOVIMIENTO DE ACCION VECINAL,agrupacion,3,2019_PASO_DIST21_santafe_presidente.xlsx
2019,PASO,2019-08-11,PRESIDENTE Y VICE,21,Santa Fe,Las Colonias,Progreso,0063,JUNTOS POR EL CAMBIO,agrupacion,1008,2019_PASO_DIST21_santafe_presidente.xlsx
2019,PASO,2019-08-11,PRESIDENTE Y VICE,21,Santa Fe,Las Colonias,Progreso,0063,FRENTE DE TODOS,agrupacion,302,2019_PASO_DIST21_santafe_presidente.xlsx
2019,PASO,2019-08-11,PRESIDENTE Y VICE,21,Santa Fe,Las Colonias,Progreso,0063,CONSENSO FEDERAL,agrupacion,171,2019_PASO_DIST21_santafe_presidente.xlsx
2019,PASO,2019-08-11,PRESIDENTE Y VICE,21,Santa Fe,Las Colonias,Progreso,0063,FRENTE NOS,agrupacion,33,2019_PASO_DIST21_santafe_presidente.xlsx
2019,PASO,2019-08-11,PRESIDENTE Y VICE,21,Santa Fe,Las Colonias,Progreso,0063,UNITE POR LA LIBERTAD Y LA DIGNIDAD,agrupacion,28,2019_PASO_DIST21_santafe_presidente.xlsx
2019,PASO,2019-08-11,PRESIDENTE Y VICE,21,Santa Fe,Las Colonias,Progreso,0063,FRENTE DE IZQUIERDA Y DE TRABAJADORES - UNIDAD,agrupacion,14,2019_PASO_DIST21_santafe_presidente.xlsx
2019,PASO,2019-08-11,PRESIDENTE Y VICE,21,Santa Fe,Las Colonias,Progreso,0063,MOVIMIENTO AL SOCIALISMO,agrupacion,9,2019_PASO_DIST21_santafe_presidente.xlsx
2019,PASO,2019-08-11,PRESIDENTE Y VICE,21,Santa Fe,Las Colonias,Progreso,0063,PARTIDO AUTONOMISTA,agrupacion,7,2019_PASO_DIST21_santafe_presidente.xlsx
2019,PASO,2019-08-11,PRESIDENTE Y VICE,21,Santa Fe,Las Colonias,Progreso,0063,FRENTE PATRIOTA,agrupacion,2,2019_PASO_DIST21_santafe_presidente.xlsx
2019,PASO,2019-08-11,PRESIDENTE Y VICE,21,Santa Fe,Las Colonias,Progreso,0063,MOVIMIENTO DE ACCION VECINAL,agrupacion,0,2019_PASO_DIST21_santafe_presidente.xlsx
2019,PASO,2019-08-11,PRESIDENTE Y VICE,21,Santa Fe,Las Colonias,San Carlos Centro,0044,JUNTOS POR EL CAMBIO,agrupacion,2952,2019_PASO_DIST21_santafe_presidente.xlsx
2019,PASO,2019-08-11,PRESIDENTE Y VICE,21,Santa Fe,Las Colonias,San Carlos Centro,0044,FRENTE DE TODOS,agrupacion,2571,2019_PASO_DIST21_santafe_presidente.xlsx
2019,PASO,2019-08-11,PRESIDENTE Y VICE,21,Santa Fe,Las Colonias,San Carlos Centro,0044,CONSENSO FEDERAL,agrupacion,1113,2019_PASO_DIST21_santafe_presidente.xlsx
2019,PASO,2019-08-11,PRESIDENTE Y VICE,21,Santa Fe,Las Colonias,San Carlos Centro,0044,UNITE POR LA LIBERTAD Y LA DIGNIDAD,agrupacion,326,2019_PASO_DIST21_santafe_presidente.xlsx
2019,PASO,2019-08-11,PRESIDENTE Y VICE,21,Santa Fe,Las Colonias,San Carlos Centro,0044,FRENTE NOS,agrupacion,257,2019_PASO_DIST21_santafe_presidente.xlsx
2019,PASO,2019-08-11,PRESIDENTE Y VICE,21,Santa Fe,Las Colonias,San Carlos Centro,0044,FRENTE DE IZQUIERDA Y DE TRABAJADORES - UNIDAD,agrupacion,113,2019_PASO_DIST21_santafe_presidente.xlsx
2019,PASO,2019-08-11,PRESIDENTE Y VICE,21,Santa Fe,Las Colonias,San Carlos Centro,0044,MOVIMIENTO AL SOCIALISMO,agrupacion,41,2019_PASO_DIST21_santafe_presidente.xlsx
2019,PASO,2019-08-11,PRESIDENTE Y VICE,21,Santa Fe,Las Colonias,San Carlos Centro,0044,PARTIDO AUTONOMISTA,agrupacion,20,2019_PASO_DIST21_santafe_presidente.xlsx
2019,PASO,2019-08-11,PRESIDENTE Y VICE,21,Santa Fe,Las Colonias,San Carlos Centro,0044,FRENTE PATRIOTA,agrupacion,13,2019_PASO_DIST21_santafe_presidente.xlsx
2019,PASO,2019-08-11,PRESIDENTE Y VICE,21,Santa Fe,Las Colonias,San Carlos Centro,0044,MOVIMIENTO DE ACCION VECINAL,agrupacion,10,2019_PASO_DIST21_santafe_presidente.xlsx
2019,PASO,2019-08-11,PRESIDENTE Y VICE,21,Santa Fe,Las Colonias,San Carlos Sud,0043,FRENTE DE TODOS,agrupacion,603,2019_PASO_DIST21_santafe_presidente.xlsx
2019,PASO,2019-08-11,PRESIDENTE Y VICE,21,Santa Fe,Las Colonias,San Carlos Sud,0043,JUNTOS POR EL CAMBIO,agrupacion,563,2019_PASO_DIST21_santafe_presidente.xlsx
2019,PASO,2019-08-11,PRESIDENTE Y VICE,21,Santa Fe,Las Colonias,San Carlos Sud,0043,CONSENSO FEDERAL,agrupacion,211,2019_PASO_DIST21_santafe_presidente.xlsx
2019,PASO,2019-08-11,PRESIDENTE Y VICE,21,Santa Fe,Las Colonias,San Carlos Sud,0043,FRENTE NOS,agrupacion,60,2019_PASO_DIST21_santafe_presidente.xlsx
2019,PASO,2019-08-11,PRESIDENTE Y VICE,21,Santa Fe,Las Colonias,San Carlos Sud,0043,UNITE POR LA LIBERTAD Y LA DIGNIDAD,agrupacion,46,2019_PASO_DIST21_santafe_presidente.xlsx
2019,PASO,2019-08-11,PRESIDENTE Y VICE,21,Santa Fe,Las Colonias,San Carlos Sud,0043,FRENTE DE IZQUIERDA Y DE TRABAJADORES - UNIDAD,agrupacion,14,2019_PASO_DIST21_santafe_presidente.xlsx
2019,PASO,2019-08-11,PRESIDENTE Y VICE,21,Santa Fe,Las Colonias,San Carlos Sud,0043,MOVIMIENTO AL SOCIALISMO,agrupacion,10,2019_PASO_DIST21_santafe_presidente.xlsx
2019,PASO,2019-08-11,PRESIDENTE Y VICE,21,Santa Fe,Las Colonias,San Carlos Sud,0043,FRENTE PATRIOTA,agrupacion,4,2019_PASO_DIST21_santafe_presidente.xlsx
2019,PASO,2019-08-11,PRESIDENTE Y VICE,21,Santa Fe,Las Colonias,San Carlos Sud,0043,MOVIMIENTO DE ACCION VECINAL,agrupacion,3,2019_PASO_DIST21_santafe_presidente.xlsx
2019,PASO,2019-08-11,PRESIDENTE Y VICE,21,Santa Fe,Las Colonias,San Carlos Sud,0043,PARTIDO AUTONOMISTA,agrupacion,3,2019_PASO_DIST21_santafe_presidente.xlsx
2019,PASO,2019-08-11,PRESIDENTE Y VICE,21,Santa Fe,Las Colonias,San Jerónimo Norte,0052,JUNTOS POR EL CAMBIO,agrupacion,2490,2019_PASO_DIST21_santafe_presidente.xlsx
2019,PASO,2019-08-11,PRESIDENTE Y VICE,21,Santa Fe,Las Colonias,San Jerónimo Norte,0052,FRENTE DE TODOS,agrupacion,773,2019_PASO_DIST21_santafe_presidente.xlsx
2019,PASO,2019-08-11,PRESIDENTE Y VICE,21,Santa Fe,Las Colonias,San Jerónimo Norte,0052,CONSENSO FEDERAL,agrupacion,547,2019_PASO_DIST21_santafe_presidente.xlsx
2019,PASO,2019-08-11,PRESIDENTE Y VICE,21,Santa Fe,Las Colonias,San Jerónimo Norte,0052,UNITE POR LA LIBERTAD Y LA DIGNIDAD,agrupacion,209,2019_PASO_DIST21_santafe_presidente.xlsx
2019,PASO,2019-08-11,PRESIDENTE Y VICE,21,Santa Fe,Las Colonias,San Jerónimo Norte,0052,FRENTE NOS,agrupacion,101,2019_PASO_DIST21_santafe_presidente.xlsx
2019,PASO,2019-08-11,PRESIDENTE Y VICE,21,Santa Fe,Las Colonias,San Jerónimo Norte,0052,FRENTE DE IZQUIERDA Y DE TRABAJADORES - UNIDAD,agrupacion,51,2019_PASO_DIST21_santafe_presidente.xlsx
2019,PASO,2019-08-11,PRESIDENTE Y VICE,21,Santa Fe,Las Colonias,San Jerónimo Norte,0052,MOVIMIENTO AL SOCIALISMO,agrupacion,15,2019_PASO_DIST21_santafe_presidente.xlsx
2019,PASO,2019-08-11,PRESIDENTE Y VICE,21,Santa Fe,Las Colonias,San Jerónimo Norte,0052,FRENTE PATRIOTA,agrupacion,6,2019_PASO_DIST21_santafe_presidente.xlsx
2019,PASO,2019-08-11,PRESIDENTE Y VICE,21,Santa Fe,Las Colonias,San Jerónimo Norte,0052,PARTIDO AUTONOMISTA,agrupacion,6,2019_PASO_DIST21_santafe_presidente.xlsx
2019,PASO,2019-08-11,PRESIDENTE Y VICE,21,Santa Fe,Las Colonias,San Jerónimo Norte,0052,MOVIMIENTO DE ACCION VECINAL,agrupacion,4,2019_PASO_DIST21_santafe_presidente.xlsx
2019,PASO,2019-08-11,PRESIDENTE Y VICE,21,Santa Fe,Las Colonias,Santa Clara de Buena Vista,0046,JUNTOS POR EL CAMBIO,agrupacion,790,2019_PASO_DIST21_santafe_presidente.xlsx
2019,PASO,2019-08-11,PRESIDENTE Y VICE,21,Santa Fe,Las Colonias,Santa Clara de Buena Vista,0046,FRENTE DE TODOS,agrupacion,730,2019_PASO_DIST21_santafe_presidente.xlsx
2019,PASO,2019-08-11,PRESIDENTE Y VICE,21,Santa Fe,Las Colonias,Santa Clara de Buena Vista,0046,CONSENSO FEDERAL,agrupacion,191,2019_PASO_DIST21_santafe_presidente.xlsx
2019,PASO,2019-08-11,PRESIDENTE Y VICE,21,Santa Fe,Las Colonias,Santa Clara de Buena Vista,0046,UNITE POR LA LIBERTAD Y LA DIGNIDAD,agrupacion,56,2019_PASO_DIST21_santafe_presidente.xlsx
2019,PASO,2019-08-11,PRESIDENTE Y VICE,21,Santa Fe,Las Colonias,Santa Clara de Buena Vista,0046,FRENTE NOS,agrupacion,41,2019_PASO_DIST21_santafe_presidente.xlsx
2019,PASO,2019-08-11,PRESIDENTE Y VICE,21,Santa Fe,Las Colonias,Santa Clara de Buena Vista,0046,FRENTE DE IZQUIERDA Y DE TRABAJADORES - UNIDAD,agrupacion,28,2019_PASO_DIST21_santafe_presidente.xlsx
2019,PASO,2019-08-11,PRESIDENTE Y VICE,21,Santa Fe,Las Colonias,Santa Clara de Buena Vista,0046,MOVIMIENTO AL SOCIALISMO,agrupacion,7,2019_PASO_DIST21_santafe_presidente.xlsx
2019,PASO,2019-08-11,PRESIDENTE Y VICE,21,Santa Fe,Las Colonias,Santa Clara de Buena Vista,0046,FRENTE PATRIOTA,agrupacion,6,2019_PASO_DIST21_santafe_presidente.xlsx
2019,PASO,2019-08-11,PRESIDENTE Y VICE,21,Santa Fe,Las Colonias,Santa Clara de Buena Vista,0046,PARTIDO AUTONOMISTA,agrupacion,3,2019_PASO_DIST21_santafe_presidente.xlsx
2019,PASO,2019-08-11,PRESIDENTE Y VICE,21,Santa Fe,Las Colonias,Santa Clara de Buena Vista,0046,MOVIMIENTO DE ACCION VECINAL,agrupacion,0,2019_PASO_DIST21_santafe_presidente.xlsx
2019,PASO,2019-08-11,PRESIDENTE Y VICE,21,Santa Fe,San Martín,Carlos Pellegrini,0160,JUNTOS POR EL CAMBIO,agrupacion,1744,2019_PASO_DIST21_santafe_presidente.xlsx
2019,PASO,2019-08-11,PRESIDENTE Y VICE,21,Santa Fe,San Martín,Carlos Pellegrini,0160,FRENTE DE TODOS,agrupacion,912,2019_PASO_DIST21_santafe_presidente.xlsx
2019,PASO,2019-08-11,PRESIDENTE Y VICE,21,Santa Fe,San Martín,Carlos Pellegrini,0160,CONSENSO FEDERAL,agrupacion,371,2019_PASO_DIST21_santafe_presidente.xlsx
2019,PASO,2019-08-11,PRESIDENTE Y VICE,21,Santa Fe,San Martín,Carlos Pellegrini,0160,FRENTE NOS,agrupacion,119,2019_PASO_DIST21_santafe_presidente.xlsx
2019,PASO,2019-08-11,PRESIDENTE Y VICE,21,Santa Fe,San Martín,Carlos Pellegrini,0160,UNITE POR LA LIBERTAD Y LA DIGNIDAD,agrupacion,90,2019_PASO_DIST21_santafe_presidente.xlsx
2019,PASO,2019-08-11,PRESIDENTE Y VICE,21,Santa Fe,San Martín,Carlos Pellegrini,0160,FRENTE DE IZQUIERDA Y DE TRABAJADORES - UNIDAD,agrupacion,51,2019_PASO_DIST21_santafe_presidente.xlsx
2019,PASO,2019-08-11,PRESIDENTE Y VICE,21,Santa Fe,San Martín,Carlos Pellegrini,0160,PARTIDO AUTONOMISTA,agrupacion,10,2019_PASO_DIST21_santafe_presidente.xlsx
2019,PASO,2019-08-11,PRESIDENTE Y VICE,21,Santa Fe,San Martín,Carlos Pellegrini,0160,MOVIMIENTO AL SOCIALISMO,agrupacion,7,2019_PASO_DIST21_santafe_presidente.xlsx
2019,PASO,2019-08-11,PRESIDENTE Y VICE,21,Santa Fe,San Martín,Carlos Pellegrini,0160,MOVIMIENTO DE ACCION VECINAL,agrupacion,6,2019_PASO_DIST21_santafe_presidente.xlsx
2019,PASO,2019-08-11,PRESIDENTE Y VICE,21,Santa Fe,San Martín,Carlos Pellegrini,0160,FRENTE PATRIOTA,agrupacion,1,2019_PASO_DIST21_santafe_presidente.xlsx
2019,PASO,2019-08-11,PRESIDENTE Y VICE,21,Santa Fe,San Martín,Cañada Rosquín,0161,JUNTOS POR EL CAMBIO,agrupacion,1517,2019_PASO_DIST21_santafe_presidente.xlsx
2019,PASO,2019-08-11,PRESIDENTE Y VICE,21,Santa Fe,San Martín,Cañada Rosquín,0161,FRENTE DE TODOS,agrupacion,1046,2019_PASO_DIST21_santafe_presidente.xlsx
2019,PASO,2019-08-11,PRESIDENTE Y VICE,21,Santa Fe,San Martín,Cañada Rosquín,0161,CONSENSO FEDERAL,agrupacion,391,2019_PASO_DIST21_santafe_presidente.xlsx
2019,PASO,2019-08-11,PRESIDENTE Y VICE,21,Santa Fe,San Martín,Cañada Rosquín,0161,UNITE POR LA LIBERTAD Y LA DIGNIDAD,agrupacion,101,2019_PASO_DIST21_santafe_presidente.xlsx
2019,PASO,2019-08-11,PRESIDENTE Y VICE,21,Santa Fe,San Martín,Cañada Rosquín,0161,FRENTE NOS,agrupacion,71,2019_PASO_DIST21_santafe_presidente.xlsx
2019,PASO,2019-08-11,PRESIDENTE Y VICE,21,Santa Fe,San Martín,Cañada Rosquín,0161,FRENTE DE IZQUIERDA Y DE TRABAJADORES - UNIDAD,agrupacion,41,2019_PASO_DIST21_santafe_presidente.xlsx
2019,PASO,2019-08-11,PRESIDENTE Y VICE,21,Santa Fe,San Martín,Cañada Rosquín,0161,MOVIMIENTO AL SOCIALISMO,agrupacion,21,2019_PASO_DIST21_santafe_presidente.xlsx
2019,PASO,2019-08-11,PRESIDENTE Y VICE,21,Santa Fe,San Martín,Cañada Rosquín,0161,FRENTE PATRIOTA,agrupacion,7,2019_PASO_DIST21_santafe_presidente.xlsx
2019,PASO,2019-08-11,PRESIDENTE Y VICE,21,Santa Fe,San Martín,Cañada Rosquín,0161,PARTIDO AUTONOMISTA,agrupacion,7,2019_PASO_DIST21_santafe_presidente.xlsx
2019,PASO,2019-08-11,PRESIDENTE Y VICE,21,Santa Fe,San Martín,Cañada Rosquín,0161,MOVIMIENTO DE ACCION VECINAL,agrupacion,6,2019_PASO_DIST21_santafe_presidente.xlsx
2019,PASO,2019-08-11,PRESIDENTE Y VICE,21,Santa Fe,San Martín,El Trébol,0165,JUNTOS POR EL CAMBIO,agrupacion,2891,2019_PASO_DIST21_santafe_presidente.xlsx
2019,PASO,2019-08-11,PRESIDENTE Y VICE,21,Santa Fe,San Martín,El Trébol,0165,FRENTE DE TODOS,agrupacion,2693,2019_PASO_DIST21_santafe_presidente.xlsx
2019,PASO,2019-08-11,PRESIDENTE Y VICE,21,Santa Fe,San Martín,El Trébol,0165,CONSENSO FEDERAL,agrupacion,894,2019_PASO_DIST21_santafe_presidente.xlsx
2019,PASO,2019-08-11,PRESIDENTE Y VICE,21,Santa Fe,San Martín,El Trébol,0165,FRENTE NOS,agrupacion,244,2019_PASO_DIST21_santafe_presidente.xlsx
2019,PASO,2019-08-11,PRESIDENTE Y VICE,21,Santa Fe,San Martín,El Trébol,0165,UNITE POR LA LIBERTAD Y LA DIGNIDAD,agrupacion,227,2019_PASO_DIST21_santafe_presidente.xlsx
2019,PASO,2019-08-11,PRESIDENTE Y VICE,21,Santa Fe,San Martín,El Trébol,0165,FRENTE DE IZQUIERDA Y DE TRABAJADORES - UNIDAD,agrupacion,116,2019_PASO_DIST21_santafe_presidente.xlsx
2019,PASO,2019-08-11,PRESIDENTE Y VICE,21,Santa Fe,San Martín,El Trébol,0165,MOVIMIENTO AL SOCIALISMO,agrupacion,44,2019_PASO_DIST21_santafe_presidente.xlsx
2019,PASO,2019-08-11,PRESIDENTE Y VICE,21,Santa Fe,San Martín,El Trébol,0165,PARTIDO AUTONOMISTA,agrupacion,20,2019_PASO_DIST21_santafe_presidente.xlsx
2019,PASO,2019-08-11,PRESIDENTE Y VICE,21,Santa Fe,San Martín,El Trébol,0165,FRENTE PATRIOTA,agrupacion,14,2019_PASO_DIST21_santafe_presidente.xlsx
2019,PASO,2019-08-11,PRESIDENTE Y VICE,21,Santa Fe,San Martín,El Trébol,0165,MOVIMIENTO DE ACCION VECINAL,agrupacion,13,2019_PASO_DIST21_santafe_presidente.xlsx
2019,PASO,2019-08-11,PRESIDENTE Y VICE,21,Santa Fe,San Martín,María Susana,0166,JUNTOS POR EL CAMBIO,agrupacion,1218,2019_PASO_DIST21_santafe_presidente.xlsx
2019,PASO,2019-08-11,PRESIDENTE Y VICE,21,Santa Fe,San Martín,María Susana,0166,FRENTE DE TODOS,agrupacion,473,2019_PASO_DIST21_santafe_presidente.xlsx
2019,PASO,2019-08-11,PRESIDENTE Y VICE,21,Santa Fe,San Martín,María Susana,0166,CONSENSO FEDERAL,agrupacion,229,2019_PASO_DIST21_santafe_presidente.xlsx
2019,PASO,2019-08-11,PRESIDENTE Y VICE,21,Santa Fe,San Martín,María Susana,0166,FRENTE NOS,agrupacion,45,2019_PASO_DIST21_santafe_presidente.xlsx
2019,PASO,2019-08-11,PRESIDENTE Y VICE,21,Santa Fe,San Martín,María Susana,0166,UNITE POR LA LIBERTAD Y LA DIGNIDAD,agrupacion,35,2019_PASO_DIST21_santafe_presidente.xlsx
2019,PASO,2019-08-11,PRESIDENTE Y VICE,21,Santa Fe,San Martín,María Susana,0166,FRENTE DE IZQUIERDA Y DE TRABAJADORES - UNIDAD,agrupacion,23,2019_PASO_DIST21_santafe_presidente.xlsx
2019,PASO,2019-08-11,PRESIDENTE Y VICE,21,Santa Fe,San Martín,María Susana,0166,MOVIMIENTO AL SOCIALISMO,agrupacion,11,2019_PASO_DIST21_santafe_presidente.xlsx
2019,PASO,2019-08-11,PRESIDENTE Y VICE,21,Santa Fe,San Martín,María Susana,0166,FRENTE PATRIOTA,agrupacion,4,2019_PASO_DIST21_santafe_presidente.xlsx
2019,PASO,2019-08-11,PRESIDENTE Y VICE,21,Santa Fe,San Martín,María Susana,0166,MOVIMIENTO DE ACCION VECINAL,agrupacion,4,2019_PASO_DIST21_santafe_presidente.xlsx
2019,PASO,2019-08-11,PRESIDENTE Y VICE,21,Santa Fe,San Martín,María Susana,0166,PARTIDO AUTONOMISTA,agrupacion,3,2019_PASO_DIST21_santafe_presidente.xlsx
2019,PASO,2019-08-11,PRESIDENTE Y VICE,21,Santa Fe,San Martín,Piamonte,0164,JUNTOS POR EL CAMBIO,agrupacion,1051,2019_PASO_DIST21_santafe_presidente.xlsx
2019,PASO,2019-08-11,PRESIDENTE Y VICE,21,Santa Fe,San Martín,Piamonte,0164,FRENTE DE TODOS,agrupacion,569,2019_PASO_DIST21_santafe_presidente.xlsx
2019,PASO,2019-08-11,PRESIDENTE Y VICE,21,Santa Fe,San Martín,Piamonte,0164,CONSENSO FEDERAL,agrupacion,194,2019_PASO_DIST21_santafe_presidente.xlsx
2019,PASO,2019-08-11,PRESIDENTE Y VICE,21,Santa Fe,San Martín,Piamonte,0164,FRENTE NOS,agrupacion,48,2019_PASO_DIST21_santafe_presidente.xlsx
2019,PASO,2019-08-11,PRESIDENTE Y VICE,21,Santa Fe,San Martín,Piamonte,0164,FRENTE DE IZQUIERDA Y DE TRABAJADORES - UNIDAD,agrupacion,43,2019_PASO_DIST21_santafe_presidente.xlsx
2019,PASO,2019-08-11,PRESIDENTE Y VICE,21,Santa Fe,San Martín,Piamonte,0164,UNITE POR LA LIBERTAD Y LA DIGNIDAD,agrupacion,25,2019_PASO_DIST21_santafe_presidente.xlsx
2019,PASO,2019-08-11,PRESIDENTE Y VICE,21,Santa Fe,San Martín,Piamonte,0164,MOVIMIENTO AL SOCIALISMO,agrupacion,9,2019_PASO_DIST21_santafe_presidente.xlsx
2019,PASO,2019-08-11,PRESIDENTE Y VICE,21,Santa Fe,San Martín,Piamonte,0164,FRENTE PATRIOTA,agrupacion,6,2019_PASO_DIST21_santafe_presidente.xlsx
2019,PASO,2019-08-11,PRESIDENTE Y VICE,21,Santa Fe,San Martín,Piamonte,0164,MOVIMIENTO DE ACCION VECINAL,agrupacion,3,2019_PASO_DIST21_santafe_presidente.xlsx
2019,PASO,2019-08-11,PRESIDENTE Y VICE,21,Santa Fe,San Martín,Piamonte,0164,PARTIDO AUTONOMISTA,agrupacion,3,2019_PASO_DIST21_santafe_presidente.xlsx
2019,PASO,2019-08-11,PRESIDENTE Y VICE,21,Santa Fe,San Martín,San Jorge,0158,JUNTOS POR EL CAMBIO,agrupacion,4809,2019_PASO_DIST21_santafe_presidente.xlsx
2019,PASO,2019-08-11,PRESIDENTE Y VICE,21,Santa Fe,San Martín,San Jorge,0158,FRENTE DE TODOS,agrupacion,4126,2019_PASO_DIST21_santafe_presidente.xlsx
2019,PASO,2019-08-11,PRESIDENTE Y VICE,21,Santa Fe,San Martín,San Jorge,0158,CONSENSO FEDERAL,agrupacion,1381,2019_PASO_DIST21_santafe_presidente.xlsx
2019,PASO,2019-08-11,PRESIDENTE Y VICE,21,Santa Fe,San Martín,San Jorge,0158,FRENTE NOS,agrupacion,347,2019_PASO_DIST21_santafe_presidente.xlsx
2019,PASO,2019-08-11,PRESIDENTE Y VICE,21,Santa Fe,San Martín,San Jorge,0158,UNITE POR LA LIBERTAD Y LA DIGNIDAD,agrupacion,343,2019_PASO_DIST21_santafe_presidente.xlsx
2019,PASO,2019-08-11,PRESIDENTE Y VICE,21,Santa Fe,San Martín,San Jorge,0158,FRENTE DE IZQUIERDA Y DE TRABAJADORES - UNIDAD,agrupacion,186,2019_PASO_DIST21_santafe_presidente.xlsx
2019,PASO,2019-08-11,PRESIDENTE Y VICE,21,Santa Fe,San Martín,San Jorge,0158,MOVIMIENTO AL SOCIALISMO,agrupacion,65,2019_PASO_DIST21_santafe_presidente.xlsx
2019,PASO,2019-08-11,PRESIDENTE Y VICE,21,Santa Fe,San Martín,San Jorge,0158,PARTIDO AUTONOMISTA,agrupacion,18,2019_PASO_DIST21_santafe_presidente.xlsx
2019,PASO,2019-08-11,PRESIDENTE Y VICE,21,Santa Fe,San Martín,San Jorge,0158,FRENTE PATRIOTA,agrupacion,17,2019_PASO_DIST21_santafe_presidente.xlsx
2019,PASO,2019-08-11,PRESIDENTE Y VICE,21,Santa Fe,San Martín,San Jorge,0158,MOVIMIENTO DE ACCION VECINAL,agrupacion,15,2019_PASO_DIST21_santafe_presidente.xlsx
2019,PASO,2019-08-11,PRESIDENTE Y VICE,21,Santa Fe,San Martín,San Martín de las Escobas,0156,JUNTOS POR EL CAMBIO,agrupacion,1008,2019_PASO_DIST21_santafe_presidente.xlsx
2019,PASO,2019-08-11,PRESIDENTE Y VICE,21,Santa Fe,San Martín,San Martín de las Escobas,0156,FRENTE DE TODOS,agrupacion,366,2019_PASO_DIST21_santafe_presidente.xlsx
2019,PASO,2019-08-11,PRESIDENTE Y VICE,21,Santa Fe,San Martín,San Martín de las Escobas,0156,CONSENSO FEDERAL,agrupacion,157,2019_PASO_DIST21_santafe_presidente.xlsx
2019,PASO,2019-08-11,PRESIDENTE Y VICE,21,Santa Fe,San Martín,San Martín de las Escobas,0156,FRENTE NOS,agrupacion,71,2019_PASO_DIST21_santafe_presidente.xlsx
2019,PASO,2019-08-11,PRESIDENTE Y VICE,21,Santa Fe,San Martín,San Martín de las Escobas,0156,UNITE POR LA LIBERTAD Y LA DIGNIDAD,agrupacion,46,2019_PASO_DIST21_santafe_presidente.xlsx
2019,PASO,2019-08-11,PRESIDENTE Y VICE,21,Santa Fe,San Martín,San Martín de las Escobas,0156,FRENTE DE IZQUIERDA Y DE TRABAJADORES - UNIDAD,agrupacion,31,2019_PASO_DIST21_santafe_presidente.xlsx
2019,PASO,2019-08-11,PRESIDENTE Y VICE,21,Santa Fe,San Martín,San Martín de las Escobas,0156,MOVIMIENTO AL SOCIALISMO,agrupacion,8,2019_PASO_DIST21_santafe_presidente.xlsx
2019,PASO,2019-08-11,PRESIDENTE Y VICE,21,Santa Fe,San Martín,San Martín de las Escobas,0156,FRENTE PATRIOTA,agrupacion,6,2019_PASO_DIST21_santafe_presidente.xlsx
2019,PASO,2019-08-11,PRESIDENTE Y VICE,21,Santa Fe,San Martín,San Martín de las Escobas,0156,PARTIDO AUTONOMISTA,agrupacion,3,2019_PASO_DIST21_santafe_presidente.xlsx
2019,PASO,2019-08-11,PRESIDENTE Y VICE,21,Santa Fe,San Martín,San Martín de las Escobas,0156,MOVIMIENTO DE ACCION VECINAL,agrupacion,2,2019_PASO_DIST21_santafe_presidente.xlsx
2019,PASO,2019-08-11,PRESIDENTE Y VICE,21,Santa Fe,San Martín,Sastre y Ortiz,0155,FRENTE DE TODOS,agrupacion,1556,2019_PASO_DIST21_santafe_presidente.xlsx
2019,PASO,2019-08-11,PRESIDENTE Y VICE,21,Santa Fe,San Martín,Sastre y Ortiz,0155,JUNTOS POR EL CAMBIO,agrupacion,1297,2019_PASO_DIST21_santafe_presidente.xlsx
2019,PASO,2019-08-11,PRESIDENTE Y VICE,21,Santa Fe,San Martín,Sastre y Ortiz,0155,CONSENSO FEDERAL,agrupacion,427,2019_PASO_DIST21_santafe_presidente.xlsx
2019,PASO,2019-08-11,PRESIDENTE Y VICE,21,Santa Fe,San Martín,Sastre y Ortiz,0155,UNITE POR LA LIBERTAD Y LA DIGNIDAD,agrupacion,96,2019_PASO_DIST21_santafe_presidente.xlsx
2019,PASO,2019-08-11,PRESIDENTE Y VICE,21,Santa Fe,San Martín,Sastre y Ortiz,0155,FRENTE DE IZQUIERDA Y DE TRABAJADORES - UNIDAD,agrupacion,54,2019_PASO_DIST21_santafe_presidente.xlsx
2019,PASO,2019-08-11,PRESIDENTE Y VICE,21,Santa Fe,San Martín,Sastre y Ortiz,0155,FRENTE NOS,agrupacion,47,2019_PASO_DIST21_santafe_presidente.xlsx
2019,PASO,2019-08-11,PRESIDENTE Y VICE,21,Santa Fe,San Martín,Sastre y Ortiz,0155,MOVIMIENTO AL SOCIALISMO,agrupacion,13,2019_PASO_DIST21_santafe_presidente.xlsx
2019,PASO,2019-08-11,PRESIDENTE Y VICE,21,Santa Fe,San Martín,Sastre y Ortiz,0155,PARTIDO AUTONOMISTA,agrupacion,11,2019_PASO_DIST21_santafe_presidente.xlsx
2019,PASO,2019-08-11,PRESIDENTE Y VICE,21,Santa Fe,San Martín,Sastre y Ortiz,0155,FRENTE PATRIOTA,agrupacion,9,2019_PASO_DIST21_santafe_presidente.xlsx
2019,PASO,2019-08-11,PRESIDENTE Y VICE,21,Santa Fe,San Martín,Sastre y Ortiz,0155,MOVIMIENTO DE ACCION VECINAL,agrupacion,3,2019_PASO_DIST21_santafe_presidente.xlsx
2019,PASO,2019-08-11,PRESIDENTE Y VICE,21,Santa Fe,Castellanos,Ataliva,0121,EN BLANCO,blancos,18,2019_PASO_DIST21_santafe_presidente.xlsx
2019,PASO,2019-08-11,PRESIDENTE Y VICE,21,Santa Fe,Castellanos,Ataliva,0121,NULO,nulos,44,2019_PASO_DIST21_santafe_presidente.xlsx
2019,PASO,2019-08-11,PRESIDENTE Y VICE,21,Santa Fe,Castellanos,Ataliva,0121,IMPUGNADO,impugnados,6,2019_PASO_DIST21_santafe_presidente.xlsx
2019,PASO,2019-08-11,PRESIDENTE Y VICE,21,Santa Fe,Castellanos,Ataliva,0121,RECURRIDO,recurridos,0,2019_PASO_DIST21_santafe_presidente.xlsx
2019,PASO,2019-08-11,PRESIDENTE Y VICE,21,Santa Fe,Castellanos,Ataliva,0121,COMANDO,comando,2,2019_PASO_DIST21_santafe_presidente.xlsx
2019,PASO,2019-08-11,PRESIDENTE Y VICE,21,Santa Fe,Castellanos,Ataliva,0121,POSITIVO,positivo,1194,2019_PASO_DIST21_santafe_presidente.xlsx
2019,PASO,2019-08-11,PRESIDENTE Y VICE,21,Santa Fe,Castellanos,Colonia Aldao,0120,EN BLANCO,blancos,8,2019_PASO_DIST21_santafe_presidente.xlsx
2019,PASO,2019-08-11,PRESIDENTE Y VICE,21,Santa Fe,Castellanos,Colonia Aldao,0120,NULO,nulos,34,2019_PASO_DIST21_santafe_presidente.xlsx
2019,PASO,2019-08-11,PRESIDENTE Y VICE,21,Santa Fe,Castellanos,Colonia Aldao,0120,IMPUGNADO,impugnados,0,2019_PASO_DIST21_santafe_presidente.xlsx
2019,PASO,2019-08-11,PRESIDENTE Y VICE,21,Santa Fe,Castellanos,Colonia Aldao,0120,RECURRIDO,recurridos,0,2019_PASO_DIST21_santafe_presidente.xlsx
2019,PASO,2019-08-11,PRESIDENTE Y VICE,21,Santa Fe,Castellanos,Colonia Aldao,0120,COMANDO,comando,0,2019_PASO_DIST21_santafe_presidente.xlsx
2019,PASO,2019-08-11,PRESIDENTE Y VICE,21,Santa Fe,Castellanos,Colonia Aldao,0120,POSITIVO,positivo,1149,2019_PASO_DIST21_santafe_presidente.xlsx
2019,PASO,2019-08-11,PRESIDENTE Y VICE,21,Santa Fe,Castellanos,Frontera,0134A,EN BLANCO,blancos,44,2019_PASO_DIST21_santafe_presidente.xlsx
2019,PASO,2019-08-11,PRESIDENTE Y VICE,21,Santa Fe,Castellanos,Frontera,0134A,NULO,nulos,137,2019_PASO_DIST21_santafe_presidente.xlsx
2019,PASO,2019-08-11,PRESIDENTE Y VICE,21,Santa Fe,Castellanos,Frontera,0134A,IMPUGNADO,impugnados,0,2019_PASO_DIST21_santafe_presidente.xlsx
2019,PASO,2019-08-11,PRESIDENTE Y VICE,21,Santa Fe,Castellanos,Frontera,0134A,RECURRIDO,recurridos,0,2019_PASO_DIST21_santafe_presidente.xlsx
2019,PASO,2019-08-11,PRESIDENTE Y VICE,21,Santa Fe,Castellanos,Frontera,0134A,COMANDO,comando,7,2019_PASO_DIST21_santafe_presidente.xlsx
2019,PASO,2019-08-11,PRESIDENTE Y VICE,21,Santa Fe,Castellanos,Frontera,0134A,POSITIVO,positivo,4458,2019_PASO_DIST21_santafe_presidente.xlsx
2019,PASO,2019-08-11,PRESIDENTE Y VICE,21,Santa Fe,Castellanos,Humberto Primo,0117,EN BLANCO,blancos,45,2019_PASO_DIST21_santafe_presidente.xlsx
2019,PASO,2019-08-11,PRESIDENTE Y VICE,21,Santa Fe,Castellanos,Humberto Primo,0117,NULO,nulos,51,2019_PASO_DIST21_santafe_presidente.xlsx
2019,PASO,2019-08-11,PRESIDENTE Y VICE,21,Santa Fe,Castellanos,Humberto Primo,0117,IMPUGNADO,impugnados,2,2019_PASO_DIST21_santafe_presidente.xlsx
2019,PASO,2019-08-11,PRESIDENTE Y VICE,21,Santa Fe,Castellanos,Humberto Primo,0117,RECURRIDO,recurridos,0,2019_PASO_DIST21_santafe_presidente.xlsx
2019,PASO,2019-08-11,PRESIDENTE Y VICE,21,Santa Fe,Castellanos,Humberto Primo,0117,COMANDO,comando,4,2019_PASO_DIST21_santafe_presidente.xlsx
2019,PASO,2019-08-11,PRESIDENTE Y VICE,21,Santa Fe,Castellanos,Humberto Primo,0117,POSITIVO,positivo,3232,2019_PASO_DIST21_santafe_presidente.xlsx
2019,PASO,2019-08-11,PRESIDENTE Y VICE,21,Santa Fe,Castellanos,Josefina,0134,EN BLANCO,blancos,5,2019_PASO_DIST21_santafe_presidente.xlsx
2019,PASO,2019-08-11,PRESIDENTE Y VICE,21,Santa Fe,Castellanos,Josefina,0134,NULO,nulos,10,2019_PASO_DIST21_santafe_presidente.xlsx
2019,PASO,2019-08-11,PRESIDENTE Y VICE,21,Santa Fe,Castellanos,Josefina,0134,IMPUGNADO,impugnados,0,2019_PASO_DIST21_santafe_presidente.xlsx
2019,PASO,2019-08-11,PRESIDENTE Y VICE,21,Santa Fe,Castellanos,Josefina,0134,RECURRIDO,recurridos,0,2019_PASO_DIST21_santafe_presidente.xlsx
2019,PASO,2019-08-11,PRESIDENTE Y VICE,21,Santa Fe,Castellanos,Josefina,0134,COMANDO,comando,3,2019_PASO_DIST21_santafe_presidente.xlsx
2019,PASO,2019-08-11,PRESIDENTE Y VICE,21,Santa Fe,Castellanos,Josefina,0134,POSITIVO,positivo,518,2019_PASO_DIST21_santafe_presidente.xlsx
2019,PASO,2019-08-11,PRESIDENTE Y VICE,21,Santa Fe,Castellanos,Lehmann,0123,EN BLANCO,blancos,27,2019_PASO_DIST21_santafe_presidente.xlsx
2019,PASO,2019-08-11,PRESIDENTE Y VICE,21,Santa Fe,Castellanos,Lehmann,0123,NULO,nulos,64,2019_PASO_DIST21_santafe_presidente.xlsx
2019,PASO,2019-08-11,PRESIDENTE Y VICE,21,Santa Fe,Castellanos,Lehmann,0123,IMPUGNADO,impugnados,0,2019_PASO_DIST21_santafe_presidente.xlsx
2019,PASO,2019-08-11,PRESIDENTE Y VICE,21,Santa Fe,Castellanos,Lehmann,0123,RECURRIDO,recurridos,30,2019_PASO_DIST21_santafe_presidente.xlsx
2019,PASO,2019-08-11,PRESIDENTE Y VICE,21,Santa Fe,Castellanos,Lehmann,0123,COMANDO,comando,0,2019_PASO_DIST21_santafe_presidente.xlsx
2019,PASO,2019-08-11,PRESIDENTE Y VICE,21,Santa Fe,Castellanos,Lehmann,0123,POSITIVO,positivo,1853,2019_PASO_DIST21_santafe_presidente.xlsx
2019,PASO,2019-08-11,PRESIDENTE Y VICE,21,Santa Fe,Castellanos,María Juana,0140,EN BLANCO,blancos,44,2019_PASO_DIST21_santafe_presidente.xlsx
2019,PASO,2019-08-11,PRESIDENTE Y VICE,21,Santa Fe,Castellanos,María Juana,0140,NULO,nulos,100,2019_PASO_DIST21_santafe_presidente.xlsx
2019,PASO,2019-08-11,PRESIDENTE Y VICE,21,Santa Fe,Castellanos,María Juana,0140,IMPUGNADO,impugnados,0,2019_PASO_DIST21_santafe_presidente.xlsx
2019,PASO,2019-08-11,PRESIDENTE Y VICE,21,Santa Fe,Castellanos,María Juana,0140,RECURRIDO,recurridos,0,2019_PASO_DIST21_santafe_presidente.xlsx
2019,PASO,2019-08-11,PRESIDENTE Y VICE,21,Santa Fe,Castellanos,María Juana,0140,COMANDO,comando,1,2019_PASO_DIST21_santafe_presidente.xlsx
2019,PASO,2019-08-11,PRESIDENTE Y VICE,21,Santa Fe,Castellanos,María Juana,0140,POSITIVO,positivo,2954,2019_PASO_DIST21_santafe_presidente.xlsx
2019,PASO,2019-08-11,PRESIDENTE Y VICE,21,Santa Fe,Castellanos,Ramona,0124,EN BLANCO,blancos,30,2019_PASO_DIST21_santafe_presidente.xlsx
2019,PASO,2019-08-11,PRESIDENTE Y VICE,21,Santa Fe,Castellanos,Ramona,0124,NULO,nulos,38,2019_PASO_DIST21_santafe_presidente.xlsx
2019,PASO,2019-08-11,PRESIDENTE Y VICE,21,Santa Fe,Castellanos,Ramona,0124,IMPUGNADO,impugnados,0,2019_PASO_DIST21_santafe_presidente.xlsx
2019,PASO,2019-08-11,PRESIDENTE Y VICE,21,Santa Fe,Castellanos,Ramona,0124,RECURRIDO,recurridos,0,2019_PASO_DIST21_santafe_presidente.xlsx
2019,PASO,2019-08-11,PRESIDENTE Y VICE,21,Santa Fe,Castellanos,Ramona,0124,COMANDO,comando,2,2019_PASO_DIST21_santafe_presidente.xlsx
2019,PASO,2019-08-11,PRESIDENTE Y VICE,21,Santa Fe,Castellanos,Ramona,0124,POSITIVO,positivo,1196,2019_PASO_DIST21_santafe_presidente.xlsx
2019,PASO,2019-08-11,PRESIDENTE Y VICE,21,Santa Fe,Castellanos,San Vicente,0142,EN BLANCO,blancos,119,2019_PASO_DIST21_santafe_presidente.xlsx
2019,PASO,2019-08-11,PRESIDENTE Y VICE,21,Santa Fe,Castellanos,San Vicente,0142,NULO,nulos,111,2019_PASO_DIST21_santafe_presidente.xlsx
2019,PASO,2019-08-11,PRESIDENTE Y VICE,21,Santa Fe,Castellanos,San Vicente,0142,IMPUGNADO,impugnados,1,2019_PASO_DIST21_santafe_presidente.xlsx
2019,PASO,2019-08-11,PRESIDENTE Y VICE,21,Santa Fe,Castellanos,San Vicente,0142,RECURRIDO,recurridos,0,2019_PASO_DIST21_santafe_presidente.xlsx
2019,PASO,2019-08-11,PRESIDENTE Y VICE,21,Santa Fe,Castellanos,San Vicente,0142,COMANDO,comando,2,2019_PASO_DIST21_santafe_presidente.xlsx
2019,PASO,2019-08-11,PRESIDENTE Y VICE,21,Santa Fe,Castellanos,San Vicente,0142,POSITIVO,positivo,3668,2019_PASO_DIST21_santafe_presidente.xlsx
2019,PASO,2019-08-11,PRESIDENTE Y VICE,21,Santa Fe,Castellanos,Santa Clara de Saguier,0130,EN BLANCO,blancos,42,2019_PASO_DIST21_santafe_presidente.xlsx
2019,PASO,2019-08-11,PRESIDENTE Y VICE,21,Santa Fe,Castellanos,Santa Clara de Saguier,0130,NULO,nulos,24,2019_PASO_DIST21_santafe_presidente.xlsx
2019,PASO,2019-08-11,PRESIDENTE Y VICE,21,Santa Fe,Castellanos,Santa Clara de Saguier,0130,IMPUGNADO,impugnados,0,2019_PASO_DIST21_santafe_presidente.xlsx
2019,PASO,2019-08-11,PRESIDENTE Y VICE,21,Santa Fe,Castellanos,Santa Clara de Saguier,0130,RECURRIDO,recurridos,0,2019_PASO_DIST21_santafe_presidente.xlsx
2019,PASO,2019-08-11,PRESIDENTE Y VICE,21,Santa Fe,Castellanos,Santa Clara de Saguier,0130,COMANDO,comando,3,2019_PASO_DIST21_santafe_presidente.xlsx
2019,PASO,2019-08-11,PRESIDENTE Y VICE,21,Santa Fe,Castellanos,Santa Clara de Saguier,0130,POSITIVO,positivo,1189,2019_PASO_DIST21_santafe_presidente.xlsx
2019,PASO,2019-08-11,PRESIDENTE Y VICE,21,Santa Fe,Castellanos,Sunchales,0118,EN BLANCO,blancos,168,2019_PASO_DIST21_santafe_presidente.xlsx
2019,PASO,2019-08-11,PRESIDENTE Y VICE,21,Santa Fe,Castellanos,Sunchales,0118,NULO,nulos,369,2019_PASO_DIST21_santafe_presidente.xlsx
2019,PASO,2019-08-11,PRESIDENTE Y VICE,21,Santa Fe,Castellanos,Sunchales,0118,IMPUGNADO,impugnados,0,2019_PASO_DIST21_santafe_presidente.xlsx
2019,PASO,2019-08-11,PRESIDENTE Y VICE,21,Santa Fe,Castellanos,Sunchales,0118,RECURRIDO,recurridos,1,2019_PASO_DIST21_santafe_presidente.xlsx
2019,PASO,2019-08-11,PRESIDENTE Y VICE,21,Santa Fe,Castellanos,Sunchales,0118,COMANDO,comando,4,2019_PASO_DIST21_santafe_presidente.xlsx
2019,PASO,2019-08-11,PRESIDENTE Y VICE,21,Santa Fe,Castellanos,Sunchales,0118,POSITIVO,positivo,13840,2019_PASO_DIST21_santafe_presidente.xlsx
2019,PASO,2019-08-11,PRESIDENTE Y VICE,21,Santa Fe,Castellanos,Zenón Pereyra,0138,EN BLANCO,blancos,21,2019_PASO_DIST21_santafe_presidente.xlsx
2019,PASO,2019-08-11,PRESIDENTE Y VICE,21,Santa Fe,Castellanos,Zenón Pereyra,0138,NULO,nulos,22,2019_PASO_DIST21_santafe_presidente.xlsx
2019,PASO,2019-08-11,PRESIDENTE Y VICE,21,Santa Fe,Castellanos,Zenón Pereyra,0138,IMPUGNADO,impugnados,0,2019_PASO_DIST21_santafe_presidente.xlsx
2019,PASO,2019-08-11,PRESIDENTE Y VICE,21,Santa Fe,Castellanos,Zenón Pereyra,0138,RECURRIDO,recurridos,0,2019_PASO_DIST21_santafe_presidente.xlsx
2019,PASO,2019-08-11,PRESIDENTE Y VICE,21,Santa Fe,Castellanos,Zenón Pereyra,0138,COMANDO,comando,6,2019_PASO_DIST21_santafe_presidente.xlsx
2019,PASO,2019-08-11,PRESIDENTE Y VICE,21,Santa Fe,Castellanos,Zenón Pereyra,0138,POSITIVO,positivo,1056,2019_PASO_DIST21_santafe_presidente.xlsx
2019,PASO,2019-08-11,PRESIDENTE Y VICE,21,Santa Fe,Las Colonias,Esperanza,0055,EN BLANCO,blancos,398,2019_PASO_DIST21_santafe_presidente.xlsx
2019,PASO,2019-08-11,PRESIDENTE Y VICE,21,Santa Fe,Las Colonias,Esperanza,0055,NULO,nulos,837,2019_PASO_DIST21_santafe_presidente.xlsx
2019,PASO,2019-08-11,PRESIDENTE Y VICE,21,Santa Fe,Las Colonias,Esperanza,0055,IMPUGNADO,impugnados,0,2019_PASO_DIST21_santafe_presidente.xlsx
2019,PASO,2019-08-11,PRESIDENTE Y VICE,21,Santa Fe,Las Colonias,Esperanza,0055,RECURRIDO,recurridos,3,2019_PASO_DIST21_santafe_presidente.xlsx
2019,PASO,2019-08-11,PRESIDENTE Y VICE,21,Santa Fe,Las Colonias,Esperanza,0055,COMANDO,comando,5,2019_PASO_DIST21_santafe_presidente.xlsx
2019,PASO,2019-08-11,PRESIDENTE Y VICE,21,Santa Fe,Las Colonias,Esperanza,0055,POSITIVO,positivo,25032,2019_PASO_DIST21_santafe_presidente.xlsx
2019,PASO,2019-08-11,PRESIDENTE Y VICE,21,Santa Fe,Las Colonias,Felicia,0060,EN BLANCO,blancos,40,2019_PASO_DIST21_santafe_presidente.xlsx
2019,PASO,2019-08-11,PRESIDENTE Y VICE,21,Santa Fe,Las Colonias,Felicia,0060,NULO,nulos,21,2019_PASO_DIST21_santafe_presidente.xlsx
2019,PASO,2019-08-11,PRESIDENTE Y VICE,21,Santa Fe,Las Colonias,Felicia,0060,IMPUGNADO,impugnados,0,2019_PASO_DIST21_santafe_presidente.xlsx
2019,PASO,2019-08-11,PRESIDENTE Y VICE,21,Santa Fe,Las Colonias,Felicia,0060,RECURRIDO,recurridos,2,2019_PASO_DIST21_santafe_presidente.xlsx
2019,PASO,2019-08-11,PRESIDENTE Y VICE,21,Santa Fe,Las Colonias,Felicia,0060,COMANDO,comando,0,2019_PASO_DIST21_santafe_presidente.xlsx
2019,PASO,2019-08-11,PRESIDENTE Y VICE,21,Santa Fe,Las Colonias,Felicia,0060,POSITIVO,positivo,1427,2019_PASO_DIST21_santafe_presidente.xlsx
2019,PASO,2019-08-11,PRESIDENTE Y VICE,21,Santa Fe,Las Colonias,Franck,0053,EN BLANCO,blancos,44,2019_PASO_DIST21_santafe_presidente.xlsx
2019,PASO,2019-08-11,PRESIDENTE Y VICE,21,Santa Fe,Las Colonias,Franck,0053,NULO,nulos,92,2019_PASO_DIST21_santafe_presidente.xlsx
2019,PASO,2019-08-11,PRESIDENTE Y VICE,21,Santa Fe,Las Colonias,Franck,0053,IMPUGNADO,impugnados,0,2019_PASO_DIST21_santafe_presidente.xlsx
2019,PASO,2019-08-11,PRESIDENTE Y VICE,21,Santa Fe,Las Colonias,Franck,0053,RECURRIDO,recurridos,0,2019_PASO_DIST21_santafe_presidente.xlsx
2019,PASO,2019-08-11,PRESIDENTE Y VICE,21,Santa Fe,Las Colonias,Franck,0053,COMANDO,comando,0,2019_PASO_DIST21_santafe_presidente.xlsx
2019,PASO,2019-08-11,PRESIDENTE Y VICE,21,Santa Fe,Las Colonias,Franck,0053,POSITIVO,positivo,3906,2019_PASO_DIST21_santafe_presidente.xlsx
2019,PASO,2019-08-11,PRESIDENTE Y VICE,21,Santa Fe,Las Colonias,Humboldt,0056,EN BLANCO,blancos,66,2019_PASO_DIST21_santafe_presidente.xlsx
2019,PASO,2019-08-11,PRESIDENTE Y VICE,21,Santa Fe,Las Colonias,Humboldt,0056,NULO,nulos,49,2019_PASO_DIST21_santafe_presidente.xlsx
2019,PASO,2019-08-11,PRESIDENTE Y VICE,21,Santa Fe,Las Colonias,Humboldt,0056,IMPUGNADO,impugnados,0,2019_PASO_DIST21_santafe_presidente.xlsx
2019,PASO,2019-08-11,PRESIDENTE Y VICE,21,Santa Fe,Las Colonias,Humboldt,0056,RECURRIDO,recurridos,0,2019_PASO_DIST21_santafe_presidente.xlsx
2019,PASO,2019-08-11,PRESIDENTE Y VICE,21,Santa Fe,Las Colonias,Humboldt,0056,COMANDO,comando,3,2019_PASO_DIST21_santafe_presidente.xlsx
2019,PASO,2019-08-11,PRESIDENTE Y VICE,21,Santa Fe,Las Colonias,Humboldt,0056,POSITIVO,positivo,3180,2019_PASO_DIST21_santafe_presidente.xlsx
2019,PASO,2019-08-11,PRESIDENTE Y VICE,21,Santa Fe,Las Colonias,Pilar,0057,EN BLANCO,blancos,66,2019_PASO_DIST21_santafe_presidente.xlsx
2019,PASO,2019-08-11,PRESIDENTE Y VICE,21,Santa Fe,Las Colonias,Pilar,0057,NULO,nulos,57,2019_PASO_DIST21_santafe_presidente.xlsx
2019,PASO,2019-08-11,PRESIDENTE Y VICE,21,Santa Fe,Las Colonias,Pilar,0057,IMPUGNADO,impugnados,0,2019_PASO_DIST21_santafe_presidente.xlsx
2019,PASO,2019-08-11,PRESIDENTE Y VICE,21,Santa Fe,Las Colonias,Pilar,0057,RECURRIDO,recurridos,3,2019_PASO_DIST21_santafe_presidente.xlsx
2019,PASO,2019-08-11,PRESIDENTE Y VICE,21,Santa Fe,Las Colonias,Pilar,0057,COMANDO,comando,2,2019_PASO_DIST21_santafe_presidente.xlsx
2019,PASO,2019-08-11,PRESIDENTE Y VICE,21,Santa Fe,Las Colonias,Pilar,0057,POSITIVO,positivo,2940,2019_PASO_DIST21_santafe_presidente.xlsx
2019,PASO,2019-08-11,PRESIDENTE Y VICE,21,Santa Fe,Las Colonias,Progreso,0063,EN BLANCO,blancos,46,2019_PASO_DIST21_santafe_presidente.xlsx
2019,PASO,2019-08-11,PRESIDENTE Y VICE,21,Santa Fe,Las Colonias,Progreso,0063,NULO,nulos,30,2019_PASO_DIST21_santafe_presidente.xlsx
2019,PASO,2019-08-11,PRESIDENTE Y VICE,21,Santa Fe,Las Colonias,Progreso,0063,IMPUGNADO,impugnados,0,2019_PASO_DIST21_santafe_presidente.xlsx
2019,PASO,2019-08-11,PRESIDENTE Y VICE,21,Santa Fe,Las Colonias,Progreso,0063,RECURRIDO,recurridos,0,2019_PASO_DIST21_santafe_presidente.xlsx
2019,PASO,2019-08-11,PRESIDENTE Y VICE,21,Santa Fe,Las Colonias,Progreso,0063,COMANDO,comando,2,2019_PASO_DIST21_santafe_presidente.xlsx
2019,PASO,2019-08-11,PRESIDENTE Y VICE,21,Santa Fe,Las Colonias,Progreso,0063,POSITIVO,positivo,1574,2019_PASO_DIST21_santafe_presidente.xlsx
2019,PASO,2019-08-11,PRESIDENTE Y VICE,21,Santa Fe,Las Colonias,San Carlos Centro,0044,EN BLANCO,blancos,161,2019_PASO_DIST21_santafe_presidente.xlsx
2019,PASO,2019-08-11,PRESIDENTE Y VICE,21,Santa Fe,Las Colonias,San Carlos Centro,0044,NULO,nulos,149,2019_PASO_DIST21_santafe_presidente.xlsx
2019,PASO,2019-08-11,PRESIDENTE Y VICE,21,Santa Fe,Las Colonias,San Carlos Centro,0044,IMPUGNADO,impugnados,0,2019_PASO_DIST21_santafe_presidente.xlsx
2019,PASO,2019-08-11,PRESIDENTE Y VICE,21,Santa Fe,Las Colonias,San Carlos Centro,0044,RECURRIDO,recurridos,0,2019_PASO_DIST21_santafe_presidente.xlsx
2019,PASO,2019-08-11,PRESIDENTE Y VICE,21,Santa Fe,Las Colonias,San Carlos Centro,0044,COMANDO,comando,2,2019_PASO_DIST21_santafe_presidente.xlsx
2019,PASO,2019-08-11,PRESIDENTE Y VICE,21,Santa Fe,Las Colonias,San Carlos Centro,0044,POSITIVO,positivo,7416,2019_PASO_DIST21_santafe_presidente.xlsx
2019,PASO,2019-08-11,PRESIDENTE Y VICE,21,Santa Fe,Las Colonias,San Carlos Sud,0043,EN BLANCO,blancos,37,2019_PASO_DIST21_santafe_presidente.xlsx
2019,PASO,2019-08-11,PRESIDENTE Y VICE,21,Santa Fe,Las Colonias,San Carlos Sud,0043,NULO,nulos,30,2019_PASO_DIST21_santafe_presidente.xlsx
2019,PASO,2019-08-11,PRESIDENTE Y VICE,21,Santa Fe,Las Colonias,San Carlos Sud,0043,IMPUGNADO,impugnados,0,2019_PASO_DIST21_santafe_presidente.xlsx
2019,PASO,2019-08-11,PRESIDENTE Y VICE,21,Santa Fe,Las Colonias,San Carlos Sud,0043,RECURRIDO,recurridos,0,2019_PASO_DIST21_santafe_presidente.xlsx
2019,PASO,2019-08-11,PRESIDENTE Y VICE,21,Santa Fe,Las Colonias,San Carlos Sud,0043,COMANDO,comando,0,2019_PASO_DIST21_santafe_presidente.xlsx
2019,PASO,2019-08-11,PRESIDENTE Y VICE,21,Santa Fe,Las Colonias,San Carlos Sud,0043,POSITIVO,positivo,1517,2019_PASO_DIST21_santafe_presidente.xlsx
2019,PASO,2019-08-11,PRESIDENTE Y VICE,21,Santa Fe,Las Colonias,San Jerónimo Norte,0052,EN BLANCO,blancos,73,2019_PASO_DIST21_santafe_presidente.xlsx
2019,PASO,2019-08-11,PRESIDENTE Y VICE,21,Santa Fe,Las Colonias,San Jerónimo Norte,0052,NULO,nulos,85,2019_PASO_DIST21_santafe_presidente.xlsx
2019,PASO,2019-08-11,PRESIDENTE Y VICE,21,Santa Fe,Las Colonias,San Jerónimo Norte,0052,IMPUGNADO,impugnados,0,2019_PASO_DIST21_santafe_presidente.xlsx
2019,PASO,2019-08-11,PRESIDENTE Y VICE,21,Santa Fe,Las Colonias,San Jerónimo Norte,0052,RECURRIDO,recurridos,0,2019_PASO_DIST21_santafe_presidente.xlsx
2019,PASO,2019-08-11,PRESIDENTE Y VICE,21,Santa Fe,Las Colonias,San Jerónimo Norte,0052,COMANDO,comando,3,2019_PASO_DIST21_santafe_presidente.xlsx
2019,PASO,2019-08-11,PRESIDENTE Y VICE,21,Santa Fe,Las Colonias,San Jerónimo Norte,0052,POSITIVO,positivo,4202,2019_PASO_DIST21_santafe_presidente.xlsx
2019,PASO,2019-08-11,PRESIDENTE Y VICE,21,Santa Fe,Las Colonias,Santa Clara de Buena Vista,0046,EN BLANCO,blancos,37,2019_PASO_DIST21_santafe_presidente.xlsx
2019,PASO,2019-08-11,PRESIDENTE Y VICE,21,Santa Fe,Las Colonias,Santa Clara de Buena Vista,0046,NULO,nulos,50,2019_PASO_DIST21_santafe_presidente.xlsx
2019,PASO,2019-08-11,PRESIDENTE Y VICE,21,Santa Fe,Las Colonias,Santa Clara de Buena Vista,0046,IMPUGNADO,impugnados,0,2019_PASO_DIST21_santafe_presidente.xlsx
2019,PASO,2019-08-11,PRESIDENTE Y VICE,21,Santa Fe,Las Colonias,Santa Clara de Buena Vista,0046,RECURRIDO,recurridos,0,2019_PASO_DIST21_santafe_presidente.xlsx
2019,PASO,2019-08-11,PRESIDENTE Y VICE,21,Santa Fe,Las Colonias,Santa Clara de Buena Vista,0046,COMANDO,comando,0,2019_PASO_DIST21_santafe_presidente.xlsx
2019,PASO,2019-08-11,PRESIDENTE Y VICE,21,Santa Fe,Las Colonias,Santa Clara de Buena Vista,0046,POSITIVO,positivo,1852,2019_PASO_DIST21_santafe_presidente.xlsx
2019,PASO,2019-08-11,PRESIDENTE Y VICE,21,Santa Fe,San Martín,Carlos Pellegrini,0160,EN BLANCO,blancos,67,2019_PASO_DIST21_santafe_presidente.xlsx
2019,PASO,2019-08-11,PRESIDENTE Y VICE,21,Santa Fe,San Martín,Carlos Pellegrini,0160,NULO,nulos,92,2019_PASO_DIST21_santafe_presidente.xlsx
2019,PASO,2019-08-11,PRESIDENTE Y VICE,21,Santa Fe,San Martín,Carlos Pellegrini,0160,IMPUGNADO,impugnados,0,2019_PASO_DIST21_santafe_presidente.xlsx
2019,PASO,2019-08-11,PRESIDENTE Y VICE,21,Santa Fe,San Martín,Carlos Pellegrini,0160,RECURRIDO,recurridos,0,2019_PASO_DIST21_santafe_presidente.xlsx
2019,PASO,2019-08-11,PRESIDENTE Y VICE,21,Santa Fe,San Martín,Carlos Pellegrini,0160,COMANDO,comando,0,2019_PASO_DIST21_santafe_presidente.xlsx
2019,PASO,2019-08-11,PRESIDENTE Y VICE,21,Santa Fe,San Martín,Carlos Pellegrini,0160,POSITIVO,positivo,3311,2019_PASO_DIST21_santafe_presidente.xlsx
2019,PASO,2019-08-11,PRESIDENTE Y VICE,21,Santa Fe,San Martín,Cañada Rosquín,0161,EN BLANCO,blancos,44,2019_PASO_DIST21_santafe_presidente.xlsx
2019,PASO,2019-08-11,PRESIDENTE Y VICE,21,Santa Fe,San Martín,Cañada Rosquín,0161,NULO,nulos,140,2019_PASO_DIST21_santafe_presidente.xlsx
2019,PASO,2019-08-11,PRESIDENTE Y VICE,21,Santa Fe,San Martín,Cañada Rosquín,0161,IMPUGNADO,impugnados,0,2019_PASO_DIST21_santafe_presidente.xlsx
2019,PASO,2019-08-11,PRESIDENTE Y VICE,21,Santa Fe,San Martín,Cañada Rosquín,0161,RECURRIDO,recurridos,0,2019_PASO_DIST21_santafe_presidente.xlsx
2019,PASO,2019-08-11,PRESIDENTE Y VICE,21,Santa Fe,San Martín,Cañada Rosquín,0161,COMANDO,comando,6,2019_PASO_DIST21_santafe_presidente.xlsx
2019,PASO,2019-08-11,PRESIDENTE Y VICE,21,Santa Fe,San Martín,Cañada Rosquín,0161,POSITIVO,positivo,3208,2019_PASO_DIST21_santafe_presidente.xlsx
2019,PASO,2019-08-11,PRESIDENTE Y VICE,21,Santa Fe,San Martín,El Trébol,0165,EN BLANCO,blancos,141,2019_PASO_DIST21_santafe_presidente.xlsx
2019,PASO,2019-08-11,PRESIDENTE Y VICE,21,Santa Fe,San Martín,El Trébol,0165,NULO,nulos,169,2019_PASO_DIST21_santafe_presidente.xlsx
2019,PASO,2019-08-11,PRESIDENTE Y VICE,21,Santa Fe,San Martín,El Trébol,0165,IMPUGNADO,impugnados,0,2019_PASO_DIST21_santafe_presidente.xlsx
2019,PASO,2019-08-11,PRESIDENTE Y VICE,21,Santa Fe,San Martín,El Trébol,0165,RECURRIDO,recurridos,0,2019_PASO_DIST21_santafe_presidente.xlsx
2019,PASO,2019-08-11,PRESIDENTE Y VICE,21,Santa Fe,San Martín,El Trébol,0165,COMANDO,comando,5,2019_PASO_DIST21_santafe_presidente.xlsx
2019,PASO,2019-08-11,PRESIDENTE Y VICE,21,Santa Fe,San Martín,El Trébol,0165,POSITIVO,positivo,7156,2019_PASO_DIST21_santafe_presidente.xlsx
2019,PASO,2019-08-11,PRESIDENTE Y VICE,21,Santa Fe,San Martín,María Susana,0166,EN BLANCO,blancos,24,2019_PASO_DIST21_santafe_presidente.xlsx
2019,PASO,2019-08-11,PRESIDENTE Y VICE,21,Santa Fe,San Martín,María Susana,0166,NULO,nulos,77,2019_PASO_DIST21_santafe_presidente.xlsx
2019,PASO,2019-08-11,PRESIDENTE Y VICE,21,Santa Fe,San Martín,María Susana,0166,IMPUGNADO,impugnados,0,2019_PASO_DIST21_santafe_presidente.xlsx
2019,PASO,2019-08-11,PRESIDENTE Y VICE,21,Santa Fe,San Martín,María Susana,0166,RECURRIDO,recurridos,0,2019_PASO_DIST21_santafe_presidente.xlsx
2019,PASO,2019-08-11,PRESIDENTE Y VICE,21,Santa Fe,San Martín,María Susana,0166,COMANDO,comando,1,2019_PASO_DIST21_santafe_presidente.xlsx
2019,PASO,2019-08-11,PRESIDENTE Y VICE,21,Santa Fe,San Martín,María Susana,0166,POSITIVO,positivo,2045,2019_PASO_DIST21_santafe_presidente.xlsx
2019,PASO,2019-08-11,PRESIDENTE Y VICE,21,Santa Fe,San Martín,Piamonte,0164,EN BLANCO,blancos,43,2019_PASO_DIST21_santafe_presidente.xlsx
2019,PASO,2019-08-11,PRESIDENTE Y VICE,21,Santa Fe,San Martín,Piamonte,0164,NULO,nulos,58,2019_PASO_DIST21_santafe_presidente.xlsx
2019,PASO,2019-08-11,PRESIDENTE Y VICE,21,Santa Fe,San Martín,Piamonte,0164,IMPUGNADO,impugnados,0,2019_PASO_DIST21_santafe_presidente.xlsx
2019,PASO,2019-08-11,PRESIDENTE Y VICE,21,Santa Fe,San Martín,Piamonte,0164,RECURRIDO,recurridos,0,2019_PASO_DIST21_santafe_presidente.xlsx
2019,PASO,2019-08-11,PRESIDENTE Y VICE,21,Santa Fe,San Martín,Piamonte,0164,COMANDO,comando,4,2019_PASO_DIST21_santafe_presidente.xlsx
2019,PASO,2019-08-11,PRESIDENTE Y VICE,21,Santa Fe,San Martín,Piamonte,0164,POSITIVO,positivo,1951,2019_PASO_DIST21_santafe_presidente.xlsx
2019,PASO,2019-08-11,PRESIDENTE Y VICE,21,Santa Fe,San Martín,San Jorge,0158,EN BLANCO,blancos,177,2019_PASO_DIST21_santafe_presidente.xlsx
2019,PASO,2019-08-11,PRESIDENTE Y VICE,21,Santa Fe,San Martín,San Jorge,0158,NULO,nulos,367,2019_PASO_DIST21_santafe_presidente.xlsx
2019,PASO,2019-08-11,PRESIDENTE Y VICE,21,Santa Fe,San Martín,San Jorge,0158,IMPUGNADO,impugnados,0,2019_PASO_DIST21_santafe_presidente.xlsx
2019,PASO,2019-08-11,PRESIDENTE Y VICE,21,Santa Fe,San Martín,San Jorge,0158,RECURRIDO,recurridos,1,2019_PASO_DIST21_santafe_presidente.xlsx
2019,PASO,2019-08-11,PRESIDENTE Y VICE,21,Santa Fe,San Martín,San Jorge,0158,COMANDO,comando,8,2019_PASO_DIST21_santafe_presidente.xlsx
2019,PASO,2019-08-11,PRESIDENTE Y VICE,21,Santa Fe,San Martín,San Jorge,0158,POSITIVO,positivo,11307,2019_PASO_DIST21_santafe_presidente.xlsx
2019,PASO,2019-08-11,PRESIDENTE Y VICE,21,Santa Fe,San Martín,San Martín de las Escobas,0156,EN BLANCO,blancos,31,2019_PASO_DIST21_santafe_presidente.xlsx
2019,PASO,2019-08-11,PRESIDENTE Y VICE,21,Santa Fe,San Martín,San Martín de las Escobas,0156,NULO,nulos,39,2019_PASO_DIST21_santafe_presidente.xlsx
2019,PASO,2019-08-11,PRESIDENTE Y VICE,21,Santa Fe,San Martín,San Martín de las Escobas,0156,IMPUGNADO,impugnados,0,2019_PASO_DIST21_santafe_presidente.xlsx
2019,PASO,2019-08-11,PRESIDENTE Y VICE,21,Santa Fe,San Martín,San Martín de las Escobas,0156,RECURRIDO,recurridos,0,2019_PASO_DIST21_santafe_presidente.xlsx
2019,PASO,2019-08-11,PRESIDENTE Y VICE,21,Santa Fe,San Martín,San Martín de las Escobas,0156,COMANDO,comando,4,2019_PASO_DIST21_santafe_presidente.xlsx
2019,PASO,2019-08-11,PRESIDENTE Y VICE,21,Santa Fe,San Martín,San Martín de las Escobas,0156,POSITIVO,positivo,1698,2019_PASO_DIST21_santafe_presidente.xlsx
2019,PASO,2019-08-11,PRESIDENTE Y VICE,21,Santa Fe,San Martín,Sastre y Ortiz,0155,EN BLANCO,blancos,33,2019_PASO_DIST21_santafe_presidente.xlsx
2019,PASO,2019-08-11,PRESIDENTE Y VICE,21,Santa Fe,San Martín,Sastre y Ortiz,0155,NULO,nulos,92,2019_PASO_DIST21_santafe_presidente.xlsx
2019,PASO,2019-08-11,PRESIDENTE Y VICE,21,Santa Fe,San Martín,Sastre y Ortiz,0155,IMPUGNADO,impugnados,0,2019_PASO_DIST21_santafe_presidente.xlsx
2019,PASO,2019-08-11,PRESIDENTE Y VICE,21,Santa Fe,San Martín,Sastre y Ortiz,0155,RECURRIDO,recurridos,0,2019_PASO_DIST21_santafe_presidente.xlsx
2019,PASO,2019-08-11,PRESIDENTE Y VICE,21,Santa Fe,San Martín,Sastre y Ortiz,0155,COMANDO,comando,13,2019_PASO_DIST21_santafe_presidente.xlsx
2019,PASO,2019-08-11,PRESIDENTE Y VICE,21,Santa Fe,San Martín,Sastre y Ortiz,0155,POSITIVO,positivo,3513,2019_PASO_DIST21_santafe_presidente.xlsx
2023,GENERAL,2023-10-22,PRESIDENTE Y VICE,21,Santa Fe,Castellanos,Ataliva,1210,LA LIBERTAD AVANZA,agrupacion,551,2023_GENERAL_DIST21_santafe_presidente.xlsx
2023,GENERAL,2023-10-22,PRESIDENTE Y VICE,21,Santa Fe,Castellanos,Ataliva,1210,JUNTOS POR EL CAMBIO,agrupacion,371,2023_GENERAL_DIST21_santafe_presidente.xlsx
2023,GENERAL,2023-10-22,PRESIDENTE Y VICE,21,Santa Fe,Castellanos,Ataliva,1210,HACEMOS POR NUESTRO PAIS,agrupacion,178,2023_GENERAL_DIST21_santafe_presidente.xlsx
2023,GENERAL,2023-10-22,PRESIDENTE Y VICE,21,Santa Fe,Castellanos,Ataliva,1210,UNION POR LA PATRIA,agrupacion,161,2023_GENERAL_DIST21_santafe_presidente.xlsx
2023,GENERAL,2023-10-22,PRESIDENTE Y VICE,21,Santa Fe,Castellanos,Ataliva,1210,FRENTE DE IZQUIERDA Y DE TRABAJADORES - UNIDAD,agrupacion,20,2023_GENERAL_DIST21_santafe_presidente.xlsx
2023,GENERAL,2023-10-22,PRESIDENTE Y VICE,21,Santa Fe,Castellanos,Colonia Aldao,1200,LA LIBERTAD AVANZA,agrupacion,479,2023_GENERAL_DIST21_santafe_presidente.xlsx
2023,GENERAL,2023-10-22,PRESIDENTE Y VICE,21,Santa Fe,Castellanos,Colonia Aldao,1200,JUNTOS POR EL CAMBIO,agrupacion,311,2023_GENERAL_DIST21_santafe_presidente.xlsx
2023,GENERAL,2023-10-22,PRESIDENTE Y VICE,21,Santa Fe,Castellanos,Colonia Aldao,1200,UNION POR LA PATRIA,agrupacion,196,2023_GENERAL_DIST21_santafe_presidente.xlsx
2023,GENERAL,2023-10-22,PRESIDENTE Y VICE,21,Santa Fe,Castellanos,Colonia Aldao,1200,HACEMOS POR NUESTRO PAIS,agrupacion,186,2023_GENERAL_DIST21_santafe_presidente.xlsx
2023,GENERAL,2023-10-22,PRESIDENTE Y VICE,21,Santa Fe,Castellanos,Colonia Aldao,1200,FRENTE DE IZQUIERDA Y DE TRABAJADORES - UNIDAD,agrupacion,9,2023_GENERAL_DIST21_santafe_presidente.xlsx
2023,GENERAL,2023-10-22,PRESIDENTE Y VICE,21,Santa Fe,Castellanos,Frontera,1345,LA LIBERTAD AVANZA,agrupacion,1653,2023_GENERAL_DIST21_santafe_presidente.xlsx
2023,GENERAL,2023-10-22,PRESIDENTE Y VICE,21,Santa Fe,Castellanos,Frontera,1345,HACEMOS POR NUESTRO PAIS,agrupacion,1493,2023_GENERAL_DIST21_santafe_presidente.xlsx
2023,GENERAL,2023-10-22,PRESIDENTE Y VICE,21,Santa Fe,Castellanos,Frontera,1345,UNION POR LA PATRIA,agrupacion,1234,2023_GENERAL_DIST21_santafe_presidente.xlsx
2023,GENERAL,2023-10-22,PRESIDENTE Y VICE,21,Santa Fe,Castellanos,Frontera,1345,JUNTOS POR EL CAMBIO,agrupacion,640,2023_GENERAL_DIST21_santafe_presidente.xlsx
2023,GENERAL,2023-10-22,PRESIDENTE Y VICE,21,Santa Fe,Castellanos,Frontera,1345,FRENTE DE IZQUIERDA Y DE TRABAJADORES - UNIDAD,agrupacion,37,2023_GENERAL_DIST21_santafe_presidente.xlsx
2023,GENERAL,2023-10-22,PRESIDENTE Y VICE,21,Santa Fe,Castellanos,Humberto Primo,1170,LA LIBERTAD AVANZA,agrupacion,1438,2023_GENERAL_DIST21_santafe_presidente.xlsx
2023,GENERAL,2023-10-22,PRESIDENTE Y VICE,21,Santa Fe,Castellanos,Humberto Primo,1170,JUNTOS POR EL CAMBIO,agrupacion,1054,2023_GENERAL_DIST21_santafe_presidente.xlsx
2023,GENERAL,2023-10-22,PRESIDENTE Y VICE,21,Santa Fe,Castellanos,Humberto Primo,1170,UNION POR LA PATRIA,agrupacion,450,2023_GENERAL_DIST21_santafe_presidente.xlsx
2023,GENERAL,2023-10-22,PRESIDENTE Y VICE,21,Santa Fe,Castellanos,Humberto Primo,1170,HACEMOS POR NUESTRO PAIS,agrupacion,324,2023_GENERAL_DIST21_santafe_presidente.xlsx
2023,GENERAL,2023-10-22,PRESIDENTE Y VICE,21,Santa Fe,Castellanos,Humberto Primo,1170,FRENTE DE IZQUIERDA Y DE TRABAJADORES - UNIDAD,agrupacion,24,2023_GENERAL_DIST21_santafe_presidente.xlsx
2023,GENERAL,2023-10-22,PRESIDENTE Y VICE,21,Santa Fe,Castellanos,Josefina,1340,LA LIBERTAD AVANZA,agrupacion,244,2023_GENERAL_DIST21_santafe_presidente.xlsx
2023,GENERAL,2023-10-22,PRESIDENTE Y VICE,21,Santa Fe,Castellanos,Josefina,1340,JUNTOS POR EL CAMBIO,agrupacion,164,2023_GENERAL_DIST21_santafe_presidente.xlsx
2023,GENERAL,2023-10-22,PRESIDENTE Y VICE,21,Santa Fe,Castellanos,Josefina,1340,HACEMOS POR NUESTRO PAIS,agrupacion,118,2023_GENERAL_DIST21_santafe_presidente.xlsx
2023,GENERAL,2023-10-22,PRESIDENTE Y VICE,21,Santa Fe,Castellanos,Josefina,1340,UNION POR LA PATRIA,agrupacion,70,2023_GENERAL_DIST21_santafe_presidente.xlsx
2023,GENERAL,2023-10-22,PRESIDENTE Y VICE,21,Santa Fe,Castellanos,Josefina,1340,FRENTE DE IZQUIERDA Y DE TRABAJADORES - UNIDAD,agrupacion,2,2023_GENERAL_DIST21_santafe_presidente.xlsx
2023,GENERAL,2023-10-22,PRESIDENTE Y VICE,21,Santa Fe,Castellanos,Lehmann,1230,LA LIBERTAD AVANZA,agrupacion,766,2023_GENERAL_DIST21_santafe_presidente.xlsx
2023,GENERAL,2023-10-22,PRESIDENTE Y VICE,21,Santa Fe,Castellanos,Lehmann,1230,JUNTOS POR EL CAMBIO,agrupacion,519,2023_GENERAL_DIST21_santafe_presidente.xlsx
2023,GENERAL,2023-10-22,PRESIDENTE Y VICE,21,Santa Fe,Castellanos,Lehmann,1230,UNION POR LA PATRIA,agrupacion,365,2023_GENERAL_DIST21_santafe_presidente.xlsx
2023,GENERAL,2023-10-22,PRESIDENTE Y VICE,21,Santa Fe,Castellanos,Lehmann,1230,HACEMOS POR NUESTRO PAIS,agrupacion,277,2023_GENERAL_DIST21_santafe_presidente.xlsx
2023,GENERAL,2023-10-22,PRESIDENTE Y VICE,21,Santa Fe,Castellanos,Lehmann,1230,FRENTE DE IZQUIERDA Y DE TRABAJADORES - UNIDAD,agrupacion,17,2023_GENERAL_DIST21_santafe_presidente.xlsx
2023,GENERAL,2023-10-22,PRESIDENTE Y VICE,21,Santa Fe,Castellanos,María Juana,1400,LA LIBERTAD AVANZA,agrupacion,1039,2023_GENERAL_DIST21_santafe_presidente.xlsx
2023,GENERAL,2023-10-22,PRESIDENTE Y VICE,21,Santa Fe,Castellanos,María Juana,1400,JUNTOS POR EL CAMBIO,agrupacion,768,2023_GENERAL_DIST21_santafe_presidente.xlsx
2023,GENERAL,2023-10-22,PRESIDENTE Y VICE,21,Santa Fe,Castellanos,María Juana,1400,UNION POR LA PATRIA,agrupacion,654,2023_GENERAL_DIST21_santafe_presidente.xlsx
2023,GENERAL,2023-10-22,PRESIDENTE Y VICE,21,Santa Fe,Castellanos,María Juana,1400,HACEMOS POR NUESTRO PAIS,agrupacion,653,2023_GENERAL_DIST21_santafe_presidente.xlsx
2023,GENERAL,2023-10-22,PRESIDENTE Y VICE,21,Santa Fe,Castellanos,María Juana,1400,FRENTE DE IZQUIERDA Y DE TRABAJADORES - UNIDAD,agrupacion,46,2023_GENERAL_DIST21_santafe_presidente.xlsx
2023,GENERAL,2023-10-22,PRESIDENTE Y VICE,21,Santa Fe,Castellanos,Ramona,1240,LA LIBERTAD AVANZA,agrupacion,432,2023_GENERAL_DIST21_santafe_presidente.xlsx
2023,GENERAL,2023-10-22,PRESIDENTE Y VICE,21,Santa Fe,Castellanos,Ramona,1240,JUNTOS POR EL CAMBIO,agrupacion,391,2023_GENERAL_DIST21_santafe_presidente.xlsx
2023,GENERAL,2023-10-22,PRESIDENTE Y VICE,21,Santa Fe,Castellanos,Ramona,1240,UNION POR LA PATRIA,agrupacion,225,2023_GENERAL_DIST21_santafe_presidente.xlsx
2023,GENERAL,2023-10-22,PRESIDENTE Y VICE,21,Santa Fe,Castellanos,Ramona,1240,HACEMOS POR NUESTRO PAIS,agrupacion,202,2023_GENERAL_DIST21_santafe_presidente.xlsx
2023,GENERAL,2023-10-22,PRESIDENTE Y VICE,21,Santa Fe,Castellanos,Ramona,1240,FRENTE DE IZQUIERDA Y DE TRABAJADORES - UNIDAD,agrupacion,11,2023_GENERAL_DIST21_santafe_presidente.xlsx
2023,GENERAL,2023-10-22,PRESIDENTE Y VICE,21,Santa Fe,Castellanos,San Vicente,1420,LA LIBERTAD AVANZA,agrupacion,1630,2023_GENERAL_DIST21_santafe_presidente.xlsx
2023,GENERAL,2023-10-22,PRESIDENTE Y VICE,21,Santa Fe,Castellanos,San Vicente,1420,JUNTOS POR EL CAMBIO,agrupacion,962,2023_GENERAL_DIST21_santafe_presidente.xlsx
2023,GENERAL,2023-10-22,PRESIDENTE Y VICE,21,Santa Fe,Castellanos,San Vicente,1420,UNION POR LA PATRIA,agrupacion,736,2023_GENERAL_DIST21_santafe_presidente.xlsx
2023,GENERAL,2023-10-22,PRESIDENTE Y VICE,21,Santa Fe,Castellanos,San Vicente,1420,HACEMOS POR NUESTRO PAIS,agrupacion,592,2023_GENERAL_DIST21_santafe_presidente.xlsx
2023,GENERAL,2023-10-22,PRESIDENTE Y VICE,21,Santa Fe,Castellanos,San Vicente,1420,FRENTE DE IZQUIERDA Y DE TRABAJADORES - UNIDAD,agrupacion,51,2023_GENERAL_DIST21_santafe_presidente.xlsx
2023,GENERAL,2023-10-22,PRESIDENTE Y VICE,21,Santa Fe,Castellanos,Santa Clara de Saguier,1300,LA LIBERTAD AVANZA,agrupacion,400,2023_GENERAL_DIST21_santafe_presidente.xlsx
2023,GENERAL,2023-10-22,PRESIDENTE Y VICE,21,Santa Fe,Castellanos,Santa Clara de Saguier,1300,JUNTOS POR EL CAMBIO,agrupacion,384,2023_GENERAL_DIST21_santafe_presidente.xlsx
2023,GENERAL,2023-10-22,PRESIDENTE Y VICE,21,Santa Fe,Castellanos,Santa Clara de Saguier,1300,HACEMOS POR NUESTRO PAIS,agrupacion,210,2023_GENERAL_DIST21_santafe_presidente.xlsx
2023,GENERAL,2023-10-22,PRESIDENTE Y VICE,21,Santa Fe,Castellanos,Santa Clara de Saguier,1300,UNION POR LA PATRIA,agrupacion,202,2023_GENERAL_DIST21_santafe_presidente.xlsx
2023,GENERAL,2023-10-22,PRESIDENTE Y VICE,21,Santa Fe,Castellanos,Santa Clara de Saguier,1300,FRENTE DE IZQUIERDA Y DE TRABAJADORES - UNIDAD,agrupacion,18,2023_GENERAL_DIST21_santafe_presidente.xlsx
2023,GENERAL,2023-10-22,PRESIDENTE Y VICE,21,Santa Fe,Castellanos,Sunchales,1180,LA LIBERTAD AVANZA,agrupacion,4958,2023_GENERAL_DIST21_santafe_presidente.xlsx
2023,GENERAL,2023-10-22,PRESIDENTE Y VICE,21,Santa Fe,Castellanos,Sunchales,1180,JUNTOS POR EL CAMBIO,agrupacion,4123,2023_GENERAL_DIST21_santafe_presidente.xlsx
2023,GENERAL,2023-10-22,PRESIDENTE Y VICE,21,Santa Fe,Castellanos,Sunchales,1180,UNION POR LA PATRIA,agrupacion,3045,2023_GENERAL_DIST21_santafe_presidente.xlsx
2023,GENERAL,2023-10-22,PRESIDENTE Y VICE,21,Santa Fe,Castellanos,Sunchales,1180,HACEMOS POR NUESTRO PAIS,agrupacion,2331,2023_GENERAL_DIST21_santafe_presidente.xlsx
2023,GENERAL,2023-10-22,PRESIDENTE Y VICE,21,Santa Fe,Castellanos,Sunchales,1180,FRENTE DE IZQUIERDA Y DE TRABAJADORES - UNIDAD,agrupacion,171,2023_GENERAL_DIST21_santafe_presidente.xlsx
2023,GENERAL,2023-10-22,PRESIDENTE Y VICE,21,Santa Fe,Castellanos,Zenón Pereyra,1380,LA LIBERTAD AVANZA,agrupacion,454,2023_GENERAL_DIST21_santafe_presidente.xlsx
2023,GENERAL,2023-10-22,PRESIDENTE Y VICE,21,Santa Fe,Castellanos,Zenón Pereyra,1380,JUNTOS POR EL CAMBIO,agrupacion,354,2023_GENERAL_DIST21_santafe_presidente.xlsx
2023,GENERAL,2023-10-22,PRESIDENTE Y VICE,21,Santa Fe,Castellanos,Zenón Pereyra,1380,HACEMOS POR NUESTRO PAIS,agrupacion,165,2023_GENERAL_DIST21_santafe_presidente.xlsx
2023,GENERAL,2023-10-22,PRESIDENTE Y VICE,21,Santa Fe,Castellanos,Zenón Pereyra,1380,UNION POR LA PATRIA,agrupacion,128,2023_GENERAL_DIST21_santafe_presidente.xlsx
2023,GENERAL,2023-10-22,PRESIDENTE Y VICE,21,Santa Fe,Castellanos,Zenón Pereyra,1380,FRENTE DE IZQUIERDA Y DE TRABAJADORES - UNIDAD,agrupacion,14,2023_GENERAL_DIST21_santafe_presidente.xlsx
2023,GENERAL,2023-10-22,PRESIDENTE Y VICE,21,Santa Fe,Las Colonias,Esperanza,0550,LA LIBERTAD AVANZA,agrupacion,11247,2023_GENERAL_DIST21_santafe_presidente.xlsx
2023,GENERAL,2023-10-22,PRESIDENTE Y VICE,21,Santa Fe,Las Colonias,Esperanza,0550,JUNTOS POR EL CAMBIO,agrupacion,7850,2023_GENERAL_DIST21_santafe_presidente.xlsx
2023,GENERAL,2023-10-22,PRESIDENTE Y VICE,21,Santa Fe,Las Colonias,Esperanza,0550,UNION POR LA PATRIA,agrupacion,4153,2023_GENERAL_DIST21_santafe_presidente.xlsx
2023,GENERAL,2023-10-22,PRESIDENTE Y VICE,21,Santa Fe,Las Colonias,Esperanza,0550,HACEMOS POR NUESTRO PAIS,agrupacion,2342,2023_GENERAL_DIST21_santafe_presidente.xlsx
2023,GENERAL,2023-10-22,PRESIDENTE Y VICE,21,Santa Fe,Las Colonias,Esperanza,0550,FRENTE DE IZQUIERDA Y DE TRABAJADORES - UNIDAD,agrupacion,310,2023_GENERAL_DIST21_santafe_presidente.xlsx
2023,GENERAL,2023-10-22,PRESIDENTE Y VICE,21,Santa Fe,Las Colonias,Felicia,0600,LA LIBERTAD AVANZA,agrupacion,646,2023_GENERAL_DIST21_santafe_presidente.xlsx
2023,GENERAL,2023-10-22,PRESIDENTE Y VICE,21,Santa Fe,Las Colonias,Felicia,0600,JUNTOS POR EL CAMBIO,agrupacion,538,2023_GENERAL_DIST21_santafe_presidente.xlsx
2023,GENERAL,2023-10-22,PRESIDENTE Y VICE,21,Santa Fe,Las Colonias,Felicia,0600,UNION POR LA PATRIA,agrupacion,152,2023_GENERAL_DIST21_santafe_presidente.xlsx
2023,GENERAL,2023-10-22,PRESIDENTE Y VICE,21,Santa Fe,Las Colonias,Felicia,0600,HACEMOS POR NUESTRO PAIS,agrupacion,132,2023_GENERAL_DIST21_santafe_presidente.xlsx
2023,GENERAL,2023-10-22,PRESIDENTE Y VICE,21,Santa Fe,Las Colonias,Felicia,0600,FRENTE DE IZQUIERDA Y DE TRABAJADORES - UNIDAD,agrupacion,12,2023_GENERAL_DIST21_santafe_presidente.xlsx
2023,GENERAL,2023-10-22,PRESIDENTE Y VICE,21,Santa Fe,Las Colonias,Franck,0530,LA LIBERTAD AVANZA,agrupacion,1903,2023_GENERAL_DIST21_santafe_presidente.xlsx
2023,GENERAL,2023-10-22,PRESIDENTE Y VICE,21,Santa Fe,Las Colonias,Franck,0530,JUNTOS POR EL CAMBIO,agrupacion,1410,2023_GENERAL_DIST21_santafe_presidente.xlsx
2023,GENERAL,2023-10-22,PRESIDENTE Y VICE,21,Santa Fe,Las Colonias,Franck,0530,UNION POR LA PATRIA,agrupacion,479,2023_GENERAL_DIST21_santafe_presidente.xlsx
2023,GENERAL,2023-10-22,PRESIDENTE Y VICE,21,Santa Fe,Las Colonias,Franck,0530,HACEMOS POR NUESTRO PAIS,agrupacion,372,2023_GENERAL_DIST21_santafe_presidente.xlsx
2023,GENERAL,2023-10-22,PRESIDENTE Y VICE,21,Santa Fe,Las Colonias,Franck,0530,FRENTE DE IZQUIERDA Y DE TRABAJADORES - UNIDAD,agrupacion,26,2023_GENERAL_DIST21_santafe_presidente.xlsx
2023,GENERAL,2023-10-22,PRESIDENTE Y VICE,21,Santa Fe,Las Colonias,Humboldt,0560,LA LIBERTAD AVANZA,agrupacion,1574,2023_GENERAL_DIST21_santafe_presidente.xlsx
2023,GENERAL,2023-10-22,PRESIDENTE Y VICE,21,Santa Fe,Las Colonias,Humboldt,0560,JUNTOS POR EL CAMBIO,agrupacion,936,2023_GENERAL_DIST21_santafe_presidente.xlsx
2023,GENERAL,2023-10-22,PRESIDENTE Y VICE,21,Santa Fe,Las Colonias,Humboldt,0560,UNION POR LA PATRIA,agrupacion,510,2023_GENERAL_DIST21_santafe_presidente.xlsx
2023,GENERAL,2023-10-22,PRESIDENTE Y VICE,21,Santa Fe,Las Colonias,Humboldt,0560,HACEMOS POR NUESTRO PAIS,agrupacion,400,2023_GENERAL_DIST21_santafe_presidente.xlsx
2023,GENERAL,2023-10-22,PRESIDENTE Y VICE,21,Santa Fe,Las Colonias,Humboldt,0560,FRENTE DE IZQUIERDA Y DE TRABAJADORES - UNIDAD,agrupacion,39,2023_GENERAL_DIST21_santafe_presidente.xlsx
2023,GENERAL,2023-10-22,PRESIDENTE Y VICE,21,Santa Fe,Las Colonias,Pilar,0570,LA LIBERTAD AVANZA,agrupacion,1151,2023_GENERAL_DIST21_santafe_presidente.xlsx
2023,GENERAL,2023-10-22,PRESIDENTE Y VICE,21,Santa Fe,Las Colonias,Pilar,0570,JUNTOS POR EL CAMBIO,agrupacion,827,2023_GENERAL_DIST21_santafe_presidente.xlsx
2023,GENERAL,2023-10-22,PRESIDENTE Y VICE,21,Santa Fe,Las Colonias,Pilar,0570,UNION POR LA PATRIA,agrupacion,656,2023_GENERAL_DIST21_santafe_presidente.xlsx
2023,GENERAL,2023-10-22,PRESIDENTE Y VICE,21,Santa Fe,Las Colonias,Pilar,0570,HACEMOS POR NUESTRO PAIS,agrupacion,449,2023_GENERAL_DIST21_santafe_presidente.xlsx
2023,GENERAL,2023-10-22,PRESIDENTE Y VICE,21,Santa Fe,Las Colonias,Pilar,0570,FRENTE DE IZQUIERDA Y DE TRABAJADORES - UNIDAD,agrupacion,32,2023_GENERAL_DIST21_santafe_presidente.xlsx
2023,GENERAL,2023-10-22,PRESIDENTE Y VICE,21,Santa Fe,Las Colonias,Progreso,0630,LA LIBERTAD AVANZA,agrupacion,695,2023_GENERAL_DIST21_santafe_presidente.xlsx
2023,GENERAL,2023-10-22,PRESIDENTE Y VICE,21,Santa Fe,Las Colonias,Progreso,0630,JUNTOS POR EL CAMBIO,agrupacion,648,2023_GENERAL_DIST21_santafe_presidente.xlsx
2023,GENERAL,2023-10-22,PRESIDENTE Y VICE,21,Santa Fe,Las Colonias,Progreso,0630,UNION POR LA PATRIA,agrupacion,196,2023_GENERAL_DIST21_santafe_presidente.xlsx
2023,GENERAL,2023-10-22,PRESIDENTE Y VICE,21,Santa Fe,Las Colonias,Progreso,0630,HACEMOS POR NUESTRO PAIS,agrupacion,134,2023_GENERAL_DIST21_santafe_presidente.xlsx
2023,GENERAL,2023-10-22,PRESIDENTE Y VICE,21,Santa Fe,Las Colonias,Progreso,0630,FRENTE DE IZQUIERDA Y DE TRABAJADORES - UNIDAD,agrupacion,6,2023_GENERAL_DIST21_santafe_presidente.xlsx
2023,GENERAL,2023-10-22,PRESIDENTE Y VICE,21,Santa Fe,Las Colonias,San Carlos Centro,0440,LA LIBERTAD AVANZA,agrupacion,3008,2023_GENERAL_DIST21_santafe_presidente.xlsx
2023,GENERAL,2023-10-22,PRESIDENTE Y VICE,21,Santa Fe,Las Colonias,San Carlos Centro,0440,JUNTOS POR EL CAMBIO,agrupacion,2036,2023_GENERAL_DIST21_santafe_presidente.xlsx
2023,GENERAL,2023-10-22,PRESIDENTE Y VICE,21,Santa Fe,Las Colonias,San Carlos Centro,0440,UNION POR LA PATRIA,agrupacion,1745,2023_GENERAL_DIST21_santafe_presidente.xlsx
2023,GENERAL,2023-10-22,PRESIDENTE Y VICE,21,Santa Fe,Las Colonias,San Carlos Centro,0440,HACEMOS POR NUESTRO PAIS,agrupacion,835,2023_GENERAL_DIST21_santafe_presidente.xlsx
2023,GENERAL,2023-10-22,PRESIDENTE Y VICE,21,Santa Fe,Las Colonias,San Carlos Centro,0440,FRENTE DE IZQUIERDA Y DE TRABAJADORES - UNIDAD,agrupacion,112,2023_GENERAL_DIST21_santafe_presidente.xlsx
2023,GENERAL,2023-10-22,PRESIDENTE Y VICE,21,Santa Fe,Las Colonias,San Carlos Sud,0430,LA LIBERTAD AVANZA,agrupacion,601,2023_GENERAL_DIST21_santafe_presidente.xlsx
2023,GENERAL,2023-10-22,PRESIDENTE Y VICE,21,Santa Fe,Las Colonias,San Carlos Sud,0430,JUNTOS POR EL CAMBIO,agrupacion,384,2023_GENERAL_DIST21_santafe_presidente.xlsx
2023,GENERAL,2023-10-22,PRESIDENTE Y VICE,21,Santa Fe,Las Colonias,San Carlos Sud,0430,UNION POR LA PATRIA,agrupacion,344,2023_GENERAL_DIST21_santafe_presidente.xlsx
2023,GENERAL,2023-10-22,PRESIDENTE Y VICE,21,Santa Fe,Las Colonias,San Carlos Sud,0430,HACEMOS POR NUESTRO PAIS,agrupacion,185,2023_GENERAL_DIST21_santafe_presidente.xlsx
2023,GENERAL,2023-10-22,PRESIDENTE Y VICE,21,Santa Fe,Las Colonias,San Carlos Sud,0430,FRENTE DE IZQUIERDA Y DE TRABAJADORES - UNIDAD,agrupacion,16,2023_GENERAL_DIST21_santafe_presidente.xlsx
2023,GENERAL,2023-10-22,PRESIDENTE Y VICE,21,Santa Fe,Las Colonias,San Jerónimo Norte,0520,LA LIBERTAD AVANZA,agrupacion,1795,2023_GENERAL_DIST21_santafe_presidente.xlsx
2023,GENERAL,2023-10-22,PRESIDENTE Y VICE,21,Santa Fe,Las Colonias,San Jerónimo Norte,0520,JUNTOS POR EL CAMBIO,agrupacion,1589,2023_GENERAL_DIST21_santafe_presidente.xlsx
2023,GENERAL,2023-10-22,PRESIDENTE Y VICE,21,Santa Fe,Las Colonias,San Jerónimo Norte,0520,UNION POR LA PATRIA,agrupacion,609,2023_GENERAL_DIST21_santafe_presidente.xlsx
2023,GENERAL,2023-10-22,PRESIDENTE Y VICE,21,Santa Fe,Las Colonias,San Jerónimo Norte,0520,HACEMOS POR NUESTRO PAIS,agrupacion,573,2023_GENERAL_DIST21_santafe_presidente.xlsx
2023,GENERAL,2023-10-22,PRESIDENTE Y VICE,21,Santa Fe,Las Colonias,San Jerónimo Norte,0520,FRENTE DE IZQUIERDA Y DE TRABAJADORES - UNIDAD,agrupacion,59,2023_GENERAL_DIST21_santafe_presidente.xlsx
2023,GENERAL,2023-10-22,PRESIDENTE Y VICE,21,Santa Fe,Las Colonias,Santa Clara de Buena Vista,0460,LA LIBERTAD AVANZA,agrupacion,687,2023_GENERAL_DIST21_santafe_presidente.xlsx
2023,GENERAL,2023-10-22,PRESIDENTE Y VICE,21,Santa Fe,Las Colonias,Santa Clara de Buena Vista,0460,JUNTOS POR EL CAMBIO,agrupacion,435,2023_GENERAL_DIST21_santafe_presidente.xlsx
2023,GENERAL,2023-10-22,PRESIDENTE Y VICE,21,Santa Fe,Las Colonias,Santa Clara de Buena Vista,0460,UNION POR LA PATRIA,agrupacion,406,2023_GENERAL_DIST21_santafe_presidente.xlsx
2023,GENERAL,2023-10-22,PRESIDENTE Y VICE,21,Santa Fe,Las Colonias,Santa Clara de Buena Vista,0460,HACEMOS POR NUESTRO PAIS,agrupacion,271,2023_GENERAL_DIST21_santafe_presidente.xlsx
2023,GENERAL,2023-10-22,PRESIDENTE Y VICE,21,Santa Fe,Las Colonias,Santa Clara de Buena Vista,0460,FRENTE DE IZQUIERDA Y DE TRABAJADORES - UNIDAD,agrupacion,14,2023_GENERAL_DIST21_santafe_presidente.xlsx
2023,GENERAL,2023-10-22,PRESIDENTE Y VICE,21,Santa Fe,San Martín,Carlos Pellegrini,1600,LA LIBERTAD AVANZA,agrupacion,1455,2023_GENERAL_DIST21_santafe_presidente.xlsx
2023,GENERAL,2023-10-22,PRESIDENTE Y VICE,21,Santa Fe,San Martín,Carlos Pellegrini,1600,JUNTOS POR EL CAMBIO,agrupacion,1138,2023_GENERAL_DIST21_santafe_presidente.xlsx
2023,GENERAL,2023-10-22,PRESIDENTE Y VICE,21,Santa Fe,San Martín,Carlos Pellegrini,1600,UNION POR LA PATRIA,agrupacion,524,2023_GENERAL_DIST21_santafe_presidente.xlsx
2023,GENERAL,2023-10-22,PRESIDENTE Y VICE,21,Santa Fe,San Martín,Carlos Pellegrini,1600,HACEMOS POR NUESTRO PAIS,agrupacion,458,2023_GENERAL_DIST21_santafe_presidente.xlsx
2023,GENERAL,2023-10-22,PRESIDENTE Y VICE,21,Santa Fe,San Martín,Carlos Pellegrini,1600,FRENTE DE IZQUIERDA Y DE TRABAJADORES - UNIDAD,agrupacion,41,2023_GENERAL_DIST21_santafe_presidente.xlsx
2023,GENERAL,2023-10-22,PRESIDENTE Y VICE,21,Santa Fe,San Martín,Cañada Rosquín,1610,LA LIBERTAD AVANZA,agrupacion,1268,2023_GENERAL_DIST21_santafe_presidente.xlsx
2023,GENERAL,2023-10-22,PRESIDENTE Y VICE,21,Santa Fe,San Martín,Cañada Rosquín,1610,JUNTOS POR EL CAMBIO,agrupacion,947,2023_GENERAL_DIST21_santafe_presidente.xlsx
2023,GENERAL,2023-10-22,PRESIDENTE Y VICE,21,Santa Fe,San Martín,Cañada Rosquín,1610,UNION POR LA PATRIA,agrupacion,601,2023_GENERAL_DIST21_santafe_presidente.xlsx
2023,GENERAL,2023-10-22,PRESIDENTE Y VICE,21,Santa Fe,San Martín,Cañada Rosquín,1610,HACEMOS POR NUESTRO PAIS,agrupacion,483,2023_GENERAL_DIST21_santafe_presidente.xlsx
2023,GENERAL,2023-10-22,PRESIDENTE Y VICE,21,Santa Fe,San Martín,Cañada Rosquín,1610,FRENTE DE IZQUIERDA Y DE TRABAJADORES - UNIDAD,agrupacion,48,2023_GENERAL_DIST21_santafe_presidente.xlsx
2023,GENERAL,2023-10-22,PRESIDENTE Y VICE,21,Santa Fe,San Martín,El Trébol,1650,LA LIBERTAD AVANZA,agrupacion,3127,2023_GENERAL_DIST21_santafe_presidente.xlsx
2023,GENERAL,2023-10-22,PRESIDENTE Y VICE,21,Santa Fe,San Martín,El Trébol,1650,JUNTOS POR EL CAMBIO,agrupacion,1989,2023_GENERAL_DIST21_santafe_presidente.xlsx
2023,GENERAL,2023-10-22,PRESIDENTE Y VICE,21,Santa Fe,San Martín,El Trébol,1650,UNION POR LA PATRIA,agrupacion,1547,2023_GENERAL_DIST21_santafe_presidente.xlsx
2023,GENERAL,2023-10-22,PRESIDENTE Y VICE,21,Santa Fe,San Martín,El Trébol,1650,HACEMOS POR NUESTRO PAIS,agrupacion,1064,2023_GENERAL_DIST21_santafe_presidente.xlsx
2023,GENERAL,2023-10-22,PRESIDENTE Y VICE,21,Santa Fe,San Martín,El Trébol,1650,FRENTE DE IZQUIERDA Y DE TRABAJADORES - UNIDAD,agrupacion,69,2023_GENERAL_DIST21_santafe_presidente.xlsx
2023,GENERAL,2023-10-22,PRESIDENTE Y VICE,21,Santa Fe,San Martín,María Susana,1660,LA LIBERTAD AVANZA,agrupacion,919,2023_GENERAL_DIST21_santafe_presidente.xlsx
2023,GENERAL,2023-10-22,PRESIDENTE Y VICE,21,Santa Fe,San Martín,María Susana,1660,JUNTOS POR EL CAMBIO,agrupacion,694,2023_GENERAL_DIST21_santafe_presidente.xlsx
2023,GENERAL,2023-10-22,PRESIDENTE Y VICE,21,Santa Fe,San Martín,María Susana,1660,HACEMOS POR NUESTRO PAIS,agrupacion,225,2023_GENERAL_DIST21_santafe_presidente.xlsx
2023,GENERAL,2023-10-22,PRESIDENTE Y VICE,21,Santa Fe,San Martín,María Susana,1660,UNION POR LA PATRIA,agrupacion,224,2023_GENERAL_DIST21_santafe_presidente.xlsx
2023,GENERAL,2023-10-22,PRESIDENTE Y VICE,21,Santa Fe,San Martín,María Susana,1660,FRENTE DE IZQUIERDA Y DE TRABAJADORES - UNIDAD,agrupacion,17,2023_GENERAL_DIST21_santafe_presidente.xlsx
2023,GENERAL,2023-10-22,PRESIDENTE Y VICE,21,Santa Fe,San Martín,Piamonte,1640,LA LIBERTAD AVANZA,agrupacion,748,2023_GENERAL_DIST21_santafe_presidente.xlsx
2023,GENERAL,2023-10-22,PRESIDENTE Y VICE,21,Santa Fe,San Martín,Piamonte,1640,JUNTOS POR EL CAMBIO,agrupacion,693,2023_GENERAL_DIST21_santafe_presidente.xlsx
2023,GENERAL,2023-10-22,PRESIDENTE Y VICE,21,Santa Fe,San Martín,Piamonte,1640,UNION POR LA PATRIA,agrupacion,311,2023_GENERAL_DIST21_santafe_presidente.xlsx
2023,GENERAL,2023-10-22,PRESIDENTE Y VICE,21,Santa Fe,San Martín,Piamonte,1640,HACEMOS POR NUESTRO PAIS,agrupacion,302,2023_GENERAL_DIST21_santafe_presidente.xlsx
2023,GENERAL,2023-10-22,PRESIDENTE Y VICE,21,Santa Fe,San Martín,Piamonte,1640,FRENTE DE IZQUIERDA Y DE TRABAJADORES - UNIDAD,agrupacion,27,2023_GENERAL_DIST21_santafe_presidente.xlsx
2023,GENERAL,2023-10-22,PRESIDENTE Y VICE,21,Santa Fe,San Martín,San Jorge,1580,LA LIBERTAD AVANZA,agrupacion,4641,2023_GENERAL_DIST21_santafe_presidente.xlsx
2023,GENERAL,2023-10-22,PRESIDENTE Y VICE,21,Santa Fe,San Martín,San Jorge,1580,JUNTOS POR EL CAMBIO,agrupacion,3004,2023_GENERAL_DIST21_santafe_presidente.xlsx
2023,GENERAL,2023-10-22,PRESIDENTE Y VICE,21,Santa Fe,San Martín,San Jorge,1580,UNION POR LA PATRIA,agrupacion,2394,2023_GENERAL_DIST21_santafe_presidente.xlsx
2023,GENERAL,2023-10-22,PRESIDENTE Y VICE,21,Santa Fe,San Martín,San Jorge,1580,HACEMOS POR NUESTRO PAIS,agrupacion,2005,2023_GENERAL_DIST21_santafe_presidente.xlsx
2023,GENERAL,2023-10-22,PRESIDENTE Y VICE,21,Santa Fe,San Martín,San Jorge,1580,FRENTE DE IZQUIERDA Y DE TRABAJADORES - UNIDAD,agrupacion,122,2023_GENERAL_DIST21_santafe_presidente.xlsx
2023,GENERAL,2023-10-22,PRESIDENTE Y VICE,21,Santa Fe,San Martín,San Martín de las Escobas,1560,LA LIBERTAD AVANZA,agrupacion,742,2023_GENERAL_DIST21_santafe_presidente.xlsx
2023,GENERAL,2023-10-22,PRESIDENTE Y VICE,21,Santa Fe,San Martín,San Martín de las Escobas,1560,JUNTOS POR EL CAMBIO,agrupacion,557,2023_GENERAL_DIST21_santafe_presidente.xlsx
2023,GENERAL,2023-10-22,PRESIDENTE Y VICE,21,Santa Fe,San Martín,San Martín de las Escobas,1560,HACEMOS POR NUESTRO PAIS,agrupacion,266,2023_GENERAL_DIST21_santafe_presidente.xlsx
2023,GENERAL,2023-10-22,PRESIDENTE Y VICE,21,Santa Fe,San Martín,San Martín de las Escobas,1560,UNION POR LA PATRIA,agrupacion,204,2023_GENERAL_DIST21_santafe_presidente.xlsx
2023,GENERAL,2023-10-22,PRESIDENTE Y VICE,21,Santa Fe,San Martín,San Martín de las Escobas,1560,FRENTE DE IZQUIERDA Y DE TRABAJADORES - UNIDAD,agrupacion,12,2023_GENERAL_DIST21_santafe_presidente.xlsx
2023,GENERAL,2023-10-22,PRESIDENTE Y VICE,21,Santa Fe,San Martín,Sastre y Ortiz,1550,JUNTOS POR EL CAMBIO,agrupacion,1106,2023_GENERAL_DIST21_santafe_presidente.xlsx
2023,GENERAL,2023-10-22,PRESIDENTE Y VICE,21,Santa Fe,San Martín,Sastre y Ortiz,1550,UNION POR LA PATRIA,agrupacion,1064,2023_GENERAL_DIST21_santafe_presidente.xlsx
2023,GENERAL,2023-10-22,PRESIDENTE Y VICE,21,Santa Fe,San Martín,Sastre y Ortiz,1550,LA LIBERTAD AVANZA,agrupacion,915,2023_GENERAL_DIST21_santafe_presidente.xlsx
2023,GENERAL,2023-10-22,PRESIDENTE Y VICE,21,Santa Fe,San Martín,Sastre y Ortiz,1550,HACEMOS POR NUESTRO PAIS,agrupacion,602,2023_GENERAL_DIST21_santafe_presidente.xlsx
2023,GENERAL,2023-10-22,PRESIDENTE Y VICE,21,Santa Fe,San Martín,Sastre y Ortiz,1550,FRENTE DE IZQUIERDA Y DE TRABAJADORES - UNIDAD,agrupacion,46,2023_GENERAL_DIST21_santafe_presidente.xlsx
2023,GENERAL,2023-10-22,PRESIDENTE Y VICE,21,Santa Fe,Castellanos,Ataliva,1210,EN BLANCO,blancos,11,2023_GENERAL_DIST21_santafe_presidente.xlsx
2023,GENERAL,2023-10-22,PRESIDENTE Y VICE,21,Santa Fe,Castellanos,Ataliva,1210,NULO,nulos,25,2023_GENERAL_DIST21_santafe_presidente.xlsx
2023,GENERAL,2023-10-22,PRESIDENTE Y VICE,21,Santa Fe,Castellanos,Ataliva,1210,IMPUGNADO,impugnados,0,2023_GENERAL_DIST21_santafe_presidente.xlsx
2023,GENERAL,2023-10-22,PRESIDENTE Y VICE,21,Santa Fe,Castellanos,Ataliva,1210,RECURRIDO,recurridos,0,2023_GENERAL_DIST21_santafe_presidente.xlsx
2023,GENERAL,2023-10-22,PRESIDENTE Y VICE,21,Santa Fe,Castellanos,Ataliva,1210,COMANDO,comando,0,2023_GENERAL_DIST21_santafe_presidente.xlsx
2023,GENERAL,2023-10-22,PRESIDENTE Y VICE,21,Santa Fe,Castellanos,Ataliva,1210,POSITIVO,positivo,1281,2023_GENERAL_DIST21_santafe_presidente.xlsx
2023,GENERAL,2023-10-22,PRESIDENTE Y VICE,21,Santa Fe,Castellanos,Colonia Aldao,1200,EN BLANCO,blancos,17,2023_GENERAL_DIST21_santafe_presidente.xlsx
2023,GENERAL,2023-10-22,PRESIDENTE Y VICE,21,Santa Fe,Castellanos,Colonia Aldao,1200,NULO,nulos,10,2023_GENERAL_DIST21_santafe_presidente.xlsx
2023,GENERAL,2023-10-22,PRESIDENTE Y VICE,21,Santa Fe,Castellanos,Colonia Aldao,1200,IMPUGNADO,impugnados,0,2023_GENERAL_DIST21_santafe_presidente.xlsx
2023,GENERAL,2023-10-22,PRESIDENTE Y VICE,21,Santa Fe,Castellanos,Colonia Aldao,1200,RECURRIDO,recurridos,0,2023_GENERAL_DIST21_santafe_presidente.xlsx
2023,GENERAL,2023-10-22,PRESIDENTE Y VICE,21,Santa Fe,Castellanos,Colonia Aldao,1200,COMANDO,comando,0,2023_GENERAL_DIST21_santafe_presidente.xlsx
2023,GENERAL,2023-10-22,PRESIDENTE Y VICE,21,Santa Fe,Castellanos,Colonia Aldao,1200,POSITIVO,positivo,1181,2023_GENERAL_DIST21_santafe_presidente.xlsx
2023,GENERAL,2023-10-22,PRESIDENTE Y VICE,21,Santa Fe,Castellanos,Frontera,1345,EN BLANCO,blancos,34,2023_GENERAL_DIST21_santafe_presidente.xlsx
2023,GENERAL,2023-10-22,PRESIDENTE Y VICE,21,Santa Fe,Castellanos,Frontera,1345,NULO,nulos,80,2023_GENERAL_DIST21_santafe_presidente.xlsx
2023,GENERAL,2023-10-22,PRESIDENTE Y VICE,21,Santa Fe,Castellanos,Frontera,1345,IMPUGNADO,impugnados,0,2023_GENERAL_DIST21_santafe_presidente.xlsx
2023,GENERAL,2023-10-22,PRESIDENTE Y VICE,21,Santa Fe,Castellanos,Frontera,1345,RECURRIDO,recurridos,0,2023_GENERAL_DIST21_santafe_presidente.xlsx
2023,GENERAL,2023-10-22,PRESIDENTE Y VICE,21,Santa Fe,Castellanos,Frontera,1345,COMANDO,comando,2,2023_GENERAL_DIST21_santafe_presidente.xlsx
2023,GENERAL,2023-10-22,PRESIDENTE Y VICE,21,Santa Fe,Castellanos,Frontera,1345,POSITIVO,positivo,5057,2023_GENERAL_DIST21_santafe_presidente.xlsx
2023,GENERAL,2023-10-22,PRESIDENTE Y VICE,21,Santa Fe,Castellanos,Humberto Primo,1170,EN BLANCO,blancos,21,2023_GENERAL_DIST21_santafe_presidente.xlsx
2023,GENERAL,2023-10-22,PRESIDENTE Y VICE,21,Santa Fe,Castellanos,Humberto Primo,1170,NULO,nulos,18,2023_GENERAL_DIST21_santafe_presidente.xlsx
2023,GENERAL,2023-10-22,PRESIDENTE Y VICE,21,Santa Fe,Castellanos,Humberto Primo,1170,IMPUGNADO,impugnados,0,2023_GENERAL_DIST21_santafe_presidente.xlsx
2023,GENERAL,2023-10-22,PRESIDENTE Y VICE,21,Santa Fe,Castellanos,Humberto Primo,1170,RECURRIDO,recurridos,0,2023_GENERAL_DIST21_santafe_presidente.xlsx
2023,GENERAL,2023-10-22,PRESIDENTE Y VICE,21,Santa Fe,Castellanos,Humberto Primo,1170,COMANDO,comando,1,2023_GENERAL_DIST21_santafe_presidente.xlsx
2023,GENERAL,2023-10-22,PRESIDENTE Y VICE,21,Santa Fe,Castellanos,Humberto Primo,1170,POSITIVO,positivo,3290,2023_GENERAL_DIST21_santafe_presidente.xlsx
2023,GENERAL,2023-10-22,PRESIDENTE Y VICE,21,Santa Fe,Castellanos,Josefina,1340,EN BLANCO,blancos,1,2023_GENERAL_DIST21_santafe_presidente.xlsx
2023,GENERAL,2023-10-22,PRESIDENTE Y VICE,21,Santa Fe,Castellanos,Josefina,1340,NULO,nulos,0,2023_GENERAL_DIST21_santafe_presidente.xlsx
2023,GENERAL,2023-10-22,PRESIDENTE Y VICE,21,Santa Fe,Castellanos,Josefina,1340,IMPUGNADO,impugnados,0,2023_GENERAL_DIST21_santafe_presidente.xlsx
2023,GENERAL,2023-10-22,PRESIDENTE Y VICE,21,Santa Fe,Castellanos,Josefina,1340,RECURRIDO,recurridos,0,2023_GENERAL_DIST21_santafe_presidente.xlsx
2023,GENERAL,2023-10-22,PRESIDENTE Y VICE,21,Santa Fe,Castellanos,Josefina,1340,COMANDO,comando,0,2023_GENERAL_DIST21_santafe_presidente.xlsx
2023,GENERAL,2023-10-22,PRESIDENTE Y VICE,21,Santa Fe,Castellanos,Josefina,1340,POSITIVO,positivo,598,2023_GENERAL_DIST21_santafe_presidente.xlsx
2023,GENERAL,2023-10-22,PRESIDENTE Y VICE,21,Santa Fe,Castellanos,Lehmann,1230,EN BLANCO,blancos,15,2023_GENERAL_DIST21_santafe_presidente.xlsx
2023,GENERAL,2023-10-22,PRESIDENTE Y VICE,21,Santa Fe,Castellanos,Lehmann,1230,NULO,nulos,18,2023_GENERAL_DIST21_santafe_presidente.xlsx
2023,GENERAL,2023-10-22,PRESIDENTE Y VICE,21,Santa Fe,Castellanos,Lehmann,1230,IMPUGNADO,impugnados,0,2023_GENERAL_DIST21_santafe_presidente.xlsx
2023,GENERAL,2023-10-22,PRESIDENTE Y VICE,21,Santa Fe,Castellanos,Lehmann,1230,RECURRIDO,recurridos,0,2023_GENERAL_DIST21_santafe_presidente.xlsx
2023,GENERAL,2023-10-22,PRESIDENTE Y VICE,21,Santa Fe,Castellanos,Lehmann,1230,COMANDO,comando,1,2023_GENERAL_DIST21_santafe_presidente.xlsx
2023,GENERAL,2023-10-22,PRESIDENTE Y VICE,21,Santa Fe,Castellanos,Lehmann,1230,POSITIVO,positivo,1944,2023_GENERAL_DIST21_santafe_presidente.xlsx
2023,GENERAL,2023-10-22,PRESIDENTE Y VICE,21,Santa Fe,Castellanos,María Juana,1400,EN BLANCO,blancos,26,2023_GENERAL_DIST21_santafe_presidente.xlsx
2023,GENERAL,2023-10-22,PRESIDENTE Y VICE,21,Santa Fe,Castellanos,María Juana,1400,NULO,nulos,36,2023_GENERAL_DIST21_santafe_presidente.xlsx
2023,GENERAL,2023-10-22,PRESIDENTE Y VICE,21,Santa Fe,Castellanos,María Juana,1400,IMPUGNADO,impugnados,0,2023_GENERAL_DIST21_santafe_presidente.xlsx
2023,GENERAL,2023-10-22,PRESIDENTE Y VICE,21,Santa Fe,Castellanos,María Juana,1400,RECURRIDO,recurridos,0,2023_GENERAL_DIST21_santafe_presidente.xlsx
2023,GENERAL,2023-10-22,PRESIDENTE Y VICE,21,Santa Fe,Castellanos,María Juana,1400,COMANDO,comando,1,2023_GENERAL_DIST21_santafe_presidente.xlsx
2023,GENERAL,2023-10-22,PRESIDENTE Y VICE,21,Santa Fe,Castellanos,María Juana,1400,POSITIVO,positivo,3160,2023_GENERAL_DIST21_santafe_presidente.xlsx
2023,GENERAL,2023-10-22,PRESIDENTE Y VICE,21,Santa Fe,Castellanos,Ramona,1240,EN BLANCO,blancos,16,2023_GENERAL_DIST21_santafe_presidente.xlsx
2023,GENERAL,2023-10-22,PRESIDENTE Y VICE,21,Santa Fe,Castellanos,Ramona,1240,NULO,nulos,18,2023_GENERAL_DIST21_santafe_presidente.xlsx
2023,GENERAL,2023-10-22,PRESIDENTE Y VICE,21,Santa Fe,Castellanos,Ramona,1240,IMPUGNADO,impugnados,0,2023_GENERAL_DIST21_santafe_presidente.xlsx
2023,GENERAL,2023-10-22,PRESIDENTE Y VICE,21,Santa Fe,Castellanos,Ramona,1240,RECURRIDO,recurridos,0,2023_GENERAL_DIST21_santafe_presidente.xlsx
2023,GENERAL,2023-10-22,PRESIDENTE Y VICE,21,Santa Fe,Castellanos,Ramona,1240,COMANDO,comando,1,2023_GENERAL_DIST21_santafe_presidente.xlsx
2023,GENERAL,2023-10-22,PRESIDENTE Y VICE,21,Santa Fe,Castellanos,Ramona,1240,POSITIVO,positivo,1261,2023_GENERAL_DIST21_santafe_presidente.xlsx
2023,GENERAL,2023-10-22,PRESIDENTE Y VICE,21,Santa Fe,Castellanos,San Vicente,1420,EN BLANCO,blancos,45,2023_GENERAL_DIST21_santafe_presidente.xlsx
2023,GENERAL,2023-10-22,PRESIDENTE Y VICE,21,Santa Fe,Castellanos,San Vicente,1420,NULO,nulos,43,2023_GENERAL_DIST21_santafe_presidente.xlsx
2023,GENERAL,2023-10-22,PRESIDENTE Y VICE,21,Santa Fe,Castellanos,San Vicente,1420,IMPUGNADO,impugnados,0,2023_GENERAL_DIST21_santafe_presidente.xlsx
2023,GENERAL,2023-10-22,PRESIDENTE Y VICE,21,Santa Fe,Castellanos,San Vicente,1420,RECURRIDO,recurridos,0,2023_GENERAL_DIST21_santafe_presidente.xlsx
2023,GENERAL,2023-10-22,PRESIDENTE Y VICE,21,Santa Fe,Castellanos,San Vicente,1420,COMANDO,comando,0,2023_GENERAL_DIST21_santafe_presidente.xlsx
2023,GENERAL,2023-10-22,PRESIDENTE Y VICE,21,Santa Fe,Castellanos,San Vicente,1420,POSITIVO,positivo,3971,2023_GENERAL_DIST21_santafe_presidente.xlsx
2023,GENERAL,2023-10-22,PRESIDENTE Y VICE,21,Santa Fe,Castellanos,Santa Clara de Saguier,1300,EN BLANCO,blancos,15,2023_GENERAL_DIST21_santafe_presidente.xlsx
2023,GENERAL,2023-10-22,PRESIDENTE Y VICE,21,Santa Fe,Castellanos,Santa Clara de Saguier,1300,NULO,nulos,1,2023_GENERAL_DIST21_santafe_presidente.xlsx
2023,GENERAL,2023-10-22,PRESIDENTE Y VICE,21,Santa Fe,Castellanos,Santa Clara de Saguier,1300,IMPUGNADO,impugnados,0,2023_GENERAL_DIST21_santafe_presidente.xlsx
2023,GENERAL,2023-10-22,PRESIDENTE Y VICE,21,Santa Fe,Castellanos,Santa Clara de Saguier,1300,RECURRIDO,recurridos,0,2023_GENERAL_DIST21_santafe_presidente.xlsx
2023,GENERAL,2023-10-22,PRESIDENTE Y VICE,21,Santa Fe,Castellanos,Santa Clara de Saguier,1300,COMANDO,comando,3,2023_GENERAL_DIST21_santafe_presidente.xlsx
2023,GENERAL,2023-10-22,PRESIDENTE Y VICE,21,Santa Fe,Castellanos,Santa Clara de Saguier,1300,POSITIVO,positivo,1214,2023_GENERAL_DIST21_santafe_presidente.xlsx
2023,GENERAL,2023-10-22,PRESIDENTE Y VICE,21,Santa Fe,Castellanos,Sunchales,1180,EN BLANCO,blancos,132,2023_GENERAL_DIST21_santafe_presidente.xlsx
2023,GENERAL,2023-10-22,PRESIDENTE Y VICE,21,Santa Fe,Castellanos,Sunchales,1180,NULO,nulos,154,2023_GENERAL_DIST21_santafe_presidente.xlsx
2023,GENERAL,2023-10-22,PRESIDENTE Y VICE,21,Santa Fe,Castellanos,Sunchales,1180,IMPUGNADO,impugnados,0,2023_GENERAL_DIST21_santafe_presidente.xlsx
2023,GENERAL,2023-10-22,PRESIDENTE Y VICE,21,Santa Fe,Castellanos,Sunchales,1180,RECURRIDO,recurridos,0,2023_GENERAL_DIST21_santafe_presidente.xlsx
2023,GENERAL,2023-10-22,PRESIDENTE Y VICE,21,Santa Fe,Castellanos,Sunchales,1180,COMANDO,comando,2,2023_GENERAL_DIST21_santafe_presidente.xlsx
2023,GENERAL,2023-10-22,PRESIDENTE Y VICE,21,Santa Fe,Castellanos,Sunchales,1180,POSITIVO,positivo,14628,2023_GENERAL_DIST21_santafe_presidente.xlsx
2023,GENERAL,2023-10-22,PRESIDENTE Y VICE,21,Santa Fe,Castellanos,Zenón Pereyra,1380,EN BLANCO,blancos,11,2023_GENERAL_DIST21_santafe_presidente.xlsx
2023,GENERAL,2023-10-22,PRESIDENTE Y VICE,21,Santa Fe,Castellanos,Zenón Pereyra,1380,NULO,nulos,8,2023_GENERAL_DIST21_santafe_presidente.xlsx
2023,GENERAL,2023-10-22,PRESIDENTE Y VICE,21,Santa Fe,Castellanos,Zenón Pereyra,1380,IMPUGNADO,impugnados,0,2023_GENERAL_DIST21_santafe_presidente.xlsx
2023,GENERAL,2023-10-22,PRESIDENTE Y VICE,21,Santa Fe,Castellanos,Zenón Pereyra,1380,RECURRIDO,recurridos,0,2023_GENERAL_DIST21_santafe_presidente.xlsx
2023,GENERAL,2023-10-22,PRESIDENTE Y VICE,21,Santa Fe,Castellanos,Zenón Pereyra,1380,COMANDO,comando,0,2023_GENERAL_DIST21_santafe_presidente.xlsx
2023,GENERAL,2023-10-22,PRESIDENTE Y VICE,21,Santa Fe,Castellanos,Zenón Pereyra,1380,POSITIVO,positivo,1115,2023_GENERAL_DIST21_santafe_presidente.xlsx
2023,GENERAL,2023-10-22,PRESIDENTE Y VICE,21,Santa Fe,Las Colonias,Esperanza,0550,EN BLANCO,blancos,223,2023_GENERAL_DIST21_santafe_presidente.xlsx
2023,GENERAL,2023-10-22,PRESIDENTE Y VICE,21,Santa Fe,Las Colonias,Esperanza,0550,NULO,nulos,339,2023_GENERAL_DIST21_santafe_presidente.xlsx
2023,GENERAL,2023-10-22,PRESIDENTE Y VICE,21,Santa Fe,Las Colonias,Esperanza,0550,IMPUGNADO,impugnados,0,2023_GENERAL_DIST21_santafe_presidente.xlsx
2023,GENERAL,2023-10-22,PRESIDENTE Y VICE,21,Santa Fe,Las Colonias,Esperanza,0550,RECURRIDO,recurridos,5,2023_GENERAL_DIST21_santafe_presidente.xlsx
2023,GENERAL,2023-10-22,PRESIDENTE Y VICE,21,Santa Fe,Las Colonias,Esperanza,0550,COMANDO,comando,17,2023_GENERAL_DIST21_santafe_presidente.xlsx
2023,GENERAL,2023-10-22,PRESIDENTE Y VICE,21,Santa Fe,Las Colonias,Esperanza,0550,POSITIVO,positivo,25902,2023_GENERAL_DIST21_santafe_presidente.xlsx
2023,GENERAL,2023-10-22,PRESIDENTE Y VICE,21,Santa Fe,Las Colonias,Felicia,0600,EN BLANCO,blancos,23,2023_GENERAL_DIST21_santafe_presidente.xlsx
2023,GENERAL,2023-10-22,PRESIDENTE Y VICE,21,Santa Fe,Las Colonias,Felicia,0600,NULO,nulos,13,2023_GENERAL_DIST21_santafe_presidente.xlsx
2023,GENERAL,2023-10-22,PRESIDENTE Y VICE,21,Santa Fe,Las Colonias,Felicia,0600,IMPUGNADO,impugnados,0,2023_GENERAL_DIST21_santafe_presidente.xlsx
2023,GENERAL,2023-10-22,PRESIDENTE Y VICE,21,Santa Fe,Las Colonias,Felicia,0600,RECURRIDO,recurridos,0,2023_GENERAL_DIST21_santafe_presidente.xlsx
2023,GENERAL,2023-10-22,PRESIDENTE Y VICE,21,Santa Fe,Las Colonias,Felicia,0600,COMANDO,comando,1,2023_GENERAL_DIST21_santafe_presidente.xlsx
2023,GENERAL,2023-10-22,PRESIDENTE Y VICE,21,Santa Fe,Las Colonias,Felicia,0600,POSITIVO,positivo,1480,2023_GENERAL_DIST21_santafe_presidente.xlsx
2023,GENERAL,2023-10-22,PRESIDENTE Y VICE,21,Santa Fe,Las Colonias,Franck,0530,EN BLANCO,blancos,51,2023_GENERAL_DIST21_santafe_presidente.xlsx
2023,GENERAL,2023-10-22,PRESIDENTE Y VICE,21,Santa Fe,Las Colonias,Franck,0530,NULO,nulos,39,2023_GENERAL_DIST21_santafe_presidente.xlsx
2023,GENERAL,2023-10-22,PRESIDENTE Y VICE,21,Santa Fe,Las Colonias,Franck,0530,IMPUGNADO,impugnados,0,2023_GENERAL_DIST21_santafe_presidente.xlsx
2023,GENERAL,2023-10-22,PRESIDENTE Y VICE,21,Santa Fe,Las Colonias,Franck,0530,RECURRIDO,recurridos,0,2023_GENERAL_DIST21_santafe_presidente.xlsx
2023,GENERAL,2023-10-22,PRESIDENTE Y VICE,21,Santa Fe,Las Colonias,Franck,0530,COMANDO,comando,0,2023_GENERAL_DIST21_santafe_presidente.xlsx
2023,GENERAL,2023-10-22,PRESIDENTE Y VICE,21,Santa Fe,Las Colonias,Franck,0530,POSITIVO,positivo,4190,2023_GENERAL_DIST21_santafe_presidente.xlsx
2023,GENERAL,2023-10-22,PRESIDENTE Y VICE,21,Santa Fe,Las Colonias,Humboldt,0560,EN BLANCO,blancos,18,2023_GENERAL_DIST21_santafe_presidente.xlsx
2023,GENERAL,2023-10-22,PRESIDENTE Y VICE,21,Santa Fe,Las Colonias,Humboldt,0560,NULO,nulos,27,2023_GENERAL_DIST21_santafe_presidente.xlsx
2023,GENERAL,2023-10-22,PRESIDENTE Y VICE,21,Santa Fe,Las Colonias,Humboldt,0560,IMPUGNADO,impugnados,0,2023_GENERAL_DIST21_santafe_presidente.xlsx
2023,GENERAL,2023-10-22,PRESIDENTE Y VICE,21,Santa Fe,Las Colonias,Humboldt,0560,RECURRIDO,recurridos,0,2023_GENERAL_DIST21_santafe_presidente.xlsx
2023,GENERAL,2023-10-22,PRESIDENTE Y VICE,21,Santa Fe,Las Colonias,Humboldt,0560,COMANDO,comando,1,2023_GENERAL_DIST21_santafe_presidente.xlsx
2023,GENERAL,2023-10-22,PRESIDENTE Y VICE,21,Santa Fe,Las Colonias,Humboldt,0560,POSITIVO,positivo,3459,2023_GENERAL_DIST21_santafe_presidente.xlsx
2023,GENERAL,2023-10-22,PRESIDENTE Y VICE,21,Santa Fe,Las Colonias,Pilar,0570,EN BLANCO,blancos,43,2023_GENERAL_DIST21_santafe_presidente.xlsx
2023,GENERAL,2023-10-22,PRESIDENTE Y VICE,21,Santa Fe,Las Colonias,Pilar,0570,NULO,nulos,27,2023_GENERAL_DIST21_santafe_presidente.xlsx
2023,GENERAL,2023-10-22,PRESIDENTE Y VICE,21,Santa Fe,Las Colonias,Pilar,0570,IMPUGNADO,impugnados,0,2023_GENERAL_DIST21_santafe_presidente.xlsx
2023,GENERAL,2023-10-22,PRESIDENTE Y VICE,21,Santa Fe,Las Colonias,Pilar,0570,RECURRIDO,recurridos,0,2023_GENERAL_DIST21_santafe_presidente.xlsx
2023,GENERAL,2023-10-22,PRESIDENTE Y VICE,21,Santa Fe,Las Colonias,Pilar,0570,COMANDO,comando,0,2023_GENERAL_DIST21_santafe_presidente.xlsx
2023,GENERAL,2023-10-22,PRESIDENTE Y VICE,21,Santa Fe,Las Colonias,Pilar,0570,POSITIVO,positivo,3115,2023_GENERAL_DIST21_santafe_presidente.xlsx
2023,GENERAL,2023-10-22,PRESIDENTE Y VICE,21,Santa Fe,Las Colonias,Progreso,0630,EN BLANCO,blancos,10,2023_GENERAL_DIST21_santafe_presidente.xlsx
2023,GENERAL,2023-10-22,PRESIDENTE Y VICE,21,Santa Fe,Las Colonias,Progreso,0630,NULO,nulos,12,2023_GENERAL_DIST21_santafe_presidente.xlsx
2023,GENERAL,2023-10-22,PRESIDENTE Y VICE,21,Santa Fe,Las Colonias,Progreso,0630,IMPUGNADO,impugnados,0,2023_GENERAL_DIST21_santafe_presidente.xlsx
2023,GENERAL,2023-10-22,PRESIDENTE Y VICE,21,Santa Fe,Las Colonias,Progreso,0630,RECURRIDO,recurridos,0,2023_GENERAL_DIST21_santafe_presidente.xlsx
2023,GENERAL,2023-10-22,PRESIDENTE Y VICE,21,Santa Fe,Las Colonias,Progreso,0630,COMANDO,comando,1,2023_GENERAL_DIST21_santafe_presidente.xlsx
2023,GENERAL,2023-10-22,PRESIDENTE Y VICE,21,Santa Fe,Las Colonias,Progreso,0630,POSITIVO,positivo,1679,2023_GENERAL_DIST21_santafe_presidente.xlsx
2023,GENERAL,2023-10-22,PRESIDENTE Y VICE,21,Santa Fe,Las Colonias,San Carlos Centro,0440,EN BLANCO,blancos,78,2023_GENERAL_DIST21_santafe_presidente.xlsx
2023,GENERAL,2023-10-22,PRESIDENTE Y VICE,21,Santa Fe,Las Colonias,San Carlos Centro,0440,NULO,nulos,80,2023_GENERAL_DIST21_santafe_presidente.xlsx
2023,GENERAL,2023-10-22,PRESIDENTE Y VICE,21,Santa Fe,Las Colonias,San Carlos Centro,0440,IMPUGNADO,impugnados,0,2023_GENERAL_DIST21_santafe_presidente.xlsx
2023,GENERAL,2023-10-22,PRESIDENTE Y VICE,21,Santa Fe,Las Colonias,San Carlos Centro,0440,RECURRIDO,recurridos,3,2023_GENERAL_DIST21_santafe_presidente.xlsx
2023,GENERAL,2023-10-22,PRESIDENTE Y VICE,21,Santa Fe,Las Colonias,San Carlos Centro,0440,COMANDO,comando,3,2023_GENERAL_DIST21_santafe_presidente.xlsx
2023,GENERAL,2023-10-22,PRESIDENTE Y VICE,21,Santa Fe,Las Colonias,San Carlos Centro,0440,POSITIVO,positivo,7736,2023_GENERAL_DIST21_santafe_presidente.xlsx
2023,GENERAL,2023-10-22,PRESIDENTE Y VICE,21,Santa Fe,Las Colonias,San Carlos Sud,0430,EN BLANCO,blancos,19,2023_GENERAL_DIST21_santafe_presidente.xlsx
2023,GENERAL,2023-10-22,PRESIDENTE Y VICE,21,Santa Fe,Las Colonias,San Carlos Sud,0430,NULO,nulos,4,2023_GENERAL_DIST21_santafe_presidente.xlsx
2023,GENERAL,2023-10-22,PRESIDENTE Y VICE,21,Santa Fe,Las Colonias,San Carlos Sud,0430,IMPUGNADO,impugnados,0,2023_GENERAL_DIST21_santafe_presidente.xlsx
2023,GENERAL,2023-10-22,PRESIDENTE Y VICE,21,Santa Fe,Las Colonias,San Carlos Sud,0430,RECURRIDO,recurridos,0,2023_GENERAL_DIST21_santafe_presidente.xlsx
2023,GENERAL,2023-10-22,PRESIDENTE Y VICE,21,Santa Fe,Las Colonias,San Carlos Sud,0430,COMANDO,comando,1,2023_GENERAL_DIST21_santafe_presidente.xlsx
2023,GENERAL,2023-10-22,PRESIDENTE Y VICE,21,Santa Fe,Las Colonias,San Carlos Sud,0430,POSITIVO,positivo,1530,2023_GENERAL_DIST21_santafe_presidente.xlsx
2023,GENERAL,2023-10-22,PRESIDENTE Y VICE,21,Santa Fe,Las Colonias,San Jerónimo Norte,0520,EN BLANCO,blancos,36,2023_GENERAL_DIST21_santafe_presidente.xlsx
2023,GENERAL,2023-10-22,PRESIDENTE Y VICE,21,Santa Fe,Las Colonias,San Jerónimo Norte,0520,NULO,nulos,51,2023_GENERAL_DIST21_santafe_presidente.xlsx
2023,GENERAL,2023-10-22,PRESIDENTE Y VICE,21,Santa Fe,Las Colonias,San Jerónimo Norte,0520,IMPUGNADO,impugnados,0,2023_GENERAL_DIST21_santafe_presidente.xlsx
2023,GENERAL,2023-10-22,PRESIDENTE Y VICE,21,Santa Fe,Las Colonias,San Jerónimo Norte,0520,RECURRIDO,recurridos,0,2023_GENERAL_DIST21_santafe_presidente.xlsx
2023,GENERAL,2023-10-22,PRESIDENTE Y VICE,21,Santa Fe,Las Colonias,San Jerónimo Norte,0520,COMANDO,comando,2,2023_GENERAL_DIST21_santafe_presidente.xlsx
2023,GENERAL,2023-10-22,PRESIDENTE Y VICE,21,Santa Fe,Las Colonias,San Jerónimo Norte,0520,POSITIVO,positivo,4625,2023_GENERAL_DIST21_santafe_presidente.xlsx
2023,GENERAL,2023-10-22,PRESIDENTE Y VICE,21,Santa Fe,Las Colonias,Santa Clara de Buena Vista,0460,EN BLANCO,blancos,26,2023_GENERAL_DIST21_santafe_presidente.xlsx
2023,GENERAL,2023-10-22,PRESIDENTE Y VICE,21,Santa Fe,Las Colonias,Santa Clara de Buena Vista,0460,NULO,nulos,20,2023_GENERAL_DIST21_santafe_presidente.xlsx
2023,GENERAL,2023-10-22,PRESIDENTE Y VICE,21,Santa Fe,Las Colonias,Santa Clara de Buena Vista,0460,IMPUGNADO,impugnados,0,2023_GENERAL_DIST21_santafe_presidente.xlsx
2023,GENERAL,2023-10-22,PRESIDENTE Y VICE,21,Santa Fe,Las Colonias,Santa Clara de Buena Vista,0460,RECURRIDO,recurridos,0,2023_GENERAL_DIST21_santafe_presidente.xlsx
2023,GENERAL,2023-10-22,PRESIDENTE Y VICE,21,Santa Fe,Las Colonias,Santa Clara de Buena Vista,0460,COMANDO,comando,0,2023_GENERAL_DIST21_santafe_presidente.xlsx
2023,GENERAL,2023-10-22,PRESIDENTE Y VICE,21,Santa Fe,Las Colonias,Santa Clara de Buena Vista,0460,POSITIVO,positivo,1813,2023_GENERAL_DIST21_santafe_presidente.xlsx
2023,GENERAL,2023-10-22,PRESIDENTE Y VICE,21,Santa Fe,San Martín,Carlos Pellegrini,1600,EN BLANCO,blancos,30,2023_GENERAL_DIST21_santafe_presidente.xlsx
2023,GENERAL,2023-10-22,PRESIDENTE Y VICE,21,Santa Fe,San Martín,Carlos Pellegrini,1600,NULO,nulos,36,2023_GENERAL_DIST21_santafe_presidente.xlsx
2023,GENERAL,2023-10-22,PRESIDENTE Y VICE,21,Santa Fe,San Martín,Carlos Pellegrini,1600,IMPUGNADO,impugnados,0,2023_GENERAL_DIST21_santafe_presidente.xlsx
2023,GENERAL,2023-10-22,PRESIDENTE Y VICE,21,Santa Fe,San Martín,Carlos Pellegrini,1600,RECURRIDO,recurridos,0,2023_GENERAL_DIST21_santafe_presidente.xlsx
2023,GENERAL,2023-10-22,PRESIDENTE Y VICE,21,Santa Fe,San Martín,Carlos Pellegrini,1600,COMANDO,comando,0,2023_GENERAL_DIST21_santafe_presidente.xlsx
2023,GENERAL,2023-10-22,PRESIDENTE Y VICE,21,Santa Fe,San Martín,Carlos Pellegrini,1600,POSITIVO,positivo,3616,2023_GENERAL_DIST21_santafe_presidente.xlsx
2023,GENERAL,2023-10-22,PRESIDENTE Y VICE,21,Santa Fe,San Martín,Cañada Rosquín,1610,EN BLANCO,blancos,19,2023_GENERAL_DIST21_santafe_presidente.xlsx
2023,GENERAL,2023-10-22,PRESIDENTE Y VICE,21,Santa Fe,San Martín,Cañada Rosquín,1610,NULO,nulos,36,2023_GENERAL_DIST21_santafe_presidente.xlsx
2023,GENERAL,2023-10-22,PRESIDENTE Y VICE,21,Santa Fe,San Martín,Cañada Rosquín,1610,IMPUGNADO,impugnados,0,2023_GENERAL_DIST21_santafe_presidente.xlsx
2023,GENERAL,2023-10-22,PRESIDENTE Y VICE,21,Santa Fe,San Martín,Cañada Rosquín,1610,RECURRIDO,recurridos,0,2023_GENERAL_DIST21_santafe_presidente.xlsx
2023,GENERAL,2023-10-22,PRESIDENTE Y VICE,21,Santa Fe,San Martín,Cañada Rosquín,1610,COMANDO,comando,0,2023_GENERAL_DIST21_santafe_presidente.xlsx
2023,GENERAL,2023-10-22,PRESIDENTE Y VICE,21,Santa Fe,San Martín,Cañada Rosquín,1610,POSITIVO,positivo,3347,2023_GENERAL_DIST21_santafe_presidente.xlsx
2023,GENERAL,2023-10-22,PRESIDENTE Y VICE,21,Santa Fe,San Martín,El Trébol,1650,EN BLANCO,blancos,76,2023_GENERAL_DIST21_santafe_presidente.xlsx
2023,GENERAL,2023-10-22,PRESIDENTE Y VICE,21,Santa Fe,San Martín,El Trébol,1650,NULO,nulos,130,2023_GENERAL_DIST21_santafe_presidente.xlsx
2023,GENERAL,2023-10-22,PRESIDENTE Y VICE,21,Santa Fe,San Martín,El Trébol,1650,IMPUGNADO,impugnados,0,2023_GENERAL_DIST21_santafe_presidente.xlsx
2023,GENERAL,2023-10-22,PRESIDENTE Y VICE,21,Santa Fe,San Martín,El Trébol,1650,RECURRIDO,recurridos,0,2023_GENERAL_DIST21_santafe_presidente.xlsx
2023,GENERAL,2023-10-22,PRESIDENTE Y VICE,21,Santa Fe,San Martín,El Trébol,1650,COMANDO,comando,0,2023_GENERAL_DIST21_santafe_presidente.xlsx
2023,GENERAL,2023-10-22,PRESIDENTE Y VICE,21,Santa Fe,San Martín,El Trébol,1650,POSITIVO,positivo,7796,2023_GENERAL_DIST21_santafe_presidente.xlsx
2023,GENERAL,2023-10-22,PRESIDENTE Y VICE,21,Santa Fe,San Martín,María Susana,1660,EN BLANCO,blancos,12,2023_GENERAL_DIST21_santafe_presidente.xlsx
2023,GENERAL,2023-10-22,PRESIDENTE Y VICE,21,Santa Fe,San Martín,María Susana,1660,NULO,nulos,45,2023_GENERAL_DIST21_santafe_presidente.xlsx
2023,GENERAL,2023-10-22,PRESIDENTE Y VICE,21,Santa Fe,San Martín,María Susana,1660,IMPUGNADO,impugnados,0,2023_GENERAL_DIST21_santafe_presidente.xlsx
2023,GENERAL,2023-10-22,PRESIDENTE Y VICE,21,Santa Fe,San Martín,María Susana,1660,RECURRIDO,recurridos,0,2023_GENERAL_DIST21_santafe_presidente.xlsx
2023,GENERAL,2023-10-22,PRESIDENTE Y VICE,21,Santa Fe,San Martín,María Susana,1660,COMANDO,comando,0,2023_GENERAL_DIST21_santafe_presidente.xlsx
2023,GENERAL,2023-10-22,PRESIDENTE Y VICE,21,Santa Fe,San Martín,María Susana,1660,POSITIVO,positivo,2079,2023_GENERAL_DIST21_santafe_presidente.xlsx
2023,GENERAL,2023-10-22,PRESIDENTE Y VICE,21,Santa Fe,San Martín,Piamonte,1640,EN BLANCO,blancos,13,2023_GENERAL_DIST21_santafe_presidente.xlsx
2023,GENERAL,2023-10-22,PRESIDENTE Y VICE,21,Santa Fe,San Martín,Piamonte,1640,NULO,nulos,32,2023_GENERAL_DIST21_santafe_presidente.xlsx
2023,GENERAL,2023-10-22,PRESIDENTE Y VICE,21,Santa Fe,San Martín,Piamonte,1640,IMPUGNADO,impugnados,0,2023_GENERAL_DIST21_santafe_presidente.xlsx
2023,GENERAL,2023-10-22,PRESIDENTE Y VICE,21,Santa Fe,San Martín,Piamonte,1640,RECURRIDO,recurridos,0,2023_GENERAL_DIST21_santafe_presidente.xlsx
2023,GENERAL,2023-10-22,PRESIDENTE Y VICE,21,Santa Fe,San Martín,Piamonte,1640,COMANDO,comando,0,2023_GENERAL_DIST21_santafe_presidente.xlsx
2023,GENERAL,2023-10-22,PRESIDENTE Y VICE,21,Santa Fe,San Martín,Piamonte,1640,POSITIVO,positivo,2081,2023_GENERAL_DIST21_santafe_presidente.xlsx
2023,GENERAL,2023-10-22,PRESIDENTE Y VICE,21,Santa Fe,San Martín,San Jorge,1580,EN BLANCO,blancos,105,2023_GENERAL_DIST21_santafe_presidente.xlsx
2023,GENERAL,2023-10-22,PRESIDENTE Y VICE,21,Santa Fe,San Martín,San Jorge,1580,NULO,nulos,148,2023_GENERAL_DIST21_santafe_presidente.xlsx
2023,GENERAL,2023-10-22,PRESIDENTE Y VICE,21,Santa Fe,San Martín,San Jorge,1580,IMPUGNADO,impugnados,0,2023_GENERAL_DIST21_santafe_presidente.xlsx
2023,GENERAL,2023-10-22,PRESIDENTE Y VICE,21,Santa Fe,San Martín,San Jorge,1580,RECURRIDO,recurridos,0,2023_GENERAL_DIST21_santafe_presidente.xlsx
2023,GENERAL,2023-10-22,PRESIDENTE Y VICE,21,Santa Fe,San Martín,San Jorge,1580,COMANDO,comando,0,2023_GENERAL_DIST21_santafe_presidente.xlsx
2023,GENERAL,2023-10-22,PRESIDENTE Y VICE,21,Santa Fe,San Martín,San Jorge,1580,POSITIVO,positivo,12166,2023_GENERAL_DIST21_santafe_presidente.xlsx
2023,GENERAL,2023-10-22,PRESIDENTE Y VICE,21,Santa Fe,San Martín,San Martín de las Escobas,1560,EN BLANCO,blancos,16,2023_GENERAL_DIST21_santafe_presidente.xlsx
2023,GENERAL,2023-10-22,PRESIDENTE Y VICE,21,Santa Fe,San Martín,San Martín de las Escobas,1560,NULO,nulos,17,2023_GENERAL_DIST21_santafe_presidente.xlsx
2023,GENERAL,2023-10-22,PRESIDENTE Y VICE,21,Santa Fe,San Martín,San Martín de las Escobas,1560,IMPUGNADO,impugnados,0,2023_GENERAL_DIST21_santafe_presidente.xlsx
2023,GENERAL,2023-10-22,PRESIDENTE Y VICE,21,Santa Fe,San Martín,San Martín de las Escobas,1560,RECURRIDO,recurridos,0,2023_GENERAL_DIST21_santafe_presidente.xlsx
2023,GENERAL,2023-10-22,PRESIDENTE Y VICE,21,Santa Fe,San Martín,San Martín de las Escobas,1560,COMANDO,comando,0,2023_GENERAL_DIST21_santafe_presidente.xlsx
2023,GENERAL,2023-10-22,PRESIDENTE Y VICE,21,Santa Fe,San Martín,San Martín de las Escobas,1560,POSITIVO,positivo,1781,2023_GENERAL_DIST21_santafe_presidente.xlsx
2023,GENERAL,2023-10-22,PRESIDENTE Y VICE,21,Santa Fe,San Martín,Sastre y Ortiz,1550,EN BLANCO,blancos,28,2023_GENERAL_DIST21_santafe_presidente.xlsx
2023,GENERAL,2023-10-22,PRESIDENTE Y VICE,21,Santa Fe,San Martín,Sastre y Ortiz,1550,NULO,nulos,45,2023_GENERAL_DIST21_santafe_presidente.xlsx
2023,GENERAL,2023-10-22,PRESIDENTE Y VICE,21,Santa Fe,San Martín,Sastre y Ortiz,1550,IMPUGNADO,impugnados,0,2023_GENERAL_DIST21_santafe_presidente.xlsx
2023,GENERAL,2023-10-22,PRESIDENTE Y VICE,21,Santa Fe,San Martín,Sastre y Ortiz,1550,RECURRIDO,recurridos,1,2023_GENERAL_DIST21_santafe_presidente.xlsx
2023,GENERAL,2023-10-22,PRESIDENTE Y VICE,21,Santa Fe,San Martín,Sastre y Ortiz,1550,COMANDO,comando,0,2023_GENERAL_DIST21_santafe_presidente.xlsx
2023,GENERAL,2023-10-22,PRESIDENTE Y VICE,21,Santa Fe,San Martín,Sastre y Ortiz,1550,POSITIVO,positivo,3733,2023_GENERAL_DIST21_santafe_presidente.xlsx
