anio,instancia,fecha,cargo,distrito_id,distrito,seccion,localidad,circuito_id,agrupacion,tipo_registro,votos,recuento_tipo,fuente
2007,GENERAL,2007-10-28,PRESIDENTE Y VICE,21,Santa Fe,Castellanos,Ataliva,0121,ALBERTO J. RODRIGUEZ SAA-HECTOR M. MAYA,agrupacion,107,NO DECLARADO,xlsx_votos_por_localidad
2007,GENERAL,2007-10-28,PRESIDENTE Y VICE,21,Santa Fe,Castellanos,Ataliva,0121,CRISTINA E. FERNANDEZ DE KIRCHNER-JULIO C.C. COBOS,agrupacion,368,NO DECLARADO,xlsx_votos_por_localidad
2007,GENERAL,2007-10-28,PRESIDENTE Y VICE,21,Santa Fe,Castellanos,Ataliva,0121,ELISA M.A. CARRIO-RUBEN HECTOR GIUSTINIANI,agrupacion,228,NO DECLARADO,xlsx_votos_por_localidad
2007,GENERAL,2007-10-28,PRESIDENTE Y VICE,21,Santa Fe,Castellanos,Ataliva,0121,FERNANDO 'PINO' SOLANAS-ANGEL F. CADELLI,agrupacion,12,NO DECLARADO,xlsx_votos_por_localidad
2007,GENERAL,2007-10-28,PRESIDENTE Y VICE,21,Santa Fe,Castellanos,Ataliva,0121,GUSTAVO L. BREIDE OBEID-HECTOR R. VERGARA,agrupacion,0,NO DECLARADO,xlsx_votos_por_localidad
2007,GENERAL,2007-10-28,PRESIDENTE Y VICE,21,Santa Fe,Castellanos,Ataliva,0121,IMPUGNADO,impugnados,0,NO DECLARADO,xlsx_votos_por_localidad
2007,GENERAL,2007-10-28,PRESIDENTE Y VICE,21,Santa Fe,Castellanos,Ataliva,0121,JORGE OMAR SOBISCH-JORGE ASIS,agrupacion,13,NO DECLARADO,xlsx_votos_por_localidad
2007,GENERAL,2007-10-28,PRESIDENTE Y VICE,21,Santa Fe,Castellanos,Ataliva,0121,JOSE A. MONTES-HECTOR A. HEBERLING,agrupacion,2,NO DECLARADO,xlsx_votos_por_localidad
2007,GENERAL,2007-10-28,PRESIDENTE Y VICE,21,Santa Fe,Castellanos,Ataliva,0121,JUAN RICARDO MUSSA-BERNARDO NESPRAL,agrupacion,0,NO DECLARADO,xlsx_votos_por_localidad
2007,GENERAL,2007-10-28,PRESIDENTE Y VICE,21,Santa Fe,Castellanos,Ataliva,0121,LUIS ALBERTO AMMANN-ROGELIO DELEONARDI,agrupacion,1,NO DECLARADO,xlsx_votos_por_localidad
2007,GENERAL,2007-10-28,PRESIDENTE Y VICE,21,Santa Fe,Castellanos,Ataliva,0121,NESTOR A. PITROLA-GABRIELA A. ARROYOS,agrupacion,5,NO DECLARADO,xlsx_votos_por_localidad
2007,GENERAL,2007-10-28,PRESIDENTE Y VICE,21,Santa Fe,Castellanos,Ataliva,0121,NULO,nulos,0,NO DECLARADO,xlsx_votos_por_localidad
2007,GENERAL,2007-10-28,PRESIDENTE Y VICE,21,Santa Fe,Castellanos,Ataliva,0121,POSITIVO,positivo,1036,NO DECLARADO,xlsx_votos_por_localidad
2007,GENERAL,2007-10-28,PRESIDENTE Y VICE,21,Santa Fe,Castellanos,Ataliva,0121,RAUL ANIBAL CASTELLS-'NINA' PELOZO,agrupacion,3,NO DECLARADO,xlsx_votos_por_localidad
2007,GENERAL,2007-10-28,PRESIDENTE Y VICE,21,Santa Fe,Castellanos,Ataliva,0121,RECURRIDO,recurridos,0,NO DECLARADO,xlsx_votos_por_localidad
2007,GENERAL,2007-10-28,PRESIDENTE Y VICE,21,Santa Fe,Castellanos,Ataliva,0121,RICARDO LOPEZ MURPHY-ESTEBAN BULLRICH,agrupacion,14,NO DECLARADO,xlsx_votos_por_localidad
2007,GENERAL,2007-10-28,PRESIDENTE Y VICE,21,Santa Fe,Castellanos,Ataliva,0121,ROBERTO LAVAGNA-GERARDO R. MORALES,agrupacion,278,NO DECLARADO,xlsx_votos_por_localidad
2007,GENERAL,2007-10-28,PRESIDENTE Y VICE,21,Santa Fe,Castellanos,Ataliva,0121,VILMA RIPOLL-HECTOR BIDONDE,agrupacion,5,NO DECLARADO,xlsx_votos_por_localidad
2007,GENERAL,2007-10-28,PRESIDENTE Y VICE,21,Santa Fe,Castellanos,Colonia Aldao,0120,ALBERTO J. RODRIGUEZ SAA-HECTOR M. MAYA,agrupacion,97,NO DECLARADO,xlsx_votos_por_localidad
2007,GENERAL,2007-10-28,PRESIDENTE Y VICE,21,Santa Fe,Castellanos,Colonia Aldao,0120,CRISTINA E. FERNANDEZ DE KIRCHNER-JULIO C.C. COBOS,agrupacion,313,NO DECLARADO,xlsx_votos_por_localidad
2007,GENERAL,2007-10-28,PRESIDENTE Y VICE,21,Santa Fe,Castellanos,Colonia Aldao,0120,ELISA M.A. CARRIO-RUBEN HECTOR GIUSTINIANI,agrupacion,137,NO DECLARADO,xlsx_votos_por_localidad
2007,GENERAL,2007-10-28,PRESIDENTE Y VICE,21,Santa Fe,Castellanos,Colonia Aldao,0120,FERNANDO 'PINO' SOLANAS-ANGEL F. CADELLI,agrupacion,5,NO DECLARADO,xlsx_votos_por_localidad
2007,GENERAL,2007-10-28,PRESIDENTE Y VICE,21,Santa Fe,Castellanos,Colonia Aldao,0120,GUSTAVO L. BREIDE OBEID-HECTOR R. VERGARA,agrupacion,0,NO DECLARADO,xlsx_votos_por_localidad
2007,GENERAL,2007-10-28,PRESIDENTE Y VICE,21,Santa Fe,Castellanos,Colonia Aldao,0120,IMPUGNADO,impugnados,0,NO DECLARADO,xlsx_votos_por_localidad
2007,GENERAL,2007-10-28,PRESIDENTE Y VICE,21,Santa Fe,Castellanos,Colonia Aldao,0120,JORGE OMAR SOBISCH-JORGE ASIS,agrupacion,11,NO DECLARADO,xlsx_votos_por_localidad
2007,GENERAL,2007-10-28,PRESIDENTE Y VICE,21,Santa Fe,Castellanos,Colonia Aldao,0120,JOSE A. MONTES-HECTOR A. HEBERLING,agrupacion,2,NO DECLARADO,xlsx_votos_por_localidad
2007,GENERAL,2007-10-28,PRESIDENTE Y VICE,21,Santa Fe,Castellanos,Colonia Aldao,0120,JUAN RICARDO MUSSA-BERNARDO NESPRAL,agrupacion,0,NO DECLARADO,xlsx_votos_por_localidad
2007,GENERAL,2007-10-28,PRESIDENTE Y VICE,21,Santa Fe,Castellanos,Colonia Aldao,0120,LUIS ALBERTO AMMANN-ROGELIO DELEONARDI,agrupacion,4,NO DECLARADO,xlsx_votos_por_localidad
2007,GENERAL,2007-10-28,PRESIDENTE Y VICE,21,Santa Fe,Castellanos,Colonia Aldao,0120,NESTOR A. PITROLA-GABRIELA A. ARROYOS,agrupacion,3,NO DECLARADO,xlsx_votos_por_localidad
2007,GENERAL,2007-10-28,PRESIDENTE Y VICE,21,Santa Fe,Castellanos,Colonia Aldao,0120,NULO,nulos,0,NO DECLARADO,xlsx_votos_por_localidad
2007,GENERAL,2007-10-28,PRESIDENTE Y VICE,21,Santa Fe,Castellanos,Colonia Aldao,0120,POSITIVO,positivo,889,NO DECLARADO,xlsx_votos_por_localidad
2007,GENERAL,2007-10-28,PRESIDENTE Y VICE,21,Santa Fe,Castellanos,Colonia Aldao,0120,RAUL ANIBAL CASTELLS-'NINA' PELOZO,agrupacion,6,NO DECLARADO,xlsx_votos_por_localidad
2007,GENERAL,2007-10-28,PRESIDENTE Y VICE,21,Santa Fe,Castellanos,Colonia Aldao,0120,RECURRIDO,recurridos,0,NO DECLARADO,xlsx_votos_por_localidad
2007,GENERAL,2007-10-28,PRESIDENTE Y VICE,21,Santa Fe,Castellanos,Colonia Aldao,0120,RICARDO LOPEZ MURPHY-ESTEBAN BULLRICH,agrupacion,29,NO DECLARADO,xlsx_votos_por_localidad
2007,GENERAL,2007-10-28,PRESIDENTE Y VICE,21,Santa Fe,Castellanos,Colonia Aldao,0120,ROBERTO LAVAGNA-GERARDO R. MORALES,agrupacion,278,NO DECLARADO,xlsx_votos_por_localidad
2007,GENERAL,2007-10-28,PRESIDENTE Y VICE,21,Santa Fe,Castellanos,Colonia Aldao,0120,VILMA RIPOLL-HECTOR BIDONDE,agrupacion,4,NO DECLARADO,xlsx_votos_por_localidad
2007,GENERAL,2007-10-28,PRESIDENTE Y VICE,21,Santa Fe,Castellanos,Frontera,0134A,ALBERTO J. RODRIGUEZ SAA-HECTOR M. MAYA,agrupacion,583,NO DECLARADO,xlsx_votos_por_localidad
2007,GENERAL,2007-10-28,PRESIDENTE Y VICE,21,Santa Fe,Castellanos,Frontera,0134A,CRISTINA E. FERNANDEZ DE KIRCHNER-JULIO C.C. COBOS,agrupacion,1511,NO DECLARADO,xlsx_votos_por_localidad
2007,GENERAL,2007-10-28,PRESIDENTE Y VICE,21,Santa Fe,Castellanos,Frontera,0134A,ELISA M.A. CARRIO-RUBEN HECTOR GIUSTINIANI,agrupacion,718,NO DECLARADO,xlsx_votos_por_localidad
2007,GENERAL,2007-10-28,PRESIDENTE Y VICE,21,Santa Fe,Castellanos,Frontera,0134A,FERNANDO 'PINO' SOLANAS-ANGEL F. CADELLI,agrupacion,20,NO DECLARADO,xlsx_votos_por_localidad
2007,GENERAL,2007-10-28,PRESIDENTE Y VICE,21,Santa Fe,Castellanos,Frontera,0134A,GUSTAVO L. BREIDE OBEID-HECTOR R. VERGARA,agrupacion,0,NO DECLARADO,xlsx_votos_por_localidad
2007,GENERAL,2007-10-28,PRESIDENTE Y VICE,21,Santa Fe,Castellanos,Frontera,0134A,IMPUGNADO,impugnados,0,NO DECLARADO,xlsx_votos_por_localidad
2007,GENERAL,2007-10-28,PRESIDENTE Y VICE,21,Santa Fe,Castellanos,Frontera,0134A,JORGE OMAR SOBISCH-JORGE ASIS,agrupacion,55,NO DECLARADO,xlsx_votos_por_localidad
2007,GENERAL,2007-10-28,PRESIDENTE Y VICE,21,Santa Fe,Castellanos,Frontera,0134A,JOSE A. MONTES-HECTOR A. HEBERLING,agrupacion,16,NO DECLARADO,xlsx_votos_por_localidad
2007,GENERAL,2007-10-28,PRESIDENTE Y VICE,21,Santa Fe,Castellanos,Frontera,0134A,JUAN RICARDO MUSSA-BERNARDO NESPRAL,agrupacion,0,NO DECLARADO,xlsx_votos_por_localidad
2007,GENERAL,2007-10-28,PRESIDENTE Y VICE,21,Santa Fe,Castellanos,Frontera,0134A,LUIS ALBERTO AMMANN-ROGELIO DELEONARDI,agrupacion,23,NO DECLARADO,xlsx_votos_por_localidad
2007,GENERAL,2007-10-28,PRESIDENTE Y VICE,21,Santa Fe,Castellanos,Frontera,0134A,NESTOR A. PITROLA-GABRIELA A. ARROYOS,agrupacion,10,NO DECLARADO,xlsx_votos_por_localidad
2007,GENERAL,2007-10-28,PRESIDENTE Y VICE,21,Santa Fe,Castellanos,Frontera,0134A,NULO,nulos,91,NO DECLARADO,xlsx_votos_por_localidad
2007,GENERAL,2007-10-28,PRESIDENTE Y VICE,21,Santa Fe,Castellanos,Frontera,0134A,POSITIVO,positivo,3975,NO DECLARADO,xlsx_votos_por_localidad
2007,GENERAL,2007-10-28,PRESIDENTE Y VICE,21,Santa Fe,Castellanos,Frontera,0134A,RAUL ANIBAL CASTELLS-'NINA' PELOZO,agrupacion,29,NO DECLARADO,xlsx_votos_por_localidad
2007,GENERAL,2007-10-28,PRESIDENTE Y VICE,21,Santa Fe,Castellanos,Frontera,0134A,RECURRIDO,recurridos,0,NO DECLARADO,xlsx_votos_por_localidad
2007,GENERAL,2007-10-28,PRESIDENTE Y VICE,21,Santa Fe,Castellanos,Frontera,0134A,RICARDO LOPEZ MURPHY-ESTEBAN BULLRICH,agrupacion,60,NO DECLARADO,xlsx_votos_por_localidad
2007,GENERAL,2007-10-28,PRESIDENTE Y VICE,21,Santa Fe,Castellanos,Frontera,0134A,ROBERTO LAVAGNA-GERARDO R. MORALES,agrupacion,940,NO DECLARADO,xlsx_votos_por_localidad
2007,GENERAL,2007-10-28,PRESIDENTE Y VICE,21,Santa Fe,Castellanos,Frontera,0134A,VILMA RIPOLL-HECTOR BIDONDE,agrupacion,10,NO DECLARADO,xlsx_votos_por_localidad
2007,GENERAL,2007-10-28,PRESIDENTE Y VICE,21,Santa Fe,Castellanos,Humberto Primo,0117,ALBERTO J. RODRIGUEZ SAA-HECTOR M. MAYA,agrupacion,466,NO DECLARADO,xlsx_votos_por_localidad
2007,GENERAL,2007-10-28,PRESIDENTE Y VICE,21,Santa Fe,Castellanos,Humberto Primo,0117,CRISTINA E. FERNANDEZ DE KIRCHNER-JULIO C.C. COBOS,agrupacion,815,NO DECLARADO,xlsx_votos_por_localidad
2007,GENERAL,2007-10-28,PRESIDENTE Y VICE,21,Santa Fe,Castellanos,Humberto Primo,0117,ELISA M.A. CARRIO-RUBEN HECTOR GIUSTINIANI,agrupacion,667,NO DECLARADO,xlsx_votos_por_localidad
2007,GENERAL,2007-10-28,PRESIDENTE Y VICE,21,Santa Fe,Castellanos,Humberto Primo,0117,FERNANDO 'PINO' SOLANAS-ANGEL F. CADELLI,agrupacion,11,NO DECLARADO,xlsx_votos_por_localidad
2007,GENERAL,2007-10-28,PRESIDENTE Y VICE,21,Santa Fe,Castellanos,Humberto Primo,0117,GUSTAVO L. BREIDE OBEID-HECTOR R. VERGARA,agrupacion,0,NO DECLARADO,xlsx_votos_por_localidad
2007,GENERAL,2007-10-28,PRESIDENTE Y VICE,21,Santa Fe,Castellanos,Humberto Primo,0117,IMPUGNADO,impugnados,0,NO DECLARADO,xlsx_votos_por_localidad
2007,GENERAL,2007-10-28,PRESIDENTE Y VICE,21,Santa Fe,Castellanos,Humberto Primo,0117,JORGE OMAR SOBISCH-JORGE ASIS,agrupacion,30,NO DECLARADO,xlsx_votos_por_localidad
2007,GENERAL,2007-10-28,PRESIDENTE Y VICE,21,Santa Fe,Castellanos,Humberto Primo,0117,JOSE A. MONTES-HECTOR A. HEBERLING,agrupacion,15,NO DECLARADO,xlsx_votos_por_localidad
2007,GENERAL,2007-10-28,PRESIDENTE Y VICE,21,Santa Fe,Castellanos,Humberto Primo,0117,JUAN RICARDO MUSSA-BERNARDO NESPRAL,agrupacion,0,NO DECLARADO,xlsx_votos_por_localidad
2007,GENERAL,2007-10-28,PRESIDENTE Y VICE,21,Santa Fe,Castellanos,Humberto Primo,0117,LUIS ALBERTO AMMANN-ROGELIO DELEONARDI,agrupacion,7,NO DECLARADO,xlsx_votos_por_localidad
2007,GENERAL,2007-10-28,PRESIDENTE Y VICE,21,Santa Fe,Castellanos,Humberto Primo,0117,NESTOR A. PITROLA-GABRIELA A. ARROYOS,agrupacion,22,NO DECLARADO,xlsx_votos_por_localidad
2007,GENERAL,2007-10-28,PRESIDENTE Y VICE,21,Santa Fe,Castellanos,Humberto Primo,0117,NULO,nulos,0,NO DECLARADO,xlsx_votos_por_localidad
2007,GENERAL,2007-10-28,PRESIDENTE Y VICE,21,Santa Fe,Castellanos,Humberto Primo,0117,POSITIVO,positivo,2908,NO DECLARADO,xlsx_votos_por_localidad
2007,GENERAL,2007-10-28,PRESIDENTE Y VICE,21,Santa Fe,Castellanos,Humberto Primo,0117,RAUL ANIBAL CASTELLS-'NINA' PELOZO,agrupacion,13,NO DECLARADO,xlsx_votos_por_localidad
2007,GENERAL,2007-10-28,PRESIDENTE Y VICE,21,Santa Fe,Castellanos,Humberto Primo,0117,RECURRIDO,recurridos,0,NO DECLARADO,xlsx_votos_por_localidad
2007,GENERAL,2007-10-28,PRESIDENTE Y VICE,21,Santa Fe,Castellanos,Humberto Primo,0117,RICARDO LOPEZ MURPHY-ESTEBAN BULLRICH,agrupacion,31,NO DECLARADO,xlsx_votos_por_localidad
2007,GENERAL,2007-10-28,PRESIDENTE Y VICE,21,Santa Fe,Castellanos,Humberto Primo,0117,ROBERTO LAVAGNA-GERARDO R. MORALES,agrupacion,825,NO DECLARADO,xlsx_votos_por_localidad
2007,GENERAL,2007-10-28,PRESIDENTE Y VICE,21,Santa Fe,Castellanos,Humberto Primo,0117,VILMA RIPOLL-HECTOR BIDONDE,agrupacion,6,NO DECLARADO,xlsx_votos_por_localidad
2007,GENERAL,2007-10-28,PRESIDENTE Y VICE,21,Santa Fe,Castellanos,Josefina,0134,ALBERTO J. RODRIGUEZ SAA-HECTOR M. MAYA,agrupacion,55,NO DECLARADO,xlsx_votos_por_localidad
2007,GENERAL,2007-10-28,PRESIDENTE Y VICE,21,Santa Fe,Castellanos,Josefina,0134,CRISTINA E. FERNANDEZ DE KIRCHNER-JULIO C.C. COBOS,agrupacion,243,NO DECLARADO,xlsx_votos_por_localidad
2007,GENERAL,2007-10-28,PRESIDENTE Y VICE,21,Santa Fe,Castellanos,Josefina,0134,ELISA M.A. CARRIO-RUBEN HECTOR GIUSTINIANI,agrupacion,111,NO DECLARADO,xlsx_votos_por_localidad
2007,GENERAL,2007-10-28,PRESIDENTE Y VICE,21,Santa Fe,Castellanos,Josefina,0134,FERNANDO 'PINO' SOLANAS-ANGEL F. CADELLI,agrupacion,3,NO DECLARADO,xlsx_votos_por_localidad
2007,GENERAL,2007-10-28,PRESIDENTE Y VICE,21,Santa Fe,Castellanos,Josefina,0134,GUSTAVO L. BREIDE OBEID-HECTOR R. VERGARA,agrupacion,0,NO DECLARADO,xlsx_votos_por_localidad
2007,GENERAL,2007-10-28,PRESIDENTE Y VICE,21,Santa Fe,Castellanos,Josefina,0134,IMPUGNADO,impugnados,0,NO DECLARADO,xlsx_votos_por_localidad
2007,GENERAL,2007-10-28,PRESIDENTE Y VICE,21,Santa Fe,Castellanos,Josefina,0134,JORGE OMAR SOBISCH-JORGE ASIS,agrupacion,4,NO DECLARADO,xlsx_votos_por_localidad
2007,GENERAL,2007-10-28,PRESIDENTE Y VICE,21,Santa Fe,Castellanos,Josefina,0134,JOSE A. MONTES-HECTOR A. HEBERLING,agrupacion,0,NO DECLARADO,xlsx_votos_por_localidad
2007,GENERAL,2007-10-28,PRESIDENTE Y VICE,21,Santa Fe,Castellanos,Josefina,0134,JUAN RICARDO MUSSA-BERNARDO NESPRAL,agrupacion,0,NO DECLARADO,xlsx_votos_por_localidad
2007,GENERAL,2007-10-28,PRESIDENTE Y VICE,21,Santa Fe,Castellanos,Josefina,0134,LUIS ALBERTO AMMANN-ROGELIO DELEONARDI,agrupacion,1,NO DECLARADO,xlsx_votos_por_localidad
2007,GENERAL,2007-10-28,PRESIDENTE Y VICE,21,Santa Fe,Castellanos,Josefina,0134,NESTOR A. PITROLA-GABRIELA A. ARROYOS,agrupacion,1,NO DECLARADO,xlsx_votos_por_localidad
2007,GENERAL,2007-10-28,PRESIDENTE Y VICE,21,Santa Fe,Castellanos,Josefina,0134,NULO,nulos,0,NO DECLARADO,xlsx_votos_por_localidad
2007,GENERAL,2007-10-28,PRESIDENTE Y VICE,21,Santa Fe,Castellanos,Josefina,0134,POSITIVO,positivo,674,NO DECLARADO,xlsx_votos_por_localidad
2007,GENERAL,2007-10-28,PRESIDENTE Y VICE,21,Santa Fe,Castellanos,Josefina,0134,RAUL ANIBAL CASTELLS-'NINA' PELOZO,agrupacion,4,NO DECLARADO,xlsx_votos_por_localidad
2007,GENERAL,2007-10-28,PRESIDENTE Y VICE,21,Santa Fe,Castellanos,Josefina,0134,RECURRIDO,recurridos,0,NO DECLARADO,xlsx_votos_por_localidad
2007,GENERAL,2007-10-28,PRESIDENTE Y VICE,21,Santa Fe,Castellanos,Josefina,0134,RICARDO LOPEZ MURPHY-ESTEBAN BULLRICH,agrupacion,6,NO DECLARADO,xlsx_votos_por_localidad
2007,GENERAL,2007-10-28,PRESIDENTE Y VICE,21,Santa Fe,Castellanos,Josefina,0134,ROBERTO LAVAGNA-GERARDO R. MORALES,agrupacion,246,NO DECLARADO,xlsx_votos_por_localidad
2007,GENERAL,2007-10-28,PRESIDENTE Y VICE,21,Santa Fe,Castellanos,Josefina,0134,VILMA RIPOLL-HECTOR BIDONDE,agrupacion,0,NO DECLARADO,xlsx_votos_por_localidad
2007,GENERAL,2007-10-28,PRESIDENTE Y VICE,21,Santa Fe,Castellanos,Lehmann,0123,ALBERTO J. RODRIGUEZ SAA-HECTOR M. MAYA,agrupacion,136,NO DECLARADO,xlsx_votos_por_localidad
2007,GENERAL,2007-10-28,PRESIDENTE Y VICE,21,Santa Fe,Castellanos,Lehmann,0123,CRISTINA E. FERNANDEZ DE KIRCHNER-JULIO C.C. COBOS,agrupacion,784,NO DECLARADO,xlsx_votos_por_localidad
2007,GENERAL,2007-10-28,PRESIDENTE Y VICE,21,Santa Fe,Castellanos,Lehmann,0123,ELISA M.A. CARRIO-RUBEN HECTOR GIUSTINIANI,agrupacion,252,NO DECLARADO,xlsx_votos_por_localidad
2007,GENERAL,2007-10-28,PRESIDENTE Y VICE,21,Santa Fe,Castellanos,Lehmann,0123,FERNANDO 'PINO' SOLANAS-ANGEL F. CADELLI,agrupacion,13,NO DECLARADO,xlsx_votos_por_localidad
2007,GENERAL,2007-10-28,PRESIDENTE Y VICE,21,Santa Fe,Castellanos,Lehmann,0123,GUSTAVO L. BREIDE OBEID-HECTOR R. VERGARA,agrupacion,0,NO DECLARADO,xlsx_votos_por_localidad
2007,GENERAL,2007-10-28,PRESIDENTE Y VICE,21,Santa Fe,Castellanos,Lehmann,0123,IMPUGNADO,impugnados,0,NO DECLARADO,xlsx_votos_por_localidad
2007,GENERAL,2007-10-28,PRESIDENTE Y VICE,21,Santa Fe,Castellanos,Lehmann,0123,JORGE OMAR SOBISCH-JORGE ASIS,agrupacion,19,NO DECLARADO,xlsx_votos_por_localidad
2007,GENERAL,2007-10-28,PRESIDENTE Y VICE,21,Santa Fe,Castellanos,Lehmann,0123,JOSE A. MONTES-HECTOR A. HEBERLING,agrupacion,2,NO DECLARADO,xlsx_votos_por_localidad
2007,GENERAL,2007-10-28,PRESIDENTE Y VICE,21,Santa Fe,Castellanos,Lehmann,0123,JUAN RICARDO MUSSA-BERNARDO NESPRAL,agrupacion,0,NO DECLARADO,xlsx_votos_por_localidad
2007,GENERAL,2007-10-28,PRESIDENTE Y VICE,21,Santa Fe,Castellanos,Lehmann,0123,LUIS ALBERTO AMMANN-ROGELIO DELEONARDI,agrupacion,2,NO DECLARADO,xlsx_votos_por_localidad
2007,GENERAL,2007-10-28,PRESIDENTE Y VICE,21,Santa Fe,Castellanos,Lehmann,0123,NESTOR A. PITROLA-GABRIELA A. ARROYOS,agrupacion,16,NO DECLARADO,xlsx_votos_por_localidad
2007,GENERAL,2007-10-28,PRESIDENTE Y VICE,21,Santa Fe,Castellanos,Lehmann,0123,NULO,nulos,8,NO DECLARADO,xlsx_votos_por_localidad
2007,GENERAL,2007-10-28,PRESIDENTE Y VICE,21,Santa Fe,Castellanos,Lehmann,0123,POSITIVO,positivo,1593,NO DECLARADO,xlsx_votos_por_localidad
2007,GENERAL,2007-10-28,PRESIDENTE Y VICE,21,Santa Fe,Castellanos,Lehmann,0123,RAUL ANIBAL CASTELLS-'NINA' PELOZO,agrupacion,6,NO DECLARADO,xlsx_votos_por_localidad
2007,GENERAL,2007-10-28,PRESIDENTE Y VICE,21,Santa Fe,Castellanos,Lehmann,0123,RECURRIDO,recurridos,0,NO DECLARADO,xlsx_votos_por_localidad
2007,GENERAL,2007-10-28,PRESIDENTE Y VICE,21,Santa Fe,Castellanos,Lehmann,0123,RICARDO LOPEZ MURPHY-ESTEBAN BULLRICH,agrupacion,19,NO DECLARADO,xlsx_votos_por_localidad
2007,GENERAL,2007-10-28,PRESIDENTE Y VICE,21,Santa Fe,Castellanos,Lehmann,0123,ROBERTO LAVAGNA-GERARDO R. MORALES,agrupacion,338,NO DECLARADO,xlsx_votos_por_localidad
2007,GENERAL,2007-10-28,PRESIDENTE Y VICE,21,Santa Fe,Castellanos,Lehmann,0123,VILMA RIPOLL-HECTOR BIDONDE,agrupacion,6,NO DECLARADO,xlsx_votos_por_localidad
2007,GENERAL,2007-10-28,PRESIDENTE Y VICE,21,Santa Fe,Castellanos,María Juana,0140,ALBERTO J. RODRIGUEZ SAA-HECTOR M. MAYA,agrupacion,234,NO DECLARADO,xlsx_votos_por_localidad
2007,GENERAL,2007-10-28,PRESIDENTE Y VICE,21,Santa Fe,Castellanos,María Juana,0140,CRISTINA E. FERNANDEZ DE KIRCHNER-JULIO C.C. COBOS,agrupacion,1108,NO DECLARADO,xlsx_votos_por_localidad
2007,GENERAL,2007-10-28,PRESIDENTE Y VICE,21,Santa Fe,Castellanos,María Juana,0140,ELISA M.A. CARRIO-RUBEN HECTOR GIUSTINIANI,agrupacion,511,NO DECLARADO,xlsx_votos_por_localidad
2007,GENERAL,2007-10-28,PRESIDENTE Y VICE,21,Santa Fe,Castellanos,María Juana,0140,FERNANDO 'PINO' SOLANAS-ANGEL F. CADELLI,agrupacion,83,NO DECLARADO,xlsx_votos_por_localidad
2007,GENERAL,2007-10-28,PRESIDENTE Y VICE,21,Santa Fe,Castellanos,María Juana,0140,GUSTAVO L. BREIDE OBEID-HECTOR R. VERGARA,agrupacion,0,NO DECLARADO,xlsx_votos_por_localidad
2007,GENERAL,2007-10-28,PRESIDENTE Y VICE,21,Santa Fe,Castellanos,María Juana,0140,IMPUGNADO,impugnados,17,NO DECLARADO,xlsx_votos_por_localidad
2007,GENERAL,2007-10-28,PRESIDENTE Y VICE,21,Santa Fe,Castellanos,María Juana,0140,JORGE OMAR SOBISCH-JORGE ASIS,agrupacion,32,NO DECLARADO,xlsx_votos_por_localidad
2007,GENERAL,2007-10-28,PRESIDENTE Y VICE,21,Santa Fe,Castellanos,María Juana,0140,JOSE A. MONTES-HECTOR A. HEBERLING,agrupacion,13,NO DECLARADO,xlsx_votos_por_localidad
2007,GENERAL,2007-10-28,PRESIDENTE Y VICE,21,Santa Fe,Castellanos,María Juana,0140,JUAN RICARDO MUSSA-BERNARDO NESPRAL,agrupacion,1,NO DECLARADO,xlsx_votos_por_localidad
2007,GENERAL,2007-10-28,PRESIDENTE Y VICE,21,Santa Fe,Castellanos,María Juana,0140,LUIS ALBERTO AMMANN-ROGELIO DELEONARDI,agrupacion,11,NO DECLARADO,xlsx_votos_por_localidad
2007,GENERAL,2007-10-28,PRESIDENTE Y VICE,21,Santa Fe,Castellanos,María Juana,0140,NESTOR A. PITROLA-GABRIELA A. ARROYOS,agrupacion,10,NO DECLARADO,xlsx_votos_por_localidad
2007,GENERAL,2007-10-28,PRESIDENTE Y VICE,21,Santa Fe,Castellanos,María Juana,0140,NULO,nulos,30,NO DECLARADO,xlsx_votos_por_localidad
2007,GENERAL,2007-10-28,PRESIDENTE Y VICE,21,Santa Fe,Castellanos,María Juana,0140,POSITIVO,positivo,2910,NO DECLARADO,xlsx_votos_por_localidad
2007,GENERAL,2007-10-28,PRESIDENTE Y VICE,21,Santa Fe,Castellanos,María Juana,0140,RAUL ANIBAL CASTELLS-'NINA' PELOZO,agrupacion,7,NO DECLARADO,xlsx_votos_por_localidad
2007,GENERAL,2007-10-28,PRESIDENTE Y VICE,21,Santa Fe,Castellanos,María Juana,0140,RECURRIDO,recurridos,1,NO DECLARADO,xlsx_votos_por_localidad
2007,GENERAL,2007-10-28,PRESIDENTE Y VICE,21,Santa Fe,Castellanos,María Juana,0140,RICARDO LOPEZ MURPHY-ESTEBAN BULLRICH,agrupacion,31,NO DECLARADO,xlsx_votos_por_localidad
2007,GENERAL,2007-10-28,PRESIDENTE Y VICE,21,Santa Fe,Castellanos,María Juana,0140,ROBERTO LAVAGNA-GERARDO R. MORALES,agrupacion,857,NO DECLARADO,xlsx_votos_por_localidad
2007,GENERAL,2007-10-28,PRESIDENTE Y VICE,21,Santa Fe,Castellanos,María Juana,0140,VILMA RIPOLL-HECTOR BIDONDE,agrupacion,12,NO DECLARADO,xlsx_votos_por_localidad
2007,GENERAL,2007-10-28,PRESIDENTE Y VICE,21,Santa Fe,Castellanos,Ramona,0124,ALBERTO J. RODRIGUEZ SAA-HECTOR M. MAYA,agrupacion,80,NO DECLARADO,xlsx_votos_por_localidad
2007,GENERAL,2007-10-28,PRESIDENTE Y VICE,21,Santa Fe,Castellanos,Ramona,0124,CRISTINA E. FERNANDEZ DE KIRCHNER-JULIO C.C. COBOS,agrupacion,376,NO DECLARADO,xlsx_votos_por_localidad
2007,GENERAL,2007-10-28,PRESIDENTE Y VICE,21,Santa Fe,Castellanos,Ramona,0124,ELISA M.A. CARRIO-RUBEN HECTOR GIUSTINIANI,agrupacion,285,NO DECLARADO,xlsx_votos_por_localidad
2007,GENERAL,2007-10-28,PRESIDENTE Y VICE,21,Santa Fe,Castellanos,Ramona,0124,FERNANDO 'PINO' SOLANAS-ANGEL F. CADELLI,agrupacion,10,NO DECLARADO,xlsx_votos_por_localidad
2007,GENERAL,2007-10-28,PRESIDENTE Y VICE,21,Santa Fe,Castellanos,Ramona,0124,GUSTAVO L. BREIDE OBEID-HECTOR R. VERGARA,agrupacion,0,NO DECLARADO,xlsx_votos_por_localidad
2007,GENERAL,2007-10-28,PRESIDENTE Y VICE,21,Santa Fe,Castellanos,Ramona,0124,IMPUGNADO,impugnados,0,NO DECLARADO,xlsx_votos_por_localidad
2007,GENERAL,2007-10-28,PRESIDENTE Y VICE,21,Santa Fe,Castellanos,Ramona,0124,JORGE OMAR SOBISCH-JORGE ASIS,agrupacion,17,NO DECLARADO,xlsx_votos_por_localidad
2007,GENERAL,2007-10-28,PRESIDENTE Y VICE,21,Santa Fe,Castellanos,Ramona,0124,JOSE A. MONTES-HECTOR A. HEBERLING,agrupacion,1,NO DECLARADO,xlsx_votos_por_localidad
2007,GENERAL,2007-10-28,PRESIDENTE Y VICE,21,Santa Fe,Castellanos,Ramona,0124,JUAN RICARDO MUSSA-BERNARDO NESPRAL,agrupacion,0,NO DECLARADO,xlsx_votos_por_localidad
2007,GENERAL,2007-10-28,PRESIDENTE Y VICE,21,Santa Fe,Castellanos,Ramona,0124,LUIS ALBERTO AMMANN-ROGELIO DELEONARDI,agrupacion,2,NO DECLARADO,xlsx_votos_por_localidad
2007,GENERAL,2007-10-28,PRESIDENTE Y VICE,21,Santa Fe,Castellanos,Ramona,0124,NESTOR A. PITROLA-GABRIELA A. ARROYOS,agrupacion,3,NO DECLARADO,xlsx_votos_por_localidad
2007,GENERAL,2007-10-28,PRESIDENTE Y VICE,21,Santa Fe,Castellanos,Ramona,0124,NULO,nulos,15,NO DECLARADO,xlsx_votos_por_localidad
2007,GENERAL,2007-10-28,PRESIDENTE Y VICE,21,Santa Fe,Castellanos,Ramona,0124,POSITIVO,positivo,1119,NO DECLARADO,xlsx_votos_por_localidad
2007,GENERAL,2007-10-28,PRESIDENTE Y VICE,21,Santa Fe,Castellanos,Ramona,0124,RAUL ANIBAL CASTELLS-'NINA' PELOZO,agrupacion,3,NO DECLARADO,xlsx_votos_por_localidad
2007,GENERAL,2007-10-28,PRESIDENTE Y VICE,21,Santa Fe,Castellanos,Ramona,0124,RECURRIDO,recurridos,0,NO DECLARADO,xlsx_votos_por_localidad
2007,GENERAL,2007-10-28,PRESIDENTE Y VICE,21,Santa Fe,Castellanos,Ramona,0124,RICARDO LOPEZ MURPHY-ESTEBAN BULLRICH,agrupacion,16,NO DECLARADO,xlsx_votos_por_localidad
2007,GENERAL,2007-10-28,PRESIDENTE Y VICE,21,Santa Fe,Castellanos,Ramona,0124,ROBERTO LAVAGNA-GERARDO R. MORALES,agrupacion,321,NO DECLARADO,xlsx_votos_por_localidad
2007,GENERAL,2007-10-28,PRESIDENTE Y VICE,21,Santa Fe,Castellanos,Ramona,0124,VILMA RIPOLL-HECTOR BIDONDE,agrupacion,5,NO DECLARADO,xlsx_votos_por_localidad
2007,GENERAL,2007-10-28,PRESIDENTE Y VICE,21,Santa Fe,Castellanos,San Vicente,0142,ALBERTO J. RODRIGUEZ SAA-HECTOR M. MAYA,agrupacion,373,NO DECLARADO,xlsx_votos_por_localidad
2007,GENERAL,2007-10-28,PRESIDENTE Y VICE,21,Santa Fe,Castellanos,San Vicente,0142,CRISTINA E. FERNANDEZ DE KIRCHNER-JULIO C.C. COBOS,agrupacion,1196,NO DECLARADO,xlsx_votos_por_localidad
2007,GENERAL,2007-10-28,PRESIDENTE Y VICE,21,Santa Fe,Castellanos,San Vicente,0142,ELISA M.A. CARRIO-RUBEN HECTOR GIUSTINIANI,agrupacion,869,NO DECLARADO,xlsx_votos_por_localidad
2007,GENERAL,2007-10-28,PRESIDENTE Y VICE,21,Santa Fe,Castellanos,San Vicente,0142,FERNANDO 'PINO' SOLANAS-ANGEL F. CADELLI,agrupacion,28,NO DECLARADO,xlsx_votos_por_localidad
2007,GENERAL,2007-10-28,PRESIDENTE Y VICE,21,Santa Fe,Castellanos,San Vicente,0142,GUSTAVO L. BREIDE OBEID-HECTOR R. VERGARA,agrupacion,0,NO DECLARADO,xlsx_votos_por_localidad
2007,GENERAL,2007-10-28,PRESIDENTE Y VICE,21,Santa Fe,Castellanos,San Vicente,0142,IMPUGNADO,impugnados,0,NO DECLARADO,xlsx_votos_por_localidad
2007,GENERAL,2007-10-28,PRESIDENTE Y VICE,21,Santa Fe,Castellanos,San Vicente,0142,JORGE OMAR SOBISCH-JORGE ASIS,agrupacion,37,NO DECLARADO,xlsx_votos_por_localidad
2007,GENERAL,2007-10-28,PRESIDENTE Y VICE,21,Santa Fe,Castellanos,San Vicente,0142,JOSE A. MONTES-HECTOR A. HEBERLING,agrupacion,8,NO DECLARADO,xlsx_votos_por_localidad
2007,GENERAL,2007-10-28,PRESIDENTE Y VICE,21,Santa Fe,Castellanos,San Vicente,0142,JUAN RICARDO MUSSA-BERNARDO NESPRAL,agrupacion,0,NO DECLARADO,xlsx_votos_por_localidad
2007,GENERAL,2007-10-28,PRESIDENTE Y VICE,21,Santa Fe,Castellanos,San Vicente,0142,LUIS ALBERTO AMMANN-ROGELIO DELEONARDI,agrupacion,9,NO DECLARADO,xlsx_votos_por_localidad
2007,GENERAL,2007-10-28,PRESIDENTE Y VICE,21,Santa Fe,Castellanos,San Vicente,0142,NESTOR A. PITROLA-GABRIELA A. ARROYOS,agrupacion,8,NO DECLARADO,xlsx_votos_por_localidad
2007,GENERAL,2007-10-28,PRESIDENTE Y VICE,21,Santa Fe,Castellanos,San Vicente,0142,NULO,nulos,0,NO DECLARADO,xlsx_votos_por_localidad
2007,GENERAL,2007-10-28,PRESIDENTE Y VICE,21,Santa Fe,Castellanos,San Vicente,0142,POSITIVO,positivo,3752,NO DECLARADO,xlsx_votos_por_localidad
2007,GENERAL,2007-10-28,PRESIDENTE Y VICE,21,Santa Fe,Castellanos,San Vicente,0142,RAUL ANIBAL CASTELLS-'NINA' PELOZO,agrupacion,9,NO DECLARADO,xlsx_votos_por_localidad
2007,GENERAL,2007-10-28,PRESIDENTE Y VICE,21,Santa Fe,Castellanos,San Vicente,0142,RECURRIDO,recurridos,0,NO DECLARADO,xlsx_votos_por_localidad
2007,GENERAL,2007-10-28,PRESIDENTE Y VICE,21,Santa Fe,Castellanos,San Vicente,0142,RICARDO LOPEZ MURPHY-ESTEBAN BULLRICH,agrupacion,75,NO DECLARADO,xlsx_votos_por_localidad
2007,GENERAL,2007-10-28,PRESIDENTE Y VICE,21,Santa Fe,Castellanos,San Vicente,0142,ROBERTO LAVAGNA-GERARDO R. MORALES,agrupacion,1128,NO DECLARADO,xlsx_votos_por_localidad
2007,GENERAL,2007-10-28,PRESIDENTE Y VICE,21,Santa Fe,Castellanos,San Vicente,0142,VILMA RIPOLL-HECTOR BIDONDE,agrupacion,12,NO DECLARADO,xlsx_votos_por_localidad
2007,GENERAL,2007-10-28,PRESIDENTE Y VICE,21,Santa Fe,Castellanos,Santa Clara de Saguier,0130,ALBERTO J. RODRIGUEZ SAA-HECTOR M. MAYA,agrupacion,167,NO DECLARADO,xlsx_votos_por_localidad
2007,GENERAL,2007-10-28,PRESIDENTE Y VICE,21,Santa Fe,Castellanos,Santa Clara de Saguier,0130,CRISTINA E. FERNANDEZ DE KIRCHNER-JULIO C.C. COBOS,agrupacion,430,NO DECLARADO,xlsx_votos_por_localidad
2007,GENERAL,2007-10-28,PRESIDENTE Y VICE,21,Santa Fe,Castellanos,Santa Clara de Saguier,0130,ELISA M.A. CARRIO-RUBEN HECTOR GIUSTINIANI,agrupacion,371,NO DECLARADO,xlsx_votos_por_localidad
2007,GENERAL,2007-10-28,PRESIDENTE Y VICE,21,Santa Fe,Castellanos,Santa Clara de Saguier,0130,FERNANDO 'PINO' SOLANAS-ANGEL F. CADELLI,agrupacion,11,NO DECLARADO,xlsx_votos_por_localidad
2007,GENERAL,2007-10-28,PRESIDENTE Y VICE,21,Santa Fe,Castellanos,Santa Clara de Saguier,0130,GUSTAVO L. BREIDE OBEID-HECTOR R. VERGARA,agrupacion,0,NO DECLARADO,xlsx_votos_por_localidad
2007,GENERAL,2007-10-28,PRESIDENTE Y VICE,21,Santa Fe,Castellanos,Santa Clara de Saguier,0130,IMPUGNADO,impugnados,0,NO DECLARADO,xlsx_votos_por_localidad
2007,GENERAL,2007-10-28,PRESIDENTE Y VICE,21,Santa Fe,Castellanos,Santa Clara de Saguier,0130,JORGE OMAR SOBISCH-JORGE ASIS,agrupacion,20,NO DECLARADO,xlsx_votos_por_localidad
2007,GENERAL,2007-10-28,PRESIDENTE Y VICE,21,Santa Fe,Castellanos,Santa Clara de Saguier,0130,JOSE A. MONTES-HECTOR A. HEBERLING,agrupacion,7,NO DECLARADO,xlsx_votos_por_localidad
2007,GENERAL,2007-10-28,PRESIDENTE Y VICE,21,Santa Fe,Castellanos,Santa Clara de Saguier,0130,JUAN RICARDO MUSSA-BERNARDO NESPRAL,agrupacion,1,NO DECLARADO,xlsx_votos_por_localidad
2007,GENERAL,2007-10-28,PRESIDENTE Y VICE,21,Santa Fe,Castellanos,Santa Clara de Saguier,0130,LUIS ALBERTO AMMANN-ROGELIO DELEONARDI,agrupacion,5,NO DECLARADO,xlsx_votos_por_localidad
2007,GENERAL,2007-10-28,PRESIDENTE Y VICE,21,Santa Fe,Castellanos,Santa Clara de Saguier,0130,NESTOR A. PITROLA-GABRIELA A. ARROYOS,agrupacion,7,NO DECLARADO,xlsx_votos_por_localidad
2007,GENERAL,2007-10-28,PRESIDENTE Y VICE,21,Santa Fe,Castellanos,Santa Clara de Saguier,0130,NULO,nulos,4,NO DECLARADO,xlsx_votos_por_localidad
2007,GENERAL,2007-10-28,PRESIDENTE Y VICE,21,Santa Fe,Castellanos,Santa Clara de Saguier,0130,POSITIVO,positivo,1383,NO DECLARADO,xlsx_votos_por_localidad
2007,GENERAL,2007-10-28,PRESIDENTE Y VICE,21,Santa Fe,Castellanos,Santa Clara de Saguier,0130,RAUL ANIBAL CASTELLS-'NINA' PELOZO,agrupacion,1,NO DECLARADO,xlsx_votos_por_localidad
2007,GENERAL,2007-10-28,PRESIDENTE Y VICE,21,Santa Fe,Castellanos,Santa Clara de Saguier,0130,RECURRIDO,recurridos,0,NO DECLARADO,xlsx_votos_por_localidad
2007,GENERAL,2007-10-28,PRESIDENTE Y VICE,21,Santa Fe,Castellanos,Santa Clara de Saguier,0130,RICARDO LOPEZ MURPHY-ESTEBAN BULLRICH,agrupacion,17,NO DECLARADO,xlsx_votos_por_localidad
2007,GENERAL,2007-10-28,PRESIDENTE Y VICE,21,Santa Fe,Castellanos,Santa Clara de Saguier,0130,ROBERTO LAVAGNA-GERARDO R. MORALES,agrupacion,340,NO DECLARADO,xlsx_votos_por_localidad
2007,GENERAL,2007-10-28,PRESIDENTE Y VICE,21,Santa Fe,Castellanos,Santa Clara de Saguier,0130,VILMA RIPOLL-HECTOR BIDONDE,agrupacion,6,NO DECLARADO,xlsx_votos_por_localidad
2007,GENERAL,2007-10-28,PRESIDENTE Y VICE,21,Santa Fe,Castellanos,Sunchales,0118,ALBERTO J. RODRIGUEZ SAA-HECTOR M. MAYA,agrupacion,911,NO DECLARADO,xlsx_votos_por_localidad
2007,GENERAL,2007-10-28,PRESIDENTE Y VICE,21,Santa Fe,Castellanos,Sunchales,0118,CRISTINA E. FERNANDEZ DE KIRCHNER-JULIO C.C. COBOS,agrupacion,4284,NO DECLARADO,xlsx_votos_por_localidad
2007,GENERAL,2007-10-28,PRESIDENTE Y VICE,21,Santa Fe,Castellanos,Sunchales,0118,ELISA M.A. CARRIO-RUBEN HECTOR GIUSTINIANI,agrupacion,2351,NO DECLARADO,xlsx_votos_por_localidad
2007,GENERAL,2007-10-28,PRESIDENTE Y VICE,21,Santa Fe,Castellanos,Sunchales,0118,FERNANDO 'PINO' SOLANAS-ANGEL F. CADELLI,agrupacion,112,NO DECLARADO,xlsx_votos_por_localidad
2007,GENERAL,2007-10-28,PRESIDENTE Y VICE,21,Santa Fe,Castellanos,Sunchales,0118,GUSTAVO L. BREIDE OBEID-HECTOR R. VERGARA,agrupacion,0,NO DECLARADO,xlsx_votos_por_localidad
2007,GENERAL,2007-10-28,PRESIDENTE Y VICE,21,Santa Fe,Castellanos,Sunchales,0118,IMPUGNADO,impugnados,0,NO DECLARADO,xlsx_votos_por_localidad
2007,GENERAL,2007-10-28,PRESIDENTE Y VICE,21,Santa Fe,Castellanos,Sunchales,0118,JORGE OMAR SOBISCH-JORGE ASIS,agrupacion,97,NO DECLARADO,xlsx_votos_por_localidad
2007,GENERAL,2007-10-28,PRESIDENTE Y VICE,21,Santa Fe,Castellanos,Sunchales,0118,JOSE A. MONTES-HECTOR A. HEBERLING,agrupacion,24,NO DECLARADO,xlsx_votos_por_localidad
2007,GENERAL,2007-10-28,PRESIDENTE Y VICE,21,Santa Fe,Castellanos,Sunchales,0118,JUAN RICARDO MUSSA-BERNARDO NESPRAL,agrupacion,1,NO DECLARADO,xlsx_votos_por_localidad
2007,GENERAL,2007-10-28,PRESIDENTE Y VICE,21,Santa Fe,Castellanos,Sunchales,0118,LUIS ALBERTO AMMANN-ROGELIO DELEONARDI,agrupacion,32,NO DECLARADO,xlsx_votos_por_localidad
2007,GENERAL,2007-10-28,PRESIDENTE Y VICE,21,Santa Fe,Castellanos,Sunchales,0118,NESTOR A. PITROLA-GABRIELA A. ARROYOS,agrupacion,38,NO DECLARADO,xlsx_votos_por_localidad
2007,GENERAL,2007-10-28,PRESIDENTE Y VICE,21,Santa Fe,Castellanos,Sunchales,0118,NULO,nulos,79,NO DECLARADO,xlsx_votos_por_localidad
2007,GENERAL,2007-10-28,PRESIDENTE Y VICE,21,Santa Fe,Castellanos,Sunchales,0118,POSITIVO,positivo,11293,NO DECLARADO,xlsx_votos_por_localidad
2007,GENERAL,2007-10-28,PRESIDENTE Y VICE,21,Santa Fe,Castellanos,Sunchales,0118,RAUL ANIBAL CASTELLS-'NINA' PELOZO,agrupacion,36,NO DECLARADO,xlsx_votos_por_localidad
2007,GENERAL,2007-10-28,PRESIDENTE Y VICE,21,Santa Fe,Castellanos,Sunchales,0118,RECURRIDO,recurridos,352,NO DECLARADO,xlsx_votos_por_localidad
2007,GENERAL,2007-10-28,PRESIDENTE Y VICE,21,Santa Fe,Castellanos,Sunchales,0118,RICARDO LOPEZ MURPHY-ESTEBAN BULLRICH,agrupacion,170,NO DECLARADO,xlsx_votos_por_localidad
2007,GENERAL,2007-10-28,PRESIDENTE Y VICE,21,Santa Fe,Castellanos,Sunchales,0118,ROBERTO LAVAGNA-GERARDO R. MORALES,agrupacion,3213,NO DECLARADO,xlsx_votos_por_localidad
2007,GENERAL,2007-10-28,PRESIDENTE Y VICE,21,Santa Fe,Castellanos,Sunchales,0118,VILMA RIPOLL-HECTOR BIDONDE,agrupacion,24,NO DECLARADO,xlsx_votos_por_localidad
2007,GENERAL,2007-10-28,PRESIDENTE Y VICE,21,Santa Fe,Castellanos,Zenón Pereyra,0138,ALBERTO J. RODRIGUEZ SAA-HECTOR M. MAYA,agrupacion,78,NO DECLARADO,xlsx_votos_por_localidad
2007,GENERAL,2007-10-28,PRESIDENTE Y VICE,21,Santa Fe,Castellanos,Zenón Pereyra,0138,CRISTINA E. FERNANDEZ DE KIRCHNER-JULIO C.C. COBOS,agrupacion,459,NO DECLARADO,xlsx_votos_por_localidad
2007,GENERAL,2007-10-28,PRESIDENTE Y VICE,21,Santa Fe,Castellanos,Zenón Pereyra,0138,ELISA M.A. CARRIO-RUBEN HECTOR GIUSTINIANI,agrupacion,323,NO DECLARADO,xlsx_votos_por_localidad
2007,GENERAL,2007-10-28,PRESIDENTE Y VICE,21,Santa Fe,Castellanos,Zenón Pereyra,0138,FERNANDO 'PINO' SOLANAS-ANGEL F. CADELLI,agrupacion,5,NO DECLARADO,xlsx_votos_por_localidad
2007,GENERAL,2007-10-28,PRESIDENTE Y VICE,21,Santa Fe,Castellanos,Zenón Pereyra,0138,GUSTAVO L. BREIDE OBEID-HECTOR R. VERGARA,agrupacion,0,NO DECLARADO,xlsx_votos_por_localidad
2007,GENERAL,2007-10-28,PRESIDENTE Y VICE,21,Santa Fe,Castellanos,Zenón Pereyra,0138,IMPUGNADO,impugnados,0,NO DECLARADO,xlsx_votos_por_localidad
2007,GENERAL,2007-10-28,PRESIDENTE Y VICE,21,Santa Fe,Castellanos,Zenón Pereyra,0138,JORGE OMAR SOBISCH-JORGE ASIS,agrupacion,5,NO DECLARADO,xlsx_votos_por_localidad
2007,GENERAL,2007-10-28,PRESIDENTE Y VICE,21,Santa Fe,Castellanos,Zenón Pereyra,0138,JOSE A. MONTES-HECTOR A. HEBERLING,agrupacion,2,NO DECLARADO,xlsx_votos_por_localidad
2007,GENERAL,2007-10-28,PRESIDENTE Y VICE,21,Santa Fe,Castellanos,Zenón Pereyra,0138,JUAN RICARDO MUSSA-BERNARDO NESPRAL,agrupacion,0,NO DECLARADO,xlsx_votos_por_localidad
2007,GENERAL,2007-10-28,PRESIDENTE Y VICE,21,Santa Fe,Castellanos,Zenón Pereyra,0138,LUIS ALBERTO AMMANN-ROGELIO DELEONARDI,agrupacion,2,NO DECLARADO,xlsx_votos_por_localidad
2007,GENERAL,2007-10-28,PRESIDENTE Y VICE,21,Santa Fe,Castellanos,Zenón Pereyra,0138,NESTOR A. PITROLA-GABRIELA A. ARROYOS,agrupacion,3,NO DECLARADO,xlsx_votos_por_localidad
2007,GENERAL,2007-10-28,PRESIDENTE Y VICE,21,Santa Fe,Castellanos,Zenón Pereyra,0138,NULO,nulos,10,NO DECLARADO,xlsx_votos_por_localidad
2007,GENERAL,2007-10-28,PRESIDENTE Y VICE,21,Santa Fe,Castellanos,Zenón Pereyra,0138,POSITIVO,positivo,1158,NO DECLARADO,xlsx_votos_por_localidad
2007,GENERAL,2007-10-28,PRESIDENTE Y VICE,21,Santa Fe,Castellanos,Zenón Pereyra,0138,RAUL ANIBAL CASTELLS-'NINA' PELOZO,agrupacion,5,NO DECLARADO,xlsx_votos_por_localidad
2007,GENERAL,2007-10-28,PRESIDENTE Y VICE,21,Santa Fe,Castellanos,Zenón Pereyra,0138,RECURRIDO,recurridos,0,NO DECLARADO,xlsx_votos_por_localidad
2007,GENERAL,2007-10-28,PRESIDENTE Y VICE,21,Santa Fe,Castellanos,Zenón Pereyra,0138,RICARDO LOPEZ MURPHY-ESTEBAN BULLRICH,agrupacion,15,NO DECLARADO,xlsx_votos_por_localidad
2007,GENERAL,2007-10-28,PRESIDENTE Y VICE,21,Santa Fe,Castellanos,Zenón Pereyra,0138,ROBERTO LAVAGNA-GERARDO R. MORALES,agrupacion,260,NO DECLARADO,xlsx_votos_por_localidad
2007,GENERAL,2007-10-28,PRESIDENTE Y VICE,21,Santa Fe,Castellanos,Zenón Pereyra,0138,VILMA RIPOLL-HECTOR BIDONDE,agrupacion,1,NO DECLARADO,xlsx_votos_por_localidad
2007,GENERAL,2007-10-28,PRESIDENTE Y VICE,21,Santa Fe,Las Colonias,Esperanza,0055,ALBERTO J. RODRIGUEZ SAA-HECTOR M. MAYA,agrupacion,954,NO DECLARADO,xlsx_votos_por_localidad
2007,GENERAL,2007-10-28,PRESIDENTE Y VICE,21,Santa Fe,Las Colonias,Esperanza,0055,CRISTINA E. FERNANDEZ DE KIRCHNER-JULIO C.C. COBOS,agrupacion,7758,NO DECLARADO,xlsx_votos_por_localidad
2007,GENERAL,2007-10-28,PRESIDENTE Y VICE,21,Santa Fe,Las Colonias,Esperanza,0055,ELISA M.A. CARRIO-RUBEN HECTOR GIUSTINIANI,agrupacion,4683,NO DECLARADO,xlsx_votos_por_localidad
2007,GENERAL,2007-10-28,PRESIDENTE Y VICE,21,Santa Fe,Las Colonias,Esperanza,0055,FERNANDO 'PINO' SOLANAS-ANGEL F. CADELLI,agrupacion,156,NO DECLARADO,xlsx_votos_por_localidad
2007,GENERAL,2007-10-28,PRESIDENTE Y VICE,21,Santa Fe,Las Colonias,Esperanza,0055,GUSTAVO L. BREIDE OBEID-HECTOR R. VERGARA,agrupacion,11,NO DECLARADO,xlsx_votos_por_localidad
2007,GENERAL,2007-10-28,PRESIDENTE Y VICE,21,Santa Fe,Las Colonias,Esperanza,0055,IMPUGNADO,impugnados,75,NO DECLARADO,xlsx_votos_por_localidad
2007,GENERAL,2007-10-28,PRESIDENTE Y VICE,21,Santa Fe,Las Colonias,Esperanza,0055,JORGE OMAR SOBISCH-JORGE ASIS,agrupacion,174,NO DECLARADO,xlsx_votos_por_localidad
2007,GENERAL,2007-10-28,PRESIDENTE Y VICE,21,Santa Fe,Las Colonias,Esperanza,0055,JOSE A. MONTES-HECTOR A. HEBERLING,agrupacion,29,NO DECLARADO,xlsx_votos_por_localidad
2007,GENERAL,2007-10-28,PRESIDENTE Y VICE,21,Santa Fe,Las Colonias,Esperanza,0055,JUAN RICARDO MUSSA-BERNARDO NESPRAL,agrupacion,11,NO DECLARADO,xlsx_votos_por_localidad
2007,GENERAL,2007-10-28,PRESIDENTE Y VICE,21,Santa Fe,Las Colonias,Esperanza,0055,LUIS ALBERTO AMMANN-ROGELIO DELEONARDI,agrupacion,41,NO DECLARADO,xlsx_votos_por_localidad
2007,GENERAL,2007-10-28,PRESIDENTE Y VICE,21,Santa Fe,Las Colonias,Esperanza,0055,NESTOR A. PITROLA-GABRIELA A. ARROYOS,agrupacion,47,NO DECLARADO,xlsx_votos_por_localidad
2007,GENERAL,2007-10-28,PRESIDENTE Y VICE,21,Santa Fe,Las Colonias,Esperanza,0055,NULO,nulos,324,NO DECLARADO,xlsx_votos_por_localidad
2007,GENERAL,2007-10-28,PRESIDENTE Y VICE,21,Santa Fe,Las Colonias,Esperanza,0055,POSITIVO,positivo,21514,NO DECLARADO,xlsx_votos_por_localidad
2007,GENERAL,2007-10-28,PRESIDENTE Y VICE,21,Santa Fe,Las Colonias,Esperanza,0055,RAUL ANIBAL CASTELLS-'NINA' PELOZO,agrupacion,48,NO DECLARADO,xlsx_votos_por_localidad
2007,GENERAL,2007-10-28,PRESIDENTE Y VICE,21,Santa Fe,Las Colonias,Esperanza,0055,RECURRIDO,recurridos,16,NO DECLARADO,xlsx_votos_por_localidad
2007,GENERAL,2007-10-28,PRESIDENTE Y VICE,21,Santa Fe,Las Colonias,Esperanza,0055,RICARDO LOPEZ MURPHY-ESTEBAN BULLRICH,agrupacion,164,NO DECLARADO,xlsx_votos_por_localidad
2007,GENERAL,2007-10-28,PRESIDENTE Y VICE,21,Santa Fe,Las Colonias,Esperanza,0055,ROBERTO LAVAGNA-GERARDO R. MORALES,agrupacion,7407,NO DECLARADO,xlsx_votos_por_localidad
2007,GENERAL,2007-10-28,PRESIDENTE Y VICE,21,Santa Fe,Las Colonias,Esperanza,0055,VILMA RIPOLL-HECTOR BIDONDE,agrupacion,31,NO DECLARADO,xlsx_votos_por_localidad
2007,GENERAL,2007-10-28,PRESIDENTE Y VICE,21,Santa Fe,Las Colonias,Felicia,0060,ALBERTO J. RODRIGUEZ SAA-HECTOR M. MAYA,agrupacion,115,NO DECLARADO,xlsx_votos_por_localidad
2007,GENERAL,2007-10-28,PRESIDENTE Y VICE,21,Santa Fe,Las Colonias,Felicia,0060,CRISTINA E. FERNANDEZ DE KIRCHNER-JULIO C.C. COBOS,agrupacion,467,NO DECLARADO,xlsx_votos_por_localidad
2007,GENERAL,2007-10-28,PRESIDENTE Y VICE,21,Santa Fe,Las Colonias,Felicia,0060,ELISA M.A. CARRIO-RUBEN HECTOR GIUSTINIANI,agrupacion,214,NO DECLARADO,xlsx_votos_por_localidad
2007,GENERAL,2007-10-28,PRESIDENTE Y VICE,21,Santa Fe,Las Colonias,Felicia,0060,FERNANDO 'PINO' SOLANAS-ANGEL F. CADELLI,agrupacion,7,NO DECLARADO,xlsx_votos_por_localidad
2007,GENERAL,2007-10-28,PRESIDENTE Y VICE,21,Santa Fe,Las Colonias,Felicia,0060,GUSTAVO L. BREIDE OBEID-HECTOR R. VERGARA,agrupacion,0,NO DECLARADO,xlsx_votos_por_localidad
2007,GENERAL,2007-10-28,PRESIDENTE Y VICE,21,Santa Fe,Las Colonias,Felicia,0060,IMPUGNADO,impugnados,0,NO DECLARADO,xlsx_votos_por_localidad
2007,GENERAL,2007-10-28,PRESIDENTE Y VICE,21,Santa Fe,Las Colonias,Felicia,0060,JORGE OMAR SOBISCH-JORGE ASIS,agrupacion,20,NO DECLARADO,xlsx_votos_por_localidad
2007,GENERAL,2007-10-28,PRESIDENTE Y VICE,21,Santa Fe,Las Colonias,Felicia,0060,JOSE A. MONTES-HECTOR A. HEBERLING,agrupacion,5,NO DECLARADO,xlsx_votos_por_localidad
2007,GENERAL,2007-10-28,PRESIDENTE Y VICE,21,Santa Fe,Las Colonias,Felicia,0060,JUAN RICARDO MUSSA-BERNARDO NESPRAL,agrupacion,0,NO DECLARADO,xlsx_votos_por_localidad
2007,GENERAL,2007-10-28,PRESIDENTE Y VICE,21,Santa Fe,Las Colonias,Felicia,0060,LUIS ALBERTO AMMANN-ROGELIO DELEONARDI,agrupacion,2,NO DECLARADO,xlsx_votos_por_localidad
2007,GENERAL,2007-10-28,PRESIDENTE Y VICE,21,Santa Fe,Las Colonias,Felicia,0060,NESTOR A. PITROLA-GABRIELA A. ARROYOS,agrupacion,11,NO DECLARADO,xlsx_votos_por_localidad
2007,GENERAL,2007-10-28,PRESIDENTE Y VICE,21,Santa Fe,Las Colonias,Felicia,0060,NULO,nulos,0,NO DECLARADO,xlsx_votos_por_localidad
2007,GENERAL,2007-10-28,PRESIDENTE Y VICE,21,Santa Fe,Las Colonias,Felicia,0060,POSITIVO,positivo,1409,NO DECLARADO,xlsx_votos_por_localidad
2007,GENERAL,2007-10-28,PRESIDENTE Y VICE,21,Santa Fe,Las Colonias,Felicia,0060,RAUL ANIBAL CASTELLS-'NINA' PELOZO,agrupacion,9,NO DECLARADO,xlsx_votos_por_localidad
2007,GENERAL,2007-10-28,PRESIDENTE Y VICE,21,Santa Fe,Las Colonias,Felicia,0060,RECURRIDO,recurridos,0,NO DECLARADO,xlsx_votos_por_localidad
2007,GENERAL,2007-10-28,PRESIDENTE Y VICE,21,Santa Fe,Las Colonias,Felicia,0060,RICARDO LOPEZ MURPHY-ESTEBAN BULLRICH,agrupacion,21,NO DECLARADO,xlsx_votos_por_localidad
2007,GENERAL,2007-10-28,PRESIDENTE Y VICE,21,Santa Fe,Las Colonias,Felicia,0060,ROBERTO LAVAGNA-GERARDO R. MORALES,agrupacion,534,NO DECLARADO,xlsx_votos_por_localidad
2007,GENERAL,2007-10-28,PRESIDENTE Y VICE,21,Santa Fe,Las Colonias,Felicia,0060,VILMA RIPOLL-HECTOR BIDONDE,agrupacion,4,NO DECLARADO,xlsx_votos_por_localidad
2007,GENERAL,2007-10-28,PRESIDENTE Y VICE,21,Santa Fe,Las Colonias,Franck,0053,ALBERTO J. RODRIGUEZ SAA-HECTOR M. MAYA,agrupacion,192,NO DECLARADO,xlsx_votos_por_localidad
2007,GENERAL,2007-10-28,PRESIDENTE Y VICE,21,Santa Fe,Las Colonias,Franck,0053,CRISTINA E. FERNANDEZ DE KIRCHNER-JULIO C.C. COBOS,agrupacion,1002,NO DECLARADO,xlsx_votos_por_localidad
2007,GENERAL,2007-10-28,PRESIDENTE Y VICE,21,Santa Fe,Las Colonias,Franck,0053,ELISA M.A. CARRIO-RUBEN HECTOR GIUSTINIANI,agrupacion,536,NO DECLARADO,xlsx_votos_por_localidad
2007,GENERAL,2007-10-28,PRESIDENTE Y VICE,21,Santa Fe,Las Colonias,Franck,0053,FERNANDO 'PINO' SOLANAS-ANGEL F. CADELLI,agrupacion,15,NO DECLARADO,xlsx_votos_por_localidad
2007,GENERAL,2007-10-28,PRESIDENTE Y VICE,21,Santa Fe,Las Colonias,Franck,0053,GUSTAVO L. BREIDE OBEID-HECTOR R. VERGARA,agrupacion,0,NO DECLARADO,xlsx_votos_por_localidad
2007,GENERAL,2007-10-28,PRESIDENTE Y VICE,21,Santa Fe,Las Colonias,Franck,0053,IMPUGNADO,impugnados,0,NO DECLARADO,xlsx_votos_por_localidad
2007,GENERAL,2007-10-28,PRESIDENTE Y VICE,21,Santa Fe,Las Colonias,Franck,0053,JORGE OMAR SOBISCH-JORGE ASIS,agrupacion,16,NO DECLARADO,xlsx_votos_por_localidad
2007,GENERAL,2007-10-28,PRESIDENTE Y VICE,21,Santa Fe,Las Colonias,Franck,0053,JOSE A. MONTES-HECTOR A. HEBERLING,agrupacion,9,NO DECLARADO,xlsx_votos_por_localidad
2007,GENERAL,2007-10-28,PRESIDENTE Y VICE,21,Santa Fe,Las Colonias,Franck,0053,JUAN RICARDO MUSSA-BERNARDO NESPRAL,agrupacion,0,NO DECLARADO,xlsx_votos_por_localidad
2007,GENERAL,2007-10-28,PRESIDENTE Y VICE,21,Santa Fe,Las Colonias,Franck,0053,LUIS ALBERTO AMMANN-ROGELIO DELEONARDI,agrupacion,6,NO DECLARADO,xlsx_votos_por_localidad
2007,GENERAL,2007-10-28,PRESIDENTE Y VICE,21,Santa Fe,Las Colonias,Franck,0053,NESTOR A. PITROLA-GABRIELA A. ARROYOS,agrupacion,8,NO DECLARADO,xlsx_votos_por_localidad
2007,GENERAL,2007-10-28,PRESIDENTE Y VICE,21,Santa Fe,Las Colonias,Franck,0053,NULO,nulos,0,NO DECLARADO,xlsx_votos_por_localidad
2007,GENERAL,2007-10-28,PRESIDENTE Y VICE,21,Santa Fe,Las Colonias,Franck,0053,POSITIVO,positivo,3054,NO DECLARADO,xlsx_votos_por_localidad
2007,GENERAL,2007-10-28,PRESIDENTE Y VICE,21,Santa Fe,Las Colonias,Franck,0053,RAUL ANIBAL CASTELLS-'NINA' PELOZO,agrupacion,7,NO DECLARADO,xlsx_votos_por_localidad
2007,GENERAL,2007-10-28,PRESIDENTE Y VICE,21,Santa Fe,Las Colonias,Franck,0053,RECURRIDO,recurridos,0,NO DECLARADO,xlsx_votos_por_localidad
2007,GENERAL,2007-10-28,PRESIDENTE Y VICE,21,Santa Fe,Las Colonias,Franck,0053,RICARDO LOPEZ MURPHY-ESTEBAN BULLRICH,agrupacion,24,NO DECLARADO,xlsx_votos_por_localidad
2007,GENERAL,2007-10-28,PRESIDENTE Y VICE,21,Santa Fe,Las Colonias,Franck,0053,ROBERTO LAVAGNA-GERARDO R. MORALES,agrupacion,1236,NO DECLARADO,xlsx_votos_por_localidad
2007,GENERAL,2007-10-28,PRESIDENTE Y VICE,21,Santa Fe,Las Colonias,Franck,0053,VILMA RIPOLL-HECTOR BIDONDE,agrupacion,3,NO DECLARADO,xlsx_votos_por_localidad
2007,GENERAL,2007-10-28,PRESIDENTE Y VICE,21,Santa Fe,Las Colonias,Humboldt,0056,ALBERTO J. RODRIGUEZ SAA-HECTOR M. MAYA,agrupacion,306,NO DECLARADO,xlsx_votos_por_localidad
2007,GENERAL,2007-10-28,PRESIDENTE Y VICE,21,Santa Fe,Las Colonias,Humboldt,0056,CRISTINA E. FERNANDEZ DE KIRCHNER-JULIO C.C. COBOS,agrupacion,830,NO DECLARADO,xlsx_votos_por_localidad
2007,GENERAL,2007-10-28,PRESIDENTE Y VICE,21,Santa Fe,Las Colonias,Humboldt,0056,ELISA M.A. CARRIO-RUBEN HECTOR GIUSTINIANI,agrupacion,672,NO DECLARADO,xlsx_votos_por_localidad
2007,GENERAL,2007-10-28,PRESIDENTE Y VICE,21,Santa Fe,Las Colonias,Humboldt,0056,FERNANDO 'PINO' SOLANAS-ANGEL F. CADELLI,agrupacion,17,NO DECLARADO,xlsx_votos_por_localidad
2007,GENERAL,2007-10-28,PRESIDENTE Y VICE,21,Santa Fe,Las Colonias,Humboldt,0056,GUSTAVO L. BREIDE OBEID-HECTOR R. VERGARA,agrupacion,0,NO DECLARADO,xlsx_votos_por_localidad
2007,GENERAL,2007-10-28,PRESIDENTE Y VICE,21,Santa Fe,Las Colonias,Humboldt,0056,IMPUGNADO,impugnados,1,NO DECLARADO,xlsx_votos_por_localidad
2007,GENERAL,2007-10-28,PRESIDENTE Y VICE,21,Santa Fe,Las Colonias,Humboldt,0056,JORGE OMAR SOBISCH-JORGE ASIS,agrupacion,33,NO DECLARADO,xlsx_votos_por_localidad
2007,GENERAL,2007-10-28,PRESIDENTE Y VICE,21,Santa Fe,Las Colonias,Humboldt,0056,JOSE A. MONTES-HECTOR A. HEBERLING,agrupacion,6,NO DECLARADO,xlsx_votos_por_localidad
2007,GENERAL,2007-10-28,PRESIDENTE Y VICE,21,Santa Fe,Las Colonias,Humboldt,0056,JUAN RICARDO MUSSA-BERNARDO NESPRAL,agrupacion,0,NO DECLARADO,xlsx_votos_por_localidad
2007,GENERAL,2007-10-28,PRESIDENTE Y VICE,21,Santa Fe,Las Colonias,Humboldt,0056,LUIS ALBERTO AMMANN-ROGELIO DELEONARDI,agrupacion,38,NO DECLARADO,xlsx_votos_por_localidad
2007,GENERAL,2007-10-28,PRESIDENTE Y VICE,21,Santa Fe,Las Colonias,Humboldt,0056,NESTOR A. PITROLA-GABRIELA A. ARROYOS,agrupacion,15,NO DECLARADO,xlsx_votos_por_localidad
2007,GENERAL,2007-10-28,PRESIDENTE Y VICE,21,Santa Fe,Las Colonias,Humboldt,0056,NULO,nulos,0,NO DECLARADO,xlsx_votos_por_localidad
2007,GENERAL,2007-10-28,PRESIDENTE Y VICE,21,Santa Fe,Las Colonias,Humboldt,0056,POSITIVO,positivo,2800,NO DECLARADO,xlsx_votos_por_localidad
2007,GENERAL,2007-10-28,PRESIDENTE Y VICE,21,Santa Fe,Las Colonias,Humboldt,0056,RAUL ANIBAL CASTELLS-'NINA' PELOZO,agrupacion,4,NO DECLARADO,xlsx_votos_por_localidad
2007,GENERAL,2007-10-28,PRESIDENTE Y VICE,21,Santa Fe,Las Colonias,Humboldt,0056,RECURRIDO,recurridos,0,NO DECLARADO,xlsx_votos_por_localidad
2007,GENERAL,2007-10-28,PRESIDENTE Y VICE,21,Santa Fe,Las Colonias,Humboldt,0056,RICARDO LOPEZ MURPHY-ESTEBAN BULLRICH,agrupacion,20,NO DECLARADO,xlsx_votos_por_localidad
2007,GENERAL,2007-10-28,PRESIDENTE Y VICE,21,Santa Fe,Las Colonias,Humboldt,0056,ROBERTO LAVAGNA-GERARDO R. MORALES,agrupacion,856,NO DECLARADO,xlsx_votos_por_localidad
2007,GENERAL,2007-10-28,PRESIDENTE Y VICE,21,Santa Fe,Las Colonias,Humboldt,0056,VILMA RIPOLL-HECTOR BIDONDE,agrupacion,3,NO DECLARADO,xlsx_votos_por_localidad
2007,GENERAL,2007-10-28,PRESIDENTE Y VICE,21,Santa Fe,Las Colonias,Pilar,0057,ALBERTO J. RODRIGUEZ SAA-HECTOR M. MAYA,agrupacion,157,NO DECLARADO,xlsx_votos_por_localidad
2007,GENERAL,2007-10-28,PRESIDENTE Y VICE,21,Santa Fe,Las Colonias,Pilar,0057,CRISTINA E. FERNANDEZ DE KIRCHNER-JULIO C.C. COBOS,agrupacion,1242,NO DECLARADO,xlsx_votos_por_localidad
2007,GENERAL,2007-10-28,PRESIDENTE Y VICE,21,Santa Fe,Las Colonias,Pilar,0057,ELISA M.A. CARRIO-RUBEN HECTOR GIUSTINIANI,agrupacion,568,NO DECLARADO,xlsx_votos_por_localidad
2007,GENERAL,2007-10-28,PRESIDENTE Y VICE,21,Santa Fe,Las Colonias,Pilar,0057,FERNANDO 'PINO' SOLANAS-ANGEL F. CADELLI,agrupacion,14,NO DECLARADO,xlsx_votos_por_localidad
2007,GENERAL,2007-10-28,PRESIDENTE Y VICE,21,Santa Fe,Las Colonias,Pilar,0057,GUSTAVO L. BREIDE OBEID-HECTOR R. VERGARA,agrupacion,0,NO DECLARADO,xlsx_votos_por_localidad
2007,GENERAL,2007-10-28,PRESIDENTE Y VICE,21,Santa Fe,Las Colonias,Pilar,0057,IMPUGNADO,impugnados,0,NO DECLARADO,xlsx_votos_por_localidad
2007,GENERAL,2007-10-28,PRESIDENTE Y VICE,21,Santa Fe,Las Colonias,Pilar,0057,JORGE OMAR SOBISCH-JORGE ASIS,agrupacion,40,NO DECLARADO,xlsx_votos_por_localidad
2007,GENERAL,2007-10-28,PRESIDENTE Y VICE,21,Santa Fe,Las Colonias,Pilar,0057,JOSE A. MONTES-HECTOR A. HEBERLING,agrupacion,5,NO DECLARADO,xlsx_votos_por_localidad
2007,GENERAL,2007-10-28,PRESIDENTE Y VICE,21,Santa Fe,Las Colonias,Pilar,0057,JUAN RICARDO MUSSA-BERNARDO NESPRAL,agrupacion,0,NO DECLARADO,xlsx_votos_por_localidad
2007,GENERAL,2007-10-28,PRESIDENTE Y VICE,21,Santa Fe,Las Colonias,Pilar,0057,LUIS ALBERTO AMMANN-ROGELIO DELEONARDI,agrupacion,5,NO DECLARADO,xlsx_votos_por_localidad
2007,GENERAL,2007-10-28,PRESIDENTE Y VICE,21,Santa Fe,Las Colonias,Pilar,0057,NESTOR A. PITROLA-GABRIELA A. ARROYOS,agrupacion,15,NO DECLARADO,xlsx_votos_por_localidad
2007,GENERAL,2007-10-28,PRESIDENTE Y VICE,21,Santa Fe,Las Colonias,Pilar,0057,NULO,nulos,3,NO DECLARADO,xlsx_votos_por_localidad
2007,GENERAL,2007-10-28,PRESIDENTE Y VICE,21,Santa Fe,Las Colonias,Pilar,0057,POSITIVO,positivo,2529,NO DECLARADO,xlsx_votos_por_localidad
2007,GENERAL,2007-10-28,PRESIDENTE Y VICE,21,Santa Fe,Las Colonias,Pilar,0057,RAUL ANIBAL CASTELLS-'NINA' PELOZO,agrupacion,14,NO DECLARADO,xlsx_votos_por_localidad
2007,GENERAL,2007-10-28,PRESIDENTE Y VICE,21,Santa Fe,Las Colonias,Pilar,0057,RECURRIDO,recurridos,0,NO DECLARADO,xlsx_votos_por_localidad
2007,GENERAL,2007-10-28,PRESIDENTE Y VICE,21,Santa Fe,Las Colonias,Pilar,0057,RICARDO LOPEZ MURPHY-ESTEBAN BULLRICH,agrupacion,30,NO DECLARADO,xlsx_votos_por_localidad
2007,GENERAL,2007-10-28,PRESIDENTE Y VICE,21,Santa Fe,Las Colonias,Pilar,0057,ROBERTO LAVAGNA-GERARDO R. MORALES,agrupacion,435,NO DECLARADO,xlsx_votos_por_localidad
2007,GENERAL,2007-10-28,PRESIDENTE Y VICE,21,Santa Fe,Las Colonias,Pilar,0057,VILMA RIPOLL-HECTOR BIDONDE,agrupacion,4,NO DECLARADO,xlsx_votos_por_localidad
2007,GENERAL,2007-10-28,PRESIDENTE Y VICE,21,Santa Fe,Las Colonias,Progreso,0063,ALBERTO J. RODRIGUEZ SAA-HECTOR M. MAYA,agrupacion,132,NO DECLARADO,xlsx_votos_por_localidad
2007,GENERAL,2007-10-28,PRESIDENTE Y VICE,21,Santa Fe,Las Colonias,Progreso,0063,CRISTINA E. FERNANDEZ DE KIRCHNER-JULIO C.C. COBOS,agrupacion,335,NO DECLARADO,xlsx_votos_por_localidad
2007,GENERAL,2007-10-28,PRESIDENTE Y VICE,21,Santa Fe,Las Colonias,Progreso,0063,ELISA M.A. CARRIO-RUBEN HECTOR GIUSTINIANI,agrupacion,370,NO DECLARADO,xlsx_votos_por_localidad
2007,GENERAL,2007-10-28,PRESIDENTE Y VICE,21,Santa Fe,Las Colonias,Progreso,0063,FERNANDO 'PINO' SOLANAS-ANGEL F. CADELLI,agrupacion,5,NO DECLARADO,xlsx_votos_por_localidad
2007,GENERAL,2007-10-28,PRESIDENTE Y VICE,21,Santa Fe,Las Colonias,Progreso,0063,GUSTAVO L. BREIDE OBEID-HECTOR R. VERGARA,agrupacion,0,NO DECLARADO,xlsx_votos_por_localidad
2007,GENERAL,2007-10-28,PRESIDENTE Y VICE,21,Santa Fe,Las Colonias,Progreso,0063,IMPUGNADO,impugnados,0,NO DECLARADO,xlsx_votos_por_localidad
2007,GENERAL,2007-10-28,PRESIDENTE Y VICE,21,Santa Fe,Las Colonias,Progreso,0063,JORGE OMAR SOBISCH-JORGE ASIS,agrupacion,16,NO DECLARADO,xlsx_votos_por_localidad
2007,GENERAL,2007-10-28,PRESIDENTE Y VICE,21,Santa Fe,Las Colonias,Progreso,0063,JOSE A. MONTES-HECTOR A. HEBERLING,agrupacion,5,NO DECLARADO,xlsx_votos_por_localidad
2007,GENERAL,2007-10-28,PRESIDENTE Y VICE,21,Santa Fe,Las Colonias,Progreso,0063,JUAN RICARDO MUSSA-BERNARDO NESPRAL,agrupacion,0,NO DECLARADO,xlsx_votos_por_localidad
2007,GENERAL,2007-10-28,PRESIDENTE Y VICE,21,Santa Fe,Las Colonias,Progreso,0063,LUIS ALBERTO AMMANN-ROGELIO DELEONARDI,agrupacion,5,NO DECLARADO,xlsx_votos_por_localidad
2007,GENERAL,2007-10-28,PRESIDENTE Y VICE,21,Santa Fe,Las Colonias,Progreso,0063,NESTOR A. PITROLA-GABRIELA A. ARROYOS,agrupacion,6,NO DECLARADO,xlsx_votos_por_localidad
2007,GENERAL,2007-10-28,PRESIDENTE Y VICE,21,Santa Fe,Las Colonias,Progreso,0063,NULO,nulos,0,NO DECLARADO,xlsx_votos_por_localidad
2007,GENERAL,2007-10-28,PRESIDENTE Y VICE,21,Santa Fe,Las Colonias,Progreso,0063,POSITIVO,positivo,1337,NO DECLARADO,xlsx_votos_por_localidad
2007,GENERAL,2007-10-28,PRESIDENTE Y VICE,21,Santa Fe,Las Colonias,Progreso,0063,RAUL ANIBAL CASTELLS-'NINA' PELOZO,agrupacion,4,NO DECLARADO,xlsx_votos_por_localidad
2007,GENERAL,2007-10-28,PRESIDENTE Y VICE,21,Santa Fe,Las Colonias,Progreso,0063,RECURRIDO,recurridos,0,NO DECLARADO,xlsx_votos_por_localidad
2007,GENERAL,2007-10-28,PRESIDENTE Y VICE,21,Santa Fe,Las Colonias,Progreso,0063,RICARDO LOPEZ MURPHY-ESTEBAN BULLRICH,agrupacion,18,NO DECLARADO,xlsx_votos_por_localidad
2007,GENERAL,2007-10-28,PRESIDENTE Y VICE,21,Santa Fe,Las Colonias,Progreso,0063,ROBERTO LAVAGNA-GERARDO R. MORALES,agrupacion,440,NO DECLARADO,xlsx_votos_por_localidad
2007,GENERAL,2007-10-28,PRESIDENTE Y VICE,21,Santa Fe,Las Colonias,Progreso,0063,VILMA RIPOLL-HECTOR BIDONDE,agrupacion,1,NO DECLARADO,xlsx_votos_por_localidad
2007,GENERAL,2007-10-28,PRESIDENTE Y VICE,21,Santa Fe,Las Colonias,San Carlos Centro,0044,ALBERTO J. RODRIGUEZ SAA-HECTOR M. MAYA,agrupacion,383,NO DECLARADO,xlsx_votos_por_localidad
2007,GENERAL,2007-10-28,PRESIDENTE Y VICE,21,Santa Fe,Las Colonias,San Carlos Centro,0044,CRISTINA E. FERNANDEZ DE KIRCHNER-JULIO C.C. COBOS,agrupacion,2450,NO DECLARADO,xlsx_votos_por_localidad
2007,GENERAL,2007-10-28,PRESIDENTE Y VICE,21,Santa Fe,Las Colonias,San Carlos Centro,0044,ELISA M.A. CARRIO-RUBEN HECTOR GIUSTINIANI,agrupacion,1899,NO DECLARADO,xlsx_votos_por_localidad
2007,GENERAL,2007-10-28,PRESIDENTE Y VICE,21,Santa Fe,Las Colonias,San Carlos Centro,0044,FERNANDO 'PINO' SOLANAS-ANGEL F. CADELLI,agrupacion,43,NO DECLARADO,xlsx_votos_por_localidad
2007,GENERAL,2007-10-28,PRESIDENTE Y VICE,21,Santa Fe,Las Colonias,San Carlos Centro,0044,GUSTAVO L. BREIDE OBEID-HECTOR R. VERGARA,agrupacion,0,NO DECLARADO,xlsx_votos_por_localidad
2007,GENERAL,2007-10-28,PRESIDENTE Y VICE,21,Santa Fe,Las Colonias,San Carlos Centro,0044,IMPUGNADO,impugnados,0,NO DECLARADO,xlsx_votos_por_localidad
2007,GENERAL,2007-10-28,PRESIDENTE Y VICE,21,Santa Fe,Las Colonias,San Carlos Centro,0044,JORGE OMAR SOBISCH-JORGE ASIS,agrupacion,51,NO DECLARADO,xlsx_votos_por_localidad
2007,GENERAL,2007-10-28,PRESIDENTE Y VICE,21,Santa Fe,Las Colonias,San Carlos Centro,0044,JOSE A. MONTES-HECTOR A. HEBERLING,agrupacion,20,NO DECLARADO,xlsx_votos_por_localidad
2007,GENERAL,2007-10-28,PRESIDENTE Y VICE,21,Santa Fe,Las Colonias,San Carlos Centro,0044,JUAN RICARDO MUSSA-BERNARDO NESPRAL,agrupacion,1,NO DECLARADO,xlsx_votos_por_localidad
2007,GENERAL,2007-10-28,PRESIDENTE Y VICE,21,Santa Fe,Las Colonias,San Carlos Centro,0044,LUIS ALBERTO AMMANN-ROGELIO DELEONARDI,agrupacion,12,NO DECLARADO,xlsx_votos_por_localidad
2007,GENERAL,2007-10-28,PRESIDENTE Y VICE,21,Santa Fe,Las Colonias,San Carlos Centro,0044,NESTOR A. PITROLA-GABRIELA A. ARROYOS,agrupacion,20,NO DECLARADO,xlsx_votos_por_localidad
2007,GENERAL,2007-10-28,PRESIDENTE Y VICE,21,Santa Fe,Las Colonias,San Carlos Centro,0044,NULO,nulos,33,NO DECLARADO,xlsx_votos_por_localidad
2007,GENERAL,2007-10-28,PRESIDENTE Y VICE,21,Santa Fe,Las Colonias,San Carlos Centro,0044,POSITIVO,positivo,6727,NO DECLARADO,xlsx_votos_por_localidad
2007,GENERAL,2007-10-28,PRESIDENTE Y VICE,21,Santa Fe,Las Colonias,San Carlos Centro,0044,RAUL ANIBAL CASTELLS-'NINA' PELOZO,agrupacion,14,NO DECLARADO,xlsx_votos_por_localidad
2007,GENERAL,2007-10-28,PRESIDENTE Y VICE,21,Santa Fe,Las Colonias,San Carlos Centro,0044,RECURRIDO,recurridos,0,NO DECLARADO,xlsx_votos_por_localidad
2007,GENERAL,2007-10-28,PRESIDENTE Y VICE,21,Santa Fe,Las Colonias,San Carlos Centro,0044,RICARDO LOPEZ MURPHY-ESTEBAN BULLRICH,agrupacion,86,NO DECLARADO,xlsx_votos_por_localidad
2007,GENERAL,2007-10-28,PRESIDENTE Y VICE,21,Santa Fe,Las Colonias,San Carlos Centro,0044,ROBERTO LAVAGNA-GERARDO R. MORALES,agrupacion,1732,NO DECLARADO,xlsx_votos_por_localidad
2007,GENERAL,2007-10-28,PRESIDENTE Y VICE,21,Santa Fe,Las Colonias,San Carlos Centro,0044,VILMA RIPOLL-HECTOR BIDONDE,agrupacion,16,NO DECLARADO,xlsx_votos_por_localidad
2007,GENERAL,2007-10-28,PRESIDENTE Y VICE,21,Santa Fe,Las Colonias,San Carlos Sud,0043,ALBERTO J. RODRIGUEZ SAA-HECTOR M. MAYA,agrupacion,77,NO DECLARADO,xlsx_votos_por_localidad
2007,GENERAL,2007-10-28,PRESIDENTE Y VICE,21,Santa Fe,Las Colonias,San Carlos Sud,0043,CRISTINA E. FERNANDEZ DE KIRCHNER-JULIO C.C. COBOS,agrupacion,497,NO DECLARADO,xlsx_votos_por_localidad
2007,GENERAL,2007-10-28,PRESIDENTE Y VICE,21,Santa Fe,Las Colonias,San Carlos Sud,0043,ELISA M.A. CARRIO-RUBEN HECTOR GIUSTINIANI,agrupacion,300,NO DECLARADO,xlsx_votos_por_localidad
2007,GENERAL,2007-10-28,PRESIDENTE Y VICE,21,Santa Fe,Las Colonias,San Carlos Sud,0043,FERNANDO 'PINO' SOLANAS-ANGEL F. CADELLI,agrupacion,5,NO DECLARADO,xlsx_votos_por_localidad
2007,GENERAL,2007-10-28,PRESIDENTE Y VICE,21,Santa Fe,Las Colonias,San Carlos Sud,0043,GUSTAVO L. BREIDE OBEID-HECTOR R. VERGARA,agrupacion,0,NO DECLARADO,xlsx_votos_por_localidad
2007,GENERAL,2007-10-28,PRESIDENTE Y VICE,21,Santa Fe,Las Colonias,San Carlos Sud,0043,IMPUGNADO,impugnados,0,NO DECLARADO,xlsx_votos_por_localidad
2007,GENERAL,2007-10-28,PRESIDENTE Y VICE,21,Santa Fe,Las Colonias,San Carlos Sud,0043,JORGE OMAR SOBISCH-JORGE ASIS,agrupacion,7,NO DECLARADO,xlsx_votos_por_localidad
2007,GENERAL,2007-10-28,PRESIDENTE Y VICE,21,Santa Fe,Las Colonias,San Carlos Sud,0043,JOSE A. MONTES-HECTOR A. HEBERLING,agrupacion,3,NO DECLARADO,xlsx_votos_por_localidad
2007,GENERAL,2007-10-28,PRESIDENTE Y VICE,21,Santa Fe,Las Colonias,San Carlos Sud,0043,JUAN RICARDO MUSSA-BERNARDO NESPRAL,agrupacion,0,NO DECLARADO,xlsx_votos_por_localidad
2007,GENERAL,2007-10-28,PRESIDENTE Y VICE,21,Santa Fe,Las Colonias,San Carlos Sud,0043,LUIS ALBERTO AMMANN-ROGELIO DELEONARDI,agrupacion,3,NO DECLARADO,xlsx_votos_por_localidad
2007,GENERAL,2007-10-28,PRESIDENTE Y VICE,21,Santa Fe,Las Colonias,San Carlos Sud,0043,NESTOR A. PITROLA-GABRIELA A. ARROYOS,agrupacion,3,NO DECLARADO,xlsx_votos_por_localidad
2007,GENERAL,2007-10-28,PRESIDENTE Y VICE,21,Santa Fe,Las Colonias,San Carlos Sud,0043,NULO,nulos,0,NO DECLARADO,xlsx_votos_por_localidad
2007,GENERAL,2007-10-28,PRESIDENTE Y VICE,21,Santa Fe,Las Colonias,San Carlos Sud,0043,POSITIVO,positivo,1200,NO DECLARADO,xlsx_votos_por_localidad
2007,GENERAL,2007-10-28,PRESIDENTE Y VICE,21,Santa Fe,Las Colonias,San Carlos Sud,0043,RAUL ANIBAL CASTELLS-'NINA' PELOZO,agrupacion,5,NO DECLARADO,xlsx_votos_por_localidad
2007,GENERAL,2007-10-28,PRESIDENTE Y VICE,21,Santa Fe,Las Colonias,San Carlos Sud,0043,RECURRIDO,recurridos,0,NO DECLARADO,xlsx_votos_por_localidad
2007,GENERAL,2007-10-28,PRESIDENTE Y VICE,21,Santa Fe,Las Colonias,San Carlos Sud,0043,RICARDO LOPEZ MURPHY-ESTEBAN BULLRICH,agrupacion,13,NO DECLARADO,xlsx_votos_por_localidad
2007,GENERAL,2007-10-28,PRESIDENTE Y VICE,21,Santa Fe,Las Colonias,San Carlos Sud,0043,ROBERTO LAVAGNA-GERARDO R. MORALES,agrupacion,284,NO DECLARADO,xlsx_votos_por_localidad
2007,GENERAL,2007-10-28,PRESIDENTE Y VICE,21,Santa Fe,Las Colonias,San Carlos Sud,0043,VILMA RIPOLL-HECTOR BIDONDE,agrupacion,3,NO DECLARADO,xlsx_votos_por_localidad
2007,GENERAL,2007-10-28,PRESIDENTE Y VICE,21,Santa Fe,Las Colonias,San Jerónimo Norte,0052,ALBERTO J. RODRIGUEZ SAA-HECTOR M. MAYA,agrupacion,218,NO DECLARADO,xlsx_votos_por_localidad
2007,GENERAL,2007-10-28,PRESIDENTE Y VICE,21,Santa Fe,Las Colonias,San Jerónimo Norte,0052,CRISTINA E. FERNANDEZ DE KIRCHNER-JULIO C.C. COBOS,agrupacion,1164,NO DECLARADO,xlsx_votos_por_localidad
2007,GENERAL,2007-10-28,PRESIDENTE Y VICE,21,Santa Fe,Las Colonias,San Jerónimo Norte,0052,ELISA M.A. CARRIO-RUBEN HECTOR GIUSTINIANI,agrupacion,1021,NO DECLARADO,xlsx_votos_por_localidad
2007,GENERAL,2007-10-28,PRESIDENTE Y VICE,21,Santa Fe,Las Colonias,San Jerónimo Norte,0052,FERNANDO 'PINO' SOLANAS-ANGEL F. CADELLI,agrupacion,31,NO DECLARADO,xlsx_votos_por_localidad
2007,GENERAL,2007-10-28,PRESIDENTE Y VICE,21,Santa Fe,Las Colonias,San Jerónimo Norte,0052,GUSTAVO L. BREIDE OBEID-HECTOR R. VERGARA,agrupacion,0,NO DECLARADO,xlsx_votos_por_localidad
2007,GENERAL,2007-10-28,PRESIDENTE Y VICE,21,Santa Fe,Las Colonias,San Jerónimo Norte,0052,IMPUGNADO,impugnados,40,NO DECLARADO,xlsx_votos_por_localidad
2007,GENERAL,2007-10-28,PRESIDENTE Y VICE,21,Santa Fe,Las Colonias,San Jerónimo Norte,0052,JORGE OMAR SOBISCH-JORGE ASIS,agrupacion,27,NO DECLARADO,xlsx_votos_por_localidad
2007,GENERAL,2007-10-28,PRESIDENTE Y VICE,21,Santa Fe,Las Colonias,San Jerónimo Norte,0052,JOSE A. MONTES-HECTOR A. HEBERLING,agrupacion,9,NO DECLARADO,xlsx_votos_por_localidad
2007,GENERAL,2007-10-28,PRESIDENTE Y VICE,21,Santa Fe,Las Colonias,San Jerónimo Norte,0052,JUAN RICARDO MUSSA-BERNARDO NESPRAL,agrupacion,0,NO DECLARADO,xlsx_votos_por_localidad
2007,GENERAL,2007-10-28,PRESIDENTE Y VICE,21,Santa Fe,Las Colonias,San Jerónimo Norte,0052,LUIS ALBERTO AMMANN-ROGELIO DELEONARDI,agrupacion,4,NO DECLARADO,xlsx_votos_por_localidad
2007,GENERAL,2007-10-28,PRESIDENTE Y VICE,21,Santa Fe,Las Colonias,San Jerónimo Norte,0052,NESTOR A. PITROLA-GABRIELA A. ARROYOS,agrupacion,10,NO DECLARADO,xlsx_votos_por_localidad
2007,GENERAL,2007-10-28,PRESIDENTE Y VICE,21,Santa Fe,Las Colonias,San Jerónimo Norte,0052,NULO,nulos,12,NO DECLARADO,xlsx_votos_por_localidad
2007,GENERAL,2007-10-28,PRESIDENTE Y VICE,21,Santa Fe,Las Colonias,San Jerónimo Norte,0052,POSITIVO,positivo,4069,NO DECLARADO,xlsx_votos_por_localidad
2007,GENERAL,2007-10-28,PRESIDENTE Y VICE,21,Santa Fe,Las Colonias,San Jerónimo Norte,0052,RAUL ANIBAL CASTELLS-'NINA' PELOZO,agrupacion,12,NO DECLARADO,xlsx_votos_por_localidad
2007,GENERAL,2007-10-28,PRESIDENTE Y VICE,21,Santa Fe,Las Colonias,San Jerónimo Norte,0052,RECURRIDO,recurridos,375,NO DECLARADO,xlsx_votos_por_localidad
2007,GENERAL,2007-10-28,PRESIDENTE Y VICE,21,Santa Fe,Las Colonias,San Jerónimo Norte,0052,RICARDO LOPEZ MURPHY-ESTEBAN BULLRICH,agrupacion,30,NO DECLARADO,xlsx_votos_por_localidad
2007,GENERAL,2007-10-28,PRESIDENTE Y VICE,21,Santa Fe,Las Colonias,San Jerónimo Norte,0052,ROBERTO LAVAGNA-GERARDO R. MORALES,agrupacion,1538,NO DECLARADO,xlsx_votos_por_localidad
2007,GENERAL,2007-10-28,PRESIDENTE Y VICE,21,Santa Fe,Las Colonias,San Jerónimo Norte,0052,VILMA RIPOLL-HECTOR BIDONDE,agrupacion,5,NO DECLARADO,xlsx_votos_por_localidad
2007,GENERAL,2007-10-28,PRESIDENTE Y VICE,21,Santa Fe,Las Colonias,Santa Clara de Buena Vista,0046,ALBERTO J. RODRIGUEZ SAA-HECTOR M. MAYA,agrupacion,139,NO DECLARADO,xlsx_votos_por_localidad
2007,GENERAL,2007-10-28,PRESIDENTE Y VICE,21,Santa Fe,Las Colonias,Santa Clara de Buena Vista,0046,CRISTINA E. FERNANDEZ DE KIRCHNER-JULIO C.C. COBOS,agrupacion,576,NO DECLARADO,xlsx_votos_por_localidad
2007,GENERAL,2007-10-28,PRESIDENTE Y VICE,21,Santa Fe,Las Colonias,Santa Clara de Buena Vista,0046,ELISA M.A. CARRIO-RUBEN HECTOR GIUSTINIANI,agrupacion,388,NO DECLARADO,xlsx_votos_por_localidad
2007,GENERAL,2007-10-28,PRESIDENTE Y VICE,21,Santa Fe,Las Colonias,Santa Clara de Buena Vista,0046,FERNANDO 'PINO' SOLANAS-ANGEL F. CADELLI,agrupacion,6,NO DECLARADO,xlsx_votos_por_localidad
2007,GENERAL,2007-10-28,PRESIDENTE Y VICE,21,Santa Fe,Las Colonias,Santa Clara de Buena Vista,0046,GUSTAVO L. BREIDE OBEID-HECTOR R. VERGARA,agrupacion,0,NO DECLARADO,xlsx_votos_por_localidad
2007,GENERAL,2007-10-28,PRESIDENTE Y VICE,21,Santa Fe,Las Colonias,Santa Clara de Buena Vista,0046,IMPUGNADO,impugnados,0,NO DECLARADO,xlsx_votos_por_localidad
2007,GENERAL,2007-10-28,PRESIDENTE Y VICE,21,Santa Fe,Las Colonias,Santa Clara de Buena Vista,0046,JORGE OMAR SOBISCH-JORGE ASIS,agrupacion,24,NO DECLARADO,xlsx_votos_por_localidad
2007,GENERAL,2007-10-28,PRESIDENTE Y VICE,21,Santa Fe,Las Colonias,Santa Clara de Buena Vista,0046,JOSE A. MONTES-HECTOR A. HEBERLING,agrupacion,5,NO DECLARADO,xlsx_votos_por_localidad
2007,GENERAL,2007-10-28,PRESIDENTE Y VICE,21,Santa Fe,Las Colonias,Santa Clara de Buena Vista,0046,JUAN RICARDO MUSSA-BERNARDO NESPRAL,agrupacion,0,NO DECLARADO,xlsx_votos_por_localidad
2007,GENERAL,2007-10-28,PRESIDENTE Y VICE,21,Santa Fe,Las Colonias,Santa Clara de Buena Vista,0046,LUIS ALBERTO AMMANN-ROGELIO DELEONARDI,agrupacion,10,NO DECLARADO,xlsx_votos_por_localidad
2007,GENERAL,2007-10-28,PRESIDENTE Y VICE,21,Santa Fe,Las Colonias,Santa Clara de Buena Vista,0046,NESTOR A. PITROLA-GABRIELA A. ARROYOS,agrupacion,10,NO DECLARADO,xlsx_votos_por_localidad
2007,GENERAL,2007-10-28,PRESIDENTE Y VICE,21,Santa Fe,Las Colonias,Santa Clara de Buena Vista,0046,NULO,nulos,0,NO DECLARADO,xlsx_votos_por_localidad
2007,GENERAL,2007-10-28,PRESIDENTE Y VICE,21,Santa Fe,Las Colonias,Santa Clara de Buena Vista,0046,POSITIVO,positivo,1663,NO DECLARADO,xlsx_votos_por_localidad
2007,GENERAL,2007-10-28,PRESIDENTE Y VICE,21,Santa Fe,Las Colonias,Santa Clara de Buena Vista,0046,RAUL ANIBAL CASTELLS-'NINA' PELOZO,agrupacion,7,NO DECLARADO,xlsx_votos_por_localidad
2007,GENERAL,2007-10-28,PRESIDENTE Y VICE,21,Santa Fe,Las Colonias,Santa Clara de Buena Vista,0046,RECURRIDO,recurridos,0,NO DECLARADO,xlsx_votos_por_localidad
2007,GENERAL,2007-10-28,PRESIDENTE Y VICE,21,Santa Fe,Las Colonias,Santa Clara de Buena Vista,0046,RICARDO LOPEZ MURPHY-ESTEBAN BULLRICH,agrupacion,22,NO DECLARADO,xlsx_votos_por_localidad
2007,GENERAL,2007-10-28,PRESIDENTE Y VICE,21,Santa Fe,Las Colonias,Santa Clara de Buena Vista,0046,ROBERTO LAVAGNA-GERARDO R. MORALES,agrupacion,468,NO DECLARADO,xlsx_votos_por_localidad
2007,GENERAL,2007-10-28,PRESIDENTE Y VICE,21,Santa Fe,Las Colonias,Santa Clara de Buena Vista,0046,VILMA RIPOLL-HECTOR BIDONDE,agrupacion,8,NO DECLARADO,xlsx_votos_por_localidad
2007,GENERAL,2007-10-28,PRESIDENTE Y VICE,21,Santa Fe,San Martín,Carlos Pellegrini,0160,ALBERTO J. RODRIGUEZ SAA-HECTOR M. MAYA,agrupacion,339,NO DECLARADO,xlsx_votos_por_localidad
2007,GENERAL,2007-10-28,PRESIDENTE Y VICE,21,Santa Fe,San Martín,Carlos Pellegrini,0160,CRISTINA E. FERNANDEZ DE KIRCHNER-JULIO C.C. COBOS,agrupacion,738,NO DECLARADO,xlsx_votos_por_localidad
2007,GENERAL,2007-10-28,PRESIDENTE Y VICE,21,Santa Fe,San Martín,Carlos Pellegrini,0160,ELISA M.A. CARRIO-RUBEN HECTOR GIUSTINIANI,agrupacion,994,NO DECLARADO,xlsx_votos_por_localidad
2007,GENERAL,2007-10-28,PRESIDENTE Y VICE,21,Santa Fe,San Martín,Carlos Pellegrini,0160,FERNANDO 'PINO' SOLANAS-ANGEL F. CADELLI,agrupacion,57,NO DECLARADO,xlsx_votos_por_localidad
2007,GENERAL,2007-10-28,PRESIDENTE Y VICE,21,Santa Fe,San Martín,Carlos Pellegrini,0160,GUSTAVO L. BREIDE OBEID-HECTOR R. VERGARA,agrupacion,1,NO DECLARADO,xlsx_votos_por_localidad
2007,GENERAL,2007-10-28,PRESIDENTE Y VICE,21,Santa Fe,San Martín,Carlos Pellegrini,0160,IMPUGNADO,impugnados,0,NO DECLARADO,xlsx_votos_por_localidad
2007,GENERAL,2007-10-28,PRESIDENTE Y VICE,21,Santa Fe,San Martín,Carlos Pellegrini,0160,JORGE OMAR SOBISCH-JORGE ASIS,agrupacion,22,NO DECLARADO,xlsx_votos_por_localidad
2007,GENERAL,2007-10-28,PRESIDENTE Y VICE,21,Santa Fe,San Martín,Carlos Pellegrini,0160,JOSE A. MONTES-HECTOR A. HEBERLING,agrupacion,8,NO DECLARADO,xlsx_votos_por_localidad
2007,GENERAL,2007-10-28,PRESIDENTE Y VICE,21,Santa Fe,San Martín,Carlos Pellegrini,0160,JUAN RICARDO MUSSA-BERNARDO NESPRAL,agrupacion,0,NO DECLARADO,xlsx_votos_por_localidad
2007,GENERAL,2007-10-28,PRESIDENTE Y VICE,21,Santa Fe,San Martín,Carlos Pellegrini,0160,LUIS ALBERTO AMMANN-ROGELIO DELEONARDI,agrupacion,11,NO DECLARADO,xlsx_votos_por_localidad
2007,GENERAL,2007-10-28,PRESIDENTE Y VICE,21,Santa Fe,San Martín,Carlos Pellegrini,0160,NESTOR A. PITROLA-GABRIELA A. ARROYOS,agrupacion,4,NO DECLARADO,xlsx_votos_por_localidad
2007,GENERAL,2007-10-28,PRESIDENTE Y VICE,21,Santa Fe,San Martín,Carlos Pellegrini,0160,NULO,nulos,1,NO DECLARADO,xlsx_votos_por_localidad
2007,GENERAL,2007-10-28,PRESIDENTE Y VICE,21,Santa Fe,San Martín,Carlos Pellegrini,0160,POSITIVO,positivo,3022,NO DECLARADO,xlsx_votos_por_localidad
2007,GENERAL,2007-10-28,PRESIDENTE Y VICE,21,Santa Fe,San Martín,Carlos Pellegrini,0160,RAUL ANIBAL CASTELLS-'NINA' PELOZO,agrupacion,2,NO DECLARADO,xlsx_votos_por_localidad
2007,GENERAL,2007-10-28,PRESIDENTE Y VICE,21,Santa Fe,San Martín,Carlos Pellegrini,0160,RECURRIDO,recurridos,0,NO DECLARADO,xlsx_votos_por_localidad
2007,GENERAL,2007-10-28,PRESIDENTE Y VICE,21,Santa Fe,San Martín,Carlos Pellegrini,0160,RICARDO LOPEZ MURPHY-ESTEBAN BULLRICH,agrupacion,51,NO DECLARADO,xlsx_votos_por_localidad
2007,GENERAL,2007-10-28,PRESIDENTE Y VICE,21,Santa Fe,San Martín,Carlos Pellegrini,0160,ROBERTO LAVAGNA-GERARDO R. MORALES,agrupacion,790,NO DECLARADO,xlsx_votos_por_localidad
2007,GENERAL,2007-10-28,PRESIDENTE Y VICE,21,Santa Fe,San Martín,Carlos Pellegrini,0160,VILMA RIPOLL-HECTOR BIDONDE,agrupacion,5,NO DECLARADO,xlsx_votos_por_localidad
2007,GENERAL,2007-10-28,PRESIDENTE Y VICE,21,Santa Fe,San Martín,Cañada Rosquín,0161,ALBERTO J. RODRIGUEZ SAA-HECTOR M. MAYA,agrupacion,266,NO DECLARADO,xlsx_votos_por_localidad
2007,GENERAL,2007-10-28,PRESIDENTE Y VICE,21,Santa Fe,San Martín,Cañada Rosquín,0161,CRISTINA E. FERNANDEZ DE KIRCHNER-JULIO C.C. COBOS,agrupacion,956,NO DECLARADO,xlsx_votos_por_localidad
2007,GENERAL,2007-10-28,PRESIDENTE Y VICE,21,Santa Fe,San Martín,Cañada Rosquín,0161,ELISA M.A. CARRIO-RUBEN HECTOR GIUSTINIANI,agrupacion,996,NO DECLARADO,xlsx_votos_por_localidad
2007,GENERAL,2007-10-28,PRESIDENTE Y VICE,21,Santa Fe,San Martín,Cañada Rosquín,0161,FERNANDO 'PINO' SOLANAS-ANGEL F. CADELLI,agrupacion,62,NO DECLARADO,xlsx_votos_por_localidad
2007,GENERAL,2007-10-28,PRESIDENTE Y VICE,21,Santa Fe,San Martín,Cañada Rosquín,0161,GUSTAVO L. BREIDE OBEID-HECTOR R. VERGARA,agrupacion,0,NO DECLARADO,xlsx_votos_por_localidad
2007,GENERAL,2007-10-28,PRESIDENTE Y VICE,21,Santa Fe,San Martín,Cañada Rosquín,0161,IMPUGNADO,impugnados,0,NO DECLARADO,xlsx_votos_por_localidad
2007,GENERAL,2007-10-28,PRESIDENTE Y VICE,21,Santa Fe,San Martín,Cañada Rosquín,0161,JORGE OMAR SOBISCH-JORGE ASIS,agrupacion,33,NO DECLARADO,xlsx_votos_por_localidad
2007,GENERAL,2007-10-28,PRESIDENTE Y VICE,21,Santa Fe,San Martín,Cañada Rosquín,0161,JOSE A. MONTES-HECTOR A. HEBERLING,agrupacion,4,NO DECLARADO,xlsx_votos_por_localidad
2007,GENERAL,2007-10-28,PRESIDENTE Y VICE,21,Santa Fe,San Martín,Cañada Rosquín,0161,JUAN RICARDO MUSSA-BERNARDO NESPRAL,agrupacion,0,NO DECLARADO,xlsx_votos_por_localidad
2007,GENERAL,2007-10-28,PRESIDENTE Y VICE,21,Santa Fe,San Martín,Cañada Rosquín,0161,LUIS ALBERTO AMMANN-ROGELIO DELEONARDI,agrupacion,9,NO DECLARADO,xlsx_votos_por_localidad
2007,GENERAL,2007-10-28,PRESIDENTE Y VICE,21,Santa Fe,San Martín,Cañada Rosquín,0161,NESTOR A. PITROLA-GABRIELA A. ARROYOS,agrupacion,14,NO DECLARADO,xlsx_votos_por_localidad
2007,GENERAL,2007-10-28,PRESIDENTE Y VICE,21,Santa Fe,San Martín,Cañada Rosquín,0161,NULO,nulos,7,NO DECLARADO,xlsx_votos_por_localidad
2007,GENERAL,2007-10-28,PRESIDENTE Y VICE,21,Santa Fe,San Martín,Cañada Rosquín,0161,POSITIVO,positivo,3048,NO DECLARADO,xlsx_votos_por_localidad
2007,GENERAL,2007-10-28,PRESIDENTE Y VICE,21,Santa Fe,San Martín,Cañada Rosquín,0161,RAUL ANIBAL CASTELLS-'NINA' PELOZO,agrupacion,10,NO DECLARADO,xlsx_votos_por_localidad
2007,GENERAL,2007-10-28,PRESIDENTE Y VICE,21,Santa Fe,San Martín,Cañada Rosquín,0161,RECURRIDO,recurridos,0,NO DECLARADO,xlsx_votos_por_localidad
2007,GENERAL,2007-10-28,PRESIDENTE Y VICE,21,Santa Fe,San Martín,Cañada Rosquín,0161,RICARDO LOPEZ MURPHY-ESTEBAN BULLRICH,agrupacion,29,NO DECLARADO,xlsx_votos_por_localidad
2007,GENERAL,2007-10-28,PRESIDENTE Y VICE,21,Santa Fe,San Martín,Cañada Rosquín,0161,ROBERTO LAVAGNA-GERARDO R. MORALES,agrupacion,662,NO DECLARADO,xlsx_votos_por_localidad
2007,GENERAL,2007-10-28,PRESIDENTE Y VICE,21,Santa Fe,San Martín,Cañada Rosquín,0161,VILMA RIPOLL-HECTOR BIDONDE,agrupacion,7,NO DECLARADO,xlsx_votos_por_localidad
2007,GENERAL,2007-10-28,PRESIDENTE Y VICE,21,Santa Fe,San Martín,El Trébol,0165,ALBERTO J. RODRIGUEZ SAA-HECTOR M. MAYA,agrupacion,446,NO DECLARADO,xlsx_votos_por_localidad
2007,GENERAL,2007-10-28,PRESIDENTE Y VICE,21,Santa Fe,San Martín,El Trébol,0165,CRISTINA E. FERNANDEZ DE KIRCHNER-JULIO C.C. COBOS,agrupacion,2067,NO DECLARADO,xlsx_votos_por_localidad
2007,GENERAL,2007-10-28,PRESIDENTE Y VICE,21,Santa Fe,San Martín,El Trébol,0165,ELISA M.A. CARRIO-RUBEN HECTOR GIUSTINIANI,agrupacion,2156,NO DECLARADO,xlsx_votos_por_localidad
2007,GENERAL,2007-10-28,PRESIDENTE Y VICE,21,Santa Fe,San Martín,El Trébol,0165,FERNANDO 'PINO' SOLANAS-ANGEL F. CADELLI,agrupacion,64,NO DECLARADO,xlsx_votos_por_localidad
2007,GENERAL,2007-10-28,PRESIDENTE Y VICE,21,Santa Fe,San Martín,El Trébol,0165,GUSTAVO L. BREIDE OBEID-HECTOR R. VERGARA,agrupacion,0,NO DECLARADO,xlsx_votos_por_localidad
2007,GENERAL,2007-10-28,PRESIDENTE Y VICE,21,Santa Fe,San Martín,El Trébol,0165,IMPUGNADO,impugnados,2,NO DECLARADO,xlsx_votos_por_localidad
2007,GENERAL,2007-10-28,PRESIDENTE Y VICE,21,Santa Fe,San Martín,El Trébol,0165,JORGE OMAR SOBISCH-JORGE ASIS,agrupacion,88,NO DECLARADO,xlsx_votos_por_localidad
2007,GENERAL,2007-10-28,PRESIDENTE Y VICE,21,Santa Fe,San Martín,El Trébol,0165,JOSE A. MONTES-HECTOR A. HEBERLING,agrupacion,13,NO DECLARADO,xlsx_votos_por_localidad
2007,GENERAL,2007-10-28,PRESIDENTE Y VICE,21,Santa Fe,San Martín,El Trébol,0165,JUAN RICARDO MUSSA-BERNARDO NESPRAL,agrupacion,1,NO DECLARADO,xlsx_votos_por_localidad
2007,GENERAL,2007-10-28,PRESIDENTE Y VICE,21,Santa Fe,San Martín,El Trébol,0165,LUIS ALBERTO AMMANN-ROGELIO DELEONARDI,agrupacion,15,NO DECLARADO,xlsx_votos_por_localidad
2007,GENERAL,2007-10-28,PRESIDENTE Y VICE,21,Santa Fe,San Martín,El Trébol,0165,NESTOR A. PITROLA-GABRIELA A. ARROYOS,agrupacion,21,NO DECLARADO,xlsx_votos_por_localidad
2007,GENERAL,2007-10-28,PRESIDENTE Y VICE,21,Santa Fe,San Martín,El Trébol,0165,NULO,nulos,2,NO DECLARADO,xlsx_votos_por_localidad
2007,GENERAL,2007-10-28,PRESIDENTE Y VICE,21,Santa Fe,San Martín,El Trébol,0165,POSITIVO,positivo,6354,NO DECLARADO,xlsx_votos_por_localidad
2007,GENERAL,2007-10-28,PRESIDENTE Y VICE,21,Santa Fe,San Martín,El Trébol,0165,RAUL ANIBAL CASTELLS-'NINA' PELOZO,agrupacion,16,NO DECLARADO,xlsx_votos_por_localidad
2007,GENERAL,2007-10-28,PRESIDENTE Y VICE,21,Santa Fe,San Martín,El Trébol,0165,RECURRIDO,recurridos,0,NO DECLARADO,xlsx_votos_por_localidad
2007,GENERAL,2007-10-28,PRESIDENTE Y VICE,21,Santa Fe,San Martín,El Trébol,0165,RICARDO LOPEZ MURPHY-ESTEBAN BULLRICH,agrupacion,67,NO DECLARADO,xlsx_votos_por_localidad
2007,GENERAL,2007-10-28,PRESIDENTE Y VICE,21,Santa Fe,San Martín,El Trébol,0165,ROBERTO LAVAGNA-GERARDO R. MORALES,agrupacion,1380,NO DECLARADO,xlsx_votos_por_localidad
2007,GENERAL,2007-10-28,PRESIDENTE Y VICE,21,Santa Fe,San Martín,El Trébol,0165,VILMA RIPOLL-HECTOR BIDONDE,agrupacion,20,NO DECLARADO,xlsx_votos_por_localidad
2007,GENERAL,2007-10-28,PRESIDENTE Y VICE,21,Santa Fe,San Martín,María Susana,0166,ALBERTO J. RODRIGUEZ SAA-HECTOR M. MAYA,agrupacion,275,NO DECLARADO,xlsx_votos_por_localidad
2007,GENERAL,2007-10-28,PRESIDENTE Y VICE,21,Santa Fe,San Martín,María Susana,0166,CRISTINA E. FERNANDEZ DE KIRCHNER-JULIO C.C. COBOS,agrupacion,460,NO DECLARADO,xlsx_votos_por_localidad
2007,GENERAL,2007-10-28,PRESIDENTE Y VICE,21,Santa Fe,San Martín,María Susana,0166,ELISA M.A. CARRIO-RUBEN HECTOR GIUSTINIANI,agrupacion,789,NO DECLARADO,xlsx_votos_por_localidad
2007,GENERAL,2007-10-28,PRESIDENTE Y VICE,21,Santa Fe,San Martín,María Susana,0166,FERNANDO 'PINO' SOLANAS-ANGEL F. CADELLI,agrupacion,22,NO DECLARADO,xlsx_votos_por_localidad
2007,GENERAL,2007-10-28,PRESIDENTE Y VICE,21,Santa Fe,San Martín,María Susana,0166,GUSTAVO L. BREIDE OBEID-HECTOR R. VERGARA,agrupacion,0,NO DECLARADO,xlsx_votos_por_localidad
2007,GENERAL,2007-10-28,PRESIDENTE Y VICE,21,Santa Fe,San Martín,María Susana,0166,IMPUGNADO,impugnados,0,NO DECLARADO,xlsx_votos_por_localidad
2007,GENERAL,2007-10-28,PRESIDENTE Y VICE,21,Santa Fe,San Martín,María Susana,0166,JORGE OMAR SOBISCH-JORGE ASIS,agrupacion,24,NO DECLARADO,xlsx_votos_por_localidad
2007,GENERAL,2007-10-28,PRESIDENTE Y VICE,21,Santa Fe,San Martín,María Susana,0166,JOSE A. MONTES-HECTOR A. HEBERLING,agrupacion,6,NO DECLARADO,xlsx_votos_por_localidad
2007,GENERAL,2007-10-28,PRESIDENTE Y VICE,21,Santa Fe,San Martín,María Susana,0166,JUAN RICARDO MUSSA-BERNARDO NESPRAL,agrupacion,0,NO DECLARADO,xlsx_votos_por_localidad
2007,GENERAL,2007-10-28,PRESIDENTE Y VICE,21,Santa Fe,San Martín,María Susana,0166,LUIS ALBERTO AMMANN-ROGELIO DELEONARDI,agrupacion,6,NO DECLARADO,xlsx_votos_por_localidad
2007,GENERAL,2007-10-28,PRESIDENTE Y VICE,21,Santa Fe,San Martín,María Susana,0166,NESTOR A. PITROLA-GABRIELA A. ARROYOS,agrupacion,3,NO DECLARADO,xlsx_votos_por_localidad
2007,GENERAL,2007-10-28,PRESIDENTE Y VICE,21,Santa Fe,San Martín,María Susana,0166,NULO,nulos,23,NO DECLARADO,xlsx_votos_por_localidad
2007,GENERAL,2007-10-28,PRESIDENTE Y VICE,21,Santa Fe,San Martín,María Susana,0166,POSITIVO,positivo,2158,NO DECLARADO,xlsx_votos_por_localidad
2007,GENERAL,2007-10-28,PRESIDENTE Y VICE,21,Santa Fe,San Martín,María Susana,0166,RAUL ANIBAL CASTELLS-'NINA' PELOZO,agrupacion,12,NO DECLARADO,xlsx_votos_por_localidad
2007,GENERAL,2007-10-28,PRESIDENTE Y VICE,21,Santa Fe,San Martín,María Susana,0166,RECURRIDO,recurridos,0,NO DECLARADO,xlsx_votos_por_localidad
2007,GENERAL,2007-10-28,PRESIDENTE Y VICE,21,Santa Fe,San Martín,María Susana,0166,RICARDO LOPEZ MURPHY-ESTEBAN BULLRICH,agrupacion,39,NO DECLARADO,xlsx_votos_por_localidad
2007,GENERAL,2007-10-28,PRESIDENTE Y VICE,21,Santa Fe,San Martín,María Susana,0166,ROBERTO LAVAGNA-GERARDO R. MORALES,agrupacion,515,NO DECLARADO,xlsx_votos_por_localidad
2007,GENERAL,2007-10-28,PRESIDENTE Y VICE,21,Santa Fe,San Martín,María Susana,0166,VILMA RIPOLL-HECTOR BIDONDE,agrupacion,7,NO DECLARADO,xlsx_votos_por_localidad
2007,GENERAL,2007-10-28,PRESIDENTE Y VICE,21,Santa Fe,San Martín,Piamonte,0164,ALBERTO J. RODRIGUEZ SAA-HECTOR M. MAYA,agrupacion,237,NO DECLARADO,xlsx_votos_por_localidad
2007,GENERAL,2007-10-28,PRESIDENTE Y VICE,21,Santa Fe,San Martín,Piamonte,0164,CRISTINA E. FERNANDEZ DE KIRCHNER-JULIO C.C. COBOS,agrupacion,519,NO DECLARADO,xlsx_votos_por_localidad
2007,GENERAL,2007-10-28,PRESIDENTE Y VICE,21,Santa Fe,San Martín,Piamonte,0164,ELISA M.A. CARRIO-RUBEN HECTOR GIUSTINIANI,agrupacion,579,NO DECLARADO,xlsx_votos_por_localidad
2007,GENERAL,2007-10-28,PRESIDENTE Y VICE,21,Santa Fe,San Martín,Piamonte,0164,FERNANDO 'PINO' SOLANAS-ANGEL F. CADELLI,agrupacion,32,NO DECLARADO,xlsx_votos_por_localidad
2007,GENERAL,2007-10-28,PRESIDENTE Y VICE,21,Santa Fe,San Martín,Piamonte,0164,GUSTAVO L. BREIDE OBEID-HECTOR R. VERGARA,agrupacion,0,NO DECLARADO,xlsx_votos_por_localidad
2007,GENERAL,2007-10-28,PRESIDENTE Y VICE,21,Santa Fe,San Martín,Piamonte,0164,IMPUGNADO,impugnados,0,NO DECLARADO,xlsx_votos_por_localidad
2007,GENERAL,2007-10-28,PRESIDENTE Y VICE,21,Santa Fe,San Martín,Piamonte,0164,JORGE OMAR SOBISCH-JORGE ASIS,agrupacion,16,NO DECLARADO,xlsx_votos_por_localidad
2007,GENERAL,2007-10-28,PRESIDENTE Y VICE,21,Santa Fe,San Martín,Piamonte,0164,JOSE A. MONTES-HECTOR A. HEBERLING,agrupacion,5,NO DECLARADO,xlsx_votos_por_localidad
2007,GENERAL,2007-10-28,PRESIDENTE Y VICE,21,Santa Fe,San Martín,Piamonte,0164,JUAN RICARDO MUSSA-BERNARDO NESPRAL,agrupacion,0,NO DECLARADO,xlsx_votos_por_localidad
2007,GENERAL,2007-10-28,PRESIDENTE Y VICE,21,Santa Fe,San Martín,Piamonte,0164,LUIS ALBERTO AMMANN-ROGELIO DELEONARDI,agrupacion,3,NO DECLARADO,xlsx_votos_por_localidad
2007,GENERAL,2007-10-28,PRESIDENTE Y VICE,21,Santa Fe,San Martín,Piamonte,0164,NESTOR A. PITROLA-GABRIELA A. ARROYOS,agrupacion,4,NO DECLARADO,xlsx_votos_por_localidad
2007,GENERAL,2007-10-28,PRESIDENTE Y VICE,21,Santa Fe,San Martín,Piamonte,0164,NULO,nulos,36,NO DECLARADO,xlsx_votos_por_localidad
2007,GENERAL,2007-10-28,PRESIDENTE Y VICE,21,Santa Fe,San Martín,Piamonte,0164,POSITIVO,positivo,1995,NO DECLARADO,xlsx_votos_por_localidad
2007,GENERAL,2007-10-28,PRESIDENTE Y VICE,21,Santa Fe,San Martín,Piamonte,0164,RAUL ANIBAL CASTELLS-'NINA' PELOZO,agrupacion,6,NO DECLARADO,xlsx_votos_por_localidad
2007,GENERAL,2007-10-28,PRESIDENTE Y VICE,21,Santa Fe,San Martín,Piamonte,0164,RECURRIDO,recurridos,0,NO DECLARADO,xlsx_votos_por_localidad
2007,GENERAL,2007-10-28,PRESIDENTE Y VICE,21,Santa Fe,San Martín,Piamonte,0164,RICARDO LOPEZ MURPHY-ESTEBAN BULLRICH,agrupacion,16,NO DECLARADO,xlsx_votos_por_localidad
2007,GENERAL,2007-10-28,PRESIDENTE Y VICE,21,Santa Fe,San Martín,Piamonte,0164,ROBERTO LAVAGNA-GERARDO R. MORALES,agrupacion,569,NO DECLARADO,xlsx_votos_por_localidad
2007,GENERAL,2007-10-28,PRESIDENTE Y VICE,21,Santa Fe,San Martín,Piamonte,0164,VILMA RIPOLL-HECTOR BIDONDE,agrupacion,9,NO DECLARADO,xlsx_votos_por_localidad
2007,GENERAL,2007-10-28,PRESIDENTE Y VICE,21,Santa Fe,San Martín,San Jorge,0158,ALBERTO J. RODRIGUEZ SAA-HECTOR M. MAYA,agrupacion,716,NO DECLARADO,xlsx_votos_por_localidad
2007,GENERAL,2007-10-28,PRESIDENTE Y VICE,21,Santa Fe,San Martín,San Jorge,0158,CRISTINA E. FERNANDEZ DE KIRCHNER-JULIO C.C. COBOS,agrupacion,3559,NO DECLARADO,xlsx_votos_por_localidad
2007,GENERAL,2007-10-28,PRESIDENTE Y VICE,21,Santa Fe,San Martín,San Jorge,0158,ELISA M.A. CARRIO-RUBEN HECTOR GIUSTINIANI,agrupacion,2634,NO DECLARADO,xlsx_votos_por_localidad
2007,GENERAL,2007-10-28,PRESIDENTE Y VICE,21,Santa Fe,San Martín,San Jorge,0158,FERNANDO 'PINO' SOLANAS-ANGEL F. CADELLI,agrupacion,190,NO DECLARADO,xlsx_votos_por_localidad
2007,GENERAL,2007-10-28,PRESIDENTE Y VICE,21,Santa Fe,San Martín,San Jorge,0158,GUSTAVO L. BREIDE OBEID-HECTOR R. VERGARA,agrupacion,0,NO DECLARADO,xlsx_votos_por_localidad
2007,GENERAL,2007-10-28,PRESIDENTE Y VICE,21,Santa Fe,San Martín,San Jorge,0158,IMPUGNADO,impugnados,0,NO DECLARADO,xlsx_votos_por_localidad
2007,GENERAL,2007-10-28,PRESIDENTE Y VICE,21,Santa Fe,San Martín,San Jorge,0158,JORGE OMAR SOBISCH-JORGE ASIS,agrupacion,157,NO DECLARADO,xlsx_votos_por_localidad
2007,GENERAL,2007-10-28,PRESIDENTE Y VICE,21,Santa Fe,San Martín,San Jorge,0158,JOSE A. MONTES-HECTOR A. HEBERLING,agrupacion,30,NO DECLARADO,xlsx_votos_por_localidad
2007,GENERAL,2007-10-28,PRESIDENTE Y VICE,21,Santa Fe,San Martín,San Jorge,0158,JUAN RICARDO MUSSA-BERNARDO NESPRAL,agrupacion,0,NO DECLARADO,xlsx_votos_por_localidad
2007,GENERAL,2007-10-28,PRESIDENTE Y VICE,21,Santa Fe,San Martín,San Jorge,0158,LUIS ALBERTO AMMANN-ROGELIO DELEONARDI,agrupacion,38,NO DECLARADO,xlsx_votos_por_localidad
2007,GENERAL,2007-10-28,PRESIDENTE Y VICE,21,Santa Fe,San Martín,San Jorge,0158,NESTOR A. PITROLA-GABRIELA A. ARROYOS,agrupacion,38,NO DECLARADO,xlsx_votos_por_localidad
2007,GENERAL,2007-10-28,PRESIDENTE Y VICE,21,Santa Fe,San Martín,San Jorge,0158,NULO,nulos,88,NO DECLARADO,xlsx_votos_por_localidad
2007,GENERAL,2007-10-28,PRESIDENTE Y VICE,21,Santa Fe,San Martín,San Jorge,0158,POSITIVO,positivo,10001,NO DECLARADO,xlsx_votos_por_localidad
2007,GENERAL,2007-10-28,PRESIDENTE Y VICE,21,Santa Fe,San Martín,San Jorge,0158,RAUL ANIBAL CASTELLS-'NINA' PELOZO,agrupacion,29,NO DECLARADO,xlsx_votos_por_localidad
2007,GENERAL,2007-10-28,PRESIDENTE Y VICE,21,Santa Fe,San Martín,San Jorge,0158,RECURRIDO,recurridos,0,NO DECLARADO,xlsx_votos_por_localidad
2007,GENERAL,2007-10-28,PRESIDENTE Y VICE,21,Santa Fe,San Martín,San Jorge,0158,RICARDO LOPEZ MURPHY-ESTEBAN BULLRICH,agrupacion,124,NO DECLARADO,xlsx_votos_por_localidad
2007,GENERAL,2007-10-28,PRESIDENTE Y VICE,21,Santa Fe,San Martín,San Jorge,0158,ROBERTO LAVAGNA-GERARDO R. MORALES,agrupacion,2442,NO DECLARADO,xlsx_votos_por_localidad
2007,GENERAL,2007-10-28,PRESIDENTE Y VICE,21,Santa Fe,San Martín,San Jorge,0158,VILMA RIPOLL-HECTOR BIDONDE,agrupacion,44,NO DECLARADO,xlsx_votos_por_localidad
2007,GENERAL,2007-10-28,PRESIDENTE Y VICE,21,Santa Fe,San Martín,San Martín de las Escobas,0156,ALBERTO J. RODRIGUEZ SAA-HECTOR M. MAYA,agrupacion,138,NO DECLARADO,xlsx_votos_por_localidad
2007,GENERAL,2007-10-28,PRESIDENTE Y VICE,21,Santa Fe,San Martín,San Martín de las Escobas,0156,CRISTINA E. FERNANDEZ DE KIRCHNER-JULIO C.C. COBOS,agrupacion,457,NO DECLARADO,xlsx_votos_por_localidad
2007,GENERAL,2007-10-28,PRESIDENTE Y VICE,21,Santa Fe,San Martín,San Martín de las Escobas,0156,ELISA M.A. CARRIO-RUBEN HECTOR GIUSTINIANI,agrupacion,526,NO DECLARADO,xlsx_votos_por_localidad
2007,GENERAL,2007-10-28,PRESIDENTE Y VICE,21,Santa Fe,San Martín,San Martín de las Escobas,0156,FERNANDO 'PINO' SOLANAS-ANGEL F. CADELLI,agrupacion,6,NO DECLARADO,xlsx_votos_por_localidad
2007,GENERAL,2007-10-28,PRESIDENTE Y VICE,21,Santa Fe,San Martín,San Martín de las Escobas,0156,GUSTAVO L. BREIDE OBEID-HECTOR R. VERGARA,agrupacion,0,NO DECLARADO,xlsx_votos_por_localidad
2007,GENERAL,2007-10-28,PRESIDENTE Y VICE,21,Santa Fe,San Martín,San Martín de las Escobas,0156,IMPUGNADO,impugnados,0,NO DECLARADO,xlsx_votos_por_localidad
2007,GENERAL,2007-10-28,PRESIDENTE Y VICE,21,Santa Fe,San Martín,San Martín de las Escobas,0156,JORGE OMAR SOBISCH-JORGE ASIS,agrupacion,11,NO DECLARADO,xlsx_votos_por_localidad
2007,GENERAL,2007-10-28,PRESIDENTE Y VICE,21,Santa Fe,San Martín,San Martín de las Escobas,0156,JOSE A. MONTES-HECTOR A. HEBERLING,agrupacion,3,NO DECLARADO,xlsx_votos_por_localidad
2007,GENERAL,2007-10-28,PRESIDENTE Y VICE,21,Santa Fe,San Martín,San Martín de las Escobas,0156,JUAN RICARDO MUSSA-BERNARDO NESPRAL,agrupacion,0,NO DECLARADO,xlsx_votos_por_localidad
2007,GENERAL,2007-10-28,PRESIDENTE Y VICE,21,Santa Fe,San Martín,San Martín de las Escobas,0156,LUIS ALBERTO AMMANN-ROGELIO DELEONARDI,agrupacion,5,NO DECLARADO,xlsx_votos_por_localidad
2007,GENERAL,2007-10-28,PRESIDENTE Y VICE,21,Santa Fe,San Martín,San Martín de las Escobas,0156,NESTOR A. PITROLA-GABRIELA A. ARROYOS,agrupacion,4,NO DECLARADO,xlsx_votos_por_localidad
2007,GENERAL,2007-10-28,PRESIDENTE Y VICE,21,Santa Fe,San Martín,San Martín de las Escobas,0156,NULO,nulos,3,NO DECLARADO,xlsx_votos_por_localidad
2007,GENERAL,2007-10-28,PRESIDENTE Y VICE,21,Santa Fe,San Martín,San Martín de las Escobas,0156,POSITIVO,positivo,1554,NO DECLARADO,xlsx_votos_por_localidad
2007,GENERAL,2007-10-28,PRESIDENTE Y VICE,21,Santa Fe,San Martín,San Martín de las Escobas,0156,RAUL ANIBAL CASTELLS-'NINA' PELOZO,agrupacion,3,NO DECLARADO,xlsx_votos_por_localidad
2007,GENERAL,2007-10-28,PRESIDENTE Y VICE,21,Santa Fe,San Martín,San Martín de las Escobas,0156,RECURRIDO,recurridos,0,NO DECLARADO,xlsx_votos_por_localidad
2007,GENERAL,2007-10-28,PRESIDENTE Y VICE,21,Santa Fe,San Martín,San Martín de las Escobas,0156,RICARDO LOPEZ MURPHY-ESTEBAN BULLRICH,agrupacion,13,NO DECLARADO,xlsx_votos_por_localidad
2007,GENERAL,2007-10-28,PRESIDENTE Y VICE,21,Santa Fe,San Martín,San Martín de las Escobas,0156,ROBERTO LAVAGNA-GERARDO R. MORALES,agrupacion,386,NO DECLARADO,xlsx_votos_por_localidad
2007,GENERAL,2007-10-28,PRESIDENTE Y VICE,21,Santa Fe,San Martín,San Martín de las Escobas,0156,VILMA RIPOLL-HECTOR BIDONDE,agrupacion,2,NO DECLARADO,xlsx_votos_por_localidad
2007,GENERAL,2007-10-28,PRESIDENTE Y VICE,21,Santa Fe,San Martín,Sastre y Ortiz,0155,ALBERTO J. RODRIGUEZ SAA-HECTOR M. MAYA,agrupacion,409,NO DECLARADO,xlsx_votos_por_localidad
2007,GENERAL,2007-10-28,PRESIDENTE Y VICE,21,Santa Fe,San Martín,Sastre y Ortiz,0155,CRISTINA E. FERNANDEZ DE KIRCHNER-JULIO C.C. COBOS,agrupacion,1034,NO DECLARADO,xlsx_votos_por_localidad
2007,GENERAL,2007-10-28,PRESIDENTE Y VICE,21,Santa Fe,San Martín,Sastre y Ortiz,0155,ELISA M.A. CARRIO-RUBEN HECTOR GIUSTINIANI,agrupacion,791,NO DECLARADO,xlsx_votos_por_localidad
2007,GENERAL,2007-10-28,PRESIDENTE Y VICE,21,Santa Fe,San Martín,Sastre y Ortiz,0155,FERNANDO 'PINO' SOLANAS-ANGEL F. CADELLI,agrupacion,60,NO DECLARADO,xlsx_votos_por_localidad
2007,GENERAL,2007-10-28,PRESIDENTE Y VICE,21,Santa Fe,San Martín,Sastre y Ortiz,0155,GUSTAVO L. BREIDE OBEID-HECTOR R. VERGARA,agrupacion,1,NO DECLARADO,xlsx_votos_por_localidad
2007,GENERAL,2007-10-28,PRESIDENTE Y VICE,21,Santa Fe,San Martín,Sastre y Ortiz,0155,IMPUGNADO,impugnados,3,NO DECLARADO,xlsx_votos_por_localidad
2007,GENERAL,2007-10-28,PRESIDENTE Y VICE,21,Santa Fe,San Martín,Sastre y Ortiz,0155,JORGE OMAR SOBISCH-JORGE ASIS,agrupacion,26,NO DECLARADO,xlsx_votos_por_localidad
2007,GENERAL,2007-10-28,PRESIDENTE Y VICE,21,Santa Fe,San Martín,Sastre y Ortiz,0155,JOSE A. MONTES-HECTOR A. HEBERLING,agrupacion,4,NO DECLARADO,xlsx_votos_por_localidad
2007,GENERAL,2007-10-28,PRESIDENTE Y VICE,21,Santa Fe,San Martín,Sastre y Ortiz,0155,JUAN RICARDO MUSSA-BERNARDO NESPRAL,agrupacion,0,NO DECLARADO,xlsx_votos_por_localidad
2007,GENERAL,2007-10-28,PRESIDENTE Y VICE,21,Santa Fe,San Martín,Sastre y Ortiz,0155,LUIS ALBERTO AMMANN-ROGELIO DELEONARDI,agrupacion,8,NO DECLARADO,xlsx_votos_por_localidad
2007,GENERAL,2007-10-28,PRESIDENTE Y VICE,21,Santa Fe,San Martín,Sastre y Ortiz,0155,NESTOR A. PITROLA-GABRIELA A. ARROYOS,agrupacion,9,NO DECLARADO,xlsx_votos_por_localidad
2007,GENERAL,2007-10-28,PRESIDENTE Y VICE,21,Santa Fe,San Martín,Sastre y Ortiz,0155,NULO,nulos,6,NO DECLARADO,xlsx_votos_por_localidad
2007,GENERAL,2007-10-28,PRESIDENTE Y VICE,21,Santa Fe,San Martín,Sastre y Ortiz,0155,POSITIVO,positivo,3418,NO DECLARADO,xlsx_votos_por_localidad
2007,GENERAL,2007-10-28,PRESIDENTE Y VICE,21,Santa Fe,San Martín,Sastre y Ortiz,0155,RAUL ANIBAL CASTELLS-'NINA' PELOZO,agrupacion,8,NO DECLARADO,xlsx_votos_por_localidad
2007,GENERAL,2007-10-28,PRESIDENTE Y VICE,21,Santa Fe,San Martín,Sastre y Ortiz,0155,RECURRIDO,recurridos,0,NO DECLARADO,xlsx_votos_por_localidad
2007,GENERAL,2007-10-28,PRESIDENTE Y VICE,21,Santa Fe,San Martín,Sastre y Ortiz,0155,RICARDO LOPEZ MURPHY-ESTEBAN BULLRICH,agrupacion,35,NO DECLARADO,xlsx_votos_por_localidad
2007,GENERAL,2007-10-28,PRESIDENTE Y VICE,21,Santa Fe,San Martín,Sastre y Ortiz,0155,ROBERTO LAVAGNA-GERARDO R. MORALES,agrupacion,1023,NO DECLARADO,xlsx_votos_por_localidad
2007,GENERAL,2007-10-28,PRESIDENTE Y VICE,21,Santa Fe,San Martín,Sastre y Ortiz,0155,VILMA RIPOLL-HECTOR BIDONDE,agrupacion,10,NO DECLARADO,xlsx_votos_por_localidad
2011,GENERAL,2011-10-23,PRESIDENTE Y VICE,21,Santa Fe,Castellanos,Ataliva,0121,Alianza Compromiso Federal,agrupacion,25,NO DECLARADO,xlsx_votos_por_localidad
2011,GENERAL,2011-10-23,PRESIDENTE Y VICE,21,Santa Fe,Castellanos,Ataliva,0121,Alianza Frente Amplio Progresista,agrupacion,427,NO DECLARADO,xlsx_votos_por_localidad
2011,GENERAL,2011-10-23,PRESIDENTE Y VICE,21,Santa Fe,Castellanos,Ataliva,0121,Alianza Frente Popular,agrupacion,61,NO DECLARADO,xlsx_votos_por_localidad
2011,GENERAL,2011-10-23,PRESIDENTE Y VICE,21,Santa Fe,Castellanos,Ataliva,0121,Alianza Frente de Izquierda y de los Trabajadores,agrupacion,13,NO DECLARADO,xlsx_votos_por_localidad
2011,GENERAL,2011-10-23,PRESIDENTE Y VICE,21,Santa Fe,Castellanos,Ataliva,0121,Alianza Frente para la Victoria,agrupacion,398,NO DECLARADO,xlsx_votos_por_localidad
2011,GENERAL,2011-10-23,PRESIDENTE Y VICE,21,Santa Fe,Castellanos,Ataliva,0121,Alianza Unión para el Desarrollo Social,agrupacion,56,NO DECLARADO,xlsx_votos_por_localidad
2011,GENERAL,2011-10-23,PRESIDENTE Y VICE,21,Santa Fe,Castellanos,Ataliva,0121,Coalición Cívica - Afirmación para una República Igualitaria ARI,agrupacion,17,NO DECLARADO,xlsx_votos_por_localidad
2011,GENERAL,2011-10-23,PRESIDENTE Y VICE,21,Santa Fe,Castellanos,Ataliva,0121,EN BLANCO,blancos,25,NO DECLARADO,xlsx_votos_por_localidad
2011,GENERAL,2011-10-23,PRESIDENTE Y VICE,21,Santa Fe,Castellanos,Ataliva,0121,IMPUGNADO,impugnados,0,NO DECLARADO,xlsx_votos_por_localidad
2011,GENERAL,2011-10-23,PRESIDENTE Y VICE,21,Santa Fe,Castellanos,Ataliva,0121,NULO,nulos,4,NO DECLARADO,xlsx_votos_por_localidad
2011,GENERAL,2011-10-23,PRESIDENTE Y VICE,21,Santa Fe,Castellanos,Ataliva,0121,POSITIVO,positivo,997,NO DECLARADO,xlsx_votos_por_localidad
2011,GENERAL,2011-10-23,PRESIDENTE Y VICE,21,Santa Fe,Castellanos,Ataliva,0121,RECURRIDO,recurridos,0,NO DECLARADO,xlsx_votos_por_localidad
2011,GENERAL,2011-10-23,PRESIDENTE Y VICE,21,Santa Fe,Castellanos,Colonia Aldao,0120,Alianza Compromiso Federal,agrupacion,36,NO DECLARADO,xlsx_votos_por_localidad
2011,GENERAL,2011-10-23,PRESIDENTE Y VICE,21,Santa Fe,Castellanos,Colonia Aldao,0120,Alianza Frente Amplio Progresista,agrupacion,332,NO DECLARADO,xlsx_votos_por_localidad
2011,GENERAL,2011-10-23,PRESIDENTE Y VICE,21,Santa Fe,Castellanos,Colonia Aldao,0120,Alianza Frente Popular,agrupacion,86,NO DECLARADO,xlsx_votos_por_localidad
2011,GENERAL,2011-10-23,PRESIDENTE Y VICE,21,Santa Fe,Castellanos,Colonia Aldao,0120,Alianza Frente de Izquierda y de los Trabajadores,agrupacion,9,NO DECLARADO,xlsx_votos_por_localidad
2011,GENERAL,2011-10-23,PRESIDENTE Y VICE,21,Santa Fe,Castellanos,Colonia Aldao,0120,Alianza Frente para la Victoria,agrupacion,371,NO DECLARADO,xlsx_votos_por_localidad
2011,GENERAL,2011-10-23,PRESIDENTE Y VICE,21,Santa Fe,Castellanos,Colonia Aldao,0120,Alianza Unión para el Desarrollo Social,agrupacion,59,NO DECLARADO,xlsx_votos_por_localidad
2011,GENERAL,2011-10-23,PRESIDENTE Y VICE,21,Santa Fe,Castellanos,Colonia Aldao,0120,Coalición Cívica - Afirmación para una República Igualitaria ARI,agrupacion,13,NO DECLARADO,xlsx_votos_por_localidad
2011,GENERAL,2011-10-23,PRESIDENTE Y VICE,21,Santa Fe,Castellanos,Colonia Aldao,0120,EN BLANCO,blancos,16,NO DECLARADO,xlsx_votos_por_localidad
2011,GENERAL,2011-10-23,PRESIDENTE Y VICE,21,Santa Fe,Castellanos,Colonia Aldao,0120,IMPUGNADO,impugnados,0,NO DECLARADO,xlsx_votos_por_localidad
2011,GENERAL,2011-10-23,PRESIDENTE Y VICE,21,Santa Fe,Castellanos,Colonia Aldao,0120,NULO,nulos,2,NO DECLARADO,xlsx_votos_por_localidad
2011,GENERAL,2011-10-23,PRESIDENTE Y VICE,21,Santa Fe,Castellanos,Colonia Aldao,0120,POSITIVO,positivo,906,NO DECLARADO,xlsx_votos_por_localidad
2011,GENERAL,2011-10-23,PRESIDENTE Y VICE,21,Santa Fe,Castellanos,Colonia Aldao,0120,RECURRIDO,recurridos,0,NO DECLARADO,xlsx_votos_por_localidad
2011,GENERAL,2011-10-23,PRESIDENTE Y VICE,21,Santa Fe,Castellanos,Frontera,0134A,Alianza Compromiso Federal,agrupacion,353,NO DECLARADO,xlsx_votos_por_localidad
2011,GENERAL,2011-10-23,PRESIDENTE Y VICE,21,Santa Fe,Castellanos,Frontera,0134A,Alianza Frente Amplio Progresista,agrupacion,916,NO DECLARADO,xlsx_votos_por_localidad
2011,GENERAL,2011-10-23,PRESIDENTE Y VICE,21,Santa Fe,Castellanos,Frontera,0134A,Alianza Frente Popular,agrupacion,146,NO DECLARADO,xlsx_votos_por_localidad
2011,GENERAL,2011-10-23,PRESIDENTE Y VICE,21,Santa Fe,Castellanos,Frontera,0134A,Alianza Frente de Izquierda y de los Trabajadores,agrupacion,68,NO DECLARADO,xlsx_votos_por_localidad
2011,GENERAL,2011-10-23,PRESIDENTE Y VICE,21,Santa Fe,Castellanos,Frontera,0134A,Alianza Frente para la Victoria,agrupacion,2808,NO DECLARADO,xlsx_votos_por_localidad
2011,GENERAL,2011-10-23,PRESIDENTE Y VICE,21,Santa Fe,Castellanos,Frontera,0134A,Alianza Unión para el Desarrollo Social,agrupacion,265,NO DECLARADO,xlsx_votos_por_localidad
2011,GENERAL,2011-10-23,PRESIDENTE Y VICE,21,Santa Fe,Castellanos,Frontera,0134A,Coalición Cívica - Afirmación para una República Igualitaria ARI,agrupacion,43,NO DECLARADO,xlsx_votos_por_localidad
2011,GENERAL,2011-10-23,PRESIDENTE Y VICE,21,Santa Fe,Castellanos,Frontera,0134A,EN BLANCO,blancos,25,NO DECLARADO,xlsx_votos_por_localidad
2011,GENERAL,2011-10-23,PRESIDENTE Y VICE,21,Santa Fe,Castellanos,Frontera,0134A,IMPUGNADO,impugnados,0,NO DECLARADO,xlsx_votos_por_localidad
2011,GENERAL,2011-10-23,PRESIDENTE Y VICE,21,Santa Fe,Castellanos,Frontera,0134A,NULO,nulos,86,NO DECLARADO,xlsx_votos_por_localidad
2011,GENERAL,2011-10-23,PRESIDENTE Y VICE,21,Santa Fe,Castellanos,Frontera,0134A,POSITIVO,positivo,4599,NO DECLARADO,xlsx_votos_por_localidad
2011,GENERAL,2011-10-23,PRESIDENTE Y VICE,21,Santa Fe,Castellanos,Frontera,0134A,RECURRIDO,recurridos,0,NO DECLARADO,xlsx_votos_por_localidad
2011,GENERAL,2011-10-23,PRESIDENTE Y VICE,21,Santa Fe,Castellanos,Humberto Primo,0117,Alianza Compromiso Federal,agrupacion,137,NO DECLARADO,xlsx_votos_por_localidad
2011,GENERAL,2011-10-23,PRESIDENTE Y VICE,21,Santa Fe,Castellanos,Humberto Primo,0117,Alianza Frente Amplio Progresista,agrupacion,1362,NO DECLARADO,xlsx_votos_por_localidad
2011,GENERAL,2011-10-23,PRESIDENTE Y VICE,21,Santa Fe,Castellanos,Humberto Primo,0117,Alianza Frente Popular,agrupacion,221,NO DECLARADO,xlsx_votos_por_localidad
2011,GENERAL,2011-10-23,PRESIDENTE Y VICE,21,Santa Fe,Castellanos,Humberto Primo,0117,Alianza Frente de Izquierda y de los Trabajadores,agrupacion,34,NO DECLARADO,xlsx_votos_por_localidad
2011,GENERAL,2011-10-23,PRESIDENTE Y VICE,21,Santa Fe,Castellanos,Humberto Primo,0117,Alianza Frente para la Victoria,agrupacion,900,NO DECLARADO,xlsx_votos_por_localidad
2011,GENERAL,2011-10-23,PRESIDENTE Y VICE,21,Santa Fe,Castellanos,Humberto Primo,0117,Alianza Unión para el Desarrollo Social,agrupacion,135,NO DECLARADO,xlsx_votos_por_localidad
2011,GENERAL,2011-10-23,PRESIDENTE Y VICE,21,Santa Fe,Castellanos,Humberto Primo,0117,Coalición Cívica - Afirmación para una República Igualitaria ARI,agrupacion,46,NO DECLARADO,xlsx_votos_por_localidad
2011,GENERAL,2011-10-23,PRESIDENTE Y VICE,21,Santa Fe,Castellanos,Humberto Primo,0117,EN BLANCO,blancos,50,NO DECLARADO,xlsx_votos_por_localidad
2011,GENERAL,2011-10-23,PRESIDENTE Y VICE,21,Santa Fe,Castellanos,Humberto Primo,0117,IMPUGNADO,impugnados,0,NO DECLARADO,xlsx_votos_por_localidad
2011,GENERAL,2011-10-23,PRESIDENTE Y VICE,21,Santa Fe,Castellanos,Humberto Primo,0117,NULO,nulos,5,NO DECLARADO,xlsx_votos_por_localidad
2011,GENERAL,2011-10-23,PRESIDENTE Y VICE,21,Santa Fe,Castellanos,Humberto Primo,0117,POSITIVO,positivo,2835,NO DECLARADO,xlsx_votos_por_localidad
2011,GENERAL,2011-10-23,PRESIDENTE Y VICE,21,Santa Fe,Castellanos,Humberto Primo,0117,RECURRIDO,recurridos,0,NO DECLARADO,xlsx_votos_por_localidad
2011,GENERAL,2011-10-23,PRESIDENTE Y VICE,21,Santa Fe,Castellanos,Josefina,0134,Alianza Compromiso Federal,agrupacion,36,NO DECLARADO,xlsx_votos_por_localidad
2011,GENERAL,2011-10-23,PRESIDENTE Y VICE,21,Santa Fe,Castellanos,Josefina,0134,Alianza Frente Amplio Progresista,agrupacion,227,NO DECLARADO,xlsx_votos_por_localidad
2011,GENERAL,2011-10-23,PRESIDENTE Y VICE,21,Santa Fe,Castellanos,Josefina,0134,Alianza Frente Popular,agrupacion,41,NO DECLARADO,xlsx_votos_por_localidad
2011,GENERAL,2011-10-23,PRESIDENTE Y VICE,21,Santa Fe,Castellanos,Josefina,0134,Alianza Frente de Izquierda y de los Trabajadores,agrupacion,10,NO DECLARADO,xlsx_votos_por_localidad
2011,GENERAL,2011-10-23,PRESIDENTE Y VICE,21,Santa Fe,Castellanos,Josefina,0134,Alianza Frente para la Victoria,agrupacion,372,NO DECLARADO,xlsx_votos_por_localidad
2011,GENERAL,2011-10-23,PRESIDENTE Y VICE,21,Santa Fe,Castellanos,Josefina,0134,Alianza Unión para el Desarrollo Social,agrupacion,83,NO DECLARADO,xlsx_votos_por_localidad
2011,GENERAL,2011-10-23,PRESIDENTE Y VICE,21,Santa Fe,Castellanos,Josefina,0134,Coalición Cívica - Afirmación para una República Igualitaria ARI,agrupacion,13,NO DECLARADO,xlsx_votos_por_localidad
2011,GENERAL,2011-10-23,PRESIDENTE Y VICE,21,Santa Fe,Castellanos,Josefina,0134,EN BLANCO,blancos,19,NO DECLARADO,xlsx_votos_por_localidad
2011,GENERAL,2011-10-23,PRESIDENTE Y VICE,21,Santa Fe,Castellanos,Josefina,0134,IMPUGNADO,impugnados,0,NO DECLARADO,xlsx_votos_por_localidad
2011,GENERAL,2011-10-23,PRESIDENTE Y VICE,21,Santa Fe,Castellanos,Josefina,0134,NULO,nulos,5,NO DECLARADO,xlsx_votos_por_localidad
2011,GENERAL,2011-10-23,PRESIDENTE Y VICE,21,Santa Fe,Castellanos,Josefina,0134,POSITIVO,positivo,782,NO DECLARADO,xlsx_votos_por_localidad
2011,GENERAL,2011-10-23,PRESIDENTE Y VICE,21,Santa Fe,Castellanos,Josefina,0134,RECURRIDO,recurridos,0,NO DECLARADO,xlsx_votos_por_localidad
2011,GENERAL,2011-10-23,PRESIDENTE Y VICE,21,Santa Fe,Castellanos,Lehmann,0123,Alianza Compromiso Federal,agrupacion,170,NO DECLARADO,xlsx_votos_por_localidad
2011,GENERAL,2011-10-23,PRESIDENTE Y VICE,21,Santa Fe,Castellanos,Lehmann,0123,Alianza Frente Amplio Progresista,agrupacion,605,NO DECLARADO,xlsx_votos_por_localidad
2011,GENERAL,2011-10-23,PRESIDENTE Y VICE,21,Santa Fe,Castellanos,Lehmann,0123,Alianza Frente Popular,agrupacion,92,NO DECLARADO,xlsx_votos_por_localidad
2011,GENERAL,2011-10-23,PRESIDENTE Y VICE,21,Santa Fe,Castellanos,Lehmann,0123,Alianza Frente de Izquierda y de los Trabajadores,agrupacion,22,NO DECLARADO,xlsx_votos_por_localidad
2011,GENERAL,2011-10-23,PRESIDENTE Y VICE,21,Santa Fe,Castellanos,Lehmann,0123,Alianza Frente para la Victoria,agrupacion,682,NO DECLARADO,xlsx_votos_por_localidad
2011,GENERAL,2011-10-23,PRESIDENTE Y VICE,21,Santa Fe,Castellanos,Lehmann,0123,Alianza Unión para el Desarrollo Social,agrupacion,82,NO DECLARADO,xlsx_votos_por_localidad
2011,GENERAL,2011-10-23,PRESIDENTE Y VICE,21,Santa Fe,Castellanos,Lehmann,0123,Coalición Cívica - Afirmación para una República Igualitaria ARI,agrupacion,25,NO DECLARADO,xlsx_votos_por_localidad
2011,GENERAL,2011-10-23,PRESIDENTE Y VICE,21,Santa Fe,Castellanos,Lehmann,0123,EN BLANCO,blancos,12,NO DECLARADO,xlsx_votos_por_localidad
2011,GENERAL,2011-10-23,PRESIDENTE Y VICE,21,Santa Fe,Castellanos,Lehmann,0123,IMPUGNADO,impugnados,0,NO DECLARADO,xlsx_votos_por_localidad
2011,GENERAL,2011-10-23,PRESIDENTE Y VICE,21,Santa Fe,Castellanos,Lehmann,0123,NULO,nulos,22,NO DECLARADO,xlsx_votos_por_localidad
2011,GENERAL,2011-10-23,PRESIDENTE Y VICE,21,Santa Fe,Castellanos,Lehmann,0123,POSITIVO,positivo,1678,NO DECLARADO,xlsx_votos_por_localidad
2011,GENERAL,2011-10-23,PRESIDENTE Y VICE,21,Santa Fe,Castellanos,Lehmann,0123,RECURRIDO,recurridos,0,NO DECLARADO,xlsx_votos_por_localidad
2011,GENERAL,2011-10-23,PRESIDENTE Y VICE,21,Santa Fe,Castellanos,María Juana,0140,Alianza Compromiso Federal,agrupacion,129,NO DECLARADO,xlsx_votos_por_localidad
2011,GENERAL,2011-10-23,PRESIDENTE Y VICE,21,Santa Fe,Castellanos,María Juana,0140,Alianza Frente Amplio Progresista,agrupacion,1339,NO DECLARADO,xlsx_votos_por_localidad
2011,GENERAL,2011-10-23,PRESIDENTE Y VICE,21,Santa Fe,Castellanos,María Juana,0140,Alianza Frente Popular,agrupacion,115,NO DECLARADO,xlsx_votos_por_localidad
2011,GENERAL,2011-10-23,PRESIDENTE Y VICE,21,Santa Fe,Castellanos,María Juana,0140,Alianza Frente de Izquierda y de los Trabajadores,agrupacion,61,NO DECLARADO,xlsx_votos_por_localidad
2011,GENERAL,2011-10-23,PRESIDENTE Y VICE,21,Santa Fe,Castellanos,María Juana,0140,Alianza Frente para la Victoria,agrupacion,1202,NO DECLARADO,xlsx_votos_por_localidad
2011,GENERAL,2011-10-23,PRESIDENTE Y VICE,21,Santa Fe,Castellanos,María Juana,0140,Alianza Unión para el Desarrollo Social,agrupacion,171,NO DECLARADO,xlsx_votos_por_localidad
2011,GENERAL,2011-10-23,PRESIDENTE Y VICE,21,Santa Fe,Castellanos,María Juana,0140,Coalición Cívica - Afirmación para una República Igualitaria ARI,agrupacion,39,NO DECLARADO,xlsx_votos_por_localidad
2011,GENERAL,2011-10-23,PRESIDENTE Y VICE,21,Santa Fe,Castellanos,María Juana,0140,EN BLANCO,blancos,27,NO DECLARADO,xlsx_votos_por_localidad
2011,GENERAL,2011-10-23,PRESIDENTE Y VICE,21,Santa Fe,Castellanos,María Juana,0140,IMPUGNADO,impugnados,0,NO DECLARADO,xlsx_votos_por_localidad
2011,GENERAL,2011-10-23,PRESIDENTE Y VICE,21,Santa Fe,Castellanos,María Juana,0140,NULO,nulos,50,NO DECLARADO,xlsx_votos_por_localidad
2011,GENERAL,2011-10-23,PRESIDENTE Y VICE,21,Santa Fe,Castellanos,María Juana,0140,POSITIVO,positivo,3056,NO DECLARADO,xlsx_votos_por_localidad
2011,GENERAL,2011-10-23,PRESIDENTE Y VICE,21,Santa Fe,Castellanos,María Juana,0140,RECURRIDO,recurridos,0,NO DECLARADO,xlsx_votos_por_localidad
2011,GENERAL,2011-10-23,PRESIDENTE Y VICE,21,Santa Fe,Castellanos,Ramona,0124,Alianza Compromiso Federal,agrupacion,60,NO DECLARADO,xlsx_votos_por_localidad
2011,GENERAL,2011-10-23,PRESIDENTE Y VICE,21,Santa Fe,Castellanos,Ramona,0124,Alianza Frente Amplio Progresista,agrupacion,473,NO DECLARADO,xlsx_votos_por_localidad
2011,GENERAL,2011-10-23,PRESIDENTE Y VICE,21,Santa Fe,Castellanos,Ramona,0124,Alianza Frente Popular,agrupacion,96,NO DECLARADO,xlsx_votos_por_localidad
2011,GENERAL,2011-10-23,PRESIDENTE Y VICE,21,Santa Fe,Castellanos,Ramona,0124,Alianza Frente de Izquierda y de los Trabajadores,agrupacion,20,NO DECLARADO,xlsx_votos_por_localidad
2011,GENERAL,2011-10-23,PRESIDENTE Y VICE,21,Santa Fe,Castellanos,Ramona,0124,Alianza Frente para la Victoria,agrupacion,385,NO DECLARADO,xlsx_votos_por_localidad
2011,GENERAL,2011-10-23,PRESIDENTE Y VICE,21,Santa Fe,Castellanos,Ramona,0124,Alianza Unión para el Desarrollo Social,agrupacion,109,NO DECLARADO,xlsx_votos_por_localidad
2011,GENERAL,2011-10-23,PRESIDENTE Y VICE,21,Santa Fe,Castellanos,Ramona,0124,Coalición Cívica - Afirmación para una República Igualitaria ARI,agrupacion,23,NO DECLARADO,xlsx_votos_por_localidad
2011,GENERAL,2011-10-23,PRESIDENTE Y VICE,21,Santa Fe,Castellanos,Ramona,0124,EN BLANCO,blancos,16,NO DECLARADO,xlsx_votos_por_localidad
2011,GENERAL,2011-10-23,PRESIDENTE Y VICE,21,Santa Fe,Castellanos,Ramona,0124,IMPUGNADO,impugnados,0,NO DECLARADO,xlsx_votos_por_localidad
2011,GENERAL,2011-10-23,PRESIDENTE Y VICE,21,Santa Fe,Castellanos,Ramona,0124,NULO,nulos,16,NO DECLARADO,xlsx_votos_por_localidad
2011,GENERAL,2011-10-23,PRESIDENTE Y VICE,21,Santa Fe,Castellanos,Ramona,0124,POSITIVO,positivo,1166,NO DECLARADO,xlsx_votos_por_localidad
2011,GENERAL,2011-10-23,PRESIDENTE Y VICE,21,Santa Fe,Castellanos,Ramona,0124,RECURRIDO,recurridos,0,NO DECLARADO,xlsx_votos_por_localidad
2011,GENERAL,2011-10-23,PRESIDENTE Y VICE,21,Santa Fe,Castellanos,San Vicente,0142,Alianza Compromiso Federal,agrupacion,273,NO DECLARADO,xlsx_votos_por_localidad
2011,GENERAL,2011-10-23,PRESIDENTE Y VICE,21,Santa Fe,Castellanos,San Vicente,0142,Alianza Frente Amplio Progresista,agrupacion,1540,NO DECLARADO,xlsx_votos_por_localidad
2011,GENERAL,2011-10-23,PRESIDENTE Y VICE,21,Santa Fe,Castellanos,San Vicente,0142,Alianza Frente Popular,agrupacion,336,NO DECLARADO,xlsx_votos_por_localidad
2011,GENERAL,2011-10-23,PRESIDENTE Y VICE,21,Santa Fe,Castellanos,San Vicente,0142,Alianza Frente de Izquierda y de los Trabajadores,agrupacion,64,NO DECLARADO,xlsx_votos_por_localidad
2011,GENERAL,2011-10-23,PRESIDENTE Y VICE,21,Santa Fe,Castellanos,San Vicente,0142,Alianza Frente para la Victoria,agrupacion,1283,NO DECLARADO,xlsx_votos_por_localidad
2011,GENERAL,2011-10-23,PRESIDENTE Y VICE,21,Santa Fe,Castellanos,San Vicente,0142,Alianza Unión para el Desarrollo Social,agrupacion,315,NO DECLARADO,xlsx_votos_por_localidad
2011,GENERAL,2011-10-23,PRESIDENTE Y VICE,21,Santa Fe,Castellanos,San Vicente,0142,Coalición Cívica - Afirmación para una República Igualitaria ARI,agrupacion,46,NO DECLARADO,xlsx_votos_por_localidad
2011,GENERAL,2011-10-23,PRESIDENTE Y VICE,21,Santa Fe,Castellanos,San Vicente,0142,EN BLANCO,blancos,69,NO DECLARADO,xlsx_votos_por_localidad
2011,GENERAL,2011-10-23,PRESIDENTE Y VICE,21,Santa Fe,Castellanos,San Vicente,0142,IMPUGNADO,impugnados,0,NO DECLARADO,xlsx_votos_por_localidad
2011,GENERAL,2011-10-23,PRESIDENTE Y VICE,21,Santa Fe,Castellanos,San Vicente,0142,NULO,nulos,16,NO DECLARADO,xlsx_votos_por_localidad
2011,GENERAL,2011-10-23,PRESIDENTE Y VICE,21,Santa Fe,Castellanos,San Vicente,0142,POSITIVO,positivo,3857,NO DECLARADO,xlsx_votos_por_localidad
2011,GENERAL,2011-10-23,PRESIDENTE Y VICE,21,Santa Fe,Castellanos,San Vicente,0142,RECURRIDO,recurridos,0,NO DECLARADO,xlsx_votos_por_localidad
2011,GENERAL,2011-10-23,PRESIDENTE Y VICE,21,Santa Fe,Castellanos,Santa Clara de Saguier,0130,Alianza Compromiso Federal,agrupacion,104,NO DECLARADO,xlsx_votos_por_localidad
2011,GENERAL,2011-10-23,PRESIDENTE Y VICE,21,Santa Fe,Castellanos,Santa Clara de Saguier,0130,Alianza Frente Amplio Progresista,agrupacion,445,NO DECLARADO,xlsx_votos_por_localidad
2011,GENERAL,2011-10-23,PRESIDENTE Y VICE,21,Santa Fe,Castellanos,Santa Clara de Saguier,0130,Alianza Frente Popular,agrupacion,67,NO DECLARADO,xlsx_votos_por_localidad
2011,GENERAL,2011-10-23,PRESIDENTE Y VICE,21,Santa Fe,Castellanos,Santa Clara de Saguier,0130,Alianza Frente de Izquierda y de los Trabajadores,agrupacion,22,NO DECLARADO,xlsx_votos_por_localidad
2011,GENERAL,2011-10-23,PRESIDENTE Y VICE,21,Santa Fe,Castellanos,Santa Clara de Saguier,0130,Alianza Frente para la Victoria,agrupacion,543,NO DECLARADO,xlsx_votos_por_localidad
2011,GENERAL,2011-10-23,PRESIDENTE Y VICE,21,Santa Fe,Castellanos,Santa Clara de Saguier,0130,Alianza Unión para el Desarrollo Social,agrupacion,115,NO DECLARADO,xlsx_votos_por_localidad
2011,GENERAL,2011-10-23,PRESIDENTE Y VICE,21,Santa Fe,Castellanos,Santa Clara de Saguier,0130,Coalición Cívica - Afirmación para una República Igualitaria ARI,agrupacion,15,NO DECLARADO,xlsx_votos_por_localidad
2011,GENERAL,2011-10-23,PRESIDENTE Y VICE,21,Santa Fe,Castellanos,Santa Clara de Saguier,0130,EN BLANCO,blancos,24,NO DECLARADO,xlsx_votos_por_localidad
2011,GENERAL,2011-10-23,PRESIDENTE Y VICE,21,Santa Fe,Castellanos,Santa Clara de Saguier,0130,IMPUGNADO,impugnados,0,NO DECLARADO,xlsx_votos_por_localidad
2011,GENERAL,2011-10-23,PRESIDENTE Y VICE,21,Santa Fe,Castellanos,Santa Clara de Saguier,0130,NULO,nulos,3,NO DECLARADO,xlsx_votos_por_localidad
2011,GENERAL,2011-10-23,PRESIDENTE Y VICE,21,Santa Fe,Castellanos,Santa Clara de Saguier,0130,POSITIVO,positivo,1311,NO DECLARADO,xlsx_votos_por_localidad
2011,GENERAL,2011-10-23,PRESIDENTE Y VICE,21,Santa Fe,Castellanos,Santa Clara de Saguier,0130,RECURRIDO,recurridos,0,NO DECLARADO,xlsx_votos_por_localidad
2011,GENERAL,2011-10-23,PRESIDENTE Y VICE,21,Santa Fe,Castellanos,Sunchales,0118,Alianza Compromiso Federal,agrupacion,482,NO DECLARADO,xlsx_votos_por_localidad
2011,GENERAL,2011-10-23,PRESIDENTE Y VICE,21,Santa Fe,Castellanos,Sunchales,0118,Alianza Frente Amplio Progresista,agrupacion,5070,NO DECLARADO,xlsx_votos_por_localidad
2011,GENERAL,2011-10-23,PRESIDENTE Y VICE,21,Santa Fe,Castellanos,Sunchales,0118,Alianza Frente Popular,agrupacion,631,NO DECLARADO,xlsx_votos_por_localidad
2011,GENERAL,2011-10-23,PRESIDENTE Y VICE,21,Santa Fe,Castellanos,Sunchales,0118,Alianza Frente de Izquierda y de los Trabajadores,agrupacion,149,NO DECLARADO,xlsx_votos_por_localidad
2011,GENERAL,2011-10-23,PRESIDENTE Y VICE,21,Santa Fe,Castellanos,Sunchales,0118,Alianza Frente para la Victoria,agrupacion,5089,NO DECLARADO,xlsx_votos_por_localidad
2011,GENERAL,2011-10-23,PRESIDENTE Y VICE,21,Santa Fe,Castellanos,Sunchales,0118,Alianza Unión para el Desarrollo Social,agrupacion,616,NO DECLARADO,xlsx_votos_por_localidad
2011,GENERAL,2011-10-23,PRESIDENTE Y VICE,21,Santa Fe,Castellanos,Sunchales,0118,Coalición Cívica - Afirmación para una República Igualitaria ARI,agrupacion,255,NO DECLARADO,xlsx_votos_por_localidad
2011,GENERAL,2011-10-23,PRESIDENTE Y VICE,21,Santa Fe,Castellanos,Sunchales,0118,EN BLANCO,blancos,139,NO DECLARADO,xlsx_votos_por_localidad
2011,GENERAL,2011-10-23,PRESIDENTE Y VICE,21,Santa Fe,Castellanos,Sunchales,0118,IMPUGNADO,impugnados,0,NO DECLARADO,xlsx_votos_por_localidad
2011,GENERAL,2011-10-23,PRESIDENTE Y VICE,21,Santa Fe,Castellanos,Sunchales,0118,NULO,nulos,109,NO DECLARADO,xlsx_votos_por_localidad
2011,GENERAL,2011-10-23,PRESIDENTE Y VICE,21,Santa Fe,Castellanos,Sunchales,0118,POSITIVO,positivo,12292,NO DECLARADO,xlsx_votos_por_localidad
2011,GENERAL,2011-10-23,PRESIDENTE Y VICE,21,Santa Fe,Castellanos,Sunchales,0118,RECURRIDO,recurridos,0,NO DECLARADO,xlsx_votos_por_localidad
2011,GENERAL,2011-10-23,PRESIDENTE Y VICE,21,Santa Fe,Castellanos,Zenón Pereyra,0138,Alianza Compromiso Federal,agrupacion,49,NO DECLARADO,xlsx_votos_por_localidad
2011,GENERAL,2011-10-23,PRESIDENTE Y VICE,21,Santa Fe,Castellanos,Zenón Pereyra,0138,Alianza Frente Amplio Progresista,agrupacion,557,NO DECLARADO,xlsx_votos_por_localidad
2011,GENERAL,2011-10-23,PRESIDENTE Y VICE,21,Santa Fe,Castellanos,Zenón Pereyra,0138,Alianza Frente Popular,agrupacion,61,NO DECLARADO,xlsx_votos_por_localidad
2011,GENERAL,2011-10-23,PRESIDENTE Y VICE,21,Santa Fe,Castellanos,Zenón Pereyra,0138,Alianza Frente de Izquierda y de los Trabajadores,agrupacion,11,NO DECLARADO,xlsx_votos_por_localidad
2011,GENERAL,2011-10-23,PRESIDENTE Y VICE,21,Santa Fe,Castellanos,Zenón Pereyra,0138,Alianza Frente para la Victoria,agrupacion,361,NO DECLARADO,xlsx_votos_por_localidad
2011,GENERAL,2011-10-23,PRESIDENTE Y VICE,21,Santa Fe,Castellanos,Zenón Pereyra,0138,Alianza Unión para el Desarrollo Social,agrupacion,52,NO DECLARADO,xlsx_votos_por_localidad
2011,GENERAL,2011-10-23,PRESIDENTE Y VICE,21,Santa Fe,Castellanos,Zenón Pereyra,0138,Coalición Cívica - Afirmación para una República Igualitaria ARI,agrupacion,23,NO DECLARADO,xlsx_votos_por_localidad
2011,GENERAL,2011-10-23,PRESIDENTE Y VICE,21,Santa Fe,Castellanos,Zenón Pereyra,0138,EN BLANCO,blancos,17,NO DECLARADO,xlsx_votos_por_localidad
2011,GENERAL,2011-10-23,PRESIDENTE Y VICE,21,Santa Fe,Castellanos,Zenón Pereyra,0138,IMPUGNADO,impugnados,0,NO DECLARADO,xlsx_votos_por_localidad
2011,GENERAL,2011-10-23,PRESIDENTE Y VICE,21,Santa Fe,Castellanos,Zenón Pereyra,0138,NULO,nulos,7,NO DECLARADO,xlsx_votos_por_localidad
2011,GENERAL,2011-10-23,PRESIDENTE Y VICE,21,Santa Fe,Castellanos,Zenón Pereyra,0138,POSITIVO,positivo,1114,NO DECLARADO,xlsx_votos_por_localidad
2011,GENERAL,2011-10-23,PRESIDENTE Y VICE,21,Santa Fe,Castellanos,Zenón Pereyra,0138,RECURRIDO,recurridos,0,NO DECLARADO,xlsx_votos_por_localidad
2011,GENERAL,2011-10-23,PRESIDENTE Y VICE,21,Santa Fe,Las Colonias,Esperanza,0055,Alianza Compromiso Federal,agrupacion,935,NO DECLARADO,xlsx_votos_por_localidad
2011,GENERAL,2011-10-23,PRESIDENTE Y VICE,21,Santa Fe,Las Colonias,Esperanza,0055,Alianza Frente Amplio Progresista,agrupacion,11070,NO DECLARADO,xlsx_votos_por_localidad
2011,GENERAL,2011-10-23,PRESIDENTE Y VICE,21,Santa Fe,Las Colonias,Esperanza,0055,Alianza Frente Popular,agrupacion,1196,NO DECLARADO,xlsx_votos_por_localidad
2011,GENERAL,2011-10-23,PRESIDENTE Y VICE,21,Santa Fe,Las Colonias,Esperanza,0055,Alianza Frente de Izquierda y de los Trabajadores,agrupacion,231,NO DECLARADO,xlsx_votos_por_localidad
2011,GENERAL,2011-10-23,PRESIDENTE Y VICE,21,Santa Fe,Las Colonias,Esperanza,0055,Alianza Frente para la Victoria,agrupacion,7141,NO DECLARADO,xlsx_votos_por_localidad
2011,GENERAL,2011-10-23,PRESIDENTE Y VICE,21,Santa Fe,Las Colonias,Esperanza,0055,Alianza Unión para el Desarrollo Social,agrupacion,1194,NO DECLARADO,xlsx_votos_por_localidad
2011,GENERAL,2011-10-23,PRESIDENTE Y VICE,21,Santa Fe,Las Colonias,Esperanza,0055,Coalición Cívica - Afirmación para una República Igualitaria ARI,agrupacion,425,NO DECLARADO,xlsx_votos_por_localidad
2011,GENERAL,2011-10-23,PRESIDENTE Y VICE,21,Santa Fe,Las Colonias,Esperanza,0055,EN BLANCO,blancos,298,NO DECLARADO,xlsx_votos_por_localidad
2011,GENERAL,2011-10-23,PRESIDENTE Y VICE,21,Santa Fe,Las Colonias,Esperanza,0055,IMPUGNADO,impugnados,1,NO DECLARADO,xlsx_votos_por_localidad
2011,GENERAL,2011-10-23,PRESIDENTE Y VICE,21,Santa Fe,Las Colonias,Esperanza,0055,NULO,nulos,340,NO DECLARADO,xlsx_votos_por_localidad
2011,GENERAL,2011-10-23,PRESIDENTE Y VICE,21,Santa Fe,Las Colonias,Esperanza,0055,POSITIVO,positivo,22192,NO DECLARADO,xlsx_votos_por_localidad
2011,GENERAL,2011-10-23,PRESIDENTE Y VICE,21,Santa Fe,Las Colonias,Esperanza,0055,RECURRIDO,recurridos,0,NO DECLARADO,xlsx_votos_por_localidad
2011,GENERAL,2011-10-23,PRESIDENTE Y VICE,21,Santa Fe,Las Colonias,Felicia,0060,Alianza Compromiso Federal,agrupacion,84,NO DECLARADO,xlsx_votos_por_localidad
2011,GENERAL,2011-10-23,PRESIDENTE Y VICE,21,Santa Fe,Las Colonias,Felicia,0060,Alianza Frente Amplio Progresista,agrupacion,589,NO DECLARADO,xlsx_votos_por_localidad
2011,GENERAL,2011-10-23,PRESIDENTE Y VICE,21,Santa Fe,Las Colonias,Felicia,0060,Alianza Frente Popular,agrupacion,130,NO DECLARADO,xlsx_votos_por_localidad
2011,GENERAL,2011-10-23,PRESIDENTE Y VICE,21,Santa Fe,Las Colonias,Felicia,0060,Alianza Frente de Izquierda y de los Trabajadores,agrupacion,20,NO DECLARADO,xlsx_votos_por_localidad
2011,GENERAL,2011-10-23,PRESIDENTE Y VICE,21,Santa Fe,Las Colonias,Felicia,0060,Alianza Frente para la Victoria,agrupacion,371,NO DECLARADO,xlsx_votos_por_localidad
2011,GENERAL,2011-10-23,PRESIDENTE Y VICE,21,Santa Fe,Las Colonias,Felicia,0060,Alianza Unión para el Desarrollo Social,agrupacion,100,NO DECLARADO,xlsx_votos_por_localidad
2011,GENERAL,2011-10-23,PRESIDENTE Y VICE,21,Santa Fe,Las Colonias,Felicia,0060,Coalición Cívica - Afirmación para una República Igualitaria ARI,agrupacion,17,NO DECLARADO,xlsx_votos_por_localidad
2011,GENERAL,2011-10-23,PRESIDENTE Y VICE,21,Santa Fe,Las Colonias,Felicia,0060,EN BLANCO,blancos,22,NO DECLARADO,xlsx_votos_por_localidad
2011,GENERAL,2011-10-23,PRESIDENTE Y VICE,21,Santa Fe,Las Colonias,Felicia,0060,IMPUGNADO,impugnados,0,NO DECLARADO,xlsx_votos_por_localidad
2011,GENERAL,2011-10-23,PRESIDENTE Y VICE,21,Santa Fe,Las Colonias,Felicia,0060,NULO,nulos,5,NO DECLARADO,xlsx_votos_por_localidad
2011,GENERAL,2011-10-23,PRESIDENTE Y VICE,21,Santa Fe,Las Colonias,Felicia,0060,POSITIVO,positivo,1311,NO DECLARADO,xlsx_votos_por_localidad
2011,GENERAL,2011-10-23,PRESIDENTE Y VICE,21,Santa Fe,Las Colonias,Felicia,0060,RECURRIDO,recurridos,0,NO DECLARADO,xlsx_votos_por_localidad
2011,GENERAL,2011-10-23,PRESIDENTE Y VICE,21,Santa Fe,Las Colonias,Franck,0053,Alianza Compromiso Federal,agrupacion,174,NO DECLARADO,xlsx_votos_por_localidad
2011,GENERAL,2011-10-23,PRESIDENTE Y VICE,21,Santa Fe,Las Colonias,Franck,0053,Alianza Frente Amplio Progresista,agrupacion,1597,NO DECLARADO,xlsx_votos_por_localidad
2011,GENERAL,2011-10-23,PRESIDENTE Y VICE,21,Santa Fe,Las Colonias,Franck,0053,Alianza Frente Popular,agrupacion,256,NO DECLARADO,xlsx_votos_por_localidad
2011,GENERAL,2011-10-23,PRESIDENTE Y VICE,21,Santa Fe,Las Colonias,Franck,0053,Alianza Frente de Izquierda y de los Trabajadores,agrupacion,56,NO DECLARADO,xlsx_votos_por_localidad
2011,GENERAL,2011-10-23,PRESIDENTE Y VICE,21,Santa Fe,Las Colonias,Franck,0053,Alianza Frente para la Victoria,agrupacion,814,NO DECLARADO,xlsx_votos_por_localidad
2011,GENERAL,2011-10-23,PRESIDENTE Y VICE,21,Santa Fe,Las Colonias,Franck,0053,Alianza Unión para el Desarrollo Social,agrupacion,290,NO DECLARADO,xlsx_votos_por_localidad
2011,GENERAL,2011-10-23,PRESIDENTE Y VICE,21,Santa Fe,Las Colonias,Franck,0053,Coalición Cívica - Afirmación para una República Igualitaria ARI,agrupacion,55,NO DECLARADO,xlsx_votos_por_localidad
2011,GENERAL,2011-10-23,PRESIDENTE Y VICE,21,Santa Fe,Las Colonias,Franck,0053,EN BLANCO,blancos,105,NO DECLARADO,xlsx_votos_por_localidad
2011,GENERAL,2011-10-23,PRESIDENTE Y VICE,21,Santa Fe,Las Colonias,Franck,0053,IMPUGNADO,impugnados,0,NO DECLARADO,xlsx_votos_por_localidad
2011,GENERAL,2011-10-23,PRESIDENTE Y VICE,21,Santa Fe,Las Colonias,Franck,0053,NULO,nulos,12,NO DECLARADO,xlsx_votos_por_localidad
2011,GENERAL,2011-10-23,PRESIDENTE Y VICE,21,Santa Fe,Las Colonias,Franck,0053,POSITIVO,positivo,3242,NO DECLARADO,xlsx_votos_por_localidad
2011,GENERAL,2011-10-23,PRESIDENTE Y VICE,21,Santa Fe,Las Colonias,Franck,0053,RECURRIDO,recurridos,0,NO DECLARADO,xlsx_votos_por_localidad
2011,GENERAL,2011-10-23,PRESIDENTE Y VICE,21,Santa Fe,Las Colonias,Humboldt,0056,Alianza Compromiso Federal,agrupacion,156,NO DECLARADO,xlsx_votos_por_localidad
2011,GENERAL,2011-10-23,PRESIDENTE Y VICE,21,Santa Fe,Las Colonias,Humboldt,0056,Alianza Frente Amplio Progresista,agrupacion,1198,NO DECLARADO,xlsx_votos_por_localidad
2011,GENERAL,2011-10-23,PRESIDENTE Y VICE,21,Santa Fe,Las Colonias,Humboldt,0056,Alianza Frente Popular,agrupacion,277,NO DECLARADO,xlsx_votos_por_localidad
2011,GENERAL,2011-10-23,PRESIDENTE Y VICE,21,Santa Fe,Las Colonias,Humboldt,0056,Alianza Frente de Izquierda y de los Trabajadores,agrupacion,36,NO DECLARADO,xlsx_votos_por_localidad
2011,GENERAL,2011-10-23,PRESIDENTE Y VICE,21,Santa Fe,Las Colonias,Humboldt,0056,Alianza Frente para la Victoria,agrupacion,825,NO DECLARADO,xlsx_votos_por_localidad
2011,GENERAL,2011-10-23,PRESIDENTE Y VICE,21,Santa Fe,Las Colonias,Humboldt,0056,Alianza Unión para el Desarrollo Social,agrupacion,315,NO DECLARADO,xlsx_votos_por_localidad
2011,GENERAL,2011-10-23,PRESIDENTE Y VICE,21,Santa Fe,Las Colonias,Humboldt,0056,Coalición Cívica - Afirmación para una República Igualitaria ARI,agrupacion,50,NO DECLARADO,xlsx_votos_por_localidad
2011,GENERAL,2011-10-23,PRESIDENTE Y VICE,21,Santa Fe,Las Colonias,Humboldt,0056,EN BLANCO,blancos,63,NO DECLARADO,xlsx_votos_por_localidad
2011,GENERAL,2011-10-23,PRESIDENTE Y VICE,21,Santa Fe,Las Colonias,Humboldt,0056,IMPUGNADO,impugnados,0,NO DECLARADO,xlsx_votos_por_localidad
2011,GENERAL,2011-10-23,PRESIDENTE Y VICE,21,Santa Fe,Las Colonias,Humboldt,0056,NULO,nulos,11,NO DECLARADO,xlsx_votos_por_localidad
2011,GENERAL,2011-10-23,PRESIDENTE Y VICE,21,Santa Fe,Las Colonias,Humboldt,0056,POSITIVO,positivo,2857,NO DECLARADO,xlsx_votos_por_localidad
2011,GENERAL,2011-10-23,PRESIDENTE Y VICE,21,Santa Fe,Las Colonias,Humboldt,0056,RECURRIDO,recurridos,0,NO DECLARADO,xlsx_votos_por_localidad
2011,GENERAL,2011-10-23,PRESIDENTE Y VICE,21,Santa Fe,Las Colonias,Pilar,0057,Alianza Compromiso Federal,agrupacion,93,NO DECLARADO,xlsx_votos_por_localidad
2011,GENERAL,2011-10-23,PRESIDENTE Y VICE,21,Santa Fe,Las Colonias,Pilar,0057,Alianza Frente Amplio Progresista,agrupacion,1149,NO DECLARADO,xlsx_votos_por_localidad
2011,GENERAL,2011-10-23,PRESIDENTE Y VICE,21,Santa Fe,Las Colonias,Pilar,0057,Alianza Frente Popular,agrupacion,157,NO DECLARADO,xlsx_votos_por_localidad
2011,GENERAL,2011-10-23,PRESIDENTE Y VICE,21,Santa Fe,Las Colonias,Pilar,0057,Alianza Frente de Izquierda y de los Trabajadores,agrupacion,35,NO DECLARADO,xlsx_votos_por_localidad
2011,GENERAL,2011-10-23,PRESIDENTE Y VICE,21,Santa Fe,Las Colonias,Pilar,0057,Alianza Frente para la Victoria,agrupacion,1043,NO DECLARADO,xlsx_votos_por_localidad
2011,GENERAL,2011-10-23,PRESIDENTE Y VICE,21,Santa Fe,Las Colonias,Pilar,0057,Alianza Unión para el Desarrollo Social,agrupacion,130,NO DECLARADO,xlsx_votos_por_localidad
2011,GENERAL,2011-10-23,PRESIDENTE Y VICE,21,Santa Fe,Las Colonias,Pilar,0057,Coalición Cívica - Afirmación para una República Igualitaria ARI,agrupacion,25,NO DECLARADO,xlsx_votos_por_localidad
2011,GENERAL,2011-10-23,PRESIDENTE Y VICE,21,Santa Fe,Las Colonias,Pilar,0057,EN BLANCO,blancos,64,NO DECLARADO,xlsx_votos_por_localidad
2011,GENERAL,2011-10-23,PRESIDENTE Y VICE,21,Santa Fe,Las Colonias,Pilar,0057,IMPUGNADO,impugnados,0,NO DECLARADO,xlsx_votos_por_localidad
2011,GENERAL,2011-10-23,PRESIDENTE Y VICE,21,Santa Fe,Las Colonias,Pilar,0057,NULO,nulos,6,NO DECLARADO,xlsx_votos_por_localidad
2011,GENERAL,2011-10-23,PRESIDENTE Y VICE,21,Santa Fe,Las Colonias,Pilar,0057,POSITIVO,positivo,2632,NO DECLARADO,xlsx_votos_por_localidad
2011,GENERAL,2011-10-23,PRESIDENTE Y VICE,21,Santa Fe,Las Colonias,Pilar,0057,RECURRIDO,recurridos,0,NO DECLARADO,xlsx_votos_por_localidad
2011,GENERAL,2011-10-23,PRESIDENTE Y VICE,21,Santa Fe,Las Colonias,Progreso,0063,Alianza Compromiso Federal,agrupacion,92,NO DECLARADO,xlsx_votos_por_localidad
2011,GENERAL,2011-10-23,PRESIDENTE Y VICE,21,Santa Fe,Las Colonias,Progreso,0063,Alianza Frente Amplio Progresista,agrupacion,542,NO DECLARADO,xlsx_votos_por_localidad
2011,GENERAL,2011-10-23,PRESIDENTE Y VICE,21,Santa Fe,Las Colonias,Progreso,0063,Alianza Frente Popular,agrupacion,199,NO DECLARADO,xlsx_votos_por_localidad
2011,GENERAL,2011-10-23,PRESIDENTE Y VICE,21,Santa Fe,Las Colonias,Progreso,0063,Alianza Frente de Izquierda y de los Trabajadores,agrupacion,16,NO DECLARADO,xlsx_votos_por_localidad
2011,GENERAL,2011-10-23,PRESIDENTE Y VICE,21,Santa Fe,Las Colonias,Progreso,0063,Alianza Frente para la Victoria,agrupacion,321,NO DECLARADO,xlsx_votos_por_localidad
2011,GENERAL,2011-10-23,PRESIDENTE Y VICE,21,Santa Fe,Las Colonias,Progreso,0063,Alianza Unión para el Desarrollo Social,agrupacion,142,NO DECLARADO,xlsx_votos_por_localidad
2011,GENERAL,2011-10-23,PRESIDENTE Y VICE,21,Santa Fe,Las Colonias,Progreso,0063,Coalición Cívica - Afirmación para una República Igualitaria ARI,agrupacion,18,NO DECLARADO,xlsx_votos_por_localidad
2011,GENERAL,2011-10-23,PRESIDENTE Y VICE,21,Santa Fe,Las Colonias,Progreso,0063,EN BLANCO,blancos,14,NO DECLARADO,xlsx_votos_por_localidad
2011,GENERAL,2011-10-23,PRESIDENTE Y VICE,21,Santa Fe,Las Colonias,Progreso,0063,IMPUGNADO,impugnados,0,NO DECLARADO,xlsx_votos_por_localidad
2011,GENERAL,2011-10-23,PRESIDENTE Y VICE,21,Santa Fe,Las Colonias,Progreso,0063,NULO,nulos,8,NO DECLARADO,xlsx_votos_por_localidad
2011,GENERAL,2011-10-23,PRESIDENTE Y VICE,21,Santa Fe,Las Colonias,Progreso,0063,POSITIVO,positivo,1330,NO DECLARADO,xlsx_votos_por_localidad
2011,GENERAL,2011-10-23,PRESIDENTE Y VICE,21,Santa Fe,Las Colonias,Progreso,0063,RECURRIDO,recurridos,0,NO DECLARADO,xlsx_votos_por_localidad
2011,GENERAL,2011-10-23,PRESIDENTE Y VICE,21,Santa Fe,Las Colonias,San Carlos Centro,0044,Alianza Compromiso Federal,agrupacion,276,NO DECLARADO,xlsx_votos_por_localidad
2011,GENERAL,2011-10-23,PRESIDENTE Y VICE,21,Santa Fe,Las Colonias,San Carlos Centro,0044,Alianza Frente Amplio Progresista,agrupacion,3289,NO DECLARADO,xlsx_votos_por_localidad
2011,GENERAL,2011-10-23,PRESIDENTE Y VICE,21,Santa Fe,Las Colonias,San Carlos Centro,0044,Alianza Frente Popular,agrupacion,357,NO DECLARADO,xlsx_votos_por_localidad
2011,GENERAL,2011-10-23,PRESIDENTE Y VICE,21,Santa Fe,Las Colonias,San Carlos Centro,0044,Alianza Frente de Izquierda y de los Trabajadores,agrupacion,112,NO DECLARADO,xlsx_votos_por_localidad
2011,GENERAL,2011-10-23,PRESIDENTE Y VICE,21,Santa Fe,Las Colonias,San Carlos Centro,0044,Alianza Frente para la Victoria,agrupacion,2536,NO DECLARADO,xlsx_votos_por_localidad
2011,GENERAL,2011-10-23,PRESIDENTE Y VICE,21,Santa Fe,Las Colonias,San Carlos Centro,0044,Alianza Unión para el Desarrollo Social,agrupacion,411,NO DECLARADO,xlsx_votos_por_localidad
2011,GENERAL,2011-10-23,PRESIDENTE Y VICE,21,Santa Fe,Las Colonias,San Carlos Centro,0044,Coalición Cívica - Afirmación para una República Igualitaria ARI,agrupacion,121,NO DECLARADO,xlsx_votos_por_localidad
2011,GENERAL,2011-10-23,PRESIDENTE Y VICE,21,Santa Fe,Las Colonias,San Carlos Centro,0044,EN BLANCO,blancos,102,NO DECLARADO,xlsx_votos_por_localidad
2011,GENERAL,2011-10-23,PRESIDENTE Y VICE,21,Santa Fe,Las Colonias,San Carlos Centro,0044,IMPUGNADO,impugnados,0,NO DECLARADO,xlsx_votos_por_localidad
2011,GENERAL,2011-10-23,PRESIDENTE Y VICE,21,Santa Fe,Las Colonias,San Carlos Centro,0044,NULO,nulos,40,NO DECLARADO,xlsx_votos_por_localidad
2011,GENERAL,2011-10-23,PRESIDENTE Y VICE,21,Santa Fe,Las Colonias,San Carlos Centro,0044,POSITIVO,positivo,7102,NO DECLARADO,xlsx_votos_por_localidad
2011,GENERAL,2011-10-23,PRESIDENTE Y VICE,21,Santa Fe,Las Colonias,San Carlos Centro,0044,RECURRIDO,recurridos,0,NO DECLARADO,xlsx_votos_por_localidad
2011,GENERAL,2011-10-23,PRESIDENTE Y VICE,21,Santa Fe,Las Colonias,San Carlos Sud,0043,Alianza Compromiso Federal,agrupacion,45,NO DECLARADO,xlsx_votos_por_localidad
2011,GENERAL,2011-10-23,PRESIDENTE Y VICE,21,Santa Fe,Las Colonias,San Carlos Sud,0043,Alianza Frente Amplio Progresista,agrupacion,441,NO DECLARADO,xlsx_votos_por_localidad
2011,GENERAL,2011-10-23,PRESIDENTE Y VICE,21,Santa Fe,Las Colonias,San Carlos Sud,0043,Alianza Frente Popular,agrupacion,38,NO DECLARADO,xlsx_votos_por_localidad
2011,GENERAL,2011-10-23,PRESIDENTE Y VICE,21,Santa Fe,Las Colonias,San Carlos Sud,0043,Alianza Frente de Izquierda y de los Trabajadores,agrupacion,28,NO DECLARADO,xlsx_votos_por_localidad
2011,GENERAL,2011-10-23,PRESIDENTE Y VICE,21,Santa Fe,Las Colonias,San Carlos Sud,0043,Alianza Frente para la Victoria,agrupacion,402,NO DECLARADO,xlsx_votos_por_localidad
2011,GENERAL,2011-10-23,PRESIDENTE Y VICE,21,Santa Fe,Las Colonias,San Carlos Sud,0043,Alianza Unión para el Desarrollo Social,agrupacion,65,NO DECLARADO,xlsx_votos_por_localidad
2011,GENERAL,2011-10-23,PRESIDENTE Y VICE,21,Santa Fe,Las Colonias,San Carlos Sud,0043,Coalición Cívica - Afirmación para una República Igualitaria ARI,agrupacion,8,NO DECLARADO,xlsx_votos_por_localidad
2011,GENERAL,2011-10-23,PRESIDENTE Y VICE,21,Santa Fe,Las Colonias,San Carlos Sud,0043,EN BLANCO,blancos,17,NO DECLARADO,xlsx_votos_por_localidad
2011,GENERAL,2011-10-23,PRESIDENTE Y VICE,21,Santa Fe,Las Colonias,San Carlos Sud,0043,IMPUGNADO,impugnados,0,NO DECLARADO,xlsx_votos_por_localidad
2011,GENERAL,2011-10-23,PRESIDENTE Y VICE,21,Santa Fe,Las Colonias,San Carlos Sud,0043,NULO,nulos,0,NO DECLARADO,xlsx_votos_por_localidad
2011,GENERAL,2011-10-23,PRESIDENTE Y VICE,21,Santa Fe,Las Colonias,San Carlos Sud,0043,POSITIVO,positivo,1027,NO DECLARADO,xlsx_votos_por_localidad
2011,GENERAL,2011-10-23,PRESIDENTE Y VICE,21,Santa Fe,Las Colonias,San Carlos Sud,0043,RECURRIDO,recurridos,0,NO DECLARADO,xlsx_votos_por_localidad
2011,GENERAL,2011-10-23,PRESIDENTE Y VICE,21,Santa Fe,Las Colonias,San Jerónimo Norte,0052,Alianza Compromiso Federal,agrupacion,220,NO DECLARADO,xlsx_votos_por_localidad
2011,GENERAL,2011-10-23,PRESIDENTE Y VICE,21,Santa Fe,Las Colonias,San Jerónimo Norte,0052,Alianza Frente Amplio Progresista,agrupacion,2023,NO DECLARADO,xlsx_votos_por_localidad
2011,GENERAL,2011-10-23,PRESIDENTE Y VICE,21,Santa Fe,Las Colonias,San Jerónimo Norte,0052,Alianza Frente Popular,agrupacion,300,NO DECLARADO,xlsx_votos_por_localidad
2011,GENERAL,2011-10-23,PRESIDENTE Y VICE,21,Santa Fe,Las Colonias,San Jerónimo Norte,0052,Alianza Frente de Izquierda y de los Trabajadores,agrupacion,61,NO DECLARADO,xlsx_votos_por_localidad
2011,GENERAL,2011-10-23,PRESIDENTE Y VICE,21,Santa Fe,Las Colonias,San Jerónimo Norte,0052,Alianza Frente para la Victoria,agrupacion,1027,NO DECLARADO,xlsx_votos_por_localidad
2011,GENERAL,2011-10-23,PRESIDENTE Y VICE,21,Santa Fe,Las Colonias,San Jerónimo Norte,0052,Alianza Unión para el Desarrollo Social,agrupacion,388,NO DECLARADO,xlsx_votos_por_localidad
2011,GENERAL,2011-10-23,PRESIDENTE Y VICE,21,Santa Fe,Las Colonias,San Jerónimo Norte,0052,Coalición Cívica - Afirmación para una República Igualitaria ARI,agrupacion,88,NO DECLARADO,xlsx_votos_por_localidad
2011,GENERAL,2011-10-23,PRESIDENTE Y VICE,21,Santa Fe,Las Colonias,San Jerónimo Norte,0052,EN BLANCO,blancos,86,NO DECLARADO,xlsx_votos_por_localidad
2011,GENERAL,2011-10-23,PRESIDENTE Y VICE,21,Santa Fe,Las Colonias,San Jerónimo Norte,0052,IMPUGNADO,impugnados,0,NO DECLARADO,xlsx_votos_por_localidad
2011,GENERAL,2011-10-23,PRESIDENTE Y VICE,21,Santa Fe,Las Colonias,San Jerónimo Norte,0052,NULO,nulos,17,NO DECLARADO,xlsx_votos_por_localidad
2011,GENERAL,2011-10-23,PRESIDENTE Y VICE,21,Santa Fe,Las Colonias,San Jerónimo Norte,0052,POSITIVO,positivo,4107,NO DECLARADO,xlsx_votos_por_localidad
2011,GENERAL,2011-10-23,PRESIDENTE Y VICE,21,Santa Fe,Las Colonias,San Jerónimo Norte,0052,RECURRIDO,recurridos,0,NO DECLARADO,xlsx_votos_por_localidad
2011,GENERAL,2011-10-23,PRESIDENTE Y VICE,21,Santa Fe,Las Colonias,Santa Clara de Buena Vista,0046,Alianza Compromiso Federal,agrupacion,94,NO DECLARADO,xlsx_votos_por_localidad
2011,GENERAL,2011-10-23,PRESIDENTE Y VICE,21,Santa Fe,Las Colonias,Santa Clara de Buena Vista,0046,Alianza Frente Amplio Progresista,agrupacion,753,NO DECLARADO,xlsx_votos_por_localidad
2011,GENERAL,2011-10-23,PRESIDENTE Y VICE,21,Santa Fe,Las Colonias,Santa Clara de Buena Vista,0046,Alianza Frente Popular,agrupacion,108,NO DECLARADO,xlsx_votos_por_localidad
2011,GENERAL,2011-10-23,PRESIDENTE Y VICE,21,Santa Fe,Las Colonias,Santa Clara de Buena Vista,0046,Alianza Frente de Izquierda y de los Trabajadores,agrupacion,36,NO DECLARADO,xlsx_votos_por_localidad
2011,GENERAL,2011-10-23,PRESIDENTE Y VICE,21,Santa Fe,Las Colonias,Santa Clara de Buena Vista,0046,Alianza Frente para la Victoria,agrupacion,563,NO DECLARADO,xlsx_votos_por_localidad
2011,GENERAL,2011-10-23,PRESIDENTE Y VICE,21,Santa Fe,Las Colonias,Santa Clara de Buena Vista,0046,Alianza Unión para el Desarrollo Social,agrupacion,75,NO DECLARADO,xlsx_votos_por_localidad
2011,GENERAL,2011-10-23,PRESIDENTE Y VICE,21,Santa Fe,Las Colonias,Santa Clara de Buena Vista,0046,Coalición Cívica - Afirmación para una República Igualitaria ARI,agrupacion,34,NO DECLARADO,xlsx_votos_por_localidad
2011,GENERAL,2011-10-23,PRESIDENTE Y VICE,21,Santa Fe,Las Colonias,Santa Clara de Buena Vista,0046,EN BLANCO,blancos,16,NO DECLARADO,xlsx_votos_por_localidad
2011,GENERAL,2011-10-23,PRESIDENTE Y VICE,21,Santa Fe,Las Colonias,Santa Clara de Buena Vista,0046,IMPUGNADO,impugnados,0,NO DECLARADO,xlsx_votos_por_localidad
2011,GENERAL,2011-10-23,PRESIDENTE Y VICE,21,Santa Fe,Las Colonias,Santa Clara de Buena Vista,0046,NULO,nulos,20,NO DECLARADO,xlsx_votos_por_localidad
2011,GENERAL,2011-10-23,PRESIDENTE Y VICE,21,Santa Fe,Las Colonias,Santa Clara de Buena Vista,0046,POSITIVO,positivo,1663,NO DECLARADO,xlsx_votos_por_localidad
2011,GENERAL,2011-10-23,PRESIDENTE Y VICE,21,Santa Fe,Las Colonias,Santa Clara de Buena Vista,0046,RECURRIDO,recurridos,0,NO DECLARADO,xlsx_votos_por_localidad
2011,GENERAL,2011-10-23,PRESIDENTE Y VICE,21,Santa Fe,San Martín,Carlos Pellegrini,0160,Alianza Compromiso Federal,agrupacion,170,NO DECLARADO,xlsx_votos_por_localidad
2011,GENERAL,2011-10-23,PRESIDENTE Y VICE,21,Santa Fe,San Martín,Carlos Pellegrini,0160,Alianza Frente Amplio Progresista,agrupacion,1471,NO DECLARADO,xlsx_votos_por_localidad
2011,GENERAL,2011-10-23,PRESIDENTE Y VICE,21,Santa Fe,San Martín,Carlos Pellegrini,0160,Alianza Frente Popular,agrupacion,287,NO DECLARADO,xlsx_votos_por_localidad
2011,GENERAL,2011-10-23,PRESIDENTE Y VICE,21,Santa Fe,San Martín,Carlos Pellegrini,0160,Alianza Frente de Izquierda y de los Trabajadores,agrupacion,60,NO DECLARADO,xlsx_votos_por_localidad
2011,GENERAL,2011-10-23,PRESIDENTE Y VICE,21,Santa Fe,San Martín,Carlos Pellegrini,0160,Alianza Frente para la Victoria,agrupacion,904,NO DECLARADO,xlsx_votos_por_localidad
2011,GENERAL,2011-10-23,PRESIDENTE Y VICE,21,Santa Fe,San Martín,Carlos Pellegrini,0160,Alianza Unión para el Desarrollo Social,agrupacion,201,NO DECLARADO,xlsx_votos_por_localidad
2011,GENERAL,2011-10-23,PRESIDENTE Y VICE,21,Santa Fe,San Martín,Carlos Pellegrini,0160,Coalición Cívica - Afirmación para una República Igualitaria ARI,agrupacion,71,NO DECLARADO,xlsx_votos_por_localidad
2011,GENERAL,2011-10-23,PRESIDENTE Y VICE,21,Santa Fe,San Martín,Carlos Pellegrini,0160,EN BLANCO,blancos,48,NO DECLARADO,xlsx_votos_por_localidad
2011,GENERAL,2011-10-23,PRESIDENTE Y VICE,21,Santa Fe,San Martín,Carlos Pellegrini,0160,IMPUGNADO,impugnados,0,NO DECLARADO,xlsx_votos_por_localidad
2011,GENERAL,2011-10-23,PRESIDENTE Y VICE,21,Santa Fe,San Martín,Carlos Pellegrini,0160,NULO,nulos,31,NO DECLARADO,xlsx_votos_por_localidad
2011,GENERAL,2011-10-23,PRESIDENTE Y VICE,21,Santa Fe,San Martín,Carlos Pellegrini,0160,POSITIVO,positivo,3164,NO DECLARADO,xlsx_votos_por_localidad
2011,GENERAL,2011-10-23,PRESIDENTE Y VICE,21,Santa Fe,San Martín,Carlos Pellegrini,0160,RECURRIDO,recurridos,0,NO DECLARADO,xlsx_votos_por_localidad
2011,GENERAL,2011-10-23,PRESIDENTE Y VICE,21,Santa Fe,San Martín,Cañada Rosquín,0161,Alianza Compromiso Federal,agrupacion,247,NO DECLARADO,xlsx_votos_por_localidad
2011,GENERAL,2011-10-23,PRESIDENTE Y VICE,21,Santa Fe,San Martín,Cañada Rosquín,0161,Alianza Frente Amplio Progresista,agrupacion,1166,NO DECLARADO,xlsx_votos_por_localidad
2011,GENERAL,2011-10-23,PRESIDENTE Y VICE,21,Santa Fe,San Martín,Cañada Rosquín,0161,Alianza Frente Popular,agrupacion,215,NO DECLARADO,xlsx_votos_por_localidad
2011,GENERAL,2011-10-23,PRESIDENTE Y VICE,21,Santa Fe,San Martín,Cañada Rosquín,0161,Alianza Frente de Izquierda y de los Trabajadores,agrupacion,70,NO DECLARADO,xlsx_votos_por_localidad
2011,GENERAL,2011-10-23,PRESIDENTE Y VICE,21,Santa Fe,San Martín,Cañada Rosquín,0161,Alianza Frente para la Victoria,agrupacion,1153,NO DECLARADO,xlsx_votos_por_localidad
2011,GENERAL,2011-10-23,PRESIDENTE Y VICE,21,Santa Fe,San Martín,Cañada Rosquín,0161,Alianza Unión para el Desarrollo Social,agrupacion,232,NO DECLARADO,xlsx_votos_por_localidad
2011,GENERAL,2011-10-23,PRESIDENTE Y VICE,21,Santa Fe,San Martín,Cañada Rosquín,0161,Coalición Cívica - Afirmación para una República Igualitaria ARI,agrupacion,57,NO DECLARADO,xlsx_votos_por_localidad
2011,GENERAL,2011-10-23,PRESIDENTE Y VICE,21,Santa Fe,San Martín,Cañada Rosquín,0161,EN BLANCO,blancos,60,NO DECLARADO,xlsx_votos_por_localidad
2011,GENERAL,2011-10-23,PRESIDENTE Y VICE,21,Santa Fe,San Martín,Cañada Rosquín,0161,IMPUGNADO,impugnados,0,NO DECLARADO,xlsx_votos_por_localidad
2011,GENERAL,2011-10-23,PRESIDENTE Y VICE,21,Santa Fe,San Martín,Cañada Rosquín,0161,NULO,nulos,37,NO DECLARADO,xlsx_votos_por_localidad
2011,GENERAL,2011-10-23,PRESIDENTE Y VICE,21,Santa Fe,San Martín,Cañada Rosquín,0161,POSITIVO,positivo,3140,NO DECLARADO,xlsx_votos_por_localidad
2011,GENERAL,2011-10-23,PRESIDENTE Y VICE,21,Santa Fe,San Martín,Cañada Rosquín,0161,RECURRIDO,recurridos,0,NO DECLARADO,xlsx_votos_por_localidad
2011,GENERAL,2011-10-23,PRESIDENTE Y VICE,21,Santa Fe,San Martín,El Trébol,0165,Alianza Compromiso Federal,agrupacion,411,NO DECLARADO,xlsx_votos_por_localidad
2011,GENERAL,2011-10-23,PRESIDENTE Y VICE,21,Santa Fe,San Martín,El Trébol,0165,Alianza Frente Amplio Progresista,agrupacion,2528,NO DECLARADO,xlsx_votos_por_localidad
2011,GENERAL,2011-10-23,PRESIDENTE Y VICE,21,Santa Fe,San Martín,El Trébol,0165,Alianza Frente Popular,agrupacion,349,NO DECLARADO,xlsx_votos_por_localidad
2011,GENERAL,2011-10-23,PRESIDENTE Y VICE,21,Santa Fe,San Martín,El Trébol,0165,Alianza Frente de Izquierda y de los Trabajadores,agrupacion,104,NO DECLARADO,xlsx_votos_por_localidad
2011,GENERAL,2011-10-23,PRESIDENTE Y VICE,21,Santa Fe,San Martín,El Trébol,0165,Alianza Frente para la Victoria,agrupacion,2803,NO DECLARADO,xlsx_votos_por_localidad
2011,GENERAL,2011-10-23,PRESIDENTE Y VICE,21,Santa Fe,San Martín,El Trébol,0165,Alianza Unión para el Desarrollo Social,agrupacion,534,NO DECLARADO,xlsx_votos_por_localidad
2011,GENERAL,2011-10-23,PRESIDENTE Y VICE,21,Santa Fe,San Martín,El Trébol,0165,Coalición Cívica - Afirmación para una República Igualitaria ARI,agrupacion,114,NO DECLARADO,xlsx_votos_por_localidad
2011,GENERAL,2011-10-23,PRESIDENTE Y VICE,21,Santa Fe,San Martín,El Trébol,0165,EN BLANCO,blancos,138,NO DECLARADO,xlsx_votos_por_localidad
2011,GENERAL,2011-10-23,PRESIDENTE Y VICE,21,Santa Fe,San Martín,El Trébol,0165,IMPUGNADO,impugnados,0,NO DECLARADO,xlsx_votos_por_localidad
2011,GENERAL,2011-10-23,PRESIDENTE Y VICE,21,Santa Fe,San Martín,El Trébol,0165,NULO,nulos,48,NO DECLARADO,xlsx_votos_por_localidad
2011,GENERAL,2011-10-23,PRESIDENTE Y VICE,21,Santa Fe,San Martín,El Trébol,0165,POSITIVO,positivo,6843,NO DECLARADO,xlsx_votos_por_localidad
2011,GENERAL,2011-10-23,PRESIDENTE Y VICE,21,Santa Fe,San Martín,El Trébol,0165,RECURRIDO,recurridos,0,NO DECLARADO,xlsx_votos_por_localidad
2011,GENERAL,2011-10-23,PRESIDENTE Y VICE,21,Santa Fe,San Martín,María Susana,0166,Alianza Compromiso Federal,agrupacion,158,NO DECLARADO,xlsx_votos_por_localidad
2011,GENERAL,2011-10-23,PRESIDENTE Y VICE,21,Santa Fe,San Martín,María Susana,0166,Alianza Frente Amplio Progresista,agrupacion,1040,NO DECLARADO,xlsx_votos_por_localidad
2011,GENERAL,2011-10-23,PRESIDENTE Y VICE,21,Santa Fe,San Martín,María Susana,0166,Alianza Frente Popular,agrupacion,181,NO DECLARADO,xlsx_votos_por_localidad
2011,GENERAL,2011-10-23,PRESIDENTE Y VICE,21,Santa Fe,San Martín,María Susana,0166,Alianza Frente de Izquierda y de los Trabajadores,agrupacion,27,NO DECLARADO,xlsx_votos_por_localidad
2011,GENERAL,2011-10-23,PRESIDENTE Y VICE,21,Santa Fe,San Martín,María Susana,0166,Alianza Frente para la Victoria,agrupacion,561,NO DECLARADO,xlsx_votos_por_localidad
2011,GENERAL,2011-10-23,PRESIDENTE Y VICE,21,Santa Fe,San Martín,María Susana,0166,Alianza Unión para el Desarrollo Social,agrupacion,162,NO DECLARADO,xlsx_votos_por_localidad
2011,GENERAL,2011-10-23,PRESIDENTE Y VICE,21,Santa Fe,San Martín,María Susana,0166,Coalición Cívica - Afirmación para una República Igualitaria ARI,agrupacion,36,NO DECLARADO,xlsx_votos_por_localidad
2011,GENERAL,2011-10-23,PRESIDENTE Y VICE,21,Santa Fe,San Martín,María Susana,0166,EN BLANCO,blancos,33,NO DECLARADO,xlsx_votos_por_localidad
2011,GENERAL,2011-10-23,PRESIDENTE Y VICE,21,Santa Fe,San Martín,María Susana,0166,IMPUGNADO,impugnados,3,NO DECLARADO,xlsx_votos_por_localidad
2011,GENERAL,2011-10-23,PRESIDENTE Y VICE,21,Santa Fe,San Martín,María Susana,0166,NULO,nulos,39,NO DECLARADO,xlsx_votos_por_localidad
2011,GENERAL,2011-10-23,PRESIDENTE Y VICE,21,Santa Fe,San Martín,María Susana,0166,POSITIVO,positivo,2165,NO DECLARADO,xlsx_votos_por_localidad
2011,GENERAL,2011-10-23,PRESIDENTE Y VICE,21,Santa Fe,San Martín,María Susana,0166,RECURRIDO,recurridos,0,NO DECLARADO,xlsx_votos_por_localidad
2011,GENERAL,2011-10-23,PRESIDENTE Y VICE,21,Santa Fe,San Martín,Piamonte,0164,Alianza Compromiso Federal,agrupacion,91,NO DECLARADO,xlsx_votos_por_localidad
2011,GENERAL,2011-10-23,PRESIDENTE Y VICE,21,Santa Fe,San Martín,Piamonte,0164,Alianza Frente Amplio Progresista,agrupacion,892,NO DECLARADO,xlsx_votos_por_localidad
2011,GENERAL,2011-10-23,PRESIDENTE Y VICE,21,Santa Fe,San Martín,Piamonte,0164,Alianza Frente Popular,agrupacion,184,NO DECLARADO,xlsx_votos_por_localidad
2011,GENERAL,2011-10-23,PRESIDENTE Y VICE,21,Santa Fe,San Martín,Piamonte,0164,Alianza Frente de Izquierda y de los Trabajadores,agrupacion,22,NO DECLARADO,xlsx_votos_por_localidad
2011,GENERAL,2011-10-23,PRESIDENTE Y VICE,21,Santa Fe,San Martín,Piamonte,0164,Alianza Frente para la Victoria,agrupacion,651,NO DECLARADO,xlsx_votos_por_localidad
2011,GENERAL,2011-10-23,PRESIDENTE Y VICE,21,Santa Fe,San Martín,Piamonte,0164,Alianza Unión para el Desarrollo Social,agrupacion,177,NO DECLARADO,xlsx_votos_por_localidad
2011,GENERAL,2011-10-23,PRESIDENTE Y VICE,21,Santa Fe,San Martín,Piamonte,0164,Coalición Cívica - Afirmación para una República Igualitaria ARI,agrupacion,34,NO DECLARADO,xlsx_votos_por_localidad
2011,GENERAL,2011-10-23,PRESIDENTE Y VICE,21,Santa Fe,San Martín,Piamonte,0164,EN BLANCO,blancos,26,NO DECLARADO,xlsx_votos_por_localidad
2011,GENERAL,2011-10-23,PRESIDENTE Y VICE,21,Santa Fe,San Martín,Piamonte,0164,IMPUGNADO,impugnados,0,NO DECLARADO,xlsx_votos_por_localidad
2011,GENERAL,2011-10-23,PRESIDENTE Y VICE,21,Santa Fe,San Martín,Piamonte,0164,NULO,nulos,22,NO DECLARADO,xlsx_votos_por_localidad
2011,GENERAL,2011-10-23,PRESIDENTE Y VICE,21,Santa Fe,San Martín,Piamonte,0164,POSITIVO,positivo,2051,NO DECLARADO,xlsx_votos_por_localidad
2011,GENERAL,2011-10-23,PRESIDENTE Y VICE,21,Santa Fe,San Martín,Piamonte,0164,RECURRIDO,recurridos,0,NO DECLARADO,xlsx_votos_por_localidad
2011,GENERAL,2011-10-23,PRESIDENTE Y VICE,21,Santa Fe,San Martín,San Jorge,0158,Alianza Compromiso Federal,agrupacion,577,NO DECLARADO,xlsx_votos_por_localidad
2011,GENERAL,2011-10-23,PRESIDENTE Y VICE,21,Santa Fe,San Martín,San Jorge,0158,Alianza Frente Amplio Progresista,agrupacion,4280,NO DECLARADO,xlsx_votos_por_localidad
2011,GENERAL,2011-10-23,PRESIDENTE Y VICE,21,Santa Fe,San Martín,San Jorge,0158,Alianza Frente Popular,agrupacion,538,NO DECLARADO,xlsx_votos_por_localidad
2011,GENERAL,2011-10-23,PRESIDENTE Y VICE,21,Santa Fe,San Martín,San Jorge,0158,Alianza Frente de Izquierda y de los Trabajadores,agrupacion,192,NO DECLARADO,xlsx_votos_por_localidad
2011,GENERAL,2011-10-23,PRESIDENTE Y VICE,21,Santa Fe,San Martín,San Jorge,0158,Alianza Frente para la Victoria,agrupacion,4360,NO DECLARADO,xlsx_votos_por_localidad
2011,GENERAL,2011-10-23,PRESIDENTE Y VICE,21,Santa Fe,San Martín,San Jorge,0158,Alianza Unión para el Desarrollo Social,agrupacion,733,NO DECLARADO,xlsx_votos_por_localidad
2011,GENERAL,2011-10-23,PRESIDENTE Y VICE,21,Santa Fe,San Martín,San Jorge,0158,Coalición Cívica - Afirmación para una República Igualitaria ARI,agrupacion,145,NO DECLARADO,xlsx_votos_por_localidad
2011,GENERAL,2011-10-23,PRESIDENTE Y VICE,21,Santa Fe,San Martín,San Jorge,0158,EN BLANCO,blancos,143,NO DECLARADO,xlsx_votos_por_localidad
2011,GENERAL,2011-10-23,PRESIDENTE Y VICE,21,Santa Fe,San Martín,San Jorge,0158,IMPUGNADO,impugnados,0,NO DECLARADO,xlsx_votos_por_localidad
2011,GENERAL,2011-10-23,PRESIDENTE Y VICE,21,Santa Fe,San Martín,San Jorge,0158,NULO,nulos,135,NO DECLARADO,xlsx_votos_por_localidad
2011,GENERAL,2011-10-23,PRESIDENTE Y VICE,21,Santa Fe,San Martín,San Jorge,0158,POSITIVO,positivo,10825,NO DECLARADO,xlsx_votos_por_localidad
2011,GENERAL,2011-10-23,PRESIDENTE Y VICE,21,Santa Fe,San Martín,San Jorge,0158,RECURRIDO,recurridos,0,NO DECLARADO,xlsx_votos_por_localidad
2011,GENERAL,2011-10-23,PRESIDENTE Y VICE,21,Santa Fe,San Martín,San Martín de las Escobas,0156,Alianza Compromiso Federal,agrupacion,136,NO DECLARADO,xlsx_votos_por_localidad
2011,GENERAL,2011-10-23,PRESIDENTE Y VICE,21,Santa Fe,San Martín,San Martín de las Escobas,0156,Alianza Frente Amplio Progresista,agrupacion,671,NO DECLARADO,xlsx_votos_por_localidad
2011,GENERAL,2011-10-23,PRESIDENTE Y VICE,21,Santa Fe,San Martín,San Martín de las Escobas,0156,Alianza Frente Popular,agrupacion,133,NO DECLARADO,xlsx_votos_por_localidad
2011,GENERAL,2011-10-23,PRESIDENTE Y VICE,21,Santa Fe,San Martín,San Martín de las Escobas,0156,Alianza Frente de Izquierda y de los Trabajadores,agrupacion,19,NO DECLARADO,xlsx_votos_por_localidad
2011,GENERAL,2011-10-23,PRESIDENTE Y VICE,21,Santa Fe,San Martín,San Martín de las Escobas,0156,Alianza Frente para la Victoria,agrupacion,444,NO DECLARADO,xlsx_votos_por_localidad
2011,GENERAL,2011-10-23,PRESIDENTE Y VICE,21,Santa Fe,San Martín,San Martín de las Escobas,0156,Alianza Unión para el Desarrollo Social,agrupacion,117,NO DECLARADO,xlsx_votos_por_localidad
2011,GENERAL,2011-10-23,PRESIDENTE Y VICE,21,Santa Fe,San Martín,San Martín de las Escobas,0156,Coalición Cívica - Afirmación para una República Igualitaria ARI,agrupacion,32,NO DECLARADO,xlsx_votos_por_localidad
2011,GENERAL,2011-10-23,PRESIDENTE Y VICE,21,Santa Fe,San Martín,San Martín de las Escobas,0156,EN BLANCO,blancos,27,NO DECLARADO,xlsx_votos_por_localidad
2011,GENERAL,2011-10-23,PRESIDENTE Y VICE,21,Santa Fe,San Martín,San Martín de las Escobas,0156,IMPUGNADO,impugnados,0,NO DECLARADO,xlsx_votos_por_localidad
2011,GENERAL,2011-10-23,PRESIDENTE Y VICE,21,Santa Fe,San Martín,San Martín de las Escobas,0156,NULO,nulos,6,NO DECLARADO,xlsx_votos_por_localidad
2011,GENERAL,2011-10-23,PRESIDENTE Y VICE,21,Santa Fe,San Martín,San Martín de las Escobas,0156,POSITIVO,positivo,1552,NO DECLARADO,xlsx_votos_por_localidad
2011,GENERAL,2011-10-23,PRESIDENTE Y VICE,21,Santa Fe,San Martín,San Martín de las Escobas,0156,RECURRIDO,recurridos,0,NO DECLARADO,xlsx_votos_por_localidad
2011,GENERAL,2011-10-23,PRESIDENTE Y VICE,21,Santa Fe,San Martín,Sastre y Ortiz,0155,Alianza Compromiso Federal,agrupacion,212,NO DECLARADO,xlsx_votos_por_localidad
2011,GENERAL,2011-10-23,PRESIDENTE Y VICE,21,Santa Fe,San Martín,Sastre y Ortiz,0155,Alianza Frente Amplio Progresista,agrupacion,1205,NO DECLARADO,xlsx_votos_por_localidad
2011,GENERAL,2011-10-23,PRESIDENTE Y VICE,21,Santa Fe,San Martín,Sastre y Ortiz,0155,Alianza Frente Popular,agrupacion,174,NO DECLARADO,xlsx_votos_por_localidad
2011,GENERAL,2011-10-23,PRESIDENTE Y VICE,21,Santa Fe,San Martín,Sastre y Ortiz,0155,Alianza Frente de Izquierda y de los Trabajadores,agrupacion,104,NO DECLARADO,xlsx_votos_por_localidad
2011,GENERAL,2011-10-23,PRESIDENTE Y VICE,21,Santa Fe,San Martín,Sastre y Ortiz,0155,Alianza Frente para la Victoria,agrupacion,1432,NO DECLARADO,xlsx_votos_por_localidad
2011,GENERAL,2011-10-23,PRESIDENTE Y VICE,21,Santa Fe,San Martín,Sastre y Ortiz,0155,Alianza Unión para el Desarrollo Social,agrupacion,306,NO DECLARADO,xlsx_votos_por_localidad
2011,GENERAL,2011-10-23,PRESIDENTE Y VICE,21,Santa Fe,San Martín,Sastre y Ortiz,0155,Coalición Cívica - Afirmación para una República Igualitaria ARI,agrupacion,57,NO DECLARADO,xlsx_votos_por_localidad
2011,GENERAL,2011-10-23,PRESIDENTE Y VICE,21,Santa Fe,San Martín,Sastre y Ortiz,0155,EN BLANCO,blancos,28,NO DECLARADO,xlsx_votos_por_localidad
2011,GENERAL,2011-10-23,PRESIDENTE Y VICE,21,Santa Fe,San Martín,Sastre y Ortiz,0155,IMPUGNADO,impugnados,0,NO DECLARADO,xlsx_votos_por_localidad
2011,GENERAL,2011-10-23,PRESIDENTE Y VICE,21,Santa Fe,San Martín,Sastre y Ortiz,0155,NULO,nulos,23,NO DECLARADO,xlsx_votos_por_localidad
2011,GENERAL,2011-10-23,PRESIDENTE Y VICE,21,Santa Fe,San Martín,Sastre y Ortiz,0155,POSITIVO,positivo,3490,NO DECLARADO,xlsx_votos_por_localidad
2011,GENERAL,2011-10-23,PRESIDENTE Y VICE,21,Santa Fe,San Martín,Sastre y Ortiz,0155,RECURRIDO,recurridos,0,NO DECLARADO,xlsx_votos_por_localidad
2011,PASO,2011-08-14,PRESIDENTE Y VICE,21,Santa Fe,Castellanos,Ataliva,0121,ALIANZA COMPROMISO FEDERAL,agrupacion,42,NO DECLARADO,xlsx_votos_por_localidad
2011,PASO,2011-08-14,PRESIDENTE Y VICE,21,Santa Fe,Castellanos,Ataliva,0121,ALIANZA FRENTE AMPLIO PROGRESISTA,agrupacion,369,NO DECLARADO,xlsx_votos_por_localidad
2011,PASO,2011-08-14,PRESIDENTE Y VICE,21,Santa Fe,Castellanos,Ataliva,0121,ALIANZA FRENTE DE IZQUIERDA Y DE LOS TRABAJADORES,agrupacion,5,NO DECLARADO,xlsx_votos_por_localidad
2011,PASO,2011-08-14,PRESIDENTE Y VICE,21,Santa Fe,Castellanos,Ataliva,0121,ALIANZA FRENTE PARA LA VICTORIA,agrupacion,439,NO DECLARADO,xlsx_votos_por_localidad
2011,PASO,2011-08-14,PRESIDENTE Y VICE,21,Santa Fe,Castellanos,Ataliva,0121,ALIANZA FRENTE POPULAR,agrupacion,158,NO DECLARADO,xlsx_votos_por_localidad
2011,PASO,2011-08-14,PRESIDENTE Y VICE,21,Santa Fe,Castellanos,Ataliva,0121,ALIANZA PROYECTO SUR,agrupacion,2,NO DECLARADO,xlsx_votos_por_localidad
2011,PASO,2011-08-14,PRESIDENTE Y VICE,21,Santa Fe,Castellanos,Ataliva,0121,ALIANZA UNION PARA EL DESARROLLO SOCIAL - UDESO,agrupacion,54,NO DECLARADO,xlsx_votos_por_localidad
2011,PASO,2011-08-14,PRESIDENTE Y VICE,21,Santa Fe,Castellanos,Ataliva,0121,COALICION CIVICA ARI,agrupacion,25,NO DECLARADO,xlsx_votos_por_localidad
2011,PASO,2011-08-14,PRESIDENTE Y VICE,21,Santa Fe,Castellanos,Ataliva,0121,DEL CAMPO POPULAR,agrupacion,1,NO DECLARADO,xlsx_votos_por_localidad
2011,PASO,2011-08-14,PRESIDENTE Y VICE,21,Santa Fe,Castellanos,Ataliva,0121,EN BLANCO,blancos,53,NO DECLARADO,xlsx_votos_por_localidad
2011,PASO,2011-08-14,PRESIDENTE Y VICE,21,Santa Fe,Castellanos,Ataliva,0121,IMPUGNADO,impugnados,0,NO DECLARADO,xlsx_votos_por_localidad
2011,PASO,2011-08-14,PRESIDENTE Y VICE,21,Santa Fe,Castellanos,Ataliva,0121,MOVIMIENTO DE ACCION VECINAL,agrupacion,0,NO DECLARADO,xlsx_votos_por_localidad
2011,PASO,2011-08-14,PRESIDENTE Y VICE,21,Santa Fe,Castellanos,Ataliva,0121,NULO,nulos,0,NO DECLARADO,xlsx_votos_por_localidad
2011,PASO,2011-08-14,PRESIDENTE Y VICE,21,Santa Fe,Castellanos,Ataliva,0121,POSITIVO,positivo,1095,NO DECLARADO,xlsx_votos_por_localidad
2011,PASO,2011-08-14,PRESIDENTE Y VICE,21,Santa Fe,Castellanos,Ataliva,0121,RECURRIDO,recurridos,0,NO DECLARADO,xlsx_votos_por_localidad
2011,PASO,2011-08-14,PRESIDENTE Y VICE,21,Santa Fe,Castellanos,Colonia Aldao,0120,ALIANZA COMPROMISO FEDERAL,agrupacion,41,NO DECLARADO,xlsx_votos_por_localidad
2011,PASO,2011-08-14,PRESIDENTE Y VICE,21,Santa Fe,Castellanos,Colonia Aldao,0120,ALIANZA FRENTE AMPLIO PROGRESISTA,agrupacion,250,NO DECLARADO,xlsx_votos_por_localidad
2011,PASO,2011-08-14,PRESIDENTE Y VICE,21,Santa Fe,Castellanos,Colonia Aldao,0120,ALIANZA FRENTE DE IZQUIERDA Y DE LOS TRABAJADORES,agrupacion,7,NO DECLARADO,xlsx_votos_por_localidad
2011,PASO,2011-08-14,PRESIDENTE Y VICE,21,Santa Fe,Castellanos,Colonia Aldao,0120,ALIANZA FRENTE PARA LA VICTORIA,agrupacion,398,NO DECLARADO,xlsx_votos_por_localidad
2011,PASO,2011-08-14,PRESIDENTE Y VICE,21,Santa Fe,Castellanos,Colonia Aldao,0120,ALIANZA FRENTE POPULAR,agrupacion,183,NO DECLARADO,xlsx_votos_por_localidad
2011,PASO,2011-08-14,PRESIDENTE Y VICE,21,Santa Fe,Castellanos,Colonia Aldao,0120,ALIANZA PROYECTO SUR,agrupacion,5,NO DECLARADO,xlsx_votos_por_localidad
2011,PASO,2011-08-14,PRESIDENTE Y VICE,21,Santa Fe,Castellanos,Colonia Aldao,0120,ALIANZA UNION PARA EL DESARROLLO SOCIAL - UDESO,agrupacion,90,NO DECLARADO,xlsx_votos_por_localidad
2011,PASO,2011-08-14,PRESIDENTE Y VICE,21,Santa Fe,Castellanos,Colonia Aldao,0120,COALICION CIVICA ARI,agrupacion,27,NO DECLARADO,xlsx_votos_por_localidad
2011,PASO,2011-08-14,PRESIDENTE Y VICE,21,Santa Fe,Castellanos,Colonia Aldao,0120,DEL CAMPO POPULAR,agrupacion,2,NO DECLARADO,xlsx_votos_por_localidad
2011,PASO,2011-08-14,PRESIDENTE Y VICE,21,Santa Fe,Castellanos,Colonia Aldao,0120,EN BLANCO,blancos,14,NO DECLARADO,xlsx_votos_por_localidad
2011,PASO,2011-08-14,PRESIDENTE Y VICE,21,Santa Fe,Castellanos,Colonia Aldao,0120,IMPUGNADO,impugnados,2,NO DECLARADO,xlsx_votos_por_localidad
2011,PASO,2011-08-14,PRESIDENTE Y VICE,21,Santa Fe,Castellanos,Colonia Aldao,0120,MOVIMIENTO DE ACCION VECINAL,agrupacion,0,NO DECLARADO,xlsx_votos_por_localidad
2011,PASO,2011-08-14,PRESIDENTE Y VICE,21,Santa Fe,Castellanos,Colonia Aldao,0120,NULO,nulos,16,NO DECLARADO,xlsx_votos_por_localidad
2011,PASO,2011-08-14,PRESIDENTE Y VICE,21,Santa Fe,Castellanos,Colonia Aldao,0120,POSITIVO,positivo,1003,NO DECLARADO,xlsx_votos_por_localidad
2011,PASO,2011-08-14,PRESIDENTE Y VICE,21,Santa Fe,Castellanos,Colonia Aldao,0120,RECURRIDO,recurridos,0,NO DECLARADO,xlsx_votos_por_localidad
2011,PASO,2011-08-14,PRESIDENTE Y VICE,21,Santa Fe,Castellanos,Frontera,0134A,ALIANZA COMPROMISO FEDERAL,agrupacion,379,NO DECLARADO,xlsx_votos_por_localidad
2011,PASO,2011-08-14,PRESIDENTE Y VICE,21,Santa Fe,Castellanos,Frontera,0134A,ALIANZA FRENTE AMPLIO PROGRESISTA,agrupacion,775,NO DECLARADO,xlsx_votos_por_localidad
2011,PASO,2011-08-14,PRESIDENTE Y VICE,21,Santa Fe,Castellanos,Frontera,0134A,ALIANZA FRENTE DE IZQUIERDA Y DE LOS TRABAJADORES,agrupacion,42,NO DECLARADO,xlsx_votos_por_localidad
2011,PASO,2011-08-14,PRESIDENTE Y VICE,21,Santa Fe,Castellanos,Frontera,0134A,ALIANZA FRENTE PARA LA VICTORIA,agrupacion,2428,NO DECLARADO,xlsx_votos_por_localidad
2011,PASO,2011-08-14,PRESIDENTE Y VICE,21,Santa Fe,Castellanos,Frontera,0134A,ALIANZA FRENTE POPULAR,agrupacion,247,NO DECLARADO,xlsx_votos_por_localidad
2011,PASO,2011-08-14,PRESIDENTE Y VICE,21,Santa Fe,Castellanos,Frontera,0134A,ALIANZA PROYECTO SUR,agrupacion,11,NO DECLARADO,xlsx_votos_por_localidad
2011,PASO,2011-08-14,PRESIDENTE Y VICE,21,Santa Fe,Castellanos,Frontera,0134A,ALIANZA UNION PARA EL DESARROLLO SOCIAL - UDESO,agrupacion,213,NO DECLARADO,xlsx_votos_por_localidad
2011,PASO,2011-08-14,PRESIDENTE Y VICE,21,Santa Fe,Castellanos,Frontera,0134A,COALICION CIVICA ARI,agrupacion,81,NO DECLARADO,xlsx_votos_por_localidad
2011,PASO,2011-08-14,PRESIDENTE Y VICE,21,Santa Fe,Castellanos,Frontera,0134A,DEL CAMPO POPULAR,agrupacion,11,NO DECLARADO,xlsx_votos_por_localidad
2011,PASO,2011-08-14,PRESIDENTE Y VICE,21,Santa Fe,Castellanos,Frontera,0134A,EN BLANCO,blancos,62,NO DECLARADO,xlsx_votos_por_localidad
2011,PASO,2011-08-14,PRESIDENTE Y VICE,21,Santa Fe,Castellanos,Frontera,0134A,IMPUGNADO,impugnados,0,NO DECLARADO,xlsx_votos_por_localidad
2011,PASO,2011-08-14,PRESIDENTE Y VICE,21,Santa Fe,Castellanos,Frontera,0134A,MOVIMIENTO DE ACCION VECINAL,agrupacion,0,NO DECLARADO,xlsx_votos_por_localidad
2011,PASO,2011-08-14,PRESIDENTE Y VICE,21,Santa Fe,Castellanos,Frontera,0134A,NULO,nulos,86,NO DECLARADO,xlsx_votos_por_localidad
2011,PASO,2011-08-14,PRESIDENTE Y VICE,21,Santa Fe,Castellanos,Frontera,0134A,POSITIVO,positivo,4187,NO DECLARADO,xlsx_votos_por_localidad
2011,PASO,2011-08-14,PRESIDENTE Y VICE,21,Santa Fe,Castellanos,Frontera,0134A,RECURRIDO,recurridos,2,NO DECLARADO,xlsx_votos_por_localidad
2011,PASO,2011-08-14,PRESIDENTE Y VICE,21,Santa Fe,Castellanos,Humberto Primo,0117,ALIANZA COMPROMISO FEDERAL,agrupacion,134,NO DECLARADO,xlsx_votos_por_localidad
2011,PASO,2011-08-14,PRESIDENTE Y VICE,21,Santa Fe,Castellanos,Humberto Primo,0117,ALIANZA FRENTE AMPLIO PROGRESISTA,agrupacion,1079,NO DECLARADO,xlsx_votos_por_localidad
2011,PASO,2011-08-14,PRESIDENTE Y VICE,21,Santa Fe,Castellanos,Humberto Primo,0117,ALIANZA FRENTE DE IZQUIERDA Y DE LOS TRABAJADORES,agrupacion,26,NO DECLARADO,xlsx_votos_por_localidad
2011,PASO,2011-08-14,PRESIDENTE Y VICE,21,Santa Fe,Castellanos,Humberto Primo,0117,ALIANZA FRENTE PARA LA VICTORIA,agrupacion,847,NO DECLARADO,xlsx_votos_por_localidad
2011,PASO,2011-08-14,PRESIDENTE Y VICE,21,Santa Fe,Castellanos,Humberto Primo,0117,ALIANZA FRENTE POPULAR,agrupacion,606,NO DECLARADO,xlsx_votos_por_localidad
2011,PASO,2011-08-14,PRESIDENTE Y VICE,21,Santa Fe,Castellanos,Humberto Primo,0117,ALIANZA PROYECTO SUR,agrupacion,5,NO DECLARADO,xlsx_votos_por_localidad
2011,PASO,2011-08-14,PRESIDENTE Y VICE,21,Santa Fe,Castellanos,Humberto Primo,0117,ALIANZA UNION PARA EL DESARROLLO SOCIAL - UDESO,agrupacion,194,NO DECLARADO,xlsx_votos_por_localidad
2011,PASO,2011-08-14,PRESIDENTE Y VICE,21,Santa Fe,Castellanos,Humberto Primo,0117,COALICION CIVICA ARI,agrupacion,102,NO DECLARADO,xlsx_votos_por_localidad
2011,PASO,2011-08-14,PRESIDENTE Y VICE,21,Santa Fe,Castellanos,Humberto Primo,0117,DEL CAMPO POPULAR,agrupacion,8,NO DECLARADO,xlsx_votos_por_localidad
2011,PASO,2011-08-14,PRESIDENTE Y VICE,21,Santa Fe,Castellanos,Humberto Primo,0117,EN BLANCO,blancos,67,NO DECLARADO,xlsx_votos_por_localidad
2011,PASO,2011-08-14,PRESIDENTE Y VICE,21,Santa Fe,Castellanos,Humberto Primo,0117,IMPUGNADO,impugnados,0,NO DECLARADO,xlsx_votos_por_localidad
2011,PASO,2011-08-14,PRESIDENTE Y VICE,21,Santa Fe,Castellanos,Humberto Primo,0117,MOVIMIENTO DE ACCION VECINAL,agrupacion,1,NO DECLARADO,xlsx_votos_por_localidad
2011,PASO,2011-08-14,PRESIDENTE Y VICE,21,Santa Fe,Castellanos,Humberto Primo,0117,NULO,nulos,21,NO DECLARADO,xlsx_votos_por_localidad
2011,PASO,2011-08-14,PRESIDENTE Y VICE,21,Santa Fe,Castellanos,Humberto Primo,0117,POSITIVO,positivo,3002,NO DECLARADO,xlsx_votos_por_localidad
2011,PASO,2011-08-14,PRESIDENTE Y VICE,21,Santa Fe,Castellanos,Humberto Primo,0117,RECURRIDO,recurridos,0,NO DECLARADO,xlsx_votos_por_localidad
2011,PASO,2011-08-14,PRESIDENTE Y VICE,21,Santa Fe,Castellanos,Josefina,0134,ALIANZA COMPROMISO FEDERAL,agrupacion,44,NO DECLARADO,xlsx_votos_por_localidad
2011,PASO,2011-08-14,PRESIDENTE Y VICE,21,Santa Fe,Castellanos,Josefina,0134,ALIANZA FRENTE AMPLIO PROGRESISTA,agrupacion,203,NO DECLARADO,xlsx_votos_por_localidad
2011,PASO,2011-08-14,PRESIDENTE Y VICE,21,Santa Fe,Castellanos,Josefina,0134,ALIANZA FRENTE DE IZQUIERDA Y DE LOS TRABAJADORES,agrupacion,8,NO DECLARADO,xlsx_votos_por_localidad
2011,PASO,2011-08-14,PRESIDENTE Y VICE,21,Santa Fe,Castellanos,Josefina,0134,ALIANZA FRENTE PARA LA VICTORIA,agrupacion,306,NO DECLARADO,xlsx_votos_por_localidad
2011,PASO,2011-08-14,PRESIDENTE Y VICE,21,Santa Fe,Castellanos,Josefina,0134,ALIANZA FRENTE POPULAR,agrupacion,106,NO DECLARADO,xlsx_votos_por_localidad
2011,PASO,2011-08-14,PRESIDENTE Y VICE,21,Santa Fe,Castellanos,Josefina,0134,ALIANZA PROYECTO SUR,agrupacion,0,NO DECLARADO,xlsx_votos_por_localidad
2011,PASO,2011-08-14,PRESIDENTE Y VICE,21,Santa Fe,Castellanos,Josefina,0134,ALIANZA UNION PARA EL DESARROLLO SOCIAL - UDESO,agrupacion,99,NO DECLARADO,xlsx_votos_por_localidad
2011,PASO,2011-08-14,PRESIDENTE Y VICE,21,Santa Fe,Castellanos,Josefina,0134,COALICION CIVICA ARI,agrupacion,19,NO DECLARADO,xlsx_votos_por_localidad
2011,PASO,2011-08-14,PRESIDENTE Y VICE,21,Santa Fe,Castellanos,Josefina,0134,DEL CAMPO POPULAR,agrupacion,1,NO DECLARADO,xlsx_votos_por_localidad
2011,PASO,2011-08-14,PRESIDENTE Y VICE,21,Santa Fe,Castellanos,Josefina,0134,EN BLANCO,blancos,23,NO DECLARADO,xlsx_votos_por_localidad
2011,PASO,2011-08-14,PRESIDENTE Y VICE,21,Santa Fe,Castellanos,Josefina,0134,IMPUGNADO,impugnados,0,NO DECLARADO,xlsx_votos_por_localidad
2011,PASO,2011-08-14,PRESIDENTE Y VICE,21,Santa Fe,Castellanos,Josefina,0134,MOVIMIENTO DE ACCION VECINAL,agrupacion,0,NO DECLARADO,xlsx_votos_por_localidad
2011,PASO,2011-08-14,PRESIDENTE Y VICE,21,Santa Fe,Castellanos,Josefina,0134,NULO,nulos,6,NO DECLARADO,xlsx_votos_por_localidad
2011,PASO,2011-08-14,PRESIDENTE Y VICE,21,Santa Fe,Castellanos,Josefina,0134,POSITIVO,positivo,786,NO DECLARADO,xlsx_votos_por_localidad
2011,PASO,2011-08-14,PRESIDENTE Y VICE,21,Santa Fe,Castellanos,Josefina,0134,RECURRIDO,recurridos,0,NO DECLARADO,xlsx_votos_por_localidad
2011,PASO,2011-08-14,PRESIDENTE Y VICE,21,Santa Fe,Castellanos,Lehmann,0123,ALIANZA COMPROMISO FEDERAL,agrupacion,88,NO DECLARADO,xlsx_votos_por_localidad
2011,PASO,2011-08-14,PRESIDENTE Y VICE,21,Santa Fe,Castellanos,Lehmann,0123,ALIANZA FRENTE AMPLIO PROGRESISTA,agrupacion,462,NO DECLARADO,xlsx_votos_por_localidad
2011,PASO,2011-08-14,PRESIDENTE Y VICE,21,Santa Fe,Castellanos,Lehmann,0123,ALIANZA FRENTE DE IZQUIERDA Y DE LOS TRABAJADORES,agrupacion,17,NO DECLARADO,xlsx_votos_por_localidad
2011,PASO,2011-08-14,PRESIDENTE Y VICE,21,Santa Fe,Castellanos,Lehmann,0123,ALIANZA FRENTE PARA LA VICTORIA,agrupacion,738,NO DECLARADO,xlsx_votos_por_localidad
2011,PASO,2011-08-14,PRESIDENTE Y VICE,21,Santa Fe,Castellanos,Lehmann,0123,ALIANZA FRENTE POPULAR,agrupacion,251,NO DECLARADO,xlsx_votos_por_localidad
2011,PASO,2011-08-14,PRESIDENTE Y VICE,21,Santa Fe,Castellanos,Lehmann,0123,ALIANZA PROYECTO SUR,agrupacion,4,NO DECLARADO,xlsx_votos_por_localidad
2011,PASO,2011-08-14,PRESIDENTE Y VICE,21,Santa Fe,Castellanos,Lehmann,0123,ALIANZA UNION PARA EL DESARROLLO SOCIAL - UDESO,agrupacion,100,NO DECLARADO,xlsx_votos_por_localidad
2011,PASO,2011-08-14,PRESIDENTE Y VICE,21,Santa Fe,Castellanos,Lehmann,0123,COALICION CIVICA ARI,agrupacion,63,NO DECLARADO,xlsx_votos_por_localidad
2011,PASO,2011-08-14,PRESIDENTE Y VICE,21,Santa Fe,Castellanos,Lehmann,0123,DEL CAMPO POPULAR,agrupacion,3,NO DECLARADO,xlsx_votos_por_localidad
2011,PASO,2011-08-14,PRESIDENTE Y VICE,21,Santa Fe,Castellanos,Lehmann,0123,EN BLANCO,blancos,24,NO DECLARADO,xlsx_votos_por_localidad
2011,PASO,2011-08-14,PRESIDENTE Y VICE,21,Santa Fe,Castellanos,Lehmann,0123,IMPUGNADO,impugnados,0,NO DECLARADO,xlsx_votos_por_localidad
2011,PASO,2011-08-14,PRESIDENTE Y VICE,21,Santa Fe,Castellanos,Lehmann,0123,MOVIMIENTO DE ACCION VECINAL,agrupacion,0,NO DECLARADO,xlsx_votos_por_localidad
2011,PASO,2011-08-14,PRESIDENTE Y VICE,21,Santa Fe,Castellanos,Lehmann,0123,NULO,nulos,30,NO DECLARADO,xlsx_votos_por_localidad
2011,PASO,2011-08-14,PRESIDENTE Y VICE,21,Santa Fe,Castellanos,Lehmann,0123,POSITIVO,positivo,1726,NO DECLARADO,xlsx_votos_por_localidad
2011,PASO,2011-08-14,PRESIDENTE Y VICE,21,Santa Fe,Castellanos,Lehmann,0123,RECURRIDO,recurridos,3,NO DECLARADO,xlsx_votos_por_localidad
2011,PASO,2011-08-14,PRESIDENTE Y VICE,21,Santa Fe,Castellanos,María Juana,0140,ALIANZA COMPROMISO FEDERAL,agrupacion,158,NO DECLARADO,xlsx_votos_por_localidad
2011,PASO,2011-08-14,PRESIDENTE Y VICE,21,Santa Fe,Castellanos,María Juana,0140,ALIANZA FRENTE AMPLIO PROGRESISTA,agrupacion,993,NO DECLARADO,xlsx_votos_por_localidad
2011,PASO,2011-08-14,PRESIDENTE Y VICE,21,Santa Fe,Castellanos,María Juana,0140,ALIANZA FRENTE DE IZQUIERDA Y DE LOS TRABAJADORES,agrupacion,37,NO DECLARADO,xlsx_votos_por_localidad
2011,PASO,2011-08-14,PRESIDENTE Y VICE,21,Santa Fe,Castellanos,María Juana,0140,ALIANZA FRENTE PARA LA VICTORIA,agrupacion,1146,NO DECLARADO,xlsx_votos_por_localidad
2011,PASO,2011-08-14,PRESIDENTE Y VICE,21,Santa Fe,Castellanos,María Juana,0140,ALIANZA FRENTE POPULAR,agrupacion,333,NO DECLARADO,xlsx_votos_por_localidad
2011,PASO,2011-08-14,PRESIDENTE Y VICE,21,Santa Fe,Castellanos,María Juana,0140,ALIANZA PROYECTO SUR,agrupacion,7,NO DECLARADO,xlsx_votos_por_localidad
2011,PASO,2011-08-14,PRESIDENTE Y VICE,21,Santa Fe,Castellanos,María Juana,0140,ALIANZA UNION PARA EL DESARROLLO SOCIAL - UDESO,agrupacion,253,NO DECLARADO,xlsx_votos_por_localidad
2011,PASO,2011-08-14,PRESIDENTE Y VICE,21,Santa Fe,Castellanos,María Juana,0140,COALICION CIVICA ARI,agrupacion,67,NO DECLARADO,xlsx_votos_por_localidad
2011,PASO,2011-08-14,PRESIDENTE Y VICE,21,Santa Fe,Castellanos,María Juana,0140,DEL CAMPO POPULAR,agrupacion,3,NO DECLARADO,xlsx_votos_por_localidad
2011,PASO,2011-08-14,PRESIDENTE Y VICE,21,Santa Fe,Castellanos,María Juana,0140,EN BLANCO,blancos,43,NO DECLARADO,xlsx_votos_por_localidad
2011,PASO,2011-08-14,PRESIDENTE Y VICE,21,Santa Fe,Castellanos,María Juana,0140,IMPUGNADO,impugnados,8,NO DECLARADO,xlsx_votos_por_localidad
2011,PASO,2011-08-14,PRESIDENTE Y VICE,21,Santa Fe,Castellanos,María Juana,0140,MOVIMIENTO DE ACCION VECINAL,agrupacion,0,NO DECLARADO,xlsx_votos_por_localidad
2011,PASO,2011-08-14,PRESIDENTE Y VICE,21,Santa Fe,Castellanos,María Juana,0140,NULO,nulos,65,NO DECLARADO,xlsx_votos_por_localidad
2011,PASO,2011-08-14,PRESIDENTE Y VICE,21,Santa Fe,Castellanos,María Juana,0140,POSITIVO,positivo,2997,NO DECLARADO,xlsx_votos_por_localidad
2011,PASO,2011-08-14,PRESIDENTE Y VICE,21,Santa Fe,Castellanos,María Juana,0140,RECURRIDO,recurridos,0,NO DECLARADO,xlsx_votos_por_localidad
2011,PASO,2011-08-14,PRESIDENTE Y VICE,21,Santa Fe,Castellanos,Ramona,0124,ALIANZA COMPROMISO FEDERAL,agrupacion,94,NO DECLARADO,xlsx_votos_por_localidad
2011,PASO,2011-08-14,PRESIDENTE Y VICE,21,Santa Fe,Castellanos,Ramona,0124,ALIANZA FRENTE AMPLIO PROGRESISTA,agrupacion,346,NO DECLARADO,xlsx_votos_por_localidad
2011,PASO,2011-08-14,PRESIDENTE Y VICE,21,Santa Fe,Castellanos,Ramona,0124,ALIANZA FRENTE DE IZQUIERDA Y DE LOS TRABAJADORES,agrupacion,7,NO DECLARADO,xlsx_votos_por_localidad
2011,PASO,2011-08-14,PRESIDENTE Y VICE,21,Santa Fe,Castellanos,Ramona,0124,ALIANZA FRENTE PARA LA VICTORIA,agrupacion,356,NO DECLARADO,xlsx_votos_por_localidad
2011,PASO,2011-08-14,PRESIDENTE Y VICE,21,Santa Fe,Castellanos,Ramona,0124,ALIANZA FRENTE POPULAR,agrupacion,239,NO DECLARADO,xlsx_votos_por_localidad
2011,PASO,2011-08-14,PRESIDENTE Y VICE,21,Santa Fe,Castellanos,Ramona,0124,ALIANZA PROYECTO SUR,agrupacion,1,NO DECLARADO,xlsx_votos_por_localidad
2011,PASO,2011-08-14,PRESIDENTE Y VICE,21,Santa Fe,Castellanos,Ramona,0124,ALIANZA UNION PARA EL DESARROLLO SOCIAL - UDESO,agrupacion,125,NO DECLARADO,xlsx_votos_por_localidad
2011,PASO,2011-08-14,PRESIDENTE Y VICE,21,Santa Fe,Castellanos,Ramona,0124,COALICION CIVICA ARI,agrupacion,34,NO DECLARADO,xlsx_votos_por_localidad
2011,PASO,2011-08-14,PRESIDENTE Y VICE,21,Santa Fe,Castellanos,Ramona,0124,DEL CAMPO POPULAR,agrupacion,6,NO DECLARADO,xlsx_votos_por_localidad
2011,PASO,2011-08-14,PRESIDENTE Y VICE,21,Santa Fe,Castellanos,Ramona,0124,EN BLANCO,blancos,35,NO DECLARADO,xlsx_votos_por_localidad
2011,PASO,2011-08-14,PRESIDENTE Y VICE,21,Santa Fe,Castellanos,Ramona,0124,IMPUGNADO,impugnados,0,NO DECLARADO,xlsx_votos_por_localidad
2011,PASO,2011-08-14,PRESIDENTE Y VICE,21,Santa Fe,Castellanos,Ramona,0124,MOVIMIENTO DE ACCION VECINAL,agrupacion,0,NO DECLARADO,xlsx_votos_por_localidad
2011,PASO,2011-08-14,PRESIDENTE Y VICE,21,Santa Fe,Castellanos,Ramona,0124,NULO,nulos,15,NO DECLARADO,xlsx_votos_por_localidad
2011,PASO,2011-08-14,PRESIDENTE Y VICE,21,Santa Fe,Castellanos,Ramona,0124,POSITIVO,positivo,1208,NO DECLARADO,xlsx_votos_por_localidad
2011,PASO,2011-08-14,PRESIDENTE Y VICE,21,Santa Fe,Castellanos,Ramona,0124,RECURRIDO,recurridos,0,NO DECLARADO,xlsx_votos_por_localidad
2011,PASO,2011-08-14,PRESIDENTE Y VICE,21,Santa Fe,Castellanos,San Vicente,0142,ALIANZA COMPROMISO FEDERAL,agrupacion,308,NO DECLARADO,xlsx_votos_por_localidad
2011,PASO,2011-08-14,PRESIDENTE Y VICE,21,Santa Fe,Castellanos,San Vicente,0142,ALIANZA FRENTE AMPLIO PROGRESISTA,agrupacion,1087,NO DECLARADO,xlsx_votos_por_localidad
2011,PASO,2011-08-14,PRESIDENTE Y VICE,21,Santa Fe,Castellanos,San Vicente,0142,ALIANZA FRENTE DE IZQUIERDA Y DE LOS TRABAJADORES,agrupacion,50,NO DECLARADO,xlsx_votos_por_localidad
2011,PASO,2011-08-14,PRESIDENTE Y VICE,21,Santa Fe,Castellanos,San Vicente,0142,ALIANZA FRENTE PARA LA VICTORIA,agrupacion,1118,NO DECLARADO,xlsx_votos_por_localidad
2011,PASO,2011-08-14,PRESIDENTE Y VICE,21,Santa Fe,Castellanos,San Vicente,0142,ALIANZA FRENTE POPULAR,agrupacion,749,NO DECLARADO,xlsx_votos_por_localidad
2011,PASO,2011-08-14,PRESIDENTE Y VICE,21,Santa Fe,Castellanos,San Vicente,0142,ALIANZA PROYECTO SUR,agrupacion,15,NO DECLARADO,xlsx_votos_por_localidad
2011,PASO,2011-08-14,PRESIDENTE Y VICE,21,Santa Fe,Castellanos,San Vicente,0142,ALIANZA UNION PARA EL DESARROLLO SOCIAL - UDESO,agrupacion,382,NO DECLARADO,xlsx_votos_por_localidad
2011,PASO,2011-08-14,PRESIDENTE Y VICE,21,Santa Fe,Castellanos,San Vicente,0142,COALICION CIVICA ARI,agrupacion,104,NO DECLARADO,xlsx_votos_por_localidad
2011,PASO,2011-08-14,PRESIDENTE Y VICE,21,Santa Fe,Castellanos,San Vicente,0142,DEL CAMPO POPULAR,agrupacion,8,NO DECLARADO,xlsx_votos_por_localidad
2011,PASO,2011-08-14,PRESIDENTE Y VICE,21,Santa Fe,Castellanos,San Vicente,0142,EN BLANCO,blancos,132,NO DECLARADO,xlsx_votos_por_localidad
2011,PASO,2011-08-14,PRESIDENTE Y VICE,21,Santa Fe,Castellanos,San Vicente,0142,IMPUGNADO,impugnados,0,NO DECLARADO,xlsx_votos_por_localidad
2011,PASO,2011-08-14,PRESIDENTE Y VICE,21,Santa Fe,Castellanos,San Vicente,0142,MOVIMIENTO DE ACCION VECINAL,agrupacion,0,NO DECLARADO,xlsx_votos_por_localidad
2011,PASO,2011-08-14,PRESIDENTE Y VICE,21,Santa Fe,Castellanos,San Vicente,0142,NULO,nulos,30,NO DECLARADO,xlsx_votos_por_localidad
2011,PASO,2011-08-14,PRESIDENTE Y VICE,21,Santa Fe,Castellanos,San Vicente,0142,POSITIVO,positivo,3821,NO DECLARADO,xlsx_votos_por_localidad
2011,PASO,2011-08-14,PRESIDENTE Y VICE,21,Santa Fe,Castellanos,San Vicente,0142,RECURRIDO,recurridos,0,NO DECLARADO,xlsx_votos_por_localidad
2011,PASO,2011-08-14,PRESIDENTE Y VICE,21,Santa Fe,Castellanos,Santa Clara de Saguier,0130,ALIANZA COMPROMISO FEDERAL,agrupacion,110,NO DECLARADO,xlsx_votos_por_localidad
2011,PASO,2011-08-14,PRESIDENTE Y VICE,21,Santa Fe,Castellanos,Santa Clara de Saguier,0130,ALIANZA FRENTE AMPLIO PROGRESISTA,agrupacion,368,NO DECLARADO,xlsx_votos_por_localidad
2011,PASO,2011-08-14,PRESIDENTE Y VICE,21,Santa Fe,Castellanos,Santa Clara de Saguier,0130,ALIANZA FRENTE DE IZQUIERDA Y DE LOS TRABAJADORES,agrupacion,16,NO DECLARADO,xlsx_votos_por_localidad
2011,PASO,2011-08-14,PRESIDENTE Y VICE,21,Santa Fe,Castellanos,Santa Clara de Saguier,0130,ALIANZA FRENTE PARA LA VICTORIA,agrupacion,517,NO DECLARADO,xlsx_votos_por_localidad
2011,PASO,2011-08-14,PRESIDENTE Y VICE,21,Santa Fe,Castellanos,Santa Clara de Saguier,0130,ALIANZA FRENTE POPULAR,agrupacion,143,NO DECLARADO,xlsx_votos_por_localidad
2011,PASO,2011-08-14,PRESIDENTE Y VICE,21,Santa Fe,Castellanos,Santa Clara de Saguier,0130,ALIANZA PROYECTO SUR,agrupacion,2,NO DECLARADO,xlsx_votos_por_localidad
2011,PASO,2011-08-14,PRESIDENTE Y VICE,21,Santa Fe,Castellanos,Santa Clara de Saguier,0130,ALIANZA UNION PARA EL DESARROLLO SOCIAL - UDESO,agrupacion,146,NO DECLARADO,xlsx_votos_por_localidad
2011,PASO,2011-08-14,PRESIDENTE Y VICE,21,Santa Fe,Castellanos,Santa Clara de Saguier,0130,COALICION CIVICA ARI,agrupacion,31,NO DECLARADO,xlsx_votos_por_localidad
2011,PASO,2011-08-14,PRESIDENTE Y VICE,21,Santa Fe,Castellanos,Santa Clara de Saguier,0130,DEL CAMPO POPULAR,agrupacion,3,NO DECLARADO,xlsx_votos_por_localidad
2011,PASO,2011-08-14,PRESIDENTE Y VICE,21,Santa Fe,Castellanos,Santa Clara de Saguier,0130,EN BLANCO,blancos,26,NO DECLARADO,xlsx_votos_por_localidad
2011,PASO,2011-08-14,PRESIDENTE Y VICE,21,Santa Fe,Castellanos,Santa Clara de Saguier,0130,IMPUGNADO,impugnados,0,NO DECLARADO,xlsx_votos_por_localidad
2011,PASO,2011-08-14,PRESIDENTE Y VICE,21,Santa Fe,Castellanos,Santa Clara de Saguier,0130,MOVIMIENTO DE ACCION VECINAL,agrupacion,2,NO DECLARADO,xlsx_votos_por_localidad
2011,PASO,2011-08-14,PRESIDENTE Y VICE,21,Santa Fe,Castellanos,Santa Clara de Saguier,0130,NULO,nulos,25,NO DECLARADO,xlsx_votos_por_localidad
2011,PASO,2011-08-14,PRESIDENTE Y VICE,21,Santa Fe,Castellanos,Santa Clara de Saguier,0130,POSITIVO,positivo,1338,NO DECLARADO,xlsx_votos_por_localidad
2011,PASO,2011-08-14,PRESIDENTE Y VICE,21,Santa Fe,Castellanos,Santa Clara de Saguier,0130,RECURRIDO,recurridos,0,NO DECLARADO,xlsx_votos_por_localidad
2011,PASO,2011-08-14,PRESIDENTE Y VICE,21,Santa Fe,Castellanos,Sunchales,0118,ALIANZA COMPROMISO FEDERAL,agrupacion,635,NO DECLARADO,xlsx_votos_por_localidad
2011,PASO,2011-08-14,PRESIDENTE Y VICE,21,Santa Fe,Castellanos,Sunchales,0118,ALIANZA FRENTE AMPLIO PROGRESISTA,agrupacion,3758,NO DECLARADO,xlsx_votos_por_localidad
2011,PASO,2011-08-14,PRESIDENTE Y VICE,21,Santa Fe,Castellanos,Sunchales,0118,ALIANZA FRENTE DE IZQUIERDA Y DE LOS TRABAJADORES,agrupacion,119,NO DECLARADO,xlsx_votos_por_localidad
2011,PASO,2011-08-14,PRESIDENTE Y VICE,21,Santa Fe,Castellanos,Sunchales,0118,ALIANZA FRENTE PARA LA VICTORIA,agrupacion,4504,NO DECLARADO,xlsx_votos_por_localidad
2011,PASO,2011-08-14,PRESIDENTE Y VICE,21,Santa Fe,Castellanos,Sunchales,0118,ALIANZA FRENTE POPULAR,agrupacion,1745,NO DECLARADO,xlsx_votos_por_localidad
2011,PASO,2011-08-14,PRESIDENTE Y VICE,21,Santa Fe,Castellanos,Sunchales,0118,ALIANZA PROYECTO SUR,agrupacion,33,NO DECLARADO,xlsx_votos_por_localidad
2011,PASO,2011-08-14,PRESIDENTE Y VICE,21,Santa Fe,Castellanos,Sunchales,0118,ALIANZA UNION PARA EL DESARROLLO SOCIAL - UDESO,agrupacion,716,NO DECLARADO,xlsx_votos_por_localidad
2011,PASO,2011-08-14,PRESIDENTE Y VICE,21,Santa Fe,Castellanos,Sunchales,0118,COALICION CIVICA ARI,agrupacion,456,NO DECLARADO,xlsx_votos_por_localidad
2011,PASO,2011-08-14,PRESIDENTE Y VICE,21,Santa Fe,Castellanos,Sunchales,0118,DEL CAMPO POPULAR,agrupacion,24,NO DECLARADO,xlsx_votos_por_localidad
2011,PASO,2011-08-14,PRESIDENTE Y VICE,21,Santa Fe,Castellanos,Sunchales,0118,EN BLANCO,blancos,194,NO DECLARADO,xlsx_votos_por_localidad
2011,PASO,2011-08-14,PRESIDENTE Y VICE,21,Santa Fe,Castellanos,Sunchales,0118,IMPUGNADO,impugnados,0,NO DECLARADO,xlsx_votos_por_localidad
2011,PASO,2011-08-14,PRESIDENTE Y VICE,21,Santa Fe,Castellanos,Sunchales,0118,MOVIMIENTO DE ACCION VECINAL,agrupacion,10,NO DECLARADO,xlsx_votos_por_localidad
2011,PASO,2011-08-14,PRESIDENTE Y VICE,21,Santa Fe,Castellanos,Sunchales,0118,NULO,nulos,195,NO DECLARADO,xlsx_votos_por_localidad
2011,PASO,2011-08-14,PRESIDENTE Y VICE,21,Santa Fe,Castellanos,Sunchales,0118,POSITIVO,positivo,12000,NO DECLARADO,xlsx_votos_por_localidad
2011,PASO,2011-08-14,PRESIDENTE Y VICE,21,Santa Fe,Castellanos,Sunchales,0118,RECURRIDO,recurridos,0,NO DECLARADO,xlsx_votos_por_localidad
2011,PASO,2011-08-14,PRESIDENTE Y VICE,21,Santa Fe,Castellanos,Zenón Pereyra,0138,ALIANZA COMPROMISO FEDERAL,agrupacion,73,NO DECLARADO,xlsx_votos_por_localidad
2011,PASO,2011-08-14,PRESIDENTE Y VICE,21,Santa Fe,Castellanos,Zenón Pereyra,0138,ALIANZA FRENTE AMPLIO PROGRESISTA,agrupacion,466,NO DECLARADO,xlsx_votos_por_localidad
2011,PASO,2011-08-14,PRESIDENTE Y VICE,21,Santa Fe,Castellanos,Zenón Pereyra,0138,ALIANZA FRENTE DE IZQUIERDA Y DE LOS TRABAJADORES,agrupacion,6,NO DECLARADO,xlsx_votos_por_localidad
2011,PASO,2011-08-14,PRESIDENTE Y VICE,21,Santa Fe,Castellanos,Zenón Pereyra,0138,ALIANZA FRENTE PARA LA VICTORIA,agrupacion,337,NO DECLARADO,xlsx_votos_por_localidad
2011,PASO,2011-08-14,PRESIDENTE Y VICE,21,Santa Fe,Castellanos,Zenón Pereyra,0138,ALIANZA FRENTE POPULAR,agrupacion,156,NO DECLARADO,xlsx_votos_por_localidad
2011,PASO,2011-08-14,PRESIDENTE Y VICE,21,Santa Fe,Castellanos,Zenón Pereyra,0138,ALIANZA PROYECTO SUR,agrupacion,1,NO DECLARADO,xlsx_votos_por_localidad
2011,PASO,2011-08-14,PRESIDENTE Y VICE,21,Santa Fe,Castellanos,Zenón Pereyra,0138,ALIANZA UNION PARA EL DESARROLLO SOCIAL - UDESO,agrupacion,67,NO DECLARADO,xlsx_votos_por_localidad
2011,PASO,2011-08-14,PRESIDENTE Y VICE,21,Santa Fe,Castellanos,Zenón Pereyra,0138,COALICION CIVICA ARI,agrupacion,47,NO DECLARADO,xlsx_votos_por_localidad
2011,PASO,2011-08-14,PRESIDENTE Y VICE,21,Santa Fe,Castellanos,Zenón Pereyra,0138,DEL CAMPO POPULAR,agrupacion,4,NO DECLARADO,xlsx_votos_por_localidad
2011,PASO,2011-08-14,PRESIDENTE Y VICE,21,Santa Fe,Castellanos,Zenón Pereyra,0138,EN BLANCO,blancos,11,NO DECLARADO,xlsx_votos_por_localidad
2011,PASO,2011-08-14,PRESIDENTE Y VICE,21,Santa Fe,Castellanos,Zenón Pereyra,0138,IMPUGNADO,impugnados,0,NO DECLARADO,xlsx_votos_por_localidad
2011,PASO,2011-08-14,PRESIDENTE Y VICE,21,Santa Fe,Castellanos,Zenón Pereyra,0138,MOVIMIENTO DE ACCION VECINAL,agrupacion,0,NO DECLARADO,xlsx_votos_por_localidad
2011,PASO,2011-08-14,PRESIDENTE Y VICE,21,Santa Fe,Castellanos,Zenón Pereyra,0138,NULO,nulos,5,NO DECLARADO,xlsx_votos_por_localidad
2011,PASO,2011-08-14,PRESIDENTE Y VICE,21,Santa Fe,Castellanos,Zenón Pereyra,0138,POSITIVO,positivo,1157,NO DECLARADO,xlsx_votos_por_localidad
2011,PASO,2011-08-14,PRESIDENTE Y VICE,21,Santa Fe,Castellanos,Zenón Pereyra,0138,RECURRIDO,recurridos,0,NO DECLARADO,xlsx_votos_por_localidad
2011,PASO,2011-08-14,PRESIDENTE Y VICE,21,Santa Fe,Las Colonias,Esperanza,0055,ALIANZA COMPROMISO FEDERAL,agrupacion,967,NO DECLARADO,xlsx_votos_por_localidad
2011,PASO,2011-08-14,PRESIDENTE Y VICE,21,Santa Fe,Las Colonias,Esperanza,0055,ALIANZA FRENTE AMPLIO PROGRESISTA,agrupacion,9037,NO DECLARADO,xlsx_votos_por_localidad
2011,PASO,2011-08-14,PRESIDENTE Y VICE,21,Santa Fe,Las Colonias,Esperanza,0055,ALIANZA FRENTE DE IZQUIERDA Y DE LOS TRABAJADORES,agrupacion,156,NO DECLARADO,xlsx_votos_por_localidad
2011,PASO,2011-08-14,PRESIDENTE Y VICE,21,Santa Fe,Las Colonias,Esperanza,0055,ALIANZA FRENTE PARA LA VICTORIA,agrupacion,6706,NO DECLARADO,xlsx_votos_por_localidad
2011,PASO,2011-08-14,PRESIDENTE Y VICE,21,Santa Fe,Las Colonias,Esperanza,0055,ALIANZA FRENTE POPULAR,agrupacion,2728,NO DECLARADO,xlsx_votos_por_localidad
2011,PASO,2011-08-14,PRESIDENTE Y VICE,21,Santa Fe,Las Colonias,Esperanza,0055,ALIANZA PROYECTO SUR,agrupacion,81,NO DECLARADO,xlsx_votos_por_localidad
2011,PASO,2011-08-14,PRESIDENTE Y VICE,21,Santa Fe,Las Colonias,Esperanza,0055,ALIANZA UNION PARA EL DESARROLLO SOCIAL - UDESO,agrupacion,1350,NO DECLARADO,xlsx_votos_por_localidad
2011,PASO,2011-08-14,PRESIDENTE Y VICE,21,Santa Fe,Las Colonias,Esperanza,0055,COALICION CIVICA ARI,agrupacion,949,NO DECLARADO,xlsx_votos_por_localidad
2011,PASO,2011-08-14,PRESIDENTE Y VICE,21,Santa Fe,Las Colonias,Esperanza,0055,DEL CAMPO POPULAR,agrupacion,40,NO DECLARADO,xlsx_votos_por_localidad
2011,PASO,2011-08-14,PRESIDENTE Y VICE,21,Santa Fe,Las Colonias,Esperanza,0055,EN BLANCO,blancos,403,NO DECLARADO,xlsx_votos_por_localidad
2011,PASO,2011-08-14,PRESIDENTE Y VICE,21,Santa Fe,Las Colonias,Esperanza,0055,IMPUGNADO,impugnados,0,NO DECLARADO,xlsx_votos_por_localidad
2011,PASO,2011-08-14,PRESIDENTE Y VICE,21,Santa Fe,Las Colonias,Esperanza,0055,MOVIMIENTO DE ACCION VECINAL,agrupacion,33,NO DECLARADO,xlsx_votos_por_localidad
2011,PASO,2011-08-14,PRESIDENTE Y VICE,21,Santa Fe,Las Colonias,Esperanza,0055,NULO,nulos,498,NO DECLARADO,xlsx_votos_por_localidad
2011,PASO,2011-08-14,PRESIDENTE Y VICE,21,Santa Fe,Las Colonias,Esperanza,0055,POSITIVO,positivo,22047,NO DECLARADO,xlsx_votos_por_localidad
2011,PASO,2011-08-14,PRESIDENTE Y VICE,21,Santa Fe,Las Colonias,Esperanza,0055,RECURRIDO,recurridos,1,NO DECLARADO,xlsx_votos_por_localidad
2011,PASO,2011-08-14,PRESIDENTE Y VICE,21,Santa Fe,Las Colonias,Felicia,0060,ALIANZA COMPROMISO FEDERAL,agrupacion,95,NO DECLARADO,xlsx_votos_por_localidad
2011,PASO,2011-08-14,PRESIDENTE Y VICE,21,Santa Fe,Las Colonias,Felicia,0060,ALIANZA FRENTE AMPLIO PROGRESISTA,agrupacion,429,NO DECLARADO,xlsx_votos_por_localidad
2011,PASO,2011-08-14,PRESIDENTE Y VICE,21,Santa Fe,Las Colonias,Felicia,0060,ALIANZA FRENTE DE IZQUIERDA Y DE LOS TRABAJADORES,agrupacion,12,NO DECLARADO,xlsx_votos_por_localidad
2011,PASO,2011-08-14,PRESIDENTE Y VICE,21,Santa Fe,Las Colonias,Felicia,0060,ALIANZA FRENTE PARA LA VICTORIA,agrupacion,360,NO DECLARADO,xlsx_votos_por_localidad
2011,PASO,2011-08-14,PRESIDENTE Y VICE,21,Santa Fe,Las Colonias,Felicia,0060,ALIANZA FRENTE POPULAR,agrupacion,331,NO DECLARADO,xlsx_votos_por_localidad
2011,PASO,2011-08-14,PRESIDENTE Y VICE,21,Santa Fe,Las Colonias,Felicia,0060,ALIANZA PROYECTO SUR,agrupacion,5,NO DECLARADO,xlsx_votos_por_localidad
2011,PASO,2011-08-14,PRESIDENTE Y VICE,21,Santa Fe,Las Colonias,Felicia,0060,ALIANZA UNION PARA EL DESARROLLO SOCIAL - UDESO,agrupacion,127,NO DECLARADO,xlsx_votos_por_localidad
2011,PASO,2011-08-14,PRESIDENTE Y VICE,21,Santa Fe,Las Colonias,Felicia,0060,COALICION CIVICA ARI,agrupacion,39,NO DECLARADO,xlsx_votos_por_localidad
2011,PASO,2011-08-14,PRESIDENTE Y VICE,21,Santa Fe,Las Colonias,Felicia,0060,DEL CAMPO POPULAR,agrupacion,2,NO DECLARADO,xlsx_votos_por_localidad
2011,PASO,2011-08-14,PRESIDENTE Y VICE,21,Santa Fe,Las Colonias,Felicia,0060,EN BLANCO,blancos,49,NO DECLARADO,xlsx_votos_por_localidad
2011,PASO,2011-08-14,PRESIDENTE Y VICE,21,Santa Fe,Las Colonias,Felicia,0060,IMPUGNADO,impugnados,0,NO DECLARADO,xlsx_votos_por_localidad
2011,PASO,2011-08-14,PRESIDENTE Y VICE,21,Santa Fe,Las Colonias,Felicia,0060,MOVIMIENTO DE ACCION VECINAL,agrupacion,3,NO DECLARADO,xlsx_votos_por_localidad
2011,PASO,2011-08-14,PRESIDENTE Y VICE,21,Santa Fe,Las Colonias,Felicia,0060,NULO,nulos,4,NO DECLARADO,xlsx_votos_por_localidad
2011,PASO,2011-08-14,PRESIDENTE Y VICE,21,Santa Fe,Las Colonias,Felicia,0060,POSITIVO,positivo,1403,NO DECLARADO,xlsx_votos_por_localidad
2011,PASO,2011-08-14,PRESIDENTE Y VICE,21,Santa Fe,Las Colonias,Felicia,0060,RECURRIDO,recurridos,0,NO DECLARADO,xlsx_votos_por_localidad
2011,PASO,2011-08-14,PRESIDENTE Y VICE,21,Santa Fe,Las Colonias,Franck,0053,ALIANZA COMPROMISO FEDERAL,agrupacion,236,NO DECLARADO,xlsx_votos_por_localidad
2011,PASO,2011-08-14,PRESIDENTE Y VICE,21,Santa Fe,Las Colonias,Franck,0053,ALIANZA FRENTE AMPLIO PROGRESISTA,agrupacion,1185,NO DECLARADO,xlsx_votos_por_localidad
2011,PASO,2011-08-14,PRESIDENTE Y VICE,21,Santa Fe,Las Colonias,Franck,0053,ALIANZA FRENTE DE IZQUIERDA Y DE LOS TRABAJADORES,agrupacion,26,NO DECLARADO,xlsx_votos_por_localidad
2011,PASO,2011-08-14,PRESIDENTE Y VICE,21,Santa Fe,Las Colonias,Franck,0053,ALIANZA FRENTE PARA LA VICTORIA,agrupacion,704,NO DECLARADO,xlsx_votos_por_localidad
2011,PASO,2011-08-14,PRESIDENTE Y VICE,21,Santa Fe,Las Colonias,Franck,0053,ALIANZA FRENTE POPULAR,agrupacion,707,NO DECLARADO,xlsx_votos_por_localidad
2011,PASO,2011-08-14,PRESIDENTE Y VICE,21,Santa Fe,Las Colonias,Franck,0053,ALIANZA PROYECTO SUR,agrupacion,12,NO DECLARADO,xlsx_votos_por_localidad
2011,PASO,2011-08-14,PRESIDENTE Y VICE,21,Santa Fe,Las Colonias,Franck,0053,ALIANZA UNION PARA EL DESARROLLO SOCIAL - UDESO,agrupacion,318,NO DECLARADO,xlsx_votos_por_localidad
2011,PASO,2011-08-14,PRESIDENTE Y VICE,21,Santa Fe,Las Colonias,Franck,0053,COALICION CIVICA ARI,agrupacion,106,NO DECLARADO,xlsx_votos_por_localidad
2011,PASO,2011-08-14,PRESIDENTE Y VICE,21,Santa Fe,Las Colonias,Franck,0053,DEL CAMPO POPULAR,agrupacion,6,NO DECLARADO,xlsx_votos_por_localidad
2011,PASO,2011-08-14,PRESIDENTE Y VICE,21,Santa Fe,Las Colonias,Franck,0053,EN BLANCO,blancos,100,NO DECLARADO,xlsx_votos_por_localidad
2011,PASO,2011-08-14,PRESIDENTE Y VICE,21,Santa Fe,Las Colonias,Franck,0053,IMPUGNADO,impugnados,0,NO DECLARADO,xlsx_votos_por_localidad
2011,PASO,2011-08-14,PRESIDENTE Y VICE,21,Santa Fe,Las Colonias,Franck,0053,MOVIMIENTO DE ACCION VECINAL,agrupacion,14,NO DECLARADO,xlsx_votos_por_localidad
2011,PASO,2011-08-14,PRESIDENTE Y VICE,21,Santa Fe,Las Colonias,Franck,0053,NULO,nulos,15,NO DECLARADO,xlsx_votos_por_localidad
2011,PASO,2011-08-14,PRESIDENTE Y VICE,21,Santa Fe,Las Colonias,Franck,0053,POSITIVO,positivo,3314,NO DECLARADO,xlsx_votos_por_localidad
2011,PASO,2011-08-14,PRESIDENTE Y VICE,21,Santa Fe,Las Colonias,Franck,0053,RECURRIDO,recurridos,0,NO DECLARADO,xlsx_votos_por_localidad
2011,PASO,2011-08-14,PRESIDENTE Y VICE,21,Santa Fe,Las Colonias,Humboldt,0056,ALIANZA COMPROMISO FEDERAL,agrupacion,214,NO DECLARADO,xlsx_votos_por_localidad
2011,PASO,2011-08-14,PRESIDENTE Y VICE,21,Santa Fe,Las Colonias,Humboldt,0056,ALIANZA FRENTE AMPLIO PROGRESISTA,agrupacion,891,NO DECLARADO,xlsx_votos_por_localidad
2011,PASO,2011-08-14,PRESIDENTE Y VICE,21,Santa Fe,Las Colonias,Humboldt,0056,ALIANZA FRENTE DE IZQUIERDA Y DE LOS TRABAJADORES,agrupacion,34,NO DECLARADO,xlsx_votos_por_localidad
2011,PASO,2011-08-14,PRESIDENTE Y VICE,21,Santa Fe,Las Colonias,Humboldt,0056,ALIANZA FRENTE PARA LA VICTORIA,agrupacion,730,NO DECLARADO,xlsx_votos_por_localidad
2011,PASO,2011-08-14,PRESIDENTE Y VICE,21,Santa Fe,Las Colonias,Humboldt,0056,ALIANZA FRENTE POPULAR,agrupacion,566,NO DECLARADO,xlsx_votos_por_localidad
2011,PASO,2011-08-14,PRESIDENTE Y VICE,21,Santa Fe,Las Colonias,Humboldt,0056,ALIANZA PROYECTO SUR,agrupacion,16,NO DECLARADO,xlsx_votos_por_localidad
2011,PASO,2011-08-14,PRESIDENTE Y VICE,21,Santa Fe,Las Colonias,Humboldt,0056,ALIANZA UNION PARA EL DESARROLLO SOCIAL - UDESO,agrupacion,368,NO DECLARADO,xlsx_votos_por_localidad
2011,PASO,2011-08-14,PRESIDENTE Y VICE,21,Santa Fe,Las Colonias,Humboldt,0056,COALICION CIVICA ARI,agrupacion,84,NO DECLARADO,xlsx_votos_por_localidad
2011,PASO,2011-08-14,PRESIDENTE Y VICE,21,Santa Fe,Las Colonias,Humboldt,0056,DEL CAMPO POPULAR,agrupacion,6,NO DECLARADO,xlsx_votos_por_localidad
2011,PASO,2011-08-14,PRESIDENTE Y VICE,21,Santa Fe,Las Colonias,Humboldt,0056,EN BLANCO,blancos,78,NO DECLARADO,xlsx_votos_por_localidad
2011,PASO,2011-08-14,PRESIDENTE Y VICE,21,Santa Fe,Las Colonias,Humboldt,0056,IMPUGNADO,impugnados,0,NO DECLARADO,xlsx_votos_por_localidad
2011,PASO,2011-08-14,PRESIDENTE Y VICE,21,Santa Fe,Las Colonias,Humboldt,0056,MOVIMIENTO DE ACCION VECINAL,agrupacion,4,NO DECLARADO,xlsx_votos_por_localidad
2011,PASO,2011-08-14,PRESIDENTE Y VICE,21,Santa Fe,Las Colonias,Humboldt,0056,NULO,nulos,27,NO DECLARADO,xlsx_votos_por_localidad
2011,PASO,2011-08-14,PRESIDENTE Y VICE,21,Santa Fe,Las Colonias,Humboldt,0056,POSITIVO,positivo,2913,NO DECLARADO,xlsx_votos_por_localidad
2011,PASO,2011-08-14,PRESIDENTE Y VICE,21,Santa Fe,Las Colonias,Humboldt,0056,RECURRIDO,recurridos,0,NO DECLARADO,xlsx_votos_por_localidad
2011,PASO,2011-08-14,PRESIDENTE Y VICE,21,Santa Fe,Las Colonias,Pilar,0057,ALIANZA COMPROMISO FEDERAL,agrupacion,143,NO DECLARADO,xlsx_votos_por_localidad
2011,PASO,2011-08-14,PRESIDENTE Y VICE,21,Santa Fe,Las Colonias,Pilar,0057,ALIANZA FRENTE AMPLIO PROGRESISTA,agrupacion,933,NO DECLARADO,xlsx_votos_por_localidad
2011,PASO,2011-08-14,PRESIDENTE Y VICE,21,Santa Fe,Las Colonias,Pilar,0057,ALIANZA FRENTE DE IZQUIERDA Y DE LOS TRABAJADORES,agrupacion,23,NO DECLARADO,xlsx_votos_por_localidad
2011,PASO,2011-08-14,PRESIDENTE Y VICE,21,Santa Fe,Las Colonias,Pilar,0057,ALIANZA FRENTE PARA LA VICTORIA,agrupacion,1000,NO DECLARADO,xlsx_votos_por_localidad
2011,PASO,2011-08-14,PRESIDENTE Y VICE,21,Santa Fe,Las Colonias,Pilar,0057,ALIANZA FRENTE POPULAR,agrupacion,371,NO DECLARADO,xlsx_votos_por_localidad
2011,PASO,2011-08-14,PRESIDENTE Y VICE,21,Santa Fe,Las Colonias,Pilar,0057,ALIANZA PROYECTO SUR,agrupacion,9,NO DECLARADO,xlsx_votos_por_localidad
2011,PASO,2011-08-14,PRESIDENTE Y VICE,21,Santa Fe,Las Colonias,Pilar,0057,ALIANZA UNION PARA EL DESARROLLO SOCIAL - UDESO,agrupacion,177,NO DECLARADO,xlsx_votos_por_localidad
2011,PASO,2011-08-14,PRESIDENTE Y VICE,21,Santa Fe,Las Colonias,Pilar,0057,COALICION CIVICA ARI,agrupacion,63,NO DECLARADO,xlsx_votos_por_localidad
2011,PASO,2011-08-14,PRESIDENTE Y VICE,21,Santa Fe,Las Colonias,Pilar,0057,DEL CAMPO POPULAR,agrupacion,4,NO DECLARADO,xlsx_votos_por_localidad
2011,PASO,2011-08-14,PRESIDENTE Y VICE,21,Santa Fe,Las Colonias,Pilar,0057,EN BLANCO,blancos,117,NO DECLARADO,xlsx_votos_por_localidad
2011,PASO,2011-08-14,PRESIDENTE Y VICE,21,Santa Fe,Las Colonias,Pilar,0057,IMPUGNADO,impugnados,0,NO DECLARADO,xlsx_votos_por_localidad
2011,PASO,2011-08-14,PRESIDENTE Y VICE,21,Santa Fe,Las Colonias,Pilar,0057,MOVIMIENTO DE ACCION VECINAL,agrupacion,7,NO DECLARADO,xlsx_votos_por_localidad
2011,PASO,2011-08-14,PRESIDENTE Y VICE,21,Santa Fe,Las Colonias,Pilar,0057,NULO,nulos,28,NO DECLARADO,xlsx_votos_por_localidad
2011,PASO,2011-08-14,PRESIDENTE Y VICE,21,Santa Fe,Las Colonias,Pilar,0057,POSITIVO,positivo,2730,NO DECLARADO,xlsx_votos_por_localidad
2011,PASO,2011-08-14,PRESIDENTE Y VICE,21,Santa Fe,Las Colonias,Pilar,0057,RECURRIDO,recurridos,0,NO DECLARADO,xlsx_votos_por_localidad
2011,PASO,2011-08-14,PRESIDENTE Y VICE,21,Santa Fe,Las Colonias,Progreso,0063,ALIANZA COMPROMISO FEDERAL,agrupacion,68,NO DECLARADO,xlsx_votos_por_localidad
2011,PASO,2011-08-14,PRESIDENTE Y VICE,21,Santa Fe,Las Colonias,Progreso,0063,ALIANZA FRENTE AMPLIO PROGRESISTA,agrupacion,362,NO DECLARADO,xlsx_votos_por_localidad
2011,PASO,2011-08-14,PRESIDENTE Y VICE,21,Santa Fe,Las Colonias,Progreso,0063,ALIANZA FRENTE DE IZQUIERDA Y DE LOS TRABAJADORES,agrupacion,18,NO DECLARADO,xlsx_votos_por_localidad
2011,PASO,2011-08-14,PRESIDENTE Y VICE,21,Santa Fe,Las Colonias,Progreso,0063,ALIANZA FRENTE PARA LA VICTORIA,agrupacion,294,NO DECLARADO,xlsx_votos_por_localidad
2011,PASO,2011-08-14,PRESIDENTE Y VICE,21,Santa Fe,Las Colonias,Progreso,0063,ALIANZA FRENTE POPULAR,agrupacion,437,NO DECLARADO,xlsx_votos_por_localidad
2011,PASO,2011-08-14,PRESIDENTE Y VICE,21,Santa Fe,Las Colonias,Progreso,0063,ALIANZA PROYECTO SUR,agrupacion,1,NO DECLARADO,xlsx_votos_por_localidad
2011,PASO,2011-08-14,PRESIDENTE Y VICE,21,Santa Fe,Las Colonias,Progreso,0063,ALIANZA UNION PARA EL DESARROLLO SOCIAL - UDESO,agrupacion,166,NO DECLARADO,xlsx_votos_por_localidad
2011,PASO,2011-08-14,PRESIDENTE Y VICE,21,Santa Fe,Las Colonias,Progreso,0063,COALICION CIVICA ARI,agrupacion,43,NO DECLARADO,xlsx_votos_por_localidad
2011,PASO,2011-08-14,PRESIDENTE Y VICE,21,Santa Fe,Las Colonias,Progreso,0063,DEL CAMPO POPULAR,agrupacion,2,NO DECLARADO,xlsx_votos_por_localidad
2011,PASO,2011-08-14,PRESIDENTE Y VICE,21,Santa Fe,Las Colonias,Progreso,0063,EN BLANCO,blancos,43,NO DECLARADO,xlsx_votos_por_localidad
2011,PASO,2011-08-14,PRESIDENTE Y VICE,21,Santa Fe,Las Colonias,Progreso,0063,IMPUGNADO,impugnados,0,NO DECLARADO,xlsx_votos_por_localidad
2011,PASO,2011-08-14,PRESIDENTE Y VICE,21,Santa Fe,Las Colonias,Progreso,0063,MOVIMIENTO DE ACCION VECINAL,agrupacion,2,NO DECLARADO,xlsx_votos_por_localidad
2011,PASO,2011-08-14,PRESIDENTE Y VICE,21,Santa Fe,Las Colonias,Progreso,0063,NULO,nulos,2,NO DECLARADO,xlsx_votos_por_localidad
2011,PASO,2011-08-14,PRESIDENTE Y VICE,21,Santa Fe,Las Colonias,Progreso,0063,POSITIVO,positivo,1393,NO DECLARADO,xlsx_votos_por_localidad
2011,PASO,2011-08-14,PRESIDENTE Y VICE,21,Santa Fe,Las Colonias,Progreso,0063,RECURRIDO,recurridos,0,NO DECLARADO,xlsx_votos_por_localidad
2011,PASO,2011-08-14,PRESIDENTE Y VICE,21,Santa Fe,Las Colonias,San Carlos Centro,0044,ALIANZA COMPROMISO FEDERAL,agrupacion,374,NO DECLARADO,xlsx_votos_por_localidad
2011,PASO,2011-08-14,PRESIDENTE Y VICE,21,Santa Fe,Las Colonias,San Carlos Centro,0044,ALIANZA FRENTE AMPLIO PROGRESISTA,agrupacion,2627,NO DECLARADO,xlsx_votos_por_localidad
2011,PASO,2011-08-14,PRESIDENTE Y VICE,21,Santa Fe,Las Colonias,San Carlos Centro,0044,ALIANZA FRENTE DE IZQUIERDA Y DE LOS TRABAJADORES,agrupacion,91,NO DECLARADO,xlsx_votos_por_localidad
2011,PASO,2011-08-14,PRESIDENTE Y VICE,21,Santa Fe,Las Colonias,San Carlos Centro,0044,ALIANZA FRENTE PARA LA VICTORIA,agrupacion,2277,NO DECLARADO,xlsx_votos_por_localidad
2011,PASO,2011-08-14,PRESIDENTE Y VICE,21,Santa Fe,Las Colonias,San Carlos Centro,0044,ALIANZA FRENTE POPULAR,agrupacion,914,NO DECLARADO,xlsx_votos_por_localidad
2011,PASO,2011-08-14,PRESIDENTE Y VICE,21,Santa Fe,Las Colonias,San Carlos Centro,0044,ALIANZA PROYECTO SUR,agrupacion,28,NO DECLARADO,xlsx_votos_por_localidad
2011,PASO,2011-08-14,PRESIDENTE Y VICE,21,Santa Fe,Las Colonias,San Carlos Centro,0044,ALIANZA UNION PARA EL DESARROLLO SOCIAL - UDESO,agrupacion,491,NO DECLARADO,xlsx_votos_por_localidad
2011,PASO,2011-08-14,PRESIDENTE Y VICE,21,Santa Fe,Las Colonias,San Carlos Centro,0044,COALICION CIVICA ARI,agrupacion,283,NO DECLARADO,xlsx_votos_por_localidad
2011,PASO,2011-08-14,PRESIDENTE Y VICE,21,Santa Fe,Las Colonias,San Carlos Centro,0044,DEL CAMPO POPULAR,agrupacion,11,NO DECLARADO,xlsx_votos_por_localidad
2011,PASO,2011-08-14,PRESIDENTE Y VICE,21,Santa Fe,Las Colonias,San Carlos Centro,0044,EN BLANCO,blancos,138,NO DECLARADO,xlsx_votos_por_localidad
2011,PASO,2011-08-14,PRESIDENTE Y VICE,21,Santa Fe,Las Colonias,San Carlos Centro,0044,IMPUGNADO,impugnados,0,NO DECLARADO,xlsx_votos_por_localidad
2011,PASO,2011-08-14,PRESIDENTE Y VICE,21,Santa Fe,Las Colonias,San Carlos Centro,0044,MOVIMIENTO DE ACCION VECINAL,agrupacion,20,NO DECLARADO,xlsx_votos_por_localidad
2011,PASO,2011-08-14,PRESIDENTE Y VICE,21,Santa Fe,Las Colonias,San Carlos Centro,0044,NULO,nulos,76,NO DECLARADO,xlsx_votos_por_localidad
2011,PASO,2011-08-14,PRESIDENTE Y VICE,21,Santa Fe,Las Colonias,San Carlos Centro,0044,POSITIVO,positivo,7116,NO DECLARADO,xlsx_votos_por_localidad
2011,PASO,2011-08-14,PRESIDENTE Y VICE,21,Santa Fe,Las Colonias,San Carlos Centro,0044,RECURRIDO,recurridos,0,NO DECLARADO,xlsx_votos_por_localidad
2011,PASO,2011-08-14,PRESIDENTE Y VICE,21,Santa Fe,Las Colonias,San Carlos Sud,0043,ALIANZA COMPROMISO FEDERAL,agrupacion,66,NO DECLARADO,xlsx_votos_por_localidad
2011,PASO,2011-08-14,PRESIDENTE Y VICE,21,Santa Fe,Las Colonias,San Carlos Sud,0043,ALIANZA FRENTE AMPLIO PROGRESISTA,agrupacion,481,NO DECLARADO,xlsx_votos_por_localidad
2011,PASO,2011-08-14,PRESIDENTE Y VICE,21,Santa Fe,Las Colonias,San Carlos Sud,0043,ALIANZA FRENTE DE IZQUIERDA Y DE LOS TRABAJADORES,agrupacion,26,NO DECLARADO,xlsx_votos_por_localidad
2011,PASO,2011-08-14,PRESIDENTE Y VICE,21,Santa Fe,Las Colonias,San Carlos Sud,0043,ALIANZA FRENTE PARA LA VICTORIA,agrupacion,447,NO DECLARADO,xlsx_votos_por_localidad
2011,PASO,2011-08-14,PRESIDENTE Y VICE,21,Santa Fe,Las Colonias,San Carlos Sud,0043,ALIANZA FRENTE POPULAR,agrupacion,133,NO DECLARADO,xlsx_votos_por_localidad
2011,PASO,2011-08-14,PRESIDENTE Y VICE,21,Santa Fe,Las Colonias,San Carlos Sud,0043,ALIANZA PROYECTO SUR,agrupacion,5,NO DECLARADO,xlsx_votos_por_localidad
2011,PASO,2011-08-14,PRESIDENTE Y VICE,21,Santa Fe,Las Colonias,San Carlos Sud,0043,ALIANZA UNION PARA EL DESARROLLO SOCIAL - UDESO,agrupacion,90,NO DECLARADO,xlsx_votos_por_localidad
2011,PASO,2011-08-14,PRESIDENTE Y VICE,21,Santa Fe,Las Colonias,San Carlos Sud,0043,COALICION CIVICA ARI,agrupacion,32,NO DECLARADO,xlsx_votos_por_localidad
2011,PASO,2011-08-14,PRESIDENTE Y VICE,21,Santa Fe,Las Colonias,San Carlos Sud,0043,DEL CAMPO POPULAR,agrupacion,5,NO DECLARADO,xlsx_votos_por_localidad
2011,PASO,2011-08-14,PRESIDENTE Y VICE,21,Santa Fe,Las Colonias,San Carlos Sud,0043,EN BLANCO,blancos,37,NO DECLARADO,xlsx_votos_por_localidad
2011,PASO,2011-08-14,PRESIDENTE Y VICE,21,Santa Fe,Las Colonias,San Carlos Sud,0043,IMPUGNADO,impugnados,0,NO DECLARADO,xlsx_votos_por_localidad
2011,PASO,2011-08-14,PRESIDENTE Y VICE,21,Santa Fe,Las Colonias,San Carlos Sud,0043,MOVIMIENTO DE ACCION VECINAL,agrupacion,1,NO DECLARADO,xlsx_votos_por_localidad
2011,PASO,2011-08-14,PRESIDENTE Y VICE,21,Santa Fe,Las Colonias,San Carlos Sud,0043,NULO,nulos,0,NO DECLARADO,xlsx_votos_por_localidad
2011,PASO,2011-08-14,PRESIDENTE Y VICE,21,Santa Fe,Las Colonias,San Carlos Sud,0043,POSITIVO,positivo,1286,NO DECLARADO,xlsx_votos_por_localidad
2011,PASO,2011-08-14,PRESIDENTE Y VICE,21,Santa Fe,Las Colonias,San Carlos Sud,0043,RECURRIDO,recurridos,194,NO DECLARADO,xlsx_votos_por_localidad
2011,PASO,2011-08-14,PRESIDENTE Y VICE,21,Santa Fe,Las Colonias,San Jerónimo Norte,0052,ALIANZA COMPROMISO FEDERAL,agrupacion,262,NO DECLARADO,xlsx_votos_por_localidad
2011,PASO,2011-08-14,PRESIDENTE Y VICE,21,Santa Fe,Las Colonias,San Jerónimo Norte,0052,ALIANZA FRENTE AMPLIO PROGRESISTA,agrupacion,1505,NO DECLARADO,xlsx_votos_por_localidad
2011,PASO,2011-08-14,PRESIDENTE Y VICE,21,Santa Fe,Las Colonias,San Jerónimo Norte,0052,ALIANZA FRENTE DE IZQUIERDA Y DE LOS TRABAJADORES,agrupacion,45,NO DECLARADO,xlsx_votos_por_localidad
2011,PASO,2011-08-14,PRESIDENTE Y VICE,21,Santa Fe,Las Colonias,San Jerónimo Norte,0052,ALIANZA FRENTE PARA LA VICTORIA,agrupacion,828,NO DECLARADO,xlsx_votos_por_localidad
2011,PASO,2011-08-14,PRESIDENTE Y VICE,21,Santa Fe,Las Colonias,San Jerónimo Norte,0052,ALIANZA FRENTE POPULAR,agrupacion,707,NO DECLARADO,xlsx_votos_por_localidad
2011,PASO,2011-08-14,PRESIDENTE Y VICE,21,Santa Fe,Las Colonias,San Jerónimo Norte,0052,ALIANZA PROYECTO SUR,agrupacion,20,NO DECLARADO,xlsx_votos_por_localidad
2011,PASO,2011-08-14,PRESIDENTE Y VICE,21,Santa Fe,Las Colonias,San Jerónimo Norte,0052,ALIANZA UNION PARA EL DESARROLLO SOCIAL - UDESO,agrupacion,479,NO DECLARADO,xlsx_votos_por_localidad
2011,PASO,2011-08-14,PRESIDENTE Y VICE,21,Santa Fe,Las Colonias,San Jerónimo Norte,0052,COALICION CIVICA ARI,agrupacion,188,NO DECLARADO,xlsx_votos_por_localidad
2011,PASO,2011-08-14,PRESIDENTE Y VICE,21,Santa Fe,Las Colonias,San Jerónimo Norte,0052,DEL CAMPO POPULAR,agrupacion,9,NO DECLARADO,xlsx_votos_por_localidad
2011,PASO,2011-08-14,PRESIDENTE Y VICE,21,Santa Fe,Las Colonias,San Jerónimo Norte,0052,EN BLANCO,blancos,132,NO DECLARADO,xlsx_votos_por_localidad
2011,PASO,2011-08-14,PRESIDENTE Y VICE,21,Santa Fe,Las Colonias,San Jerónimo Norte,0052,IMPUGNADO,impugnados,0,NO DECLARADO,xlsx_votos_por_localidad
2011,PASO,2011-08-14,PRESIDENTE Y VICE,21,Santa Fe,Las Colonias,San Jerónimo Norte,0052,MOVIMIENTO DE ACCION VECINAL,agrupacion,7,NO DECLARADO,xlsx_votos_por_localidad
2011,PASO,2011-08-14,PRESIDENTE Y VICE,21,Santa Fe,Las Colonias,San Jerónimo Norte,0052,NULO,nulos,20,NO DECLARADO,xlsx_votos_por_localidad
2011,PASO,2011-08-14,PRESIDENTE Y VICE,21,Santa Fe,Las Colonias,San Jerónimo Norte,0052,POSITIVO,positivo,4050,NO DECLARADO,xlsx_votos_por_localidad
2011,PASO,2011-08-14,PRESIDENTE Y VICE,21,Santa Fe,Las Colonias,San Jerónimo Norte,0052,RECURRIDO,recurridos,0,NO DECLARADO,xlsx_votos_por_localidad
2011,PASO,2011-08-14,PRESIDENTE Y VICE,21,Santa Fe,Las Colonias,Santa Clara de Buena Vista,0046,ALIANZA COMPROMISO FEDERAL,agrupacion,118,NO DECLARADO,xlsx_votos_por_localidad
2011,PASO,2011-08-14,PRESIDENTE Y VICE,21,Santa Fe,Las Colonias,Santa Clara de Buena Vista,0046,ALIANZA FRENTE AMPLIO PROGRESISTA,agrupacion,607,NO DECLARADO,xlsx_votos_por_localidad
2011,PASO,2011-08-14,PRESIDENTE Y VICE,21,Santa Fe,Las Colonias,Santa Clara de Buena Vista,0046,ALIANZA FRENTE DE IZQUIERDA Y DE LOS TRABAJADORES,agrupacion,12,NO DECLARADO,xlsx_votos_por_localidad
2011,PASO,2011-08-14,PRESIDENTE Y VICE,21,Santa Fe,Las Colonias,Santa Clara de Buena Vista,0046,ALIANZA FRENTE PARA LA VICTORIA,agrupacion,514,NO DECLARADO,xlsx_votos_por_localidad
2011,PASO,2011-08-14,PRESIDENTE Y VICE,21,Santa Fe,Las Colonias,Santa Clara de Buena Vista,0046,ALIANZA FRENTE POPULAR,agrupacion,265,NO DECLARADO,xlsx_votos_por_localidad
2011,PASO,2011-08-14,PRESIDENTE Y VICE,21,Santa Fe,Las Colonias,Santa Clara de Buena Vista,0046,ALIANZA PROYECTO SUR,agrupacion,13,NO DECLARADO,xlsx_votos_por_localidad
2011,PASO,2011-08-14,PRESIDENTE Y VICE,21,Santa Fe,Las Colonias,Santa Clara de Buena Vista,0046,ALIANZA UNION PARA EL DESARROLLO SOCIAL - UDESO,agrupacion,112,NO DECLARADO,xlsx_votos_por_localidad
2011,PASO,2011-08-14,PRESIDENTE Y VICE,21,Santa Fe,Las Colonias,Santa Clara de Buena Vista,0046,COALICION CIVICA ARI,agrupacion,53,NO DECLARADO,xlsx_votos_por_localidad
2011,PASO,2011-08-14,PRESIDENTE Y VICE,21,Santa Fe,Las Colonias,Santa Clara de Buena Vista,0046,DEL CAMPO POPULAR,agrupacion,2,NO DECLARADO,xlsx_votos_por_localidad
2011,PASO,2011-08-14,PRESIDENTE Y VICE,21,Santa Fe,Las Colonias,Santa Clara de Buena Vista,0046,EN BLANCO,blancos,49,NO DECLARADO,xlsx_votos_por_localidad
2011,PASO,2011-08-14,PRESIDENTE Y VICE,21,Santa Fe,Las Colonias,Santa Clara de Buena Vista,0046,IMPUGNADO,impugnados,0,NO DECLARADO,xlsx_votos_por_localidad
2011,PASO,2011-08-14,PRESIDENTE Y VICE,21,Santa Fe,Las Colonias,Santa Clara de Buena Vista,0046,MOVIMIENTO DE ACCION VECINAL,agrupacion,2,NO DECLARADO,xlsx_votos_por_localidad
2011,PASO,2011-08-14,PRESIDENTE Y VICE,21,Santa Fe,Las Colonias,Santa Clara de Buena Vista,0046,NULO,nulos,18,NO DECLARADO,xlsx_votos_por_localidad
2011,PASO,2011-08-14,PRESIDENTE Y VICE,21,Santa Fe,Las Colonias,Santa Clara de Buena Vista,0046,POSITIVO,positivo,1698,NO DECLARADO,xlsx_votos_por_localidad
2011,PASO,2011-08-14,PRESIDENTE Y VICE,21,Santa Fe,Las Colonias,Santa Clara de Buena Vista,0046,RECURRIDO,recurridos,0,NO DECLARADO,xlsx_votos_por_localidad
2011,PASO,2011-08-14,PRESIDENTE Y VICE,21,Santa Fe,San Martín,Carlos Pellegrini,0160,ALIANZA COMPROMISO FEDERAL,agrupacion,222,NO DECLARADO,xlsx_votos_por_localidad
2011,PASO,2011-08-14,PRESIDENTE Y VICE,21,Santa Fe,San Martín,Carlos Pellegrini,0160,ALIANZA FRENTE AMPLIO PROGRESISTA,agrupacion,1008,NO DECLARADO,xlsx_votos_por_localidad
2011,PASO,2011-08-14,PRESIDENTE Y VICE,21,Santa Fe,San Martín,Carlos Pellegrini,0160,ALIANZA FRENTE DE IZQUIERDA Y DE LOS TRABAJADORES,agrupacion,29,NO DECLARADO,xlsx_votos_por_localidad
2011,PASO,2011-08-14,PRESIDENTE Y VICE,21,Santa Fe,San Martín,Carlos Pellegrini,0160,ALIANZA FRENTE PARA LA VICTORIA,agrupacion,743,NO DECLARADO,xlsx_votos_por_localidad
2011,PASO,2011-08-14,PRESIDENTE Y VICE,21,Santa Fe,San Martín,Carlos Pellegrini,0160,ALIANZA FRENTE POPULAR,agrupacion,659,NO DECLARADO,xlsx_votos_por_localidad
2011,PASO,2011-08-14,PRESIDENTE Y VICE,21,Santa Fe,San Martín,Carlos Pellegrini,0160,ALIANZA PROYECTO SUR,agrupacion,18,NO DECLARADO,xlsx_votos_por_localidad
2011,PASO,2011-08-14,PRESIDENTE Y VICE,21,Santa Fe,San Martín,Carlos Pellegrini,0160,ALIANZA UNION PARA EL DESARROLLO SOCIAL - UDESO,agrupacion,240,NO DECLARADO,xlsx_votos_por_localidad
2011,PASO,2011-08-14,PRESIDENTE Y VICE,21,Santa Fe,San Martín,Carlos Pellegrini,0160,COALICION CIVICA ARI,agrupacion,171,NO DECLARADO,xlsx_votos_por_localidad
2011,PASO,2011-08-14,PRESIDENTE Y VICE,21,Santa Fe,San Martín,Carlos Pellegrini,0160,DEL CAMPO POPULAR,agrupacion,7,NO DECLARADO,xlsx_votos_por_localidad
2011,PASO,2011-08-14,PRESIDENTE Y VICE,21,Santa Fe,San Martín,Carlos Pellegrini,0160,EN BLANCO,blancos,81,NO DECLARADO,xlsx_votos_por_localidad
2011,PASO,2011-08-14,PRESIDENTE Y VICE,21,Santa Fe,San Martín,Carlos Pellegrini,0160,IMPUGNADO,impugnados,0,NO DECLARADO,xlsx_votos_por_localidad
2011,PASO,2011-08-14,PRESIDENTE Y VICE,21,Santa Fe,San Martín,Carlos Pellegrini,0160,MOVIMIENTO DE ACCION VECINAL,agrupacion,5,NO DECLARADO,xlsx_votos_por_localidad
2011,PASO,2011-08-14,PRESIDENTE Y VICE,21,Santa Fe,San Martín,Carlos Pellegrini,0160,NULO,nulos,31,NO DECLARADO,xlsx_votos_por_localidad
2011,PASO,2011-08-14,PRESIDENTE Y VICE,21,Santa Fe,San Martín,Carlos Pellegrini,0160,POSITIVO,positivo,3102,NO DECLARADO,xlsx_votos_por_localidad
2011,PASO,2011-08-14,PRESIDENTE Y VICE,21,Santa Fe,San Martín,Carlos Pellegrini,0160,RECURRIDO,recurridos,0,NO DECLARADO,xlsx_votos_por_localidad
2011,PASO,2011-08-14,PRESIDENTE Y VICE,21,Santa Fe,San Martín,Cañada Rosquín,0161,ALIANZA COMPROMISO FEDERAL,agrupacion,269,NO DECLARADO,xlsx_votos_por_localidad
2011,PASO,2011-08-14,PRESIDENTE Y VICE,21,Santa Fe,San Martín,Cañada Rosquín,0161,ALIANZA FRENTE AMPLIO PROGRESISTA,agrupacion,947,NO DECLARADO,xlsx_votos_por_localidad
2011,PASO,2011-08-14,PRESIDENTE Y VICE,21,Santa Fe,San Martín,Cañada Rosquín,0161,ALIANZA FRENTE DE IZQUIERDA Y DE LOS TRABAJADORES,agrupacion,41,NO DECLARADO,xlsx_votos_por_localidad
2011,PASO,2011-08-14,PRESIDENTE Y VICE,21,Santa Fe,San Martín,Cañada Rosquín,0161,ALIANZA FRENTE PARA LA VICTORIA,agrupacion,1056,NO DECLARADO,xlsx_votos_por_localidad
2011,PASO,2011-08-14,PRESIDENTE Y VICE,21,Santa Fe,San Martín,Cañada Rosquín,0161,ALIANZA FRENTE POPULAR,agrupacion,479,NO DECLARADO,xlsx_votos_por_localidad
2011,PASO,2011-08-14,PRESIDENTE Y VICE,21,Santa Fe,San Martín,Cañada Rosquín,0161,ALIANZA PROYECTO SUR,agrupacion,21,NO DECLARADO,xlsx_votos_por_localidad
2011,PASO,2011-08-14,PRESIDENTE Y VICE,21,Santa Fe,San Martín,Cañada Rosquín,0161,ALIANZA UNION PARA EL DESARROLLO SOCIAL - UDESO,agrupacion,248,NO DECLARADO,xlsx_votos_por_localidad
2011,PASO,2011-08-14,PRESIDENTE Y VICE,21,Santa Fe,San Martín,Cañada Rosquín,0161,COALICION CIVICA ARI,agrupacion,127,NO DECLARADO,xlsx_votos_por_localidad
2011,PASO,2011-08-14,PRESIDENTE Y VICE,21,Santa Fe,San Martín,Cañada Rosquín,0161,DEL CAMPO POPULAR,agrupacion,5,NO DECLARADO,xlsx_votos_por_localidad
2011,PASO,2011-08-14,PRESIDENTE Y VICE,21,Santa Fe,San Martín,Cañada Rosquín,0161,EN BLANCO,blancos,75,NO DECLARADO,xlsx_votos_por_localidad
2011,PASO,2011-08-14,PRESIDENTE Y VICE,21,Santa Fe,San Martín,Cañada Rosquín,0161,IMPUGNADO,impugnados,0,NO DECLARADO,xlsx_votos_por_localidad
2011,PASO,2011-08-14,PRESIDENTE Y VICE,21,Santa Fe,San Martín,Cañada Rosquín,0161,MOVIMIENTO DE ACCION VECINAL,agrupacion,10,NO DECLARADO,xlsx_votos_por_localidad
2011,PASO,2011-08-14,PRESIDENTE Y VICE,21,Santa Fe,San Martín,Cañada Rosquín,0161,NULO,nulos,34,NO DECLARADO,xlsx_votos_por_localidad
2011,PASO,2011-08-14,PRESIDENTE Y VICE,21,Santa Fe,San Martín,Cañada Rosquín,0161,POSITIVO,positivo,3203,NO DECLARADO,xlsx_votos_por_localidad
2011,PASO,2011-08-14,PRESIDENTE Y VICE,21,Santa Fe,San Martín,Cañada Rosquín,0161,RECURRIDO,recurridos,0,NO DECLARADO,xlsx_votos_por_localidad
2011,PASO,2011-08-14,PRESIDENTE Y VICE,21,Santa Fe,San Martín,El Trébol,0165,ALIANZA COMPROMISO FEDERAL,agrupacion,454,NO DECLARADO,xlsx_votos_por_localidad
2011,PASO,2011-08-14,PRESIDENTE Y VICE,21,Santa Fe,San Martín,El Trébol,0165,ALIANZA FRENTE AMPLIO PROGRESISTA,agrupacion,1926,NO DECLARADO,xlsx_votos_por_localidad
2011,PASO,2011-08-14,PRESIDENTE Y VICE,21,Santa Fe,San Martín,El Trébol,0165,ALIANZA FRENTE DE IZQUIERDA Y DE LOS TRABAJADORES,agrupacion,64,NO DECLARADO,xlsx_votos_por_localidad
2011,PASO,2011-08-14,PRESIDENTE Y VICE,21,Santa Fe,San Martín,El Trébol,0165,ALIANZA FRENTE PARA LA VICTORIA,agrupacion,2504,NO DECLARADO,xlsx_votos_por_localidad
2011,PASO,2011-08-14,PRESIDENTE Y VICE,21,Santa Fe,San Martín,El Trébol,0165,ALIANZA FRENTE POPULAR,agrupacion,878,NO DECLARADO,xlsx_votos_por_localidad
2011,PASO,2011-08-14,PRESIDENTE Y VICE,21,Santa Fe,San Martín,El Trébol,0165,ALIANZA PROYECTO SUR,agrupacion,29,NO DECLARADO,xlsx_votos_por_localidad
2011,PASO,2011-08-14,PRESIDENTE Y VICE,21,Santa Fe,San Martín,El Trébol,0165,ALIANZA UNION PARA EL DESARROLLO SOCIAL - UDESO,agrupacion,672,NO DECLARADO,xlsx_votos_por_localidad
2011,PASO,2011-08-14,PRESIDENTE Y VICE,21,Santa Fe,San Martín,El Trébol,0165,COALICION CIVICA ARI,agrupacion,241,NO DECLARADO,xlsx_votos_por_localidad
2011,PASO,2011-08-14,PRESIDENTE Y VICE,21,Santa Fe,San Martín,El Trébol,0165,DEL CAMPO POPULAR,agrupacion,18,NO DECLARADO,xlsx_votos_por_localidad
2011,PASO,2011-08-14,PRESIDENTE Y VICE,21,Santa Fe,San Martín,El Trébol,0165,EN BLANCO,blancos,139,NO DECLARADO,xlsx_votos_por_localidad
2011,PASO,2011-08-14,PRESIDENTE Y VICE,21,Santa Fe,San Martín,El Trébol,0165,IMPUGNADO,impugnados,0,NO DECLARADO,xlsx_votos_por_localidad
2011,PASO,2011-08-14,PRESIDENTE Y VICE,21,Santa Fe,San Martín,El Trébol,0165,MOVIMIENTO DE ACCION VECINAL,agrupacion,11,NO DECLARADO,xlsx_votos_por_localidad
2011,PASO,2011-08-14,PRESIDENTE Y VICE,21,Santa Fe,San Martín,El Trébol,0165,NULO,nulos,104,NO DECLARADO,xlsx_votos_por_localidad
2011,PASO,2011-08-14,PRESIDENTE Y VICE,21,Santa Fe,San Martín,El Trébol,0165,POSITIVO,positivo,6797,NO DECLARADO,xlsx_votos_por_localidad
2011,PASO,2011-08-14,PRESIDENTE Y VICE,21,Santa Fe,San Martín,El Trébol,0165,RECURRIDO,recurridos,1,NO DECLARADO,xlsx_votos_por_localidad
2011,PASO,2011-08-14,PRESIDENTE Y VICE,21,Santa Fe,San Martín,María Susana,0166,ALIANZA COMPROMISO FEDERAL,agrupacion,203,NO DECLARADO,xlsx_votos_por_localidad
2011,PASO,2011-08-14,PRESIDENTE Y VICE,21,Santa Fe,San Martín,María Susana,0166,ALIANZA FRENTE AMPLIO PROGRESISTA,agrupacion,634,NO DECLARADO,xlsx_votos_por_localidad
2011,PASO,2011-08-14,PRESIDENTE Y VICE,21,Santa Fe,San Martín,María Susana,0166,ALIANZA FRENTE DE IZQUIERDA Y DE LOS TRABAJADORES,agrupacion,20,NO DECLARADO,xlsx_votos_por_localidad
2011,PASO,2011-08-14,PRESIDENTE Y VICE,21,Santa Fe,San Martín,María Susana,0166,ALIANZA FRENTE PARA LA VICTORIA,agrupacion,490,NO DECLARADO,xlsx_votos_por_localidad
2011,PASO,2011-08-14,PRESIDENTE Y VICE,21,Santa Fe,San Martín,María Susana,0166,ALIANZA FRENTE POPULAR,agrupacion,599,NO DECLARADO,xlsx_votos_por_localidad
2011,PASO,2011-08-14,PRESIDENTE Y VICE,21,Santa Fe,San Martín,María Susana,0166,ALIANZA PROYECTO SUR,agrupacion,5,NO DECLARADO,xlsx_votos_por_localidad
2011,PASO,2011-08-14,PRESIDENTE Y VICE,21,Santa Fe,San Martín,María Susana,0166,ALIANZA UNION PARA EL DESARROLLO SOCIAL - UDESO,agrupacion,165,NO DECLARADO,xlsx_votos_por_localidad
2011,PASO,2011-08-14,PRESIDENTE Y VICE,21,Santa Fe,San Martín,María Susana,0166,COALICION CIVICA ARI,agrupacion,73,NO DECLARADO,xlsx_votos_por_localidad
2011,PASO,2011-08-14,PRESIDENTE Y VICE,21,Santa Fe,San Martín,María Susana,0166,DEL CAMPO POPULAR,agrupacion,5,NO DECLARADO,xlsx_votos_por_localidad
2011,PASO,2011-08-14,PRESIDENTE Y VICE,21,Santa Fe,San Martín,María Susana,0166,EN BLANCO,blancos,30,NO DECLARADO,xlsx_votos_por_localidad
2011,PASO,2011-08-14,PRESIDENTE Y VICE,21,Santa Fe,San Martín,María Susana,0166,IMPUGNADO,impugnados,0,NO DECLARADO,xlsx_votos_por_localidad
2011,PASO,2011-08-14,PRESIDENTE Y VICE,21,Santa Fe,San Martín,María Susana,0166,MOVIMIENTO DE ACCION VECINAL,agrupacion,6,NO DECLARADO,xlsx_votos_por_localidad
2011,PASO,2011-08-14,PRESIDENTE Y VICE,21,Santa Fe,San Martín,María Susana,0166,NULO,nulos,33,NO DECLARADO,xlsx_votos_por_localidad
2011,PASO,2011-08-14,PRESIDENTE Y VICE,21,Santa Fe,San Martín,María Susana,0166,POSITIVO,positivo,2200,NO DECLARADO,xlsx_votos_por_localidad
2011,PASO,2011-08-14,PRESIDENTE Y VICE,21,Santa Fe,San Martín,María Susana,0166,RECURRIDO,recurridos,0,NO DECLARADO,xlsx_votos_por_localidad
2011,PASO,2011-08-14,PRESIDENTE Y VICE,21,Santa Fe,San Martín,Piamonte,0164,ALIANZA COMPROMISO FEDERAL,agrupacion,119,NO DECLARADO,xlsx_votos_por_localidad
2011,PASO,2011-08-14,PRESIDENTE Y VICE,21,Santa Fe,San Martín,Piamonte,0164,ALIANZA FRENTE AMPLIO PROGRESISTA,agrupacion,660,NO DECLARADO,xlsx_votos_por_localidad
2011,PASO,2011-08-14,PRESIDENTE Y VICE,21,Santa Fe,San Martín,Piamonte,0164,ALIANZA FRENTE DE IZQUIERDA Y DE LOS TRABAJADORES,agrupacion,16,NO DECLARADO,xlsx_votos_por_localidad
2011,PASO,2011-08-14,PRESIDENTE Y VICE,21,Santa Fe,San Martín,Piamonte,0164,ALIANZA FRENTE PARA LA VICTORIA,agrupacion,555,NO DECLARADO,xlsx_votos_por_localidad
2011,PASO,2011-08-14,PRESIDENTE Y VICE,21,Santa Fe,San Martín,Piamonte,0164,ALIANZA FRENTE POPULAR,agrupacion,386,NO DECLARADO,xlsx_votos_por_localidad
2011,PASO,2011-08-14,PRESIDENTE Y VICE,21,Santa Fe,San Martín,Piamonte,0164,ALIANZA PROYECTO SUR,agrupacion,8,NO DECLARADO,xlsx_votos_por_localidad
2011,PASO,2011-08-14,PRESIDENTE Y VICE,21,Santa Fe,San Martín,Piamonte,0164,ALIANZA UNION PARA EL DESARROLLO SOCIAL - UDESO,agrupacion,242,NO DECLARADO,xlsx_votos_por_localidad
2011,PASO,2011-08-14,PRESIDENTE Y VICE,21,Santa Fe,San Martín,Piamonte,0164,COALICION CIVICA ARI,agrupacion,66,NO DECLARADO,xlsx_votos_por_localidad
2011,PASO,2011-08-14,PRESIDENTE Y VICE,21,Santa Fe,San Martín,Piamonte,0164,DEL CAMPO POPULAR,agrupacion,2,NO DECLARADO,xlsx_votos_por_localidad
2011,PASO,2011-08-14,PRESIDENTE Y VICE,21,Santa Fe,San Martín,Piamonte,0164,EN BLANCO,blancos,36,NO DECLARADO,xlsx_votos_por_localidad
2011,PASO,2011-08-14,PRESIDENTE Y VICE,21,Santa Fe,San Martín,Piamonte,0164,IMPUGNADO,impugnados,0,NO DECLARADO,xlsx_votos_por_localidad
2011,PASO,2011-08-14,PRESIDENTE Y VICE,21,Santa Fe,San Martín,Piamonte,0164,MOVIMIENTO DE ACCION VECINAL,agrupacion,3,NO DECLARADO,xlsx_votos_por_localidad
2011,PASO,2011-08-14,PRESIDENTE Y VICE,21,Santa Fe,San Martín,Piamonte,0164,NULO,nulos,21,NO DECLARADO,xlsx_votos_por_localidad
2011,PASO,2011-08-14,PRESIDENTE Y VICE,21,Santa Fe,San Martín,Piamonte,0164,POSITIVO,positivo,2057,NO DECLARADO,xlsx_votos_por_localidad
2011,PASO,2011-08-14,PRESIDENTE Y VICE,21,Santa Fe,San Martín,Piamonte,0164,RECURRIDO,recurridos,0,NO DECLARADO,xlsx_votos_por_localidad
2011,PASO,2011-08-14,PRESIDENTE Y VICE,21,Santa Fe,San Martín,San Jorge,0158,ALIANZA COMPROMISO FEDERAL,agrupacion,647,NO DECLARADO,xlsx_votos_por_localidad
2011,PASO,2011-08-14,PRESIDENTE Y VICE,21,Santa Fe,San Martín,San Jorge,0158,ALIANZA FRENTE AMPLIO PROGRESISTA,agrupacion,3306,NO DECLARADO,xlsx_votos_por_localidad
2011,PASO,2011-08-14,PRESIDENTE Y VICE,21,Santa Fe,San Martín,San Jorge,0158,ALIANZA FRENTE DE IZQUIERDA Y DE LOS TRABAJADORES,agrupacion,168,NO DECLARADO,xlsx_votos_por_localidad
2011,PASO,2011-08-14,PRESIDENTE Y VICE,21,Santa Fe,San Martín,San Jorge,0158,ALIANZA FRENTE PARA LA VICTORIA,agrupacion,3759,NO DECLARADO,xlsx_votos_por_localidad
2011,PASO,2011-08-14,PRESIDENTE Y VICE,21,Santa Fe,San Martín,San Jorge,0158,ALIANZA FRENTE POPULAR,agrupacion,1350,NO DECLARADO,xlsx_votos_por_localidad
2011,PASO,2011-08-14,PRESIDENTE Y VICE,21,Santa Fe,San Martín,San Jorge,0158,ALIANZA PROYECTO SUR,agrupacion,54,NO DECLARADO,xlsx_votos_por_localidad
2011,PASO,2011-08-14,PRESIDENTE Y VICE,21,Santa Fe,San Martín,San Jorge,0158,ALIANZA UNION PARA EL DESARROLLO SOCIAL - UDESO,agrupacion,828,NO DECLARADO,xlsx_votos_por_localidad
2011,PASO,2011-08-14,PRESIDENTE Y VICE,21,Santa Fe,San Martín,San Jorge,0158,COALICION CIVICA ARI,agrupacion,356,NO DECLARADO,xlsx_votos_por_localidad
2011,PASO,2011-08-14,PRESIDENTE Y VICE,21,Santa Fe,San Martín,San Jorge,0158,DEL CAMPO POPULAR,agrupacion,25,NO DECLARADO,xlsx_votos_por_localidad
2011,PASO,2011-08-14,PRESIDENTE Y VICE,21,Santa Fe,San Martín,San Jorge,0158,EN BLANCO,blancos,229,NO DECLARADO,xlsx_votos_por_localidad
2011,PASO,2011-08-14,PRESIDENTE Y VICE,21,Santa Fe,San Martín,San Jorge,0158,IMPUGNADO,impugnados,0,NO DECLARADO,xlsx_votos_por_localidad
2011,PASO,2011-08-14,PRESIDENTE Y VICE,21,Santa Fe,San Martín,San Jorge,0158,MOVIMIENTO DE ACCION VECINAL,agrupacion,109,NO DECLARADO,xlsx_votos_por_localidad
2011,PASO,2011-08-14,PRESIDENTE Y VICE,21,Santa Fe,San Martín,San Jorge,0158,NULO,nulos,187,NO DECLARADO,xlsx_votos_por_localidad
2011,PASO,2011-08-14,PRESIDENTE Y VICE,21,Santa Fe,San Martín,San Jorge,0158,POSITIVO,positivo,10602,NO DECLARADO,xlsx_votos_por_localidad
2011,PASO,2011-08-14,PRESIDENTE Y VICE,21,Santa Fe,San Martín,San Jorge,0158,RECURRIDO,recurridos,0,NO DECLARADO,xlsx_votos_por_localidad
2011,PASO,2011-08-14,PRESIDENTE Y VICE,21,Santa Fe,San Martín,San Martín de las Escobas,0156,ALIANZA COMPROMISO FEDERAL,agrupacion,188,NO DECLARADO,xlsx_votos_por_localidad
2011,PASO,2011-08-14,PRESIDENTE Y VICE,21,Santa Fe,San Martín,San Martín de las Escobas,0156,ALIANZA FRENTE AMPLIO PROGRESISTA,agrupacion,479,NO DECLARADO,xlsx_votos_por_localidad
2011,PASO,2011-08-14,PRESIDENTE Y VICE,21,Santa Fe,San Martín,San Martín de las Escobas,0156,ALIANZA FRENTE DE IZQUIERDA Y DE LOS TRABAJADORES,agrupacion,16,NO DECLARADO,xlsx_votos_por_localidad
2011,PASO,2011-08-14,PRESIDENTE Y VICE,21,Santa Fe,San Martín,San Martín de las Escobas,0156,ALIANZA FRENTE PARA LA VICTORIA,agrupacion,394,NO DECLARADO,xlsx_votos_por_localidad
2011,PASO,2011-08-14,PRESIDENTE Y VICE,21,Santa Fe,San Martín,San Martín de las Escobas,0156,ALIANZA FRENTE POPULAR,agrupacion,326,NO DECLARADO,xlsx_votos_por_localidad
2011,PASO,2011-08-14,PRESIDENTE Y VICE,21,Santa Fe,San Martín,San Martín de las Escobas,0156,ALIANZA PROYECTO SUR,agrupacion,6,NO DECLARADO,xlsx_votos_por_localidad
2011,PASO,2011-08-14,PRESIDENTE Y VICE,21,Santa Fe,San Martín,San Martín de las Escobas,0156,ALIANZA UNION PARA EL DESARROLLO SOCIAL - UDESO,agrupacion,140,NO DECLARADO,xlsx_votos_por_localidad
2011,PASO,2011-08-14,PRESIDENTE Y VICE,21,Santa Fe,San Martín,San Martín de las Escobas,0156,COALICION CIVICA ARI,agrupacion,72,NO DECLARADO,xlsx_votos_por_localidad
2011,PASO,2011-08-14,PRESIDENTE Y VICE,21,Santa Fe,San Martín,San Martín de las Escobas,0156,DEL CAMPO POPULAR,agrupacion,5,NO DECLARADO,xlsx_votos_por_localidad
2011,PASO,2011-08-14,PRESIDENTE Y VICE,21,Santa Fe,San Martín,San Martín de las Escobas,0156,EN BLANCO,blancos,24,NO DECLARADO,xlsx_votos_por_localidad
2011,PASO,2011-08-14,PRESIDENTE Y VICE,21,Santa Fe,San Martín,San Martín de las Escobas,0156,IMPUGNADO,impugnados,0,NO DECLARADO,xlsx_votos_por_localidad
2011,PASO,2011-08-14,PRESIDENTE Y VICE,21,Santa Fe,San Martín,San Martín de las Escobas,0156,MOVIMIENTO DE ACCION VECINAL,agrupacion,2,NO DECLARADO,xlsx_votos_por_localidad
2011,PASO,2011-08-14,PRESIDENTE Y VICE,21,Santa Fe,San Martín,San Martín de las Escobas,0156,NULO,nulos,5,NO DECLARADO,xlsx_votos_por_localidad
2011,PASO,2011-08-14,PRESIDENTE Y VICE,21,Santa Fe,San Martín,San Martín de las Escobas,0156,POSITIVO,positivo,1628,NO DECLARADO,xlsx_votos_por_localidad
2011,PASO,2011-08-14,PRESIDENTE Y VICE,21,Santa Fe,San Martín,San Martín de las Escobas,0156,RECURRIDO,recurridos,0,NO DECLARADO,xlsx_votos_por_localidad
2011,PASO,2011-08-14,PRESIDENTE Y VICE,21,Santa Fe,San Martín,Sastre y Ortiz,0155,ALIANZA COMPROMISO FEDERAL,agrupacion,267,NO DECLARADO,xlsx_votos_por_localidad
2011,PASO,2011-08-14,PRESIDENTE Y VICE,21,Santa Fe,San Martín,Sastre y Ortiz,0155,ALIANZA FRENTE AMPLIO PROGRESISTA,agrupacion,845,NO DECLARADO,xlsx_votos_por_localidad
2011,PASO,2011-08-14,PRESIDENTE Y VICE,21,Santa Fe,San Martín,Sastre y Ortiz,0155,ALIANZA FRENTE DE IZQUIERDA Y DE LOS TRABAJADORES,agrupacion,62,NO DECLARADO,xlsx_votos_por_localidad
2011,PASO,2011-08-14,PRESIDENTE Y VICE,21,Santa Fe,San Martín,Sastre y Ortiz,0155,ALIANZA FRENTE PARA LA VICTORIA,agrupacion,1285,NO DECLARADO,xlsx_votos_por_localidad
2011,PASO,2011-08-14,PRESIDENTE Y VICE,21,Santa Fe,San Martín,Sastre y Ortiz,0155,ALIANZA FRENTE POPULAR,agrupacion,485,NO DECLARADO,xlsx_votos_por_localidad
2011,PASO,2011-08-14,PRESIDENTE Y VICE,21,Santa Fe,San Martín,Sastre y Ortiz,0155,ALIANZA PROYECTO SUR,agrupacion,6,NO DECLARADO,xlsx_votos_por_localidad
2011,PASO,2011-08-14,PRESIDENTE Y VICE,21,Santa Fe,San Martín,Sastre y Ortiz,0155,ALIANZA UNION PARA EL DESARROLLO SOCIAL - UDESO,agrupacion,389,NO DECLARADO,xlsx_votos_por_localidad
2011,PASO,2011-08-14,PRESIDENTE Y VICE,21,Santa Fe,San Martín,Sastre y Ortiz,0155,COALICION CIVICA ARI,agrupacion,102,NO DECLARADO,xlsx_votos_por_localidad
2011,PASO,2011-08-14,PRESIDENTE Y VICE,21,Santa Fe,San Martín,Sastre y Ortiz,0155,DEL CAMPO POPULAR,agrupacion,8,NO DECLARADO,xlsx_votos_por_localidad
2011,PASO,2011-08-14,PRESIDENTE Y VICE,21,Santa Fe,San Martín,Sastre y Ortiz,0155,EN BLANCO,blancos,47,NO DECLARADO,xlsx_votos_por_localidad
2011,PASO,2011-08-14,PRESIDENTE Y VICE,21,Santa Fe,San Martín,Sastre y Ortiz,0155,IMPUGNADO,impugnados,11,NO DECLARADO,xlsx_votos_por_localidad
2011,PASO,2011-08-14,PRESIDENTE Y VICE,21,Santa Fe,San Martín,Sastre y Ortiz,0155,MOVIMIENTO DE ACCION VECINAL,agrupacion,6,NO DECLARADO,xlsx_votos_por_localidad
2011,PASO,2011-08-14,PRESIDENTE Y VICE,21,Santa Fe,San Martín,Sastre y Ortiz,0155,NULO,nulos,39,NO DECLARADO,xlsx_votos_por_localidad
2011,PASO,2011-08-14,PRESIDENTE Y VICE,21,Santa Fe,San Martín,Sastre y Ortiz,0155,POSITIVO,positivo,3455,NO DECLARADO,xlsx_votos_por_localidad
2011,PASO,2011-08-14,PRESIDENTE Y VICE,21,Santa Fe,San Martín,Sastre y Ortiz,0155,RECURRIDO,recurridos,0,NO DECLARADO,xlsx_votos_por_localidad
2015,BALOTAJE,2015-11-22,PRESIDENTE Y VICE,21,Santa Fe,Castellanos,Ataliva,0121,CAMBIEMOS,agrupacion,935,NO DECLARADO,xlsx_votos_por_localidad
2015,BALOTAJE,2015-11-22,PRESIDENTE Y VICE,21,Santa Fe,Castellanos,Ataliva,0121,EN BLANCO,blancos,23,NO DECLARADO,xlsx_votos_por_localidad
2015,BALOTAJE,2015-11-22,PRESIDENTE Y VICE,21,Santa Fe,Castellanos,Ataliva,0121,FRENTE PARA LA VICTORIA,agrupacion,359,NO DECLARADO,xlsx_votos_por_localidad
2015,BALOTAJE,2015-11-22,PRESIDENTE Y VICE,21,Santa Fe,Castellanos,Ataliva,0121,IMPUGNADO,impugnados,0,NO DECLARADO,xlsx_votos_por_localidad
2015,BALOTAJE,2015-11-22,PRESIDENTE Y VICE,21,Santa Fe,Castellanos,Ataliva,0121,NULO,nulos,6,NO DECLARADO,xlsx_votos_por_localidad
2015,BALOTAJE,2015-11-22,PRESIDENTE Y VICE,21,Santa Fe,Castellanos,Ataliva,0121,POSITIVO,positivo,1294,NO DECLARADO,xlsx_votos_por_localidad
2015,BALOTAJE,2015-11-22,PRESIDENTE Y VICE,21,Santa Fe,Castellanos,Ataliva,0121,RECURRIDO,recurridos,0,NO DECLARADO,xlsx_votos_por_localidad
2015,BALOTAJE,2015-11-22,PRESIDENTE Y VICE,21,Santa Fe,Castellanos,Colonia Aldao,0120,CAMBIEMOS,agrupacion,796,NO DECLARADO,xlsx_votos_por_localidad
2015,BALOTAJE,2015-11-22,PRESIDENTE Y VICE,21,Santa Fe,Castellanos,Colonia Aldao,0120,EN BLANCO,blancos,7,NO DECLARADO,xlsx_votos_por_localidad
2015,BALOTAJE,2015-11-22,PRESIDENTE Y VICE,21,Santa Fe,Castellanos,Colonia Aldao,0120,FRENTE PARA LA VICTORIA,agrupacion,415,NO DECLARADO,xlsx_votos_por_localidad
2015,BALOTAJE,2015-11-22,PRESIDENTE Y VICE,21,Santa Fe,Castellanos,Colonia Aldao,0120,IMPUGNADO,impugnados,0,NO DECLARADO,xlsx_votos_por_localidad
2015,BALOTAJE,2015-11-22,PRESIDENTE Y VICE,21,Santa Fe,Castellanos,Colonia Aldao,0120,NULO,nulos,11,NO DECLARADO,xlsx_votos_por_localidad
2015,BALOTAJE,2015-11-22,PRESIDENTE Y VICE,21,Santa Fe,Castellanos,Colonia Aldao,0120,POSITIVO,positivo,1211,NO DECLARADO,xlsx_votos_por_localidad
2015,BALOTAJE,2015-11-22,PRESIDENTE Y VICE,21,Santa Fe,Castellanos,Colonia Aldao,0120,RECURRIDO,recurridos,0,NO DECLARADO,xlsx_votos_por_localidad
2015,BALOTAJE,2015-11-22,PRESIDENTE Y VICE,21,Santa Fe,Castellanos,Frontera,0134A,CAMBIEMOS,agrupacion,2695,NO DECLARADO,xlsx_votos_por_localidad
2015,BALOTAJE,2015-11-22,PRESIDENTE Y VICE,21,Santa Fe,Castellanos,Frontera,0134A,EN BLANCO,blancos,36,NO DECLARADO,xlsx_votos_por_localidad
2015,BALOTAJE,2015-11-22,PRESIDENTE Y VICE,21,Santa Fe,Castellanos,Frontera,0134A,FRENTE PARA LA VICTORIA,agrupacion,2739,NO DECLARADO,xlsx_votos_por_localidad
2015,BALOTAJE,2015-11-22,PRESIDENTE Y VICE,21,Santa Fe,Castellanos,Frontera,0134A,IMPUGNADO,impugnados,0,NO DECLARADO,xlsx_votos_por_localidad
2015,BALOTAJE,2015-11-22,PRESIDENTE Y VICE,21,Santa Fe,Castellanos,Frontera,0134A,NULO,nulos,100,NO DECLARADO,xlsx_votos_por_localidad
2015,BALOTAJE,2015-11-22,PRESIDENTE Y VICE,21,Santa Fe,Castellanos,Frontera,0134A,POSITIVO,positivo,5434,NO DECLARADO,xlsx_votos_por_localidad
2015,BALOTAJE,2015-11-22,PRESIDENTE Y VICE,21,Santa Fe,Castellanos,Frontera,0134A,RECURRIDO,recurridos,0,NO DECLARADO,xlsx_votos_por_localidad
2015,BALOTAJE,2015-11-22,PRESIDENTE Y VICE,21,Santa Fe,Castellanos,Humberto Primo,0117,CAMBIEMOS,agrupacion,2524,NO DECLARADO,xlsx_votos_por_localidad
2015,BALOTAJE,2015-11-22,PRESIDENTE Y VICE,21,Santa Fe,Castellanos,Humberto Primo,0117,EN BLANCO,blancos,23,NO DECLARADO,xlsx_votos_por_localidad
2015,BALOTAJE,2015-11-22,PRESIDENTE Y VICE,21,Santa Fe,Castellanos,Humberto Primo,0117,FRENTE PARA LA VICTORIA,agrupacion,931,NO DECLARADO,xlsx_votos_por_localidad
2015,BALOTAJE,2015-11-22,PRESIDENTE Y VICE,21,Santa Fe,Castellanos,Humberto Primo,0117,IMPUGNADO,impugnados,0,NO DECLARADO,xlsx_votos_por_localidad
2015,BALOTAJE,2015-11-22,PRESIDENTE Y VICE,21,Santa Fe,Castellanos,Humberto Primo,0117,NULO,nulos,37,NO DECLARADO,xlsx_votos_por_localidad
2015,BALOTAJE,2015-11-22,PRESIDENTE Y VICE,21,Santa Fe,Castellanos,Humberto Primo,0117,POSITIVO,positivo,3455,NO DECLARADO,xlsx_votos_por_localidad
2015,BALOTAJE,2015-11-22,PRESIDENTE Y VICE,21,Santa Fe,Castellanos,Humberto Primo,0117,RECURRIDO,recurridos,0,NO DECLARADO,xlsx_votos_por_localidad
2015,BALOTAJE,2015-11-22,PRESIDENTE Y VICE,21,Santa Fe,Castellanos,Josefina,0134,CAMBIEMOS,agrupacion,619,NO DECLARADO,xlsx_votos_por_localidad
2015,BALOTAJE,2015-11-22,PRESIDENTE Y VICE,21,Santa Fe,Castellanos,Josefina,0134,EN BLANCO,blancos,19,NO DECLARADO,xlsx_votos_por_localidad
2015,BALOTAJE,2015-11-22,PRESIDENTE Y VICE,21,Santa Fe,Castellanos,Josefina,0134,FRENTE PARA LA VICTORIA,agrupacion,428,NO DECLARADO,xlsx_votos_por_localidad
2015,BALOTAJE,2015-11-22,PRESIDENTE Y VICE,21,Santa Fe,Castellanos,Josefina,0134,IMPUGNADO,impugnados,0,NO DECLARADO,xlsx_votos_por_localidad
2015,BALOTAJE,2015-11-22,PRESIDENTE Y VICE,21,Santa Fe,Castellanos,Josefina,0134,NULO,nulos,5,NO DECLARADO,xlsx_votos_por_localidad
2015,BALOTAJE,2015-11-22,PRESIDENTE Y VICE,21,Santa Fe,Castellanos,Josefina,0134,POSITIVO,positivo,1047,NO DECLARADO,xlsx_votos_por_localidad
2015,BALOTAJE,2015-11-22,PRESIDENTE Y VICE,21,Santa Fe,Castellanos,Josefina,0134,RECURRIDO,recurridos,0,NO DECLARADO,xlsx_votos_por_localidad
2015,BALOTAJE,2015-11-22,PRESIDENTE Y VICE,21,Santa Fe,Castellanos,Lehmann,0123,CAMBIEMOS,agrupacion,1278,NO DECLARADO,xlsx_votos_por_localidad
2015,BALOTAJE,2015-11-22,PRESIDENTE Y VICE,21,Santa Fe,Castellanos,Lehmann,0123,EN BLANCO,blancos,17,NO DECLARADO,xlsx_votos_por_localidad
2015,BALOTAJE,2015-11-22,PRESIDENTE Y VICE,21,Santa Fe,Castellanos,Lehmann,0123,FRENTE PARA LA VICTORIA,agrupacion,643,NO DECLARADO,xlsx_votos_por_localidad
2015,BALOTAJE,2015-11-22,PRESIDENTE Y VICE,21,Santa Fe,Castellanos,Lehmann,0123,IMPUGNADO,impugnados,0,NO DECLARADO,xlsx_votos_por_localidad
2015,BALOTAJE,2015-11-22,PRESIDENTE Y VICE,21,Santa Fe,Castellanos,Lehmann,0123,NULO,nulos,30,NO DECLARADO,xlsx_votos_por_localidad
2015,BALOTAJE,2015-11-22,PRESIDENTE Y VICE,21,Santa Fe,Castellanos,Lehmann,0123,POSITIVO,positivo,1921,NO DECLARADO,xlsx_votos_por_localidad
2015,BALOTAJE,2015-11-22,PRESIDENTE Y VICE,21,Santa Fe,Castellanos,Lehmann,0123,RECURRIDO,recurridos,0,NO DECLARADO,xlsx_votos_por_localidad
2015,BALOTAJE,2015-11-22,PRESIDENTE Y VICE,21,Santa Fe,Castellanos,María Juana,0140,CAMBIEMOS,agrupacion,1998,NO DECLARADO,xlsx_votos_por_localidad
2015,BALOTAJE,2015-11-22,PRESIDENTE Y VICE,21,Santa Fe,Castellanos,María Juana,0140,EN BLANCO,blancos,54,NO DECLARADO,xlsx_votos_por_localidad
2015,BALOTAJE,2015-11-22,PRESIDENTE Y VICE,21,Santa Fe,Castellanos,María Juana,0140,FRENTE PARA LA VICTORIA,agrupacion,1322,NO DECLARADO,xlsx_votos_por_localidad
2015,BALOTAJE,2015-11-22,PRESIDENTE Y VICE,21,Santa Fe,Castellanos,María Juana,0140,IMPUGNADO,impugnados,0,NO DECLARADO,xlsx_votos_por_localidad
2015,BALOTAJE,2015-11-22,PRESIDENTE Y VICE,21,Santa Fe,Castellanos,María Juana,0140,NULO,nulos,58,NO DECLARADO,xlsx_votos_por_localidad
2015,BALOTAJE,2015-11-22,PRESIDENTE Y VICE,21,Santa Fe,Castellanos,María Juana,0140,POSITIVO,positivo,3320,NO DECLARADO,xlsx_votos_por_localidad
2015,BALOTAJE,2015-11-22,PRESIDENTE Y VICE,21,Santa Fe,Castellanos,María Juana,0140,RECURRIDO,recurridos,2,NO DECLARADO,xlsx_votos_por_localidad
2015,BALOTAJE,2015-11-22,PRESIDENTE Y VICE,21,Santa Fe,Castellanos,Ramona,0124,CAMBIEMOS,agrupacion,925,NO DECLARADO,xlsx_votos_por_localidad
2015,BALOTAJE,2015-11-22,PRESIDENTE Y VICE,21,Santa Fe,Castellanos,Ramona,0124,EN BLANCO,blancos,19,NO DECLARADO,xlsx_votos_por_localidad
2015,BALOTAJE,2015-11-22,PRESIDENTE Y VICE,21,Santa Fe,Castellanos,Ramona,0124,FRENTE PARA LA VICTORIA,agrupacion,354,NO DECLARADO,xlsx_votos_por_localidad
2015,BALOTAJE,2015-11-22,PRESIDENTE Y VICE,21,Santa Fe,Castellanos,Ramona,0124,IMPUGNADO,impugnados,0,NO DECLARADO,xlsx_votos_por_localidad
2015,BALOTAJE,2015-11-22,PRESIDENTE Y VICE,21,Santa Fe,Castellanos,Ramona,0124,NULO,nulos,34,NO DECLARADO,xlsx_votos_por_localidad
2015,BALOTAJE,2015-11-22,PRESIDENTE Y VICE,21,Santa Fe,Castellanos,Ramona,0124,POSITIVO,positivo,1279,NO DECLARADO,xlsx_votos_por_localidad
2015,BALOTAJE,2015-11-22,PRESIDENTE Y VICE,21,Santa Fe,Castellanos,Ramona,0124,RECURRIDO,recurridos,0,NO DECLARADO,xlsx_votos_por_localidad
2015,BALOTAJE,2015-11-22,PRESIDENTE Y VICE,21,Santa Fe,Castellanos,San Vicente,0142,CAMBIEMOS,agrupacion,2643,NO DECLARADO,xlsx_votos_por_localidad
2015,BALOTAJE,2015-11-22,PRESIDENTE Y VICE,21,Santa Fe,Castellanos,San Vicente,0142,EN BLANCO,blancos,74,NO DECLARADO,xlsx_votos_por_localidad
2015,BALOTAJE,2015-11-22,PRESIDENTE Y VICE,21,Santa Fe,Castellanos,San Vicente,0142,FRENTE PARA LA VICTORIA,agrupacion,1299,NO DECLARADO,xlsx_votos_por_localidad
2015,BALOTAJE,2015-11-22,PRESIDENTE Y VICE,21,Santa Fe,Castellanos,San Vicente,0142,IMPUGNADO,impugnados,0,NO DECLARADO,xlsx_votos_por_localidad
2015,BALOTAJE,2015-11-22,PRESIDENTE Y VICE,21,Santa Fe,Castellanos,San Vicente,0142,NULO,nulos,31,NO DECLARADO,xlsx_votos_por_localidad
2015,BALOTAJE,2015-11-22,PRESIDENTE Y VICE,21,Santa Fe,Castellanos,San Vicente,0142,POSITIVO,positivo,3942,NO DECLARADO,xlsx_votos_por_localidad
2015,BALOTAJE,2015-11-22,PRESIDENTE Y VICE,21,Santa Fe,Castellanos,San Vicente,0142,RECURRIDO,recurridos,0,NO DECLARADO,xlsx_votos_por_localidad
2015,BALOTAJE,2015-11-22,PRESIDENTE Y VICE,21,Santa Fe,Castellanos,Santa Clara de Saguier,0130,CAMBIEMOS,agrupacion,970,NO DECLARADO,xlsx_votos_por_localidad
2015,BALOTAJE,2015-11-22,PRESIDENTE Y VICE,21,Santa Fe,Castellanos,Santa Clara de Saguier,0130,EN BLANCO,blancos,29,NO DECLARADO,xlsx_votos_por_localidad
2015,BALOTAJE,2015-11-22,PRESIDENTE Y VICE,21,Santa Fe,Castellanos,Santa Clara de Saguier,0130,FRENTE PARA LA VICTORIA,agrupacion,435,NO DECLARADO,xlsx_votos_por_localidad
2015,BALOTAJE,2015-11-22,PRESIDENTE Y VICE,21,Santa Fe,Castellanos,Santa Clara de Saguier,0130,IMPUGNADO,impugnados,0,NO DECLARADO,xlsx_votos_por_localidad
2015,BALOTAJE,2015-11-22,PRESIDENTE Y VICE,21,Santa Fe,Castellanos,Santa Clara de Saguier,0130,NULO,nulos,13,NO DECLARADO,xlsx_votos_por_localidad
2015,BALOTAJE,2015-11-22,PRESIDENTE Y VICE,21,Santa Fe,Castellanos,Santa Clara de Saguier,0130,POSITIVO,positivo,1405,NO DECLARADO,xlsx_votos_por_localidad
2015,BALOTAJE,2015-11-22,PRESIDENTE Y VICE,21,Santa Fe,Castellanos,Santa Clara de Saguier,0130,RECURRIDO,recurridos,0,NO DECLARADO,xlsx_votos_por_localidad
2015,BALOTAJE,2015-11-22,PRESIDENTE Y VICE,21,Santa Fe,Castellanos,Sunchales,0118,CAMBIEMOS,agrupacion,9074,NO DECLARADO,xlsx_votos_por_localidad
2015,BALOTAJE,2015-11-22,PRESIDENTE Y VICE,21,Santa Fe,Castellanos,Sunchales,0118,EN BLANCO,blancos,172,NO DECLARADO,xlsx_votos_por_localidad
2015,BALOTAJE,2015-11-22,PRESIDENTE Y VICE,21,Santa Fe,Castellanos,Sunchales,0118,FRENTE PARA LA VICTORIA,agrupacion,4944,NO DECLARADO,xlsx_votos_por_localidad
2015,BALOTAJE,2015-11-22,PRESIDENTE Y VICE,21,Santa Fe,Castellanos,Sunchales,0118,IMPUGNADO,impugnados,1,NO DECLARADO,xlsx_votos_por_localidad
2015,BALOTAJE,2015-11-22,PRESIDENTE Y VICE,21,Santa Fe,Castellanos,Sunchales,0118,NULO,nulos,204,NO DECLARADO,xlsx_votos_por_localidad
2015,BALOTAJE,2015-11-22,PRESIDENTE Y VICE,21,Santa Fe,Castellanos,Sunchales,0118,POSITIVO,positivo,14018,NO DECLARADO,xlsx_votos_por_localidad
2015,BALOTAJE,2015-11-22,PRESIDENTE Y VICE,21,Santa Fe,Castellanos,Sunchales,0118,RECURRIDO,recurridos,0,NO DECLARADO,xlsx_votos_por_localidad
2015,BALOTAJE,2015-11-22,PRESIDENTE Y VICE,21,Santa Fe,Castellanos,Zenón Pereyra,0138,CAMBIEMOS,agrupacion,890,NO DECLARADO,xlsx_votos_por_localidad
2015,BALOTAJE,2015-11-22,PRESIDENTE Y VICE,21,Santa Fe,Castellanos,Zenón Pereyra,0138,EN BLANCO,blancos,10,NO DECLARADO,xlsx_votos_por_localidad
2015,BALOTAJE,2015-11-22,PRESIDENTE Y VICE,21,Santa Fe,Castellanos,Zenón Pereyra,0138,FRENTE PARA LA VICTORIA,agrupacion,322,NO DECLARADO,xlsx_votos_por_localidad
2015,BALOTAJE,2015-11-22,PRESIDENTE Y VICE,21,Santa Fe,Castellanos,Zenón Pereyra,0138,IMPUGNADO,impugnados,0,NO DECLARADO,xlsx_votos_por_localidad
2015,BALOTAJE,2015-11-22,PRESIDENTE Y VICE,21,Santa Fe,Castellanos,Zenón Pereyra,0138,NULO,nulos,5,NO DECLARADO,xlsx_votos_por_localidad
2015,BALOTAJE,2015-11-22,PRESIDENTE Y VICE,21,Santa Fe,Castellanos,Zenón Pereyra,0138,POSITIVO,positivo,1212,NO DECLARADO,xlsx_votos_por_localidad
2015,BALOTAJE,2015-11-22,PRESIDENTE Y VICE,21,Santa Fe,Castellanos,Zenón Pereyra,0138,RECURRIDO,recurridos,0,NO DECLARADO,xlsx_votos_por_localidad
2015,BALOTAJE,2015-11-22,PRESIDENTE Y VICE,21,Santa Fe,Las Colonias,Esperanza,0055,CAMBIEMOS,agrupacion,17598,NO DECLARADO,xlsx_votos_por_localidad
2015,BALOTAJE,2015-11-22,PRESIDENTE Y VICE,21,Santa Fe,Las Colonias,Esperanza,0055,EN BLANCO,blancos,341,NO DECLARADO,xlsx_votos_por_localidad
2015,BALOTAJE,2015-11-22,PRESIDENTE Y VICE,21,Santa Fe,Las Colonias,Esperanza,0055,FRENTE PARA LA VICTORIA,agrupacion,8182,NO DECLARADO,xlsx_votos_por_localidad
2015,BALOTAJE,2015-11-22,PRESIDENTE Y VICE,21,Santa Fe,Las Colonias,Esperanza,0055,IMPUGNADO,impugnados,0,NO DECLARADO,xlsx_votos_por_localidad
2015,BALOTAJE,2015-11-22,PRESIDENTE Y VICE,21,Santa Fe,Las Colonias,Esperanza,0055,NULO,nulos,530,NO DECLARADO,xlsx_votos_por_localidad
2015,BALOTAJE,2015-11-22,PRESIDENTE Y VICE,21,Santa Fe,Las Colonias,Esperanza,0055,POSITIVO,positivo,25780,NO DECLARADO,xlsx_votos_por_localidad
2015,BALOTAJE,2015-11-22,PRESIDENTE Y VICE,21,Santa Fe,Las Colonias,Esperanza,0055,RECURRIDO,recurridos,2,NO DECLARADO,xlsx_votos_por_localidad
2015,BALOTAJE,2015-11-22,PRESIDENTE Y VICE,21,Santa Fe,Las Colonias,Felicia,0060,CAMBIEMOS,agrupacion,1256,NO DECLARADO,xlsx_votos_por_localidad
2015,BALOTAJE,2015-11-22,PRESIDENTE Y VICE,21,Santa Fe,Las Colonias,Felicia,0060,EN BLANCO,blancos,16,NO DECLARADO,xlsx_votos_por_localidad
2015,BALOTAJE,2015-11-22,PRESIDENTE Y VICE,21,Santa Fe,Las Colonias,Felicia,0060,FRENTE PARA LA VICTORIA,agrupacion,289,NO DECLARADO,xlsx_votos_por_localidad
2015,BALOTAJE,2015-11-22,PRESIDENTE Y VICE,21,Santa Fe,Las Colonias,Felicia,0060,IMPUGNADO,impugnados,0,NO DECLARADO,xlsx_votos_por_localidad
2015,BALOTAJE,2015-11-22,PRESIDENTE Y VICE,21,Santa Fe,Las Colonias,Felicia,0060,NULO,nulos,9,NO DECLARADO,xlsx_votos_por_localidad
2015,BALOTAJE,2015-11-22,PRESIDENTE Y VICE,21,Santa Fe,Las Colonias,Felicia,0060,POSITIVO,positivo,1545,NO DECLARADO,xlsx_votos_por_localidad
2015,BALOTAJE,2015-11-22,PRESIDENTE Y VICE,21,Santa Fe,Las Colonias,Felicia,0060,RECURRIDO,recurridos,0,NO DECLARADO,xlsx_votos_por_localidad
2015,BALOTAJE,2015-11-22,PRESIDENTE Y VICE,21,Santa Fe,Las Colonias,Franck,0053,CAMBIEMOS,agrupacion,3121,NO DECLARADO,xlsx_votos_por_localidad
2015,BALOTAJE,2015-11-22,PRESIDENTE Y VICE,21,Santa Fe,Las Colonias,Franck,0053,EN BLANCO,blancos,49,NO DECLARADO,xlsx_votos_por_localidad
2015,BALOTAJE,2015-11-22,PRESIDENTE Y VICE,21,Santa Fe,Las Colonias,Franck,0053,FRENTE PARA LA VICTORIA,agrupacion,749,NO DECLARADO,xlsx_votos_por_localidad
2015,BALOTAJE,2015-11-22,PRESIDENTE Y VICE,21,Santa Fe,Las Colonias,Franck,0053,IMPUGNADO,impugnados,0,NO DECLARADO,xlsx_votos_por_localidad
2015,BALOTAJE,2015-11-22,PRESIDENTE Y VICE,21,Santa Fe,Las Colonias,Franck,0053,NULO,nulos,32,NO DECLARADO,xlsx_votos_por_localidad
2015,BALOTAJE,2015-11-22,PRESIDENTE Y VICE,21,Santa Fe,Las Colonias,Franck,0053,POSITIVO,positivo,3870,NO DECLARADO,xlsx_votos_por_localidad
2015,BALOTAJE,2015-11-22,PRESIDENTE Y VICE,21,Santa Fe,Las Colonias,Franck,0053,RECURRIDO,recurridos,0,NO DECLARADO,xlsx_votos_por_localidad
2015,BALOTAJE,2015-11-22,PRESIDENTE Y VICE,21,Santa Fe,Las Colonias,Humboldt,0056,CAMBIEMOS,agrupacion,2455,NO DECLARADO,xlsx_votos_por_localidad
2015,BALOTAJE,2015-11-22,PRESIDENTE Y VICE,21,Santa Fe,Las Colonias,Humboldt,0056,EN BLANCO,blancos,50,NO DECLARADO,xlsx_votos_por_localidad
2015,BALOTAJE,2015-11-22,PRESIDENTE Y VICE,21,Santa Fe,Las Colonias,Humboldt,0056,FRENTE PARA LA VICTORIA,agrupacion,800,NO DECLARADO,xlsx_votos_por_localidad
2015,BALOTAJE,2015-11-22,PRESIDENTE Y VICE,21,Santa Fe,Las Colonias,Humboldt,0056,IMPUGNADO,impugnados,0,NO DECLARADO,xlsx_votos_por_localidad
2015,BALOTAJE,2015-11-22,PRESIDENTE Y VICE,21,Santa Fe,Las Colonias,Humboldt,0056,NULO,nulos,27,NO DECLARADO,xlsx_votos_por_localidad
2015,BALOTAJE,2015-11-22,PRESIDENTE Y VICE,21,Santa Fe,Las Colonias,Humboldt,0056,POSITIVO,positivo,3255,NO DECLARADO,xlsx_votos_por_localidad
2015,BALOTAJE,2015-11-22,PRESIDENTE Y VICE,21,Santa Fe,Las Colonias,Humboldt,0056,RECURRIDO,recurridos,0,NO DECLARADO,xlsx_votos_por_localidad
2015,BALOTAJE,2015-11-22,PRESIDENTE Y VICE,21,Santa Fe,Las Colonias,Pilar,0057,CAMBIEMOS,agrupacion,1948,NO DECLARADO,xlsx_votos_por_localidad
2015,BALOTAJE,2015-11-22,PRESIDENTE Y VICE,21,Santa Fe,Las Colonias,Pilar,0057,EN BLANCO,blancos,72,NO DECLARADO,xlsx_votos_por_localidad
2015,BALOTAJE,2015-11-22,PRESIDENTE Y VICE,21,Santa Fe,Las Colonias,Pilar,0057,FRENTE PARA LA VICTORIA,agrupacion,1183,NO DECLARADO,xlsx_votos_por_localidad
2015,BALOTAJE,2015-11-22,PRESIDENTE Y VICE,21,Santa Fe,Las Colonias,Pilar,0057,IMPUGNADO,impugnados,0,NO DECLARADO,xlsx_votos_por_localidad
2015,BALOTAJE,2015-11-22,PRESIDENTE Y VICE,21,Santa Fe,Las Colonias,Pilar,0057,NULO,nulos,17,NO DECLARADO,xlsx_votos_por_localidad
2015,BALOTAJE,2015-11-22,PRESIDENTE Y VICE,21,Santa Fe,Las Colonias,Pilar,0057,POSITIVO,positivo,3131,NO DECLARADO,xlsx_votos_por_localidad
2015,BALOTAJE,2015-11-22,PRESIDENTE Y VICE,21,Santa Fe,Las Colonias,Pilar,0057,RECURRIDO,recurridos,1,NO DECLARADO,xlsx_votos_por_localidad
2015,BALOTAJE,2015-11-22,PRESIDENTE Y VICE,21,Santa Fe,Las Colonias,Progreso,0063,CAMBIEMOS,agrupacion,1324,NO DECLARADO,xlsx_votos_por_localidad
2015,BALOTAJE,2015-11-22,PRESIDENTE Y VICE,21,Santa Fe,Las Colonias,Progreso,0063,EN BLANCO,blancos,26,NO DECLARADO,xlsx_votos_por_localidad
2015,BALOTAJE,2015-11-22,PRESIDENTE Y VICE,21,Santa Fe,Las Colonias,Progreso,0063,FRENTE PARA LA VICTORIA,agrupacion,295,NO DECLARADO,xlsx_votos_por_localidad
2015,BALOTAJE,2015-11-22,PRESIDENTE Y VICE,21,Santa Fe,Las Colonias,Progreso,0063,IMPUGNADO,impugnados,0,NO DECLARADO,xlsx_votos_por_localidad
2015,BALOTAJE,2015-11-22,PRESIDENTE Y VICE,21,Santa Fe,Las Colonias,Progreso,0063,NULO,nulos,3,NO DECLARADO,xlsx_votos_por_localidad
2015,BALOTAJE,2015-11-22,PRESIDENTE Y VICE,21,Santa Fe,Las Colonias,Progreso,0063,POSITIVO,positivo,1619,NO DECLARADO,xlsx_votos_por_localidad
2015,BALOTAJE,2015-11-22,PRESIDENTE Y VICE,21,Santa Fe,Las Colonias,Progreso,0063,RECURRIDO,recurridos,0,NO DECLARADO,xlsx_votos_por_localidad
2015,BALOTAJE,2015-11-22,PRESIDENTE Y VICE,21,Santa Fe,Las Colonias,San Carlos Centro,0044,CAMBIEMOS,agrupacion,4811,NO DECLARADO,xlsx_votos_por_localidad
2015,BALOTAJE,2015-11-22,PRESIDENTE Y VICE,21,Santa Fe,Las Colonias,San Carlos Centro,0044,EN BLANCO,blancos,105,NO DECLARADO,xlsx_votos_por_localidad
2015,BALOTAJE,2015-11-22,PRESIDENTE Y VICE,21,Santa Fe,Las Colonias,San Carlos Centro,0044,FRENTE PARA LA VICTORIA,agrupacion,2871,NO DECLARADO,xlsx_votos_por_localidad
2015,BALOTAJE,2015-11-22,PRESIDENTE Y VICE,21,Santa Fe,Las Colonias,San Carlos Centro,0044,IMPUGNADO,impugnados,0,NO DECLARADO,xlsx_votos_por_localidad
2015,BALOTAJE,2015-11-22,PRESIDENTE Y VICE,21,Santa Fe,Las Colonias,San Carlos Centro,0044,NULO,nulos,105,NO DECLARADO,xlsx_votos_por_localidad
2015,BALOTAJE,2015-11-22,PRESIDENTE Y VICE,21,Santa Fe,Las Colonias,San Carlos Centro,0044,POSITIVO,positivo,7682,NO DECLARADO,xlsx_votos_por_localidad
2015,BALOTAJE,2015-11-22,PRESIDENTE Y VICE,21,Santa Fe,Las Colonias,San Carlos Centro,0044,RECURRIDO,recurridos,3,NO DECLARADO,xlsx_votos_por_localidad
2015,BALOTAJE,2015-11-22,PRESIDENTE Y VICE,21,Santa Fe,Las Colonias,San Carlos Sud,0043,CAMBIEMOS,agrupacion,861,NO DECLARADO,xlsx_votos_por_localidad
2015,BALOTAJE,2015-11-22,PRESIDENTE Y VICE,21,Santa Fe,Las Colonias,San Carlos Sud,0043,EN BLANCO,blancos,16,NO DECLARADO,xlsx_votos_por_localidad
2015,BALOTAJE,2015-11-22,PRESIDENTE Y VICE,21,Santa Fe,Las Colonias,San Carlos Sud,0043,FRENTE PARA LA VICTORIA,agrupacion,585,NO DECLARADO,xlsx_votos_por_localidad
2015,BALOTAJE,2015-11-22,PRESIDENTE Y VICE,21,Santa Fe,Las Colonias,San Carlos Sud,0043,IMPUGNADO,impugnados,0,NO DECLARADO,xlsx_votos_por_localidad
2015,BALOTAJE,2015-11-22,PRESIDENTE Y VICE,21,Santa Fe,Las Colonias,San Carlos Sud,0043,NULO,nulos,27,NO DECLARADO,xlsx_votos_por_localidad
2015,BALOTAJE,2015-11-22,PRESIDENTE Y VICE,21,Santa Fe,Las Colonias,San Carlos Sud,0043,POSITIVO,positivo,1446,NO DECLARADO,xlsx_votos_por_localidad
2015,BALOTAJE,2015-11-22,PRESIDENTE Y VICE,21,Santa Fe,Las Colonias,San Carlos Sud,0043,RECURRIDO,recurridos,0,NO DECLARADO,xlsx_votos_por_localidad
2015,BALOTAJE,2015-11-22,PRESIDENTE Y VICE,21,Santa Fe,Las Colonias,San Jerónimo Norte,0052,CAMBIEMOS,agrupacion,3554,NO DECLARADO,xlsx_votos_por_localidad
2015,BALOTAJE,2015-11-22,PRESIDENTE Y VICE,21,Santa Fe,Las Colonias,San Jerónimo Norte,0052,EN BLANCO,blancos,53,NO DECLARADO,xlsx_votos_por_localidad
2015,BALOTAJE,2015-11-22,PRESIDENTE Y VICE,21,Santa Fe,Las Colonias,San Jerónimo Norte,0052,FRENTE PARA LA VICTORIA,agrupacion,968,NO DECLARADO,xlsx_votos_por_localidad
2015,BALOTAJE,2015-11-22,PRESIDENTE Y VICE,21,Santa Fe,Las Colonias,San Jerónimo Norte,0052,IMPUGNADO,impugnados,0,NO DECLARADO,xlsx_votos_por_localidad
2015,BALOTAJE,2015-11-22,PRESIDENTE Y VICE,21,Santa Fe,Las Colonias,San Jerónimo Norte,0052,NULO,nulos,44,NO DECLARADO,xlsx_votos_por_localidad
2015,BALOTAJE,2015-11-22,PRESIDENTE Y VICE,21,Santa Fe,Las Colonias,San Jerónimo Norte,0052,POSITIVO,positivo,4522,NO DECLARADO,xlsx_votos_por_localidad
2015,BALOTAJE,2015-11-22,PRESIDENTE Y VICE,21,Santa Fe,Las Colonias,San Jerónimo Norte,0052,RECURRIDO,recurridos,0,NO DECLARADO,xlsx_votos_por_localidad
2015,BALOTAJE,2015-11-22,PRESIDENTE Y VICE,21,Santa Fe,Las Colonias,Santa Clara de Buena Vista,0046,CAMBIEMOS,agrupacion,1335,NO DECLARADO,xlsx_votos_por_localidad
2015,BALOTAJE,2015-11-22,PRESIDENTE Y VICE,21,Santa Fe,Las Colonias,Santa Clara de Buena Vista,0046,EN BLANCO,blancos,26,NO DECLARADO,xlsx_votos_por_localidad
2015,BALOTAJE,2015-11-22,PRESIDENTE Y VICE,21,Santa Fe,Las Colonias,Santa Clara de Buena Vista,0046,FRENTE PARA LA VICTORIA,agrupacion,637,NO DECLARADO,xlsx_votos_por_localidad
2015,BALOTAJE,2015-11-22,PRESIDENTE Y VICE,21,Santa Fe,Las Colonias,Santa Clara de Buena Vista,0046,IMPUGNADO,impugnados,0,NO DECLARADO,xlsx_votos_por_localidad
2015,BALOTAJE,2015-11-22,PRESIDENTE Y VICE,21,Santa Fe,Las Colonias,Santa Clara de Buena Vista,0046,NULO,nulos,11,NO DECLARADO,xlsx_votos_por_localidad
2015,BALOTAJE,2015-11-22,PRESIDENTE Y VICE,21,Santa Fe,Las Colonias,Santa Clara de Buena Vista,0046,POSITIVO,positivo,1972,NO DECLARADO,xlsx_votos_por_localidad
2015,BALOTAJE,2015-11-22,PRESIDENTE Y VICE,21,Santa Fe,Las Colonias,Santa Clara de Buena Vista,0046,RECURRIDO,recurridos,0,NO DECLARADO,xlsx_votos_por_localidad
2015,BALOTAJE,2015-11-22,PRESIDENTE Y VICE,21,Santa Fe,San Martín,Carlos Pellegrini,0160,CAMBIEMOS,agrupacion,2570,NO DECLARADO,xlsx_votos_por_localidad
2015,BALOTAJE,2015-11-22,PRESIDENTE Y VICE,21,Santa Fe,San Martín,Carlos Pellegrini,0160,EN BLANCO,blancos,41,NO DECLARADO,xlsx_votos_por_localidad
2015,BALOTAJE,2015-11-22,PRESIDENTE Y VICE,21,Santa Fe,San Martín,Carlos Pellegrini,0160,FRENTE PARA LA VICTORIA,agrupacion,986,NO DECLARADO,xlsx_votos_por_localidad
2015,BALOTAJE,2015-11-22,PRESIDENTE Y VICE,21,Santa Fe,San Martín,Carlos Pellegrini,0160,IMPUGNADO,impugnados,0,NO DECLARADO,xlsx_votos_por_localidad
2015,BALOTAJE,2015-11-22,PRESIDENTE Y VICE,21,Santa Fe,San Martín,Carlos Pellegrini,0160,NULO,nulos,28,NO DECLARADO,xlsx_votos_por_localidad
2015,BALOTAJE,2015-11-22,PRESIDENTE Y VICE,21,Santa Fe,San Martín,Carlos Pellegrini,0160,POSITIVO,positivo,3556,NO DECLARADO,xlsx_votos_por_localidad
2015,BALOTAJE,2015-11-22,PRESIDENTE Y VICE,21,Santa Fe,San Martín,Carlos Pellegrini,0160,RECURRIDO,recurridos,0,NO DECLARADO,xlsx_votos_por_localidad
2015,BALOTAJE,2015-11-22,PRESIDENTE Y VICE,21,Santa Fe,San Martín,Cañada Rosquín,0161,CAMBIEMOS,agrupacion,2352,NO DECLARADO,xlsx_votos_por_localidad
2015,BALOTAJE,2015-11-22,PRESIDENTE Y VICE,21,Santa Fe,San Martín,Cañada Rosquín,0161,EN BLANCO,blancos,67,NO DECLARADO,xlsx_votos_por_localidad
2015,BALOTAJE,2015-11-22,PRESIDENTE Y VICE,21,Santa Fe,San Martín,Cañada Rosquín,0161,FRENTE PARA LA VICTORIA,agrupacion,1105,NO DECLARADO,xlsx_votos_por_localidad
2015,BALOTAJE,2015-11-22,PRESIDENTE Y VICE,21,Santa Fe,San Martín,Cañada Rosquín,0161,IMPUGNADO,impugnados,0,NO DECLARADO,xlsx_votos_por_localidad
2015,BALOTAJE,2015-11-22,PRESIDENTE Y VICE,21,Santa Fe,San Martín,Cañada Rosquín,0161,NULO,nulos,32,NO DECLARADO,xlsx_votos_por_localidad
2015,BALOTAJE,2015-11-22,PRESIDENTE Y VICE,21,Santa Fe,San Martín,Cañada Rosquín,0161,POSITIVO,positivo,3457,NO DECLARADO,xlsx_votos_por_localidad
2015,BALOTAJE,2015-11-22,PRESIDENTE Y VICE,21,Santa Fe,San Martín,Cañada Rosquín,0161,RECURRIDO,recurridos,0,NO DECLARADO,xlsx_votos_por_localidad
2015,BALOTAJE,2015-11-22,PRESIDENTE Y VICE,21,Santa Fe,San Martín,El Trébol,0165,CAMBIEMOS,agrupacion,4753,NO DECLARADO,xlsx_votos_por_localidad
2015,BALOTAJE,2015-11-22,PRESIDENTE Y VICE,21,Santa Fe,San Martín,El Trébol,0165,EN BLANCO,blancos,107,NO DECLARADO,xlsx_votos_por_localidad
2015,BALOTAJE,2015-11-22,PRESIDENTE Y VICE,21,Santa Fe,San Martín,El Trébol,0165,FRENTE PARA LA VICTORIA,agrupacion,2876,NO DECLARADO,xlsx_votos_por_localidad
2015,BALOTAJE,2015-11-22,PRESIDENTE Y VICE,21,Santa Fe,San Martín,El Trébol,0165,IMPUGNADO,impugnados,0,NO DECLARADO,xlsx_votos_por_localidad
2015,BALOTAJE,2015-11-22,PRESIDENTE Y VICE,21,Santa Fe,San Martín,El Trébol,0165,NULO,nulos,137,NO DECLARADO,xlsx_votos_por_localidad
2015,BALOTAJE,2015-11-22,PRESIDENTE Y VICE,21,Santa Fe,San Martín,El Trébol,0165,POSITIVO,positivo,7629,NO DECLARADO,xlsx_votos_por_localidad
2015,BALOTAJE,2015-11-22,PRESIDENTE Y VICE,21,Santa Fe,San Martín,El Trébol,0165,RECURRIDO,recurridos,0,NO DECLARADO,xlsx_votos_por_localidad
2015,BALOTAJE,2015-11-22,PRESIDENTE Y VICE,21,Santa Fe,San Martín,María Susana,0166,CAMBIEMOS,agrupacion,1811,NO DECLARADO,xlsx_votos_por_localidad
2015,BALOTAJE,2015-11-22,PRESIDENTE Y VICE,21,Santa Fe,San Martín,María Susana,0166,EN BLANCO,blancos,28,NO DECLARADO,xlsx_votos_por_localidad
2015,BALOTAJE,2015-11-22,PRESIDENTE Y VICE,21,Santa Fe,San Martín,María Susana,0166,FRENTE PARA LA VICTORIA,agrupacion,479,NO DECLARADO,xlsx_votos_por_localidad
2015,BALOTAJE,2015-11-22,PRESIDENTE Y VICE,21,Santa Fe,San Martín,María Susana,0166,IMPUGNADO,impugnados,0,NO DECLARADO,xlsx_votos_por_localidad
2015,BALOTAJE,2015-11-22,PRESIDENTE Y VICE,21,Santa Fe,San Martín,María Susana,0166,NULO,nulos,25,NO DECLARADO,xlsx_votos_por_localidad
2015,BALOTAJE,2015-11-22,PRESIDENTE Y VICE,21,Santa Fe,San Martín,María Susana,0166,POSITIVO,positivo,2290,NO DECLARADO,xlsx_votos_por_localidad
2015,BALOTAJE,2015-11-22,PRESIDENTE Y VICE,21,Santa Fe,San Martín,María Susana,0166,RECURRIDO,recurridos,0,NO DECLARADO,xlsx_votos_por_localidad
2015,BALOTAJE,2015-11-22,PRESIDENTE Y VICE,21,Santa Fe,San Martín,Piamonte,0164,CAMBIEMOS,agrupacion,1525,NO DECLARADO,xlsx_votos_por_localidad
2015,BALOTAJE,2015-11-22,PRESIDENTE Y VICE,21,Santa Fe,San Martín,Piamonte,0164,EN BLANCO,blancos,26,NO DECLARADO,xlsx_votos_por_localidad
2015,BALOTAJE,2015-11-22,PRESIDENTE Y VICE,21,Santa Fe,San Martín,Piamonte,0164,FRENTE PARA LA VICTORIA,agrupacion,596,NO DECLARADO,xlsx_votos_por_localidad
2015,BALOTAJE,2015-11-22,PRESIDENTE Y VICE,21,Santa Fe,San Martín,Piamonte,0164,IMPUGNADO,impugnados,0,NO DECLARADO,xlsx_votos_por_localidad
2015,BALOTAJE,2015-11-22,PRESIDENTE Y VICE,21,Santa Fe,San Martín,Piamonte,0164,NULO,nulos,46,NO DECLARADO,xlsx_votos_por_localidad
2015,BALOTAJE,2015-11-22,PRESIDENTE Y VICE,21,Santa Fe,San Martín,Piamonte,0164,POSITIVO,positivo,2121,NO DECLARADO,xlsx_votos_por_localidad
2015,BALOTAJE,2015-11-22,PRESIDENTE Y VICE,21,Santa Fe,San Martín,Piamonte,0164,RECURRIDO,recurridos,0,NO DECLARADO,xlsx_votos_por_localidad
2015,BALOTAJE,2015-11-22,PRESIDENTE Y VICE,21,Santa Fe,San Martín,San Jorge,0158,CAMBIEMOS,agrupacion,7420,NO DECLARADO,xlsx_votos_por_localidad
2015,BALOTAJE,2015-11-22,PRESIDENTE Y VICE,21,Santa Fe,San Martín,San Jorge,0158,EN BLANCO,blancos,153,NO DECLARADO,xlsx_votos_por_localidad
2015,BALOTAJE,2015-11-22,PRESIDENTE Y VICE,21,Santa Fe,San Martín,San Jorge,0158,FRENTE PARA LA VICTORIA,agrupacion,4072,NO DECLARADO,xlsx_votos_por_localidad
2015,BALOTAJE,2015-11-22,PRESIDENTE Y VICE,21,Santa Fe,San Martín,San Jorge,0158,IMPUGNADO,impugnados,0,NO DECLARADO,xlsx_votos_por_localidad
2015,BALOTAJE,2015-11-22,PRESIDENTE Y VICE,21,Santa Fe,San Martín,San Jorge,0158,NULO,nulos,210,NO DECLARADO,xlsx_votos_por_localidad
2015,BALOTAJE,2015-11-22,PRESIDENTE Y VICE,21,Santa Fe,San Martín,San Jorge,0158,POSITIVO,positivo,11492,NO DECLARADO,xlsx_votos_por_localidad
2015,BALOTAJE,2015-11-22,PRESIDENTE Y VICE,21,Santa Fe,San Martín,San Jorge,0158,RECURRIDO,recurridos,0,NO DECLARADO,xlsx_votos_por_localidad
2015,BALOTAJE,2015-11-22,PRESIDENTE Y VICE,21,Santa Fe,San Martín,San Martín de las Escobas,0156,CAMBIEMOS,agrupacion,1439,NO DECLARADO,xlsx_votos_por_localidad
2015,BALOTAJE,2015-11-22,PRESIDENTE Y VICE,21,Santa Fe,San Martín,San Martín de las Escobas,0156,EN BLANCO,blancos,18,NO DECLARADO,xlsx_votos_por_localidad
2015,BALOTAJE,2015-11-22,PRESIDENTE Y VICE,21,Santa Fe,San Martín,San Martín de las Escobas,0156,FRENTE PARA LA VICTORIA,agrupacion,396,NO DECLARADO,xlsx_votos_por_localidad
2015,BALOTAJE,2015-11-22,PRESIDENTE Y VICE,21,Santa Fe,San Martín,San Martín de las Escobas,0156,IMPUGNADO,impugnados,0,NO DECLARADO,xlsx_votos_por_localidad
2015,BALOTAJE,2015-11-22,PRESIDENTE Y VICE,21,Santa Fe,San Martín,San Martín de las Escobas,0156,NULO,nulos,22,NO DECLARADO,xlsx_votos_por_localidad
2015,BALOTAJE,2015-11-22,PRESIDENTE Y VICE,21,Santa Fe,San Martín,San Martín de las Escobas,0156,POSITIVO,positivo,1835,NO DECLARADO,xlsx_votos_por_localidad
2015,BALOTAJE,2015-11-22,PRESIDENTE Y VICE,21,Santa Fe,San Martín,San Martín de las Escobas,0156,RECURRIDO,recurridos,0,NO DECLARADO,xlsx_votos_por_localidad
2015,BALOTAJE,2015-11-22,PRESIDENTE Y VICE,21,Santa Fe,San Martín,Sastre y Ortiz,0155,CAMBIEMOS,agrupacion,1999,NO DECLARADO,xlsx_votos_por_localidad
2015,BALOTAJE,2015-11-22,PRESIDENTE Y VICE,21,Santa Fe,San Martín,Sastre y Ortiz,0155,EN BLANCO,blancos,29,NO DECLARADO,xlsx_votos_por_localidad
2015,BALOTAJE,2015-11-22,PRESIDENTE Y VICE,21,Santa Fe,San Martín,Sastre y Ortiz,0155,FRENTE PARA LA VICTORIA,agrupacion,1551,NO DECLARADO,xlsx_votos_por_localidad
2015,BALOTAJE,2015-11-22,PRESIDENTE Y VICE,21,Santa Fe,San Martín,Sastre y Ortiz,0155,IMPUGNADO,impugnados,0,NO DECLARADO,xlsx_votos_por_localidad
2015,BALOTAJE,2015-11-22,PRESIDENTE Y VICE,21,Santa Fe,San Martín,Sastre y Ortiz,0155,NULO,nulos,62,NO DECLARADO,xlsx_votos_por_localidad
2015,BALOTAJE,2015-11-22,PRESIDENTE Y VICE,21,Santa Fe,San Martín,Sastre y Ortiz,0155,POSITIVO,positivo,3550,NO DECLARADO,xlsx_votos_por_localidad
2015,BALOTAJE,2015-11-22,PRESIDENTE Y VICE,21,Santa Fe,San Martín,Sastre y Ortiz,0155,RECURRIDO,recurridos,0,NO DECLARADO,xlsx_votos_por_localidad
2015,GENERAL,2015-10-25,PRESIDENTE Y VICE,21,Santa Fe,Castellanos,Ataliva,0121,ALIANZA CAMBIEMOS,agrupacion,616,NO DECLARADO,xlsx_votos_por_localidad
2015,GENERAL,2015-10-25,PRESIDENTE Y VICE,21,Santa Fe,Castellanos,Ataliva,0121,ALIANZA COMPROMISO FEDERAL,agrupacion,15,NO DECLARADO,xlsx_votos_por_localidad
2015,GENERAL,2015-10-25,PRESIDENTE Y VICE,21,Santa Fe,Castellanos,Ataliva,0121,ALIANZA FRENTE DE IZQUIERDA Y DE LOS TRABAJADORES,agrupacion,12,NO DECLARADO,xlsx_votos_por_localidad
2015,GENERAL,2015-10-25,PRESIDENTE Y VICE,21,Santa Fe,Castellanos,Ataliva,0121,ALIANZA FRENTE PARA LA VICTORIA,agrupacion,305,NO DECLARADO,xlsx_votos_por_localidad
2015,GENERAL,2015-10-25,PRESIDENTE Y VICE,21,Santa Fe,Castellanos,Ataliva,0121,ALIANZA PROGRESISTAS,agrupacion,28,NO DECLARADO,xlsx_votos_por_localidad
2015,GENERAL,2015-10-25,PRESIDENTE Y VICE,21,Santa Fe,Castellanos,Ataliva,0121,ALIANZA UNIDOS POR UNA NUEVA ALTERNATIVA (UNA),agrupacion,313,NO DECLARADO,xlsx_votos_por_localidad
2015,GENERAL,2015-10-25,PRESIDENTE Y VICE,21,Santa Fe,Castellanos,Ataliva,0121,EN BLANCO,blancos,41,NO DECLARADO,xlsx_votos_por_localidad
2015,GENERAL,2015-10-25,PRESIDENTE Y VICE,21,Santa Fe,Castellanos,Ataliva,0121,IMPUGNADO,impugnados,0,NO DECLARADO,xlsx_votos_por_localidad
2015,GENERAL,2015-10-25,PRESIDENTE Y VICE,21,Santa Fe,Castellanos,Ataliva,0121,NULO,nulos,5,NO DECLARADO,xlsx_votos_por_localidad
2015,GENERAL,2015-10-25,PRESIDENTE Y VICE,21,Santa Fe,Castellanos,Ataliva,0121,POSITIVO,positivo,1289,NO DECLARADO,xlsx_votos_por_localidad
2015,GENERAL,2015-10-25,PRESIDENTE Y VICE,21,Santa Fe,Castellanos,Ataliva,0121,RECURRIDO,recurridos,0,NO DECLARADO,xlsx_votos_por_localidad
2015,GENERAL,2015-10-25,PRESIDENTE Y VICE,21,Santa Fe,Castellanos,Colonia Aldao,0120,ALIANZA CAMBIEMOS,agrupacion,563,NO DECLARADO,xlsx_votos_por_localidad
2015,GENERAL,2015-10-25,PRESIDENTE Y VICE,21,Santa Fe,Castellanos,Colonia Aldao,0120,ALIANZA COMPROMISO FEDERAL,agrupacion,15,NO DECLARADO,xlsx_votos_por_localidad
2015,GENERAL,2015-10-25,PRESIDENTE Y VICE,21,Santa Fe,Castellanos,Colonia Aldao,0120,ALIANZA FRENTE DE IZQUIERDA Y DE LOS TRABAJADORES,agrupacion,10,NO DECLARADO,xlsx_votos_por_localidad
2015,GENERAL,2015-10-25,PRESIDENTE Y VICE,21,Santa Fe,Castellanos,Colonia Aldao,0120,ALIANZA FRENTE PARA LA VICTORIA,agrupacion,375,NO DECLARADO,xlsx_votos_por_localidad
2015,GENERAL,2015-10-25,PRESIDENTE Y VICE,21,Santa Fe,Castellanos,Colonia Aldao,0120,ALIANZA PROGRESISTAS,agrupacion,22,NO DECLARADO,xlsx_votos_por_localidad
2015,GENERAL,2015-10-25,PRESIDENTE Y VICE,21,Santa Fe,Castellanos,Colonia Aldao,0120,ALIANZA UNIDOS POR UNA NUEVA ALTERNATIVA (UNA),agrupacion,205,NO DECLARADO,xlsx_votos_por_localidad
2015,GENERAL,2015-10-25,PRESIDENTE Y VICE,21,Santa Fe,Castellanos,Colonia Aldao,0120,EN BLANCO,blancos,26,NO DECLARADO,xlsx_votos_por_localidad
2015,GENERAL,2015-10-25,PRESIDENTE Y VICE,21,Santa Fe,Castellanos,Colonia Aldao,0120,IMPUGNADO,impugnados,0,NO DECLARADO,xlsx_votos_por_localidad
2015,GENERAL,2015-10-25,PRESIDENTE Y VICE,21,Santa Fe,Castellanos,Colonia Aldao,0120,NULO,nulos,10,NO DECLARADO,xlsx_votos_por_localidad
2015,GENERAL,2015-10-25,PRESIDENTE Y VICE,21,Santa Fe,Castellanos,Colonia Aldao,0120,POSITIVO,positivo,1190,NO DECLARADO,xlsx_votos_por_localidad
2015,GENERAL,2015-10-25,PRESIDENTE Y VICE,21,Santa Fe,Castellanos,Colonia Aldao,0120,RECURRIDO,recurridos,0,NO DECLARADO,xlsx_votos_por_localidad
2015,GENERAL,2015-10-25,PRESIDENTE Y VICE,21,Santa Fe,Castellanos,Frontera,0134A,ALIANZA CAMBIEMOS,agrupacion,1576,NO DECLARADO,xlsx_votos_por_localidad
2015,GENERAL,2015-10-25,PRESIDENTE Y VICE,21,Santa Fe,Castellanos,Frontera,0134A,ALIANZA COMPROMISO FEDERAL,agrupacion,129,NO DECLARADO,xlsx_votos_por_localidad
2015,GENERAL,2015-10-25,PRESIDENTE Y VICE,21,Santa Fe,Castellanos,Frontera,0134A,ALIANZA FRENTE DE IZQUIERDA Y DE LOS TRABAJADORES,agrupacion,128,NO DECLARADO,xlsx_votos_por_localidad
2015,GENERAL,2015-10-25,PRESIDENTE Y VICE,21,Santa Fe,Castellanos,Frontera,0134A,ALIANZA FRENTE PARA LA VICTORIA,agrupacion,1761,NO DECLARADO,xlsx_votos_por_localidad
2015,GENERAL,2015-10-25,PRESIDENTE Y VICE,21,Santa Fe,Castellanos,Frontera,0134A,ALIANZA PROGRESISTAS,agrupacion,131,NO DECLARADO,xlsx_votos_por_localidad
2015,GENERAL,2015-10-25,PRESIDENTE Y VICE,21,Santa Fe,Castellanos,Frontera,0134A,ALIANZA UNIDOS POR UNA NUEVA ALTERNATIVA (UNA),agrupacion,1575,NO DECLARADO,xlsx_votos_por_localidad
2015,GENERAL,2015-10-25,PRESIDENTE Y VICE,21,Santa Fe,Castellanos,Frontera,0134A,EN BLANCO,blancos,134,NO DECLARADO,xlsx_votos_por_localidad
2015,GENERAL,2015-10-25,PRESIDENTE Y VICE,21,Santa Fe,Castellanos,Frontera,0134A,IMPUGNADO,impugnados,0,NO DECLARADO,xlsx_votos_por_localidad
2015,GENERAL,2015-10-25,PRESIDENTE Y VICE,21,Santa Fe,Castellanos,Frontera,0134A,NULO,nulos,77,NO DECLARADO,xlsx_votos_por_localidad
2015,GENERAL,2015-10-25,PRESIDENTE Y VICE,21,Santa Fe,Castellanos,Frontera,0134A,POSITIVO,positivo,5300,NO DECLARADO,xlsx_votos_por_localidad
2015,GENERAL,2015-10-25,PRESIDENTE Y VICE,21,Santa Fe,Castellanos,Frontera,0134A,RECURRIDO,recurridos,1,NO DECLARADO,xlsx_votos_por_localidad
2015,GENERAL,2015-10-25,PRESIDENTE Y VICE,21,Santa Fe,Castellanos,Humberto Primo,0117,ALIANZA CAMBIEMOS,agrupacion,1583,NO DECLARADO,xlsx_votos_por_localidad
2015,GENERAL,2015-10-25,PRESIDENTE Y VICE,21,Santa Fe,Castellanos,Humberto Primo,0117,ALIANZA COMPROMISO FEDERAL,agrupacion,28,NO DECLARADO,xlsx_votos_por_localidad
2015,GENERAL,2015-10-25,PRESIDENTE Y VICE,21,Santa Fe,Castellanos,Humberto Primo,0117,ALIANZA FRENTE DE IZQUIERDA Y DE LOS TRABAJADORES,agrupacion,38,NO DECLARADO,xlsx_votos_por_localidad
2015,GENERAL,2015-10-25,PRESIDENTE Y VICE,21,Santa Fe,Castellanos,Humberto Primo,0117,ALIANZA FRENTE PARA LA VICTORIA,agrupacion,711,NO DECLARADO,xlsx_votos_por_localidad
2015,GENERAL,2015-10-25,PRESIDENTE Y VICE,21,Santa Fe,Castellanos,Humberto Primo,0117,ALIANZA PROGRESISTAS,agrupacion,100,NO DECLARADO,xlsx_votos_por_localidad
2015,GENERAL,2015-10-25,PRESIDENTE Y VICE,21,Santa Fe,Castellanos,Humberto Primo,0117,ALIANZA UNIDOS POR UNA NUEVA ALTERNATIVA (UNA),agrupacion,939,NO DECLARADO,xlsx_votos_por_localidad
2015,GENERAL,2015-10-25,PRESIDENTE Y VICE,21,Santa Fe,Castellanos,Humberto Primo,0117,EN BLANCO,blancos,82,NO DECLARADO,xlsx_votos_por_localidad
2015,GENERAL,2015-10-25,PRESIDENTE Y VICE,21,Santa Fe,Castellanos,Humberto Primo,0117,IMPUGNADO,impugnados,0,NO DECLARADO,xlsx_votos_por_localidad
2015,GENERAL,2015-10-25,PRESIDENTE Y VICE,21,Santa Fe,Castellanos,Humberto Primo,0117,NULO,nulos,14,NO DECLARADO,xlsx_votos_por_localidad
2015,GENERAL,2015-10-25,PRESIDENTE Y VICE,21,Santa Fe,Castellanos,Humberto Primo,0117,POSITIVO,positivo,3399,NO DECLARADO,xlsx_votos_por_localidad
2015,GENERAL,2015-10-25,PRESIDENTE Y VICE,21,Santa Fe,Castellanos,Humberto Primo,0117,RECURRIDO,recurridos,0,NO DECLARADO,xlsx_votos_por_localidad
2015,GENERAL,2015-10-25,PRESIDENTE Y VICE,21,Santa Fe,Castellanos,Josefina,0134,ALIANZA CAMBIEMOS,agrupacion,405,NO DECLARADO,xlsx_votos_por_localidad
2015,GENERAL,2015-10-25,PRESIDENTE Y VICE,21,Santa Fe,Castellanos,Josefina,0134,ALIANZA COMPROMISO FEDERAL,agrupacion,13,NO DECLARADO,xlsx_votos_por_localidad
2015,GENERAL,2015-10-25,PRESIDENTE Y VICE,21,Santa Fe,Castellanos,Josefina,0134,ALIANZA FRENTE DE IZQUIERDA Y DE LOS TRABAJADORES,agrupacion,17,NO DECLARADO,xlsx_votos_por_localidad
2015,GENERAL,2015-10-25,PRESIDENTE Y VICE,21,Santa Fe,Castellanos,Josefina,0134,ALIANZA FRENTE PARA LA VICTORIA,agrupacion,276,NO DECLARADO,xlsx_votos_por_localidad
2015,GENERAL,2015-10-25,PRESIDENTE Y VICE,21,Santa Fe,Castellanos,Josefina,0134,ALIANZA PROGRESISTAS,agrupacion,22,NO DECLARADO,xlsx_votos_por_localidad
2015,GENERAL,2015-10-25,PRESIDENTE Y VICE,21,Santa Fe,Castellanos,Josefina,0134,ALIANZA UNIDOS POR UNA NUEVA ALTERNATIVA (UNA),agrupacion,289,NO DECLARADO,xlsx_votos_por_localidad
2015,GENERAL,2015-10-25,PRESIDENTE Y VICE,21,Santa Fe,Castellanos,Josefina,0134,EN BLANCO,blancos,23,NO DECLARADO,xlsx_votos_por_localidad
2015,GENERAL,2015-10-25,PRESIDENTE Y VICE,21,Santa Fe,Castellanos,Josefina,0134,IMPUGNADO,impugnados,0,NO DECLARADO,xlsx_votos_por_localidad
2015,GENERAL,2015-10-25,PRESIDENTE Y VICE,21,Santa Fe,Castellanos,Josefina,0134,NULO,nulos,3,NO DECLARADO,xlsx_votos_por_localidad
2015,GENERAL,2015-10-25,PRESIDENTE Y VICE,21,Santa Fe,Castellanos,Josefina,0134,POSITIVO,positivo,1022,NO DECLARADO,xlsx_votos_por_localidad
2015,GENERAL,2015-10-25,PRESIDENTE Y VICE,21,Santa Fe,Castellanos,Josefina,0134,RECURRIDO,recurridos,0,NO DECLARADO,xlsx_votos_por_localidad
2015,GENERAL,2015-10-25,PRESIDENTE Y VICE,21,Santa Fe,Castellanos,Lehmann,0123,ALIANZA CAMBIEMOS,agrupacion,858,NO DECLARADO,xlsx_votos_por_localidad
2015,GENERAL,2015-10-25,PRESIDENTE Y VICE,21,Santa Fe,Castellanos,Lehmann,0123,ALIANZA COMPROMISO FEDERAL,agrupacion,25,NO DECLARADO,xlsx_votos_por_localidad
2015,GENERAL,2015-10-25,PRESIDENTE Y VICE,21,Santa Fe,Castellanos,Lehmann,0123,ALIANZA FRENTE DE IZQUIERDA Y DE LOS TRABAJADORES,agrupacion,28,NO DECLARADO,xlsx_votos_por_localidad
2015,GENERAL,2015-10-25,PRESIDENTE Y VICE,21,Santa Fe,Castellanos,Lehmann,0123,ALIANZA FRENTE PARA LA VICTORIA,agrupacion,467,NO DECLARADO,xlsx_votos_por_localidad
2015,GENERAL,2015-10-25,PRESIDENTE Y VICE,21,Santa Fe,Castellanos,Lehmann,0123,ALIANZA PROGRESISTAS,agrupacion,36,NO DECLARADO,xlsx_votos_por_localidad
2015,GENERAL,2015-10-25,PRESIDENTE Y VICE,21,Santa Fe,Castellanos,Lehmann,0123,ALIANZA UNIDOS POR UNA NUEVA ALTERNATIVA (UNA),agrupacion,491,NO DECLARADO,xlsx_votos_por_localidad
2015,GENERAL,2015-10-25,PRESIDENTE Y VICE,21,Santa Fe,Castellanos,Lehmann,0123,EN BLANCO,blancos,59,NO DECLARADO,xlsx_votos_por_localidad
2015,GENERAL,2015-10-25,PRESIDENTE Y VICE,21,Santa Fe,Castellanos,Lehmann,0123,IMPUGNADO,impugnados,0,NO DECLARADO,xlsx_votos_por_localidad
2015,GENERAL,2015-10-25,PRESIDENTE Y VICE,21,Santa Fe,Castellanos,Lehmann,0123,NULO,nulos,13,NO DECLARADO,xlsx_votos_por_localidad
2015,GENERAL,2015-10-25,PRESIDENTE Y VICE,21,Santa Fe,Castellanos,Lehmann,0123,POSITIVO,positivo,1905,NO DECLARADO,xlsx_votos_por_localidad
2015,GENERAL,2015-10-25,PRESIDENTE Y VICE,21,Santa Fe,Castellanos,Lehmann,0123,RECURRIDO,recurridos,1,NO DECLARADO,xlsx_votos_por_localidad
2015,GENERAL,2015-10-25,PRESIDENTE Y VICE,21,Santa Fe,Castellanos,María Juana,0140,ALIANZA CAMBIEMOS,agrupacion,1213,NO DECLARADO,xlsx_votos_por_localidad
2015,GENERAL,2015-10-25,PRESIDENTE Y VICE,21,Santa Fe,Castellanos,María Juana,0140,ALIANZA COMPROMISO FEDERAL,agrupacion,44,NO DECLARADO,xlsx_votos_por_localidad
2015,GENERAL,2015-10-25,PRESIDENTE Y VICE,21,Santa Fe,Castellanos,María Juana,0140,ALIANZA FRENTE DE IZQUIERDA Y DE LOS TRABAJADORES,agrupacion,96,NO DECLARADO,xlsx_votos_por_localidad
2015,GENERAL,2015-10-25,PRESIDENTE Y VICE,21,Santa Fe,Castellanos,María Juana,0140,ALIANZA FRENTE PARA LA VICTORIA,agrupacion,908,NO DECLARADO,xlsx_votos_por_localidad
2015,GENERAL,2015-10-25,PRESIDENTE Y VICE,21,Santa Fe,Castellanos,María Juana,0140,ALIANZA PROGRESISTAS,agrupacion,235,NO DECLARADO,xlsx_votos_por_localidad
2015,GENERAL,2015-10-25,PRESIDENTE Y VICE,21,Santa Fe,Castellanos,María Juana,0140,ALIANZA UNIDOS POR UNA NUEVA ALTERNATIVA (UNA),agrupacion,808,NO DECLARADO,xlsx_votos_por_localidad
2015,GENERAL,2015-10-25,PRESIDENTE Y VICE,21,Santa Fe,Castellanos,María Juana,0140,EN BLANCO,blancos,83,NO DECLARADO,xlsx_votos_por_localidad
2015,GENERAL,2015-10-25,PRESIDENTE Y VICE,21,Santa Fe,Castellanos,María Juana,0140,IMPUGNADO,impugnados,0,NO DECLARADO,xlsx_votos_por_localidad
2015,GENERAL,2015-10-25,PRESIDENTE Y VICE,21,Santa Fe,Castellanos,María Juana,0140,NULO,nulos,35,NO DECLARADO,xlsx_votos_por_localidad
2015,GENERAL,2015-10-25,PRESIDENTE Y VICE,21,Santa Fe,Castellanos,María Juana,0140,POSITIVO,positivo,3304,NO DECLARADO,xlsx_votos_por_localidad
2015,GENERAL,2015-10-25,PRESIDENTE Y VICE,21,Santa Fe,Castellanos,María Juana,0140,RECURRIDO,recurridos,0,NO DECLARADO,xlsx_votos_por_localidad
2015,GENERAL,2015-10-25,PRESIDENTE Y VICE,21,Santa Fe,Castellanos,Ramona,0124,ALIANZA CAMBIEMOS,agrupacion,618,NO DECLARADO,xlsx_votos_por_localidad
2015,GENERAL,2015-10-25,PRESIDENTE Y VICE,21,Santa Fe,Castellanos,Ramona,0124,ALIANZA COMPROMISO FEDERAL,agrupacion,20,NO DECLARADO,xlsx_votos_por_localidad
2015,GENERAL,2015-10-25,PRESIDENTE Y VICE,21,Santa Fe,Castellanos,Ramona,0124,ALIANZA FRENTE DE IZQUIERDA Y DE LOS TRABAJADORES,agrupacion,21,NO DECLARADO,xlsx_votos_por_localidad
2015,GENERAL,2015-10-25,PRESIDENTE Y VICE,21,Santa Fe,Castellanos,Ramona,0124,ALIANZA FRENTE PARA LA VICTORIA,agrupacion,247,NO DECLARADO,xlsx_votos_por_localidad
2015,GENERAL,2015-10-25,PRESIDENTE Y VICE,21,Santa Fe,Castellanos,Ramona,0124,ALIANZA PROGRESISTAS,agrupacion,86,NO DECLARADO,xlsx_votos_por_localidad
2015,GENERAL,2015-10-25,PRESIDENTE Y VICE,21,Santa Fe,Castellanos,Ramona,0124,ALIANZA UNIDOS POR UNA NUEVA ALTERNATIVA (UNA),agrupacion,291,NO DECLARADO,xlsx_votos_por_localidad
2015,GENERAL,2015-10-25,PRESIDENTE Y VICE,21,Santa Fe,Castellanos,Ramona,0124,EN BLANCO,blancos,30,NO DECLARADO,xlsx_votos_por_localidad
2015,GENERAL,2015-10-25,PRESIDENTE Y VICE,21,Santa Fe,Castellanos,Ramona,0124,IMPUGNADO,impugnados,0,NO DECLARADO,xlsx_votos_por_localidad
2015,GENERAL,2015-10-25,PRESIDENTE Y VICE,21,Santa Fe,Castellanos,Ramona,0124,NULO,nulos,18,NO DECLARADO,xlsx_votos_por_localidad
2015,GENERAL,2015-10-25,PRESIDENTE Y VICE,21,Santa Fe,Castellanos,Ramona,0124,POSITIVO,positivo,1283,NO DECLARADO,xlsx_votos_por_localidad
2015,GENERAL,2015-10-25,PRESIDENTE Y VICE,21,Santa Fe,Castellanos,Ramona,0124,RECURRIDO,recurridos,0,NO DECLARADO,xlsx_votos_por_localidad
2015,GENERAL,2015-10-25,PRESIDENTE Y VICE,21,Santa Fe,Castellanos,San Vicente,0142,ALIANZA CAMBIEMOS,agrupacion,1740,NO DECLARADO,xlsx_votos_por_localidad
2015,GENERAL,2015-10-25,PRESIDENTE Y VICE,21,Santa Fe,Castellanos,San Vicente,0142,ALIANZA COMPROMISO FEDERAL,agrupacion,57,NO DECLARADO,xlsx_votos_por_localidad
2015,GENERAL,2015-10-25,PRESIDENTE Y VICE,21,Santa Fe,Castellanos,San Vicente,0142,ALIANZA FRENTE DE IZQUIERDA Y DE LOS TRABAJADORES,agrupacion,54,NO DECLARADO,xlsx_votos_por_localidad
2015,GENERAL,2015-10-25,PRESIDENTE Y VICE,21,Santa Fe,Castellanos,San Vicente,0142,ALIANZA FRENTE PARA LA VICTORIA,agrupacion,1003,NO DECLARADO,xlsx_votos_por_localidad
2015,GENERAL,2015-10-25,PRESIDENTE Y VICE,21,Santa Fe,Castellanos,San Vicente,0142,ALIANZA PROGRESISTAS,agrupacion,105,NO DECLARADO,xlsx_votos_por_localidad
2015,GENERAL,2015-10-25,PRESIDENTE Y VICE,21,Santa Fe,Castellanos,San Vicente,0142,ALIANZA UNIDOS POR UNA NUEVA ALTERNATIVA (UNA),agrupacion,963,NO DECLARADO,xlsx_votos_por_localidad
2015,GENERAL,2015-10-25,PRESIDENTE Y VICE,21,Santa Fe,Castellanos,San Vicente,0142,EN BLANCO,blancos,113,NO DECLARADO,xlsx_votos_por_localidad
2015,GENERAL,2015-10-25,PRESIDENTE Y VICE,21,Santa Fe,Castellanos,San Vicente,0142,IMPUGNADO,impugnados,0,NO DECLARADO,xlsx_votos_por_localidad
2015,GENERAL,2015-10-25,PRESIDENTE Y VICE,21,Santa Fe,Castellanos,San Vicente,0142,NULO,nulos,16,NO DECLARADO,xlsx_votos_por_localidad
2015,GENERAL,2015-10-25,PRESIDENTE Y VICE,21,Santa Fe,Castellanos,San Vicente,0142,POSITIVO,positivo,3922,NO DECLARADO,xlsx_votos_por_localidad
2015,GENERAL,2015-10-25,PRESIDENTE Y VICE,21,Santa Fe,Castellanos,San Vicente,0142,RECURRIDO,recurridos,2,NO DECLARADO,xlsx_votos_por_localidad
2015,GENERAL,2015-10-25,PRESIDENTE Y VICE,21,Santa Fe,Castellanos,Santa Clara de Saguier,0130,ALIANZA CAMBIEMOS,agrupacion,532,NO DECLARADO,xlsx_votos_por_localidad
2015,GENERAL,2015-10-25,PRESIDENTE Y VICE,21,Santa Fe,Castellanos,Santa Clara de Saguier,0130,ALIANZA COMPROMISO FEDERAL,agrupacion,20,NO DECLARADO,xlsx_votos_por_localidad
2015,GENERAL,2015-10-25,PRESIDENTE Y VICE,21,Santa Fe,Castellanos,Santa Clara de Saguier,0130,ALIANZA FRENTE DE IZQUIERDA Y DE LOS TRABAJADORES,agrupacion,13,NO DECLARADO,xlsx_votos_por_localidad
2015,GENERAL,2015-10-25,PRESIDENTE Y VICE,21,Santa Fe,Castellanos,Santa Clara de Saguier,0130,ALIANZA FRENTE PARA LA VICTORIA,agrupacion,297,NO DECLARADO,xlsx_votos_por_localidad
2015,GENERAL,2015-10-25,PRESIDENTE Y VICE,21,Santa Fe,Castellanos,Santa Clara de Saguier,0130,ALIANZA PROGRESISTAS,agrupacion,38,NO DECLARADO,xlsx_votos_por_localidad
2015,GENERAL,2015-10-25,PRESIDENTE Y VICE,21,Santa Fe,Castellanos,Santa Clara de Saguier,0130,ALIANZA UNIDOS POR UNA NUEVA ALTERNATIVA (UNA),agrupacion,241,NO DECLARADO,xlsx_votos_por_localidad
2015,GENERAL,2015-10-25,PRESIDENTE Y VICE,21,Santa Fe,Castellanos,Santa Clara de Saguier,0130,EN BLANCO,blancos,31,NO DECLARADO,xlsx_votos_por_localidad
2015,GENERAL,2015-10-25,PRESIDENTE Y VICE,21,Santa Fe,Castellanos,Santa Clara de Saguier,0130,IMPUGNADO,impugnados,0,NO DECLARADO,xlsx_votos_por_localidad
2015,GENERAL,2015-10-25,PRESIDENTE Y VICE,21,Santa Fe,Castellanos,Santa Clara de Saguier,0130,NULO,nulos,5,NO DECLARADO,xlsx_votos_por_localidad
2015,GENERAL,2015-10-25,PRESIDENTE Y VICE,21,Santa Fe,Castellanos,Santa Clara de Saguier,0130,POSITIVO,positivo,1141,NO DECLARADO,xlsx_votos_por_localidad
2015,GENERAL,2015-10-25,PRESIDENTE Y VICE,21,Santa Fe,Castellanos,Santa Clara de Saguier,0130,RECURRIDO,recurridos,0,NO DECLARADO,xlsx_votos_por_localidad
2015,GENERAL,2015-10-25,PRESIDENTE Y VICE,21,Santa Fe,Castellanos,Sunchales,0118,ALIANZA CAMBIEMOS,agrupacion,6166,NO DECLARADO,xlsx_votos_por_localidad
2015,GENERAL,2015-10-25,PRESIDENTE Y VICE,21,Santa Fe,Castellanos,Sunchales,0118,ALIANZA COMPROMISO FEDERAL,agrupacion,133,NO DECLARADO,xlsx_votos_por_localidad
2015,GENERAL,2015-10-25,PRESIDENTE Y VICE,21,Santa Fe,Castellanos,Sunchales,0118,ALIANZA FRENTE DE IZQUIERDA Y DE LOS TRABAJADORES,agrupacion,242,NO DECLARADO,xlsx_votos_por_localidad
2015,GENERAL,2015-10-25,PRESIDENTE Y VICE,21,Santa Fe,Castellanos,Sunchales,0118,ALIANZA FRENTE PARA LA VICTORIA,agrupacion,3661,NO DECLARADO,xlsx_votos_por_localidad
2015,GENERAL,2015-10-25,PRESIDENTE Y VICE,21,Santa Fe,Castellanos,Sunchales,0118,ALIANZA PROGRESISTAS,agrupacion,702,NO DECLARADO,xlsx_votos_por_localidad
2015,GENERAL,2015-10-25,PRESIDENTE Y VICE,21,Santa Fe,Castellanos,Sunchales,0118,ALIANZA UNIDOS POR UNA NUEVA ALTERNATIVA (UNA),agrupacion,2909,NO DECLARADO,xlsx_votos_por_localidad
2015,GENERAL,2015-10-25,PRESIDENTE Y VICE,21,Santa Fe,Castellanos,Sunchales,0118,EN BLANCO,blancos,288,NO DECLARADO,xlsx_votos_por_localidad
2015,GENERAL,2015-10-25,PRESIDENTE Y VICE,21,Santa Fe,Castellanos,Sunchales,0118,IMPUGNADO,impugnados,0,NO DECLARADO,xlsx_votos_por_localidad
2015,GENERAL,2015-10-25,PRESIDENTE Y VICE,21,Santa Fe,Castellanos,Sunchales,0118,NULO,nulos,132,NO DECLARADO,xlsx_votos_por_localidad
2015,GENERAL,2015-10-25,PRESIDENTE Y VICE,21,Santa Fe,Castellanos,Sunchales,0118,POSITIVO,positivo,13813,NO DECLARADO,xlsx_votos_por_localidad
2015,GENERAL,2015-10-25,PRESIDENTE Y VICE,21,Santa Fe,Castellanos,Sunchales,0118,RECURRIDO,recurridos,1,NO DECLARADO,xlsx_votos_por_localidad
2015,GENERAL,2015-10-25,PRESIDENTE Y VICE,21,Santa Fe,Castellanos,Zenón Pereyra,0138,ALIANZA CAMBIEMOS,agrupacion,631,NO DECLARADO,xlsx_votos_por_localidad
2015,GENERAL,2015-10-25,PRESIDENTE Y VICE,21,Santa Fe,Castellanos,Zenón Pereyra,0138,ALIANZA COMPROMISO FEDERAL,agrupacion,19,NO DECLARADO,xlsx_votos_por_localidad
2015,GENERAL,2015-10-25,PRESIDENTE Y VICE,21,Santa Fe,Castellanos,Zenón Pereyra,0138,ALIANZA FRENTE DE IZQUIERDA Y DE LOS TRABAJADORES,agrupacion,21,NO DECLARADO,xlsx_votos_por_localidad
2015,GENERAL,2015-10-25,PRESIDENTE Y VICE,21,Santa Fe,Castellanos,Zenón Pereyra,0138,ALIANZA FRENTE PARA LA VICTORIA,agrupacion,244,NO DECLARADO,xlsx_votos_por_localidad
2015,GENERAL,2015-10-25,PRESIDENTE Y VICE,21,Santa Fe,Castellanos,Zenón Pereyra,0138,ALIANZA PROGRESISTAS,agrupacion,19,NO DECLARADO,xlsx_votos_por_localidad
2015,GENERAL,2015-10-25,PRESIDENTE Y VICE,21,Santa Fe,Castellanos,Zenón Pereyra,0138,ALIANZA UNIDOS POR UNA NUEVA ALTERNATIVA (UNA),agrupacion,231,NO DECLARADO,xlsx_votos_por_localidad
2015,GENERAL,2015-10-25,PRESIDENTE Y VICE,21,Santa Fe,Castellanos,Zenón Pereyra,0138,EN BLANCO,blancos,48,NO DECLARADO,xlsx_votos_por_localidad
2015,GENERAL,2015-10-25,PRESIDENTE Y VICE,21,Santa Fe,Castellanos,Zenón Pereyra,0138,IMPUGNADO,impugnados,0,NO DECLARADO,xlsx_votos_por_localidad
2015,GENERAL,2015-10-25,PRESIDENTE Y VICE,21,Santa Fe,Castellanos,Zenón Pereyra,0138,NULO,nulos,4,NO DECLARADO,xlsx_votos_por_localidad
2015,GENERAL,2015-10-25,PRESIDENTE Y VICE,21,Santa Fe,Castellanos,Zenón Pereyra,0138,POSITIVO,positivo,1165,NO DECLARADO,xlsx_votos_por_localidad
2015,GENERAL,2015-10-25,PRESIDENTE Y VICE,21,Santa Fe,Castellanos,Zenón Pereyra,0138,RECURRIDO,recurridos,0,NO DECLARADO,xlsx_votos_por_localidad
2015,GENERAL,2015-10-25,PRESIDENTE Y VICE,21,Santa Fe,Las Colonias,Esperanza,0055,ALIANZA CAMBIEMOS,agrupacion,11702,NO DECLARADO,xlsx_votos_por_localidad
2015,GENERAL,2015-10-25,PRESIDENTE Y VICE,21,Santa Fe,Las Colonias,Esperanza,0055,ALIANZA COMPROMISO FEDERAL,agrupacion,377,NO DECLARADO,xlsx_votos_por_localidad
2015,GENERAL,2015-10-25,PRESIDENTE Y VICE,21,Santa Fe,Las Colonias,Esperanza,0055,ALIANZA FRENTE DE IZQUIERDA Y DE LOS TRABAJADORES,agrupacion,343,NO DECLARADO,xlsx_votos_por_localidad
2015,GENERAL,2015-10-25,PRESIDENTE Y VICE,21,Santa Fe,Las Colonias,Esperanza,0055,ALIANZA FRENTE PARA LA VICTORIA,agrupacion,5600,NO DECLARADO,xlsx_votos_por_localidad
2015,GENERAL,2015-10-25,PRESIDENTE Y VICE,21,Santa Fe,Las Colonias,Esperanza,0055,ALIANZA PROGRESISTAS,agrupacion,960,NO DECLARADO,xlsx_votos_por_localidad
2015,GENERAL,2015-10-25,PRESIDENTE Y VICE,21,Santa Fe,Las Colonias,Esperanza,0055,ALIANZA UNIDOS POR UNA NUEVA ALTERNATIVA (UNA),agrupacion,6155,NO DECLARADO,xlsx_votos_por_localidad
2015,GENERAL,2015-10-25,PRESIDENTE Y VICE,21,Santa Fe,Las Colonias,Esperanza,0055,EN BLANCO,blancos,667,NO DECLARADO,xlsx_votos_por_localidad
2015,GENERAL,2015-10-25,PRESIDENTE Y VICE,21,Santa Fe,Las Colonias,Esperanza,0055,IMPUGNADO,impugnados,0,NO DECLARADO,xlsx_votos_por_localidad
2015,GENERAL,2015-10-25,PRESIDENTE Y VICE,21,Santa Fe,Las Colonias,Esperanza,0055,NULO,nulos,307,NO DECLARADO,xlsx_votos_por_localidad
2015,GENERAL,2015-10-25,PRESIDENTE Y VICE,21,Santa Fe,Las Colonias,Esperanza,0055,POSITIVO,positivo,25137,NO DECLARADO,xlsx_votos_por_localidad
2015,GENERAL,2015-10-25,PRESIDENTE Y VICE,21,Santa Fe,Las Colonias,Esperanza,0055,RECURRIDO,recurridos,1,NO DECLARADO,xlsx_votos_por_localidad
2015,GENERAL,2015-10-25,PRESIDENTE Y VICE,21,Santa Fe,Las Colonias,Felicia,0060,ALIANZA CAMBIEMOS,agrupacion,980,NO DECLARADO,xlsx_votos_por_localidad
2015,GENERAL,2015-10-25,PRESIDENTE Y VICE,21,Santa Fe,Las Colonias,Felicia,0060,ALIANZA COMPROMISO FEDERAL,agrupacion,27,NO DECLARADO,xlsx_votos_por_localidad
2015,GENERAL,2015-10-25,PRESIDENTE Y VICE,21,Santa Fe,Las Colonias,Felicia,0060,ALIANZA FRENTE DE IZQUIERDA Y DE LOS TRABAJADORES,agrupacion,12,NO DECLARADO,xlsx_votos_por_localidad
2015,GENERAL,2015-10-25,PRESIDENTE Y VICE,21,Santa Fe,Las Colonias,Felicia,0060,ALIANZA FRENTE PARA LA VICTORIA,agrupacion,230,NO DECLARADO,xlsx_votos_por_localidad
2015,GENERAL,2015-10-25,PRESIDENTE Y VICE,21,Santa Fe,Las Colonias,Felicia,0060,ALIANZA PROGRESISTAS,agrupacion,42,NO DECLARADO,xlsx_votos_por_localidad
2015,GENERAL,2015-10-25,PRESIDENTE Y VICE,21,Santa Fe,Las Colonias,Felicia,0060,ALIANZA UNIDOS POR UNA NUEVA ALTERNATIVA (UNA),agrupacion,249,NO DECLARADO,xlsx_votos_por_localidad
2015,GENERAL,2015-10-25,PRESIDENTE Y VICE,21,Santa Fe,Las Colonias,Felicia,0060,EN BLANCO,blancos,34,NO DECLARADO,xlsx_votos_por_localidad
2015,GENERAL,2015-10-25,PRESIDENTE Y VICE,21,Santa Fe,Las Colonias,Felicia,0060,IMPUGNADO,impugnados,0,NO DECLARADO,xlsx_votos_por_localidad
2015,GENERAL,2015-10-25,PRESIDENTE Y VICE,21,Santa Fe,Las Colonias,Felicia,0060,NULO,nulos,6,NO DECLARADO,xlsx_votos_por_localidad
2015,GENERAL,2015-10-25,PRESIDENTE Y VICE,21,Santa Fe,Las Colonias,Felicia,0060,POSITIVO,positivo,1540,NO DECLARADO,xlsx_votos_por_localidad
2015,GENERAL,2015-10-25,PRESIDENTE Y VICE,21,Santa Fe,Las Colonias,Felicia,0060,RECURRIDO,recurridos,0,NO DECLARADO,xlsx_votos_por_localidad
2015,GENERAL,2015-10-25,PRESIDENTE Y VICE,21,Santa Fe,Las Colonias,Franck,0053,ALIANZA CAMBIEMOS,agrupacion,2144,NO DECLARADO,xlsx_votos_por_localidad
2015,GENERAL,2015-10-25,PRESIDENTE Y VICE,21,Santa Fe,Las Colonias,Franck,0053,ALIANZA COMPROMISO FEDERAL,agrupacion,54,NO DECLARADO,xlsx_votos_por_localidad
2015,GENERAL,2015-10-25,PRESIDENTE Y VICE,21,Santa Fe,Las Colonias,Franck,0053,ALIANZA FRENTE DE IZQUIERDA Y DE LOS TRABAJADORES,agrupacion,54,NO DECLARADO,xlsx_votos_por_localidad
2015,GENERAL,2015-10-25,PRESIDENTE Y VICE,21,Santa Fe,Las Colonias,Franck,0053,ALIANZA FRENTE PARA LA VICTORIA,agrupacion,554,NO DECLARADO,xlsx_votos_por_localidad
2015,GENERAL,2015-10-25,PRESIDENTE Y VICE,21,Santa Fe,Las Colonias,Franck,0053,ALIANZA PROGRESISTAS,agrupacion,93,NO DECLARADO,xlsx_votos_por_localidad
2015,GENERAL,2015-10-25,PRESIDENTE Y VICE,21,Santa Fe,Las Colonias,Franck,0053,ALIANZA UNIDOS POR UNA NUEVA ALTERNATIVA (UNA),agrupacion,856,NO DECLARADO,xlsx_votos_por_localidad
2015,GENERAL,2015-10-25,PRESIDENTE Y VICE,21,Santa Fe,Las Colonias,Franck,0053,EN BLANCO,blancos,133,NO DECLARADO,xlsx_votos_por_localidad
2015,GENERAL,2015-10-25,PRESIDENTE Y VICE,21,Santa Fe,Las Colonias,Franck,0053,IMPUGNADO,impugnados,0,NO DECLARADO,xlsx_votos_por_localidad
2015,GENERAL,2015-10-25,PRESIDENTE Y VICE,21,Santa Fe,Las Colonias,Franck,0053,NULO,nulos,16,NO DECLARADO,xlsx_votos_por_localidad
2015,GENERAL,2015-10-25,PRESIDENTE Y VICE,21,Santa Fe,Las Colonias,Franck,0053,POSITIVO,positivo,3755,NO DECLARADO,xlsx_votos_por_localidad
2015,GENERAL,2015-10-25,PRESIDENTE Y VICE,21,Santa Fe,Las Colonias,Franck,0053,RECURRIDO,recurridos,0,NO DECLARADO,xlsx_votos_por_localidad
2015,GENERAL,2015-10-25,PRESIDENTE Y VICE,21,Santa Fe,Las Colonias,Humboldt,0056,ALIANZA CAMBIEMOS,agrupacion,1732,NO DECLARADO,xlsx_votos_por_localidad
2015,GENERAL,2015-10-25,PRESIDENTE Y VICE,21,Santa Fe,Las Colonias,Humboldt,0056,ALIANZA COMPROMISO FEDERAL,agrupacion,50,NO DECLARADO,xlsx_votos_por_localidad
2015,GENERAL,2015-10-25,PRESIDENTE Y VICE,21,Santa Fe,Las Colonias,Humboldt,0056,ALIANZA FRENTE DE IZQUIERDA Y DE LOS TRABAJADORES,agrupacion,67,NO DECLARADO,xlsx_votos_por_localidad
2015,GENERAL,2015-10-25,PRESIDENTE Y VICE,21,Santa Fe,Las Colonias,Humboldt,0056,ALIANZA FRENTE PARA LA VICTORIA,agrupacion,593,NO DECLARADO,xlsx_votos_por_localidad
2015,GENERAL,2015-10-25,PRESIDENTE Y VICE,21,Santa Fe,Las Colonias,Humboldt,0056,ALIANZA PROGRESISTAS,agrupacion,68,NO DECLARADO,xlsx_votos_por_localidad
2015,GENERAL,2015-10-25,PRESIDENTE Y VICE,21,Santa Fe,Las Colonias,Humboldt,0056,ALIANZA UNIDOS POR UNA NUEVA ALTERNATIVA (UNA),agrupacion,674,NO DECLARADO,xlsx_votos_por_localidad
2015,GENERAL,2015-10-25,PRESIDENTE Y VICE,21,Santa Fe,Las Colonias,Humboldt,0056,EN BLANCO,blancos,85,NO DECLARADO,xlsx_votos_por_localidad
2015,GENERAL,2015-10-25,PRESIDENTE Y VICE,21,Santa Fe,Las Colonias,Humboldt,0056,IMPUGNADO,impugnados,0,NO DECLARADO,xlsx_votos_por_localidad
2015,GENERAL,2015-10-25,PRESIDENTE Y VICE,21,Santa Fe,Las Colonias,Humboldt,0056,NULO,nulos,14,NO DECLARADO,xlsx_votos_por_localidad
2015,GENERAL,2015-10-25,PRESIDENTE Y VICE,21,Santa Fe,Las Colonias,Humboldt,0056,POSITIVO,positivo,3184,NO DECLARADO,xlsx_votos_por_localidad
2015,GENERAL,2015-10-25,PRESIDENTE Y VICE,21,Santa Fe,Las Colonias,Humboldt,0056,RECURRIDO,recurridos,0,NO DECLARADO,xlsx_votos_por_localidad
2015,GENERAL,2015-10-25,PRESIDENTE Y VICE,21,Santa Fe,Las Colonias,Pilar,0057,ALIANZA CAMBIEMOS,agrupacion,1281,NO DECLARADO,xlsx_votos_por_localidad
2015,GENERAL,2015-10-25,PRESIDENTE Y VICE,21,Santa Fe,Las Colonias,Pilar,0057,ALIANZA COMPROMISO FEDERAL,agrupacion,25,NO DECLARADO,xlsx_votos_por_localidad
2015,GENERAL,2015-10-25,PRESIDENTE Y VICE,21,Santa Fe,Las Colonias,Pilar,0057,ALIANZA FRENTE DE IZQUIERDA Y DE LOS TRABAJADORES,agrupacion,26,NO DECLARADO,xlsx_votos_por_localidad
2015,GENERAL,2015-10-25,PRESIDENTE Y VICE,21,Santa Fe,Las Colonias,Pilar,0057,ALIANZA FRENTE PARA LA VICTORIA,agrupacion,938,NO DECLARADO,xlsx_votos_por_localidad
2015,GENERAL,2015-10-25,PRESIDENTE Y VICE,21,Santa Fe,Las Colonias,Pilar,0057,ALIANZA PROGRESISTAS,agrupacion,64,NO DECLARADO,xlsx_votos_por_localidad
2015,GENERAL,2015-10-25,PRESIDENTE Y VICE,21,Santa Fe,Las Colonias,Pilar,0057,ALIANZA UNIDOS POR UNA NUEVA ALTERNATIVA (UNA),agrupacion,761,NO DECLARADO,xlsx_votos_por_localidad
2015,GENERAL,2015-10-25,PRESIDENTE Y VICE,21,Santa Fe,Las Colonias,Pilar,0057,EN BLANCO,blancos,120,NO DECLARADO,xlsx_votos_por_localidad
2015,GENERAL,2015-10-25,PRESIDENTE Y VICE,21,Santa Fe,Las Colonias,Pilar,0057,IMPUGNADO,impugnados,0,NO DECLARADO,xlsx_votos_por_localidad
2015,GENERAL,2015-10-25,PRESIDENTE Y VICE,21,Santa Fe,Las Colonias,Pilar,0057,NULO,nulos,7,NO DECLARADO,xlsx_votos_por_localidad
2015,GENERAL,2015-10-25,PRESIDENTE Y VICE,21,Santa Fe,Las Colonias,Pilar,0057,POSITIVO,positivo,3095,NO DECLARADO,xlsx_votos_por_localidad
2015,GENERAL,2015-10-25,PRESIDENTE Y VICE,21,Santa Fe,Las Colonias,Pilar,0057,RECURRIDO,recurridos,0,NO DECLARADO,xlsx_votos_por_localidad
2015,GENERAL,2015-10-25,PRESIDENTE Y VICE,21,Santa Fe,Las Colonias,Progreso,0063,ALIANZA CAMBIEMOS,agrupacion,988,NO DECLARADO,xlsx_votos_por_localidad
2015,GENERAL,2015-10-25,PRESIDENTE Y VICE,21,Santa Fe,Las Colonias,Progreso,0063,ALIANZA COMPROMISO FEDERAL,agrupacion,23,NO DECLARADO,xlsx_votos_por_localidad
2015,GENERAL,2015-10-25,PRESIDENTE Y VICE,21,Santa Fe,Las Colonias,Progreso,0063,ALIANZA FRENTE DE IZQUIERDA Y DE LOS TRABAJADORES,agrupacion,11,NO DECLARADO,xlsx_votos_por_localidad
2015,GENERAL,2015-10-25,PRESIDENTE Y VICE,21,Santa Fe,Las Colonias,Progreso,0063,ALIANZA FRENTE PARA LA VICTORIA,agrupacion,233,NO DECLARADO,xlsx_votos_por_localidad
2015,GENERAL,2015-10-25,PRESIDENTE Y VICE,21,Santa Fe,Las Colonias,Progreso,0063,ALIANZA PROGRESISTAS,agrupacion,61,NO DECLARADO,xlsx_votos_por_localidad
2015,GENERAL,2015-10-25,PRESIDENTE Y VICE,21,Santa Fe,Las Colonias,Progreso,0063,ALIANZA UNIDOS POR UNA NUEVA ALTERNATIVA (UNA),agrupacion,264,NO DECLARADO,xlsx_votos_por_localidad
2015,GENERAL,2015-10-25,PRESIDENTE Y VICE,21,Santa Fe,Las Colonias,Progreso,0063,EN BLANCO,blancos,56,NO DECLARADO,xlsx_votos_por_localidad
2015,GENERAL,2015-10-25,PRESIDENTE Y VICE,21,Santa Fe,Las Colonias,Progreso,0063,IMPUGNADO,impugnados,0,NO DECLARADO,xlsx_votos_por_localidad
2015,GENERAL,2015-10-25,PRESIDENTE Y VICE,21,Santa Fe,Las Colonias,Progreso,0063,NULO,nulos,6,NO DECLARADO,xlsx_votos_por_localidad
2015,GENERAL,2015-10-25,PRESIDENTE Y VICE,21,Santa Fe,Las Colonias,Progreso,0063,POSITIVO,positivo,1580,NO DECLARADO,xlsx_votos_por_localidad
2015,GENERAL,2015-10-25,PRESIDENTE Y VICE,21,Santa Fe,Las Colonias,Progreso,0063,RECURRIDO,recurridos,0,NO DECLARADO,xlsx_votos_por_localidad
2015,GENERAL,2015-10-25,PRESIDENTE Y VICE,21,Santa Fe,Las Colonias,San Carlos Centro,0044,ALIANZA CAMBIEMOS,agrupacion,3004,NO DECLARADO,xlsx_votos_por_localidad
2015,GENERAL,2015-10-25,PRESIDENTE Y VICE,21,Santa Fe,Las Colonias,San Carlos Centro,0044,ALIANZA COMPROMISO FEDERAL,agrupacion,108,NO DECLARADO,xlsx_votos_por_localidad
2015,GENERAL,2015-10-25,PRESIDENTE Y VICE,21,Santa Fe,Las Colonias,San Carlos Centro,0044,ALIANZA FRENTE DE IZQUIERDA Y DE LOS TRABAJADORES,agrupacion,126,NO DECLARADO,xlsx_votos_por_localidad
2015,GENERAL,2015-10-25,PRESIDENTE Y VICE,21,Santa Fe,Las Colonias,San Carlos Centro,0044,ALIANZA FRENTE PARA LA VICTORIA,agrupacion,1986,NO DECLARADO,xlsx_votos_por_localidad
2015,GENERAL,2015-10-25,PRESIDENTE Y VICE,21,Santa Fe,Las Colonias,San Carlos Centro,0044,ALIANZA PROGRESISTAS,agrupacion,314,NO DECLARADO,xlsx_votos_por_localidad
2015,GENERAL,2015-10-25,PRESIDENTE Y VICE,21,Santa Fe,Las Colonias,San Carlos Centro,0044,ALIANZA UNIDOS POR UNA NUEVA ALTERNATIVA (UNA),agrupacion,2075,NO DECLARADO,xlsx_votos_por_localidad
2015,GENERAL,2015-10-25,PRESIDENTE Y VICE,21,Santa Fe,Las Colonias,San Carlos Centro,0044,EN BLANCO,blancos,192,NO DECLARADO,xlsx_votos_por_localidad
2015,GENERAL,2015-10-25,PRESIDENTE Y VICE,21,Santa Fe,Las Colonias,San Carlos Centro,0044,IMPUGNADO,impugnados,0,NO DECLARADO,xlsx_votos_por_localidad
2015,GENERAL,2015-10-25,PRESIDENTE Y VICE,21,Santa Fe,Las Colonias,San Carlos Centro,0044,NULO,nulos,52,NO DECLARADO,xlsx_votos_por_localidad
2015,GENERAL,2015-10-25,PRESIDENTE Y VICE,21,Santa Fe,Las Colonias,San Carlos Centro,0044,POSITIVO,positivo,7613,NO DECLARADO,xlsx_votos_por_localidad
2015,GENERAL,2015-10-25,PRESIDENTE Y VICE,21,Santa Fe,Las Colonias,San Carlos Centro,0044,RECURRIDO,recurridos,0,NO DECLARADO,xlsx_votos_por_localidad
2015,GENERAL,2015-10-25,PRESIDENTE Y VICE,21,Santa Fe,Las Colonias,San Carlos Sud,0043,ALIANZA CAMBIEMOS,agrupacion,547,NO DECLARADO,xlsx_votos_por_localidad
2015,GENERAL,2015-10-25,PRESIDENTE Y VICE,21,Santa Fe,Las Colonias,San Carlos Sud,0043,ALIANZA COMPROMISO FEDERAL,agrupacion,23,NO DECLARADO,xlsx_votos_por_localidad
2015,GENERAL,2015-10-25,PRESIDENTE Y VICE,21,Santa Fe,Las Colonias,San Carlos Sud,0043,ALIANZA FRENTE DE IZQUIERDA Y DE LOS TRABAJADORES,agrupacion,28,NO DECLARADO,xlsx_votos_por_localidad
2015,GENERAL,2015-10-25,PRESIDENTE Y VICE,21,Santa Fe,Las Colonias,San Carlos Sud,0043,ALIANZA FRENTE PARA LA VICTORIA,agrupacion,418,NO DECLARADO,xlsx_votos_por_localidad
2015,GENERAL,2015-10-25,PRESIDENTE Y VICE,21,Santa Fe,Las Colonias,San Carlos Sud,0043,ALIANZA PROGRESISTAS,agrupacion,47,NO DECLARADO,xlsx_votos_por_localidad
2015,GENERAL,2015-10-25,PRESIDENTE Y VICE,21,Santa Fe,Las Colonias,San Carlos Sud,0043,ALIANZA UNIDOS POR UNA NUEVA ALTERNATIVA (UNA),agrupacion,385,NO DECLARADO,xlsx_votos_por_localidad
2015,GENERAL,2015-10-25,PRESIDENTE Y VICE,21,Santa Fe,Las Colonias,San Carlos Sud,0043,EN BLANCO,blancos,45,NO DECLARADO,xlsx_votos_por_localidad
2015,GENERAL,2015-10-25,PRESIDENTE Y VICE,21,Santa Fe,Las Colonias,San Carlos Sud,0043,IMPUGNADO,impugnados,0,NO DECLARADO,xlsx_votos_por_localidad
2015,GENERAL,2015-10-25,PRESIDENTE Y VICE,21,Santa Fe,Las Colonias,San Carlos Sud,0043,NULO,nulos,7,NO DECLARADO,xlsx_votos_por_localidad
2015,GENERAL,2015-10-25,PRESIDENTE Y VICE,21,Santa Fe,Las Colonias,San Carlos Sud,0043,POSITIVO,positivo,1448,NO DECLARADO,xlsx_votos_por_localidad
2015,GENERAL,2015-10-25,PRESIDENTE Y VICE,21,Santa Fe,Las Colonias,San Carlos Sud,0043,RECURRIDO,recurridos,0,NO DECLARADO,xlsx_votos_por_localidad
2015,GENERAL,2015-10-25,PRESIDENTE Y VICE,21,Santa Fe,Las Colonias,San Jerónimo Norte,0052,ALIANZA CAMBIEMOS,agrupacion,2467,NO DECLARADO,xlsx_votos_por_localidad
2015,GENERAL,2015-10-25,PRESIDENTE Y VICE,21,Santa Fe,Las Colonias,San Jerónimo Norte,0052,ALIANZA COMPROMISO FEDERAL,agrupacion,51,NO DECLARADO,xlsx_votos_por_localidad
2015,GENERAL,2015-10-25,PRESIDENTE Y VICE,21,Santa Fe,Las Colonias,San Jerónimo Norte,0052,ALIANZA FRENTE DE IZQUIERDA Y DE LOS TRABAJADORES,agrupacion,73,NO DECLARADO,xlsx_votos_por_localidad
2015,GENERAL,2015-10-25,PRESIDENTE Y VICE,21,Santa Fe,Las Colonias,San Jerónimo Norte,0052,ALIANZA FRENTE PARA LA VICTORIA,agrupacion,756,NO DECLARADO,xlsx_votos_por_localidad
2015,GENERAL,2015-10-25,PRESIDENTE Y VICE,21,Santa Fe,Las Colonias,San Jerónimo Norte,0052,ALIANZA PROGRESISTAS,agrupacion,158,NO DECLARADO,xlsx_votos_por_localidad
2015,GENERAL,2015-10-25,PRESIDENTE Y VICE,21,Santa Fe,Las Colonias,San Jerónimo Norte,0052,ALIANZA UNIDOS POR UNA NUEVA ALTERNATIVA (UNA),agrupacion,973,NO DECLARADO,xlsx_votos_por_localidad
2015,GENERAL,2015-10-25,PRESIDENTE Y VICE,21,Santa Fe,Las Colonias,San Jerónimo Norte,0052,EN BLANCO,blancos,88,NO DECLARADO,xlsx_votos_por_localidad
2015,GENERAL,2015-10-25,PRESIDENTE Y VICE,21,Santa Fe,Las Colonias,San Jerónimo Norte,0052,IMPUGNADO,impugnados,0,NO DECLARADO,xlsx_votos_por_localidad
2015,GENERAL,2015-10-25,PRESIDENTE Y VICE,21,Santa Fe,Las Colonias,San Jerónimo Norte,0052,NULO,nulos,33,NO DECLARADO,xlsx_votos_por_localidad
2015,GENERAL,2015-10-25,PRESIDENTE Y VICE,21,Santa Fe,Las Colonias,San Jerónimo Norte,0052,POSITIVO,positivo,4478,NO DECLARADO,xlsx_votos_por_localidad
2015,GENERAL,2015-10-25,PRESIDENTE Y VICE,21,Santa Fe,Las Colonias,San Jerónimo Norte,0052,RECURRIDO,recurridos,0,NO DECLARADO,xlsx_votos_por_localidad
2015,GENERAL,2015-10-25,PRESIDENTE Y VICE,21,Santa Fe,Las Colonias,Santa Clara de Buena Vista,0046,ALIANZA CAMBIEMOS,agrupacion,865,NO DECLARADO,xlsx_votos_por_localidad
2015,GENERAL,2015-10-25,PRESIDENTE Y VICE,21,Santa Fe,Las Colonias,Santa Clara de Buena Vista,0046,ALIANZA COMPROMISO FEDERAL,agrupacion,36,NO DECLARADO,xlsx_votos_por_localidad
2015,GENERAL,2015-10-25,PRESIDENTE Y VICE,21,Santa Fe,Las Colonias,Santa Clara de Buena Vista,0046,ALIANZA FRENTE DE IZQUIERDA Y DE LOS TRABAJADORES,agrupacion,13,NO DECLARADO,xlsx_votos_por_localidad
2015,GENERAL,2015-10-25,PRESIDENTE Y VICE,21,Santa Fe,Las Colonias,Santa Clara de Buena Vista,0046,ALIANZA FRENTE PARA LA VICTORIA,agrupacion,425,NO DECLARADO,xlsx_votos_por_localidad
2015,GENERAL,2015-10-25,PRESIDENTE Y VICE,21,Santa Fe,Las Colonias,Santa Clara de Buena Vista,0046,ALIANZA PROGRESISTAS,agrupacion,63,NO DECLARADO,xlsx_votos_por_localidad
2015,GENERAL,2015-10-25,PRESIDENTE Y VICE,21,Santa Fe,Las Colonias,Santa Clara de Buena Vista,0046,ALIANZA UNIDOS POR UNA NUEVA ALTERNATIVA (UNA),agrupacion,495,NO DECLARADO,xlsx_votos_por_localidad
2015,GENERAL,2015-10-25,PRESIDENTE Y VICE,21,Santa Fe,Las Colonias,Santa Clara de Buena Vista,0046,EN BLANCO,blancos,101,NO DECLARADO,xlsx_votos_por_localidad
2015,GENERAL,2015-10-25,PRESIDENTE Y VICE,21,Santa Fe,Las Colonias,Santa Clara de Buena Vista,0046,IMPUGNADO,impugnados,0,NO DECLARADO,xlsx_votos_por_localidad
2015,GENERAL,2015-10-25,PRESIDENTE Y VICE,21,Santa Fe,Las Colonias,Santa Clara de Buena Vista,0046,NULO,nulos,5,NO DECLARADO,xlsx_votos_por_localidad
2015,GENERAL,2015-10-25,PRESIDENTE Y VICE,21,Santa Fe,Las Colonias,Santa Clara de Buena Vista,0046,POSITIVO,positivo,1897,NO DECLARADO,xlsx_votos_por_localidad
2015,GENERAL,2015-10-25,PRESIDENTE Y VICE,21,Santa Fe,Las Colonias,Santa Clara de Buena Vista,0046,RECURRIDO,recurridos,0,NO DECLARADO,xlsx_votos_por_localidad
2015,GENERAL,2015-10-25,PRESIDENTE Y VICE,21,Santa Fe,San Martín,Carlos Pellegrini,0160,ALIANZA CAMBIEMOS,agrupacion,1777,NO DECLARADO,xlsx_votos_por_localidad
2015,GENERAL,2015-10-25,PRESIDENTE Y VICE,21,Santa Fe,San Martín,Carlos Pellegrini,0160,ALIANZA COMPROMISO FEDERAL,agrupacion,56,NO DECLARADO,xlsx_votos_por_localidad
2015,GENERAL,2015-10-25,PRESIDENTE Y VICE,21,Santa Fe,San Martín,Carlos Pellegrini,0160,ALIANZA FRENTE DE IZQUIERDA Y DE LOS TRABAJADORES,agrupacion,52,NO DECLARADO,xlsx_votos_por_localidad
2015,GENERAL,2015-10-25,PRESIDENTE Y VICE,21,Santa Fe,San Martín,Carlos Pellegrini,0160,ALIANZA FRENTE PARA LA VICTORIA,agrupacion,683,NO DECLARADO,xlsx_votos_por_localidad
2015,GENERAL,2015-10-25,PRESIDENTE Y VICE,21,Santa Fe,San Martín,Carlos Pellegrini,0160,ALIANZA PROGRESISTAS,agrupacion,109,NO DECLARADO,xlsx_votos_por_localidad
2015,GENERAL,2015-10-25,PRESIDENTE Y VICE,21,Santa Fe,San Martín,Carlos Pellegrini,0160,ALIANZA UNIDOS POR UNA NUEVA ALTERNATIVA (UNA),agrupacion,794,NO DECLARADO,xlsx_votos_por_localidad
2015,GENERAL,2015-10-25,PRESIDENTE Y VICE,21,Santa Fe,San Martín,Carlos Pellegrini,0160,EN BLANCO,blancos,81,NO DECLARADO,xlsx_votos_por_localidad
2015,GENERAL,2015-10-25,PRESIDENTE Y VICE,21,Santa Fe,San Martín,Carlos Pellegrini,0160,IMPUGNADO,impugnados,0,NO DECLARADO,xlsx_votos_por_localidad
2015,GENERAL,2015-10-25,PRESIDENTE Y VICE,21,Santa Fe,San Martín,Carlos Pellegrini,0160,NULO,nulos,28,NO DECLARADO,xlsx_votos_por_localidad
2015,GENERAL,2015-10-25,PRESIDENTE Y VICE,21,Santa Fe,San Martín,Carlos Pellegrini,0160,POSITIVO,positivo,3471,NO DECLARADO,xlsx_votos_por_localidad
2015,GENERAL,2015-10-25,PRESIDENTE Y VICE,21,Santa Fe,San Martín,Carlos Pellegrini,0160,RECURRIDO,recurridos,0,NO DECLARADO,xlsx_votos_por_localidad
2015,GENERAL,2015-10-25,PRESIDENTE Y VICE,21,Santa Fe,San Martín,Cañada Rosquín,0161,ALIANZA CAMBIEMOS,agrupacion,1433,NO DECLARADO,xlsx_votos_por_localidad
2015,GENERAL,2015-10-25,PRESIDENTE Y VICE,21,Santa Fe,San Martín,Cañada Rosquín,0161,ALIANZA COMPROMISO FEDERAL,agrupacion,45,NO DECLARADO,xlsx_votos_por_localidad
2015,GENERAL,2015-10-25,PRESIDENTE Y VICE,21,Santa Fe,San Martín,Cañada Rosquín,0161,ALIANZA FRENTE DE IZQUIERDA Y DE LOS TRABAJADORES,agrupacion,55,NO DECLARADO,xlsx_votos_por_localidad
2015,GENERAL,2015-10-25,PRESIDENTE Y VICE,21,Santa Fe,San Martín,Cañada Rosquín,0161,ALIANZA FRENTE PARA LA VICTORIA,agrupacion,717,NO DECLARADO,xlsx_votos_por_localidad
2015,GENERAL,2015-10-25,PRESIDENTE Y VICE,21,Santa Fe,San Martín,Cañada Rosquín,0161,ALIANZA PROGRESISTAS,agrupacion,148,NO DECLARADO,xlsx_votos_por_localidad
2015,GENERAL,2015-10-25,PRESIDENTE Y VICE,21,Santa Fe,San Martín,Cañada Rosquín,0161,ALIANZA UNIDOS POR UNA NUEVA ALTERNATIVA (UNA),agrupacion,761,NO DECLARADO,xlsx_votos_por_localidad
2015,GENERAL,2015-10-25,PRESIDENTE Y VICE,21,Santa Fe,San Martín,Cañada Rosquín,0161,EN BLANCO,blancos,74,NO DECLARADO,xlsx_votos_por_localidad
2015,GENERAL,2015-10-25,PRESIDENTE Y VICE,21,Santa Fe,San Martín,Cañada Rosquín,0161,IMPUGNADO,impugnados,0,NO DECLARADO,xlsx_votos_por_localidad
2015,GENERAL,2015-10-25,PRESIDENTE Y VICE,21,Santa Fe,San Martín,Cañada Rosquín,0161,NULO,nulos,18,NO DECLARADO,xlsx_votos_por_localidad
2015,GENERAL,2015-10-25,PRESIDENTE Y VICE,21,Santa Fe,San Martín,Cañada Rosquín,0161,POSITIVO,positivo,3159,NO DECLARADO,xlsx_votos_por_localidad
2015,GENERAL,2015-10-25,PRESIDENTE Y VICE,21,Santa Fe,San Martín,Cañada Rosquín,0161,RECURRIDO,recurridos,0,NO DECLARADO,xlsx_votos_por_localidad
2015,GENERAL,2015-10-25,PRESIDENTE Y VICE,21,Santa Fe,San Martín,El Trébol,0165,ALIANZA CAMBIEMOS,agrupacion,3079,NO DECLARADO,xlsx_votos_por_localidad
2015,GENERAL,2015-10-25,PRESIDENTE Y VICE,21,Santa Fe,San Martín,El Trébol,0165,ALIANZA COMPROMISO FEDERAL,agrupacion,92,NO DECLARADO,xlsx_votos_por_localidad
2015,GENERAL,2015-10-25,PRESIDENTE Y VICE,21,Santa Fe,San Martín,El Trébol,0165,ALIANZA FRENTE DE IZQUIERDA Y DE LOS TRABAJADORES,agrupacion,141,NO DECLARADO,xlsx_votos_por_localidad
2015,GENERAL,2015-10-25,PRESIDENTE Y VICE,21,Santa Fe,San Martín,El Trébol,0165,ALIANZA FRENTE PARA LA VICTORIA,agrupacion,2096,NO DECLARADO,xlsx_votos_por_localidad
2015,GENERAL,2015-10-25,PRESIDENTE Y VICE,21,Santa Fe,San Martín,El Trébol,0165,ALIANZA PROGRESISTAS,agrupacion,262,NO DECLARADO,xlsx_votos_por_localidad
2015,GENERAL,2015-10-25,PRESIDENTE Y VICE,21,Santa Fe,San Martín,El Trébol,0165,ALIANZA UNIDOS POR UNA NUEVA ALTERNATIVA (UNA),agrupacion,1895,NO DECLARADO,xlsx_votos_por_localidad
2015,GENERAL,2015-10-25,PRESIDENTE Y VICE,21,Santa Fe,San Martín,El Trébol,0165,EN BLANCO,blancos,168,NO DECLARADO,xlsx_votos_por_localidad
2015,GENERAL,2015-10-25,PRESIDENTE Y VICE,21,Santa Fe,San Martín,El Trébol,0165,IMPUGNADO,impugnados,0,NO DECLARADO,xlsx_votos_por_localidad
2015,GENERAL,2015-10-25,PRESIDENTE Y VICE,21,Santa Fe,San Martín,El Trébol,0165,NULO,nulos,118,NO DECLARADO,xlsx_votos_por_localidad
2015,GENERAL,2015-10-25,PRESIDENTE Y VICE,21,Santa Fe,San Martín,El Trébol,0165,POSITIVO,positivo,7565,NO DECLARADO,xlsx_votos_por_localidad
2015,GENERAL,2015-10-25,PRESIDENTE Y VICE,21,Santa Fe,San Martín,El Trébol,0165,RECURRIDO,recurridos,1,NO DECLARADO,xlsx_votos_por_localidad
2015,GENERAL,2015-10-25,PRESIDENTE Y VICE,21,Santa Fe,San Martín,María Susana,0166,ALIANZA CAMBIEMOS,agrupacion,1256,NO DECLARADO,xlsx_votos_por_localidad
2015,GENERAL,2015-10-25,PRESIDENTE Y VICE,21,Santa Fe,San Martín,María Susana,0166,ALIANZA COMPROMISO FEDERAL,agrupacion,32,NO DECLARADO,xlsx_votos_por_localidad
2015,GENERAL,2015-10-25,PRESIDENTE Y VICE,21,Santa Fe,San Martín,María Susana,0166,ALIANZA FRENTE DE IZQUIERDA Y DE LOS TRABAJADORES,agrupacion,17,NO DECLARADO,xlsx_votos_por_localidad
2015,GENERAL,2015-10-25,PRESIDENTE Y VICE,21,Santa Fe,San Martín,María Susana,0166,ALIANZA FRENTE PARA LA VICTORIA,agrupacion,356,NO DECLARADO,xlsx_votos_por_localidad
2015,GENERAL,2015-10-25,PRESIDENTE Y VICE,21,Santa Fe,San Martín,María Susana,0166,ALIANZA PROGRESISTAS,agrupacion,60,NO DECLARADO,xlsx_votos_por_localidad
2015,GENERAL,2015-10-25,PRESIDENTE Y VICE,21,Santa Fe,San Martín,María Susana,0166,ALIANZA UNIDOS POR UNA NUEVA ALTERNATIVA (UNA),agrupacion,542,NO DECLARADO,xlsx_votos_por_localidad
2015,GENERAL,2015-10-25,PRESIDENTE Y VICE,21,Santa Fe,San Martín,María Susana,0166,EN BLANCO,blancos,54,NO DECLARADO,xlsx_votos_por_localidad
2015,GENERAL,2015-10-25,PRESIDENTE Y VICE,21,Santa Fe,San Martín,María Susana,0166,IMPUGNADO,impugnados,0,NO DECLARADO,xlsx_votos_por_localidad
2015,GENERAL,2015-10-25,PRESIDENTE Y VICE,21,Santa Fe,San Martín,María Susana,0166,NULO,nulos,37,NO DECLARADO,xlsx_votos_por_localidad
2015,GENERAL,2015-10-25,PRESIDENTE Y VICE,21,Santa Fe,San Martín,María Susana,0166,POSITIVO,positivo,2263,NO DECLARADO,xlsx_votos_por_localidad
2015,GENERAL,2015-10-25,PRESIDENTE Y VICE,21,Santa Fe,San Martín,María Susana,0166,RECURRIDO,recurridos,0,NO DECLARADO,xlsx_votos_por_localidad
2015,GENERAL,2015-10-25,PRESIDENTE Y VICE,21,Santa Fe,San Martín,Piamonte,0164,ALIANZA CAMBIEMOS,agrupacion,1018,NO DECLARADO,xlsx_votos_por_localidad
2015,GENERAL,2015-10-25,PRESIDENTE Y VICE,21,Santa Fe,San Martín,Piamonte,0164,ALIANZA COMPROMISO FEDERAL,agrupacion,43,NO DECLARADO,xlsx_votos_por_localidad
2015,GENERAL,2015-10-25,PRESIDENTE Y VICE,21,Santa Fe,San Martín,Piamonte,0164,ALIANZA FRENTE DE IZQUIERDA Y DE LOS TRABAJADORES,agrupacion,42,NO DECLARADO,xlsx_votos_por_localidad
2015,GENERAL,2015-10-25,PRESIDENTE Y VICE,21,Santa Fe,San Martín,Piamonte,0164,ALIANZA FRENTE PARA LA VICTORIA,agrupacion,384,NO DECLARADO,xlsx_votos_por_localidad
2015,GENERAL,2015-10-25,PRESIDENTE Y VICE,21,Santa Fe,San Martín,Piamonte,0164,ALIANZA PROGRESISTAS,agrupacion,70,NO DECLARADO,xlsx_votos_por_localidad
2015,GENERAL,2015-10-25,PRESIDENTE Y VICE,21,Santa Fe,San Martín,Piamonte,0164,ALIANZA UNIDOS POR UNA NUEVA ALTERNATIVA (UNA),agrupacion,554,NO DECLARADO,xlsx_votos_por_localidad
2015,GENERAL,2015-10-25,PRESIDENTE Y VICE,21,Santa Fe,San Martín,Piamonte,0164,EN BLANCO,blancos,63,NO DECLARADO,xlsx_votos_por_localidad
2015,GENERAL,2015-10-25,PRESIDENTE Y VICE,21,Santa Fe,San Martín,Piamonte,0164,IMPUGNADO,impugnados,0,NO DECLARADO,xlsx_votos_por_localidad
2015,GENERAL,2015-10-25,PRESIDENTE Y VICE,21,Santa Fe,San Martín,Piamonte,0164,NULO,nulos,16,NO DECLARADO,xlsx_votos_por_localidad
2015,GENERAL,2015-10-25,PRESIDENTE Y VICE,21,Santa Fe,San Martín,Piamonte,0164,POSITIVO,positivo,2111,NO DECLARADO,xlsx_votos_por_localidad
2015,GENERAL,2015-10-25,PRESIDENTE Y VICE,21,Santa Fe,San Martín,Piamonte,0164,RECURRIDO,recurridos,0,NO DECLARADO,xlsx_votos_por_localidad
2015,GENERAL,2015-10-25,PRESIDENTE Y VICE,21,Santa Fe,San Martín,San Jorge,0158,ALIANZA CAMBIEMOS,agrupacion,4734,NO DECLARADO,xlsx_votos_por_localidad
2015,GENERAL,2015-10-25,PRESIDENTE Y VICE,21,Santa Fe,San Martín,San Jorge,0158,ALIANZA COMPROMISO FEDERAL,agrupacion,183,NO DECLARADO,xlsx_votos_por_localidad
2015,GENERAL,2015-10-25,PRESIDENTE Y VICE,21,Santa Fe,San Martín,San Jorge,0158,ALIANZA FRENTE DE IZQUIERDA Y DE LOS TRABAJADORES,agrupacion,250,NO DECLARADO,xlsx_votos_por_localidad
2015,GENERAL,2015-10-25,PRESIDENTE Y VICE,21,Santa Fe,San Martín,San Jorge,0158,ALIANZA FRENTE PARA LA VICTORIA,agrupacion,2996,NO DECLARADO,xlsx_votos_por_localidad
2015,GENERAL,2015-10-25,PRESIDENTE Y VICE,21,Santa Fe,San Martín,San Jorge,0158,ALIANZA PROGRESISTAS,agrupacion,448,NO DECLARADO,xlsx_votos_por_localidad
2015,GENERAL,2015-10-25,PRESIDENTE Y VICE,21,Santa Fe,San Martín,San Jorge,0158,ALIANZA UNIDOS POR UNA NUEVA ALTERNATIVA (UNA),agrupacion,3149,NO DECLARADO,xlsx_votos_por_localidad
2015,GENERAL,2015-10-25,PRESIDENTE Y VICE,21,Santa Fe,San Martín,San Jorge,0158,EN BLANCO,blancos,274,NO DECLARADO,xlsx_votos_por_localidad
2015,GENERAL,2015-10-25,PRESIDENTE Y VICE,21,Santa Fe,San Martín,San Jorge,0158,IMPUGNADO,impugnados,0,NO DECLARADO,xlsx_votos_por_localidad
2015,GENERAL,2015-10-25,PRESIDENTE Y VICE,21,Santa Fe,San Martín,San Jorge,0158,NULO,nulos,148,NO DECLARADO,xlsx_votos_por_localidad
2015,GENERAL,2015-10-25,PRESIDENTE Y VICE,21,Santa Fe,San Martín,San Jorge,0158,POSITIVO,positivo,11760,NO DECLARADO,xlsx_votos_por_localidad
2015,GENERAL,2015-10-25,PRESIDENTE Y VICE,21,Santa Fe,San Martín,San Jorge,0158,RECURRIDO,recurridos,1,NO DECLARADO,xlsx_votos_por_localidad
2015,GENERAL,2015-10-25,PRESIDENTE Y VICE,21,Santa Fe,San Martín,San Martín de las Escobas,0156,ALIANZA CAMBIEMOS,agrupacion,1000,NO DECLARADO,xlsx_votos_por_localidad
2015,GENERAL,2015-10-25,PRESIDENTE Y VICE,21,Santa Fe,San Martín,San Martín de las Escobas,0156,ALIANZA COMPROMISO FEDERAL,agrupacion,27,NO DECLARADO,xlsx_votos_por_localidad
2015,GENERAL,2015-10-25,PRESIDENTE Y VICE,21,Santa Fe,San Martín,San Martín de las Escobas,0156,ALIANZA FRENTE DE IZQUIERDA Y DE LOS TRABAJADORES,agrupacion,22,NO DECLARADO,xlsx_votos_por_localidad
2015,GENERAL,2015-10-25,PRESIDENTE Y VICE,21,Santa Fe,San Martín,San Martín de las Escobas,0156,ALIANZA FRENTE PARA LA VICTORIA,agrupacion,316,NO DECLARADO,xlsx_votos_por_localidad
2015,GENERAL,2015-10-25,PRESIDENTE Y VICE,21,Santa Fe,San Martín,San Martín de las Escobas,0156,ALIANZA PROGRESISTAS,agrupacion,53,NO DECLARADO,xlsx_votos_por_localidad
2015,GENERAL,2015-10-25,PRESIDENTE Y VICE,21,Santa Fe,San Martín,San Martín de las Escobas,0156,ALIANZA UNIDOS POR UNA NUEVA ALTERNATIVA (UNA),agrupacion,410,NO DECLARADO,xlsx_votos_por_localidad
2015,GENERAL,2015-10-25,PRESIDENTE Y VICE,21,Santa Fe,San Martín,San Martín de las Escobas,0156,EN BLANCO,blancos,47,NO DECLARADO,xlsx_votos_por_localidad
2015,GENERAL,2015-10-25,PRESIDENTE Y VICE,21,Santa Fe,San Martín,San Martín de las Escobas,0156,IMPUGNADO,impugnados,0,NO DECLARADO,xlsx_votos_por_localidad
2015,GENERAL,2015-10-25,PRESIDENTE Y VICE,21,Santa Fe,San Martín,San Martín de las Escobas,0156,NULO,nulos,6,NO DECLARADO,xlsx_votos_por_localidad
2015,GENERAL,2015-10-25,PRESIDENTE Y VICE,21,Santa Fe,San Martín,San Martín de las Escobas,0156,POSITIVO,positivo,1828,NO DECLARADO,xlsx_votos_por_localidad
2015,GENERAL,2015-10-25,PRESIDENTE Y VICE,21,Santa Fe,San Martín,San Martín de las Escobas,0156,RECURRIDO,recurridos,0,NO DECLARADO,xlsx_votos_por_localidad
2015,GENERAL,2015-10-25,PRESIDENTE Y VICE,21,Santa Fe,San Martín,Sastre y Ortiz,0155,ALIANZA CAMBIEMOS,agrupacion,1324,NO DECLARADO,xlsx_votos_por_localidad
2015,GENERAL,2015-10-25,PRESIDENTE Y VICE,21,Santa Fe,San Martín,Sastre y Ortiz,0155,ALIANZA COMPROMISO FEDERAL,agrupacion,54,NO DECLARADO,xlsx_votos_por_localidad
2015,GENERAL,2015-10-25,PRESIDENTE Y VICE,21,Santa Fe,San Martín,Sastre y Ortiz,0155,ALIANZA FRENTE DE IZQUIERDA Y DE LOS TRABAJADORES,agrupacion,99,NO DECLARADO,xlsx_votos_por_localidad
2015,GENERAL,2015-10-25,PRESIDENTE Y VICE,21,Santa Fe,San Martín,Sastre y Ortiz,0155,ALIANZA FRENTE PARA LA VICTORIA,agrupacion,1174,NO DECLARADO,xlsx_votos_por_localidad
2015,GENERAL,2015-10-25,PRESIDENTE Y VICE,21,Santa Fe,San Martín,Sastre y Ortiz,0155,ALIANZA PROGRESISTAS,agrupacion,147,NO DECLARADO,xlsx_votos_por_localidad
2015,GENERAL,2015-10-25,PRESIDENTE Y VICE,21,Santa Fe,San Martín,Sastre y Ortiz,0155,ALIANZA UNIDOS POR UNA NUEVA ALTERNATIVA (UNA),agrupacion,943,NO DECLARADO,xlsx_votos_por_localidad
2015,GENERAL,2015-10-25,PRESIDENTE Y VICE,21,Santa Fe,San Martín,Sastre y Ortiz,0155,EN BLANCO,blancos,74,NO DECLARADO,xlsx_votos_por_localidad
2015,GENERAL,2015-10-25,PRESIDENTE Y VICE,21,Santa Fe,San Martín,Sastre y Ortiz,0155,IMPUGNADO,impugnados,0,NO DECLARADO,xlsx_votos_por_localidad
2015,GENERAL,2015-10-25,PRESIDENTE Y VICE,21,Santa Fe,San Martín,Sastre y Ortiz,0155,NULO,nulos,39,NO DECLARADO,xlsx_votos_por_localidad
2015,GENERAL,2015-10-25,PRESIDENTE Y VICE,21,Santa Fe,San Martín,Sastre y Ortiz,0155,POSITIVO,positivo,3741,NO DECLARADO,xlsx_votos_por_localidad
2015,GENERAL,2015-10-25,PRESIDENTE Y VICE,21,Santa Fe,San Martín,Sastre y Ortiz,0155,RECURRIDO,recurridos,0,NO DECLARADO,xlsx_votos_por_localidad
2015,PASO,2015-08-09,PRESIDENTE Y VICE,21,Santa Fe,Castellanos,Ataliva,0121,ALIANZA CAMBIEMOS,agrupacion,417,NO DECLARADO,xlsx_votos_por_localidad
2015,PASO,2015-08-09,PRESIDENTE Y VICE,21,Santa Fe,Castellanos,Ataliva,0121,ALIANZA COMPROMISO FEDERAL,agrupacion,27,NO DECLARADO,xlsx_votos_por_localidad
2015,PASO,2015-08-09,PRESIDENTE Y VICE,21,Santa Fe,Castellanos,Ataliva,0121,ALIANZA FRENTE DE IZQUIERDA Y DE LOS TRABAJADORES,agrupacion,12,NO DECLARADO,xlsx_votos_por_localidad
2015,PASO,2015-08-09,PRESIDENTE Y VICE,21,Santa Fe,Castellanos,Ataliva,0121,ALIANZA FRENTE PARA LA VICTORIA,agrupacion,292,NO DECLARADO,xlsx_votos_por_localidad
2015,PASO,2015-08-09,PRESIDENTE Y VICE,21,Santa Fe,Castellanos,Ataliva,0121,ALIANZA FRENTE POPULAR,agrupacion,1,NO DECLARADO,xlsx_votos_por_localidad
2015,PASO,2015-08-09,PRESIDENTE Y VICE,21,Santa Fe,Castellanos,Ataliva,0121,ALIANZA PROGRESISTAS,agrupacion,47,NO DECLARADO,xlsx_votos_por_localidad
2015,PASO,2015-08-09,PRESIDENTE Y VICE,21,Santa Fe,Castellanos,Ataliva,0121,ALIANZA UNIDOS POR UNA NUEVA ALTERNATIVA (UNA),agrupacion,285,NO DECLARADO,xlsx_votos_por_localidad
2015,PASO,2015-08-09,PRESIDENTE Y VICE,21,Santa Fe,Castellanos,Ataliva,0121,EN BLANCO,blancos,45,NO DECLARADO,xlsx_votos_por_localidad
2015,PASO,2015-08-09,PRESIDENTE Y VICE,21,Santa Fe,Castellanos,Ataliva,0121,IMPUGNADO,impugnados,0,NO DECLARADO,xlsx_votos_por_localidad
2015,PASO,2015-08-09,PRESIDENTE Y VICE,21,Santa Fe,Castellanos,Ataliva,0121,MOVIMIENTO AL SOCIALISMO,agrupacion,9,NO DECLARADO,xlsx_votos_por_localidad
2015,PASO,2015-08-09,PRESIDENTE Y VICE,21,Santa Fe,Castellanos,Ataliva,0121,MOVIMIENTO DE ACCION VECINAL,agrupacion,3,NO DECLARADO,xlsx_votos_por_localidad
2015,PASO,2015-08-09,PRESIDENTE Y VICE,21,Santa Fe,Castellanos,Ataliva,0121,MST - NUEVA IZQUIERDA,agrupacion,3,NO DECLARADO,xlsx_votos_por_localidad
2015,PASO,2015-08-09,PRESIDENTE Y VICE,21,Santa Fe,Castellanos,Ataliva,0121,NULO,nulos,12,NO DECLARADO,xlsx_votos_por_localidad
2015,PASO,2015-08-09,PRESIDENTE Y VICE,21,Santa Fe,Castellanos,Ataliva,0121,PARTIDO POPULAR,agrupacion,8,NO DECLARADO,xlsx_votos_por_localidad
2015,PASO,2015-08-09,PRESIDENTE Y VICE,21,Santa Fe,Castellanos,Ataliva,0121,POSITIVO,positivo,1104,NO DECLARADO,xlsx_votos_por_localidad
2015,PASO,2015-08-09,PRESIDENTE Y VICE,21,Santa Fe,Castellanos,Ataliva,0121,RECURRIDO,recurridos,0,NO DECLARADO,xlsx_votos_por_localidad
2015,PASO,2015-08-09,PRESIDENTE Y VICE,21,Santa Fe,Castellanos,Colonia Aldao,0120,ALIANZA CAMBIEMOS,agrupacion,388,NO DECLARADO,xlsx_votos_por_localidad
2015,PASO,2015-08-09,PRESIDENTE Y VICE,21,Santa Fe,Castellanos,Colonia Aldao,0120,ALIANZA COMPROMISO FEDERAL,agrupacion,27,NO DECLARADO,xlsx_votos_por_localidad
2015,PASO,2015-08-09,PRESIDENTE Y VICE,21,Santa Fe,Castellanos,Colonia Aldao,0120,ALIANZA FRENTE DE IZQUIERDA Y DE LOS TRABAJADORES,agrupacion,8,NO DECLARADO,xlsx_votos_por_localidad
2015,PASO,2015-08-09,PRESIDENTE Y VICE,21,Santa Fe,Castellanos,Colonia Aldao,0120,ALIANZA FRENTE PARA LA VICTORIA,agrupacion,303,NO DECLARADO,xlsx_votos_por_localidad
2015,PASO,2015-08-09,PRESIDENTE Y VICE,21,Santa Fe,Castellanos,Colonia Aldao,0120,ALIANZA FRENTE POPULAR,agrupacion,1,NO DECLARADO,xlsx_votos_por_localidad
2015,PASO,2015-08-09,PRESIDENTE Y VICE,21,Santa Fe,Castellanos,Colonia Aldao,0120,ALIANZA PROGRESISTAS,agrupacion,40,NO DECLARADO,xlsx_votos_por_localidad
2015,PASO,2015-08-09,PRESIDENTE Y VICE,21,Santa Fe,Castellanos,Colonia Aldao,0120,ALIANZA UNIDOS POR UNA NUEVA ALTERNATIVA (UNA),agrupacion,167,NO DECLARADO,xlsx_votos_por_localidad
2015,PASO,2015-08-09,PRESIDENTE Y VICE,21,Santa Fe,Castellanos,Colonia Aldao,0120,EN BLANCO,blancos,33,NO DECLARADO,xlsx_votos_por_localidad
2015,PASO,2015-08-09,PRESIDENTE Y VICE,21,Santa Fe,Castellanos,Colonia Aldao,0120,IMPUGNADO,impugnados,0,NO DECLARADO,xlsx_votos_por_localidad
2015,PASO,2015-08-09,PRESIDENTE Y VICE,21,Santa Fe,Castellanos,Colonia Aldao,0120,MOVIMIENTO AL SOCIALISMO,agrupacion,2,NO DECLARADO,xlsx_votos_por_localidad
2015,PASO,2015-08-09,PRESIDENTE Y VICE,21,Santa Fe,Castellanos,Colonia Aldao,0120,MOVIMIENTO DE ACCION VECINAL,agrupacion,0,NO DECLARADO,xlsx_votos_por_localidad
2015,PASO,2015-08-09,PRESIDENTE Y VICE,21,Santa Fe,Castellanos,Colonia Aldao,0120,MST - NUEVA IZQUIERDA,agrupacion,0,NO DECLARADO,xlsx_votos_por_localidad
2015,PASO,2015-08-09,PRESIDENTE Y VICE,21,Santa Fe,Castellanos,Colonia Aldao,0120,NULO,nulos,10,NO DECLARADO,xlsx_votos_por_localidad
2015,PASO,2015-08-09,PRESIDENTE Y VICE,21,Santa Fe,Castellanos,Colonia Aldao,0120,PARTIDO POPULAR,agrupacion,2,NO DECLARADO,xlsx_votos_por_localidad
2015,PASO,2015-08-09,PRESIDENTE Y VICE,21,Santa Fe,Castellanos,Colonia Aldao,0120,POSITIVO,positivo,938,NO DECLARADO,xlsx_votos_por_localidad
2015,PASO,2015-08-09,PRESIDENTE Y VICE,21,Santa Fe,Castellanos,Colonia Aldao,0120,RECURRIDO,recurridos,0,NO DECLARADO,xlsx_votos_por_localidad
2015,PASO,2015-08-09,PRESIDENTE Y VICE,21,Santa Fe,Castellanos,Frontera,0134A,ALIANZA CAMBIEMOS,agrupacion,620,NO DECLARADO,xlsx_votos_por_localidad
2015,PASO,2015-08-09,PRESIDENTE Y VICE,21,Santa Fe,Castellanos,Frontera,0134A,ALIANZA COMPROMISO FEDERAL,agrupacion,98,NO DECLARADO,xlsx_votos_por_localidad
2015,PASO,2015-08-09,PRESIDENTE Y VICE,21,Santa Fe,Castellanos,Frontera,0134A,ALIANZA FRENTE DE IZQUIERDA Y DE LOS TRABAJADORES,agrupacion,32,NO DECLARADO,xlsx_votos_por_localidad
2015,PASO,2015-08-09,PRESIDENTE Y VICE,21,Santa Fe,Castellanos,Frontera,0134A,ALIANZA FRENTE PARA LA VICTORIA,agrupacion,614,NO DECLARADO,xlsx_votos_por_localidad
2015,PASO,2015-08-09,PRESIDENTE Y VICE,21,Santa Fe,Castellanos,Frontera,0134A,ALIANZA FRENTE POPULAR,agrupacion,2,NO DECLARADO,xlsx_votos_por_localidad
2015,PASO,2015-08-09,PRESIDENTE Y VICE,21,Santa Fe,Castellanos,Frontera,0134A,ALIANZA PROGRESISTAS,agrupacion,47,NO DECLARADO,xlsx_votos_por_localidad
2015,PASO,2015-08-09,PRESIDENTE Y VICE,21,Santa Fe,Castellanos,Frontera,0134A,ALIANZA UNIDOS POR UNA NUEVA ALTERNATIVA (UNA),agrupacion,815,NO DECLARADO,xlsx_votos_por_localidad
2015,PASO,2015-08-09,PRESIDENTE Y VICE,21,Santa Fe,Castellanos,Frontera,0134A,EN BLANCO,blancos,84,NO DECLARADO,xlsx_votos_por_localidad
2015,PASO,2015-08-09,PRESIDENTE Y VICE,21,Santa Fe,Castellanos,Frontera,0134A,IMPUGNADO,impugnados,0,NO DECLARADO,xlsx_votos_por_localidad
2015,PASO,2015-08-09,PRESIDENTE Y VICE,21,Santa Fe,Castellanos,Frontera,0134A,MOVIMIENTO AL SOCIALISMO,agrupacion,6,NO DECLARADO,xlsx_votos_por_localidad
2015,PASO,2015-08-09,PRESIDENTE Y VICE,21,Santa Fe,Castellanos,Frontera,0134A,MOVIMIENTO DE ACCION VECINAL,agrupacion,6,NO DECLARADO,xlsx_votos_por_localidad
2015,PASO,2015-08-09,PRESIDENTE Y VICE,21,Santa Fe,Castellanos,Frontera,0134A,MST - NUEVA IZQUIERDA,agrupacion,9,NO DECLARADO,xlsx_votos_por_localidad
2015,PASO,2015-08-09,PRESIDENTE Y VICE,21,Santa Fe,Castellanos,Frontera,0134A,NULO,nulos,49,NO DECLARADO,xlsx_votos_por_localidad
2015,PASO,2015-08-09,PRESIDENTE Y VICE,21,Santa Fe,Castellanos,Frontera,0134A,PARTIDO POPULAR,agrupacion,11,NO DECLARADO,xlsx_votos_por_localidad
2015,PASO,2015-08-09,PRESIDENTE Y VICE,21,Santa Fe,Castellanos,Frontera,0134A,POSITIVO,positivo,2260,NO DECLARADO,xlsx_votos_por_localidad
2015,PASO,2015-08-09,PRESIDENTE Y VICE,21,Santa Fe,Castellanos,Frontera,0134A,RECURRIDO,recurridos,0,NO DECLARADO,xlsx_votos_por_localidad
2015,PASO,2015-08-09,PRESIDENTE Y VICE,21,Santa Fe,Castellanos,Humberto Primo,0117,ALIANZA CAMBIEMOS,agrupacion,1199,NO DECLARADO,xlsx_votos_por_localidad
2015,PASO,2015-08-09,PRESIDENTE Y VICE,21,Santa Fe,Castellanos,Humberto Primo,0117,ALIANZA COMPROMISO FEDERAL,agrupacion,58,NO DECLARADO,xlsx_votos_por_localidad
2015,PASO,2015-08-09,PRESIDENTE Y VICE,21,Santa Fe,Castellanos,Humberto Primo,0117,ALIANZA FRENTE DE IZQUIERDA Y DE LOS TRABAJADORES,agrupacion,33,NO DECLARADO,xlsx_votos_por_localidad
2015,PASO,2015-08-09,PRESIDENTE Y VICE,21,Santa Fe,Castellanos,Humberto Primo,0117,ALIANZA FRENTE PARA LA VICTORIA,agrupacion,610,NO DECLARADO,xlsx_votos_por_localidad
2015,PASO,2015-08-09,PRESIDENTE Y VICE,21,Santa Fe,Castellanos,Humberto Primo,0117,ALIANZA FRENTE POPULAR,agrupacion,9,NO DECLARADO,xlsx_votos_por_localidad
2015,PASO,2015-08-09,PRESIDENTE Y VICE,21,Santa Fe,Castellanos,Humberto Primo,0117,ALIANZA PROGRESISTAS,agrupacion,162,NO DECLARADO,xlsx_votos_por_localidad
2015,PASO,2015-08-09,PRESIDENTE Y VICE,21,Santa Fe,Castellanos,Humberto Primo,0117,ALIANZA UNIDOS POR UNA NUEVA ALTERNATIVA (UNA),agrupacion,643,NO DECLARADO,xlsx_votos_por_localidad
2015,PASO,2015-08-09,PRESIDENTE Y VICE,21,Santa Fe,Castellanos,Humberto Primo,0117,EN BLANCO,blancos,191,NO DECLARADO,xlsx_votos_por_localidad
2015,PASO,2015-08-09,PRESIDENTE Y VICE,21,Santa Fe,Castellanos,Humberto Primo,0117,IMPUGNADO,impugnados,0,NO DECLARADO,xlsx_votos_por_localidad
2015,PASO,2015-08-09,PRESIDENTE Y VICE,21,Santa Fe,Castellanos,Humberto Primo,0117,MOVIMIENTO AL SOCIALISMO,agrupacion,15,NO DECLARADO,xlsx_votos_por_localidad
2015,PASO,2015-08-09,PRESIDENTE Y VICE,21,Santa Fe,Castellanos,Humberto Primo,0117,MOVIMIENTO DE ACCION VECINAL,agrupacion,6,NO DECLARADO,xlsx_votos_por_localidad
2015,PASO,2015-08-09,PRESIDENTE Y VICE,21,Santa Fe,Castellanos,Humberto Primo,0117,MST - NUEVA IZQUIERDA,agrupacion,7,NO DECLARADO,xlsx_votos_por_localidad
2015,PASO,2015-08-09,PRESIDENTE Y VICE,21,Santa Fe,Castellanos,Humberto Primo,0117,NULO,nulos,47,NO DECLARADO,xlsx_votos_por_localidad
2015,PASO,2015-08-09,PRESIDENTE Y VICE,21,Santa Fe,Castellanos,Humberto Primo,0117,PARTIDO POPULAR,agrupacion,10,NO DECLARADO,xlsx_votos_por_localidad
2015,PASO,2015-08-09,PRESIDENTE Y VICE,21,Santa Fe,Castellanos,Humberto Primo,0117,POSITIVO,positivo,2752,NO DECLARADO,xlsx_votos_por_localidad
2015,PASO,2015-08-09,PRESIDENTE Y VICE,21,Santa Fe,Castellanos,Humberto Primo,0117,RECURRIDO,recurridos,0,NO DECLARADO,xlsx_votos_por_localidad
2015,PASO,2015-08-09,PRESIDENTE Y VICE,21,Santa Fe,Castellanos,Josefina,0134,ALIANZA CAMBIEMOS,agrupacion,255,NO DECLARADO,xlsx_votos_por_localidad
2015,PASO,2015-08-09,PRESIDENTE Y VICE,21,Santa Fe,Castellanos,Josefina,0134,ALIANZA COMPROMISO FEDERAL,agrupacion,9,NO DECLARADO,xlsx_votos_por_localidad
2015,PASO,2015-08-09,PRESIDENTE Y VICE,21,Santa Fe,Castellanos,Josefina,0134,ALIANZA FRENTE DE IZQUIERDA Y DE LOS TRABAJADORES,agrupacion,7,NO DECLARADO,xlsx_votos_por_localidad
2015,PASO,2015-08-09,PRESIDENTE Y VICE,21,Santa Fe,Castellanos,Josefina,0134,ALIANZA FRENTE PARA LA VICTORIA,agrupacion,93,NO DECLARADO,xlsx_votos_por_localidad
2015,PASO,2015-08-09,PRESIDENTE Y VICE,21,Santa Fe,Castellanos,Josefina,0134,ALIANZA FRENTE POPULAR,agrupacion,2,NO DECLARADO,xlsx_votos_por_localidad
2015,PASO,2015-08-09,PRESIDENTE Y VICE,21,Santa Fe,Castellanos,Josefina,0134,ALIANZA PROGRESISTAS,agrupacion,12,NO DECLARADO,xlsx_votos_por_localidad
2015,PASO,2015-08-09,PRESIDENTE Y VICE,21,Santa Fe,Castellanos,Josefina,0134,ALIANZA UNIDOS POR UNA NUEVA ALTERNATIVA (UNA),agrupacion,135,NO DECLARADO,xlsx_votos_por_localidad
2015,PASO,2015-08-09,PRESIDENTE Y VICE,21,Santa Fe,Castellanos,Josefina,0134,EN BLANCO,blancos,31,NO DECLARADO,xlsx_votos_por_localidad
2015,PASO,2015-08-09,PRESIDENTE Y VICE,21,Santa Fe,Castellanos,Josefina,0134,IMPUGNADO,impugnados,0,NO DECLARADO,xlsx_votos_por_localidad
2015,PASO,2015-08-09,PRESIDENTE Y VICE,21,Santa Fe,Castellanos,Josefina,0134,MOVIMIENTO AL SOCIALISMO,agrupacion,2,NO DECLARADO,xlsx_votos_por_localidad
2015,PASO,2015-08-09,PRESIDENTE Y VICE,21,Santa Fe,Castellanos,Josefina,0134,MOVIMIENTO DE ACCION VECINAL,agrupacion,1,NO DECLARADO,xlsx_votos_por_localidad
2015,PASO,2015-08-09,PRESIDENTE Y VICE,21,Santa Fe,Castellanos,Josefina,0134,MST - NUEVA IZQUIERDA,agrupacion,0,NO DECLARADO,xlsx_votos_por_localidad
2015,PASO,2015-08-09,PRESIDENTE Y VICE,21,Santa Fe,Castellanos,Josefina,0134,NULO,nulos,9,NO DECLARADO,xlsx_votos_por_localidad
2015,PASO,2015-08-09,PRESIDENTE Y VICE,21,Santa Fe,Castellanos,Josefina,0134,PARTIDO POPULAR,agrupacion,2,NO DECLARADO,xlsx_votos_por_localidad
2015,PASO,2015-08-09,PRESIDENTE Y VICE,21,Santa Fe,Castellanos,Josefina,0134,POSITIVO,positivo,518,NO DECLARADO,xlsx_votos_por_localidad
2015,PASO,2015-08-09,PRESIDENTE Y VICE,21,Santa Fe,Castellanos,Josefina,0134,RECURRIDO,recurridos,0,NO DECLARADO,xlsx_votos_por_localidad
2015,PASO,2015-08-09,PRESIDENTE Y VICE,21,Santa Fe,Castellanos,Lehmann,0123,ALIANZA CAMBIEMOS,agrupacion,639,NO DECLARADO,xlsx_votos_por_localidad
2015,PASO,2015-08-09,PRESIDENTE Y VICE,21,Santa Fe,Castellanos,Lehmann,0123,ALIANZA COMPROMISO FEDERAL,agrupacion,32,NO DECLARADO,xlsx_votos_por_localidad
2015,PASO,2015-08-09,PRESIDENTE Y VICE,21,Santa Fe,Castellanos,Lehmann,0123,ALIANZA FRENTE DE IZQUIERDA Y DE LOS TRABAJADORES,agrupacion,17,NO DECLARADO,xlsx_votos_por_localidad
2015,PASO,2015-08-09,PRESIDENTE Y VICE,21,Santa Fe,Castellanos,Lehmann,0123,ALIANZA FRENTE PARA LA VICTORIA,agrupacion,432,NO DECLARADO,xlsx_votos_por_localidad
2015,PASO,2015-08-09,PRESIDENTE Y VICE,21,Santa Fe,Castellanos,Lehmann,0123,ALIANZA FRENTE POPULAR,agrupacion,5,NO DECLARADO,xlsx_votos_por_localidad
2015,PASO,2015-08-09,PRESIDENTE Y VICE,21,Santa Fe,Castellanos,Lehmann,0123,ALIANZA PROGRESISTAS,agrupacion,36,NO DECLARADO,xlsx_votos_por_localidad
2015,PASO,2015-08-09,PRESIDENTE Y VICE,21,Santa Fe,Castellanos,Lehmann,0123,ALIANZA UNIDOS POR UNA NUEVA ALTERNATIVA (UNA),agrupacion,377,NO DECLARADO,xlsx_votos_por_localidad
2015,PASO,2015-08-09,PRESIDENTE Y VICE,21,Santa Fe,Castellanos,Lehmann,0123,EN BLANCO,blancos,112,NO DECLARADO,xlsx_votos_por_localidad
2015,PASO,2015-08-09,PRESIDENTE Y VICE,21,Santa Fe,Castellanos,Lehmann,0123,IMPUGNADO,impugnados,0,NO DECLARADO,xlsx_votos_por_localidad
2015,PASO,2015-08-09,PRESIDENTE Y VICE,21,Santa Fe,Castellanos,Lehmann,0123,MOVIMIENTO AL SOCIALISMO,agrupacion,7,NO DECLARADO,xlsx_votos_por_localidad
2015,PASO,2015-08-09,PRESIDENTE Y VICE,21,Santa Fe,Castellanos,Lehmann,0123,MOVIMIENTO DE ACCION VECINAL,agrupacion,4,NO DECLARADO,xlsx_votos_por_localidad
2015,PASO,2015-08-09,PRESIDENTE Y VICE,21,Santa Fe,Castellanos,Lehmann,0123,MST - NUEVA IZQUIERDA,agrupacion,3,NO DECLARADO,xlsx_votos_por_localidad
2015,PASO,2015-08-09,PRESIDENTE Y VICE,21,Santa Fe,Castellanos,Lehmann,0123,NULO,nulos,34,NO DECLARADO,xlsx_votos_por_localidad
2015,PASO,2015-08-09,PRESIDENTE Y VICE,21,Santa Fe,Castellanos,Lehmann,0123,PARTIDO POPULAR,agrupacion,6,NO DECLARADO,xlsx_votos_por_localidad
2015,PASO,2015-08-09,PRESIDENTE Y VICE,21,Santa Fe,Castellanos,Lehmann,0123,POSITIVO,positivo,1558,NO DECLARADO,xlsx_votos_por_localidad
2015,PASO,2015-08-09,PRESIDENTE Y VICE,21,Santa Fe,Castellanos,Lehmann,0123,RECURRIDO,recurridos,0,NO DECLARADO,xlsx_votos_por_localidad
2015,PASO,2015-08-09,PRESIDENTE Y VICE,21,Santa Fe,Castellanos,María Juana,0140,ALIANZA CAMBIEMOS,agrupacion,832,NO DECLARADO,xlsx_votos_por_localidad
2015,PASO,2015-08-09,PRESIDENTE Y VICE,21,Santa Fe,Castellanos,María Juana,0140,ALIANZA COMPROMISO FEDERAL,agrupacion,75,NO DECLARADO,xlsx_votos_por_localidad
2015,PASO,2015-08-09,PRESIDENTE Y VICE,21,Santa Fe,Castellanos,María Juana,0140,ALIANZA FRENTE DE IZQUIERDA Y DE LOS TRABAJADORES,agrupacion,49,NO DECLARADO,xlsx_votos_por_localidad
2015,PASO,2015-08-09,PRESIDENTE Y VICE,21,Santa Fe,Castellanos,María Juana,0140,ALIANZA FRENTE PARA LA VICTORIA,agrupacion,804,NO DECLARADO,xlsx_votos_por_localidad
2015,PASO,2015-08-09,PRESIDENTE Y VICE,21,Santa Fe,Castellanos,María Juana,0140,ALIANZA FRENTE POPULAR,agrupacion,3,NO DECLARADO,xlsx_votos_por_localidad
2015,PASO,2015-08-09,PRESIDENTE Y VICE,21,Santa Fe,Castellanos,María Juana,0140,ALIANZA PROGRESISTAS,agrupacion,268,NO DECLARADO,xlsx_votos_por_localidad
2015,PASO,2015-08-09,PRESIDENTE Y VICE,21,Santa Fe,Castellanos,María Juana,0140,ALIANZA UNIDOS POR UNA NUEVA ALTERNATIVA (UNA),agrupacion,739,NO DECLARADO,xlsx_votos_por_localidad
2015,PASO,2015-08-09,PRESIDENTE Y VICE,21,Santa Fe,Castellanos,María Juana,0140,EN BLANCO,blancos,157,NO DECLARADO,xlsx_votos_por_localidad
2015,PASO,2015-08-09,PRESIDENTE Y VICE,21,Santa Fe,Castellanos,María Juana,0140,IMPUGNADO,impugnados,0,NO DECLARADO,xlsx_votos_por_localidad
2015,PASO,2015-08-09,PRESIDENTE Y VICE,21,Santa Fe,Castellanos,María Juana,0140,MOVIMIENTO AL SOCIALISMO,agrupacion,8,NO DECLARADO,xlsx_votos_por_localidad
2015,PASO,2015-08-09,PRESIDENTE Y VICE,21,Santa Fe,Castellanos,María Juana,0140,MOVIMIENTO DE ACCION VECINAL,agrupacion,1,NO DECLARADO,xlsx_votos_por_localidad
2015,PASO,2015-08-09,PRESIDENTE Y VICE,21,Santa Fe,Castellanos,María Juana,0140,MST - NUEVA IZQUIERDA,agrupacion,6,NO DECLARADO,xlsx_votos_por_localidad
2015,PASO,2015-08-09,PRESIDENTE Y VICE,21,Santa Fe,Castellanos,María Juana,0140,NULO,nulos,36,NO DECLARADO,xlsx_votos_por_localidad
2015,PASO,2015-08-09,PRESIDENTE Y VICE,21,Santa Fe,Castellanos,María Juana,0140,PARTIDO POPULAR,agrupacion,4,NO DECLARADO,xlsx_votos_por_localidad
2015,PASO,2015-08-09,PRESIDENTE Y VICE,21,Santa Fe,Castellanos,María Juana,0140,POSITIVO,positivo,2789,NO DECLARADO,xlsx_votos_por_localidad
2015,PASO,2015-08-09,PRESIDENTE Y VICE,21,Santa Fe,Castellanos,María Juana,0140,RECURRIDO,recurridos,0,NO DECLARADO,xlsx_votos_por_localidad
2015,PASO,2015-08-09,PRESIDENTE Y VICE,21,Santa Fe,Castellanos,Ramona,0124,ALIANZA CAMBIEMOS,agrupacion,465,NO DECLARADO,xlsx_votos_por_localidad
2015,PASO,2015-08-09,PRESIDENTE Y VICE,21,Santa Fe,Castellanos,Ramona,0124,ALIANZA COMPROMISO FEDERAL,agrupacion,41,NO DECLARADO,xlsx_votos_por_localidad
2015,PASO,2015-08-09,PRESIDENTE Y VICE,21,Santa Fe,Castellanos,Ramona,0124,ALIANZA FRENTE DE IZQUIERDA Y DE LOS TRABAJADORES,agrupacion,7,NO DECLARADO,xlsx_votos_por_localidad
2015,PASO,2015-08-09,PRESIDENTE Y VICE,21,Santa Fe,Castellanos,Ramona,0124,ALIANZA FRENTE PARA LA VICTORIA,agrupacion,203,NO DECLARADO,xlsx_votos_por_localidad
2015,PASO,2015-08-09,PRESIDENTE Y VICE,21,Santa Fe,Castellanos,Ramona,0124,ALIANZA FRENTE POPULAR,agrupacion,0,NO DECLARADO,xlsx_votos_por_localidad
2015,PASO,2015-08-09,PRESIDENTE Y VICE,21,Santa Fe,Castellanos,Ramona,0124,ALIANZA PROGRESISTAS,agrupacion,104,NO DECLARADO,xlsx_votos_por_localidad
2015,PASO,2015-08-09,PRESIDENTE Y VICE,21,Santa Fe,Castellanos,Ramona,0124,ALIANZA UNIDOS POR UNA NUEVA ALTERNATIVA (UNA),agrupacion,275,NO DECLARADO,xlsx_votos_por_localidad
2015,PASO,2015-08-09,PRESIDENTE Y VICE,21,Santa Fe,Castellanos,Ramona,0124,EN BLANCO,blancos,61,NO DECLARADO,xlsx_votos_por_localidad
2015,PASO,2015-08-09,PRESIDENTE Y VICE,21,Santa Fe,Castellanos,Ramona,0124,IMPUGNADO,impugnados,0,NO DECLARADO,xlsx_votos_por_localidad
2015,PASO,2015-08-09,PRESIDENTE Y VICE,21,Santa Fe,Castellanos,Ramona,0124,MOVIMIENTO AL SOCIALISMO,agrupacion,4,NO DECLARADO,xlsx_votos_por_localidad
2015,PASO,2015-08-09,PRESIDENTE Y VICE,21,Santa Fe,Castellanos,Ramona,0124,MOVIMIENTO DE ACCION VECINAL,agrupacion,4,NO DECLARADO,xlsx_votos_por_localidad
2015,PASO,2015-08-09,PRESIDENTE Y VICE,21,Santa Fe,Castellanos,Ramona,0124,MST - NUEVA IZQUIERDA,agrupacion,0,NO DECLARADO,xlsx_votos_por_localidad
2015,PASO,2015-08-09,PRESIDENTE Y VICE,21,Santa Fe,Castellanos,Ramona,0124,NULO,nulos,21,NO DECLARADO,xlsx_votos_por_localidad
2015,PASO,2015-08-09,PRESIDENTE Y VICE,21,Santa Fe,Castellanos,Ramona,0124,PARTIDO POPULAR,agrupacion,1,NO DECLARADO,xlsx_votos_por_localidad
2015,PASO,2015-08-09,PRESIDENTE Y VICE,21,Santa Fe,Castellanos,Ramona,0124,POSITIVO,positivo,1104,NO DECLARADO,xlsx_votos_por_localidad
2015,PASO,2015-08-09,PRESIDENTE Y VICE,21,Santa Fe,Castellanos,Ramona,0124,RECURRIDO,recurridos,0,NO DECLARADO,xlsx_votos_por_localidad
2015,PASO,2015-08-09,PRESIDENTE Y VICE,21,Santa Fe,Castellanos,San Vicente,0142,ALIANZA CAMBIEMOS,agrupacion,1353,NO DECLARADO,xlsx_votos_por_localidad
2015,PASO,2015-08-09,PRESIDENTE Y VICE,21,Santa Fe,Castellanos,San Vicente,0142,ALIANZA COMPROMISO FEDERAL,agrupacion,92,NO DECLARADO,xlsx_votos_por_localidad
2015,PASO,2015-08-09,PRESIDENTE Y VICE,21,Santa Fe,Castellanos,San Vicente,0142,ALIANZA FRENTE DE IZQUIERDA Y DE LOS TRABAJADORES,agrupacion,21,NO DECLARADO,xlsx_votos_por_localidad
2015,PASO,2015-08-09,PRESIDENTE Y VICE,21,Santa Fe,Castellanos,San Vicente,0142,ALIANZA FRENTE PARA LA VICTORIA,agrupacion,864,NO DECLARADO,xlsx_votos_por_localidad
2015,PASO,2015-08-09,PRESIDENTE Y VICE,21,Santa Fe,Castellanos,San Vicente,0142,ALIANZA FRENTE POPULAR,agrupacion,8,NO DECLARADO,xlsx_votos_por_localidad
2015,PASO,2015-08-09,PRESIDENTE Y VICE,21,Santa Fe,Castellanos,San Vicente,0142,ALIANZA PROGRESISTAS,agrupacion,128,NO DECLARADO,xlsx_votos_por_localidad
2015,PASO,2015-08-09,PRESIDENTE Y VICE,21,Santa Fe,Castellanos,San Vicente,0142,ALIANZA UNIDOS POR UNA NUEVA ALTERNATIVA (UNA),agrupacion,795,NO DECLARADO,xlsx_votos_por_localidad
2015,PASO,2015-08-09,PRESIDENTE Y VICE,21,Santa Fe,Castellanos,San Vicente,0142,EN BLANCO,blancos,235,NO DECLARADO,xlsx_votos_por_localidad
2015,PASO,2015-08-09,PRESIDENTE Y VICE,21,Santa Fe,Castellanos,San Vicente,0142,IMPUGNADO,impugnados,0,NO DECLARADO,xlsx_votos_por_localidad
2015,PASO,2015-08-09,PRESIDENTE Y VICE,21,Santa Fe,Castellanos,San Vicente,0142,MOVIMIENTO AL SOCIALISMO,agrupacion,14,NO DECLARADO,xlsx_votos_por_localidad
2015,PASO,2015-08-09,PRESIDENTE Y VICE,21,Santa Fe,Castellanos,San Vicente,0142,MOVIMIENTO DE ACCION VECINAL,agrupacion,6,NO DECLARADO,xlsx_votos_por_localidad
2015,PASO,2015-08-09,PRESIDENTE Y VICE,21,Santa Fe,Castellanos,San Vicente,0142,MST - NUEVA IZQUIERDA,agrupacion,7,NO DECLARADO,xlsx_votos_por_localidad
2015,PASO,2015-08-09,PRESIDENTE Y VICE,21,Santa Fe,Castellanos,San Vicente,0142,NULO,nulos,52,NO DECLARADO,xlsx_votos_por_localidad
2015,PASO,2015-08-09,PRESIDENTE Y VICE,21,Santa Fe,Castellanos,San Vicente,0142,PARTIDO POPULAR,agrupacion,7,NO DECLARADO,xlsx_votos_por_localidad
2015,PASO,2015-08-09,PRESIDENTE Y VICE,21,Santa Fe,Castellanos,San Vicente,0142,POSITIVO,positivo,3295,NO DECLARADO,xlsx_votos_por_localidad
2015,PASO,2015-08-09,PRESIDENTE Y VICE,21,Santa Fe,Castellanos,San Vicente,0142,RECURRIDO,recurridos,0,NO DECLARADO,xlsx_votos_por_localidad
2015,PASO,2015-08-09,PRESIDENTE Y VICE,21,Santa Fe,Castellanos,Santa Clara de Saguier,0130,ALIANZA CAMBIEMOS,agrupacion,452,NO DECLARADO,xlsx_votos_por_localidad
2015,PASO,2015-08-09,PRESIDENTE Y VICE,21,Santa Fe,Castellanos,Santa Clara de Saguier,0130,ALIANZA COMPROMISO FEDERAL,agrupacion,41,NO DECLARADO,xlsx_votos_por_localidad
2015,PASO,2015-08-09,PRESIDENTE Y VICE,21,Santa Fe,Castellanos,Santa Clara de Saguier,0130,ALIANZA FRENTE DE IZQUIERDA Y DE LOS TRABAJADORES,agrupacion,17,NO DECLARADO,xlsx_votos_por_localidad
2015,PASO,2015-08-09,PRESIDENTE Y VICE,21,Santa Fe,Castellanos,Santa Clara de Saguier,0130,ALIANZA FRENTE PARA LA VICTORIA,agrupacion,286,NO DECLARADO,xlsx_votos_por_localidad
2015,PASO,2015-08-09,PRESIDENTE Y VICE,21,Santa Fe,Castellanos,Santa Clara de Saguier,0130,ALIANZA FRENTE POPULAR,agrupacion,3,NO DECLARADO,xlsx_votos_por_localidad
2015,PASO,2015-08-09,PRESIDENTE Y VICE,21,Santa Fe,Castellanos,Santa Clara de Saguier,0130,ALIANZA PROGRESISTAS,agrupacion,90,NO DECLARADO,xlsx_votos_por_localidad
2015,PASO,2015-08-09,PRESIDENTE Y VICE,21,Santa Fe,Castellanos,Santa Clara de Saguier,0130,ALIANZA UNIDOS POR UNA NUEVA ALTERNATIVA (UNA),agrupacion,234,NO DECLARADO,xlsx_votos_por_localidad
2015,PASO,2015-08-09,PRESIDENTE Y VICE,21,Santa Fe,Castellanos,Santa Clara de Saguier,0130,EN BLANCO,blancos,69,NO DECLARADO,xlsx_votos_por_localidad
2015,PASO,2015-08-09,PRESIDENTE Y VICE,21,Santa Fe,Castellanos,Santa Clara de Saguier,0130,IMPUGNADO,impugnados,0,NO DECLARADO,xlsx_votos_por_localidad
2015,PASO,2015-08-09,PRESIDENTE Y VICE,21,Santa Fe,Castellanos,Santa Clara de Saguier,0130,MOVIMIENTO AL SOCIALISMO,agrupacion,1,NO DECLARADO,xlsx_votos_por_localidad
2015,PASO,2015-08-09,PRESIDENTE Y VICE,21,Santa Fe,Castellanos,Santa Clara de Saguier,0130,MOVIMIENTO DE ACCION VECINAL,agrupacion,3,NO DECLARADO,xlsx_votos_por_localidad
2015,PASO,2015-08-09,PRESIDENTE Y VICE,21,Santa Fe,Castellanos,Santa Clara de Saguier,0130,MST - NUEVA IZQUIERDA,agrupacion,1,NO DECLARADO,xlsx_votos_por_localidad
2015,PASO,2015-08-09,PRESIDENTE Y VICE,21,Santa Fe,Castellanos,Santa Clara de Saguier,0130,NULO,nulos,14,NO DECLARADO,xlsx_votos_por_localidad
2015,PASO,2015-08-09,PRESIDENTE Y VICE,21,Santa Fe,Castellanos,Santa Clara de Saguier,0130,PARTIDO POPULAR,agrupacion,2,NO DECLARADO,xlsx_votos_por_localidad
2015,PASO,2015-08-09,PRESIDENTE Y VICE,21,Santa Fe,Castellanos,Santa Clara de Saguier,0130,POSITIVO,positivo,1130,NO DECLARADO,xlsx_votos_por_localidad
2015,PASO,2015-08-09,PRESIDENTE Y VICE,21,Santa Fe,Castellanos,Santa Clara de Saguier,0130,RECURRIDO,recurridos,0,NO DECLARADO,xlsx_votos_por_localidad
2015,PASO,2015-08-09,PRESIDENTE Y VICE,21,Santa Fe,Castellanos,Sunchales,0118,ALIANZA CAMBIEMOS,agrupacion,4711,NO DECLARADO,xlsx_votos_por_localidad
2015,PASO,2015-08-09,PRESIDENTE Y VICE,21,Santa Fe,Castellanos,Sunchales,0118,ALIANZA COMPROMISO FEDERAL,agrupacion,251,NO DECLARADO,xlsx_votos_por_localidad
2015,PASO,2015-08-09,PRESIDENTE Y VICE,21,Santa Fe,Castellanos,Sunchales,0118,ALIANZA FRENTE DE IZQUIERDA Y DE LOS TRABAJADORES,agrupacion,129,NO DECLARADO,xlsx_votos_por_localidad
2015,PASO,2015-08-09,PRESIDENTE Y VICE,21,Santa Fe,Castellanos,Sunchales,0118,ALIANZA FRENTE PARA LA VICTORIA,agrupacion,3469,NO DECLARADO,xlsx_votos_por_localidad
2015,PASO,2015-08-09,PRESIDENTE Y VICE,21,Santa Fe,Castellanos,Sunchales,0118,ALIANZA FRENTE POPULAR,agrupacion,20,NO DECLARADO,xlsx_votos_por_localidad
2015,PASO,2015-08-09,PRESIDENTE Y VICE,21,Santa Fe,Castellanos,Sunchales,0118,ALIANZA PROGRESISTAS,agrupacion,1054,NO DECLARADO,xlsx_votos_por_localidad
2015,PASO,2015-08-09,PRESIDENTE Y VICE,21,Santa Fe,Castellanos,Sunchales,0118,ALIANZA UNIDOS POR UNA NUEVA ALTERNATIVA (UNA),agrupacion,2523,NO DECLARADO,xlsx_votos_por_localidad
2015,PASO,2015-08-09,PRESIDENTE Y VICE,21,Santa Fe,Castellanos,Sunchales,0118,EN BLANCO,blancos,563,NO DECLARADO,xlsx_votos_por_localidad
2015,PASO,2015-08-09,PRESIDENTE Y VICE,21,Santa Fe,Castellanos,Sunchales,0118,IMPUGNADO,impugnados,0,NO DECLARADO,xlsx_votos_por_localidad
2015,PASO,2015-08-09,PRESIDENTE Y VICE,21,Santa Fe,Castellanos,Sunchales,0118,MOVIMIENTO AL SOCIALISMO,agrupacion,36,NO DECLARADO,xlsx_votos_por_localidad
2015,PASO,2015-08-09,PRESIDENTE Y VICE,21,Santa Fe,Castellanos,Sunchales,0118,MOVIMIENTO DE ACCION VECINAL,agrupacion,21,NO DECLARADO,xlsx_votos_por_localidad
2015,PASO,2015-08-09,PRESIDENTE Y VICE,21,Santa Fe,Castellanos,Sunchales,0118,MST - NUEVA IZQUIERDA,agrupacion,18,NO DECLARADO,xlsx_votos_por_localidad
2015,PASO,2015-08-09,PRESIDENTE Y VICE,21,Santa Fe,Castellanos,Sunchales,0118,NULO,nulos,279,NO DECLARADO,xlsx_votos_por_localidad
2015,PASO,2015-08-09,PRESIDENTE Y VICE,21,Santa Fe,Castellanos,Sunchales,0118,PARTIDO POPULAR,agrupacion,30,NO DECLARADO,xlsx_votos_por_localidad
2015,PASO,2015-08-09,PRESIDENTE Y VICE,21,Santa Fe,Castellanos,Sunchales,0118,POSITIVO,positivo,12262,NO DECLARADO,xlsx_votos_por_localidad
2015,PASO,2015-08-09,PRESIDENTE Y VICE,21,Santa Fe,Castellanos,Sunchales,0118,RECURRIDO,recurridos,0,NO DECLARADO,xlsx_votos_por_localidad
2015,PASO,2015-08-09,PRESIDENTE Y VICE,21,Santa Fe,Castellanos,Zenón Pereyra,0138,ALIANZA CAMBIEMOS,agrupacion,404,NO DECLARADO,xlsx_votos_por_localidad
2015,PASO,2015-08-09,PRESIDENTE Y VICE,21,Santa Fe,Castellanos,Zenón Pereyra,0138,ALIANZA COMPROMISO FEDERAL,agrupacion,39,NO DECLARADO,xlsx_votos_por_localidad
2015,PASO,2015-08-09,PRESIDENTE Y VICE,21,Santa Fe,Castellanos,Zenón Pereyra,0138,ALIANZA FRENTE DE IZQUIERDA Y DE LOS TRABAJADORES,agrupacion,17,NO DECLARADO,xlsx_votos_por_localidad
2015,PASO,2015-08-09,PRESIDENTE Y VICE,21,Santa Fe,Castellanos,Zenón Pereyra,0138,ALIANZA FRENTE PARA LA VICTORIA,agrupacion,174,NO DECLARADO,xlsx_votos_por_localidad
2015,PASO,2015-08-09,PRESIDENTE Y VICE,21,Santa Fe,Castellanos,Zenón Pereyra,0138,ALIANZA FRENTE POPULAR,agrupacion,1,NO DECLARADO,xlsx_votos_por_localidad
2015,PASO,2015-08-09,PRESIDENTE Y VICE,21,Santa Fe,Castellanos,Zenón Pereyra,0138,ALIANZA PROGRESISTAS,agrupacion,68,NO DECLARADO,xlsx_votos_por_localidad
2015,PASO,2015-08-09,PRESIDENTE Y VICE,21,Santa Fe,Castellanos,Zenón Pereyra,0138,ALIANZA UNIDOS POR UNA NUEVA ALTERNATIVA (UNA),agrupacion,237,NO DECLARADO,xlsx_votos_por_localidad
2015,PASO,2015-08-09,PRESIDENTE Y VICE,21,Santa Fe,Castellanos,Zenón Pereyra,0138,EN BLANCO,blancos,52,NO DECLARADO,xlsx_votos_por_localidad
2015,PASO,2015-08-09,PRESIDENTE Y VICE,21,Santa Fe,Castellanos,Zenón Pereyra,0138,IMPUGNADO,impugnados,0,NO DECLARADO,xlsx_votos_por_localidad
2015,PASO,2015-08-09,PRESIDENTE Y VICE,21,Santa Fe,Castellanos,Zenón Pereyra,0138,MOVIMIENTO AL SOCIALISMO,agrupacion,2,NO DECLARADO,xlsx_votos_por_localidad
2015,PASO,2015-08-09,PRESIDENTE Y VICE,21,Santa Fe,Castellanos,Zenón Pereyra,0138,MOVIMIENTO DE ACCION VECINAL,agrupacion,1,NO DECLARADO,xlsx_votos_por_localidad
2015,PASO,2015-08-09,PRESIDENTE Y VICE,21,Santa Fe,Castellanos,Zenón Pereyra,0138,MST - NUEVA IZQUIERDA,agrupacion,0,NO DECLARADO,xlsx_votos_por_localidad
2015,PASO,2015-08-09,PRESIDENTE Y VICE,21,Santa Fe,Castellanos,Zenón Pereyra,0138,NULO,nulos,13,NO DECLARADO,xlsx_votos_por_localidad
2015,PASO,2015-08-09,PRESIDENTE Y VICE,21,Santa Fe,Castellanos,Zenón Pereyra,0138,PARTIDO POPULAR,agrupacion,1,NO DECLARADO,xlsx_votos_por_localidad
2015,PASO,2015-08-09,PRESIDENTE Y VICE,21,Santa Fe,Castellanos,Zenón Pereyra,0138,POSITIVO,positivo,944,NO DECLARADO,xlsx_votos_por_localidad
2015,PASO,2015-08-09,PRESIDENTE Y VICE,21,Santa Fe,Castellanos,Zenón Pereyra,0138,RECURRIDO,recurridos,0,NO DECLARADO,xlsx_votos_por_localidad
2015,PASO,2015-08-09,PRESIDENTE Y VICE,21,Santa Fe,Las Colonias,Esperanza,0055,ALIANZA CAMBIEMOS,agrupacion,8800,NO DECLARADO,xlsx_votos_por_localidad
2015,PASO,2015-08-09,PRESIDENTE Y VICE,21,Santa Fe,Las Colonias,Esperanza,0055,ALIANZA COMPROMISO FEDERAL,agrupacion,785,NO DECLARADO,xlsx_votos_por_localidad
2015,PASO,2015-08-09,PRESIDENTE Y VICE,21,Santa Fe,Las Colonias,Esperanza,0055,ALIANZA FRENTE DE IZQUIERDA Y DE LOS TRABAJADORES,agrupacion,301,NO DECLARADO,xlsx_votos_por_localidad
2015,PASO,2015-08-09,PRESIDENTE Y VICE,21,Santa Fe,Las Colonias,Esperanza,0055,ALIANZA FRENTE PARA LA VICTORIA,agrupacion,5410,NO DECLARADO,xlsx_votos_por_localidad
2015,PASO,2015-08-09,PRESIDENTE Y VICE,21,Santa Fe,Las Colonias,Esperanza,0055,ALIANZA FRENTE POPULAR,agrupacion,52,NO DECLARADO,xlsx_votos_por_localidad
2015,PASO,2015-08-09,PRESIDENTE Y VICE,21,Santa Fe,Las Colonias,Esperanza,0055,ALIANZA PROGRESISTAS,agrupacion,1106,NO DECLARADO,xlsx_votos_por_localidad
2015,PASO,2015-08-09,PRESIDENTE Y VICE,21,Santa Fe,Las Colonias,Esperanza,0055,ALIANZA UNIDOS POR UNA NUEVA ALTERNATIVA (UNA),agrupacion,5569,NO DECLARADO,xlsx_votos_por_localidad
2015,PASO,2015-08-09,PRESIDENTE Y VICE,21,Santa Fe,Las Colonias,Esperanza,0055,EN BLANCO,blancos,1386,NO DECLARADO,xlsx_votos_por_localidad
2015,PASO,2015-08-09,PRESIDENTE Y VICE,21,Santa Fe,Las Colonias,Esperanza,0055,IMPUGNADO,impugnados,0,NO DECLARADO,xlsx_votos_por_localidad
2015,PASO,2015-08-09,PRESIDENTE Y VICE,21,Santa Fe,Las Colonias,Esperanza,0055,MOVIMIENTO AL SOCIALISMO,agrupacion,93,NO DECLARADO,xlsx_votos_por_localidad
2015,PASO,2015-08-09,PRESIDENTE Y VICE,21,Santa Fe,Las Colonias,Esperanza,0055,MOVIMIENTO DE ACCION VECINAL,agrupacion,27,NO DECLARADO,xlsx_votos_por_localidad
2015,PASO,2015-08-09,PRESIDENTE Y VICE,21,Santa Fe,Las Colonias,Esperanza,0055,MST - NUEVA IZQUIERDA,agrupacion,54,NO DECLARADO,xlsx_votos_por_localidad
2015,PASO,2015-08-09,PRESIDENTE Y VICE,21,Santa Fe,Las Colonias,Esperanza,0055,NULO,nulos,650,NO DECLARADO,xlsx_votos_por_localidad
2015,PASO,2015-08-09,PRESIDENTE Y VICE,21,Santa Fe,Las Colonias,Esperanza,0055,PARTIDO POPULAR,agrupacion,121,NO DECLARADO,xlsx_votos_por_localidad
2015,PASO,2015-08-09,PRESIDENTE Y VICE,21,Santa Fe,Las Colonias,Esperanza,0055,POSITIVO,positivo,22318,NO DECLARADO,xlsx_votos_por_localidad
2015,PASO,2015-08-09,PRESIDENTE Y VICE,21,Santa Fe,Las Colonias,Esperanza,0055,RECURRIDO,recurridos,0,NO DECLARADO,xlsx_votos_por_localidad
2015,PASO,2015-08-09,PRESIDENTE Y VICE,21,Santa Fe,Las Colonias,Felicia,0060,ALIANZA CAMBIEMOS,agrupacion,708,NO DECLARADO,xlsx_votos_por_localidad
2015,PASO,2015-08-09,PRESIDENTE Y VICE,21,Santa Fe,Las Colonias,Felicia,0060,ALIANZA COMPROMISO FEDERAL,agrupacion,49,NO DECLARADO,xlsx_votos_por_localidad
2015,PASO,2015-08-09,PRESIDENTE Y VICE,21,Santa Fe,Las Colonias,Felicia,0060,ALIANZA FRENTE DE IZQUIERDA Y DE LOS TRABAJADORES,agrupacion,10,NO DECLARADO,xlsx_votos_por_localidad
2015,PASO,2015-08-09,PRESIDENTE Y VICE,21,Santa Fe,Las Colonias,Felicia,0060,ALIANZA FRENTE PARA LA VICTORIA,agrupacion,223,NO DECLARADO,xlsx_votos_por_localidad
2015,PASO,2015-08-09,PRESIDENTE Y VICE,21,Santa Fe,Las Colonias,Felicia,0060,ALIANZA FRENTE POPULAR,agrupacion,1,NO DECLARADO,xlsx_votos_por_localidad
2015,PASO,2015-08-09,PRESIDENTE Y VICE,21,Santa Fe,Las Colonias,Felicia,0060,ALIANZA PROGRESISTAS,agrupacion,48,NO DECLARADO,xlsx_votos_por_localidad
2015,PASO,2015-08-09,PRESIDENTE Y VICE,21,Santa Fe,Las Colonias,Felicia,0060,ALIANZA UNIDOS POR UNA NUEVA ALTERNATIVA (UNA),agrupacion,252,NO DECLARADO,xlsx_votos_por_localidad
2015,PASO,2015-08-09,PRESIDENTE Y VICE,21,Santa Fe,Las Colonias,Felicia,0060,EN BLANCO,blancos,123,NO DECLARADO,xlsx_votos_por_localidad
2015,PASO,2015-08-09,PRESIDENTE Y VICE,21,Santa Fe,Las Colonias,Felicia,0060,IMPUGNADO,impugnados,0,NO DECLARADO,xlsx_votos_por_localidad
2015,PASO,2015-08-09,PRESIDENTE Y VICE,21,Santa Fe,Las Colonias,Felicia,0060,MOVIMIENTO AL SOCIALISMO,agrupacion,10,NO DECLARADO,xlsx_votos_por_localidad
2015,PASO,2015-08-09,PRESIDENTE Y VICE,21,Santa Fe,Las Colonias,Felicia,0060,MOVIMIENTO DE ACCION VECINAL,agrupacion,1,NO DECLARADO,xlsx_votos_por_localidad
2015,PASO,2015-08-09,PRESIDENTE Y VICE,21,Santa Fe,Las Colonias,Felicia,0060,MST - NUEVA IZQUIERDA,agrupacion,0,NO DECLARADO,xlsx_votos_por_localidad
2015,PASO,2015-08-09,PRESIDENTE Y VICE,21,Santa Fe,Las Colonias,Felicia,0060,NULO,nulos,10,NO DECLARADO,xlsx_votos_por_localidad
2015,PASO,2015-08-09,PRESIDENTE Y VICE,21,Santa Fe,Las Colonias,Felicia,0060,PARTIDO POPULAR,agrupacion,6,NO DECLARADO,xlsx_votos_por_localidad
2015,PASO,2015-08-09,PRESIDENTE Y VICE,21,Santa Fe,Las Colonias,Felicia,0060,POSITIVO,positivo,1308,NO DECLARADO,xlsx_votos_por_localidad
2015,PASO,2015-08-09,PRESIDENTE Y VICE,21,Santa Fe,Las Colonias,Felicia,0060,RECURRIDO,recurridos,0,NO DECLARADO,xlsx_votos_por_localidad
2015,PASO,2015-08-09,PRESIDENTE Y VICE,21,Santa Fe,Las Colonias,Franck,0053,ALIANZA CAMBIEMOS,agrupacion,1584,NO DECLARADO,xlsx_votos_por_localidad
2015,PASO,2015-08-09,PRESIDENTE Y VICE,21,Santa Fe,Las Colonias,Franck,0053,ALIANZA COMPROMISO FEDERAL,agrupacion,115,NO DECLARADO,xlsx_votos_por_localidad
2015,PASO,2015-08-09,PRESIDENTE Y VICE,21,Santa Fe,Las Colonias,Franck,0053,ALIANZA FRENTE DE IZQUIERDA Y DE LOS TRABAJADORES,agrupacion,45,NO DECLARADO,xlsx_votos_por_localidad
2015,PASO,2015-08-09,PRESIDENTE Y VICE,21,Santa Fe,Las Colonias,Franck,0053,ALIANZA FRENTE PARA LA VICTORIA,agrupacion,516,NO DECLARADO,xlsx_votos_por_localidad
2015,PASO,2015-08-09,PRESIDENTE Y VICE,21,Santa Fe,Las Colonias,Franck,0053,ALIANZA FRENTE POPULAR,agrupacion,3,NO DECLARADO,xlsx_votos_por_localidad
2015,PASO,2015-08-09,PRESIDENTE Y VICE,21,Santa Fe,Las Colonias,Franck,0053,ALIANZA PROGRESISTAS,agrupacion,136,NO DECLARADO,xlsx_votos_por_localidad
2015,PASO,2015-08-09,PRESIDENTE Y VICE,21,Santa Fe,Las Colonias,Franck,0053,ALIANZA UNIDOS POR UNA NUEVA ALTERNATIVA (UNA),agrupacion,922,NO DECLARADO,xlsx_votos_por_localidad
2015,PASO,2015-08-09,PRESIDENTE Y VICE,21,Santa Fe,Las Colonias,Franck,0053,EN BLANCO,blancos,316,NO DECLARADO,xlsx_votos_por_localidad
2015,PASO,2015-08-09,PRESIDENTE Y VICE,21,Santa Fe,Las Colonias,Franck,0053,IMPUGNADO,impugnados,0,NO DECLARADO,xlsx_votos_por_localidad
2015,PASO,2015-08-09,PRESIDENTE Y VICE,21,Santa Fe,Las Colonias,Franck,0053,MOVIMIENTO AL SOCIALISMO,agrupacion,15,NO DECLARADO,xlsx_votos_por_localidad
2015,PASO,2015-08-09,PRESIDENTE Y VICE,21,Santa Fe,Las Colonias,Franck,0053,MOVIMIENTO DE ACCION VECINAL,agrupacion,6,NO DECLARADO,xlsx_votos_por_localidad
2015,PASO,2015-08-09,PRESIDENTE Y VICE,21,Santa Fe,Las Colonias,Franck,0053,MST - NUEVA IZQUIERDA,agrupacion,6,NO DECLARADO,xlsx_votos_por_localidad
2015,PASO,2015-08-09,PRESIDENTE Y VICE,21,Santa Fe,Las Colonias,Franck,0053,NULO,nulos,41,NO DECLARADO,xlsx_votos_por_localidad
2015,PASO,2015-08-09,PRESIDENTE Y VICE,21,Santa Fe,Las Colonias,Franck,0053,PARTIDO POPULAR,agrupacion,10,NO DECLARADO,xlsx_votos_por_localidad
2015,PASO,2015-08-09,PRESIDENTE Y VICE,21,Santa Fe,Las Colonias,Franck,0053,POSITIVO,positivo,3358,NO DECLARADO,xlsx_votos_por_localidad
2015,PASO,2015-08-09,PRESIDENTE Y VICE,21,Santa Fe,Las Colonias,Franck,0053,RECURRIDO,recurridos,0,NO DECLARADO,xlsx_votos_por_localidad
2015,PASO,2015-08-09,PRESIDENTE Y VICE,21,Santa Fe,Las Colonias,Humboldt,0056,ALIANZA CAMBIEMOS,agrupacion,1311,NO DECLARADO,xlsx_votos_por_localidad
2015,PASO,2015-08-09,PRESIDENTE Y VICE,21,Santa Fe,Las Colonias,Humboldt,0056,ALIANZA COMPROMISO FEDERAL,agrupacion,100,NO DECLARADO,xlsx_votos_por_localidad
2015,PASO,2015-08-09,PRESIDENTE Y VICE,21,Santa Fe,Las Colonias,Humboldt,0056,ALIANZA FRENTE DE IZQUIERDA Y DE LOS TRABAJADORES,agrupacion,39,NO DECLARADO,xlsx_votos_por_localidad
2015,PASO,2015-08-09,PRESIDENTE Y VICE,21,Santa Fe,Las Colonias,Humboldt,0056,ALIANZA FRENTE PARA LA VICTORIA,agrupacion,581,NO DECLARADO,xlsx_votos_por_localidad
2015,PASO,2015-08-09,PRESIDENTE Y VICE,21,Santa Fe,Las Colonias,Humboldt,0056,ALIANZA FRENTE POPULAR,agrupacion,8,NO DECLARADO,xlsx_votos_por_localidad
2015,PASO,2015-08-09,PRESIDENTE Y VICE,21,Santa Fe,Las Colonias,Humboldt,0056,ALIANZA PROGRESISTAS,agrupacion,114,NO DECLARADO,xlsx_votos_por_localidad
2015,PASO,2015-08-09,PRESIDENTE Y VICE,21,Santa Fe,Las Colonias,Humboldt,0056,ALIANZA UNIDOS POR UNA NUEVA ALTERNATIVA (UNA),agrupacion,651,NO DECLARADO,xlsx_votos_por_localidad
2015,PASO,2015-08-09,PRESIDENTE Y VICE,21,Santa Fe,Las Colonias,Humboldt,0056,EN BLANCO,blancos,216,NO DECLARADO,xlsx_votos_por_localidad
2015,PASO,2015-08-09,PRESIDENTE Y VICE,21,Santa Fe,Las Colonias,Humboldt,0056,IMPUGNADO,impugnados,0,NO DECLARADO,xlsx_votos_por_localidad
2015,PASO,2015-08-09,PRESIDENTE Y VICE,21,Santa Fe,Las Colonias,Humboldt,0056,MOVIMIENTO AL SOCIALISMO,agrupacion,11,NO DECLARADO,xlsx_votos_por_localidad
2015,PASO,2015-08-09,PRESIDENTE Y VICE,21,Santa Fe,Las Colonias,Humboldt,0056,MOVIMIENTO DE ACCION VECINAL,agrupacion,5,NO DECLARADO,xlsx_votos_por_localidad
2015,PASO,2015-08-09,PRESIDENTE Y VICE,21,Santa Fe,Las Colonias,Humboldt,0056,MST - NUEVA IZQUIERDA,agrupacion,1,NO DECLARADO,xlsx_votos_por_localidad
2015,PASO,2015-08-09,PRESIDENTE Y VICE,21,Santa Fe,Las Colonias,Humboldt,0056,NULO,nulos,20,NO DECLARADO,xlsx_votos_por_localidad
2015,PASO,2015-08-09,PRESIDENTE Y VICE,21,Santa Fe,Las Colonias,Humboldt,0056,PARTIDO POPULAR,agrupacion,11,NO DECLARADO,xlsx_votos_por_localidad
2015,PASO,2015-08-09,PRESIDENTE Y VICE,21,Santa Fe,Las Colonias,Humboldt,0056,POSITIVO,positivo,2832,NO DECLARADO,xlsx_votos_por_localidad
2015,PASO,2015-08-09,PRESIDENTE Y VICE,21,Santa Fe,Las Colonias,Humboldt,0056,RECURRIDO,recurridos,0,NO DECLARADO,xlsx_votos_por_localidad
2015,PASO,2015-08-09,PRESIDENTE Y VICE,21,Santa Fe,Las Colonias,Pilar,0057,ALIANZA CAMBIEMOS,agrupacion,955,NO DECLARADO,xlsx_votos_por_localidad
2015,PASO,2015-08-09,PRESIDENTE Y VICE,21,Santa Fe,Las Colonias,Pilar,0057,ALIANZA COMPROMISO FEDERAL,agrupacion,58,NO DECLARADO,xlsx_votos_por_localidad
2015,PASO,2015-08-09,PRESIDENTE Y VICE,21,Santa Fe,Las Colonias,Pilar,0057,ALIANZA FRENTE DE IZQUIERDA Y DE LOS TRABAJADORES,agrupacion,41,NO DECLARADO,xlsx_votos_por_localidad
2015,PASO,2015-08-09,PRESIDENTE Y VICE,21,Santa Fe,Las Colonias,Pilar,0057,ALIANZA FRENTE PARA LA VICTORIA,agrupacion,820,NO DECLARADO,xlsx_votos_por_localidad
2015,PASO,2015-08-09,PRESIDENTE Y VICE,21,Santa Fe,Las Colonias,Pilar,0057,ALIANZA FRENTE POPULAR,agrupacion,3,NO DECLARADO,xlsx_votos_por_localidad
2015,PASO,2015-08-09,PRESIDENTE Y VICE,21,Santa Fe,Las Colonias,Pilar,0057,ALIANZA PROGRESISTAS,agrupacion,73,NO DECLARADO,xlsx_votos_por_localidad
2015,PASO,2015-08-09,PRESIDENTE Y VICE,21,Santa Fe,Las Colonias,Pilar,0057,ALIANZA UNIDOS POR UNA NUEVA ALTERNATIVA (UNA),agrupacion,621,NO DECLARADO,xlsx_votos_por_localidad
2015,PASO,2015-08-09,PRESIDENTE Y VICE,21,Santa Fe,Las Colonias,Pilar,0057,EN BLANCO,blancos,192,NO DECLARADO,xlsx_votos_por_localidad
2015,PASO,2015-08-09,PRESIDENTE Y VICE,21,Santa Fe,Las Colonias,Pilar,0057,IMPUGNADO,impugnados,0,NO DECLARADO,xlsx_votos_por_localidad
2015,PASO,2015-08-09,PRESIDENTE Y VICE,21,Santa Fe,Las Colonias,Pilar,0057,MOVIMIENTO AL SOCIALISMO,agrupacion,10,NO DECLARADO,xlsx_votos_por_localidad
2015,PASO,2015-08-09,PRESIDENTE Y VICE,21,Santa Fe,Las Colonias,Pilar,0057,MOVIMIENTO DE ACCION VECINAL,agrupacion,3,NO DECLARADO,xlsx_votos_por_localidad
2015,PASO,2015-08-09,PRESIDENTE Y VICE,21,Santa Fe,Las Colonias,Pilar,0057,MST - NUEVA IZQUIERDA,agrupacion,7,NO DECLARADO,xlsx_votos_por_localidad
2015,PASO,2015-08-09,PRESIDENTE Y VICE,21,Santa Fe,Las Colonias,Pilar,0057,NULO,nulos,12,NO DECLARADO,xlsx_votos_por_localidad
2015,PASO,2015-08-09,PRESIDENTE Y VICE,21,Santa Fe,Las Colonias,Pilar,0057,PARTIDO POPULAR,agrupacion,9,NO DECLARADO,xlsx_votos_por_localidad
2015,PASO,2015-08-09,PRESIDENTE Y VICE,21,Santa Fe,Las Colonias,Pilar,0057,POSITIVO,positivo,2600,NO DECLARADO,xlsx_votos_por_localidad
2015,PASO,2015-08-09,PRESIDENTE Y VICE,21,Santa Fe,Las Colonias,Pilar,0057,RECURRIDO,recurridos,0,NO DECLARADO,xlsx_votos_por_localidad
2015,PASO,2015-08-09,PRESIDENTE Y VICE,21,Santa Fe,Las Colonias,Progreso,0063,ALIANZA CAMBIEMOS,agrupacion,813,NO DECLARADO,xlsx_votos_por_localidad
2015,PASO,2015-08-09,PRESIDENTE Y VICE,21,Santa Fe,Las Colonias,Progreso,0063,ALIANZA COMPROMISO FEDERAL,agrupacion,32,NO DECLARADO,xlsx_votos_por_localidad
2015,PASO,2015-08-09,PRESIDENTE Y VICE,21,Santa Fe,Las Colonias,Progreso,0063,ALIANZA FRENTE DE IZQUIERDA Y DE LOS TRABAJADORES,agrupacion,18,NO DECLARADO,xlsx_votos_por_localidad
2015,PASO,2015-08-09,PRESIDENTE Y VICE,21,Santa Fe,Las Colonias,Progreso,0063,ALIANZA FRENTE PARA LA VICTORIA,agrupacion,236,NO DECLARADO,xlsx_votos_por_localidad
2015,PASO,2015-08-09,PRESIDENTE Y VICE,21,Santa Fe,Las Colonias,Progreso,0063,ALIANZA FRENTE POPULAR,agrupacion,2,NO DECLARADO,xlsx_votos_por_localidad
2015,PASO,2015-08-09,PRESIDENTE Y VICE,21,Santa Fe,Las Colonias,Progreso,0063,ALIANZA PROGRESISTAS,agrupacion,46,NO DECLARADO,xlsx_votos_por_localidad
2015,PASO,2015-08-09,PRESIDENTE Y VICE,21,Santa Fe,Las Colonias,Progreso,0063,ALIANZA UNIDOS POR UNA NUEVA ALTERNATIVA (UNA),agrupacion,290,NO DECLARADO,xlsx_votos_por_localidad
2015,PASO,2015-08-09,PRESIDENTE Y VICE,21,Santa Fe,Las Colonias,Progreso,0063,EN BLANCO,blancos,88,NO DECLARADO,xlsx_votos_por_localidad
2015,PASO,2015-08-09,PRESIDENTE Y VICE,21,Santa Fe,Las Colonias,Progreso,0063,IMPUGNADO,impugnados,0,NO DECLARADO,xlsx_votos_por_localidad
2015,PASO,2015-08-09,PRESIDENTE Y VICE,21,Santa Fe,Las Colonias,Progreso,0063,MOVIMIENTO AL SOCIALISMO,agrupacion,5,NO DECLARADO,xlsx_votos_por_localidad
2015,PASO,2015-08-09,PRESIDENTE Y VICE,21,Santa Fe,Las Colonias,Progreso,0063,MOVIMIENTO DE ACCION VECINAL,agrupacion,1,NO DECLARADO,xlsx_votos_por_localidad
2015,PASO,2015-08-09,PRESIDENTE Y VICE,21,Santa Fe,Las Colonias,Progreso,0063,MST - NUEVA IZQUIERDA,agrupacion,2,NO DECLARADO,xlsx_votos_por_localidad
2015,PASO,2015-08-09,PRESIDENTE Y VICE,21,Santa Fe,Las Colonias,Progreso,0063,NULO,nulos,26,NO DECLARADO,xlsx_votos_por_localidad
2015,PASO,2015-08-09,PRESIDENTE Y VICE,21,Santa Fe,Las Colonias,Progreso,0063,PARTIDO POPULAR,agrupacion,6,NO DECLARADO,xlsx_votos_por_localidad
2015,PASO,2015-08-09,PRESIDENTE Y VICE,21,Santa Fe,Las Colonias,Progreso,0063,POSITIVO,positivo,1451,NO DECLARADO,xlsx_votos_por_localidad
2015,PASO,2015-08-09,PRESIDENTE Y VICE,21,Santa Fe,Las Colonias,Progreso,0063,RECURRIDO,recurridos,0,NO DECLARADO,xlsx_votos_por_localidad
2015,PASO,2015-08-09,PRESIDENTE Y VICE,21,Santa Fe,Las Colonias,San Carlos Centro,0044,ALIANZA CAMBIEMOS,agrupacion,2498,NO DECLARADO,xlsx_votos_por_localidad
2015,PASO,2015-08-09,PRESIDENTE Y VICE,21,Santa Fe,Las Colonias,San Carlos Centro,0044,ALIANZA COMPROMISO FEDERAL,agrupacion,215,NO DECLARADO,xlsx_votos_por_localidad
2015,PASO,2015-08-09,PRESIDENTE Y VICE,21,Santa Fe,Las Colonias,San Carlos Centro,0044,ALIANZA FRENTE DE IZQUIERDA Y DE LOS TRABAJADORES,agrupacion,87,NO DECLARADO,xlsx_votos_por_localidad
2015,PASO,2015-08-09,PRESIDENTE Y VICE,21,Santa Fe,Las Colonias,San Carlos Centro,0044,ALIANZA FRENTE PARA LA VICTORIA,agrupacion,1785,NO DECLARADO,xlsx_votos_por_localidad
2015,PASO,2015-08-09,PRESIDENTE Y VICE,21,Santa Fe,Las Colonias,San Carlos Centro,0044,ALIANZA FRENTE POPULAR,agrupacion,13,NO DECLARADO,xlsx_votos_por_localidad
2015,PASO,2015-08-09,PRESIDENTE Y VICE,21,Santa Fe,Las Colonias,San Carlos Centro,0044,ALIANZA PROGRESISTAS,agrupacion,322,NO DECLARADO,xlsx_votos_por_localidad
2015,PASO,2015-08-09,PRESIDENTE Y VICE,21,Santa Fe,Las Colonias,San Carlos Centro,0044,ALIANZA UNIDOS POR UNA NUEVA ALTERNATIVA (UNA),agrupacion,1465,NO DECLARADO,xlsx_votos_por_localidad
2015,PASO,2015-08-09,PRESIDENTE Y VICE,21,Santa Fe,Las Colonias,San Carlos Centro,0044,EN BLANCO,blancos,423,NO DECLARADO,xlsx_votos_por_localidad
2015,PASO,2015-08-09,PRESIDENTE Y VICE,21,Santa Fe,Las Colonias,San Carlos Centro,0044,IMPUGNADO,impugnados,0,NO DECLARADO,xlsx_votos_por_localidad
2015,PASO,2015-08-09,PRESIDENTE Y VICE,21,Santa Fe,Las Colonias,San Carlos Centro,0044,MOVIMIENTO AL SOCIALISMO,agrupacion,36,NO DECLARADO,xlsx_votos_por_localidad
2015,PASO,2015-08-09,PRESIDENTE Y VICE,21,Santa Fe,Las Colonias,San Carlos Centro,0044,MOVIMIENTO DE ACCION VECINAL,agrupacion,7,NO DECLARADO,xlsx_votos_por_localidad
2015,PASO,2015-08-09,PRESIDENTE Y VICE,21,Santa Fe,Las Colonias,San Carlos Centro,0044,MST - NUEVA IZQUIERDA,agrupacion,18,NO DECLARADO,xlsx_votos_por_localidad
2015,PASO,2015-08-09,PRESIDENTE Y VICE,21,Santa Fe,Las Colonias,San Carlos Centro,0044,NULO,nulos,90,NO DECLARADO,xlsx_votos_por_localidad
2015,PASO,2015-08-09,PRESIDENTE Y VICE,21,Santa Fe,Las Colonias,San Carlos Centro,0044,PARTIDO POPULAR,agrupacion,10,NO DECLARADO,xlsx_votos_por_localidad
2015,PASO,2015-08-09,PRESIDENTE Y VICE,21,Santa Fe,Las Colonias,San Carlos Centro,0044,POSITIVO,positivo,6456,NO DECLARADO,xlsx_votos_por_localidad
2015,PASO,2015-08-09,PRESIDENTE Y VICE,21,Santa Fe,Las Colonias,San Carlos Centro,0044,RECURRIDO,recurridos,0,NO DECLARADO,xlsx_votos_por_localidad
2015,PASO,2015-08-09,PRESIDENTE Y VICE,21,Santa Fe,Las Colonias,San Carlos Sud,0043,ALIANZA CAMBIEMOS,agrupacion,425,NO DECLARADO,xlsx_votos_por_localidad
2015,PASO,2015-08-09,PRESIDENTE Y VICE,21,Santa Fe,Las Colonias,San Carlos Sud,0043,ALIANZA COMPROMISO FEDERAL,agrupacion,31,NO DECLARADO,xlsx_votos_por_localidad
2015,PASO,2015-08-09,PRESIDENTE Y VICE,21,Santa Fe,Las Colonias,San Carlos Sud,0043,ALIANZA FRENTE DE IZQUIERDA Y DE LOS TRABAJADORES,agrupacion,18,NO DECLARADO,xlsx_votos_por_localidad
2015,PASO,2015-08-09,PRESIDENTE Y VICE,21,Santa Fe,Las Colonias,San Carlos Sud,0043,ALIANZA FRENTE PARA LA VICTORIA,agrupacion,356,NO DECLARADO,xlsx_votos_por_localidad
2015,PASO,2015-08-09,PRESIDENTE Y VICE,21,Santa Fe,Las Colonias,San Carlos Sud,0043,ALIANZA FRENTE POPULAR,agrupacion,1,NO DECLARADO,xlsx_votos_por_localidad
2015,PASO,2015-08-09,PRESIDENTE Y VICE,21,Santa Fe,Las Colonias,San Carlos Sud,0043,ALIANZA PROGRESISTAS,agrupacion,54,NO DECLARADO,xlsx_votos_por_localidad
2015,PASO,2015-08-09,PRESIDENTE Y VICE,21,Santa Fe,Las Colonias,San Carlos Sud,0043,ALIANZA UNIDOS POR UNA NUEVA ALTERNATIVA (UNA),agrupacion,337,NO DECLARADO,xlsx_votos_por_localidad
2015,PASO,2015-08-09,PRESIDENTE Y VICE,21,Santa Fe,Las Colonias,San Carlos Sud,0043,EN BLANCO,blancos,117,NO DECLARADO,xlsx_votos_por_localidad
2015,PASO,2015-08-09,PRESIDENTE Y VICE,21,Santa Fe,Las Colonias,San Carlos Sud,0043,IMPUGNADO,impugnados,0,NO DECLARADO,xlsx_votos_por_localidad
2015,PASO,2015-08-09,PRESIDENTE Y VICE,21,Santa Fe,Las Colonias,San Carlos Sud,0043,MOVIMIENTO AL SOCIALISMO,agrupacion,6,NO DECLARADO,xlsx_votos_por_localidad
2015,PASO,2015-08-09,PRESIDENTE Y VICE,21,Santa Fe,Las Colonias,San Carlos Sud,0043,MOVIMIENTO DE ACCION VECINAL,agrupacion,1,NO DECLARADO,xlsx_votos_por_localidad
2015,PASO,2015-08-09,PRESIDENTE Y VICE,21,Santa Fe,Las Colonias,San Carlos Sud,0043,MST - NUEVA IZQUIERDA,agrupacion,3,NO DECLARADO,xlsx_votos_por_localidad
2015,PASO,2015-08-09,PRESIDENTE Y VICE,21,Santa Fe,Las Colonias,San Carlos Sud,0043,NULO,nulos,7,NO DECLARADO,xlsx_votos_por_localidad
2015,PASO,2015-08-09,PRESIDENTE Y VICE,21,Santa Fe,Las Colonias,San Carlos Sud,0043,PARTIDO POPULAR,agrupacion,1,NO DECLARADO,xlsx_votos_por_localidad
2015,PASO,2015-08-09,PRESIDENTE Y VICE,21,Santa Fe,Las Colonias,San Carlos Sud,0043,POSITIVO,positivo,1233,NO DECLARADO,xlsx_votos_por_localidad
2015,PASO,2015-08-09,PRESIDENTE Y VICE,21,Santa Fe,Las Colonias,San Carlos Sud,0043,RECURRIDO,recurridos,0,NO DECLARADO,xlsx_votos_por_localidad
2015,PASO,2015-08-09,PRESIDENTE Y VICE,21,Santa Fe,Las Colonias,San Jerónimo Norte,0052,ALIANZA CAMBIEMOS,agrupacion,1850,NO DECLARADO,xlsx_votos_por_localidad
2015,PASO,2015-08-09,PRESIDENTE Y VICE,21,Santa Fe,Las Colonias,San Jerónimo Norte,0052,ALIANZA COMPROMISO FEDERAL,agrupacion,137,NO DECLARADO,xlsx_votos_por_localidad
2015,PASO,2015-08-09,PRESIDENTE Y VICE,21,Santa Fe,Las Colonias,San Jerónimo Norte,0052,ALIANZA FRENTE DE IZQUIERDA Y DE LOS TRABAJADORES,agrupacion,57,NO DECLARADO,xlsx_votos_por_localidad
2015,PASO,2015-08-09,PRESIDENTE Y VICE,21,Santa Fe,Las Colonias,San Jerónimo Norte,0052,ALIANZA FRENTE PARA LA VICTORIA,agrupacion,711,NO DECLARADO,xlsx_votos_por_localidad
2015,PASO,2015-08-09,PRESIDENTE Y VICE,21,Santa Fe,Las Colonias,San Jerónimo Norte,0052,ALIANZA FRENTE POPULAR,agrupacion,4,NO DECLARADO,xlsx_votos_por_localidad
2015,PASO,2015-08-09,PRESIDENTE Y VICE,21,Santa Fe,Las Colonias,San Jerónimo Norte,0052,ALIANZA PROGRESISTAS,agrupacion,215,NO DECLARADO,xlsx_votos_por_localidad
2015,PASO,2015-08-09,PRESIDENTE Y VICE,21,Santa Fe,Las Colonias,San Jerónimo Norte,0052,ALIANZA UNIDOS POR UNA NUEVA ALTERNATIVA (UNA),agrupacion,939,NO DECLARADO,xlsx_votos_por_localidad
2015,PASO,2015-08-09,PRESIDENTE Y VICE,21,Santa Fe,Las Colonias,San Jerónimo Norte,0052,EN BLANCO,blancos,224,NO DECLARADO,xlsx_votos_por_localidad
2015,PASO,2015-08-09,PRESIDENTE Y VICE,21,Santa Fe,Las Colonias,San Jerónimo Norte,0052,IMPUGNADO,impugnados,0,NO DECLARADO,xlsx_votos_por_localidad
2015,PASO,2015-08-09,PRESIDENTE Y VICE,21,Santa Fe,Las Colonias,San Jerónimo Norte,0052,MOVIMIENTO AL SOCIALISMO,agrupacion,27,NO DECLARADO,xlsx_votos_por_localidad
2015,PASO,2015-08-09,PRESIDENTE Y VICE,21,Santa Fe,Las Colonias,San Jerónimo Norte,0052,MOVIMIENTO DE ACCION VECINAL,agrupacion,2,NO DECLARADO,xlsx_votos_por_localidad
2015,PASO,2015-08-09,PRESIDENTE Y VICE,21,Santa Fe,Las Colonias,San Jerónimo Norte,0052,MST - NUEVA IZQUIERDA,agrupacion,8,NO DECLARADO,xlsx_votos_por_localidad
2015,PASO,2015-08-09,PRESIDENTE Y VICE,21,Santa Fe,Las Colonias,San Jerónimo Norte,0052,NULO,nulos,86,NO DECLARADO,xlsx_votos_por_localidad
2015,PASO,2015-08-09,PRESIDENTE Y VICE,21,Santa Fe,Las Colonias,San Jerónimo Norte,0052,PARTIDO POPULAR,agrupacion,13,NO DECLARADO,xlsx_votos_por_localidad
2015,PASO,2015-08-09,PRESIDENTE Y VICE,21,Santa Fe,Las Colonias,San Jerónimo Norte,0052,POSITIVO,positivo,3963,NO DECLARADO,xlsx_votos_por_localidad
2015,PASO,2015-08-09,PRESIDENTE Y VICE,21,Santa Fe,Las Colonias,San Jerónimo Norte,0052,RECURRIDO,recurridos,0,NO DECLARADO,xlsx_votos_por_localidad
2015,PASO,2015-08-09,PRESIDENTE Y VICE,21,Santa Fe,Las Colonias,Santa Clara de Buena Vista,0046,ALIANZA CAMBIEMOS,agrupacion,592,NO DECLARADO,xlsx_votos_por_localidad
2015,PASO,2015-08-09,PRESIDENTE Y VICE,21,Santa Fe,Las Colonias,Santa Clara de Buena Vista,0046,ALIANZA COMPROMISO FEDERAL,agrupacion,52,NO DECLARADO,xlsx_votos_por_localidad
2015,PASO,2015-08-09,PRESIDENTE Y VICE,21,Santa Fe,Las Colonias,Santa Clara de Buena Vista,0046,ALIANZA FRENTE DE IZQUIERDA Y DE LOS TRABAJADORES,agrupacion,22,NO DECLARADO,xlsx_votos_por_localidad
2015,PASO,2015-08-09,PRESIDENTE Y VICE,21,Santa Fe,Las Colonias,Santa Clara de Buena Vista,0046,ALIANZA FRENTE PARA LA VICTORIA,agrupacion,357,NO DECLARADO,xlsx_votos_por_localidad
2015,PASO,2015-08-09,PRESIDENTE Y VICE,21,Santa Fe,Las Colonias,Santa Clara de Buena Vista,0046,ALIANZA FRENTE POPULAR,agrupacion,2,NO DECLARADO,xlsx_votos_por_localidad
2015,PASO,2015-08-09,PRESIDENTE Y VICE,21,Santa Fe,Las Colonias,Santa Clara de Buena Vista,0046,ALIANZA PROGRESISTAS,agrupacion,74,NO DECLARADO,xlsx_votos_por_localidad
2015,PASO,2015-08-09,PRESIDENTE Y VICE,21,Santa Fe,Las Colonias,Santa Clara de Buena Vista,0046,ALIANZA UNIDOS POR UNA NUEVA ALTERNATIVA (UNA),agrupacion,409,NO DECLARADO,xlsx_votos_por_localidad
2015,PASO,2015-08-09,PRESIDENTE Y VICE,21,Santa Fe,Las Colonias,Santa Clara de Buena Vista,0046,EN BLANCO,blancos,124,NO DECLARADO,xlsx_votos_por_localidad
2015,PASO,2015-08-09,PRESIDENTE Y VICE,21,Santa Fe,Las Colonias,Santa Clara de Buena Vista,0046,IMPUGNADO,impugnados,0,NO DECLARADO,xlsx_votos_por_localidad
2015,PASO,2015-08-09,PRESIDENTE Y VICE,21,Santa Fe,Las Colonias,Santa Clara de Buena Vista,0046,MOVIMIENTO AL SOCIALISMO,agrupacion,8,NO DECLARADO,xlsx_votos_por_localidad
2015,PASO,2015-08-09,PRESIDENTE Y VICE,21,Santa Fe,Las Colonias,Santa Clara de Buena Vista,0046,MOVIMIENTO DE ACCION VECINAL,agrupacion,2,NO DECLARADO,xlsx_votos_por_localidad
2015,PASO,2015-08-09,PRESIDENTE Y VICE,21,Santa Fe,Las Colonias,Santa Clara de Buena Vista,0046,MST - NUEVA IZQUIERDA,agrupacion,2,NO DECLARADO,xlsx_votos_por_localidad
2015,PASO,2015-08-09,PRESIDENTE Y VICE,21,Santa Fe,Las Colonias,Santa Clara de Buena Vista,0046,NULO,nulos,14,NO DECLARADO,xlsx_votos_por_localidad
2015,PASO,2015-08-09,PRESIDENTE Y VICE,21,Santa Fe,Las Colonias,Santa Clara de Buena Vista,0046,PARTIDO POPULAR,agrupacion,6,NO DECLARADO,xlsx_votos_por_localidad
2015,PASO,2015-08-09,PRESIDENTE Y VICE,21,Santa Fe,Las Colonias,Santa Clara de Buena Vista,0046,POSITIVO,positivo,1526,NO DECLARADO,xlsx_votos_por_localidad
2015,PASO,2015-08-09,PRESIDENTE Y VICE,21,Santa Fe,Las Colonias,Santa Clara de Buena Vista,0046,RECURRIDO,recurridos,0,NO DECLARADO,xlsx_votos_por_localidad
2015,PASO,2015-08-09,PRESIDENTE Y VICE,21,Santa Fe,San Martín,Carlos Pellegrini,0160,ALIANZA CAMBIEMOS,agrupacion,1305,NO DECLARADO,xlsx_votos_por_localidad
2015,PASO,2015-08-09,PRESIDENTE Y VICE,21,Santa Fe,San Martín,Carlos Pellegrini,0160,ALIANZA COMPROMISO FEDERAL,agrupacion,91,NO DECLARADO,xlsx_votos_por_localidad
2015,PASO,2015-08-09,PRESIDENTE Y VICE,21,Santa Fe,San Martín,Carlos Pellegrini,0160,ALIANZA FRENTE DE IZQUIERDA Y DE LOS TRABAJADORES,agrupacion,34,NO DECLARADO,xlsx_votos_por_localidad
2015,PASO,2015-08-09,PRESIDENTE Y VICE,21,Santa Fe,San Martín,Carlos Pellegrini,0160,ALIANZA FRENTE PARA LA VICTORIA,agrupacion,621,NO DECLARADO,xlsx_votos_por_localidad
2015,PASO,2015-08-09,PRESIDENTE Y VICE,21,Santa Fe,San Martín,Carlos Pellegrini,0160,ALIANZA FRENTE POPULAR,agrupacion,18,NO DECLARADO,xlsx_votos_por_localidad
2015,PASO,2015-08-09,PRESIDENTE Y VICE,21,Santa Fe,San Martín,Carlos Pellegrini,0160,ALIANZA PROGRESISTAS,agrupacion,120,NO DECLARADO,xlsx_votos_por_localidad
2015,PASO,2015-08-09,PRESIDENTE Y VICE,21,Santa Fe,San Martín,Carlos Pellegrini,0160,ALIANZA UNIDOS POR UNA NUEVA ALTERNATIVA (UNA),agrupacion,744,NO DECLARADO,xlsx_votos_por_localidad
2015,PASO,2015-08-09,PRESIDENTE Y VICE,21,Santa Fe,San Martín,Carlos Pellegrini,0160,EN BLANCO,blancos,149,NO DECLARADO,xlsx_votos_por_localidad
2015,PASO,2015-08-09,PRESIDENTE Y VICE,21,Santa Fe,San Martín,Carlos Pellegrini,0160,IMPUGNADO,impugnados,0,NO DECLARADO,xlsx_votos_por_localidad
2015,PASO,2015-08-09,PRESIDENTE Y VICE,21,Santa Fe,San Martín,Carlos Pellegrini,0160,MOVIMIENTO AL SOCIALISMO,agrupacion,15,NO DECLARADO,xlsx_votos_por_localidad
2015,PASO,2015-08-09,PRESIDENTE Y VICE,21,Santa Fe,San Martín,Carlos Pellegrini,0160,MOVIMIENTO DE ACCION VECINAL,agrupacion,5,NO DECLARADO,xlsx_votos_por_localidad
2015,PASO,2015-08-09,PRESIDENTE Y VICE,21,Santa Fe,San Martín,Carlos Pellegrini,0160,MST - NUEVA IZQUIERDA,agrupacion,4,NO DECLARADO,xlsx_votos_por_localidad
2015,PASO,2015-08-09,PRESIDENTE Y VICE,21,Santa Fe,San Martín,Carlos Pellegrini,0160,NULO,nulos,58,NO DECLARADO,xlsx_votos_por_localidad
2015,PASO,2015-08-09,PRESIDENTE Y VICE,21,Santa Fe,San Martín,Carlos Pellegrini,0160,PARTIDO POPULAR,agrupacion,11,NO DECLARADO,xlsx_votos_por_localidad
2015,PASO,2015-08-09,PRESIDENTE Y VICE,21,Santa Fe,San Martín,Carlos Pellegrini,0160,POSITIVO,positivo,2968,NO DECLARADO,xlsx_votos_por_localidad
2015,PASO,2015-08-09,PRESIDENTE Y VICE,21,Santa Fe,San Martín,Carlos Pellegrini,0160,RECURRIDO,recurridos,0,NO DECLARADO,xlsx_votos_por_localidad
2015,PASO,2015-08-09,PRESIDENTE Y VICE,21,Santa Fe,San Martín,Cañada Rosquín,0161,ALIANZA CAMBIEMOS,agrupacion,1125,NO DECLARADO,xlsx_votos_por_localidad
2015,PASO,2015-08-09,PRESIDENTE Y VICE,21,Santa Fe,San Martín,Cañada Rosquín,0161,ALIANZA COMPROMISO FEDERAL,agrupacion,103,NO DECLARADO,xlsx_votos_por_localidad
2015,PASO,2015-08-09,PRESIDENTE Y VICE,21,Santa Fe,San Martín,Cañada Rosquín,0161,ALIANZA FRENTE DE IZQUIERDA Y DE LOS TRABAJADORES,agrupacion,41,NO DECLARADO,xlsx_votos_por_localidad
2015,PASO,2015-08-09,PRESIDENTE Y VICE,21,Santa Fe,San Martín,Cañada Rosquín,0161,ALIANZA FRENTE PARA LA VICTORIA,agrupacion,675,NO DECLARADO,xlsx_votos_por_localidad
2015,PASO,2015-08-09,PRESIDENTE Y VICE,21,Santa Fe,San Martín,Cañada Rosquín,0161,ALIANZA FRENTE POPULAR,agrupacion,7,NO DECLARADO,xlsx_votos_por_localidad
2015,PASO,2015-08-09,PRESIDENTE Y VICE,21,Santa Fe,San Martín,Cañada Rosquín,0161,ALIANZA PROGRESISTAS,agrupacion,143,NO DECLARADO,xlsx_votos_por_localidad
2015,PASO,2015-08-09,PRESIDENTE Y VICE,21,Santa Fe,San Martín,Cañada Rosquín,0161,ALIANZA UNIDOS POR UNA NUEVA ALTERNATIVA (UNA),agrupacion,726,NO DECLARADO,xlsx_votos_por_localidad
2015,PASO,2015-08-09,PRESIDENTE Y VICE,21,Santa Fe,San Martín,Cañada Rosquín,0161,EN BLANCO,blancos,159,NO DECLARADO,xlsx_votos_por_localidad
2015,PASO,2015-08-09,PRESIDENTE Y VICE,21,Santa Fe,San Martín,Cañada Rosquín,0161,IMPUGNADO,impugnados,0,NO DECLARADO,xlsx_votos_por_localidad
2015,PASO,2015-08-09,PRESIDENTE Y VICE,21,Santa Fe,San Martín,Cañada Rosquín,0161,MOVIMIENTO AL SOCIALISMO,agrupacion,17,NO DECLARADO,xlsx_votos_por_localidad
2015,PASO,2015-08-09,PRESIDENTE Y VICE,21,Santa Fe,San Martín,Cañada Rosquín,0161,MOVIMIENTO DE ACCION VECINAL,agrupacion,3,NO DECLARADO,xlsx_votos_por_localidad
2015,PASO,2015-08-09,PRESIDENTE Y VICE,21,Santa Fe,San Martín,Cañada Rosquín,0161,MST - NUEVA IZQUIERDA,agrupacion,6,NO DECLARADO,xlsx_votos_por_localidad
2015,PASO,2015-08-09,PRESIDENTE Y VICE,21,Santa Fe,San Martín,Cañada Rosquín,0161,NULO,nulos,49,NO DECLARADO,xlsx_votos_por_localidad
2015,PASO,2015-08-09,PRESIDENTE Y VICE,21,Santa Fe,San Martín,Cañada Rosquín,0161,PARTIDO POPULAR,agrupacion,7,NO DECLARADO,xlsx_votos_por_localidad
2015,PASO,2015-08-09,PRESIDENTE Y VICE,21,Santa Fe,San Martín,Cañada Rosquín,0161,POSITIVO,positivo,2853,NO DECLARADO,xlsx_votos_por_localidad
2015,PASO,2015-08-09,PRESIDENTE Y VICE,21,Santa Fe,San Martín,Cañada Rosquín,0161,RECURRIDO,recurridos,0,NO DECLARADO,xlsx_votos_por_localidad
2015,PASO,2015-08-09,PRESIDENTE Y VICE,21,Santa Fe,San Martín,El Trébol,0165,ALIANZA CAMBIEMOS,agrupacion,2162,NO DECLARADO,xlsx_votos_por_localidad
2015,PASO,2015-08-09,PRESIDENTE Y VICE,21,Santa Fe,San Martín,El Trébol,0165,ALIANZA COMPROMISO FEDERAL,agrupacion,169,NO DECLARADO,xlsx_votos_por_localidad
2015,PASO,2015-08-09,PRESIDENTE Y VICE,21,Santa Fe,San Martín,El Trébol,0165,ALIANZA FRENTE DE IZQUIERDA Y DE LOS TRABAJADORES,agrupacion,83,NO DECLARADO,xlsx_votos_por_localidad
2015,PASO,2015-08-09,PRESIDENTE Y VICE,21,Santa Fe,San Martín,El Trébol,0165,ALIANZA FRENTE PARA LA VICTORIA,agrupacion,1607,NO DECLARADO,xlsx_votos_por_localidad
2015,PASO,2015-08-09,PRESIDENTE Y VICE,21,Santa Fe,San Martín,El Trébol,0165,ALIANZA FRENTE POPULAR,agrupacion,21,NO DECLARADO,xlsx_votos_por_localidad
2015,PASO,2015-08-09,PRESIDENTE Y VICE,21,Santa Fe,San Martín,El Trébol,0165,ALIANZA PROGRESISTAS,agrupacion,349,NO DECLARADO,xlsx_votos_por_localidad
2015,PASO,2015-08-09,PRESIDENTE Y VICE,21,Santa Fe,San Martín,El Trébol,0165,ALIANZA UNIDOS POR UNA NUEVA ALTERNATIVA (UNA),agrupacion,1753,NO DECLARADO,xlsx_votos_por_localidad
2015,PASO,2015-08-09,PRESIDENTE Y VICE,21,Santa Fe,San Martín,El Trébol,0165,EN BLANCO,blancos,312,NO DECLARADO,xlsx_votos_por_localidad
2015,PASO,2015-08-09,PRESIDENTE Y VICE,21,Santa Fe,San Martín,El Trébol,0165,IMPUGNADO,impugnados,0,NO DECLARADO,xlsx_votos_por_localidad
2015,PASO,2015-08-09,PRESIDENTE Y VICE,21,Santa Fe,San Martín,El Trébol,0165,MOVIMIENTO AL SOCIALISMO,agrupacion,18,NO DECLARADO,xlsx_votos_por_localidad
2015,PASO,2015-08-09,PRESIDENTE Y VICE,21,Santa Fe,San Martín,El Trébol,0165,MOVIMIENTO DE ACCION VECINAL,agrupacion,11,NO DECLARADO,xlsx_votos_por_localidad
2015,PASO,2015-08-09,PRESIDENTE Y VICE,21,Santa Fe,San Martín,El Trébol,0165,MST - NUEVA IZQUIERDA,agrupacion,7,NO DECLARADO,xlsx_votos_por_localidad
2015,PASO,2015-08-09,PRESIDENTE Y VICE,21,Santa Fe,San Martín,El Trébol,0165,NULO,nulos,103,NO DECLARADO,xlsx_votos_por_localidad
2015,PASO,2015-08-09,PRESIDENTE Y VICE,21,Santa Fe,San Martín,El Trébol,0165,PARTIDO POPULAR,agrupacion,9,NO DECLARADO,xlsx_votos_por_localidad
2015,PASO,2015-08-09,PRESIDENTE Y VICE,21,Santa Fe,San Martín,El Trébol,0165,POSITIVO,positivo,6189,NO DECLARADO,xlsx_votos_por_localidad
2015,PASO,2015-08-09,PRESIDENTE Y VICE,21,Santa Fe,San Martín,El Trébol,0165,RECURRIDO,recurridos,0,NO DECLARADO,xlsx_votos_por_localidad
2015,PASO,2015-08-09,PRESIDENTE Y VICE,21,Santa Fe,San Martín,María Susana,0166,ALIANZA CAMBIEMOS,agrupacion,1011,NO DECLARADO,xlsx_votos_por_localidad
2015,PASO,2015-08-09,PRESIDENTE Y VICE,21,Santa Fe,San Martín,María Susana,0166,ALIANZA COMPROMISO FEDERAL,agrupacion,43,NO DECLARADO,xlsx_votos_por_localidad
2015,PASO,2015-08-09,PRESIDENTE Y VICE,21,Santa Fe,San Martín,María Susana,0166,ALIANZA FRENTE DE IZQUIERDA Y DE LOS TRABAJADORES,agrupacion,13,NO DECLARADO,xlsx_votos_por_localidad
2015,PASO,2015-08-09,PRESIDENTE Y VICE,21,Santa Fe,San Martín,María Susana,0166,ALIANZA FRENTE PARA LA VICTORIA,agrupacion,314,NO DECLARADO,xlsx_votos_por_localidad
2015,PASO,2015-08-09,PRESIDENTE Y VICE,21,Santa Fe,San Martín,María Susana,0166,ALIANZA FRENTE POPULAR,agrupacion,4,NO DECLARADO,xlsx_votos_por_localidad
2015,PASO,2015-08-09,PRESIDENTE Y VICE,21,Santa Fe,San Martín,María Susana,0166,ALIANZA PROGRESISTAS,agrupacion,62,NO DECLARADO,xlsx_votos_por_localidad
2015,PASO,2015-08-09,PRESIDENTE Y VICE,21,Santa Fe,San Martín,María Susana,0166,ALIANZA UNIDOS POR UNA NUEVA ALTERNATIVA (UNA),agrupacion,490,NO DECLARADO,xlsx_votos_por_localidad
2015,PASO,2015-08-09,PRESIDENTE Y VICE,21,Santa Fe,San Martín,María Susana,0166,EN BLANCO,blancos,80,NO DECLARADO,xlsx_votos_por_localidad
2015,PASO,2015-08-09,PRESIDENTE Y VICE,21,Santa Fe,San Martín,María Susana,0166,IMPUGNADO,impugnados,0,NO DECLARADO,xlsx_votos_por_localidad
2015,PASO,2015-08-09,PRESIDENTE Y VICE,21,Santa Fe,San Martín,María Susana,0166,MOVIMIENTO AL SOCIALISMO,agrupacion,3,NO DECLARADO,xlsx_votos_por_localidad
2015,PASO,2015-08-09,PRESIDENTE Y VICE,21,Santa Fe,San Martín,María Susana,0166,MOVIMIENTO DE ACCION VECINAL,agrupacion,3,NO DECLARADO,xlsx_votos_por_localidad
2015,PASO,2015-08-09,PRESIDENTE Y VICE,21,Santa Fe,San Martín,María Susana,0166,MST - NUEVA IZQUIERDA,agrupacion,2,NO DECLARADO,xlsx_votos_por_localidad
2015,PASO,2015-08-09,PRESIDENTE Y VICE,21,Santa Fe,San Martín,María Susana,0166,NULO,nulos,46,NO DECLARADO,xlsx_votos_por_localidad
2015,PASO,2015-08-09,PRESIDENTE Y VICE,21,Santa Fe,San Martín,María Susana,0166,PARTIDO POPULAR,agrupacion,6,NO DECLARADO,xlsx_votos_por_localidad
2015,PASO,2015-08-09,PRESIDENTE Y VICE,21,Santa Fe,San Martín,María Susana,0166,POSITIVO,positivo,1951,NO DECLARADO,xlsx_votos_por_localidad
2015,PASO,2015-08-09,PRESIDENTE Y VICE,21,Santa Fe,San Martín,María Susana,0166,RECURRIDO,recurridos,0,NO DECLARADO,xlsx_votos_por_localidad
2015,PASO,2015-08-09,PRESIDENTE Y VICE,21,Santa Fe,San Martín,Piamonte,0164,ALIANZA CAMBIEMOS,agrupacion,763,NO DECLARADO,xlsx_votos_por_localidad
2015,PASO,2015-08-09,PRESIDENTE Y VICE,21,Santa Fe,San Martín,Piamonte,0164,ALIANZA COMPROMISO FEDERAL,agrupacion,47,NO DECLARADO,xlsx_votos_por_localidad
2015,PASO,2015-08-09,PRESIDENTE Y VICE,21,Santa Fe,San Martín,Piamonte,0164,ALIANZA FRENTE DE IZQUIERDA Y DE LOS TRABAJADORES,agrupacion,31,NO DECLARADO,xlsx_votos_por_localidad
2015,PASO,2015-08-09,PRESIDENTE Y VICE,21,Santa Fe,San Martín,Piamonte,0164,ALIANZA FRENTE PARA LA VICTORIA,agrupacion,324,NO DECLARADO,xlsx_votos_por_localidad
2015,PASO,2015-08-09,PRESIDENTE Y VICE,21,Santa Fe,San Martín,Piamonte,0164,ALIANZA FRENTE POPULAR,agrupacion,6,NO DECLARADO,xlsx_votos_por_localidad
2015,PASO,2015-08-09,PRESIDENTE Y VICE,21,Santa Fe,San Martín,Piamonte,0164,ALIANZA PROGRESISTAS,agrupacion,77,NO DECLARADO,xlsx_votos_por_localidad
2015,PASO,2015-08-09,PRESIDENTE Y VICE,21,Santa Fe,San Martín,Piamonte,0164,ALIANZA UNIDOS POR UNA NUEVA ALTERNATIVA (UNA),agrupacion,464,NO DECLARADO,xlsx_votos_por_localidad
2015,PASO,2015-08-09,PRESIDENTE Y VICE,21,Santa Fe,San Martín,Piamonte,0164,EN BLANCO,blancos,129,NO DECLARADO,xlsx_votos_por_localidad
2015,PASO,2015-08-09,PRESIDENTE Y VICE,21,Santa Fe,San Martín,Piamonte,0164,IMPUGNADO,impugnados,0,NO DECLARADO,xlsx_votos_por_localidad
2015,PASO,2015-08-09,PRESIDENTE Y VICE,21,Santa Fe,San Martín,Piamonte,0164,MOVIMIENTO AL SOCIALISMO,agrupacion,5,NO DECLARADO,xlsx_votos_por_localidad
2015,PASO,2015-08-09,PRESIDENTE Y VICE,21,Santa Fe,San Martín,Piamonte,0164,MOVIMIENTO DE ACCION VECINAL,agrupacion,5,NO DECLARADO,xlsx_votos_por_localidad
2015,PASO,2015-08-09,PRESIDENTE Y VICE,21,Santa Fe,San Martín,Piamonte,0164,MST - NUEVA IZQUIERDA,agrupacion,5,NO DECLARADO,xlsx_votos_por_localidad
2015,PASO,2015-08-09,PRESIDENTE Y VICE,21,Santa Fe,San Martín,Piamonte,0164,NULO,nulos,34,NO DECLARADO,xlsx_votos_por_localidad
2015,PASO,2015-08-09,PRESIDENTE Y VICE,21,Santa Fe,San Martín,Piamonte,0164,PARTIDO POPULAR,agrupacion,4,NO DECLARADO,xlsx_votos_por_localidad
2015,PASO,2015-08-09,PRESIDENTE Y VICE,21,Santa Fe,San Martín,Piamonte,0164,POSITIVO,positivo,1731,NO DECLARADO,xlsx_votos_por_localidad
2015,PASO,2015-08-09,PRESIDENTE Y VICE,21,Santa Fe,San Martín,Piamonte,0164,RECURRIDO,recurridos,0,NO DECLARADO,xlsx_votos_por_localidad
2015,PASO,2015-08-09,PRESIDENTE Y VICE,21,Santa Fe,San Martín,San Jorge,0158,ALIANZA CAMBIEMOS,agrupacion,3518,NO DECLARADO,xlsx_votos_por_localidad
2015,PASO,2015-08-09,PRESIDENTE Y VICE,21,Santa Fe,San Martín,San Jorge,0158,ALIANZA COMPROMISO FEDERAL,agrupacion,252,NO DECLARADO,xlsx_votos_por_localidad
2015,PASO,2015-08-09,PRESIDENTE Y VICE,21,Santa Fe,San Martín,San Jorge,0158,ALIANZA FRENTE DE IZQUIERDA Y DE LOS TRABAJADORES,agrupacion,149,NO DECLARADO,xlsx_votos_por_localidad
2015,PASO,2015-08-09,PRESIDENTE Y VICE,21,Santa Fe,San Martín,San Jorge,0158,ALIANZA FRENTE PARA LA VICTORIA,agrupacion,2478,NO DECLARADO,xlsx_votos_por_localidad
2015,PASO,2015-08-09,PRESIDENTE Y VICE,21,Santa Fe,San Martín,San Jorge,0158,ALIANZA FRENTE POPULAR,agrupacion,25,NO DECLARADO,xlsx_votos_por_localidad
2015,PASO,2015-08-09,PRESIDENTE Y VICE,21,Santa Fe,San Martín,San Jorge,0158,ALIANZA PROGRESISTAS,agrupacion,428,NO DECLARADO,xlsx_votos_por_localidad
2015,PASO,2015-08-09,PRESIDENTE Y VICE,21,Santa Fe,San Martín,San Jorge,0158,ALIANZA UNIDOS POR UNA NUEVA ALTERNATIVA (UNA),agrupacion,2866,NO DECLARADO,xlsx_votos_por_localidad
2015,PASO,2015-08-09,PRESIDENTE Y VICE,21,Santa Fe,San Martín,San Jorge,0158,EN BLANCO,blancos,510,NO DECLARADO,xlsx_votos_por_localidad
2015,PASO,2015-08-09,PRESIDENTE Y VICE,21,Santa Fe,San Martín,San Jorge,0158,IMPUGNADO,impugnados,0,NO DECLARADO,xlsx_votos_por_localidad
2015,PASO,2015-08-09,PRESIDENTE Y VICE,21,Santa Fe,San Martín,San Jorge,0158,MOVIMIENTO AL SOCIALISMO,agrupacion,42,NO DECLARADO,xlsx_votos_por_localidad
2015,PASO,2015-08-09,PRESIDENTE Y VICE,21,Santa Fe,San Martín,San Jorge,0158,MOVIMIENTO DE ACCION VECINAL,agrupacion,7,NO DECLARADO,xlsx_votos_por_localidad
2015,PASO,2015-08-09,PRESIDENTE Y VICE,21,Santa Fe,San Martín,San Jorge,0158,MST - NUEVA IZQUIERDA,agrupacion,23,NO DECLARADO,xlsx_votos_por_localidad
2015,PASO,2015-08-09,PRESIDENTE Y VICE,21,Santa Fe,San Martín,San Jorge,0158,NULO,nulos,198,NO DECLARADO,xlsx_votos_por_localidad
2015,PASO,2015-08-09,PRESIDENTE Y VICE,21,Santa Fe,San Martín,San Jorge,0158,PARTIDO POPULAR,agrupacion,71,NO DECLARADO,xlsx_votos_por_localidad
2015,PASO,2015-08-09,PRESIDENTE Y VICE,21,Santa Fe,San Martín,San Jorge,0158,POSITIVO,positivo,9859,NO DECLARADO,xlsx_votos_por_localidad
2015,PASO,2015-08-09,PRESIDENTE Y VICE,21,Santa Fe,San Martín,San Jorge,0158,RECURRIDO,recurridos,0,NO DECLARADO,xlsx_votos_por_localidad
2015,PASO,2015-08-09,PRESIDENTE Y VICE,21,Santa Fe,San Martín,San Martín de las Escobas,0156,ALIANZA CAMBIEMOS,agrupacion,709,NO DECLARADO,xlsx_votos_por_localidad
2015,PASO,2015-08-09,PRESIDENTE Y VICE,21,Santa Fe,San Martín,San Martín de las Escobas,0156,ALIANZA COMPROMISO FEDERAL,agrupacion,49,NO DECLARADO,xlsx_votos_por_localidad
2015,PASO,2015-08-09,PRESIDENTE Y VICE,21,Santa Fe,San Martín,San Martín de las Escobas,0156,ALIANZA FRENTE DE IZQUIERDA Y DE LOS TRABAJADORES,agrupacion,14,NO DECLARADO,xlsx_votos_por_localidad
2015,PASO,2015-08-09,PRESIDENTE Y VICE,21,Santa Fe,San Martín,San Martín de las Escobas,0156,ALIANZA FRENTE PARA LA VICTORIA,agrupacion,234,NO DECLARADO,xlsx_votos_por_localidad
2015,PASO,2015-08-09,PRESIDENTE Y VICE,21,Santa Fe,San Martín,San Martín de las Escobas,0156,ALIANZA FRENTE POPULAR,agrupacion,1,NO DECLARADO,xlsx_votos_por_localidad
2015,PASO,2015-08-09,PRESIDENTE Y VICE,21,Santa Fe,San Martín,San Martín de las Escobas,0156,ALIANZA PROGRESISTAS,agrupacion,71,NO DECLARADO,xlsx_votos_por_localidad
2015,PASO,2015-08-09,PRESIDENTE Y VICE,21,Santa Fe,San Martín,San Martín de las Escobas,0156,ALIANZA UNIDOS POR UNA NUEVA ALTERNATIVA (UNA),agrupacion,359,NO DECLARADO,xlsx_votos_por_localidad
2015,PASO,2015-08-09,PRESIDENTE Y VICE,21,Santa Fe,San Martín,San Martín de las Escobas,0156,EN BLANCO,blancos,98,NO DECLARADO,xlsx_votos_por_localidad
2015,PASO,2015-08-09,PRESIDENTE Y VICE,21,Santa Fe,San Martín,San Martín de las Escobas,0156,IMPUGNADO,impugnados,0,NO DECLARADO,xlsx_votos_por_localidad
2015,PASO,2015-08-09,PRESIDENTE Y VICE,21,Santa Fe,San Martín,San Martín de las Escobas,0156,MOVIMIENTO AL SOCIALISMO,agrupacion,6,NO DECLARADO,xlsx_votos_por_localidad
2015,PASO,2015-08-09,PRESIDENTE Y VICE,21,Santa Fe,San Martín,San Martín de las Escobas,0156,MOVIMIENTO DE ACCION VECINAL,agrupacion,1,NO DECLARADO,xlsx_votos_por_localidad
2015,PASO,2015-08-09,PRESIDENTE Y VICE,21,Santa Fe,San Martín,San Martín de las Escobas,0156,MST - NUEVA IZQUIERDA,agrupacion,2,NO DECLARADO,xlsx_votos_por_localidad
2015,PASO,2015-08-09,PRESIDENTE Y VICE,21,Santa Fe,San Martín,San Martín de las Escobas,0156,NULO,nulos,13,NO DECLARADO,xlsx_votos_por_localidad
2015,PASO,2015-08-09,PRESIDENTE Y VICE,21,Santa Fe,San Martín,San Martín de las Escobas,0156,PARTIDO POPULAR,agrupacion,5,NO DECLARADO,xlsx_votos_por_localidad
2015,PASO,2015-08-09,PRESIDENTE Y VICE,21,Santa Fe,San Martín,San Martín de las Escobas,0156,POSITIVO,positivo,1451,NO DECLARADO,xlsx_votos_por_localidad
2015,PASO,2015-08-09,PRESIDENTE Y VICE,21,Santa Fe,San Martín,San Martín de las Escobas,0156,RECURRIDO,recurridos,0,NO DECLARADO,xlsx_votos_por_localidad
2015,PASO,2015-08-09,PRESIDENTE Y VICE,21,Santa Fe,San Martín,Sastre y Ortiz,0155,ALIANZA CAMBIEMOS,agrupacion,995,NO DECLARADO,xlsx_votos_por_localidad
2015,PASO,2015-08-09,PRESIDENTE Y VICE,21,Santa Fe,San Martín,Sastre y Ortiz,0155,ALIANZA COMPROMISO FEDERAL,agrupacion,108,NO DECLARADO,xlsx_votos_por_localidad
2015,PASO,2015-08-09,PRESIDENTE Y VICE,21,Santa Fe,San Martín,Sastre y Ortiz,0155,ALIANZA FRENTE DE IZQUIERDA Y DE LOS TRABAJADORES,agrupacion,70,NO DECLARADO,xlsx_votos_por_localidad
2015,PASO,2015-08-09,PRESIDENTE Y VICE,21,Santa Fe,San Martín,Sastre y Ortiz,0155,ALIANZA FRENTE PARA LA VICTORIA,agrupacion,997,NO DECLARADO,xlsx_votos_por_localidad
2015,PASO,2015-08-09,PRESIDENTE Y VICE,21,Santa Fe,San Martín,Sastre y Ortiz,0155,ALIANZA FRENTE POPULAR,agrupacion,9,NO DECLARADO,xlsx_votos_por_localidad
2015,PASO,2015-08-09,PRESIDENTE Y VICE,21,Santa Fe,San Martín,Sastre y Ortiz,0155,ALIANZA PROGRESISTAS,agrupacion,138,NO DECLARADO,xlsx_votos_por_localidad
2015,PASO,2015-08-09,PRESIDENTE Y VICE,21,Santa Fe,San Martín,Sastre y Ortiz,0155,ALIANZA UNIDOS POR UNA NUEVA ALTERNATIVA (UNA),agrupacion,737,NO DECLARADO,xlsx_votos_por_localidad
2015,PASO,2015-08-09,PRESIDENTE Y VICE,21,Santa Fe,San Martín,Sastre y Ortiz,0155,EN BLANCO,blancos,121,NO DECLARADO,xlsx_votos_por_localidad
2015,PASO,2015-08-09,PRESIDENTE Y VICE,21,Santa Fe,San Martín,Sastre y Ortiz,0155,IMPUGNADO,impugnados,0,NO DECLARADO,xlsx_votos_por_localidad
2015,PASO,2015-08-09,PRESIDENTE Y VICE,21,Santa Fe,San Martín,Sastre y Ortiz,0155,MOVIMIENTO AL SOCIALISMO,agrupacion,11,NO DECLARADO,xlsx_votos_por_localidad
2015,PASO,2015-08-09,PRESIDENTE Y VICE,21,Santa Fe,San Martín,Sastre y Ortiz,0155,MOVIMIENTO DE ACCION VECINAL,agrupacion,2,NO DECLARADO,xlsx_votos_por_localidad
2015,PASO,2015-08-09,PRESIDENTE Y VICE,21,Santa Fe,San Martín,Sastre y Ortiz,0155,MST - NUEVA IZQUIERDA,agrupacion,4,NO DECLARADO,xlsx_votos_por_localidad
2015,PASO,2015-08-09,PRESIDENTE Y VICE,21,Santa Fe,San Martín,Sastre y Ortiz,0155,NULO,nulos,62,NO DECLARADO,xlsx_votos_por_localidad
2015,PASO,2015-08-09,PRESIDENTE Y VICE,21,Santa Fe,San Martín,Sastre y Ortiz,0155,PARTIDO POPULAR,agrupacion,7,NO DECLARADO,xlsx_votos_por_localidad
2015,PASO,2015-08-09,PRESIDENTE Y VICE,21,Santa Fe,San Martín,Sastre y Ortiz,0155,POSITIVO,positivo,3078,NO DECLARADO,xlsx_votos_por_localidad
2015,PASO,2015-08-09,PRESIDENTE Y VICE,21,Santa Fe,San Martín,Sastre y Ortiz,0155,RECURRIDO,recurridos,1,NO DECLARADO,xlsx_votos_por_localidad
2019,GENERAL,2019-10-27,PRESIDENTE Y VICE,21,Santa Fe,Castellanos,Ataliva,0121,COMANDO,comando,2,NO DECLARADO,xlsx_votos_por_localidad
2019,GENERAL,2019-10-27,PRESIDENTE Y VICE,21,Santa Fe,Castellanos,Ataliva,0121,CONSENSO FEDERAL,agrupacion,77,NO DECLARADO,xlsx_votos_por_localidad
2019,GENERAL,2019-10-27,PRESIDENTE Y VICE,21,Santa Fe,Castellanos,Ataliva,0121,EN BLANCO,blancos,11,NO DECLARADO,xlsx_votos_por_localidad
2019,GENERAL,2019-10-27,PRESIDENTE Y VICE,21,Santa Fe,Castellanos,Ataliva,0121,FRENTE DE IZQUIERDA Y DE TRABAJADORES - UNIDAD,agrupacion,12,NO DECLARADO,xlsx_votos_por_localidad
2019,GENERAL,2019-10-27,PRESIDENTE Y VICE,21,Santa Fe,Castellanos,Ataliva,0121,FRENTE DE TODOS,agrupacion,351,NO DECLARADO,xlsx_votos_por_localidad
2019,GENERAL,2019-10-27,PRESIDENTE Y VICE,21,Santa Fe,Castellanos,Ataliva,0121,FRENTE NOS,agrupacion,19,NO DECLARADO,xlsx_votos_por_localidad
2019,GENERAL,2019-10-27,PRESIDENTE Y VICE,21,Santa Fe,Castellanos,Ataliva,0121,IMPUGNADO,impugnados,0,NO DECLARADO,xlsx_votos_por_localidad
2019,GENERAL,2019-10-27,PRESIDENTE Y VICE,21,Santa Fe,Castellanos,Ataliva,0121,JUNTOS POR EL CAMBIO,agrupacion,871,NO DECLARADO,xlsx_votos_por_localidad
2019,GENERAL,2019-10-27,PRESIDENTE Y VICE,21,Santa Fe,Castellanos,Ataliva,0121,NULO,nulos,21,NO DECLARADO,xlsx_votos_por_localidad
2019,GENERAL,2019-10-27,PRESIDENTE Y VICE,21,Santa Fe,Castellanos,Ataliva,0121,POSITIVO,positivo,1347,NO DECLARADO,xlsx_votos_por_localidad
2019,GENERAL,2019-10-27,PRESIDENTE Y VICE,21,Santa Fe,Castellanos,Ataliva,0121,RECURRIDO,recurridos,0,NO DECLARADO,xlsx_votos_por_localidad
2019,GENERAL,2019-10-27,PRESIDENTE Y VICE,21,Santa Fe,Castellanos,Ataliva,0121,UNITE POR LA LIBERTAD Y LA DIGNIDAD,agrupacion,17,NO DECLARADO,xlsx_votos_por_localidad
2019,GENERAL,2019-10-27,PRESIDENTE Y VICE,21,Santa Fe,Castellanos,Colonia Aldao,0120,COMANDO,comando,0,NO DECLARADO,xlsx_votos_por_localidad
2019,GENERAL,2019-10-27,PRESIDENTE Y VICE,21,Santa Fe,Castellanos,Colonia Aldao,0120,CONSENSO FEDERAL,agrupacion,59,NO DECLARADO,xlsx_votos_por_localidad
2019,GENERAL,2019-10-27,PRESIDENTE Y VICE,21,Santa Fe,Castellanos,Colonia Aldao,0120,EN BLANCO,blancos,11,NO DECLARADO,xlsx_votos_por_localidad
2019,GENERAL,2019-10-27,PRESIDENTE Y VICE,21,Santa Fe,Castellanos,Colonia Aldao,0120,FRENTE DE IZQUIERDA Y DE TRABAJADORES - UNIDAD,agrupacion,9,NO DECLARADO,xlsx_votos_por_localidad
2019,GENERAL,2019-10-27,PRESIDENTE Y VICE,21,Santa Fe,Castellanos,Colonia Aldao,0120,FRENTE DE TODOS,agrupacion,453,NO DECLARADO,xlsx_votos_por_localidad
2019,GENERAL,2019-10-27,PRESIDENTE Y VICE,21,Santa Fe,Castellanos,Colonia Aldao,0120,FRENTE NOS,agrupacion,5,NO DECLARADO,xlsx_votos_por_localidad
2019,GENERAL,2019-10-27,PRESIDENTE Y VICE,21,Santa Fe,Castellanos,Colonia Aldao,0120,IMPUGNADO,impugnados,0,NO DECLARADO,xlsx_votos_por_localidad
2019,GENERAL,2019-10-27,PRESIDENTE Y VICE,21,Santa Fe,Castellanos,Colonia Aldao,0120,JUNTOS POR EL CAMBIO,agrupacion,742,NO DECLARADO,xlsx_votos_por_localidad
2019,GENERAL,2019-10-27,PRESIDENTE Y VICE,21,Santa Fe,Castellanos,Colonia Aldao,0120,NULO,nulos,18,NO DECLARADO,xlsx_votos_por_localidad
2019,GENERAL,2019-10-27,PRESIDENTE Y VICE,21,Santa Fe,Castellanos,Colonia Aldao,0120,POSITIVO,positivo,1284,NO DECLARADO,xlsx_votos_por_localidad
2019,GENERAL,2019-10-27,PRESIDENTE Y VICE,21,Santa Fe,Castellanos,Colonia Aldao,0120,RECURRIDO,recurridos,0,NO DECLARADO,xlsx_votos_por_localidad
2019,GENERAL,2019-10-27,PRESIDENTE Y VICE,21,Santa Fe,Castellanos,Colonia Aldao,0120,UNITE POR LA LIBERTAD Y LA DIGNIDAD,agrupacion,16,NO DECLARADO,xlsx_votos_por_localidad
2019,GENERAL,2019-10-27,PRESIDENTE Y VICE,21,Santa Fe,Castellanos,Frontera,0134A,COMANDO,comando,6,NO DECLARADO,xlsx_votos_por_localidad
2019,GENERAL,2019-10-27,PRESIDENTE Y VICE,21,Santa Fe,Castellanos,Frontera,0134A,CONSENSO FEDERAL,agrupacion,413,NO DECLARADO,xlsx_votos_por_localidad
2019,GENERAL,2019-10-27,PRESIDENTE Y VICE,21,Santa Fe,Castellanos,Frontera,0134A,EN BLANCO,blancos,13,NO DECLARADO,xlsx_votos_por_localidad
2019,GENERAL,2019-10-27,PRESIDENTE Y VICE,21,Santa Fe,Castellanos,Frontera,0134A,FRENTE DE IZQUIERDA Y DE TRABAJADORES - UNIDAD,agrupacion,57,NO DECLARADO,xlsx_votos_por_localidad
2019,GENERAL,2019-10-27,PRESIDENTE Y VICE,21,Santa Fe,Castellanos,Frontera,0134A,FRENTE DE TODOS,agrupacion,2625,NO DECLARADO,xlsx_votos_por_localidad
2019,GENERAL,2019-10-27,PRESIDENTE Y VICE,21,Santa Fe,Castellanos,Frontera,0134A,FRENTE NOS,agrupacion,100,NO DECLARADO,xlsx_votos_por_localidad
2019,GENERAL,2019-10-27,PRESIDENTE Y VICE,21,Santa Fe,Castellanos,Frontera,0134A,IMPUGNADO,impugnados,0,NO DECLARADO,xlsx_votos_por_localidad
2019,GENERAL,2019-10-27,PRESIDENTE Y VICE,21,Santa Fe,Castellanos,Frontera,0134A,JUNTOS POR EL CAMBIO,agrupacion,1938,NO DECLARADO,xlsx_votos_por_localidad
2019,GENERAL,2019-10-27,PRESIDENTE Y VICE,21,Santa Fe,Castellanos,Frontera,0134A,NULO,nulos,99,NO DECLARADO,xlsx_votos_por_localidad
2019,GENERAL,2019-10-27,PRESIDENTE Y VICE,21,Santa Fe,Castellanos,Frontera,0134A,POSITIVO,positivo,5208,NO DECLARADO,xlsx_votos_por_localidad
2019,GENERAL,2019-10-27,PRESIDENTE Y VICE,21,Santa Fe,Castellanos,Frontera,0134A,RECURRIDO,recurridos,0,NO DECLARADO,xlsx_votos_por_localidad
2019,GENERAL,2019-10-27,PRESIDENTE Y VICE,21,Santa Fe,Castellanos,Frontera,0134A,UNITE POR LA LIBERTAD Y LA DIGNIDAD,agrupacion,75,NO DECLARADO,xlsx_votos_por_localidad
2019,GENERAL,2019-10-27,PRESIDENTE Y VICE,21,Santa Fe,Castellanos,Humberto Primo,0117,COMANDO,comando,4,NO DECLARADO,xlsx_votos_por_localidad
2019,GENERAL,2019-10-27,PRESIDENTE Y VICE,21,Santa Fe,Castellanos,Humberto Primo,0117,CONSENSO FEDERAL,agrupacion,165,NO DECLARADO,xlsx_votos_por_localidad
2019,GENERAL,2019-10-27,PRESIDENTE Y VICE,21,Santa Fe,Castellanos,Humberto Primo,0117,EN BLANCO,blancos,20,NO DECLARADO,xlsx_votos_por_localidad
2019,GENERAL,2019-10-27,PRESIDENTE Y VICE,21,Santa Fe,Castellanos,Humberto Primo,0117,FRENTE DE IZQUIERDA Y DE TRABAJADORES - UNIDAD,agrupacion,20,NO DECLARADO,xlsx_votos_por_localidad
2019,GENERAL,2019-10-27,PRESIDENTE Y VICE,21,Santa Fe,Castellanos,Humberto Primo,0117,FRENTE DE TODOS,agrupacion,902,NO DECLARADO,xlsx_votos_por_localidad
2019,GENERAL,2019-10-27,PRESIDENTE Y VICE,21,Santa Fe,Castellanos,Humberto Primo,0117,FRENTE NOS,agrupacion,25,NO DECLARADO,xlsx_votos_por_localidad
2019,GENERAL,2019-10-27,PRESIDENTE Y VICE,21,Santa Fe,Castellanos,Humberto Primo,0117,IMPUGNADO,impugnados,0,NO DECLARADO,xlsx_votos_por_localidad
2019,GENERAL,2019-10-27,PRESIDENTE Y VICE,21,Santa Fe,Castellanos,Humberto Primo,0117,JUNTOS POR EL CAMBIO,agrupacion,2427,NO DECLARADO,xlsx_votos_por_localidad
2019,GENERAL,2019-10-27,PRESIDENTE Y VICE,21,Santa Fe,Castellanos,Humberto Primo,0117,NULO,nulos,32,NO DECLARADO,xlsx_votos_por_localidad
2019,GENERAL,2019-10-27,PRESIDENTE Y VICE,21,Santa Fe,Castellanos,Humberto Primo,0117,POSITIVO,positivo,3583,NO DECLARADO,xlsx_votos_por_localidad
2019,GENERAL,2019-10-27,PRESIDENTE Y VICE,21,Santa Fe,Castellanos,Humberto Primo,0117,RECURRIDO,recurridos,0,NO DECLARADO,xlsx_votos_por_localidad
2019,GENERAL,2019-10-27,PRESIDENTE Y VICE,21,Santa Fe,Castellanos,Humberto Primo,0117,UNITE POR LA LIBERTAD Y LA DIGNIDAD,agrupacion,44,NO DECLARADO,xlsx_votos_por_localidad
2019,GENERAL,2019-10-27,PRESIDENTE Y VICE,21,Santa Fe,Castellanos,Josefina,0134,COMANDO,comando,2,NO DECLARADO,xlsx_votos_por_localidad
2019,GENERAL,2019-10-27,PRESIDENTE Y VICE,21,Santa Fe,Castellanos,Josefina,0134,CONSENSO FEDERAL,agrupacion,62,NO DECLARADO,xlsx_votos_por_localidad
2019,GENERAL,2019-10-27,PRESIDENTE Y VICE,21,Santa Fe,Castellanos,Josefina,0134,EN BLANCO,blancos,3,NO DECLARADO,xlsx_votos_por_localidad
2019,GENERAL,2019-10-27,PRESIDENTE Y VICE,21,Santa Fe,Castellanos,Josefina,0134,FRENTE DE IZQUIERDA Y DE TRABAJADORES - UNIDAD,agrupacion,5,NO DECLARADO,xlsx_votos_por_localidad
2019,GENERAL,2019-10-27,PRESIDENTE Y VICE,21,Santa Fe,Castellanos,Josefina,0134,FRENTE DE TODOS,agrupacion,160,NO DECLARADO,xlsx_votos_por_localidad
2019,GENERAL,2019-10-27,PRESIDENTE Y VICE,21,Santa Fe,Castellanos,Josefina,0134,FRENTE NOS,agrupacion,4,NO DECLARADO,xlsx_votos_por_localidad
2019,GENERAL,2019-10-27,PRESIDENTE Y VICE,21,Santa Fe,Castellanos,Josefina,0134,IMPUGNADO,impugnados,0,NO DECLARADO,xlsx_votos_por_localidad
2019,GENERAL,2019-10-27,PRESIDENTE Y VICE,21,Santa Fe,Castellanos,Josefina,0134,JUNTOS POR EL CAMBIO,agrupacion,355,NO DECLARADO,xlsx_votos_por_localidad
2019,GENERAL,2019-10-27,PRESIDENTE Y VICE,21,Santa Fe,Castellanos,Josefina,0134,NULO,nulos,3,NO DECLARADO,xlsx_votos_por_localidad
2019,GENERAL,2019-10-27,PRESIDENTE Y VICE,21,Santa Fe,Castellanos,Josefina,0134,POSITIVO,positivo,594,NO DECLARADO,xlsx_votos_por_localidad
2019,GENERAL,2019-10-27,PRESIDENTE Y VICE,21,Santa Fe,Castellanos,Josefina,0134,RECURRIDO,recurridos,0,NO DECLARADO,xlsx_votos_por_localidad
2019,GENERAL,2019-10-27,PRESIDENTE Y VICE,21,Santa Fe,Castellanos,Josefina,0134,UNITE POR LA LIBERTAD Y LA DIGNIDAD,agrupacion,8,NO DECLARADO,xlsx_votos_por_localidad
2019,GENERAL,2019-10-27,PRESIDENTE Y VICE,21,Santa Fe,Castellanos,Lehmann,0123,COMANDO,comando,1,NO DECLARADO,xlsx_votos_por_localidad
2019,GENERAL,2019-10-27,PRESIDENTE Y VICE,21,Santa Fe,Castellanos,Lehmann,0123,CONSENSO FEDERAL,agrupacion,151,NO DECLARADO,xlsx_votos_por_localidad
2019,GENERAL,2019-10-27,PRESIDENTE Y VICE,21,Santa Fe,Castellanos,Lehmann,0123,EN BLANCO,blancos,14,NO DECLARADO,xlsx_votos_por_localidad
2019,GENERAL,2019-10-27,PRESIDENTE Y VICE,21,Santa Fe,Castellanos,Lehmann,0123,FRENTE DE IZQUIERDA Y DE TRABAJADORES - UNIDAD,agrupacion,18,NO DECLARADO,xlsx_votos_por_localidad
2019,GENERAL,2019-10-27,PRESIDENTE Y VICE,21,Santa Fe,Castellanos,Lehmann,0123,FRENTE DE TODOS,agrupacion,633,NO DECLARADO,xlsx_votos_por_localidad
2019,GENERAL,2019-10-27,PRESIDENTE Y VICE,21,Santa Fe,Castellanos,Lehmann,0123,FRENTE NOS,agrupacion,25,NO DECLARADO,xlsx_votos_por_localidad
2019,GENERAL,2019-10-27,PRESIDENTE Y VICE,21,Santa Fe,Castellanos,Lehmann,0123,IMPUGNADO,impugnados,0,NO DECLARADO,xlsx_votos_por_localidad
2019,GENERAL,2019-10-27,PRESIDENTE Y VICE,21,Santa Fe,Castellanos,Lehmann,0123,JUNTOS POR EL CAMBIO,agrupacion,1181,NO DECLARADO,xlsx_votos_por_localidad
2019,GENERAL,2019-10-27,PRESIDENTE Y VICE,21,Santa Fe,Castellanos,Lehmann,0123,NULO,nulos,23,NO DECLARADO,xlsx_votos_por_localidad
2019,GENERAL,2019-10-27,PRESIDENTE Y VICE,21,Santa Fe,Castellanos,Lehmann,0123,POSITIVO,positivo,2039,NO DECLARADO,xlsx_votos_por_localidad
2019,GENERAL,2019-10-27,PRESIDENTE Y VICE,21,Santa Fe,Castellanos,Lehmann,0123,RECURRIDO,recurridos,1,NO DECLARADO,xlsx_votos_por_localidad
2019,GENERAL,2019-10-27,PRESIDENTE Y VICE,21,Santa Fe,Castellanos,Lehmann,0123,UNITE POR LA LIBERTAD Y LA DIGNIDAD,agrupacion,31,NO DECLARADO,xlsx_votos_por_localidad
2019,GENERAL,2019-10-27,PRESIDENTE Y VICE,21,Santa Fe,Castellanos,María Juana,0140,COMANDO,comando,1,NO DECLARADO,xlsx_votos_por_localidad
2019,GENERAL,2019-10-27,PRESIDENTE Y VICE,21,Santa Fe,Castellanos,María Juana,0140,CONSENSO FEDERAL,agrupacion,347,NO DECLARADO,xlsx_votos_por_localidad
2019,GENERAL,2019-10-27,PRESIDENTE Y VICE,21,Santa Fe,Castellanos,María Juana,0140,EN BLANCO,blancos,23,NO DECLARADO,xlsx_votos_por_localidad
2019,GENERAL,2019-10-27,PRESIDENTE Y VICE,21,Santa Fe,Castellanos,María Juana,0140,FRENTE DE IZQUIERDA Y DE TRABAJADORES - UNIDAD,agrupacion,177,NO DECLARADO,xlsx_votos_por_localidad
2019,GENERAL,2019-10-27,PRESIDENTE Y VICE,21,Santa Fe,Castellanos,María Juana,0140,FRENTE DE TODOS,agrupacion,1193,NO DECLARADO,xlsx_votos_por_localidad
2019,GENERAL,2019-10-27,PRESIDENTE Y VICE,21,Santa Fe,Castellanos,María Juana,0140,FRENTE NOS,agrupacion,41,NO DECLARADO,xlsx_votos_por_localidad
2019,GENERAL,2019-10-27,PRESIDENTE Y VICE,21,Santa Fe,Castellanos,María Juana,0140,IMPUGNADO,impugnados,0,NO DECLARADO,xlsx_votos_por_localidad
2019,GENERAL,2019-10-27,PRESIDENTE Y VICE,21,Santa Fe,Castellanos,María Juana,0140,JUNTOS POR EL CAMBIO,agrupacion,1587,NO DECLARADO,xlsx_votos_por_localidad
2019,GENERAL,2019-10-27,PRESIDENTE Y VICE,21,Santa Fe,Castellanos,María Juana,0140,NULO,nulos,38,NO DECLARADO,xlsx_votos_por_localidad
2019,GENERAL,2019-10-27,PRESIDENTE Y VICE,21,Santa Fe,Castellanos,María Juana,0140,POSITIVO,positivo,3400,NO DECLARADO,xlsx_votos_por_localidad
2019,GENERAL,2019-10-27,PRESIDENTE Y VICE,21,Santa Fe,Castellanos,María Juana,0140,RECURRIDO,recurridos,1,NO DECLARADO,xlsx_votos_por_localidad
2019,GENERAL,2019-10-27,PRESIDENTE Y VICE,21,Santa Fe,Castellanos,María Juana,0140,UNITE POR LA LIBERTAD Y LA DIGNIDAD,agrupacion,55,NO DECLARADO,xlsx_votos_por_localidad
2019,GENERAL,2019-10-27,PRESIDENTE Y VICE,21,Santa Fe,Castellanos,Ramona,0124,COMANDO,comando,1,NO DECLARADO,xlsx_votos_por_localidad
2019,GENERAL,2019-10-27,PRESIDENTE Y VICE,21,Santa Fe,Castellanos,Ramona,0124,CONSENSO FEDERAL,agrupacion,99,NO DECLARADO,xlsx_votos_por_localidad
2019,GENERAL,2019-10-27,PRESIDENTE Y VICE,21,Santa Fe,Castellanos,Ramona,0124,EN BLANCO,blancos,17,NO DECLARADO,xlsx_votos_por_localidad
2019,GENERAL,2019-10-27,PRESIDENTE Y VICE,21,Santa Fe,Castellanos,Ramona,0124,FRENTE DE IZQUIERDA Y DE TRABAJADORES - UNIDAD,agrupacion,9,NO DECLARADO,xlsx_votos_por_localidad
2019,GENERAL,2019-10-27,PRESIDENTE Y VICE,21,Santa Fe,Castellanos,Ramona,0124,FRENTE DE TODOS,agrupacion,367,NO DECLARADO,xlsx_votos_por_localidad
2019,GENERAL,2019-10-27,PRESIDENTE Y VICE,21,Santa Fe,Castellanos,Ramona,0124,FRENTE NOS,agrupacion,10,NO DECLARADO,xlsx_votos_por_localidad
2019,GENERAL,2019-10-27,PRESIDENTE Y VICE,21,Santa Fe,Castellanos,Ramona,0124,IMPUGNADO,impugnados,0,NO DECLARADO,xlsx_votos_por_localidad
2019,GENERAL,2019-10-27,PRESIDENTE Y VICE,21,Santa Fe,Castellanos,Ramona,0124,JUNTOS POR EL CAMBIO,agrupacion,798,NO DECLARADO,xlsx_votos_por_localidad
2019,GENERAL,2019-10-27,PRESIDENTE Y VICE,21,Santa Fe,Castellanos,Ramona,0124,NULO,nulos,29,NO DECLARADO,xlsx_votos_por_localidad
2019,GENERAL,2019-10-27,PRESIDENTE Y VICE,21,Santa Fe,Castellanos,Ramona,0124,POSITIVO,positivo,1306,NO DECLARADO,xlsx_votos_por_localidad
2019,GENERAL,2019-10-27,PRESIDENTE Y VICE,21,Santa Fe,Castellanos,Ramona,0124,RECURRIDO,recurridos,0,NO DECLARADO,xlsx_votos_por_localidad
2019,GENERAL,2019-10-27,PRESIDENTE Y VICE,21,Santa Fe,Castellanos,Ramona,0124,UNITE POR LA LIBERTAD Y LA DIGNIDAD,agrupacion,23,NO DECLARADO,xlsx_votos_por_localidad
2019,GENERAL,2019-10-27,PRESIDENTE Y VICE,21,Santa Fe,Castellanos,San Vicente,0142,COMANDO,comando,2,NO DECLARADO,xlsx_votos_por_localidad
2019,GENERAL,2019-10-27,PRESIDENTE Y VICE,21,Santa Fe,Castellanos,San Vicente,0142,CONSENSO FEDERAL,agrupacion,330,NO DECLARADO,xlsx_votos_por_localidad
2019,GENERAL,2019-10-27,PRESIDENTE Y VICE,21,Santa Fe,Castellanos,San Vicente,0142,EN BLANCO,blancos,48,NO DECLARADO,xlsx_votos_por_localidad
2019,GENERAL,2019-10-27,PRESIDENTE Y VICE,21,Santa Fe,Castellanos,San Vicente,0142,FRENTE DE IZQUIERDA Y DE TRABAJADORES - UNIDAD,agrupacion,46,NO DECLARADO,xlsx_votos_por_localidad
2019,GENERAL,2019-10-27,PRESIDENTE Y VICE,21,Santa Fe,Castellanos,San Vicente,0142,FRENTE DE TODOS,agrupacion,1311,NO DECLARADO,xlsx_votos_por_localidad
2019,GENERAL,2019-10-27,PRESIDENTE Y VICE,21,Santa Fe,Castellanos,San Vicente,0142,FRENTE NOS,agrupacion,50,NO DECLARADO,xlsx_votos_por_localidad
2019,GENERAL,2019-10-27,PRESIDENTE Y VICE,21,Santa Fe,Castellanos,San Vicente,0142,IMPUGNADO,impugnados,0,NO DECLARADO,xlsx_votos_por_localidad
2019,GENERAL,2019-10-27,PRESIDENTE Y VICE,21,Santa Fe,Castellanos,San Vicente,0142,JUNTOS POR EL CAMBIO,agrupacion,2208,NO DECLARADO,xlsx_votos_por_localidad
2019,GENERAL,2019-10-27,PRESIDENTE Y VICE,21,Santa Fe,Castellanos,San Vicente,0142,NULO,nulos,64,NO DECLARADO,xlsx_votos_por_localidad
2019,GENERAL,2019-10-27,PRESIDENTE Y VICE,21,Santa Fe,Castellanos,San Vicente,0142,POSITIVO,positivo,4049,NO DECLARADO,xlsx_votos_por_localidad
2019,GENERAL,2019-10-27,PRESIDENTE Y VICE,21,Santa Fe,Castellanos,San Vicente,0142,RECURRIDO,recurridos,0,NO DECLARADO,xlsx_votos_por_localidad
2019,GENERAL,2019-10-27,PRESIDENTE Y VICE,21,Santa Fe,Castellanos,San Vicente,0142,UNITE POR LA LIBERTAD Y LA DIGNIDAD,agrupacion,104,NO DECLARADO,xlsx_votos_por_localidad
2019,GENERAL,2019-10-27,PRESIDENTE Y VICE,21,Santa Fe,Castellanos,Santa Clara de Saguier,0130,COMANDO,comando,0,NO DECLARADO,xlsx_votos_por_localidad
2019,GENERAL,2019-10-27,PRESIDENTE Y VICE,21,Santa Fe,Castellanos,Santa Clara de Saguier,0130,CONSENSO FEDERAL,agrupacion,89,NO DECLARADO,xlsx_votos_por_localidad
2019,GENERAL,2019-10-27,PRESIDENTE Y VICE,21,Santa Fe,Castellanos,Santa Clara de Saguier,0130,EN BLANCO,blancos,16,NO DECLARADO,xlsx_votos_por_localidad
2019,GENERAL,2019-10-27,PRESIDENTE Y VICE,21,Santa Fe,Castellanos,Santa Clara de Saguier,0130,FRENTE DE IZQUIERDA Y DE TRABAJADORES - UNIDAD,agrupacion,20,NO DECLARADO,xlsx_votos_por_localidad
2019,GENERAL,2019-10-27,PRESIDENTE Y VICE,21,Santa Fe,Castellanos,Santa Clara de Saguier,0130,FRENTE DE TODOS,agrupacion,442,NO DECLARADO,xlsx_votos_por_localidad
2019,GENERAL,2019-10-27,PRESIDENTE Y VICE,21,Santa Fe,Castellanos,Santa Clara de Saguier,0130,FRENTE NOS,agrupacion,16,NO DECLARADO,xlsx_votos_por_localidad
2019,GENERAL,2019-10-27,PRESIDENTE Y VICE,21,Santa Fe,Castellanos,Santa Clara de Saguier,0130,IMPUGNADO,impugnados,0,NO DECLARADO,xlsx_votos_por_localidad
2019,GENERAL,2019-10-27,PRESIDENTE Y VICE,21,Santa Fe,Castellanos,Santa Clara de Saguier,0130,JUNTOS POR EL CAMBIO,agrupacion,764,NO DECLARADO,xlsx_votos_por_localidad
2019,GENERAL,2019-10-27,PRESIDENTE Y VICE,21,Santa Fe,Castellanos,Santa Clara de Saguier,0130,NULO,nulos,15,NO DECLARADO,xlsx_votos_por_localidad
2019,GENERAL,2019-10-27,PRESIDENTE Y VICE,21,Santa Fe,Castellanos,Santa Clara de Saguier,0130,POSITIVO,positivo,1363,NO DECLARADO,xlsx_votos_por_localidad
2019,GENERAL,2019-10-27,PRESIDENTE Y VICE,21,Santa Fe,Castellanos,Santa Clara de Saguier,0130,RECURRIDO,recurridos,0,NO DECLARADO,xlsx_votos_por_localidad
2019,GENERAL,2019-10-27,PRESIDENTE Y VICE,21,Santa Fe,Castellanos,Santa Clara de Saguier,0130,UNITE POR LA LIBERTAD Y LA DIGNIDAD,agrupacion,32,NO DECLARADO,xlsx_votos_por_localidad
2019,GENERAL,2019-10-27,PRESIDENTE Y VICE,21,Santa Fe,Castellanos,Sunchales,0118,COMANDO,comando,4,NO DECLARADO,xlsx_votos_por_localidad
2019,GENERAL,2019-10-27,PRESIDENTE Y VICE,21,Santa Fe,Castellanos,Sunchales,0118,CONSENSO FEDERAL,agrupacion,1052,NO DECLARADO,xlsx_votos_por_localidad
2019,GENERAL,2019-10-27,PRESIDENTE Y VICE,21,Santa Fe,Castellanos,Sunchales,0118,EN BLANCO,blancos,80,NO DECLARADO,xlsx_votos_por_localidad
2019,GENERAL,2019-10-27,PRESIDENTE Y VICE,21,Santa Fe,Castellanos,Sunchales,0118,FRENTE DE IZQUIERDA Y DE TRABAJADORES - UNIDAD,agrupacion,147,NO DECLARADO,xlsx_votos_por_localidad
2019,GENERAL,2019-10-27,PRESIDENTE Y VICE,21,Santa Fe,Castellanos,Sunchales,0118,FRENTE DE TODOS,agrupacion,5168,NO DECLARADO,xlsx_votos_por_localidad
2019,GENERAL,2019-10-27,PRESIDENTE Y VICE,21,Santa Fe,Castellanos,Sunchales,0118,FRENTE NOS,agrupacion,169,NO DECLARADO,xlsx_votos_por_localidad
2019,GENERAL,2019-10-27,PRESIDENTE Y VICE,21,Santa Fe,Castellanos,Sunchales,0118,IMPUGNADO,impugnados,0,NO DECLARADO,xlsx_votos_por_localidad
2019,GENERAL,2019-10-27,PRESIDENTE Y VICE,21,Santa Fe,Castellanos,Sunchales,0118,JUNTOS POR EL CAMBIO,agrupacion,8303,NO DECLARADO,xlsx_votos_por_localidad
2019,GENERAL,2019-10-27,PRESIDENTE Y VICE,21,Santa Fe,Castellanos,Sunchales,0118,NULO,nulos,183,NO DECLARADO,xlsx_votos_por_localidad
2019,GENERAL,2019-10-27,PRESIDENTE Y VICE,21,Santa Fe,Castellanos,Sunchales,0118,POSITIVO,positivo,15096,NO DECLARADO,xlsx_votos_por_localidad
2019,GENERAL,2019-10-27,PRESIDENTE Y VICE,21,Santa Fe,Castellanos,Sunchales,0118,RECURRIDO,recurridos,0,NO DECLARADO,xlsx_votos_por_localidad
2019,GENERAL,2019-10-27,PRESIDENTE Y VICE,21,Santa Fe,Castellanos,Sunchales,0118,UNITE POR LA LIBERTAD Y LA DIGNIDAD,agrupacion,257,NO DECLARADO,xlsx_votos_por_localidad
2019,GENERAL,2019-10-27,PRESIDENTE Y VICE,21,Santa Fe,Castellanos,Zenón Pereyra,0138,COMANDO,comando,1,NO DECLARADO,xlsx_votos_por_localidad
2019,GENERAL,2019-10-27,PRESIDENTE Y VICE,21,Santa Fe,Castellanos,Zenón Pereyra,0138,CONSENSO FEDERAL,agrupacion,69,NO DECLARADO,xlsx_votos_por_localidad
2019,GENERAL,2019-10-27,PRESIDENTE Y VICE,21,Santa Fe,Castellanos,Zenón Pereyra,0138,EN BLANCO,blancos,8,NO DECLARADO,xlsx_votos_por_localidad
2019,GENERAL,2019-10-27,PRESIDENTE Y VICE,21,Santa Fe,Castellanos,Zenón Pereyra,0138,FRENTE DE IZQUIERDA Y DE TRABAJADORES - UNIDAD,agrupacion,12,NO DECLARADO,xlsx_votos_por_localidad
2019,GENERAL,2019-10-27,PRESIDENTE Y VICE,21,Santa Fe,Castellanos,Zenón Pereyra,0138,FRENTE DE TODOS,agrupacion,328,NO DECLARADO,xlsx_votos_por_localidad
2019,GENERAL,2019-10-27,PRESIDENTE Y VICE,21,Santa Fe,Castellanos,Zenón Pereyra,0138,FRENTE NOS,agrupacion,6,NO DECLARADO,xlsx_votos_por_localidad
2019,GENERAL,2019-10-27,PRESIDENTE Y VICE,21,Santa Fe,Castellanos,Zenón Pereyra,0138,IMPUGNADO,impugnados,0,NO DECLARADO,xlsx_votos_por_localidad
2019,GENERAL,2019-10-27,PRESIDENTE Y VICE,21,Santa Fe,Castellanos,Zenón Pereyra,0138,JUNTOS POR EL CAMBIO,agrupacion,782,NO DECLARADO,xlsx_votos_por_localidad
2019,GENERAL,2019-10-27,PRESIDENTE Y VICE,21,Santa Fe,Castellanos,Zenón Pereyra,0138,NULO,nulos,9,NO DECLARADO,xlsx_votos_por_localidad
2019,GENERAL,2019-10-27,PRESIDENTE Y VICE,21,Santa Fe,Castellanos,Zenón Pereyra,0138,POSITIVO,positivo,1209,NO DECLARADO,xlsx_votos_por_localidad
2019,GENERAL,2019-10-27,PRESIDENTE Y VICE,21,Santa Fe,Castellanos,Zenón Pereyra,0138,RECURRIDO,recurridos,0,NO DECLARADO,xlsx_votos_por_localidad
2019,GENERAL,2019-10-27,PRESIDENTE Y VICE,21,Santa Fe,Castellanos,Zenón Pereyra,0138,UNITE POR LA LIBERTAD Y LA DIGNIDAD,agrupacion,12,NO DECLARADO,xlsx_votos_por_localidad
2019,GENERAL,2019-10-27,PRESIDENTE Y VICE,21,Santa Fe,Las Colonias,Esperanza,0055,COMANDO,comando,16,NO DECLARADO,xlsx_votos_por_localidad
2019,GENERAL,2019-10-27,PRESIDENTE Y VICE,21,Santa Fe,Las Colonias,Esperanza,0055,CONSENSO FEDERAL,agrupacion,2087,NO DECLARADO,xlsx_votos_por_localidad
2019,GENERAL,2019-10-27,PRESIDENTE Y VICE,21,Santa Fe,Las Colonias,Esperanza,0055,EN BLANCO,blancos,171,NO DECLARADO,xlsx_votos_por_localidad
2019,GENERAL,2019-10-27,PRESIDENTE Y VICE,21,Santa Fe,Las Colonias,Esperanza,0055,FRENTE DE IZQUIERDA Y DE TRABAJADORES - UNIDAD,agrupacion,216,NO DECLARADO,xlsx_votos_por_localidad
2019,GENERAL,2019-10-27,PRESIDENTE Y VICE,21,Santa Fe,Las Colonias,Esperanza,0055,FRENTE DE TODOS,agrupacion,7263,NO DECLARADO,xlsx_votos_por_localidad
2019,GENERAL,2019-10-27,PRESIDENTE Y VICE,21,Santa Fe,Las Colonias,Esperanza,0055,FRENTE NOS,agrupacion,406,NO DECLARADO,xlsx_votos_por_localidad
2019,GENERAL,2019-10-27,PRESIDENTE Y VICE,21,Santa Fe,Las Colonias,Esperanza,0055,IMPUGNADO,impugnados,0,NO DECLARADO,xlsx_votos_por_localidad
2019,GENERAL,2019-10-27,PRESIDENTE Y VICE,21,Santa Fe,Las Colonias,Esperanza,0055,JUNTOS POR EL CAMBIO,agrupacion,17380,NO DECLARADO,xlsx_votos_por_localidad
2019,GENERAL,2019-10-27,PRESIDENTE Y VICE,21,Santa Fe,Las Colonias,Esperanza,0055,NULO,nulos,406,NO DECLARADO,xlsx_votos_por_localidad
2019,GENERAL,2019-10-27,PRESIDENTE Y VICE,21,Santa Fe,Las Colonias,Esperanza,0055,POSITIVO,positivo,27816,NO DECLARADO,xlsx_votos_por_localidad
2019,GENERAL,2019-10-27,PRESIDENTE Y VICE,21,Santa Fe,Las Colonias,Esperanza,0055,RECURRIDO,recurridos,2,NO DECLARADO,xlsx_votos_por_localidad
2019,GENERAL,2019-10-27,PRESIDENTE Y VICE,21,Santa Fe,Las Colonias,Esperanza,0055,UNITE POR LA LIBERTAD Y LA DIGNIDAD,agrupacion,464,NO DECLARADO,xlsx_votos_por_localidad
2019,GENERAL,2019-10-27,PRESIDENTE Y VICE,21,Santa Fe,Las Colonias,Felicia,0060,COMANDO,comando,3,NO DECLARADO,xlsx_votos_por_localidad
2019,GENERAL,2019-10-27,PRESIDENTE Y VICE,21,Santa Fe,Las Colonias,Felicia,0060,CONSENSO FEDERAL,agrupacion,75,NO DECLARADO,xlsx_votos_por_localidad
2019,GENERAL,2019-10-27,PRESIDENTE Y VICE,21,Santa Fe,Las Colonias,Felicia,0060,EN BLANCO,blancos,14,NO DECLARADO,xlsx_votos_por_localidad
2019,GENERAL,2019-10-27,PRESIDENTE Y VICE,21,Santa Fe,Las Colonias,Felicia,0060,FRENTE DE IZQUIERDA Y DE TRABAJADORES - UNIDAD,agrupacion,13,NO DECLARADO,xlsx_votos_por_localidad
2019,GENERAL,2019-10-27,PRESIDENTE Y VICE,21,Santa Fe,Las Colonias,Felicia,0060,FRENTE DE TODOS,agrupacion,261,NO DECLARADO,xlsx_votos_por_localidad
2019,GENERAL,2019-10-27,PRESIDENTE Y VICE,21,Santa Fe,Las Colonias,Felicia,0060,FRENTE NOS,agrupacion,11,NO DECLARADO,xlsx_votos_por_localidad
2019,GENERAL,2019-10-27,PRESIDENTE Y VICE,21,Santa Fe,Las Colonias,Felicia,0060,IMPUGNADO,impugnados,0,NO DECLARADO,xlsx_votos_por_localidad
2019,GENERAL,2019-10-27,PRESIDENTE Y VICE,21,Santa Fe,Las Colonias,Felicia,0060,JUNTOS POR EL CAMBIO,agrupacion,1218,NO DECLARADO,xlsx_votos_por_localidad
2019,GENERAL,2019-10-27,PRESIDENTE Y VICE,21,Santa Fe,Las Colonias,Felicia,0060,NULO,nulos,21,NO DECLARADO,xlsx_votos_por_localidad
2019,GENERAL,2019-10-27,PRESIDENTE Y VICE,21,Santa Fe,Las Colonias,Felicia,0060,POSITIVO,positivo,1590,NO DECLARADO,xlsx_votos_por_localidad
2019,GENERAL,2019-10-27,PRESIDENTE Y VICE,21,Santa Fe,Las Colonias,Felicia,0060,RECURRIDO,recurridos,0,NO DECLARADO,xlsx_votos_por_localidad
2019,GENERAL,2019-10-27,PRESIDENTE Y VICE,21,Santa Fe,Las Colonias,Felicia,0060,UNITE POR LA LIBERTAD Y LA DIGNIDAD,agrupacion,12,NO DECLARADO,xlsx_votos_por_localidad
2019,GENERAL,2019-10-27,PRESIDENTE Y VICE,21,Santa Fe,Las Colonias,Franck,0053,COMANDO,comando,2,NO DECLARADO,xlsx_votos_por_localidad
2019,GENERAL,2019-10-27,PRESIDENTE Y VICE,21,Santa Fe,Las Colonias,Franck,0053,CONSENSO FEDERAL,agrupacion,303,NO DECLARADO,xlsx_votos_por_localidad
2019,GENERAL,2019-10-27,PRESIDENTE Y VICE,21,Santa Fe,Las Colonias,Franck,0053,EN BLANCO,blancos,25,NO DECLARADO,xlsx_votos_por_localidad
2019,GENERAL,2019-10-27,PRESIDENTE Y VICE,21,Santa Fe,Las Colonias,Franck,0053,FRENTE DE IZQUIERDA Y DE TRABAJADORES - UNIDAD,agrupacion,32,NO DECLARADO,xlsx_votos_por_localidad
2019,GENERAL,2019-10-27,PRESIDENTE Y VICE,21,Santa Fe,Las Colonias,Franck,0053,FRENTE DE TODOS,agrupacion,761,NO DECLARADO,xlsx_votos_por_localidad
2019,GENERAL,2019-10-27,PRESIDENTE Y VICE,21,Santa Fe,Las Colonias,Franck,0053,FRENTE NOS,agrupacion,54,NO DECLARADO,xlsx_votos_por_localidad
2019,GENERAL,2019-10-27,PRESIDENTE Y VICE,21,Santa Fe,Las Colonias,Franck,0053,IMPUGNADO,impugnados,0,NO DECLARADO,xlsx_votos_por_localidad
2019,GENERAL,2019-10-27,PRESIDENTE Y VICE,21,Santa Fe,Las Colonias,Franck,0053,JUNTOS POR EL CAMBIO,agrupacion,3003,NO DECLARADO,xlsx_votos_por_localidad
2019,GENERAL,2019-10-27,PRESIDENTE Y VICE,21,Santa Fe,Las Colonias,Franck,0053,NULO,nulos,64,NO DECLARADO,xlsx_votos_por_localidad
2019,GENERAL,2019-10-27,PRESIDENTE Y VICE,21,Santa Fe,Las Colonias,Franck,0053,POSITIVO,positivo,4213,NO DECLARADO,xlsx_votos_por_localidad
2019,GENERAL,2019-10-27,PRESIDENTE Y VICE,21,Santa Fe,Las Colonias,Franck,0053,RECURRIDO,recurridos,0,NO DECLARADO,xlsx_votos_por_localidad
2019,GENERAL,2019-10-27,PRESIDENTE Y VICE,21,Santa Fe,Las Colonias,Franck,0053,UNITE POR LA LIBERTAD Y LA DIGNIDAD,agrupacion,60,NO DECLARADO,xlsx_votos_por_localidad
2019,GENERAL,2019-10-27,PRESIDENTE Y VICE,21,Santa Fe,Las Colonias,Humboldt,0056,COMANDO,comando,3,NO DECLARADO,xlsx_votos_por_localidad
2019,GENERAL,2019-10-27,PRESIDENTE Y VICE,21,Santa Fe,Las Colonias,Humboldt,0056,CONSENSO FEDERAL,agrupacion,273,NO DECLARADO,xlsx_votos_por_localidad
2019,GENERAL,2019-10-27,PRESIDENTE Y VICE,21,Santa Fe,Las Colonias,Humboldt,0056,EN BLANCO,blancos,20,NO DECLARADO,xlsx_votos_por_localidad
2019,GENERAL,2019-10-27,PRESIDENTE Y VICE,21,Santa Fe,Las Colonias,Humboldt,0056,FRENTE DE IZQUIERDA Y DE TRABAJADORES - UNIDAD,agrupacion,35,NO DECLARADO,xlsx_votos_por_localidad
2019,GENERAL,2019-10-27,PRESIDENTE Y VICE,21,Santa Fe,Las Colonias,Humboldt,0056,FRENTE DE TODOS,agrupacion,798,NO DECLARADO,xlsx_votos_por_localidad
2019,GENERAL,2019-10-27,PRESIDENTE Y VICE,21,Santa Fe,Las Colonias,Humboldt,0056,FRENTE NOS,agrupacion,50,NO DECLARADO,xlsx_votos_por_localidad
2019,GENERAL,2019-10-27,PRESIDENTE Y VICE,21,Santa Fe,Las Colonias,Humboldt,0056,IMPUGNADO,impugnados,0,NO DECLARADO,xlsx_votos_por_localidad
2019,GENERAL,2019-10-27,PRESIDENTE Y VICE,21,Santa Fe,Las Colonias,Humboldt,0056,JUNTOS POR EL CAMBIO,agrupacion,2276,NO DECLARADO,xlsx_votos_por_localidad
2019,GENERAL,2019-10-27,PRESIDENTE Y VICE,21,Santa Fe,Las Colonias,Humboldt,0056,NULO,nulos,35,NO DECLARADO,xlsx_votos_por_localidad
2019,GENERAL,2019-10-27,PRESIDENTE Y VICE,21,Santa Fe,Las Colonias,Humboldt,0056,POSITIVO,positivo,3501,NO DECLARADO,xlsx_votos_por_localidad
2019,GENERAL,2019-10-27,PRESIDENTE Y VICE,21,Santa Fe,Las Colonias,Humboldt,0056,RECURRIDO,recurridos,0,NO DECLARADO,xlsx_votos_por_localidad
2019,GENERAL,2019-10-27,PRESIDENTE Y VICE,21,Santa Fe,Las Colonias,Humboldt,0056,UNITE POR LA LIBERTAD Y LA DIGNIDAD,agrupacion,69,NO DECLARADO,xlsx_votos_por_localidad
2019,GENERAL,2019-10-27,PRESIDENTE Y VICE,21,Santa Fe,Las Colonias,Pilar,0057,COMANDO,comando,3,NO DECLARADO,xlsx_votos_por_localidad
2019,GENERAL,2019-10-27,PRESIDENTE Y VICE,21,Santa Fe,Las Colonias,Pilar,0057,CONSENSO FEDERAL,agrupacion,208,NO DECLARADO,xlsx_votos_por_localidad
2019,GENERAL,2019-10-27,PRESIDENTE Y VICE,21,Santa Fe,Las Colonias,Pilar,0057,EN BLANCO,blancos,20,NO DECLARADO,xlsx_votos_por_localidad
2019,GENERAL,2019-10-27,PRESIDENTE Y VICE,21,Santa Fe,Las Colonias,Pilar,0057,FRENTE DE IZQUIERDA Y DE TRABAJADORES - UNIDAD,agrupacion,30,NO DECLARADO,xlsx_votos_por_localidad
2019,GENERAL,2019-10-27,PRESIDENTE Y VICE,21,Santa Fe,Las Colonias,Pilar,0057,FRENTE DE TODOS,agrupacion,1157,NO DECLARADO,xlsx_votos_por_localidad
2019,GENERAL,2019-10-27,PRESIDENTE Y VICE,21,Santa Fe,Las Colonias,Pilar,0057,FRENTE NOS,agrupacion,16,NO DECLARADO,xlsx_votos_por_localidad
2019,GENERAL,2019-10-27,PRESIDENTE Y VICE,21,Santa Fe,Las Colonias,Pilar,0057,IMPUGNADO,impugnados,0,NO DECLARADO,xlsx_votos_por_localidad
2019,GENERAL,2019-10-27,PRESIDENTE Y VICE,21,Santa Fe,Las Colonias,Pilar,0057,JUNTOS POR EL CAMBIO,agrupacion,1859,NO DECLARADO,xlsx_votos_por_localidad
2019,GENERAL,2019-10-27,PRESIDENTE Y VICE,21,Santa Fe,Las Colonias,Pilar,0057,NULO,nulos,50,NO DECLARADO,xlsx_votos_por_localidad
2019,GENERAL,2019-10-27,PRESIDENTE Y VICE,21,Santa Fe,Las Colonias,Pilar,0057,POSITIVO,positivo,3317,NO DECLARADO,xlsx_votos_por_localidad
2019,GENERAL,2019-10-27,PRESIDENTE Y VICE,21,Santa Fe,Las Colonias,Pilar,0057,RECURRIDO,recurridos,0,NO DECLARADO,xlsx_votos_por_localidad
2019,GENERAL,2019-10-27,PRESIDENTE Y VICE,21,Santa Fe,Las Colonias,Pilar,0057,UNITE POR LA LIBERTAD Y LA DIGNIDAD,agrupacion,47,NO DECLARADO,xlsx_votos_por_localidad
2019,GENERAL,2019-10-27,PRESIDENTE Y VICE,21,Santa Fe,Las Colonias,Progreso,0063,COMANDO,comando,2,NO DECLARADO,xlsx_votos_por_localidad
2019,GENERAL,2019-10-27,PRESIDENTE Y VICE,21,Santa Fe,Las Colonias,Progreso,0063,CONSENSO FEDERAL,agrupacion,100,NO DECLARADO,xlsx_votos_por_localidad
2019,GENERAL,2019-10-27,PRESIDENTE Y VICE,21,Santa Fe,Las Colonias,Progreso,0063,EN BLANCO,blancos,14,NO DECLARADO,xlsx_votos_por_localidad
2019,GENERAL,2019-10-27,PRESIDENTE Y VICE,21,Santa Fe,Las Colonias,Progreso,0063,FRENTE DE IZQUIERDA Y DE TRABAJADORES - UNIDAD,agrupacion,9,NO DECLARADO,xlsx_votos_por_localidad
2019,GENERAL,2019-10-27,PRESIDENTE Y VICE,21,Santa Fe,Las Colonias,Progreso,0063,FRENTE DE TODOS,agrupacion,317,NO DECLARADO,xlsx_votos_por_localidad
2019,GENERAL,2019-10-27,PRESIDENTE Y VICE,21,Santa Fe,Las Colonias,Progreso,0063,FRENTE NOS,agrupacion,11,NO DECLARADO,xlsx_votos_por_localidad
2019,GENERAL,2019-10-27,PRESIDENTE Y VICE,21,Santa Fe,Las Colonias,Progreso,0063,IMPUGNADO,impugnados,0,NO DECLARADO,xlsx_votos_por_localidad
2019,GENERAL,2019-10-27,PRESIDENTE Y VICE,21,Santa Fe,Las Colonias,Progreso,0063,JUNTOS POR EL CAMBIO,agrupacion,1235,NO DECLARADO,xlsx_votos_por_localidad
2019,GENERAL,2019-10-27,PRESIDENTE Y VICE,21,Santa Fe,Las Colonias,Progreso,0063,NULO,nulos,13,NO DECLARADO,xlsx_votos_por_localidad
2019,GENERAL,2019-10-27,PRESIDENTE Y VICE,21,Santa Fe,Las Colonias,Progreso,0063,POSITIVO,positivo,1681,NO DECLARADO,xlsx_votos_por_localidad
2019,GENERAL,2019-10-27,PRESIDENTE Y VICE,21,Santa Fe,Las Colonias,Progreso,0063,RECURRIDO,recurridos,0,NO DECLARADO,xlsx_votos_por_localidad
2019,GENERAL,2019-10-27,PRESIDENTE Y VICE,21,Santa Fe,Las Colonias,Progreso,0063,UNITE POR LA LIBERTAD Y LA DIGNIDAD,agrupacion,9,NO DECLARADO,xlsx_votos_por_localidad
2019,GENERAL,2019-10-27,PRESIDENTE Y VICE,21,Santa Fe,Las Colonias,San Carlos Centro,0044,COMANDO,comando,8,NO DECLARADO,xlsx_votos_por_localidad
2019,GENERAL,2019-10-27,PRESIDENTE Y VICE,21,Santa Fe,Las Colonias,San Carlos Centro,0044,CONSENSO FEDERAL,agrupacion,802,NO DECLARADO,xlsx_votos_por_localidad
2019,GENERAL,2019-10-27,PRESIDENTE Y VICE,21,Santa Fe,Las Colonias,San Carlos Centro,0044,EN BLANCO,blancos,65,NO DECLARADO,xlsx_votos_por_localidad
2019,GENERAL,2019-10-27,PRESIDENTE Y VICE,21,Santa Fe,Las Colonias,San Carlos Centro,0044,FRENTE DE IZQUIERDA Y DE TRABAJADORES - UNIDAD,agrupacion,74,NO DECLARADO,xlsx_votos_por_localidad
2019,GENERAL,2019-10-27,PRESIDENTE Y VICE,21,Santa Fe,Las Colonias,San Carlos Centro,0044,FRENTE DE TODOS,agrupacion,2764,NO DECLARADO,xlsx_votos_por_localidad
2019,GENERAL,2019-10-27,PRESIDENTE Y VICE,21,Santa Fe,Las Colonias,San Carlos Centro,0044,FRENTE NOS,agrupacion,111,NO DECLARADO,xlsx_votos_por_localidad
2019,GENERAL,2019-10-27,PRESIDENTE Y VICE,21,Santa Fe,Las Colonias,San Carlos Centro,0044,IMPUGNADO,impugnados,0,NO DECLARADO,xlsx_votos_por_localidad
2019,GENERAL,2019-10-27,PRESIDENTE Y VICE,21,Santa Fe,Las Colonias,San Carlos Centro,0044,JUNTOS POR EL CAMBIO,agrupacion,4062,NO DECLARADO,xlsx_votos_por_localidad
2019,GENERAL,2019-10-27,PRESIDENTE Y VICE,21,Santa Fe,Las Colonias,San Carlos Centro,0044,NULO,nulos,88,NO DECLARADO,xlsx_votos_por_localidad
2019,GENERAL,2019-10-27,PRESIDENTE Y VICE,21,Santa Fe,Las Colonias,San Carlos Centro,0044,POSITIVO,positivo,8036,NO DECLARADO,xlsx_votos_por_localidad
2019,GENERAL,2019-10-27,PRESIDENTE Y VICE,21,Santa Fe,Las Colonias,San Carlos Centro,0044,RECURRIDO,recurridos,0,NO DECLARADO,xlsx_votos_por_localidad
2019,GENERAL,2019-10-27,PRESIDENTE Y VICE,21,Santa Fe,Las Colonias,San Carlos Centro,0044,UNITE POR LA LIBERTAD Y LA DIGNIDAD,agrupacion,223,NO DECLARADO,xlsx_votos_por_localidad
2019,GENERAL,2019-10-27,PRESIDENTE Y VICE,21,Santa Fe,Las Colonias,San Carlos Sud,0043,COMANDO,comando,2,NO DECLARADO,xlsx_votos_por_localidad
2019,GENERAL,2019-10-27,PRESIDENTE Y VICE,21,Santa Fe,Las Colonias,San Carlos Sud,0043,CONSENSO FEDERAL,agrupacion,144,NO DECLARADO,xlsx_votos_por_localidad
2019,GENERAL,2019-10-27,PRESIDENTE Y VICE,21,Santa Fe,Las Colonias,San Carlos Sud,0043,EN BLANCO,blancos,15,NO DECLARADO,xlsx_votos_por_localidad
2019,GENERAL,2019-10-27,PRESIDENTE Y VICE,21,Santa Fe,Las Colonias,San Carlos Sud,0043,FRENTE DE IZQUIERDA Y DE TRABAJADORES - UNIDAD,agrupacion,20,NO DECLARADO,xlsx_votos_por_localidad
2019,GENERAL,2019-10-27,PRESIDENTE Y VICE,21,Santa Fe,Las Colonias,San Carlos Sud,0043,FRENTE DE TODOS,agrupacion,650,NO DECLARADO,xlsx_votos_por_localidad
2019,GENERAL,2019-10-27,PRESIDENTE Y VICE,21,Santa Fe,Las Colonias,San Carlos Sud,0043,FRENTE NOS,agrupacion,32,NO DECLARADO,xlsx_votos_por_localidad
2019,GENERAL,2019-10-27,PRESIDENTE Y VICE,21,Santa Fe,Las Colonias,San Carlos Sud,0043,IMPUGNADO,impugnados,0,NO DECLARADO,xlsx_votos_por_localidad
2019,GENERAL,2019-10-27,PRESIDENTE Y VICE,21,Santa Fe,Las Colonias,San Carlos Sud,0043,JUNTOS POR EL CAMBIO,agrupacion,753,NO DECLARADO,xlsx_votos_por_localidad
2019,GENERAL,2019-10-27,PRESIDENTE Y VICE,21,Santa Fe,Las Colonias,San Carlos Sud,0043,NULO,nulos,15,NO DECLARADO,xlsx_votos_por_localidad
2019,GENERAL,2019-10-27,PRESIDENTE Y VICE,21,Santa Fe,Las Colonias,San Carlos Sud,0043,POSITIVO,positivo,1653,NO DECLARADO,xlsx_votos_por_localidad
2019,GENERAL,2019-10-27,PRESIDENTE Y VICE,21,Santa Fe,Las Colonias,San Carlos Sud,0043,RECURRIDO,recurridos,0,NO DECLARADO,xlsx_votos_por_localidad
2019,GENERAL,2019-10-27,PRESIDENTE Y VICE,21,Santa Fe,Las Colonias,San Carlos Sud,0043,UNITE POR LA LIBERTAD Y LA DIGNIDAD,agrupacion,54,NO DECLARADO,xlsx_votos_por_localidad
2019,GENERAL,2019-10-27,PRESIDENTE Y VICE,21,Santa Fe,Las Colonias,San Jerónimo Norte,0052,COMANDO,comando,5,NO DECLARADO,xlsx_votos_por_localidad
2019,GENERAL,2019-10-27,PRESIDENTE Y VICE,21,Santa Fe,Las Colonias,San Jerónimo Norte,0052,CONSENSO FEDERAL,agrupacion,328,NO DECLARADO,xlsx_votos_por_localidad
2019,GENERAL,2019-10-27,PRESIDENTE Y VICE,21,Santa Fe,Las Colonias,San Jerónimo Norte,0052,EN BLANCO,blancos,26,NO DECLARADO,xlsx_votos_por_localidad
2019,GENERAL,2019-10-27,PRESIDENTE Y VICE,21,Santa Fe,Las Colonias,San Jerónimo Norte,0052,FRENTE DE IZQUIERDA Y DE TRABAJADORES - UNIDAD,agrupacion,33,NO DECLARADO,xlsx_votos_por_localidad
2019,GENERAL,2019-10-27,PRESIDENTE Y VICE,21,Santa Fe,Las Colonias,San Jerónimo Norte,0052,FRENTE DE TODOS,agrupacion,932,NO DECLARADO,xlsx_votos_por_localidad
2019,GENERAL,2019-10-27,PRESIDENTE Y VICE,21,Santa Fe,Las Colonias,San Jerónimo Norte,0052,FRENTE NOS,agrupacion,24,NO DECLARADO,xlsx_votos_por_localidad
2019,GENERAL,2019-10-27,PRESIDENTE Y VICE,21,Santa Fe,Las Colonias,San Jerónimo Norte,0052,IMPUGNADO,impugnados,0,NO DECLARADO,xlsx_votos_por_localidad
2019,GENERAL,2019-10-27,PRESIDENTE Y VICE,21,Santa Fe,Las Colonias,San Jerónimo Norte,0052,JUNTOS POR EL CAMBIO,agrupacion,3351,NO DECLARADO,xlsx_votos_por_localidad
2019,GENERAL,2019-10-27,PRESIDENTE Y VICE,21,Santa Fe,Las Colonias,San Jerónimo Norte,0052,NULO,nulos,59,NO DECLARADO,xlsx_votos_por_localidad
2019,GENERAL,2019-10-27,PRESIDENTE Y VICE,21,Santa Fe,Las Colonias,San Jerónimo Norte,0052,POSITIVO,positivo,4775,NO DECLARADO,xlsx_votos_por_localidad
2019,GENERAL,2019-10-27,PRESIDENTE Y VICE,21,Santa Fe,Las Colonias,San Jerónimo Norte,0052,RECURRIDO,recurridos,0,NO DECLARADO,xlsx_votos_por_localidad
2019,GENERAL,2019-10-27,PRESIDENTE Y VICE,21,Santa Fe,Las Colonias,San Jerónimo Norte,0052,UNITE POR LA LIBERTAD Y LA DIGNIDAD,agrupacion,107,NO DECLARADO,xlsx_votos_por_localidad
2019,GENERAL,2019-10-27,PRESIDENTE Y VICE,21,Santa Fe,Las Colonias,Santa Clara de Buena Vista,0046,COMANDO,comando,0,NO DECLARADO,xlsx_votos_por_localidad
2019,GENERAL,2019-10-27,PRESIDENTE Y VICE,21,Santa Fe,Las Colonias,Santa Clara de Buena Vista,0046,CONSENSO FEDERAL,agrupacion,202,NO DECLARADO,xlsx_votos_por_localidad
2019,GENERAL,2019-10-27,PRESIDENTE Y VICE,21,Santa Fe,Las Colonias,Santa Clara de Buena Vista,0046,EN BLANCO,blancos,24,NO DECLARADO,xlsx_votos_por_localidad
2019,GENERAL,2019-10-27,PRESIDENTE Y VICE,21,Santa Fe,Las Colonias,Santa Clara de Buena Vista,0046,FRENTE DE IZQUIERDA Y DE TRABAJADORES - UNIDAD,agrupacion,20,NO DECLARADO,xlsx_votos_por_localidad
2019,GENERAL,2019-10-27,PRESIDENTE Y VICE,21,Santa Fe,Las Colonias,Santa Clara de Buena Vista,0046,FRENTE DE TODOS,agrupacion,730,NO DECLARADO,xlsx_votos_por_localidad
2019,GENERAL,2019-10-27,PRESIDENTE Y VICE,21,Santa Fe,Las Colonias,Santa Clara de Buena Vista,0046,FRENTE NOS,agrupacion,11,NO DECLARADO,xlsx_votos_por_localidad
2019,GENERAL,2019-10-27,PRESIDENTE Y VICE,21,Santa Fe,Las Colonias,Santa Clara de Buena Vista,0046,IMPUGNADO,impugnados,0,NO DECLARADO,xlsx_votos_por_localidad
2019,GENERAL,2019-10-27,PRESIDENTE Y VICE,21,Santa Fe,Las Colonias,Santa Clara de Buena Vista,0046,JUNTOS POR EL CAMBIO,agrupacion,1010,NO DECLARADO,xlsx_votos_por_localidad
2019,GENERAL,2019-10-27,PRESIDENTE Y VICE,21,Santa Fe,Las Colonias,Santa Clara de Buena Vista,0046,NULO,nulos,27,NO DECLARADO,xlsx_votos_por_localidad
2019,GENERAL,2019-10-27,PRESIDENTE Y VICE,21,Santa Fe,Las Colonias,Santa Clara de Buena Vista,0046,POSITIVO,positivo,2025,NO DECLARADO,xlsx_votos_por_localidad
2019,GENERAL,2019-10-27,PRESIDENTE Y VICE,21,Santa Fe,Las Colonias,Santa Clara de Buena Vista,0046,RECURRIDO,recurridos,0,NO DECLARADO,xlsx_votos_por_localidad
2019,GENERAL,2019-10-27,PRESIDENTE Y VICE,21,Santa Fe,Las Colonias,Santa Clara de Buena Vista,0046,UNITE POR LA LIBERTAD Y LA DIGNIDAD,agrupacion,52,NO DECLARADO,xlsx_votos_por_localidad
2019,GENERAL,2019-10-27,PRESIDENTE Y VICE,21,Santa Fe,San Martín,Carlos Pellegrini,0160,COMANDO,comando,0,NO DECLARADO,xlsx_votos_por_localidad
2019,GENERAL,2019-10-27,PRESIDENTE Y VICE,21,Santa Fe,San Martín,Carlos Pellegrini,0160,CONSENSO FEDERAL,agrupacion,287,NO DECLARADO,xlsx_votos_por_localidad
2019,GENERAL,2019-10-27,PRESIDENTE Y VICE,21,Santa Fe,San Martín,Carlos Pellegrini,0160,EN BLANCO,blancos,28,NO DECLARADO,xlsx_votos_por_localidad
2019,GENERAL,2019-10-27,PRESIDENTE Y VICE,21,Santa Fe,San Martín,Carlos Pellegrini,0160,FRENTE DE IZQUIERDA Y DE TRABAJADORES - UNIDAD,agrupacion,37,NO DECLARADO,xlsx_votos_por_localidad
2019,GENERAL,2019-10-27,PRESIDENTE Y VICE,21,Santa Fe,San Martín,Carlos Pellegrini,0160,FRENTE DE TODOS,agrupacion,954,NO DECLARADO,xlsx_votos_por_localidad
2019,GENERAL,2019-10-27,PRESIDENTE Y VICE,21,Santa Fe,San Martín,Carlos Pellegrini,0160,FRENTE NOS,agrupacion,65,NO DECLARADO,xlsx_votos_por_localidad
2019,GENERAL,2019-10-27,PRESIDENTE Y VICE,21,Santa Fe,San Martín,Carlos Pellegrini,0160,IMPUGNADO,impugnados,0,NO DECLARADO,xlsx_votos_por_localidad
2019,GENERAL,2019-10-27,PRESIDENTE Y VICE,21,Santa Fe,San Martín,Carlos Pellegrini,0160,JUNTOS POR EL CAMBIO,agrupacion,2209,NO DECLARADO,xlsx_votos_por_localidad
2019,GENERAL,2019-10-27,PRESIDENTE Y VICE,21,Santa Fe,San Martín,Carlos Pellegrini,0160,NULO,nulos,56,NO DECLARADO,xlsx_votos_por_localidad
2019,GENERAL,2019-10-27,PRESIDENTE Y VICE,21,Santa Fe,San Martín,Carlos Pellegrini,0160,POSITIVO,positivo,3600,NO DECLARADO,xlsx_votos_por_localidad
2019,GENERAL,2019-10-27,PRESIDENTE Y VICE,21,Santa Fe,San Martín,Carlos Pellegrini,0160,RECURRIDO,recurridos,0,NO DECLARADO,xlsx_votos_por_localidad
2019,GENERAL,2019-10-27,PRESIDENTE Y VICE,21,Santa Fe,San Martín,Carlos Pellegrini,0160,UNITE POR LA LIBERTAD Y LA DIGNIDAD,agrupacion,48,NO DECLARADO,xlsx_votos_por_localidad
2019,GENERAL,2019-10-27,PRESIDENTE Y VICE,21,Santa Fe,San Martín,Cañada Rosquín,0161,COMANDO,comando,0,NO DECLARADO,xlsx_votos_por_localidad
2019,GENERAL,2019-10-27,PRESIDENTE Y VICE,21,Santa Fe,San Martín,Cañada Rosquín,0161,CONSENSO FEDERAL,agrupacion,318,NO DECLARADO,xlsx_votos_por_localidad
2019,GENERAL,2019-10-27,PRESIDENTE Y VICE,21,Santa Fe,San Martín,Cañada Rosquín,0161,EN BLANCO,blancos,26,NO DECLARADO,xlsx_votos_por_localidad
2019,GENERAL,2019-10-27,PRESIDENTE Y VICE,21,Santa Fe,San Martín,Cañada Rosquín,0161,FRENTE DE IZQUIERDA Y DE TRABAJADORES - UNIDAD,agrupacion,40,NO DECLARADO,xlsx_votos_por_localidad
2019,GENERAL,2019-10-27,PRESIDENTE Y VICE,21,Santa Fe,San Martín,Cañada Rosquín,0161,FRENTE DE TODOS,agrupacion,1078,NO DECLARADO,xlsx_votos_por_localidad
2019,GENERAL,2019-10-27,PRESIDENTE Y VICE,21,Santa Fe,San Martín,Cañada Rosquín,0161,FRENTE NOS,agrupacion,53,NO DECLARADO,xlsx_votos_por_localidad
2019,GENERAL,2019-10-27,PRESIDENTE Y VICE,21,Santa Fe,San Martín,Cañada Rosquín,0161,IMPUGNADO,impugnados,0,NO DECLARADO,xlsx_votos_por_localidad
2019,GENERAL,2019-10-27,PRESIDENTE Y VICE,21,Santa Fe,San Martín,Cañada Rosquín,0161,JUNTOS POR EL CAMBIO,agrupacion,2032,NO DECLARADO,xlsx_votos_por_localidad
2019,GENERAL,2019-10-27,PRESIDENTE Y VICE,21,Santa Fe,San Martín,Cañada Rosquín,0161,NULO,nulos,70,NO DECLARADO,xlsx_votos_por_localidad
2019,GENERAL,2019-10-27,PRESIDENTE Y VICE,21,Santa Fe,San Martín,Cañada Rosquín,0161,POSITIVO,positivo,3570,NO DECLARADO,xlsx_votos_por_localidad
2019,GENERAL,2019-10-27,PRESIDENTE Y VICE,21,Santa Fe,San Martín,Cañada Rosquín,0161,RECURRIDO,recurridos,0,NO DECLARADO,xlsx_votos_por_localidad
2019,GENERAL,2019-10-27,PRESIDENTE Y VICE,21,Santa Fe,San Martín,Cañada Rosquín,0161,UNITE POR LA LIBERTAD Y LA DIGNIDAD,agrupacion,49,NO DECLARADO,xlsx_votos_por_localidad
2019,GENERAL,2019-10-27,PRESIDENTE Y VICE,21,Santa Fe,San Martín,El Trébol,0165,COMANDO,comando,1,NO DECLARADO,xlsx_votos_por_localidad
2019,GENERAL,2019-10-27,PRESIDENTE Y VICE,21,Santa Fe,San Martín,El Trébol,0165,CONSENSO FEDERAL,agrupacion,713,NO DECLARADO,xlsx_votos_por_localidad
2019,GENERAL,2019-10-27,PRESIDENTE Y VICE,21,Santa Fe,San Martín,El Trébol,0165,EN BLANCO,blancos,61,NO DECLARADO,xlsx_votos_por_localidad
2019,GENERAL,2019-10-27,PRESIDENTE Y VICE,21,Santa Fe,San Martín,El Trébol,0165,FRENTE DE IZQUIERDA Y DE TRABAJADORES - UNIDAD,agrupacion,96,NO DECLARADO,xlsx_votos_por_localidad
2019,GENERAL,2019-10-27,PRESIDENTE Y VICE,21,Santa Fe,San Martín,El Trébol,0165,FRENTE DE TODOS,agrupacion,2834,NO DECLARADO,xlsx_votos_por_localidad
2019,GENERAL,2019-10-27,PRESIDENTE Y VICE,21,Santa Fe,San Martín,El Trébol,0165,FRENTE NOS,agrupacion,147,NO DECLARADO,xlsx_votos_por_localidad
2019,GENERAL,2019-10-27,PRESIDENTE Y VICE,21,Santa Fe,San Martín,El Trébol,0165,IMPUGNADO,impugnados,0,NO DECLARADO,xlsx_votos_por_localidad
2019,GENERAL,2019-10-27,PRESIDENTE Y VICE,21,Santa Fe,San Martín,El Trébol,0165,JUNTOS POR EL CAMBIO,agrupacion,4015,NO DECLARADO,xlsx_votos_por_localidad
2019,GENERAL,2019-10-27,PRESIDENTE Y VICE,21,Santa Fe,San Martín,El Trébol,0165,NULO,nulos,163,NO DECLARADO,xlsx_votos_por_localidad
2019,GENERAL,2019-10-27,PRESIDENTE Y VICE,21,Santa Fe,San Martín,El Trébol,0165,POSITIVO,positivo,7986,NO DECLARADO,xlsx_votos_por_localidad
2019,GENERAL,2019-10-27,PRESIDENTE Y VICE,21,Santa Fe,San Martín,El Trébol,0165,RECURRIDO,recurridos,0,NO DECLARADO,xlsx_votos_por_localidad
2019,GENERAL,2019-10-27,PRESIDENTE Y VICE,21,Santa Fe,San Martín,El Trébol,0165,UNITE POR LA LIBERTAD Y LA DIGNIDAD,agrupacion,181,NO DECLARADO,xlsx_votos_por_localidad
2019,GENERAL,2019-10-27,PRESIDENTE Y VICE,21,Santa Fe,San Martín,María Susana,0166,COMANDO,comando,1,NO DECLARADO,xlsx_votos_por_localidad
2019,GENERAL,2019-10-27,PRESIDENTE Y VICE,21,Santa Fe,San Martín,María Susana,0166,CONSENSO FEDERAL,agrupacion,174,NO DECLARADO,xlsx_votos_por_localidad
2019,GENERAL,2019-10-27,PRESIDENTE Y VICE,21,Santa Fe,San Martín,María Susana,0166,EN BLANCO,blancos,4,NO DECLARADO,xlsx_votos_por_localidad
2019,GENERAL,2019-10-27,PRESIDENTE Y VICE,21,Santa Fe,San Martín,María Susana,0166,FRENTE DE IZQUIERDA Y DE TRABAJADORES - UNIDAD,agrupacion,12,NO DECLARADO,xlsx_votos_por_localidad
2019,GENERAL,2019-10-27,PRESIDENTE Y VICE,21,Santa Fe,San Martín,María Susana,0166,FRENTE DE TODOS,agrupacion,664,NO DECLARADO,xlsx_votos_por_localidad
2019,GENERAL,2019-10-27,PRESIDENTE Y VICE,21,Santa Fe,San Martín,María Susana,0166,FRENTE NOS,agrupacion,32,NO DECLARADO,xlsx_votos_por_localidad
2019,GENERAL,2019-10-27,PRESIDENTE Y VICE,21,Santa Fe,San Martín,María Susana,0166,IMPUGNADO,impugnados,0,NO DECLARADO,xlsx_votos_por_localidad
2019,GENERAL,2019-10-27,PRESIDENTE Y VICE,21,Santa Fe,San Martín,María Susana,0166,JUNTOS POR EL CAMBIO,agrupacion,1347,NO DECLARADO,xlsx_votos_por_localidad
2019,GENERAL,2019-10-27,PRESIDENTE Y VICE,21,Santa Fe,San Martín,María Susana,0166,NULO,nulos,50,NO DECLARADO,xlsx_votos_por_localidad
2019,GENERAL,2019-10-27,PRESIDENTE Y VICE,21,Santa Fe,San Martín,María Susana,0166,POSITIVO,positivo,2260,NO DECLARADO,xlsx_votos_por_localidad
2019,GENERAL,2019-10-27,PRESIDENTE Y VICE,21,Santa Fe,San Martín,María Susana,0166,RECURRIDO,recurridos,0,NO DECLARADO,xlsx_votos_por_localidad
2019,GENERAL,2019-10-27,PRESIDENTE Y VICE,21,Santa Fe,San Martín,María Susana,0166,UNITE POR LA LIBERTAD Y LA DIGNIDAD,agrupacion,31,NO DECLARADO,xlsx_votos_por_localidad
2019,GENERAL,2019-10-27,PRESIDENTE Y VICE,21,Santa Fe,San Martín,Piamonte,0164,COMANDO,comando,1,NO DECLARADO,xlsx_votos_por_localidad
2019,GENERAL,2019-10-27,PRESIDENTE Y VICE,21,Santa Fe,San Martín,Piamonte,0164,CONSENSO FEDERAL,agrupacion,160,NO DECLARADO,xlsx_votos_por_localidad
2019,GENERAL,2019-10-27,PRESIDENTE Y VICE,21,Santa Fe,San Martín,Piamonte,0164,EN BLANCO,blancos,20,NO DECLARADO,xlsx_votos_por_localidad
2019,GENERAL,2019-10-27,PRESIDENTE Y VICE,21,Santa Fe,San Martín,Piamonte,0164,FRENTE DE IZQUIERDA Y DE TRABAJADORES - UNIDAD,agrupacion,33,NO DECLARADO,xlsx_votos_por_localidad
2019,GENERAL,2019-10-27,PRESIDENTE Y VICE,21,Santa Fe,San Martín,Piamonte,0164,FRENTE DE TODOS,agrupacion,572,NO DECLARADO,xlsx_votos_por_localidad
2019,GENERAL,2019-10-27,PRESIDENTE Y VICE,21,Santa Fe,San Martín,Piamonte,0164,FRENTE NOS,agrupacion,47,NO DECLARADO,xlsx_votos_por_localidad
2019,GENERAL,2019-10-27,PRESIDENTE Y VICE,21,Santa Fe,San Martín,Piamonte,0164,IMPUGNADO,impugnados,0,NO DECLARADO,xlsx_votos_por_localidad
2019,GENERAL,2019-10-27,PRESIDENTE Y VICE,21,Santa Fe,San Martín,Piamonte,0164,JUNTOS POR EL CAMBIO,agrupacion,1265,NO DECLARADO,xlsx_votos_por_localidad
2019,GENERAL,2019-10-27,PRESIDENTE Y VICE,21,Santa Fe,San Martín,Piamonte,0164,NULO,nulos,47,NO DECLARADO,xlsx_votos_por_localidad
2019,GENERAL,2019-10-27,PRESIDENTE Y VICE,21,Santa Fe,San Martín,Piamonte,0164,POSITIVO,positivo,2094,NO DECLARADO,xlsx_votos_por_localidad
2019,GENERAL,2019-10-27,PRESIDENTE Y VICE,21,Santa Fe,San Martín,Piamonte,0164,RECURRIDO,recurridos,0,NO DECLARADO,xlsx_votos_por_localidad
2019,GENERAL,2019-10-27,PRESIDENTE Y VICE,21,Santa Fe,San Martín,Piamonte,0164,UNITE POR LA LIBERTAD Y LA DIGNIDAD,agrupacion,17,NO DECLARADO,xlsx_votos_por_localidad
2019,GENERAL,2019-10-27,PRESIDENTE Y VICE,21,Santa Fe,San Martín,San Jorge,0158,COMANDO,comando,0,NO DECLARADO,xlsx_votos_por_localidad
2019,GENERAL,2019-10-27,PRESIDENTE Y VICE,21,Santa Fe,San Martín,San Jorge,0158,CONSENSO FEDERAL,agrupacion,1127,NO DECLARADO,xlsx_votos_por_localidad
2019,GENERAL,2019-10-27,PRESIDENTE Y VICE,21,Santa Fe,San Martín,San Jorge,0158,EN BLANCO,blancos,66,NO DECLARADO,xlsx_votos_por_localidad
2019,GENERAL,2019-10-27,PRESIDENTE Y VICE,21,Santa Fe,San Martín,San Jorge,0158,FRENTE DE IZQUIERDA Y DE TRABAJADORES - UNIDAD,agrupacion,149,NO DECLARADO,xlsx_votos_por_localidad
2019,GENERAL,2019-10-27,PRESIDENTE Y VICE,21,Santa Fe,San Martín,San Jorge,0158,FRENTE DE TODOS,agrupacion,4463,NO DECLARADO,xlsx_votos_por_localidad
2019,GENERAL,2019-10-27,PRESIDENTE Y VICE,21,Santa Fe,San Martín,San Jorge,0158,FRENTE NOS,agrupacion,212,NO DECLARADO,xlsx_votos_por_localidad
2019,GENERAL,2019-10-27,PRESIDENTE Y VICE,21,Santa Fe,San Martín,San Jorge,0158,IMPUGNADO,impugnados,0,NO DECLARADO,xlsx_votos_por_localidad
2019,GENERAL,2019-10-27,PRESIDENTE Y VICE,21,Santa Fe,San Martín,San Jorge,0158,JUNTOS POR EL CAMBIO,agrupacion,6289,NO DECLARADO,xlsx_votos_por_localidad
2019,GENERAL,2019-10-27,PRESIDENTE Y VICE,21,Santa Fe,San Martín,San Jorge,0158,NULO,nulos,199,NO DECLARADO,xlsx_votos_por_localidad
2019,GENERAL,2019-10-27,PRESIDENTE Y VICE,21,Santa Fe,San Martín,San Jorge,0158,POSITIVO,positivo,12469,NO DECLARADO,xlsx_votos_por_localidad
2019,GENERAL,2019-10-27,PRESIDENTE Y VICE,21,Santa Fe,San Martín,San Jorge,0158,RECURRIDO,recurridos,0,NO DECLARADO,xlsx_votos_por_localidad
2019,GENERAL,2019-10-27,PRESIDENTE Y VICE,21,Santa Fe,San Martín,San Jorge,0158,UNITE POR LA LIBERTAD Y LA DIGNIDAD,agrupacion,229,NO DECLARADO,xlsx_votos_por_localidad
2019,GENERAL,2019-10-27,PRESIDENTE Y VICE,21,Santa Fe,San Martín,San Martín de las Escobas,0156,COMANDO,comando,1,NO DECLARADO,xlsx_votos_por_localidad
2019,GENERAL,2019-10-27,PRESIDENTE Y VICE,21,Santa Fe,San Martín,San Martín de las Escobas,0156,CONSENSO FEDERAL,agrupacion,118,NO DECLARADO,xlsx_votos_por_localidad
2019,GENERAL,2019-10-27,PRESIDENTE Y VICE,21,Santa Fe,San Martín,San Martín de las Escobas,0156,EN BLANCO,blancos,9,NO DECLARADO,xlsx_votos_por_localidad
2019,GENERAL,2019-10-27,PRESIDENTE Y VICE,21,Santa Fe,San Martín,San Martín de las Escobas,0156,FRENTE DE IZQUIERDA Y DE TRABAJADORES - UNIDAD,agrupacion,18,NO DECLARADO,xlsx_votos_por_localidad
2019,GENERAL,2019-10-27,PRESIDENTE Y VICE,21,Santa Fe,San Martín,San Martín de las Escobas,0156,FRENTE DE TODOS,agrupacion,417,NO DECLARADO,xlsx_votos_por_localidad
2019,GENERAL,2019-10-27,PRESIDENTE Y VICE,21,Santa Fe,San Martín,San Martín de las Escobas,0156,FRENTE NOS,agrupacion,49,NO DECLARADO,xlsx_votos_por_localidad
2019,GENERAL,2019-10-27,PRESIDENTE Y VICE,21,Santa Fe,San Martín,San Martín de las Escobas,0156,IMPUGNADO,impugnados,0,NO DECLARADO,xlsx_votos_por_localidad
2019,GENERAL,2019-10-27,PRESIDENTE Y VICE,21,Santa Fe,San Martín,San Martín de las Escobas,0156,JUNTOS POR EL CAMBIO,agrupacion,1298,NO DECLARADO,xlsx_votos_por_localidad
2019,GENERAL,2019-10-27,PRESIDENTE Y VICE,21,Santa Fe,San Martín,San Martín de las Escobas,0156,NULO,nulos,26,NO DECLARADO,xlsx_votos_por_localidad
2019,GENERAL,2019-10-27,PRESIDENTE Y VICE,21,Santa Fe,San Martín,San Martín de las Escobas,0156,POSITIVO,positivo,1922,NO DECLARADO,xlsx_votos_por_localidad
2019,GENERAL,2019-10-27,PRESIDENTE Y VICE,21,Santa Fe,San Martín,San Martín de las Escobas,0156,RECURRIDO,recurridos,0,NO DECLARADO,xlsx_votos_por_localidad
2019,GENERAL,2019-10-27,PRESIDENTE Y VICE,21,Santa Fe,San Martín,San Martín de las Escobas,0156,UNITE POR LA LIBERTAD Y LA DIGNIDAD,agrupacion,22,NO DECLARADO,xlsx_votos_por_localidad
2019,GENERAL,2019-10-27,PRESIDENTE Y VICE,21,Santa Fe,San Martín,Sastre y Ortiz,0155,COMANDO,comando,0,NO DECLARADO,xlsx_votos_por_localidad
2019,GENERAL,2019-10-27,PRESIDENTE Y VICE,21,Santa Fe,San Martín,Sastre y Ortiz,0155,CONSENSO FEDERAL,agrupacion,365,NO DECLARADO,xlsx_votos_por_localidad
2019,GENERAL,2019-10-27,PRESIDENTE Y VICE,21,Santa Fe,San Martín,Sastre y Ortiz,0155,EN BLANCO,blancos,16,NO DECLARADO,xlsx_votos_por_localidad
2019,GENERAL,2019-10-27,PRESIDENTE Y VICE,21,Santa Fe,San Martín,Sastre y Ortiz,0155,FRENTE DE IZQUIERDA Y DE TRABAJADORES - UNIDAD,agrupacion,49,NO DECLARADO,xlsx_votos_por_localidad
2019,GENERAL,2019-10-27,PRESIDENTE Y VICE,21,Santa Fe,San Martín,Sastre y Ortiz,0155,FRENTE DE TODOS,agrupacion,1658,NO DECLARADO,xlsx_votos_por_localidad
2019,GENERAL,2019-10-27,PRESIDENTE Y VICE,21,Santa Fe,San Martín,Sastre y Ortiz,0155,FRENTE NOS,agrupacion,29,NO DECLARADO,xlsx_votos_por_localidad
2019,GENERAL,2019-10-27,PRESIDENTE Y VICE,21,Santa Fe,San Martín,Sastre y Ortiz,0155,IMPUGNADO,impugnados,0,NO DECLARADO,xlsx_votos_por_localidad
2019,GENERAL,2019-10-27,PRESIDENTE Y VICE,21,Santa Fe,San Martín,Sastre y Ortiz,0155,JUNTOS POR EL CAMBIO,agrupacion,1645,NO DECLARADO,xlsx_votos_por_localidad
2019,GENERAL,2019-10-27,PRESIDENTE Y VICE,21,Santa Fe,San Martín,Sastre y Ortiz,0155,NULO,nulos,74,NO DECLARADO,xlsx_votos_por_localidad
2019,GENERAL,2019-10-27,PRESIDENTE Y VICE,21,Santa Fe,San Martín,Sastre y Ortiz,0155,POSITIVO,positivo,3812,NO DECLARADO,xlsx_votos_por_localidad
2019,GENERAL,2019-10-27,PRESIDENTE Y VICE,21,Santa Fe,San Martín,Sastre y Ortiz,0155,RECURRIDO,recurridos,0,NO DECLARADO,xlsx_votos_por_localidad
2019,GENERAL,2019-10-27,PRESIDENTE Y VICE,21,Santa Fe,San Martín,Sastre y Ortiz,0155,UNITE POR LA LIBERTAD Y LA DIGNIDAD,agrupacion,66,NO DECLARADO,xlsx_votos_por_localidad
2019,PASO,2019-08-11,PRESIDENTE Y VICE,21,Santa Fe,Castellanos,Ataliva,0121,COMANDO,comando,2,NO DECLARADO,xlsx_votos_por_localidad
2019,PASO,2019-08-11,PRESIDENTE Y VICE,21,Santa Fe,Castellanos,Ataliva,0121,CONSENSO FEDERAL,agrupacion,95,NO DECLARADO,xlsx_votos_por_localidad
2019,PASO,2019-08-11,PRESIDENTE Y VICE,21,Santa Fe,Castellanos,Ataliva,0121,EN BLANCO,blancos,18,NO DECLARADO,xlsx_votos_por_localidad
2019,PASO,2019-08-11,PRESIDENTE Y VICE,21,Santa Fe,Castellanos,Ataliva,0121,FRENTE DE IZQUIERDA Y DE TRABAJADORES - UNIDAD,agrupacion,12,NO DECLARADO,xlsx_votos_por_localidad
2019,PASO,2019-08-11,PRESIDENTE Y VICE,21,Santa Fe,Castellanos,Ataliva,0121,FRENTE DE TODOS,agrupacion,320,NO DECLARADO,xlsx_votos_por_localidad
2019,PASO,2019-08-11,PRESIDENTE Y VICE,21,Santa Fe,Castellanos,Ataliva,0121,FRENTE NOS,agrupacion,19,NO DECLARADO,xlsx_votos_por_localidad
2019,PASO,2019-08-11,PRESIDENTE Y VICE,21,Santa Fe,Castellanos,Ataliva,0121,FRENTE PATRIOTA,agrupacion,2,NO DECLARADO,xlsx_votos_por_localidad
2019,PASO,2019-08-11,PRESIDENTE Y VICE,21,Santa Fe,Castellanos,Ataliva,0121,IMPUGNADO,impugnados,6,NO DECLARADO,xlsx_votos_por_localidad
2019,PASO,2019-08-11,PRESIDENTE Y VICE,21,Santa Fe,Castellanos,Ataliva,0121,JUNTOS POR EL CAMBIO,agrupacion,717,NO DECLARADO,xlsx_votos_por_localidad
2019,PASO,2019-08-11,PRESIDENTE Y VICE,21,Santa Fe,Castellanos,Ataliva,0121,MOVIMIENTO AL SOCIALISMO,agrupacion,6,NO DECLARADO,xlsx_votos_por_localidad
2019,PASO,2019-08-11,PRESIDENTE Y VICE,21,Santa Fe,Castellanos,Ataliva,0121,MOVIMIENTO DE ACCION VECINAL,agrupacion,2,NO DECLARADO,xlsx_votos_por_localidad
2019,PASO,2019-08-11,PRESIDENTE Y VICE,21,Santa Fe,Castellanos,Ataliva,0121,NULO,nulos,44,NO DECLARADO,xlsx_votos_por_localidad
2019,PASO,2019-08-11,PRESIDENTE Y VICE,21,Santa Fe,Castellanos,Ataliva,0121,PARTIDO AUTONOMISTA,agrupacion,1,NO DECLARADO,xlsx_votos_por_localidad
2019,PASO,2019-08-11,PRESIDENTE Y VICE,21,Santa Fe,Castellanos,Ataliva,0121,POSITIVO,positivo,1194,NO DECLARADO,xlsx_votos_por_localidad
2019,PASO,2019-08-11,PRESIDENTE Y VICE,21,Santa Fe,Castellanos,Ataliva,0121,RECURRIDO,recurridos,0,NO DECLARADO,xlsx_votos_por_localidad
2019,PASO,2019-08-11,PRESIDENTE Y VICE,21,Santa Fe,Castellanos,Ataliva,0121,UNITE POR LA LIBERTAD Y LA DIGNIDAD,agrupacion,20,NO DECLARADO,xlsx_votos_por_localidad
2019,PASO,2019-08-11,PRESIDENTE Y VICE,21,Santa Fe,Castellanos,Colonia Aldao,0120,COMANDO,comando,0,NO DECLARADO,xlsx_votos_por_localidad
2019,PASO,2019-08-11,PRESIDENTE Y VICE,21,Santa Fe,Castellanos,Colonia Aldao,0120,CONSENSO FEDERAL,agrupacion,86,NO DECLARADO,xlsx_votos_por_localidad
2019,PASO,2019-08-11,PRESIDENTE Y VICE,21,Santa Fe,Castellanos,Colonia Aldao,0120,EN BLANCO,blancos,8,NO DECLARADO,xlsx_votos_por_localidad
2019,PASO,2019-08-11,PRESIDENTE Y VICE,21,Santa Fe,Castellanos,Colonia Aldao,0120,FRENTE DE IZQUIERDA Y DE TRABAJADORES - UNIDAD,agrupacion,8,NO DECLARADO,xlsx_votos_por_localidad
2019,PASO,2019-08-11,PRESIDENTE Y VICE,21,Santa Fe,Castellanos,Colonia Aldao,0120,FRENTE DE TODOS,agrupacion,441,NO DECLARADO,xlsx_votos_por_localidad
2019,PASO,2019-08-11,PRESIDENTE Y VICE,21,Santa Fe,Castellanos,Colonia Aldao,0120,FRENTE NOS,agrupacion,28,NO DECLARADO,xlsx_votos_por_localidad
2019,PASO,2019-08-11,PRESIDENTE Y VICE,21,Santa Fe,Castellanos,Colonia Aldao,0120,FRENTE PATRIOTA,agrupacion,2,NO DECLARADO,xlsx_votos_por_localidad
2019,PASO,2019-08-11,PRESIDENTE Y VICE,21,Santa Fe,Castellanos,Colonia Aldao,0120,IMPUGNADO,impugnados,0,NO DECLARADO,xlsx_votos_por_localidad
2019,PASO,2019-08-11,PRESIDENTE Y VICE,21,Santa Fe,Castellanos,Colonia Aldao,0120,JUNTOS POR EL CAMBIO,agrupacion,554,NO DECLARADO,xlsx_votos_por_localidad
2019,PASO,2019-08-11,PRESIDENTE Y VICE,21,Santa Fe,Castellanos,Colonia Aldao,0120,MOVIMIENTO AL SOCIALISMO,agrupacion,4,NO DECLARADO,xlsx_votos_por_localidad
2019,PASO,2019-08-11,PRESIDENTE Y VICE,21,Santa Fe,Castellanos,Colonia Aldao,0120,MOVIMIENTO DE ACCION VECINAL,agrupacion,1,NO DECLARADO,xlsx_votos_por_localidad
2019,PASO,2019-08-11,PRESIDENTE Y VICE,21,Santa Fe,Castellanos,Colonia Aldao,0120,NULO,nulos,34,NO DECLARADO,xlsx_votos_por_localidad
2019,PASO,2019-08-11,PRESIDENTE Y VICE,21,Santa Fe,Castellanos,Colonia Aldao,0120,PARTIDO AUTONOMISTA,agrupacion,2,NO DECLARADO,xlsx_votos_por_localidad
2019,PASO,2019-08-11,PRESIDENTE Y VICE,21,Santa Fe,Castellanos,Colonia Aldao,0120,POSITIVO,positivo,1149,NO DECLARADO,xlsx_votos_por_localidad
2019,PASO,2019-08-11,PRESIDENTE Y VICE,21,Santa Fe,Castellanos,Colonia Aldao,0120,RECURRIDO,recurridos,0,NO DECLARADO,xlsx_votos_por_localidad
2019,PASO,2019-08-11,PRESIDENTE Y VICE,21,Santa Fe,Castellanos,Colonia Aldao,0120,UNITE POR LA LIBERTAD Y LA DIGNIDAD,agrupacion,23,NO DECLARADO,xlsx_votos_por_localidad
2019,PASO,2019-08-11,PRESIDENTE Y VICE,21,Santa Fe,Castellanos,Frontera,0134A,COMANDO,comando,7,NO DECLARADO,xlsx_votos_por_localidad
2019,PASO,2019-08-11,PRESIDENTE Y VICE,21,Santa Fe,Castellanos,Frontera,0134A,CONSENSO FEDERAL,agrupacion,395,NO DECLARADO,xlsx_votos_por_localidad
2019,PASO,2019-08-11,PRESIDENTE Y VICE,21,Santa Fe,Castellanos,Frontera,0134A,EN BLANCO,blancos,44,NO DECLARADO,xlsx_votos_por_localidad
2019,PASO,2019-08-11,PRESIDENTE Y VICE,21,Santa Fe,Castellanos,Frontera,0134A,FRENTE DE IZQUIERDA Y DE TRABAJADORES - UNIDAD,agrupacion,67,NO DECLARADO,xlsx_votos_por_localidad
2019,PASO,2019-08-11,PRESIDENTE Y VICE,21,Santa Fe,Castellanos,Frontera,0134A,FRENTE DE TODOS,agrupacion,2380,NO DECLARADO,xlsx_votos_por_localidad
2019,PASO,2019-08-11,PRESIDENTE Y VICE,21,Santa Fe,Castellanos,Frontera,0134A,FRENTE NOS,agrupacion,178,NO DECLARADO,xlsx_votos_por_localidad
2019,PASO,2019-08-11,PRESIDENTE Y VICE,21,Santa Fe,Castellanos,Frontera,0134A,FRENTE PATRIOTA,agrupacion,11,NO DECLARADO,xlsx_votos_por_localidad
2019,PASO,2019-08-11,PRESIDENTE Y VICE,21,Santa Fe,Castellanos,Frontera,0134A,IMPUGNADO,impugnados,0,NO DECLARADO,xlsx_votos_por_localidad
2019,PASO,2019-08-11,PRESIDENTE Y VICE,21,Santa Fe,Castellanos,Frontera,0134A,JUNTOS POR EL CAMBIO,agrupacion,1299,NO DECLARADO,xlsx_votos_por_localidad
2019,PASO,2019-08-11,PRESIDENTE Y VICE,21,Santa Fe,Castellanos,Frontera,0134A,MOVIMIENTO AL SOCIALISMO,agrupacion,31,NO DECLARADO,xlsx_votos_por_localidad
2019,PASO,2019-08-11,PRESIDENTE Y VICE,21,Santa Fe,Castellanos,Frontera,0134A,MOVIMIENTO DE ACCION VECINAL,agrupacion,6,NO DECLARADO,xlsx_votos_por_localidad
2019,PASO,2019-08-11,PRESIDENTE Y VICE,21,Santa Fe,Castellanos,Frontera,0134A,NULO,nulos,137,NO DECLARADO,xlsx_votos_por_localidad
2019,PASO,2019-08-11,PRESIDENTE Y VICE,21,Santa Fe,Castellanos,Frontera,0134A,PARTIDO AUTONOMISTA,agrupacion,6,NO DECLARADO,xlsx_votos_por_localidad
2019,PASO,2019-08-11,PRESIDENTE Y VICE,21,Santa Fe,Castellanos,Frontera,0134A,POSITIVO,positivo,4458,NO DECLARADO,xlsx_votos_por_localidad
2019,PASO,2019-08-11,PRESIDENTE Y VICE,21,Santa Fe,Castellanos,Frontera,0134A,RECURRIDO,recurridos,0,NO DECLARADO,xlsx_votos_por_localidad
2019,PASO,2019-08-11,PRESIDENTE Y VICE,21,Santa Fe,Castellanos,Frontera,0134A,UNITE POR LA LIBERTAD Y LA DIGNIDAD,agrupacion,85,NO DECLARADO,xlsx_votos_por_localidad
2019,PASO,2019-08-11,PRESIDENTE Y VICE,21,Santa Fe,Castellanos,Humberto Primo,0117,COMANDO,comando,4,NO DECLARADO,xlsx_votos_por_localidad
2019,PASO,2019-08-11,PRESIDENTE Y VICE,21,Santa Fe,Castellanos,Humberto Primo,0117,CONSENSO FEDERAL,agrupacion,217,NO DECLARADO,xlsx_votos_por_localidad
2019,PASO,2019-08-11,PRESIDENTE Y VICE,21,Santa Fe,Castellanos,Humberto Primo,0117,EN BLANCO,blancos,45,NO DECLARADO,xlsx_votos_por_localidad
2019,PASO,2019-08-11,PRESIDENTE Y VICE,21,Santa Fe,Castellanos,Humberto Primo,0117,FRENTE DE IZQUIERDA Y DE TRABAJADORES - UNIDAD,agrupacion,22,NO DECLARADO,xlsx_votos_por_localidad
2019,PASO,2019-08-11,PRESIDENTE Y VICE,21,Santa Fe,Castellanos,Humberto Primo,0117,FRENTE DE TODOS,agrupacion,829,NO DECLARADO,xlsx_votos_por_localidad
2019,PASO,2019-08-11,PRESIDENTE Y VICE,21,Santa Fe,Castellanos,Humberto Primo,0117,FRENTE NOS,agrupacion,38,NO DECLARADO,xlsx_votos_por_localidad
2019,PASO,2019-08-11,PRESIDENTE Y VICE,21,Santa Fe,Castellanos,Humberto Primo,0117,FRENTE PATRIOTA,agrupacion,3,NO DECLARADO,xlsx_votos_por_localidad
2019,PASO,2019-08-11,PRESIDENTE Y VICE,21,Santa Fe,Castellanos,Humberto Primo,0117,IMPUGNADO,impugnados,2,NO DECLARADO,xlsx_votos_por_localidad
2019,PASO,2019-08-11,PRESIDENTE Y VICE,21,Santa Fe,Castellanos,Humberto Primo,0117,JUNTOS POR EL CAMBIO,agrupacion,2029,NO DECLARADO,xlsx_votos_por_localidad
2019,PASO,2019-08-11,PRESIDENTE Y VICE,21,Santa Fe,Castellanos,Humberto Primo,0117,MOVIMIENTO AL SOCIALISMO,agrupacion,13,NO DECLARADO,xlsx_votos_por_localidad
2019,PASO,2019-08-11,PRESIDENTE Y VICE,21,Santa Fe,Castellanos,Humberto Primo,0117,MOVIMIENTO DE ACCION VECINAL,agrupacion,1,NO DECLARADO,xlsx_votos_por_localidad
2019,PASO,2019-08-11,PRESIDENTE Y VICE,21,Santa Fe,Castellanos,Humberto Primo,0117,NULO,nulos,51,NO DECLARADO,xlsx_votos_por_localidad
2019,PASO,2019-08-11,PRESIDENTE Y VICE,21,Santa Fe,Castellanos,Humberto Primo,0117,PARTIDO AUTONOMISTA,agrupacion,8,NO DECLARADO,xlsx_votos_por_localidad
2019,PASO,2019-08-11,PRESIDENTE Y VICE,21,Santa Fe,Castellanos,Humberto Primo,0117,POSITIVO,positivo,3232,NO DECLARADO,xlsx_votos_por_localidad
2019,PASO,2019-08-11,PRESIDENTE Y VICE,21,Santa Fe,Castellanos,Humberto Primo,0117,RECURRIDO,recurridos,0,NO DECLARADO,xlsx_votos_por_localidad
2019,PASO,2019-08-11,PRESIDENTE Y VICE,21,Santa Fe,Castellanos,Humberto Primo,0117,UNITE POR LA LIBERTAD Y LA DIGNIDAD,agrupacion,72,NO DECLARADO,xlsx_votos_por_localidad
2019,PASO,2019-08-11,PRESIDENTE Y VICE,21,Santa Fe,Castellanos,Josefina,0134,COMANDO,comando,3,NO DECLARADO,xlsx_votos_por_localidad
2019,PASO,2019-08-11,PRESIDENTE Y VICE,21,Santa Fe,Castellanos,Josefina,0134,CONSENSO FEDERAL,agrupacion,89,NO DECLARADO,xlsx_votos_por_localidad
2019,PASO,2019-08-11,PRESIDENTE Y VICE,21,Santa Fe,Castellanos,Josefina,0134,EN BLANCO,blancos,5,NO DECLARADO,xlsx_votos_por_localidad
2019,PASO,2019-08-11,PRESIDENTE Y VICE,21,Santa Fe,Castellanos,Josefina,0134,FRENTE DE IZQUIERDA Y DE TRABAJADORES - UNIDAD,agrupacion,8,NO DECLARADO,xlsx_votos_por_localidad
2019,PASO,2019-08-11,PRESIDENTE Y VICE,21,Santa Fe,Castellanos,Josefina,0134,FRENTE DE TODOS,agrupacion,125,NO DECLARADO,xlsx_votos_por_localidad
2019,PASO,2019-08-11,PRESIDENTE Y VICE,21,Santa Fe,Castellanos,Josefina,0134,FRENTE NOS,agrupacion,9,NO DECLARADO,xlsx_votos_por_localidad
2019,PASO,2019-08-11,PRESIDENTE Y VICE,21,Santa Fe,Castellanos,Josefina,0134,FRENTE PATRIOTA,agrupacion,1,NO DECLARADO,xlsx_votos_por_localidad
2019,PASO,2019-08-11,PRESIDENTE Y VICE,21,Santa Fe,Castellanos,Josefina,0134,IMPUGNADO,impugnados,0,NO DECLARADO,xlsx_votos_por_localidad
2019,PASO,2019-08-11,PRESIDENTE Y VICE,21,Santa Fe,Castellanos,Josefina,0134,JUNTOS POR EL CAMBIO,agrupacion,263,NO DECLARADO,xlsx_votos_por_localidad
2019,PASO,2019-08-11,PRESIDENTE Y VICE,21,Santa Fe,Castellanos,Josefina,0134,MOVIMIENTO AL SOCIALISMO,agrupacion,2,NO DECLARADO,xlsx_votos_por_localidad
2019,PASO,2019-08-11,PRESIDENTE Y VICE,21,Santa Fe,Castellanos,Josefina,0134,MOVIMIENTO DE ACCION VECINAL,agrupacion,0,NO DECLARADO,xlsx_votos_por_localidad
2019,PASO,2019-08-11,PRESIDENTE Y VICE,21,Santa Fe,Castellanos,Josefina,0134,NULO,nulos,10,NO DECLARADO,xlsx_votos_por_localidad
2019,PASO,2019-08-11,PRESIDENTE Y VICE,21,Santa Fe,Castellanos,Josefina,0134,PARTIDO AUTONOMISTA,agrupacion,0,NO DECLARADO,xlsx_votos_por_localidad
2019,PASO,2019-08-11,PRESIDENTE Y VICE,21,Santa Fe,Castellanos,Josefina,0134,POSITIVO,positivo,518,NO DECLARADO,xlsx_votos_por_localidad
2019,PASO,2019-08-11,PRESIDENTE Y VICE,21,Santa Fe,Castellanos,Josefina,0134,RECURRIDO,recurridos,0,NO DECLARADO,xlsx_votos_por_localidad
2019,PASO,2019-08-11,PRESIDENTE Y VICE,21,Santa Fe,Castellanos,Josefina,0134,UNITE POR LA LIBERTAD Y LA DIGNIDAD,agrupacion,21,NO DECLARADO,xlsx_votos_por_localidad
2019,PASO,2019-08-11,PRESIDENTE Y VICE,21,Santa Fe,Castellanos,Lehmann,0123,COMANDO,comando,0,NO DECLARADO,xlsx_votos_por_localidad
2019,PASO,2019-08-11,PRESIDENTE Y VICE,21,Santa Fe,Castellanos,Lehmann,0123,CONSENSO FEDERAL,agrupacion,189,NO DECLARADO,xlsx_votos_por_localidad
2019,PASO,2019-08-11,PRESIDENTE Y VICE,21,Santa Fe,Castellanos,Lehmann,0123,EN BLANCO,blancos,27,NO DECLARADO,xlsx_votos_por_localidad
2019,PASO,2019-08-11,PRESIDENTE Y VICE,21,Santa Fe,Castellanos,Lehmann,0123,FRENTE DE IZQUIERDA Y DE TRABAJADORES - UNIDAD,agrupacion,21,NO DECLARADO,xlsx_votos_por_localidad
2019,PASO,2019-08-11,PRESIDENTE Y VICE,21,Santa Fe,Castellanos,Lehmann,0123,FRENTE DE TODOS,agrupacion,614,NO DECLARADO,xlsx_votos_por_localidad
2019,PASO,2019-08-11,PRESIDENTE Y VICE,21,Santa Fe,Castellanos,Lehmann,0123,FRENTE NOS,agrupacion,45,NO DECLARADO,xlsx_votos_por_localidad
2019,PASO,2019-08-11,PRESIDENTE Y VICE,21,Santa Fe,Castellanos,Lehmann,0123,FRENTE PATRIOTA,agrupacion,5,NO DECLARADO,xlsx_votos_por_localidad
2019,PASO,2019-08-11,PRESIDENTE Y VICE,21,Santa Fe,Castellanos,Lehmann,0123,IMPUGNADO,impugnados,0,NO DECLARADO,xlsx_votos_por_localidad
2019,PASO,2019-08-11,PRESIDENTE Y VICE,21,Santa Fe,Castellanos,Lehmann,0123,JUNTOS POR EL CAMBIO,agrupacion,924,NO DECLARADO,xlsx_votos_por_localidad
2019,PASO,2019-08-11,PRESIDENTE Y VICE,21,Santa Fe,Castellanos,Lehmann,0123,MOVIMIENTO AL SOCIALISMO,agrupacion,6,NO DECLARADO,xlsx_votos_por_localidad
2019,PASO,2019-08-11,PRESIDENTE Y VICE,21,Santa Fe,Castellanos,Lehmann,0123,MOVIMIENTO DE ACCION VECINAL,agrupacion,1,NO DECLARADO,xlsx_votos_por_localidad
2019,PASO,2019-08-11,PRESIDENTE Y VICE,21,Santa Fe,Castellanos,Lehmann,0123,NULO,nulos,64,NO DECLARADO,xlsx_votos_por_localidad
2019,PASO,2019-08-11,PRESIDENTE Y VICE,21,Santa Fe,Castellanos,Lehmann,0123,PARTIDO AUTONOMISTA,agrupacion,2,NO DECLARADO,xlsx_votos_por_localidad
2019,PASO,2019-08-11,PRESIDENTE Y VICE,21,Santa Fe,Castellanos,Lehmann,0123,POSITIVO,positivo,1853,NO DECLARADO,xlsx_votos_por_localidad
2019,PASO,2019-08-11,PRESIDENTE Y VICE,21,Santa Fe,Castellanos,Lehmann,0123,RECURRIDO,recurridos,30,NO DECLARADO,xlsx_votos_por_localidad
2019,PASO,2019-08-11,PRESIDENTE Y VICE,21,Santa Fe,Castellanos,Lehmann,0123,UNITE POR LA LIBERTAD Y LA DIGNIDAD,agrupacion,46,NO DECLARADO,xlsx_votos_por_localidad
2019,PASO,2019-08-11,PRESIDENTE Y VICE,21,Santa Fe,Castellanos,María Juana,0140,COMANDO,comando,1,NO DECLARADO,xlsx_votos_por_localidad
2019,PASO,2019-08-11,PRESIDENTE Y VICE,21,Santa Fe,Castellanos,María Juana,0140,CONSENSO FEDERAL,agrupacion,421,NO DECLARADO,xlsx_votos_por_localidad
2019,PASO,2019-08-11,PRESIDENTE Y VICE,21,Santa Fe,Castellanos,María Juana,0140,EN BLANCO,blancos,44,NO DECLARADO,xlsx_votos_por_localidad
2019,PASO,2019-08-11,PRESIDENTE Y VICE,21,Santa Fe,Castellanos,María Juana,0140,FRENTE DE IZQUIERDA Y DE TRABAJADORES - UNIDAD,agrupacion,58,NO DECLARADO,xlsx_votos_por_localidad
2019,PASO,2019-08-11,PRESIDENTE Y VICE,21,Santa Fe,Castellanos,María Juana,0140,FRENTE DE TODOS,agrupacion,1113,NO DECLARADO,xlsx_votos_por_localidad
2019,PASO,2019-08-11,PRESIDENTE Y VICE,21,Santa Fe,Castellanos,María Juana,0140,FRENTE NOS,agrupacion,53,NO DECLARADO,xlsx_votos_por_localidad
2019,PASO,2019-08-11,PRESIDENTE Y VICE,21,Santa Fe,Castellanos,María Juana,0140,FRENTE PATRIOTA,agrupacion,4,NO DECLARADO,xlsx_votos_por_localidad
2019,PASO,2019-08-11,PRESIDENTE Y VICE,21,Santa Fe,Castellanos,María Juana,0140,IMPUGNADO,impugnados,0,NO DECLARADO,xlsx_votos_por_localidad
2019,PASO,2019-08-11,PRESIDENTE Y VICE,21,Santa Fe,Castellanos,María Juana,0140,JUNTOS POR EL CAMBIO,agrupacion,1201,NO DECLARADO,xlsx_votos_por_localidad
2019,PASO,2019-08-11,PRESIDENTE Y VICE,21,Santa Fe,Castellanos,María Juana,0140,MOVIMIENTO AL SOCIALISMO,agrupacion,14,NO DECLARADO,xlsx_votos_por_localidad
2019,PASO,2019-08-11,PRESIDENTE Y VICE,21,Santa Fe,Castellanos,María Juana,0140,MOVIMIENTO DE ACCION VECINAL,agrupacion,6,NO DECLARADO,xlsx_votos_por_localidad
2019,PASO,2019-08-11,PRESIDENTE Y VICE,21,Santa Fe,Castellanos,María Juana,0140,NULO,nulos,100,NO DECLARADO,xlsx_votos_por_localidad
2019,PASO,2019-08-11,PRESIDENTE Y VICE,21,Santa Fe,Castellanos,María Juana,0140,PARTIDO AUTONOMISTA,agrupacion,6,NO DECLARADO,xlsx_votos_por_localidad
2019,PASO,2019-08-11,PRESIDENTE Y VICE,21,Santa Fe,Castellanos,María Juana,0140,POSITIVO,positivo,2954,NO DECLARADO,xlsx_votos_por_localidad
2019,PASO,2019-08-11,PRESIDENTE Y VICE,21,Santa Fe,Castellanos,María Juana,0140,RECURRIDO,recurridos,0,NO DECLARADO,xlsx_votos_por_localidad
2019,PASO,2019-08-11,PRESIDENTE Y VICE,21,Santa Fe,Castellanos,María Juana,0140,UNITE POR LA LIBERTAD Y LA DIGNIDAD,agrupacion,78,NO DECLARADO,xlsx_votos_por_localidad
2019,PASO,2019-08-11,PRESIDENTE Y VICE,21,Santa Fe,Castellanos,Ramona,0124,COMANDO,comando,2,NO DECLARADO,xlsx_votos_por_localidad
2019,PASO,2019-08-11,PRESIDENTE Y VICE,21,Santa Fe,Castellanos,Ramona,0124,CONSENSO FEDERAL,agrupacion,129,NO DECLARADO,xlsx_votos_por_localidad
2019,PASO,2019-08-11,PRESIDENTE Y VICE,21,Santa Fe,Castellanos,Ramona,0124,EN BLANCO,blancos,30,NO DECLARADO,xlsx_votos_por_localidad
2019,PASO,2019-08-11,PRESIDENTE Y VICE,21,Santa Fe,Castellanos,Ramona,0124,FRENTE DE IZQUIERDA Y DE TRABAJADORES - UNIDAD,agrupacion,17,NO DECLARADO,xlsx_votos_por_localidad
2019,PASO,2019-08-11,PRESIDENTE Y VICE,21,Santa Fe,Castellanos,Ramona,0124,FRENTE DE TODOS,agrupacion,381,NO DECLARADO,xlsx_votos_por_localidad
2019,PASO,2019-08-11,PRESIDENTE Y VICE,21,Santa Fe,Castellanos,Ramona,0124,FRENTE NOS,agrupacion,19,NO DECLARADO,xlsx_votos_por_localidad
2019,PASO,2019-08-11,PRESIDENTE Y VICE,21,Santa Fe,Castellanos,Ramona,0124,FRENTE PATRIOTA,agrupacion,3,NO DECLARADO,xlsx_votos_por_localidad
2019,PASO,2019-08-11,PRESIDENTE Y VICE,21,Santa Fe,Castellanos,Ramona,0124,IMPUGNADO,impugnados,0,NO DECLARADO,xlsx_votos_por_localidad
2019,PASO,2019-08-11,PRESIDENTE Y VICE,21,Santa Fe,Castellanos,Ramona,0124,JUNTOS POR EL CAMBIO,agrupacion,600,NO DECLARADO,xlsx_votos_por_localidad
2019,PASO,2019-08-11,PRESIDENTE Y VICE,21,Santa Fe,Castellanos,Ramona,0124,MOVIMIENTO AL SOCIALISMO,agrupacion,5,NO DECLARADO,xlsx_votos_por_localidad
2019,PASO,2019-08-11,PRESIDENTE Y VICE,21,Santa Fe,Castellanos,Ramona,0124,MOVIMIENTO DE ACCION VECINAL,agrupacion,5,NO DECLARADO,xlsx_votos_por_localidad
2019,PASO,2019-08-11,PRESIDENTE Y VICE,21,Santa Fe,Castellanos,Ramona,0124,NULO,nulos,38,NO DECLARADO,xlsx_votos_por_localidad
2019,PASO,2019-08-11,PRESIDENTE Y VICE,21,Santa Fe,Castellanos,Ramona,0124,PARTIDO AUTONOMISTA,agrupacion,4,NO DECLARADO,xlsx_votos_por_localidad
2019,PASO,2019-08-11,PRESIDENTE Y VICE,21,Santa Fe,Castellanos,Ramona,0124,POSITIVO,positivo,1196,NO DECLARADO,xlsx_votos_por_localidad
2019,PASO,2019-08-11,PRESIDENTE Y VICE,21,Santa Fe,Castellanos,Ramona,0124,RECURRIDO,recurridos,0,NO DECLARADO,xlsx_votos_por_localidad
2019,PASO,2019-08-11,PRESIDENTE Y VICE,21,Santa Fe,Castellanos,Ramona,0124,UNITE POR LA LIBERTAD Y LA DIGNIDAD,agrupacion,33,NO DECLARADO,xlsx_votos_por_localidad
2019,PASO,2019-08-11,PRESIDENTE Y VICE,21,Santa Fe,Castellanos,San Vicente,0142,COMANDO,comando,2,NO DECLARADO,xlsx_votos_por_localidad
2019,PASO,2019-08-11,PRESIDENTE Y VICE,21,Santa Fe,Castellanos,San Vicente,0142,CONSENSO FEDERAL,agrupacion,477,NO DECLARADO,xlsx_votos_por_localidad
2019,PASO,2019-08-11,PRESIDENTE Y VICE,21,Santa Fe,Castellanos,San Vicente,0142,EN BLANCO,blancos,119,NO DECLARADO,xlsx_votos_por_localidad
2019,PASO,2019-08-11,PRESIDENTE Y VICE,21,Santa Fe,Castellanos,San Vicente,0142,FRENTE DE IZQUIERDA Y DE TRABAJADORES - UNIDAD,agrupacion,49,NO DECLARADO,xlsx_votos_por_localidad
2019,PASO,2019-08-11,PRESIDENTE Y VICE,21,Santa Fe,Castellanos,San Vicente,0142,FRENTE DE TODOS,agrupacion,1170,NO DECLARADO,xlsx_votos_por_localidad
2019,PASO,2019-08-11,PRESIDENTE Y VICE,21,Santa Fe,Castellanos,San Vicente,0142,FRENTE NOS,agrupacion,96,NO DECLARADO,xlsx_votos_por_localidad
2019,PASO,2019-08-11,PRESIDENTE Y VICE,21,Santa Fe,Castellanos,San Vicente,0142,FRENTE PATRIOTA,agrupacion,11,NO DECLARADO,xlsx_votos_por_localidad
2019,PASO,2019-08-11,PRESIDENTE Y VICE,21,Santa Fe,Castellanos,San Vicente,0142,IMPUGNADO,impugnados,1,NO DECLARADO,xlsx_votos_por_localidad
2019,PASO,2019-08-11,PRESIDENTE Y VICE,21,Santa Fe,Castellanos,San Vicente,0142,JUNTOS POR EL CAMBIO,agrupacion,1701,NO DECLARADO,xlsx_votos_por_localidad
2019,PASO,2019-08-11,PRESIDENTE Y VICE,21,Santa Fe,Castellanos,San Vicente,0142,MOVIMIENTO AL SOCIALISMO,agrupacion,23,NO DECLARADO,xlsx_votos_por_localidad
2019,PASO,2019-08-11,PRESIDENTE Y VICE,21,Santa Fe,Castellanos,San Vicente,0142,MOVIMIENTO DE ACCION VECINAL,agrupacion,7,NO DECLARADO,xlsx_votos_por_localidad
2019,PASO,2019-08-11,PRESIDENTE Y VICE,21,Santa Fe,Castellanos,San Vicente,0142,NULO,nulos,111,NO DECLARADO,xlsx_votos_por_localidad
2019,PASO,2019-08-11,PRESIDENTE Y VICE,21,Santa Fe,Castellanos,San Vicente,0142,PARTIDO AUTONOMISTA,agrupacion,6,NO DECLARADO,xlsx_votos_por_localidad
2019,PASO,2019-08-11,PRESIDENTE Y VICE,21,Santa Fe,Castellanos,San Vicente,0142,POSITIVO,positivo,3668,NO DECLARADO,xlsx_votos_por_localidad
2019,PASO,2019-08-11,PRESIDENTE Y VICE,21,Santa Fe,Castellanos,San Vicente,0142,RECURRIDO,recurridos,0,NO DECLARADO,xlsx_votos_por_localidad
2019,PASO,2019-08-11,PRESIDENTE Y VICE,21,Santa Fe,Castellanos,San Vicente,0142,UNITE POR LA LIBERTAD Y LA DIGNIDAD,agrupacion,128,NO DECLARADO,xlsx_votos_por_localidad
2019,PASO,2019-08-11,PRESIDENTE Y VICE,21,Santa Fe,Castellanos,Santa Clara de Saguier,0130,COMANDO,comando,3,NO DECLARADO,xlsx_votos_por_localidad
2019,PASO,2019-08-11,PRESIDENTE Y VICE,21,Santa Fe,Castellanos,Santa Clara de Saguier,0130,CONSENSO FEDERAL,agrupacion,126,NO DECLARADO,xlsx_votos_por_localidad
2019,PASO,2019-08-11,PRESIDENTE Y VICE,21,Santa Fe,Castellanos,Santa Clara de Saguier,0130,EN BLANCO,blancos,42,NO DECLARADO,xlsx_votos_por_localidad
2019,PASO,2019-08-11,PRESIDENTE Y VICE,21,Santa Fe,Castellanos,Santa Clara de Saguier,0130,FRENTE DE IZQUIERDA Y DE TRABAJADORES - UNIDAD,agrupacion,9,NO DECLARADO,xlsx_votos_por_localidad
2019,PASO,2019-08-11,PRESIDENTE Y VICE,21,Santa Fe,Castellanos,Santa Clara de Saguier,0130,FRENTE DE TODOS,agrupacion,381,NO DECLARADO,xlsx_votos_por_localidad
2019,PASO,2019-08-11,PRESIDENTE Y VICE,21,Santa Fe,Castellanos,Santa Clara de Saguier,0130,FRENTE NOS,agrupacion,33,NO DECLARADO,xlsx_votos_por_localidad
2019,PASO,2019-08-11,PRESIDENTE Y VICE,21,Santa Fe,Castellanos,Santa Clara de Saguier,0130,FRENTE PATRIOTA,agrupacion,9,NO DECLARADO,xlsx_votos_por_localidad
2019,PASO,2019-08-11,PRESIDENTE Y VICE,21,Santa Fe,Castellanos,Santa Clara de Saguier,0130,IMPUGNADO,impugnados,0,NO DECLARADO,xlsx_votos_por_localidad
2019,PASO,2019-08-11,PRESIDENTE Y VICE,21,Santa Fe,Castellanos,Santa Clara de Saguier,0130,JUNTOS POR EL CAMBIO,agrupacion,589,NO DECLARADO,xlsx_votos_por_localidad
2019,PASO,2019-08-11,PRESIDENTE Y VICE,21,Santa Fe,Castellanos,Santa Clara de Saguier,0130,MOVIMIENTO AL SOCIALISMO,agrupacion,9,NO DECLARADO,xlsx_votos_por_localidad
2019,PASO,2019-08-11,PRESIDENTE Y VICE,21,Santa Fe,Castellanos,Santa Clara de Saguier,0130,MOVIMIENTO DE ACCION VECINAL,agrupacion,2,NO DECLARADO,xlsx_votos_por_localidad
2019,PASO,2019-08-11,PRESIDENTE Y VICE,21,Santa Fe,Castellanos,Santa Clara de Saguier,0130,NULO,nulos,24,NO DECLARADO,xlsx_votos_por_localidad
2019,PASO,2019-08-11,PRESIDENTE Y VICE,21,Santa Fe,Castellanos,Santa Clara de Saguier,0130,PARTIDO AUTONOMISTA,agrupacion,2,NO DECLARADO,xlsx_votos_por_localidad
2019,PASO,2019-08-11,PRESIDENTE Y VICE,21,Santa Fe,Castellanos,Santa Clara de Saguier,0130,POSITIVO,positivo,1189,NO DECLARADO,xlsx_votos_por_localidad
2019,PASO,2019-08-11,PRESIDENTE Y VICE,21,Santa Fe,Castellanos,Santa Clara de Saguier,0130,RECURRIDO,recurridos,0,NO DECLARADO,xlsx_votos_por_localidad
2019,PASO,2019-08-11,PRESIDENTE Y VICE,21,Santa Fe,Castellanos,Santa Clara de Saguier,0130,UNITE POR LA LIBERTAD Y LA DIGNIDAD,agrupacion,29,NO DECLARADO,xlsx_votos_por_localidad
2019,PASO,2019-08-11,PRESIDENTE Y VICE,21,Santa Fe,Castellanos,Sunchales,0118,COMANDO,comando,4,NO DECLARADO,xlsx_votos_por_localidad
2019,PASO,2019-08-11,PRESIDENTE Y VICE,21,Santa Fe,Castellanos,Sunchales,0118,CONSENSO FEDERAL,agrupacion,1452,NO DECLARADO,xlsx_votos_por_localidad
2019,PASO,2019-08-11,PRESIDENTE Y VICE,21,Santa Fe,Castellanos,Sunchales,0118,EN BLANCO,blancos,168,NO DECLARADO,xlsx_votos_por_localidad
2019,PASO,2019-08-11,PRESIDENTE Y VICE,21,Santa Fe,Castellanos,Sunchales,0118,FRENTE DE IZQUIERDA Y DE TRABAJADORES - UNIDAD,agrupacion,188,NO DECLARADO,xlsx_votos_por_localidad
2019,PASO,2019-08-11,PRESIDENTE Y VICE,21,Santa Fe,Castellanos,Sunchales,0118,FRENTE DE TODOS,agrupacion,4982,NO DECLARADO,xlsx_votos_por_localidad
2019,PASO,2019-08-11,PRESIDENTE Y VICE,21,Santa Fe,Castellanos,Sunchales,0118,FRENTE NOS,agrupacion,312,NO DECLARADO,xlsx_votos_por_localidad
2019,PASO,2019-08-11,PRESIDENTE Y VICE,21,Santa Fe,Castellanos,Sunchales,0118,FRENTE PATRIOTA,agrupacion,28,NO DECLARADO,xlsx_votos_por_localidad
2019,PASO,2019-08-11,PRESIDENTE Y VICE,21,Santa Fe,Castellanos,Sunchales,0118,IMPUGNADO,impugnados,0,NO DECLARADO,xlsx_votos_por_localidad
2019,PASO,2019-08-11,PRESIDENTE Y VICE,21,Santa Fe,Castellanos,Sunchales,0118,JUNTOS POR EL CAMBIO,agrupacion,6439,NO DECLARADO,xlsx_votos_por_localidad
2019,PASO,2019-08-11,PRESIDENTE Y VICE,21,Santa Fe,Castellanos,Sunchales,0118,MOVIMIENTO AL SOCIALISMO,agrupacion,58,NO DECLARADO,xlsx_votos_por_localidad
2019,PASO,2019-08-11,PRESIDENTE Y VICE,21,Santa Fe,Castellanos,Sunchales,0118,MOVIMIENTO DE ACCION VECINAL,agrupacion,9,NO DECLARADO,xlsx_votos_por_localidad
2019,PASO,2019-08-11,PRESIDENTE Y VICE,21,Santa Fe,Castellanos,Sunchales,0118,NULO,nulos,369,NO DECLARADO,xlsx_votos_por_localidad
2019,PASO,2019-08-11,PRESIDENTE Y VICE,21,Santa Fe,Castellanos,Sunchales,0118,PARTIDO AUTONOMISTA,agrupacion,14,NO DECLARADO,xlsx_votos_por_localidad
2019,PASO,2019-08-11,PRESIDENTE Y VICE,21,Santa Fe,Castellanos,Sunchales,0118,POSITIVO,positivo,13840,NO DECLARADO,xlsx_votos_por_localidad
2019,PASO,2019-08-11,PRESIDENTE Y VICE,21,Santa Fe,Castellanos,Sunchales,0118,RECURRIDO,recurridos,1,NO DECLARADO,xlsx_votos_por_localidad
2019,PASO,2019-08-11,PRESIDENTE Y VICE,21,Santa Fe,Castellanos,Sunchales,0118,UNITE POR LA LIBERTAD Y LA DIGNIDAD,agrupacion,358,NO DECLARADO,xlsx_votos_por_localidad
2019,PASO,2019-08-11,PRESIDENTE Y VICE,21,Santa Fe,Castellanos,Zenón Pereyra,0138,COMANDO,comando,6,NO DECLARADO,xlsx_votos_por_localidad
2019,PASO,2019-08-11,PRESIDENTE Y VICE,21,Santa Fe,Castellanos,Zenón Pereyra,0138,CONSENSO FEDERAL,agrupacion,127,NO DECLARADO,xlsx_votos_por_localidad
2019,PASO,2019-08-11,PRESIDENTE Y VICE,21,Santa Fe,Castellanos,Zenón Pereyra,0138,EN BLANCO,blancos,21,NO DECLARADO,xlsx_votos_por_localidad
2019,PASO,2019-08-11,PRESIDENTE Y VICE,21,Santa Fe,Castellanos,Zenón Pereyra,0138,FRENTE DE IZQUIERDA Y DE TRABAJADORES - UNIDAD,agrupacion,15,NO DECLARADO,xlsx_votos_por_localidad
2019,PASO,2019-08-11,PRESIDENTE Y VICE,21,Santa Fe,Castellanos,Zenón Pereyra,0138,FRENTE DE TODOS,agrupacion,318,NO DECLARADO,xlsx_votos_por_localidad
2019,PASO,2019-08-11,PRESIDENTE Y VICE,21,Santa Fe,Castellanos,Zenón Pereyra,0138,FRENTE NOS,agrupacion,8,NO DECLARADO,xlsx_votos_por_localidad
2019,PASO,2019-08-11,PRESIDENTE Y VICE,21,Santa Fe,Castellanos,Zenón Pereyra,0138,FRENTE PATRIOTA,agrupacion,0,NO DECLARADO,xlsx_votos_por_localidad
2019,PASO,2019-08-11,PRESIDENTE Y VICE,21,Santa Fe,Castellanos,Zenón Pereyra,0138,IMPUGNADO,impugnados,0,NO DECLARADO,xlsx_votos_por_localidad
2019,PASO,2019-08-11,PRESIDENTE Y VICE,21,Santa Fe,Castellanos,Zenón Pereyra,0138,JUNTOS POR EL CAMBIO,agrupacion,571,NO DECLARADO,xlsx_votos_por_localidad
2019,PASO,2019-08-11,PRESIDENTE Y VICE,21,Santa Fe,Castellanos,Zenón Pereyra,0138,MOVIMIENTO AL SOCIALISMO,agrupacion,6,NO DECLARADO,xlsx_votos_por_localidad
2019,PASO,2019-08-11,PRESIDENTE Y VICE,21,Santa Fe,Castellanos,Zenón Pereyra,0138,MOVIMIENTO DE ACCION VECINAL,agrupacion,0,NO DECLARADO,xlsx_votos_por_localidad
2019,PASO,2019-08-11,PRESIDENTE Y VICE,21,Santa Fe,Castellanos,Zenón Pereyra,0138,NULO,nulos,22,NO DECLARADO,xlsx_votos_por_localidad
2019,PASO,2019-08-11,PRESIDENTE Y VICE,21,Santa Fe,Castellanos,Zenón Pereyra,0138,PARTIDO AUTONOMISTA,agrupacion,0,NO DECLARADO,xlsx_votos_por_localidad
2019,PASO,2019-08-11,PRESIDENTE Y VICE,21,Santa Fe,Castellanos,Zenón Pereyra,0138,POSITIVO,positivo,1056,NO DECLARADO,xlsx_votos_por_localidad
2019,PASO,2019-08-11,PRESIDENTE Y VICE,21,Santa Fe,Castellanos,Zenón Pereyra,0138,RECURRIDO,recurridos,0,NO DECLARADO,xlsx_votos_por_localidad
2019,PASO,2019-08-11,PRESIDENTE Y VICE,21,Santa Fe,Castellanos,Zenón Pereyra,0138,UNITE POR LA LIBERTAD Y LA DIGNIDAD,agrupacion,11,NO DECLARADO,xlsx_votos_por_localidad
2019,PASO,2019-08-11,PRESIDENTE Y VICE,21,Santa Fe,Las Colonias,Esperanza,0055,COMANDO,comando,5,NO DECLARADO,xlsx_votos_por_localidad
2019,PASO,2019-08-11,PRESIDENTE Y VICE,21,Santa Fe,Las Colonias,Esperanza,0055,CONSENSO FEDERAL,agrupacion,3459,NO DECLARADO,xlsx_votos_por_localidad
2019,PASO,2019-08-11,PRESIDENTE Y VICE,21,Santa Fe,Las Colonias,Esperanza,0055,EN BLANCO,blancos,398,NO DECLARADO,xlsx_votos_por_localidad
2019,PASO,2019-08-11,PRESIDENTE Y VICE,21,Santa Fe,Las Colonias,Esperanza,0055,FRENTE DE IZQUIERDA Y DE TRABAJADORES - UNIDAD,agrupacion,307,NO DECLARADO,xlsx_votos_por_localidad
2019,PASO,2019-08-11,PRESIDENTE Y VICE,21,Santa Fe,Las Colonias,Esperanza,0055,FRENTE DE TODOS,agrupacion,7056,NO DECLARADO,xlsx_votos_por_localidad
2019,PASO,2019-08-11,PRESIDENTE Y VICE,21,Santa Fe,Las Colonias,Esperanza,0055,FRENTE NOS,agrupacion,941,NO DECLARADO,xlsx_votos_por_localidad
2019,PASO,2019-08-11,PRESIDENTE Y VICE,21,Santa Fe,Las Colonias,Esperanza,0055,FRENTE PATRIOTA,agrupacion,49,NO DECLARADO,xlsx_votos_por_localidad
2019,PASO,2019-08-11,PRESIDENTE Y VICE,21,Santa Fe,Las Colonias,Esperanza,0055,IMPUGNADO,impugnados,0,NO DECLARADO,xlsx_votos_por_localidad
2019,PASO,2019-08-11,PRESIDENTE Y VICE,21,Santa Fe,Las Colonias,Esperanza,0055,JUNTOS POR EL CAMBIO,agrupacion,12033,NO DECLARADO,xlsx_votos_por_localidad
2019,PASO,2019-08-11,PRESIDENTE Y VICE,21,Santa Fe,Las Colonias,Esperanza,0055,MOVIMIENTO AL SOCIALISMO,agrupacion,118,NO DECLARADO,xlsx_votos_por_localidad
2019,PASO,2019-08-11,PRESIDENTE Y VICE,21,Santa Fe,Las Colonias,Esperanza,0055,MOVIMIENTO DE ACCION VECINAL,agrupacion,24,NO DECLARADO,xlsx_votos_por_localidad
2019,PASO,2019-08-11,PRESIDENTE Y VICE,21,Santa Fe,Las Colonias,Esperanza,0055,NULO,nulos,837,NO DECLARADO,xlsx_votos_por_localidad
2019,PASO,2019-08-11,PRESIDENTE Y VICE,21,Santa Fe,Las Colonias,Esperanza,0055,PARTIDO AUTONOMISTA,agrupacion,57,NO DECLARADO,xlsx_votos_por_localidad
2019,PASO,2019-08-11,PRESIDENTE Y VICE,21,Santa Fe,Las Colonias,Esperanza,0055,POSITIVO,positivo,25032,NO DECLARADO,xlsx_votos_por_localidad
2019,PASO,2019-08-11,PRESIDENTE Y VICE,21,Santa Fe,Las Colonias,Esperanza,0055,RECURRIDO,recurridos,3,NO DECLARADO,xlsx_votos_por_localidad
2019,PASO,2019-08-11,PRESIDENTE Y VICE,21,Santa Fe,Las Colonias,Esperanza,0055,UNITE POR LA LIBERTAD Y LA DIGNIDAD,agrupacion,988,NO DECLARADO,xlsx_votos_por_localidad
2019,PASO,2019-08-11,PRESIDENTE Y VICE,21,Santa Fe,Las Colonias,Felicia,0060,COMANDO,comando,0,NO DECLARADO,xlsx_votos_por_localidad
2019,PASO,2019-08-11,PRESIDENTE Y VICE,21,Santa Fe,Las Colonias,Felicia,0060,CONSENSO FEDERAL,agrupacion,106,NO DECLARADO,xlsx_votos_por_localidad
2019,PASO,2019-08-11,PRESIDENTE Y VICE,21,Santa Fe,Las Colonias,Felicia,0060,EN BLANCO,blancos,40,NO DECLARADO,xlsx_votos_por_localidad
2019,PASO,2019-08-11,PRESIDENTE Y VICE,21,Santa Fe,Las Colonias,Felicia,0060,FRENTE DE IZQUIERDA Y DE TRABAJADORES - UNIDAD,agrupacion,9,NO DECLARADO,xlsx_votos_por_localidad
2019,PASO,2019-08-11,PRESIDENTE Y VICE,21,Santa Fe,Las Colonias,Felicia,0060,FRENTE DE TODOS,agrupacion,253,NO DECLARADO,xlsx_votos_por_localidad
2019,PASO,2019-08-11,PRESIDENTE Y VICE,21,Santa Fe,Las Colonias,Felicia,0060,FRENTE NOS,agrupacion,46,NO DECLARADO,xlsx_votos_por_localidad
2019,PASO,2019-08-11,PRESIDENTE Y VICE,21,Santa Fe,Las Colonias,Felicia,0060,FRENTE PATRIOTA,agrupacion,1,NO DECLARADO,xlsx_votos_por_localidad
2019,PASO,2019-08-11,PRESIDENTE Y VICE,21,Santa Fe,Las Colonias,Felicia,0060,IMPUGNADO,impugnados,0,NO DECLARADO,xlsx_votos_por_localidad
2019,PASO,2019-08-11,PRESIDENTE Y VICE,21,Santa Fe,Las Colonias,Felicia,0060,JUNTOS POR EL CAMBIO,agrupacion,966,NO DECLARADO,xlsx_votos_por_localidad
2019,PASO,2019-08-11,PRESIDENTE Y VICE,21,Santa Fe,Las Colonias,Felicia,0060,MOVIMIENTO AL SOCIALISMO,agrupacion,9,NO DECLARADO,xlsx_votos_por_localidad
2019,PASO,2019-08-11,PRESIDENTE Y VICE,21,Santa Fe,Las Colonias,Felicia,0060,MOVIMIENTO DE ACCION VECINAL,agrupacion,2,NO DECLARADO,xlsx_votos_por_localidad
2019,PASO,2019-08-11,PRESIDENTE Y VICE,21,Santa Fe,Las Colonias,Felicia,0060,NULO,nulos,21,NO DECLARADO,xlsx_votos_por_localidad
2019,PASO,2019-08-11,PRESIDENTE Y VICE,21,Santa Fe,Las Colonias,Felicia,0060,PARTIDO AUTONOMISTA,agrupacion,3,NO DECLARADO,xlsx_votos_por_localidad
2019,PASO,2019-08-11,PRESIDENTE Y VICE,21,Santa Fe,Las Colonias,Felicia,0060,POSITIVO,positivo,1427,NO DECLARADO,xlsx_votos_por_localidad
2019,PASO,2019-08-11,PRESIDENTE Y VICE,21,Santa Fe,Las Colonias,Felicia,0060,RECURRIDO,recurridos,2,NO DECLARADO,xlsx_votos_por_localidad
2019,PASO,2019-08-11,PRESIDENTE Y VICE,21,Santa Fe,Las Colonias,Felicia,0060,UNITE POR LA LIBERTAD Y LA DIGNIDAD,agrupacion,32,NO DECLARADO,xlsx_votos_por_localidad
2019,PASO,2019-08-11,PRESIDENTE Y VICE,21,Santa Fe,Las Colonias,Franck,0053,COMANDO,comando,0,NO DECLARADO,xlsx_votos_por_localidad
2019,PASO,2019-08-11,PRESIDENTE Y VICE,21,Santa Fe,Las Colonias,Franck,0053,CONSENSO FEDERAL,agrupacion,459,NO DECLARADO,xlsx_votos_por_localidad
2019,PASO,2019-08-11,PRESIDENTE Y VICE,21,Santa Fe,Las Colonias,Franck,0053,EN BLANCO,blancos,44,NO DECLARADO,xlsx_votos_por_localidad
2019,PASO,2019-08-11,PRESIDENTE Y VICE,21,Santa Fe,Las Colonias,Franck,0053,FRENTE DE IZQUIERDA Y DE TRABAJADORES - UNIDAD,agrupacion,46,NO DECLARADO,xlsx_votos_por_localidad
2019,PASO,2019-08-11,PRESIDENTE Y VICE,21,Santa Fe,Las Colonias,Franck,0053,FRENTE DE TODOS,agrupacion,790,NO DECLARADO,xlsx_votos_por_localidad
2019,PASO,2019-08-11,PRESIDENTE Y VICE,21,Santa Fe,Las Colonias,Franck,0053,FRENTE NOS,agrupacion,121,NO DECLARADO,xlsx_votos_por_localidad
2019,PASO,2019-08-11,PRESIDENTE Y VICE,21,Santa Fe,Las Colonias,Franck,0053,FRENTE PATRIOTA,agrupacion,13,NO DECLARADO,xlsx_votos_por_localidad
2019,PASO,2019-08-11,PRESIDENTE Y VICE,21,Santa Fe,Las Colonias,Franck,0053,IMPUGNADO,impugnados,0,NO DECLARADO,xlsx_votos_por_localidad
2019,PASO,2019-08-11,PRESIDENTE Y VICE,21,Santa Fe,Las Colonias,Franck,0053,JUNTOS POR EL CAMBIO,agrupacion,2310,NO DECLARADO,xlsx_votos_por_localidad
2019,PASO,2019-08-11,PRESIDENTE Y VICE,21,Santa Fe,Las Colonias,Franck,0053,MOVIMIENTO AL SOCIALISMO,agrupacion,15,NO DECLARADO,xlsx_votos_por_localidad
2019,PASO,2019-08-11,PRESIDENTE Y VICE,21,Santa Fe,Las Colonias,Franck,0053,MOVIMIENTO DE ACCION VECINAL,agrupacion,3,NO DECLARADO,xlsx_votos_por_localidad
2019,PASO,2019-08-11,PRESIDENTE Y VICE,21,Santa Fe,Las Colonias,Franck,0053,NULO,nulos,92,NO DECLARADO,xlsx_votos_por_localidad
2019,PASO,2019-08-11,PRESIDENTE Y VICE,21,Santa Fe,Las Colonias,Franck,0053,PARTIDO AUTONOMISTA,agrupacion,6,NO DECLARADO,xlsx_votos_por_localidad
2019,PASO,2019-08-11,PRESIDENTE Y VICE,21,Santa Fe,Las Colonias,Franck,0053,POSITIVO,positivo,3906,NO DECLARADO,xlsx_votos_por_localidad
2019,PASO,2019-08-11,PRESIDENTE Y VICE,21,Santa Fe,Las Colonias,Franck,0053,RECURRIDO,recurridos,0,NO DECLARADO,xlsx_votos_por_localidad
2019,PASO,2019-08-11,PRESIDENTE Y VICE,21,Santa Fe,Las Colonias,Franck,0053,UNITE POR LA LIBERTAD Y LA DIGNIDAD,agrupacion,143,NO DECLARADO,xlsx_votos_por_localidad
2019,PASO,2019-08-11,PRESIDENTE Y VICE,21,Santa Fe,Las Colonias,Humboldt,0056,COMANDO,comando,3,NO DECLARADO,xlsx_votos_por_localidad
2019,PASO,2019-08-11,PRESIDENTE Y VICE,21,Santa Fe,Las Colonias,Humboldt,0056,CONSENSO FEDERAL,agrupacion,396,NO DECLARADO,xlsx_votos_por_localidad
2019,PASO,2019-08-11,PRESIDENTE Y VICE,21,Santa Fe,Las Colonias,Humboldt,0056,EN BLANCO,blancos,66,NO DECLARADO,xlsx_votos_por_localidad
2019,PASO,2019-08-11,PRESIDENTE Y VICE,21,Santa Fe,Las Colonias,Humboldt,0056,FRENTE DE IZQUIERDA Y DE TRABAJADORES - UNIDAD,agrupacion,39,NO DECLARADO,xlsx_votos_por_localidad
2019,PASO,2019-08-11,PRESIDENTE Y VICE,21,Santa Fe,Las Colonias,Humboldt,0056,FRENTE DE TODOS,agrupacion,783,NO DECLARADO,xlsx_votos_por_localidad
2019,PASO,2019-08-11,PRESIDENTE Y VICE,21,Santa Fe,Las Colonias,Humboldt,0056,FRENTE NOS,agrupacion,94,NO DECLARADO,xlsx_votos_por_localidad
2019,PASO,2019-08-11,PRESIDENTE Y VICE,21,Santa Fe,Las Colonias,Humboldt,0056,FRENTE PATRIOTA,agrupacion,8,NO DECLARADO,xlsx_votos_por_localidad
2019,PASO,2019-08-11,PRESIDENTE Y VICE,21,Santa Fe,Las Colonias,Humboldt,0056,IMPUGNADO,impugnados,0,NO DECLARADO,xlsx_votos_por_localidad
2019,PASO,2019-08-11,PRESIDENTE Y VICE,21,Santa Fe,Las Colonias,Humboldt,0056,JUNTOS POR EL CAMBIO,agrupacion,1703,NO DECLARADO,xlsx_votos_por_localidad
2019,PASO,2019-08-11,PRESIDENTE Y VICE,21,Santa Fe,Las Colonias,Humboldt,0056,MOVIMIENTO AL SOCIALISMO,agrupacion,23,NO DECLARADO,xlsx_votos_por_localidad
2019,PASO,2019-08-11,PRESIDENTE Y VICE,21,Santa Fe,Las Colonias,Humboldt,0056,MOVIMIENTO DE ACCION VECINAL,agrupacion,5,NO DECLARADO,xlsx_votos_por_localidad
2019,PASO,2019-08-11,PRESIDENTE Y VICE,21,Santa Fe,Las Colonias,Humboldt,0056,NULO,nulos,49,NO DECLARADO,xlsx_votos_por_localidad
2019,PASO,2019-08-11,PRESIDENTE Y VICE,21,Santa Fe,Las Colonias,Humboldt,0056,PARTIDO AUTONOMISTA,agrupacion,6,NO DECLARADO,xlsx_votos_por_localidad
2019,PASO,2019-08-11,PRESIDENTE Y VICE,21,Santa Fe,Las Colonias,Humboldt,0056,POSITIVO,positivo,3180,NO DECLARADO,xlsx_votos_por_localidad
2019,PASO,2019-08-11,PRESIDENTE Y VICE,21,Santa Fe,Las Colonias,Humboldt,0056,RECURRIDO,recurridos,0,NO DECLARADO,xlsx_votos_por_localidad
2019,PASO,2019-08-11,PRESIDENTE Y VICE,21,Santa Fe,Las Colonias,Humboldt,0056,UNITE POR LA LIBERTAD Y LA DIGNIDAD,agrupacion,123,NO DECLARADO,xlsx_votos_por_localidad
2019,PASO,2019-08-11,PRESIDENTE Y VICE,21,Santa Fe,Las Colonias,Pilar,0057,COMANDO,comando,2,NO DECLARADO,xlsx_votos_por_localidad
2019,PASO,2019-08-11,PRESIDENTE Y VICE,21,Santa Fe,Las Colonias,Pilar,0057,CONSENSO FEDERAL,agrupacion,273,NO DECLARADO,xlsx_votos_por_localidad
2019,PASO,2019-08-11,PRESIDENTE Y VICE,21,Santa Fe,Las Colonias,Pilar,0057,EN BLANCO,blancos,66,NO DECLARADO,xlsx_votos_por_localidad
2019,PASO,2019-08-11,PRESIDENTE Y VICE,21,Santa Fe,Las Colonias,Pilar,0057,FRENTE DE IZQUIERDA Y DE TRABAJADORES - UNIDAD,agrupacion,35,NO DECLARADO,xlsx_votos_por_localidad
2019,PASO,2019-08-11,PRESIDENTE Y VICE,21,Santa Fe,Las Colonias,Pilar,0057,FRENTE DE TODOS,agrupacion,1179,NO DECLARADO,xlsx_votos_por_localidad
2019,PASO,2019-08-11,PRESIDENTE Y VICE,21,Santa Fe,Las Colonias,Pilar,0057,FRENTE NOS,agrupacion,40,NO DECLARADO,xlsx_votos_por_localidad
2019,PASO,2019-08-11,PRESIDENTE Y VICE,21,Santa Fe,Las Colonias,Pilar,0057,FRENTE PATRIOTA,agrupacion,3,NO DECLARADO,xlsx_votos_por_localidad
2019,PASO,2019-08-11,PRESIDENTE Y VICE,21,Santa Fe,Las Colonias,Pilar,0057,IMPUGNADO,impugnados,0,NO DECLARADO,xlsx_votos_por_localidad
2019,PASO,2019-08-11,PRESIDENTE Y VICE,21,Santa Fe,Las Colonias,Pilar,0057,JUNTOS POR EL CAMBIO,agrupacion,1331,NO DECLARADO,xlsx_votos_por_localidad
2019,PASO,2019-08-11,PRESIDENTE Y VICE,21,Santa Fe,Las Colonias,Pilar,0057,MOVIMIENTO AL SOCIALISMO,agrupacion,12,NO DECLARADO,xlsx_votos_por_localidad
2019,PASO,2019-08-11,PRESIDENTE Y VICE,21,Santa Fe,Las Colonias,Pilar,0057,MOVIMIENTO DE ACCION VECINAL,agrupacion,3,NO DECLARADO,xlsx_votos_por_localidad
2019,PASO,2019-08-11,PRESIDENTE Y VICE,21,Santa Fe,Las Colonias,Pilar,0057,NULO,nulos,57,NO DECLARADO,xlsx_votos_por_localidad
2019,PASO,2019-08-11,PRESIDENTE Y VICE,21,Santa Fe,Las Colonias,Pilar,0057,PARTIDO AUTONOMISTA,agrupacion,4,NO DECLARADO,xlsx_votos_por_localidad
2019,PASO,2019-08-11,PRESIDENTE Y VICE,21,Santa Fe,Las Colonias,Pilar,0057,POSITIVO,positivo,2940,NO DECLARADO,xlsx_votos_por_localidad
2019,PASO,2019-08-11,PRESIDENTE Y VICE,21,Santa Fe,Las Colonias,Pilar,0057,RECURRIDO,recurridos,3,NO DECLARADO,xlsx_votos_por_localidad
2019,PASO,2019-08-11,PRESIDENTE Y VICE,21,Santa Fe,Las Colonias,Pilar,0057,UNITE POR LA LIBERTAD Y LA DIGNIDAD,agrupacion,60,NO DECLARADO,xlsx_votos_por_localidad
2019,PASO,2019-08-11,PRESIDENTE Y VICE,21,Santa Fe,Las Colonias,Progreso,0063,COMANDO,comando,2,NO DECLARADO,xlsx_votos_por_localidad
2019,PASO,2019-08-11,PRESIDENTE Y VICE,21,Santa Fe,Las Colonias,Progreso,0063,CONSENSO FEDERAL,agrupacion,171,NO DECLARADO,xlsx_votos_por_localidad
2019,PASO,2019-08-11,PRESIDENTE Y VICE,21,Santa Fe,Las Colonias,Progreso,0063,EN BLANCO,blancos,46,NO DECLARADO,xlsx_votos_por_localidad
2019,PASO,2019-08-11,PRESIDENTE Y VICE,21,Santa Fe,Las Colonias,Progreso,0063,FRENTE DE IZQUIERDA Y DE TRABAJADORES - UNIDAD,agrupacion,14,NO DECLARADO,xlsx_votos_por_localidad
2019,PASO,2019-08-11,PRESIDENTE Y VICE,21,Santa Fe,Las Colonias,Progreso,0063,FRENTE DE TODOS,agrupacion,302,NO DECLARADO,xlsx_votos_por_localidad
2019,PASO,2019-08-11,PRESIDENTE Y VICE,21,Santa Fe,Las Colonias,Progreso,0063,FRENTE NOS,agrupacion,33,NO DECLARADO,xlsx_votos_por_localidad
2019,PASO,2019-08-11,PRESIDENTE Y VICE,21,Santa Fe,Las Colonias,Progreso,0063,FRENTE PATRIOTA,agrupacion,2,NO DECLARADO,xlsx_votos_por_localidad
2019,PASO,2019-08-11,PRESIDENTE Y VICE,21,Santa Fe,Las Colonias,Progreso,0063,IMPUGNADO,impugnados,0,NO DECLARADO,xlsx_votos_por_localidad
2019,PASO,2019-08-11,PRESIDENTE Y VICE,21,Santa Fe,Las Colonias,Progreso,0063,JUNTOS POR EL CAMBIO,agrupacion,1008,NO DECLARADO,xlsx_votos_por_localidad
2019,PASO,2019-08-11,PRESIDENTE Y VICE,21,Santa Fe,Las Colonias,Progreso,0063,MOVIMIENTO AL SOCIALISMO,agrupacion,9,NO DECLARADO,xlsx_votos_por_localidad
2019,PASO,2019-08-11,PRESIDENTE Y VICE,21,Santa Fe,Las Colonias,Progreso,0063,MOVIMIENTO DE ACCION VECINAL,agrupacion,0,NO DECLARADO,xlsx_votos_por_localidad
2019,PASO,2019-08-11,PRESIDENTE Y VICE,21,Santa Fe,Las Colonias,Progreso,0063,NULO,nulos,30,NO DECLARADO,xlsx_votos_por_localidad
2019,PASO,2019-08-11,PRESIDENTE Y VICE,21,Santa Fe,Las Colonias,Progreso,0063,PARTIDO AUTONOMISTA,agrupacion,7,NO DECLARADO,xlsx_votos_por_localidad
2019,PASO,2019-08-11,PRESIDENTE Y VICE,21,Santa Fe,Las Colonias,Progreso,0063,POSITIVO,positivo,1574,NO DECLARADO,xlsx_votos_por_localidad
2019,PASO,2019-08-11,PRESIDENTE Y VICE,21,Santa Fe,Las Colonias,Progreso,0063,RECURRIDO,recurridos,0,NO DECLARADO,xlsx_votos_por_localidad
2019,PASO,2019-08-11,PRESIDENTE Y VICE,21,Santa Fe,Las Colonias,Progreso,0063,UNITE POR LA LIBERTAD Y LA DIGNIDAD,agrupacion,28,NO DECLARADO,xlsx_votos_por_localidad
2019,PASO,2019-08-11,PRESIDENTE Y VICE,21,Santa Fe,Las Colonias,San Carlos Centro,0044,COMANDO,comando,2,NO DECLARADO,xlsx_votos_por_localidad
2019,PASO,2019-08-11,PRESIDENTE Y VICE,21,Santa Fe,Las Colonias,San Carlos Centro,0044,CONSENSO FEDERAL,agrupacion,1113,NO DECLARADO,xlsx_votos_por_localidad
2019,PASO,2019-08-11,PRESIDENTE Y VICE,21,Santa Fe,Las Colonias,San Carlos Centro,0044,EN BLANCO,blancos,161,NO DECLARADO,xlsx_votos_por_localidad
2019,PASO,2019-08-11,PRESIDENTE Y VICE,21,Santa Fe,Las Colonias,San Carlos Centro,0044,FRENTE DE IZQUIERDA Y DE TRABAJADORES - UNIDAD,agrupacion,113,NO DECLARADO,xlsx_votos_por_localidad
2019,PASO,2019-08-11,PRESIDENTE Y VICE,21,Santa Fe,Las Colonias,San Carlos Centro,0044,FRENTE DE TODOS,agrupacion,2571,NO DECLARADO,xlsx_votos_por_localidad
2019,PASO,2019-08-11,PRESIDENTE Y VICE,21,Santa Fe,Las Colonias,San Carlos Centro,0044,FRENTE NOS,agrupacion,257,NO DECLARADO,xlsx_votos_por_localidad
2019,PASO,2019-08-11,PRESIDENTE Y VICE,21,Santa Fe,Las Colonias,San Carlos Centro,0044,FRENTE PATRIOTA,agrupacion,13,NO DECLARADO,xlsx_votos_por_localidad
2019,PASO,2019-08-11,PRESIDENTE Y VICE,21,Santa Fe,Las Colonias,San Carlos Centro,0044,IMPUGNADO,impugnados,0,NO DECLARADO,xlsx_votos_por_localidad
2019,PASO,2019-08-11,PRESIDENTE Y VICE,21,Santa Fe,Las Colonias,San Carlos Centro,0044,JUNTOS POR EL CAMBIO,agrupacion,2952,NO DECLARADO,xlsx_votos_por_localidad
2019,PASO,2019-08-11,PRESIDENTE Y VICE,21,Santa Fe,Las Colonias,San Carlos Centro,0044,MOVIMIENTO AL SOCIALISMO,agrupacion,41,NO DECLARADO,xlsx_votos_por_localidad
2019,PASO,2019-08-11,PRESIDENTE Y VICE,21,Santa Fe,Las Colonias,San Carlos Centro,0044,MOVIMIENTO DE ACCION VECINAL,agrupacion,10,NO DECLARADO,xlsx_votos_por_localidad
2019,PASO,2019-08-11,PRESIDENTE Y VICE,21,Santa Fe,Las Colonias,San Carlos Centro,0044,NULO,nulos,149,NO DECLARADO,xlsx_votos_por_localidad
2019,PASO,2019-08-11,PRESIDENTE Y VICE,21,Santa Fe,Las Colonias,San Carlos Centro,0044,PARTIDO AUTONOMISTA,agrupacion,20,NO DECLARADO,xlsx_votos_por_localidad
2019,PASO,2019-08-11,PRESIDENTE Y VICE,21,Santa Fe,Las Colonias,San Carlos Centro,0044,POSITIVO,positivo,7416,NO DECLARADO,xlsx_votos_por_localidad
2019,PASO,2019-08-11,PRESIDENTE Y VICE,21,Santa Fe,Las Colonias,San Carlos Centro,0044,RECURRIDO,recurridos,0,NO DECLARADO,xlsx_votos_por_localidad
2019,PASO,2019-08-11,PRESIDENTE Y VICE,21,Santa Fe,Las Colonias,San Carlos Centro,0044,UNITE POR LA LIBERTAD Y LA DIGNIDAD,agrupacion,326,NO DECLARADO,xlsx_votos_por_localidad
2019,PASO,2019-08-11,PRESIDENTE Y VICE,21,Santa Fe,Las Colonias,San Carlos Sud,0043,COMANDO,comando,0,NO DECLARADO,xlsx_votos_por_localidad
2019,PASO,2019-08-11,PRESIDENTE Y VICE,21,Santa Fe,Las Colonias,San Carlos Sud,0043,CONSENSO FEDERAL,agrupacion,211,NO DECLARADO,xlsx_votos_por_localidad
2019,PASO,2019-08-11,PRESIDENTE Y VICE,21,Santa Fe,Las Colonias,San Carlos Sud,0043,EN BLANCO,blancos,37,NO DECLARADO,xlsx_votos_por_localidad
2019,PASO,2019-08-11,PRESIDENTE Y VICE,21,Santa Fe,Las Colonias,San Carlos Sud,0043,FRENTE DE IZQUIERDA Y DE TRABAJADORES - UNIDAD,agrupacion,14,NO DECLARADO,xlsx_votos_por_localidad
2019,PASO,2019-08-11,PRESIDENTE Y VICE,21,Santa Fe,Las Colonias,San Carlos Sud,0043,FRENTE DE TODOS,agrupacion,603,NO DECLARADO,xlsx_votos_por_localidad
2019,PASO,2019-08-11,PRESIDENTE Y VICE,21,Santa Fe,Las Colonias,San Carlos Sud,0043,FRENTE NOS,agrupacion,60,NO DECLARADO,xlsx_votos_por_localidad
2019,PASO,2019-08-11,PRESIDENTE Y VICE,21,Santa Fe,Las Colonias,San Carlos Sud,0043,FRENTE PATRIOTA,agrupacion,4,NO DECLARADO,xlsx_votos_por_localidad
2019,PASO,2019-08-11,PRESIDENTE Y VICE,21,Santa Fe,Las Colonias,San Carlos Sud,0043,IMPUGNADO,impugnados,0,NO DECLARADO,xlsx_votos_por_localidad
2019,PASO,2019-08-11,PRESIDENTE Y VICE,21,Santa Fe,Las Colonias,San Carlos Sud,0043,JUNTOS POR EL CAMBIO,agrupacion,563,NO DECLARADO,xlsx_votos_por_localidad
2019,PASO,2019-08-11,PRESIDENTE Y VICE,21,Santa Fe,Las Colonias,San Carlos Sud,0043,MOVIMIENTO AL SOCIALISMO,agrupacion,10,NO DECLARADO,xlsx_votos_por_localidad
2019,PASO,2019-08-11,PRESIDENTE Y VICE,21,Santa Fe,Las Colonias,San Carlos Sud,0043,MOVIMIENTO DE ACCION VECINAL,agrupacion,3,NO DECLARADO,xlsx_votos_por_localidad
2019,PASO,2019-08-11,PRESIDENTE Y VICE,21,Santa Fe,Las Colonias,San Carlos Sud,0043,NULO,nulos,30,NO DECLARADO,xlsx_votos_por_localidad
2019,PASO,2019-08-11,PRESIDENTE Y VICE,21,Santa Fe,Las Colonias,San Carlos Sud,0043,PARTIDO AUTONOMISTA,agrupacion,3,NO DECLARADO,xlsx_votos_por_localidad
2019,PASO,2019-08-11,PRESIDENTE Y VICE,21,Santa Fe,Las Colonias,San Carlos Sud,0043,POSITIVO,positivo,1517,NO DECLARADO,xlsx_votos_por_localidad
2019,PASO,2019-08-11,PRESIDENTE Y VICE,21,Santa Fe,Las Colonias,San Carlos Sud,0043,RECURRIDO,recurridos,0,NO DECLARADO,xlsx_votos_por_localidad
2019,PASO,2019-08-11,PRESIDENTE Y VICE,21,Santa Fe,Las Colonias,San Carlos Sud,0043,UNITE POR LA LIBERTAD Y LA DIGNIDAD,agrupacion,46,NO DECLARADO,xlsx_votos_por_localidad
2019,PASO,2019-08-11,PRESIDENTE Y VICE,21,Santa Fe,Las Colonias,San Jerónimo Norte,0052,COMANDO,comando,3,NO DECLARADO,xlsx_votos_por_localidad
2019,PASO,2019-08-11,PRESIDENTE Y VICE,21,Santa Fe,Las Colonias,San Jerónimo Norte,0052,CONSENSO FEDERAL,agrupacion,547,NO DECLARADO,xlsx_votos_por_localidad
2019,PASO,2019-08-11,PRESIDENTE Y VICE,21,Santa Fe,Las Colonias,San Jerónimo Norte,0052,EN BLANCO,blancos,73,NO DECLARADO,xlsx_votos_por_localidad
2019,PASO,2019-08-11,PRESIDENTE Y VICE,21,Santa Fe,Las Colonias,San Jerónimo Norte,0052,FRENTE DE IZQUIERDA Y DE TRABAJADORES - UNIDAD,agrupacion,51,NO DECLARADO,xlsx_votos_por_localidad
2019,PASO,2019-08-11,PRESIDENTE Y VICE,21,Santa Fe,Las Colonias,San Jerónimo Norte,0052,FRENTE DE TODOS,agrupacion,773,NO DECLARADO,xlsx_votos_por_localidad
2019,PASO,2019-08-11,PRESIDENTE Y VICE,21,Santa Fe,Las Colonias,San Jerónimo Norte,0052,FRENTE NOS,agrupacion,101,NO DECLARADO,xlsx_votos_por_localidad
2019,PASO,2019-08-11,PRESIDENTE Y VICE,21,Santa Fe,Las Colonias,San Jerónimo Norte,0052,FRENTE PATRIOTA,agrupacion,6,NO DECLARADO,xlsx_votos_por_localidad
2019,PASO,2019-08-11,PRESIDENTE Y VICE,21,Santa Fe,Las Colonias,San Jerónimo Norte,0052,IMPUGNADO,impugnados,0,NO DECLARADO,xlsx_votos_por_localidad
2019,PASO,2019-08-11,PRESIDENTE Y VICE,21,Santa Fe,Las Colonias,San Jerónimo Norte,0052,JUNTOS POR EL CAMBIO,agrupacion,2490,NO DECLARADO,xlsx_votos_por_localidad
2019,PASO,2019-08-11,PRESIDENTE Y VICE,21,Santa Fe,Las Colonias,San Jerónimo Norte,0052,MOVIMIENTO AL SOCIALISMO,agrupacion,15,NO DECLARADO,xlsx_votos_por_localidad
2019,PASO,2019-08-11,PRESIDENTE Y VICE,21,Santa Fe,Las Colonias,San Jerónimo Norte,0052,MOVIMIENTO DE ACCION VECINAL,agrupacion,4,NO DECLARADO,xlsx_votos_por_localidad
2019,PASO,2019-08-11,PRESIDENTE Y VICE,21,Santa Fe,Las Colonias,San Jerónimo Norte,0052,NULO,nulos,85,NO DECLARADO,xlsx_votos_por_localidad
2019,PASO,2019-08-11,PRESIDENTE Y VICE,21,Santa Fe,Las Colonias,San Jerónimo Norte,0052,PARTIDO AUTONOMISTA,agrupacion,6,NO DECLARADO,xlsx_votos_por_localidad
2019,PASO,2019-08-11,PRESIDENTE Y VICE,21,Santa Fe,Las Colonias,San Jerónimo Norte,0052,POSITIVO,positivo,4202,NO DECLARADO,xlsx_votos_por_localidad
2019,PASO,2019-08-11,PRESIDENTE Y VICE,21,Santa Fe,Las Colonias,San Jerónimo Norte,0052,RECURRIDO,recurridos,0,NO DECLARADO,xlsx_votos_por_localidad
2019,PASO,2019-08-11,PRESIDENTE Y VICE,21,Santa Fe,Las Colonias,San Jerónimo Norte,0052,UNITE POR LA LIBERTAD Y LA DIGNIDAD,agrupacion,209,NO DECLARADO,xlsx_votos_por_localidad
2019,PASO,2019-08-11,PRESIDENTE Y VICE,21,Santa Fe,Las Colonias,Santa Clara de Buena Vista,0046,COMANDO,comando,0,NO DECLARADO,xlsx_votos_por_localidad
2019,PASO,2019-08-11,PRESIDENTE Y VICE,21,Santa Fe,Las Colonias,Santa Clara de Buena Vista,0046,CONSENSO FEDERAL,agrupacion,191,NO DECLARADO,xlsx_votos_por_localidad
2019,PASO,2019-08-11,PRESIDENTE Y VICE,21,Santa Fe,Las Colonias,Santa Clara de Buena Vista,0046,EN BLANCO,blancos,37,NO DECLARADO,xlsx_votos_por_localidad
2019,PASO,2019-08-11,PRESIDENTE Y VICE,21,Santa Fe,Las Colonias,Santa Clara de Buena Vista,0046,FRENTE DE IZQUIERDA Y DE TRABAJADORES - UNIDAD,agrupacion,28,NO DECLARADO,xlsx_votos_por_localidad
2019,PASO,2019-08-11,PRESIDENTE Y VICE,21,Santa Fe,Las Colonias,Santa Clara de Buena Vista,0046,FRENTE DE TODOS,agrupacion,730,NO DECLARADO,xlsx_votos_por_localidad
2019,PASO,2019-08-11,PRESIDENTE Y VICE,21,Santa Fe,Las Colonias,Santa Clara de Buena Vista,0046,FRENTE NOS,agrupacion,41,NO DECLARADO,xlsx_votos_por_localidad
2019,PASO,2019-08-11,PRESIDENTE Y VICE,21,Santa Fe,Las Colonias,Santa Clara de Buena Vista,0046,FRENTE PATRIOTA,agrupacion,6,NO DECLARADO,xlsx_votos_por_localidad
2019,PASO,2019-08-11,PRESIDENTE Y VICE,21,Santa Fe,Las Colonias,Santa Clara de Buena Vista,0046,IMPUGNADO,impugnados,0,NO DECLARADO,xlsx_votos_por_localidad
2019,PASO,2019-08-11,PRESIDENTE Y VICE,21,Santa Fe,Las Colonias,Santa Clara de Buena Vista,0046,JUNTOS POR EL CAMBIO,agrupacion,790,NO DECLARADO,xlsx_votos_por_localidad
2019,PASO,2019-08-11,PRESIDENTE Y VICE,21,Santa Fe,Las Colonias,Santa Clara de Buena Vista,0046,MOVIMIENTO AL SOCIALISMO,agrupacion,7,NO DECLARADO,xlsx_votos_por_localidad
2019,PASO,2019-08-11,PRESIDENTE Y VICE,21,Santa Fe,Las Colonias,Santa Clara de Buena Vista,0046,MOVIMIENTO DE ACCION VECINAL,agrupacion,0,NO DECLARADO,xlsx_votos_por_localidad
2019,PASO,2019-08-11,PRESIDENTE Y VICE,21,Santa Fe,Las Colonias,Santa Clara de Buena Vista,0046,NULO,nulos,50,NO DECLARADO,xlsx_votos_por_localidad
2019,PASO,2019-08-11,PRESIDENTE Y VICE,21,Santa Fe,Las Colonias,Santa Clara de Buena Vista,0046,PARTIDO AUTONOMISTA,agrupacion,3,NO DECLARADO,xlsx_votos_por_localidad
2019,PASO,2019-08-11,PRESIDENTE Y VICE,21,Santa Fe,Las Colonias,Santa Clara de Buena Vista,0046,POSITIVO,positivo,1852,NO DECLARADO,xlsx_votos_por_localidad
2019,PASO,2019-08-11,PRESIDENTE Y VICE,21,Santa Fe,Las Colonias,Santa Clara de Buena Vista,0046,RECURRIDO,recurridos,0,NO DECLARADO,xlsx_votos_por_localidad
2019,PASO,2019-08-11,PRESIDENTE Y VICE,21,Santa Fe,Las Colonias,Santa Clara de Buena Vista,0046,UNITE POR LA LIBERTAD Y LA DIGNIDAD,agrupacion,56,NO DECLARADO,xlsx_votos_por_localidad
2019,PASO,2019-08-11,PRESIDENTE Y VICE,21,Santa Fe,San Martín,Carlos Pellegrini,0160,COMANDO,comando,0,NO DECLARADO,xlsx_votos_por_localidad
2019,PASO,2019-08-11,PRESIDENTE Y VICE,21,Santa Fe,San Martín,Carlos Pellegrini,0160,CONSENSO FEDERAL,agrupacion,371,NO DECLARADO,xlsx_votos_por_localidad
2019,PASO,2019-08-11,PRESIDENTE Y VICE,21,Santa Fe,San Martín,Carlos Pellegrini,0160,EN BLANCO,blancos,67,NO DECLARADO,xlsx_votos_por_localidad
2019,PASO,2019-08-11,PRESIDENTE Y VICE,21,Santa Fe,San Martín,Carlos Pellegrini,0160,FRENTE DE IZQUIERDA Y DE TRABAJADORES - UNIDAD,agrupacion,51,NO DECLARADO,xlsx_votos_por_localidad
2019,PASO,2019-08-11,PRESIDENTE Y VICE,21,Santa Fe,San Martín,Carlos Pellegrini,0160,FRENTE DE TODOS,agrupacion,912,NO DECLARADO,xlsx_votos_por_localidad
2019,PASO,2019-08-11,PRESIDENTE Y VICE,21,Santa Fe,San Martín,Carlos Pellegrini,0160,FRENTE NOS,agrupacion,119,NO DECLARADO,xlsx_votos_por_localidad
2019,PASO,2019-08-11,PRESIDENTE Y VICE,21,Santa Fe,San Martín,Carlos Pellegrini,0160,FRENTE PATRIOTA,agrupacion,1,NO DECLARADO,xlsx_votos_por_localidad
2019,PASO,2019-08-11,PRESIDENTE Y VICE,21,Santa Fe,San Martín,Carlos Pellegrini,0160,IMPUGNADO,impugnados,0,NO DECLARADO,xlsx_votos_por_localidad
2019,PASO,2019-08-11,PRESIDENTE Y VICE,21,Santa Fe,San Martín,Carlos Pellegrini,0160,JUNTOS POR EL CAMBIO,agrupacion,1744,NO DECLARADO,xlsx_votos_por_localidad
2019,PASO,2019-08-11,PRESIDENTE Y VICE,21,Santa Fe,San Martín,Carlos Pellegrini,0160,MOVIMIENTO AL SOCIALISMO,agrupacion,7,NO DECLARADO,xlsx_votos_por_localidad
2019,PASO,2019-08-11,PRESIDENTE Y VICE,21,Santa Fe,San Martín,Carlos Pellegrini,0160,MOVIMIENTO DE ACCION VECINAL,agrupacion,6,NO DECLARADO,xlsx_votos_por_localidad
2019,PASO,2019-08-11,PRESIDENTE Y VICE,21,Santa Fe,San Martín,Carlos Pellegrini,0160,NULO,nulos,92,NO DECLARADO,xlsx_votos_por_localidad
2019,PASO,2019-08-11,PRESIDENTE Y VICE,21,Santa Fe,San Martín,Carlos Pellegrini,0160,PARTIDO AUTONOMISTA,agrupacion,10,NO DECLARADO,xlsx_votos_por_localidad
2019,PASO,2019-08-11,PRESIDENTE Y VICE,21,Santa Fe,San Martín,Carlos Pellegrini,0160,POSITIVO,positivo,3311,NO DECLARADO,xlsx_votos_por_localidad
2019,PASO,2019-08-11,PRESIDENTE Y VICE,21,Santa Fe,San Martín,Carlos Pellegrini,0160,RECURRIDO,recurridos,0,NO DECLARADO,xlsx_votos_por_localidad
2019,PASO,2019-08-11,PRESIDENTE Y VICE,21,Santa Fe,San Martín,Carlos Pellegrini,0160,UNITE POR LA LIBERTAD Y LA DIGNIDAD,agrupacion,90,NO DECLARADO,xlsx_votos_por_localidad
2019,PASO,2019-08-11,PRESIDENTE Y VICE,21,Santa Fe,San Martín,Cañada Rosquín,0161,COMANDO,comando,6,NO DECLARADO,xlsx_votos_por_localidad
2019,PASO,2019-08-11,PRESIDENTE Y VICE,21,Santa Fe,San Martín,Cañada Rosquín,0161,CONSENSO FEDERAL,agrupacion,391,NO DECLARADO,xlsx_votos_por_localidad
2019,PASO,2019-08-11,PRESIDENTE Y VICE,21,Santa Fe,San Martín,Cañada Rosquín,0161,EN BLANCO,blancos,44,NO DECLARADO,xlsx_votos_por_localidad
2019,PASO,2019-08-11,PRESIDENTE Y VICE,21,Santa Fe,San Martín,Cañada Rosquín,0161,FRENTE DE IZQUIERDA Y DE TRABAJADORES - UNIDAD,agrupacion,41,NO DECLARADO,xlsx_votos_por_localidad
2019,PASO,2019-08-11,PRESIDENTE Y VICE,21,Santa Fe,San Martín,Cañada Rosquín,0161,FRENTE DE TODOS,agrupacion,1046,NO DECLARADO,xlsx_votos_por_localidad
2019,PASO,2019-08-11,PRESIDENTE Y VICE,21,Santa Fe,San Martín,Cañada Rosquín,0161,FRENTE NOS,agrupacion,71,NO DECLARADO,xlsx_votos_por_localidad
2019,PASO,2019-08-11,PRESIDENTE Y VICE,21,Santa Fe,San Martín,Cañada Rosquín,0161,FRENTE PATRIOTA,agrupacion,7,NO DECLARADO,xlsx_votos_por_localidad
2019,PASO,2019-08-11,PRESIDENTE Y VICE,21,Santa Fe,San Martín,Cañada Rosquín,0161,IMPUGNADO,impugnados,0,NO DECLARADO,xlsx_votos_por_localidad
2019,PASO,2019-08-11,PRESIDENTE Y VICE,21,Santa Fe,San Martín,Cañada Rosquín,0161,JUNTOS POR EL CAMBIO,agrupacion,1517,NO DECLARADO,xlsx_votos_por_localidad
2019,PASO,2019-08-11,PRESIDENTE Y VICE,21,Santa Fe,San Martín,Cañada Rosquín,0161,MOVIMIENTO AL SOCIALISMO,agrupacion,21,NO DECLARADO,xlsx_votos_por_localidad
2019,PASO,2019-08-11,PRESIDENTE Y VICE,21,Santa Fe,San Martín,Cañada Rosquín,0161,MOVIMIENTO DE ACCION VECINAL,agrupacion,6,NO DECLARADO,xlsx_votos_por_localidad
2019,PASO,2019-08-11,PRESIDENTE Y VICE,21,Santa Fe,San Martín,Cañada Rosquín,0161,NULO,nulos,140,NO DECLARADO,xlsx_votos_por_localidad
2019,PASO,2019-08-11,PRESIDENTE Y VICE,21,Santa Fe,San Martín,Cañada Rosquín,0161,PARTIDO AUTONOMISTA,agrupacion,7,NO DECLARADO,xlsx_votos_por_localidad
2019,PASO,2019-08-11,PRESIDENTE Y VICE,21,Santa Fe,San Martín,Cañada Rosquín,0161,POSITIVO,positivo,3208,NO DECLARADO,xlsx_votos_por_localidad
2019,PASO,2019-08-11,PRESIDENTE Y VICE,21,Santa Fe,San Martín,Cañada Rosquín,0161,RECURRIDO,recurridos,0,NO DECLARADO,xlsx_votos_por_localidad
2019,PASO,2019-08-11,PRESIDENTE Y VICE,21,Santa Fe,San Martín,Cañada Rosquín,0161,UNITE POR LA LIBERTAD Y LA DIGNIDAD,agrupacion,101,NO DECLARADO,xlsx_votos_por_localidad
2019,PASO,2019-08-11,PRESIDENTE Y VICE,21,Santa Fe,San Martín,El Trébol,0165,COMANDO,comando,5,NO DECLARADO,xlsx_votos_por_localidad
2019,PASO,2019-08-11,PRESIDENTE Y VICE,21,Santa Fe,San Martín,El Trébol,0165,CONSENSO FEDERAL,agrupacion,894,NO DECLARADO,xlsx_votos_por_localidad
2019,PASO,2019-08-11,PRESIDENTE Y VICE,21,Santa Fe,San Martín,El Trébol,0165,EN BLANCO,blancos,141,NO DECLARADO,xlsx_votos_por_localidad
2019,PASO,2019-08-11,PRESIDENTE Y VICE,21,Santa Fe,San Martín,El Trébol,0165,FRENTE DE IZQUIERDA Y DE TRABAJADORES - UNIDAD,agrupacion,116,NO DECLARADO,xlsx_votos_por_localidad
2019,PASO,2019-08-11,PRESIDENTE Y VICE,21,Santa Fe,San Martín,El Trébol,0165,FRENTE DE TODOS,agrupacion,2693,NO DECLARADO,xlsx_votos_por_localidad
2019,PASO,2019-08-11,PRESIDENTE Y VICE,21,Santa Fe,San Martín,El Trébol,0165,FRENTE NOS,agrupacion,244,NO DECLARADO,xlsx_votos_por_localidad
2019,PASO,2019-08-11,PRESIDENTE Y VICE,21,Santa Fe,San Martín,El Trébol,0165,FRENTE PATRIOTA,agrupacion,14,NO DECLARADO,xlsx_votos_por_localidad
2019,PASO,2019-08-11,PRESIDENTE Y VICE,21,Santa Fe,San Martín,El Trébol,0165,IMPUGNADO,impugnados,0,NO DECLARADO,xlsx_votos_por_localidad
2019,PASO,2019-08-11,PRESIDENTE Y VICE,21,Santa Fe,San Martín,El Trébol,0165,JUNTOS POR EL CAMBIO,agrupacion,2891,NO DECLARADO,xlsx_votos_por_localidad
2019,PASO,2019-08-11,PRESIDENTE Y VICE,21,Santa Fe,San Martín,El Trébol,0165,MOVIMIENTO AL SOCIALISMO,agrupacion,44,NO DECLARADO,xlsx_votos_por_localidad
2019,PASO,2019-08-11,PRESIDENTE Y VICE,21,Santa Fe,San Martín,El Trébol,0165,MOVIMIENTO DE ACCION VECINAL,agrupacion,13,NO DECLARADO,xlsx_votos_por_localidad
2019,PASO,2019-08-11,PRESIDENTE Y VICE,21,Santa Fe,San Martín,El Trébol,0165,NULO,nulos,169,NO DECLARADO,xlsx_votos_por_localidad
2019,PASO,2019-08-11,PRESIDENTE Y VICE,21,Santa Fe,San Martín,El Trébol,0165,PARTIDO AUTONOMISTA,agrupacion,20,NO DECLARADO,xlsx_votos_por_localidad
2019,PASO,2019-08-11,PRESIDENTE Y VICE,21,Santa Fe,San Martín,El Trébol,0165,POSITIVO,positivo,7156,NO DECLARADO,xlsx_votos_por_localidad
2019,PASO,2019-08-11,PRESIDENTE Y VICE,21,Santa Fe,San Martín,El Trébol,0165,RECURRIDO,recurridos,0,NO DECLARADO,xlsx_votos_por_localidad
2019,PASO,2019-08-11,PRESIDENTE Y VICE,21,Santa Fe,San Martín,El Trébol,0165,UNITE POR LA LIBERTAD Y LA DIGNIDAD,agrupacion,227,NO DECLARADO,xlsx_votos_por_localidad
2019,PASO,2019-08-11,PRESIDENTE Y VICE,21,Santa Fe,San Martín,María Susana,0166,COMANDO,comando,1,NO DECLARADO,xlsx_votos_por_localidad
2019,PASO,2019-08-11,PRESIDENTE Y VICE,21,Santa Fe,San Martín,María Susana,0166,CONSENSO FEDERAL,agrupacion,229,NO DECLARADO,xlsx_votos_por_localidad
2019,PASO,2019-08-11,PRESIDENTE Y VICE,21,Santa Fe,San Martín,María Susana,0166,EN BLANCO,blancos,24,NO DECLARADO,xlsx_votos_por_localidad
2019,PASO,2019-08-11,PRESIDENTE Y VICE,21,Santa Fe,San Martín,María Susana,0166,FRENTE DE IZQUIERDA Y DE TRABAJADORES - UNIDAD,agrupacion,23,NO DECLARADO,xlsx_votos_por_localidad
2019,PASO,2019-08-11,PRESIDENTE Y VICE,21,Santa Fe,San Martín,María Susana,0166,FRENTE DE TODOS,agrupacion,473,NO DECLARADO,xlsx_votos_por_localidad
2019,PASO,2019-08-11,PRESIDENTE Y VICE,21,Santa Fe,San Martín,María Susana,0166,FRENTE NOS,agrupacion,45,NO DECLARADO,xlsx_votos_por_localidad
2019,PASO,2019-08-11,PRESIDENTE Y VICE,21,Santa Fe,San Martín,María Susana,0166,FRENTE PATRIOTA,agrupacion,4,NO DECLARADO,xlsx_votos_por_localidad
2019,PASO,2019-08-11,PRESIDENTE Y VICE,21,Santa Fe,San Martín,María Susana,0166,IMPUGNADO,impugnados,0,NO DECLARADO,xlsx_votos_por_localidad
2019,PASO,2019-08-11,PRESIDENTE Y VICE,21,Santa Fe,San Martín,María Susana,0166,JUNTOS POR EL CAMBIO,agrupacion,1218,NO DECLARADO,xlsx_votos_por_localidad
2019,PASO,2019-08-11,PRESIDENTE Y VICE,21,Santa Fe,San Martín,María Susana,0166,MOVIMIENTO AL SOCIALISMO,agrupacion,11,NO DECLARADO,xlsx_votos_por_localidad
2019,PASO,2019-08-11,PRESIDENTE Y VICE,21,Santa Fe,San Martín,María Susana,0166,MOVIMIENTO DE ACCION VECINAL,agrupacion,4,NO DECLARADO,xlsx_votos_por_localidad
2019,PASO,2019-08-11,PRESIDENTE Y VICE,21,Santa Fe,San Martín,María Susana,0166,NULO,nulos,77,NO DECLARADO,xlsx_votos_por_localidad
2019,PASO,2019-08-11,PRESIDENTE Y VICE,21,Santa Fe,San Martín,María Susana,0166,PARTIDO AUTONOMISTA,agrupacion,3,NO DECLARADO,xlsx_votos_por_localidad
2019,PASO,2019-08-11,PRESIDENTE Y VICE,21,Santa Fe,San Martín,María Susana,0166,POSITIVO,positivo,2045,NO DECLARADO,xlsx_votos_por_localidad
2019,PASO,2019-08-11,PRESIDENTE Y VICE,21,Santa Fe,San Martín,María Susana,0166,RECURRIDO,recurridos,0,NO DECLARADO,xlsx_votos_por_localidad
2019,PASO,2019-08-11,PRESIDENTE Y VICE,21,Santa Fe,San Martín,María Susana,0166,UNITE POR LA LIBERTAD Y LA DIGNIDAD,agrupacion,35,NO DECLARADO,xlsx_votos_por_localidad
2019,PASO,2019-08-11,PRESIDENTE Y VICE,21,Santa Fe,San Martín,Piamonte,0164,COMANDO,comando,4,NO DECLARADO,xlsx_votos_por_localidad
2019,PASO,2019-08-11,PRESIDENTE Y VICE,21,Santa Fe,San Martín,Piamonte,0164,CONSENSO FEDERAL,agrupacion,194,NO DECLARADO,xlsx_votos_por_localidad
2019,PASO,2019-08-11,PRESIDENTE Y VICE,21,Santa Fe,San Martín,Piamonte,0164,EN BLANCO,blancos,43,NO DECLARADO,xlsx_votos_por_localidad
2019,PASO,2019-08-11,PRESIDENTE Y VICE,21,Santa Fe,San Martín,Piamonte,0164,FRENTE DE IZQUIERDA Y DE TRABAJADORES - UNIDAD,agrupacion,43,NO DECLARADO,xlsx_votos_por_localidad
2019,PASO,2019-08-11,PRESIDENTE Y VICE,21,Santa Fe,San Martín,Piamonte,0164,FRENTE DE TODOS,agrupacion,569,NO DECLARADO,xlsx_votos_por_localidad
2019,PASO,2019-08-11,PRESIDENTE Y VICE,21,Santa Fe,San Martín,Piamonte,0164,FRENTE NOS,agrupacion,48,NO DECLARADO,xlsx_votos_por_localidad
2019,PASO,2019-08-11,PRESIDENTE Y VICE,21,Santa Fe,San Martín,Piamonte,0164,FRENTE PATRIOTA,agrupacion,6,NO DECLARADO,xlsx_votos_por_localidad
2019,PASO,2019-08-11,PRESIDENTE Y VICE,21,Santa Fe,San Martín,Piamonte,0164,IMPUGNADO,impugnados,0,NO DECLARADO,xlsx_votos_por_localidad
2019,PASO,2019-08-11,PRESIDENTE Y VICE,21,Santa Fe,San Martín,Piamonte,0164,JUNTOS POR EL CAMBIO,agrupacion,1051,NO DECLARADO,xlsx_votos_por_localidad
2019,PASO,2019-08-11,PRESIDENTE Y VICE,21,Santa Fe,San Martín,Piamonte,0164,MOVIMIENTO AL SOCIALISMO,agrupacion,9,NO DECLARADO,xlsx_votos_por_localidad
2019,PASO,2019-08-11,PRESIDENTE Y VICE,21,Santa Fe,San Martín,Piamonte,0164,MOVIMIENTO DE ACCION VECINAL,agrupacion,3,NO DECLARADO,xlsx_votos_por_localidad
2019,PASO,2019-08-11,PRESIDENTE Y VICE,21,Santa Fe,San Martín,Piamonte,0164,NULO,nulos,58,NO DECLARADO,xlsx_votos_por_localidad
2019,PASO,2019-08-11,PRESIDENTE Y VICE,21,Santa Fe,San Martín,Piamonte,0164,PARTIDO AUTONOMISTA,agrupacion,3,NO DECLARADO,xlsx_votos_por_localidad
2019,PASO,2019-08-11,PRESIDENTE Y VICE,21,Santa Fe,San Martín,Piamonte,0164,POSITIVO,positivo,1951,NO DECLARADO,xlsx_votos_por_localidad
2019,PASO,2019-08-11,PRESIDENTE Y VICE,21,Santa Fe,San Martín,Piamonte,0164,RECURRIDO,recurridos,0,NO DECLARADO,xlsx_votos_por_localidad
2019,PASO,2019-08-11,PRESIDENTE Y VICE,21,Santa Fe,San Martín,Piamonte,0164,UNITE POR LA LIBERTAD Y LA DIGNIDAD,agrupacion,25,NO DECLARADO,xlsx_votos_por_localidad
2019,PASO,2019-08-11,PRESIDENTE Y VICE,21,Santa Fe,San Martín,San Jorge,0158,COMANDO,comando,8,NO DECLARADO,xlsx_votos_por_localidad
2019,PASO,2019-08-11,PRESIDENTE Y VICE,21,Santa Fe,San Martín,San Jorge,0158,CONSENSO FEDERAL,agrupacion,1381,NO DECLARADO,xlsx_votos_por_localidad
2019,PASO,2019-08-11,PRESIDENTE Y VICE,21,Santa Fe,San Martín,San Jorge,0158,EN BLANCO,blancos,177,NO DECLARADO,xlsx_votos_por_localidad
2019,PASO,2019-08-11,PRESIDENTE Y VICE,21,Santa Fe,San Martín,San Jorge,0158,FRENTE DE IZQUIERDA Y DE TRABAJADORES - UNIDAD,agrupacion,186,NO DECLARADO,xlsx_votos_por_localidad
2019,PASO,2019-08-11,PRESIDENTE Y VICE,21,Santa Fe,San Martín,San Jorge,0158,FRENTE DE TODOS,agrupacion,4126,NO DECLARADO,xlsx_votos_por_localidad
2019,PASO,2019-08-11,PRESIDENTE Y VICE,21,Santa Fe,San Martín,San Jorge,0158,FRENTE NOS,agrupacion,347,NO DECLARADO,xlsx_votos_por_localidad
2019,PASO,2019-08-11,PRESIDENTE Y VICE,21,Santa Fe,San Martín,San Jorge,0158,FRENTE PATRIOTA,agrupacion,17,NO DECLARADO,xlsx_votos_por_localidad
2019,PASO,2019-08-11,PRESIDENTE Y VICE,21,Santa Fe,San Martín,San Jorge,0158,IMPUGNADO,impugnados,0,NO DECLARADO,xlsx_votos_por_localidad
2019,PASO,2019-08-11,PRESIDENTE Y VICE,21,Santa Fe,San Martín,San Jorge,0158,JUNTOS POR EL CAMBIO,agrupacion,4809,NO DECLARADO,xlsx_votos_por_localidad
2019,PASO,2019-08-11,PRESIDENTE Y VICE,21,Santa Fe,San Martín,San Jorge,0158,MOVIMIENTO AL SOCIALISMO,agrupacion,65,NO DECLARADO,xlsx_votos_por_localidad
2019,PASO,2019-08-11,PRESIDENTE Y VICE,21,Santa Fe,San Martín,San Jorge,0158,MOVIMIENTO DE ACCION VECINAL,agrupacion,15,NO DECLARADO,xlsx_votos_por_localidad
2019,PASO,2019-08-11,PRESIDENTE Y VICE,21,Santa Fe,San Martín,San Jorge,0158,NULO,nulos,367,NO DECLARADO,xlsx_votos_por_localidad
2019,PASO,2019-08-11,PRESIDENTE Y VICE,21,Santa Fe,San Martín,San Jorge,0158,PARTIDO AUTONOMISTA,agrupacion,18,NO DECLARADO,xlsx_votos_por_localidad
2019,PASO,2019-08-11,PRESIDENTE Y VICE,21,Santa Fe,San Martín,San Jorge,0158,POSITIVO,positivo,11307,NO DECLARADO,xlsx_votos_por_localidad
2019,PASO,2019-08-11,PRESIDENTE Y VICE,21,Santa Fe,San Martín,San Jorge,0158,RECURRIDO,recurridos,1,NO DECLARADO,xlsx_votos_por_localidad
2019,PASO,2019-08-11,PRESIDENTE Y VICE,21,Santa Fe,San Martín,San Jorge,0158,UNITE POR LA LIBERTAD Y LA DIGNIDAD,agrupacion,343,NO DECLARADO,xlsx_votos_por_localidad
2019,PASO,2019-08-11,PRESIDENTE Y VICE,21,Santa Fe,San Martín,San Martín de las Escobas,0156,COMANDO,comando,4,NO DECLARADO,xlsx_votos_por_localidad
2019,PASO,2019-08-11,PRESIDENTE Y VICE,21,Santa Fe,San Martín,San Martín de las Escobas,0156,CONSENSO FEDERAL,agrupacion,157,NO DECLARADO,xlsx_votos_por_localidad
2019,PASO,2019-08-11,PRESIDENTE Y VICE,21,Santa Fe,San Martín,San Martín de las Escobas,0156,EN BLANCO,blancos,31,NO DECLARADO,xlsx_votos_por_localidad
2019,PASO,2019-08-11,PRESIDENTE Y VICE,21,Santa Fe,San Martín,San Martín de las Escobas,0156,FRENTE DE IZQUIERDA Y DE TRABAJADORES - UNIDAD,agrupacion,31,NO DECLARADO,xlsx_votos_por_localidad
2019,PASO,2019-08-11,PRESIDENTE Y VICE,21,Santa Fe,San Martín,San Martín de las Escobas,0156,FRENTE DE TODOS,agrupacion,366,NO DECLARADO,xlsx_votos_por_localidad
2019,PASO,2019-08-11,PRESIDENTE Y VICE,21,Santa Fe,San Martín,San Martín de las Escobas,0156,FRENTE NOS,agrupacion,71,NO DECLARADO,xlsx_votos_por_localidad
2019,PASO,2019-08-11,PRESIDENTE Y VICE,21,Santa Fe,San Martín,San Martín de las Escobas,0156,FRENTE PATRIOTA,agrupacion,6,NO DECLARADO,xlsx_votos_por_localidad
2019,PASO,2019-08-11,PRESIDENTE Y VICE,21,Santa Fe,San Martín,San Martín de las Escobas,0156,IMPUGNADO,impugnados,0,NO DECLARADO,xlsx_votos_por_localidad
2019,PASO,2019-08-11,PRESIDENTE Y VICE,21,Santa Fe,San Martín,San Martín de las Escobas,0156,JUNTOS POR EL CAMBIO,agrupacion,1008,NO DECLARADO,xlsx_votos_por_localidad
2019,PASO,2019-08-11,PRESIDENTE Y VICE,21,Santa Fe,San Martín,San Martín de las Escobas,0156,MOVIMIENTO AL SOCIALISMO,agrupacion,8,NO DECLARADO,xlsx_votos_por_localidad
2019,PASO,2019-08-11,PRESIDENTE Y VICE,21,Santa Fe,San Martín,San Martín de las Escobas,0156,MOVIMIENTO DE ACCION VECINAL,agrupacion,2,NO DECLARADO,xlsx_votos_por_localidad
2019,PASO,2019-08-11,PRESIDENTE Y VICE,21,Santa Fe,San Martín,San Martín de las Escobas,0156,NULO,nulos,39,NO DECLARADO,xlsx_votos_por_localidad
2019,PASO,2019-08-11,PRESIDENTE Y VICE,21,Santa Fe,San Martín,San Martín de las Escobas,0156,PARTIDO AUTONOMISTA,agrupacion,3,NO DECLARADO,xlsx_votos_por_localidad
2019,PASO,2019-08-11,PRESIDENTE Y VICE,21,Santa Fe,San Martín,San Martín de las Escobas,0156,POSITIVO,positivo,1698,NO DECLARADO,xlsx_votos_por_localidad
2019,PASO,2019-08-11,PRESIDENTE Y VICE,21,Santa Fe,San Martín,San Martín de las Escobas,0156,RECURRIDO,recurridos,0,NO DECLARADO,xlsx_votos_por_localidad
2019,PASO,2019-08-11,PRESIDENTE Y VICE,21,Santa Fe,San Martín,San Martín de las Escobas,0156,UNITE POR LA LIBERTAD Y LA DIGNIDAD,agrupacion,46,NO DECLARADO,xlsx_votos_por_localidad
2019,PASO,2019-08-11,PRESIDENTE Y VICE,21,Santa Fe,San Martín,Sastre y Ortiz,0155,COMANDO,comando,13,NO DECLARADO,xlsx_votos_por_localidad
2019,PASO,2019-08-11,PRESIDENTE Y VICE,21,Santa Fe,San Martín,Sastre y Ortiz,0155,CONSENSO FEDERAL,agrupacion,427,NO DECLARADO,xlsx_votos_por_localidad
2019,PASO,2019-08-11,PRESIDENTE Y VICE,21,Santa Fe,San Martín,Sastre y Ortiz,0155,EN BLANCO,blancos,33,NO DECLARADO,xlsx_votos_por_localidad
2019,PASO,2019-08-11,PRESIDENTE Y VICE,21,Santa Fe,San Martín,Sastre y Ortiz,0155,FRENTE DE IZQUIERDA Y DE TRABAJADORES - UNIDAD,agrupacion,54,NO DECLARADO,xlsx_votos_por_localidad
2019,PASO,2019-08-11,PRESIDENTE Y VICE,21,Santa Fe,San Martín,Sastre y Ortiz,0155,FRENTE DE TODOS,agrupacion,1556,NO DECLARADO,xlsx_votos_por_localidad
2019,PASO,2019-08-11,PRESIDENTE Y VICE,21,Santa Fe,San Martín,Sastre y Ortiz,0155,FRENTE NOS,agrupacion,47,NO DECLARADO,xlsx_votos_por_localidad
2019,PASO,2019-08-11,PRESIDENTE Y VICE,21,Santa Fe,San Martín,Sastre y Ortiz,0155,FRENTE PATRIOTA,agrupacion,9,NO DECLARADO,xlsx_votos_por_localidad
2019,PASO,2019-08-11,PRESIDENTE Y VICE,21,Santa Fe,San Martín,Sastre y Ortiz,0155,IMPUGNADO,impugnados,0,NO DECLARADO,xlsx_votos_por_localidad
2019,PASO,2019-08-11,PRESIDENTE Y VICE,21,Santa Fe,San Martín,Sastre y Ortiz,0155,JUNTOS POR EL CAMBIO,agrupacion,1297,NO DECLARADO,xlsx_votos_por_localidad
2019,PASO,2019-08-11,PRESIDENTE Y VICE,21,Santa Fe,San Martín,Sastre y Ortiz,0155,MOVIMIENTO AL SOCIALISMO,agrupacion,13,NO DECLARADO,xlsx_votos_por_localidad
2019,PASO,2019-08-11,PRESIDENTE Y VICE,21,Santa Fe,San Martín,Sastre y Ortiz,0155,MOVIMIENTO DE ACCION VECINAL,agrupacion,3,NO DECLARADO,xlsx_votos_por_localidad
2019,PASO,2019-08-11,PRESIDENTE Y VICE,21,Santa Fe,San Martín,Sastre y Ortiz,0155,NULO,nulos,92,NO DECLARADO,xlsx_votos_por_localidad
2019,PASO,2019-08-11,PRESIDENTE Y VICE,21,Santa Fe,San Martín,Sastre y Ortiz,0155,PARTIDO AUTONOMISTA,agrupacion,11,NO DECLARADO,xlsx_votos_por_localidad
2019,PASO,2019-08-11,PRESIDENTE Y VICE,21,Santa Fe,San Martín,Sastre y Ortiz,0155,POSITIVO,positivo,3513,NO DECLARADO,xlsx_votos_por_localidad
2019,PASO,2019-08-11,PRESIDENTE Y VICE,21,Santa Fe,San Martín,Sastre y Ortiz,0155,RECURRIDO,recurridos,0,NO DECLARADO,xlsx_votos_por_localidad
2019,PASO,2019-08-11,PRESIDENTE Y VICE,21,Santa Fe,San Martín,Sastre y Ortiz,0155,UNITE POR LA LIBERTAD Y LA DIGNIDAD,agrupacion,96,NO DECLARADO,xlsx_votos_por_localidad
2023,BALOTAJE,2023-11-19,PRESIDENTE Y VICE,21,Santa Fe,Castellanos,Ataliva,1210,EN BLANCO,blancos,13,NO DECLARADO,xlsx_votos_por_localidad
2023,BALOTAJE,2023-11-19,PRESIDENTE Y VICE,21,Santa Fe,Castellanos,Ataliva,1210,IMPUGNADO,impugnados,0,NO DECLARADO,xlsx_votos_por_localidad
2023,BALOTAJE,2023-11-19,PRESIDENTE Y VICE,21,Santa Fe,Castellanos,Ataliva,1210,LA LIBERTAD AVANZA,agrupacion,1062,NO DECLARADO,xlsx_votos_por_localidad
2023,BALOTAJE,2023-11-19,PRESIDENTE Y VICE,21,Santa Fe,Castellanos,Ataliva,1210,NULO,nulos,24,NO DECLARADO,xlsx_votos_por_localidad
2023,BALOTAJE,2023-11-19,PRESIDENTE Y VICE,21,Santa Fe,Castellanos,Ataliva,1210,POSITIVO,positivo,1302,NO DECLARADO,xlsx_votos_por_localidad
2023,BALOTAJE,2023-11-19,PRESIDENTE Y VICE,21,Santa Fe,Castellanos,Ataliva,1210,RECURRIDO,recurridos,0,NO DECLARADO,xlsx_votos_por_localidad
2023,BALOTAJE,2023-11-19,PRESIDENTE Y VICE,21,Santa Fe,Castellanos,Ataliva,1210,UNION POR LA PATRIA,agrupacion,240,NO DECLARADO,xlsx_votos_por_localidad
2023,BALOTAJE,2023-11-19,PRESIDENTE Y VICE,21,Santa Fe,Castellanos,Colonia Aldao,1200,EN BLANCO,blancos,15,NO DECLARADO,xlsx_votos_por_localidad
2023,BALOTAJE,2023-11-19,PRESIDENTE Y VICE,21,Santa Fe,Castellanos,Colonia Aldao,1200,IMPUGNADO,impugnados,0,NO DECLARADO,xlsx_votos_por_localidad
2023,BALOTAJE,2023-11-19,PRESIDENTE Y VICE,21,Santa Fe,Castellanos,Colonia Aldao,1200,LA LIBERTAD AVANZA,agrupacion,876,NO DECLARADO,xlsx_votos_por_localidad
2023,BALOTAJE,2023-11-19,PRESIDENTE Y VICE,21,Santa Fe,Castellanos,Colonia Aldao,1200,NULO,nulos,25,NO DECLARADO,xlsx_votos_por_localidad
2023,BALOTAJE,2023-11-19,PRESIDENTE Y VICE,21,Santa Fe,Castellanos,Colonia Aldao,1200,POSITIVO,positivo,1169,NO DECLARADO,xlsx_votos_por_localidad
2023,BALOTAJE,2023-11-19,PRESIDENTE Y VICE,21,Santa Fe,Castellanos,Colonia Aldao,1200,RECURRIDO,recurridos,0,NO DECLARADO,xlsx_votos_por_localidad
2023,BALOTAJE,2023-11-19,PRESIDENTE Y VICE,21,Santa Fe,Castellanos,Colonia Aldao,1200,UNION POR LA PATRIA,agrupacion,293,NO DECLARADO,xlsx_votos_por_localidad
2023,BALOTAJE,2023-11-19,PRESIDENTE Y VICE,21,Santa Fe,Castellanos,Frontera,1345,EN BLANCO,blancos,53,NO DECLARADO,xlsx_votos_por_localidad
2023,BALOTAJE,2023-11-19,PRESIDENTE Y VICE,21,Santa Fe,Castellanos,Frontera,1345,IMPUGNADO,impugnados,0,NO DECLARADO,xlsx_votos_por_localidad
2023,BALOTAJE,2023-11-19,PRESIDENTE Y VICE,21,Santa Fe,Castellanos,Frontera,1345,LA LIBERTAD AVANZA,agrupacion,3023,NO DECLARADO,xlsx_votos_por_localidad
2023,BALOTAJE,2023-11-19,PRESIDENTE Y VICE,21,Santa Fe,Castellanos,Frontera,1345,NULO,nulos,132,NO DECLARADO,xlsx_votos_por_localidad
2023,BALOTAJE,2023-11-19,PRESIDENTE Y VICE,21,Santa Fe,Castellanos,Frontera,1345,POSITIVO,positivo,4916,NO DECLARADO,xlsx_votos_por_localidad
2023,BALOTAJE,2023-11-19,PRESIDENTE Y VICE,21,Santa Fe,Castellanos,Frontera,1345,RECURRIDO,recurridos,0,NO DECLARADO,xlsx_votos_por_localidad
2023,BALOTAJE,2023-11-19,PRESIDENTE Y VICE,21,Santa Fe,Castellanos,Frontera,1345,UNION POR LA PATRIA,agrupacion,1893,NO DECLARADO,xlsx_votos_por_localidad
2023,BALOTAJE,2023-11-19,PRESIDENTE Y VICE,21,Santa Fe,Castellanos,Humberto Primo,1170,EN BLANCO,blancos,48,NO DECLARADO,xlsx_votos_por_localidad
2023,BALOTAJE,2023-11-19,PRESIDENTE Y VICE,21,Santa Fe,Castellanos,Humberto Primo,1170,IMPUGNADO,impugnados,0,NO DECLARADO,xlsx_votos_por_localidad
2023,BALOTAJE,2023-11-19,PRESIDENTE Y VICE,21,Santa Fe,Castellanos,Humberto Primo,1170,LA LIBERTAD AVANZA,agrupacion,2667,NO DECLARADO,xlsx_votos_por_localidad
2023,BALOTAJE,2023-11-19,PRESIDENTE Y VICE,21,Santa Fe,Castellanos,Humberto Primo,1170,NULO,nulos,29,NO DECLARADO,xlsx_votos_por_localidad
2023,BALOTAJE,2023-11-19,PRESIDENTE Y VICE,21,Santa Fe,Castellanos,Humberto Primo,1170,POSITIVO,positivo,3310,NO DECLARADO,xlsx_votos_por_localidad
2023,BALOTAJE,2023-11-19,PRESIDENTE Y VICE,21,Santa Fe,Castellanos,Humberto Primo,1170,RECURRIDO,recurridos,1,NO DECLARADO,xlsx_votos_por_localidad
2023,BALOTAJE,2023-11-19,PRESIDENTE Y VICE,21,Santa Fe,Castellanos,Humberto Primo,1170,UNION POR LA PATRIA,agrupacion,643,NO DECLARADO,xlsx_votos_por_localidad
2023,BALOTAJE,2023-11-19,PRESIDENTE Y VICE,21,Santa Fe,Castellanos,Josefina,1340,EN BLANCO,blancos,15,NO DECLARADO,xlsx_votos_por_localidad
2023,BALOTAJE,2023-11-19,PRESIDENTE Y VICE,21,Santa Fe,Castellanos,Josefina,1340,IMPUGNADO,impugnados,0,NO DECLARADO,xlsx_votos_por_localidad
2023,BALOTAJE,2023-11-19,PRESIDENTE Y VICE,21,Santa Fe,Castellanos,Josefina,1340,LA LIBERTAD AVANZA,agrupacion,465,NO DECLARADO,xlsx_votos_por_localidad
2023,BALOTAJE,2023-11-19,PRESIDENTE Y VICE,21,Santa Fe,Castellanos,Josefina,1340,NULO,nulos,3,NO DECLARADO,xlsx_votos_por_localidad
2023,BALOTAJE,2023-11-19,PRESIDENTE Y VICE,21,Santa Fe,Castellanos,Josefina,1340,POSITIVO,positivo,592,NO DECLARADO,xlsx_votos_por_localidad
2023,BALOTAJE,2023-11-19,PRESIDENTE Y VICE,21,Santa Fe,Castellanos,Josefina,1340,RECURRIDO,recurridos,0,NO DECLARADO,xlsx_votos_por_localidad
2023,BALOTAJE,2023-11-19,PRESIDENTE Y VICE,21,Santa Fe,Castellanos,Josefina,1340,UNION POR LA PATRIA,agrupacion,127,NO DECLARADO,xlsx_votos_por_localidad
2023,BALOTAJE,2023-11-19,PRESIDENTE Y VICE,21,Santa Fe,Castellanos,Lehmann,1230,EN BLANCO,blancos,21,NO DECLARADO,xlsx_votos_por_localidad
2023,BALOTAJE,2023-11-19,PRESIDENTE Y VICE,21,Santa Fe,Castellanos,Lehmann,1230,IMPUGNADO,impugnados,0,NO DECLARADO,xlsx_votos_por_localidad
2023,BALOTAJE,2023-11-19,PRESIDENTE Y VICE,21,Santa Fe,Castellanos,Lehmann,1230,LA LIBERTAD AVANZA,agrupacion,1479,NO DECLARADO,xlsx_votos_por_localidad
2023,BALOTAJE,2023-11-19,PRESIDENTE Y VICE,21,Santa Fe,Castellanos,Lehmann,1230,NULO,nulos,35,NO DECLARADO,xlsx_votos_por_localidad
2023,BALOTAJE,2023-11-19,PRESIDENTE Y VICE,21,Santa Fe,Castellanos,Lehmann,1230,POSITIVO,positivo,1994,NO DECLARADO,xlsx_votos_por_localidad
2023,BALOTAJE,2023-11-19,PRESIDENTE Y VICE,21,Santa Fe,Castellanos,Lehmann,1230,RECURRIDO,recurridos,0,NO DECLARADO,xlsx_votos_por_localidad
2023,BALOTAJE,2023-11-19,PRESIDENTE Y VICE,21,Santa Fe,Castellanos,Lehmann,1230,UNION POR LA PATRIA,agrupacion,515,NO DECLARADO,xlsx_votos_por_localidad
2023,BALOTAJE,2023-11-19,PRESIDENTE Y VICE,21,Santa Fe,Castellanos,María Juana,1400,EN BLANCO,blancos,74,NO DECLARADO,xlsx_votos_por_localidad
2023,BALOTAJE,2023-11-19,PRESIDENTE Y VICE,21,Santa Fe,Castellanos,María Juana,1400,IMPUGNADO,impugnados,0,NO DECLARADO,xlsx_votos_por_localidad
2023,BALOTAJE,2023-11-19,PRESIDENTE Y VICE,21,Santa Fe,Castellanos,María Juana,1400,LA LIBERTAD AVANZA,agrupacion,1999,NO DECLARADO,xlsx_votos_por_localidad
2023,BALOTAJE,2023-11-19,PRESIDENTE Y VICE,21,Santa Fe,Castellanos,María Juana,1400,NULO,nulos,68,NO DECLARADO,xlsx_votos_por_localidad
2023,BALOTAJE,2023-11-19,PRESIDENTE Y VICE,21,Santa Fe,Castellanos,María Juana,1400,POSITIVO,positivo,2875,NO DECLARADO,xlsx_votos_por_localidad
2023,BALOTAJE,2023-11-19,PRESIDENTE Y VICE,21,Santa Fe,Castellanos,María Juana,1400,RECURRIDO,recurridos,0,NO DECLARADO,xlsx_votos_por_localidad
2023,BALOTAJE,2023-11-19,PRESIDENTE Y VICE,21,Santa Fe,Castellanos,María Juana,1400,UNION POR LA PATRIA,agrupacion,876,NO DECLARADO,xlsx_votos_por_localidad
2023,BALOTAJE,2023-11-19,PRESIDENTE Y VICE,21,Santa Fe,Castellanos,Ramona,1240,EN BLANCO,blancos,21,NO DECLARADO,xlsx_votos_por_localidad
2023,BALOTAJE,2023-11-19,PRESIDENTE Y VICE,21,Santa Fe,Castellanos,Ramona,1240,IMPUGNADO,impugnados,0,NO DECLARADO,xlsx_votos_por_localidad
2023,BALOTAJE,2023-11-19,PRESIDENTE Y VICE,21,Santa Fe,Castellanos,Ramona,1240,LA LIBERTAD AVANZA,agrupacion,971,NO DECLARADO,xlsx_votos_por_localidad
2023,BALOTAJE,2023-11-19,PRESIDENTE Y VICE,21,Santa Fe,Castellanos,Ramona,1240,NULO,nulos,32,NO DECLARADO,xlsx_votos_por_localidad
2023,BALOTAJE,2023-11-19,PRESIDENTE Y VICE,21,Santa Fe,Castellanos,Ramona,1240,POSITIVO,positivo,1260,NO DECLARADO,xlsx_votos_por_localidad
2023,BALOTAJE,2023-11-19,PRESIDENTE Y VICE,21,Santa Fe,Castellanos,Ramona,1240,RECURRIDO,recurridos,0,NO DECLARADO,xlsx_votos_por_localidad
2023,BALOTAJE,2023-11-19,PRESIDENTE Y VICE,21,Santa Fe,Castellanos,Ramona,1240,UNION POR LA PATRIA,agrupacion,289,NO DECLARADO,xlsx_votos_por_localidad
2023,BALOTAJE,2023-11-19,PRESIDENTE Y VICE,21,Santa Fe,Castellanos,San Vicente,1420,EN BLANCO,blancos,75,NO DECLARADO,xlsx_votos_por_localidad
2023,BALOTAJE,2023-11-19,PRESIDENTE Y VICE,21,Santa Fe,Castellanos,San Vicente,1420,IMPUGNADO,impugnados,0,NO DECLARADO,xlsx_votos_por_localidad
2023,BALOTAJE,2023-11-19,PRESIDENTE Y VICE,21,Santa Fe,Castellanos,San Vicente,1420,LA LIBERTAD AVANZA,agrupacion,2906,NO DECLARADO,xlsx_votos_por_localidad
2023,BALOTAJE,2023-11-19,PRESIDENTE Y VICE,21,Santa Fe,Castellanos,San Vicente,1420,NULO,nulos,94,NO DECLARADO,xlsx_votos_por_localidad
2023,BALOTAJE,2023-11-19,PRESIDENTE Y VICE,21,Santa Fe,Castellanos,San Vicente,1420,POSITIVO,positivo,3928,NO DECLARADO,xlsx_votos_por_localidad
2023,BALOTAJE,2023-11-19,PRESIDENTE Y VICE,21,Santa Fe,Castellanos,San Vicente,1420,RECURRIDO,recurridos,0,NO DECLARADO,xlsx_votos_por_localidad
2023,BALOTAJE,2023-11-19,PRESIDENTE Y VICE,21,Santa Fe,Castellanos,San Vicente,1420,UNION POR LA PATRIA,agrupacion,1022,NO DECLARADO,xlsx_votos_por_localidad
2023,BALOTAJE,2023-11-19,PRESIDENTE Y VICE,21,Santa Fe,Castellanos,Santa Clara de Saguier,1300,EN BLANCO,blancos,21,NO DECLARADO,xlsx_votos_por_localidad
2023,BALOTAJE,2023-11-19,PRESIDENTE Y VICE,21,Santa Fe,Castellanos,Santa Clara de Saguier,1300,IMPUGNADO,impugnados,0,NO DECLARADO,xlsx_votos_por_localidad
2023,BALOTAJE,2023-11-19,PRESIDENTE Y VICE,21,Santa Fe,Castellanos,Santa Clara de Saguier,1300,LA LIBERTAD AVANZA,agrupacion,987,NO DECLARADO,xlsx_votos_por_localidad
2023,BALOTAJE,2023-11-19,PRESIDENTE Y VICE,21,Santa Fe,Castellanos,Santa Clara de Saguier,1300,NULO,nulos,22,NO DECLARADO,xlsx_votos_por_localidad
2023,BALOTAJE,2023-11-19,PRESIDENTE Y VICE,21,Santa Fe,Castellanos,Santa Clara de Saguier,1300,POSITIVO,positivo,1278,NO DECLARADO,xlsx_votos_por_localidad
2023,BALOTAJE,2023-11-19,PRESIDENTE Y VICE,21,Santa Fe,Castellanos,Santa Clara de Saguier,1300,RECURRIDO,recurridos,0,NO DECLARADO,xlsx_votos_por_localidad
2023,BALOTAJE,2023-11-19,PRESIDENTE Y VICE,21,Santa Fe,Castellanos,Santa Clara de Saguier,1300,UNION POR LA PATRIA,agrupacion,291,NO DECLARADO,xlsx_votos_por_localidad
2023,BALOTAJE,2023-11-19,PRESIDENTE Y VICE,21,Santa Fe,Castellanos,Sunchales,1180,EN BLANCO,blancos,235,NO DECLARADO,xlsx_votos_por_localidad
2023,BALOTAJE,2023-11-19,PRESIDENTE Y VICE,21,Santa Fe,Castellanos,Sunchales,1180,IMPUGNADO,impugnados,0,NO DECLARADO,xlsx_votos_por_localidad
2023,BALOTAJE,2023-11-19,PRESIDENTE Y VICE,21,Santa Fe,Castellanos,Sunchales,1180,LA LIBERTAD AVANZA,agrupacion,10234,NO DECLARADO,xlsx_votos_por_localidad
2023,BALOTAJE,2023-11-19,PRESIDENTE Y VICE,21,Santa Fe,Castellanos,Sunchales,1180,NULO,nulos,270,NO DECLARADO,xlsx_votos_por_localidad
2023,BALOTAJE,2023-11-19,PRESIDENTE Y VICE,21,Santa Fe,Castellanos,Sunchales,1180,POSITIVO,positivo,14325,NO DECLARADO,xlsx_votos_por_localidad
2023,BALOTAJE,2023-11-19,PRESIDENTE Y VICE,21,Santa Fe,Castellanos,Sunchales,1180,RECURRIDO,recurridos,0,NO DECLARADO,xlsx_votos_por_localidad
2023,BALOTAJE,2023-11-19,PRESIDENTE Y VICE,21,Santa Fe,Castellanos,Sunchales,1180,UNION POR LA PATRIA,agrupacion,4091,NO DECLARADO,xlsx_votos_por_localidad
2023,BALOTAJE,2023-11-19,PRESIDENTE Y VICE,21,Santa Fe,Castellanos,Zenón Pereyra,1380,EN BLANCO,blancos,16,NO DECLARADO,xlsx_votos_por_localidad
2023,BALOTAJE,2023-11-19,PRESIDENTE Y VICE,21,Santa Fe,Castellanos,Zenón Pereyra,1380,IMPUGNADO,impugnados,0,NO DECLARADO,xlsx_votos_por_localidad
2023,BALOTAJE,2023-11-19,PRESIDENTE Y VICE,21,Santa Fe,Castellanos,Zenón Pereyra,1380,LA LIBERTAD AVANZA,agrupacion,926,NO DECLARADO,xlsx_votos_por_localidad
2023,BALOTAJE,2023-11-19,PRESIDENTE Y VICE,21,Santa Fe,Castellanos,Zenón Pereyra,1380,NULO,nulos,26,NO DECLARADO,xlsx_votos_por_localidad
2023,BALOTAJE,2023-11-19,PRESIDENTE Y VICE,21,Santa Fe,Castellanos,Zenón Pereyra,1380,POSITIVO,positivo,1125,NO DECLARADO,xlsx_votos_por_localidad
2023,BALOTAJE,2023-11-19,PRESIDENTE Y VICE,21,Santa Fe,Castellanos,Zenón Pereyra,1380,RECURRIDO,recurridos,0,NO DECLARADO,xlsx_votos_por_localidad
2023,BALOTAJE,2023-11-19,PRESIDENTE Y VICE,21,Santa Fe,Castellanos,Zenón Pereyra,1380,UNION POR LA PATRIA,agrupacion,199,NO DECLARADO,xlsx_votos_por_localidad
2023,BALOTAJE,2023-11-19,PRESIDENTE Y VICE,21,Santa Fe,Las Colonias,Esperanza,0550,EN BLANCO,blancos,347,NO DECLARADO,xlsx_votos_por_localidad
2023,BALOTAJE,2023-11-19,PRESIDENTE Y VICE,21,Santa Fe,Las Colonias,Esperanza,0550,IMPUGNADO,impugnados,0,NO DECLARADO,xlsx_votos_por_localidad
2023,BALOTAJE,2023-11-19,PRESIDENTE Y VICE,21,Santa Fe,Las Colonias,Esperanza,0550,LA LIBERTAD AVANZA,agrupacion,20930,NO DECLARADO,xlsx_votos_por_localidad
2023,BALOTAJE,2023-11-19,PRESIDENTE Y VICE,21,Santa Fe,Las Colonias,Esperanza,0550,NULO,nulos,585,NO DECLARADO,xlsx_votos_por_localidad
2023,BALOTAJE,2023-11-19,PRESIDENTE Y VICE,21,Santa Fe,Las Colonias,Esperanza,0550,POSITIVO,positivo,26543,NO DECLARADO,xlsx_votos_por_localidad
2023,BALOTAJE,2023-11-19,PRESIDENTE Y VICE,21,Santa Fe,Las Colonias,Esperanza,0550,RECURRIDO,recurridos,6,NO DECLARADO,xlsx_votos_por_localidad
2023,BALOTAJE,2023-11-19,PRESIDENTE Y VICE,21,Santa Fe,Las Colonias,Esperanza,0550,UNION POR LA PATRIA,agrupacion,5613,NO DECLARADO,xlsx_votos_por_localidad
2023,BALOTAJE,2023-11-19,PRESIDENTE Y VICE,21,Santa Fe,Las Colonias,Felicia,0600,EN BLANCO,blancos,26,NO DECLARADO,xlsx_votos_por_localidad
2023,BALOTAJE,2023-11-19,PRESIDENTE Y VICE,21,Santa Fe,Las Colonias,Felicia,0600,IMPUGNADO,impugnados,0,NO DECLARADO,xlsx_votos_por_localidad
2023,BALOTAJE,2023-11-19,PRESIDENTE Y VICE,21,Santa Fe,Las Colonias,Felicia,0600,LA LIBERTAD AVANZA,agrupacion,1246,NO DECLARADO,xlsx_votos_por_localidad
2023,BALOTAJE,2023-11-19,PRESIDENTE Y VICE,21,Santa Fe,Las Colonias,Felicia,0600,NULO,nulos,25,NO DECLARADO,xlsx_votos_por_localidad
2023,BALOTAJE,2023-11-19,PRESIDENTE Y VICE,21,Santa Fe,Las Colonias,Felicia,0600,POSITIVO,positivo,1497,NO DECLARADO,xlsx_votos_por_localidad
2023,BALOTAJE,2023-11-19,PRESIDENTE Y VICE,21,Santa Fe,Las Colonias,Felicia,0600,RECURRIDO,recurridos,0,NO DECLARADO,xlsx_votos_por_localidad
2023,BALOTAJE,2023-11-19,PRESIDENTE Y VICE,21,Santa Fe,Las Colonias,Felicia,0600,UNION POR LA PATRIA,agrupacion,251,NO DECLARADO,xlsx_votos_por_localidad
2023,BALOTAJE,2023-11-19,PRESIDENTE Y VICE,21,Santa Fe,Las Colonias,Franck,0530,EN BLANCO,blancos,63,NO DECLARADO,xlsx_votos_por_localidad
2023,BALOTAJE,2023-11-19,PRESIDENTE Y VICE,21,Santa Fe,Las Colonias,Franck,0530,IMPUGNADO,impugnados,0,NO DECLARADO,xlsx_votos_por_localidad
2023,BALOTAJE,2023-11-19,PRESIDENTE Y VICE,21,Santa Fe,Las Colonias,Franck,0530,LA LIBERTAD AVANZA,agrupacion,3557,NO DECLARADO,xlsx_votos_por_localidad
2023,BALOTAJE,2023-11-19,PRESIDENTE Y VICE,21,Santa Fe,Las Colonias,Franck,0530,NULO,nulos,89,NO DECLARADO,xlsx_votos_por_localidad
2023,BALOTAJE,2023-11-19,PRESIDENTE Y VICE,21,Santa Fe,Las Colonias,Franck,0530,POSITIVO,positivo,4242,NO DECLARADO,xlsx_votos_por_localidad
2023,BALOTAJE,2023-11-19,PRESIDENTE Y VICE,21,Santa Fe,Las Colonias,Franck,0530,RECURRIDO,recurridos,0,NO DECLARADO,xlsx_votos_por_localidad
2023,BALOTAJE,2023-11-19,PRESIDENTE Y VICE,21,Santa Fe,Las Colonias,Franck,0530,UNION POR LA PATRIA,agrupacion,685,NO DECLARADO,xlsx_votos_por_localidad
2023,BALOTAJE,2023-11-19,PRESIDENTE Y VICE,21,Santa Fe,Las Colonias,Humboldt,0560,EN BLANCO,blancos,61,NO DECLARADO,xlsx_votos_por_localidad
2023,BALOTAJE,2023-11-19,PRESIDENTE Y VICE,21,Santa Fe,Las Colonias,Humboldt,0560,IMPUGNADO,impugnados,0,NO DECLARADO,xlsx_votos_por_localidad
2023,BALOTAJE,2023-11-19,PRESIDENTE Y VICE,21,Santa Fe,Las Colonias,Humboldt,0560,LA LIBERTAD AVANZA,agrupacion,2776,NO DECLARADO,xlsx_votos_por_localidad
2023,BALOTAJE,2023-11-19,PRESIDENTE Y VICE,21,Santa Fe,Las Colonias,Humboldt,0560,NULO,nulos,49,NO DECLARADO,xlsx_votos_por_localidad
2023,BALOTAJE,2023-11-19,PRESIDENTE Y VICE,21,Santa Fe,Las Colonias,Humboldt,0560,POSITIVO,positivo,3468,NO DECLARADO,xlsx_votos_por_localidad
2023,BALOTAJE,2023-11-19,PRESIDENTE Y VICE,21,Santa Fe,Las Colonias,Humboldt,0560,RECURRIDO,recurridos,0,NO DECLARADO,xlsx_votos_por_localidad
2023,BALOTAJE,2023-11-19,PRESIDENTE Y VICE,21,Santa Fe,Las Colonias,Humboldt,0560,UNION POR LA PATRIA,agrupacion,692,NO DECLARADO,xlsx_votos_por_localidad
2023,BALOTAJE,2023-11-19,PRESIDENTE Y VICE,21,Santa Fe,Las Colonias,Pilar,0570,EN BLANCO,blancos,56,NO DECLARADO,xlsx_votos_por_localidad
2023,BALOTAJE,2023-11-19,PRESIDENTE Y VICE,21,Santa Fe,Las Colonias,Pilar,0570,IMPUGNADO,impugnados,0,NO DECLARADO,xlsx_votos_por_localidad
2023,BALOTAJE,2023-11-19,PRESIDENTE Y VICE,21,Santa Fe,Las Colonias,Pilar,0570,LA LIBERTAD AVANZA,agrupacion,2310,NO DECLARADO,xlsx_votos_por_localidad
2023,BALOTAJE,2023-11-19,PRESIDENTE Y VICE,21,Santa Fe,Las Colonias,Pilar,0570,NULO,nulos,59,NO DECLARADO,xlsx_votos_por_localidad
2023,BALOTAJE,2023-11-19,PRESIDENTE Y VICE,21,Santa Fe,Las Colonias,Pilar,0570,POSITIVO,positivo,3237,NO DECLARADO,xlsx_votos_por_localidad
2023,BALOTAJE,2023-11-19,PRESIDENTE Y VICE,21,Santa Fe,Las Colonias,Pilar,0570,RECURRIDO,recurridos,0,NO DECLARADO,xlsx_votos_por_localidad
2023,BALOTAJE,2023-11-19,PRESIDENTE Y VICE,21,Santa Fe,Las Colonias,Pilar,0570,UNION POR LA PATRIA,agrupacion,927,NO DECLARADO,xlsx_votos_por_localidad
2023,BALOTAJE,2023-11-19,PRESIDENTE Y VICE,21,Santa Fe,Las Colonias,Progreso,0630,EN BLANCO,blancos,24,NO DECLARADO,xlsx_votos_por_localidad
2023,BALOTAJE,2023-11-19,PRESIDENTE Y VICE,21,Santa Fe,Las Colonias,Progreso,0630,IMPUGNADO,impugnados,0,NO DECLARADO,xlsx_votos_por_localidad
2023,BALOTAJE,2023-11-19,PRESIDENTE Y VICE,21,Santa Fe,Las Colonias,Progreso,0630,LA LIBERTAD AVANZA,agrupacion,1458,NO DECLARADO,xlsx_votos_por_localidad
2023,BALOTAJE,2023-11-19,PRESIDENTE Y VICE,21,Santa Fe,Las Colonias,Progreso,0630,NULO,nulos,28,NO DECLARADO,xlsx_votos_por_localidad
2023,BALOTAJE,2023-11-19,PRESIDENTE Y VICE,21,Santa Fe,Las Colonias,Progreso,0630,POSITIVO,positivo,1725,NO DECLARADO,xlsx_votos_por_localidad
2023,BALOTAJE,2023-11-19,PRESIDENTE Y VICE,21,Santa Fe,Las Colonias,Progreso,0630,RECURRIDO,recurridos,0,NO DECLARADO,xlsx_votos_por_localidad
2023,BALOTAJE,2023-11-19,PRESIDENTE Y VICE,21,Santa Fe,Las Colonias,Progreso,0630,UNION POR LA PATRIA,agrupacion,267,NO DECLARADO,xlsx_votos_por_localidad
2023,BALOTAJE,2023-11-19,PRESIDENTE Y VICE,21,Santa Fe,Las Colonias,San Carlos Centro,0440,EN BLANCO,blancos,178,NO DECLARADO,xlsx_votos_por_localidad
2023,BALOTAJE,2023-11-19,PRESIDENTE Y VICE,21,Santa Fe,Las Colonias,San Carlos Centro,0440,IMPUGNADO,impugnados,0,NO DECLARADO,xlsx_votos_por_localidad
2023,BALOTAJE,2023-11-19,PRESIDENTE Y VICE,21,Santa Fe,Las Colonias,San Carlos Centro,0440,LA LIBERTAD AVANZA,agrupacion,5374,NO DECLARADO,xlsx_votos_por_localidad
2023,BALOTAJE,2023-11-19,PRESIDENTE Y VICE,21,Santa Fe,Las Colonias,San Carlos Centro,0440,NULO,nulos,161,NO DECLARADO,xlsx_votos_por_localidad
2023,BALOTAJE,2023-11-19,PRESIDENTE Y VICE,21,Santa Fe,Las Colonias,San Carlos Centro,0440,POSITIVO,positivo,7668,NO DECLARADO,xlsx_votos_por_localidad
2023,BALOTAJE,2023-11-19,PRESIDENTE Y VICE,21,Santa Fe,Las Colonias,San Carlos Centro,0440,RECURRIDO,recurridos,0,NO DECLARADO,xlsx_votos_por_localidad
2023,BALOTAJE,2023-11-19,PRESIDENTE Y VICE,21,Santa Fe,Las Colonias,San Carlos Centro,0440,UNION POR LA PATRIA,agrupacion,2294,NO DECLARADO,xlsx_votos_por_localidad
2023,BALOTAJE,2023-11-19,PRESIDENTE Y VICE,21,Santa Fe,Las Colonias,San Carlos Sud,0430,EN BLANCO,blancos,29,NO DECLARADO,xlsx_votos_por_localidad
2023,BALOTAJE,2023-11-19,PRESIDENTE Y VICE,21,Santa Fe,Las Colonias,San Carlos Sud,0430,IMPUGNADO,impugnados,0,NO DECLARADO,xlsx_votos_por_localidad
2023,BALOTAJE,2023-11-19,PRESIDENTE Y VICE,21,Santa Fe,Las Colonias,San Carlos Sud,0430,LA LIBERTAD AVANZA,agrupacion,1096,NO DECLARADO,xlsx_votos_por_localidad
2023,BALOTAJE,2023-11-19,PRESIDENTE Y VICE,21,Santa Fe,Las Colonias,San Carlos Sud,0430,NULO,nulos,18,NO DECLARADO,xlsx_votos_por_localidad
2023,BALOTAJE,2023-11-19,PRESIDENTE Y VICE,21,Santa Fe,Las Colonias,San Carlos Sud,0430,POSITIVO,positivo,1575,NO DECLARADO,xlsx_votos_por_localidad
2023,BALOTAJE,2023-11-19,PRESIDENTE Y VICE,21,Santa Fe,Las Colonias,San Carlos Sud,0430,RECURRIDO,recurridos,0,NO DECLARADO,xlsx_votos_por_localidad
2023,BALOTAJE,2023-11-19,PRESIDENTE Y VICE,21,Santa Fe,Las Colonias,San Carlos Sud,0430,UNION POR LA PATRIA,agrupacion,479,NO DECLARADO,xlsx_votos_por_localidad
2023,BALOTAJE,2023-11-19,PRESIDENTE Y VICE,21,Santa Fe,Las Colonias,San Jerónimo Norte,0520,EN BLANCO,blancos,94,NO DECLARADO,xlsx_votos_por_localidad
2023,BALOTAJE,2023-11-19,PRESIDENTE Y VICE,21,Santa Fe,Las Colonias,San Jerónimo Norte,0520,IMPUGNADO,impugnados,0,NO DECLARADO,xlsx_votos_por_localidad
2023,BALOTAJE,2023-11-19,PRESIDENTE Y VICE,21,Santa Fe,Las Colonias,San Jerónimo Norte,0520,LA LIBERTAD AVANZA,agrupacion,3696,NO DECLARADO,xlsx_votos_por_localidad
2023,BALOTAJE,2023-11-19,PRESIDENTE Y VICE,21,Santa Fe,Las Colonias,San Jerónimo Norte,0520,NULO,nulos,99,NO DECLARADO,xlsx_votos_por_localidad
2023,BALOTAJE,2023-11-19,PRESIDENTE Y VICE,21,Santa Fe,Las Colonias,San Jerónimo Norte,0520,POSITIVO,positivo,4548,NO DECLARADO,xlsx_votos_por_localidad
2023,BALOTAJE,2023-11-19,PRESIDENTE Y VICE,21,Santa Fe,Las Colonias,San Jerónimo Norte,0520,RECURRIDO,recurridos,0,NO DECLARADO,xlsx_votos_por_localidad
2023,BALOTAJE,2023-11-19,PRESIDENTE Y VICE,21,Santa Fe,Las Colonias,San Jerónimo Norte,0520,UNION POR LA PATRIA,agrupacion,852,NO DECLARADO,xlsx_votos_por_localidad
2023,BALOTAJE,2023-11-19,PRESIDENTE Y VICE,21,Santa Fe,Las Colonias,Santa Clara de Buena Vista,0460,EN BLANCO,blancos,35,NO DECLARADO,xlsx_votos_por_localidad
2023,BALOTAJE,2023-11-19,PRESIDENTE Y VICE,21,Santa Fe,Las Colonias,Santa Clara de Buena Vista,0460,IMPUGNADO,impugnados,0,NO DECLARADO,xlsx_votos_por_localidad
2023,BALOTAJE,2023-11-19,PRESIDENTE Y VICE,21,Santa Fe,Las Colonias,Santa Clara de Buena Vista,0460,LA LIBERTAD AVANZA,agrupacion,1380,NO DECLARADO,xlsx_votos_por_localidad
2023,BALOTAJE,2023-11-19,PRESIDENTE Y VICE,21,Santa Fe,Las Colonias,Santa Clara de Buena Vista,0460,NULO,nulos,32,NO DECLARADO,xlsx_votos_por_localidad
2023,BALOTAJE,2023-11-19,PRESIDENTE Y VICE,21,Santa Fe,Las Colonias,Santa Clara de Buena Vista,0460,POSITIVO,positivo,1933,NO DECLARADO,xlsx_votos_por_localidad
2023,BALOTAJE,2023-11-19,PRESIDENTE Y VICE,21,Santa Fe,Las Colonias,Santa Clara de Buena Vista,0460,RECURRIDO,recurridos,0,NO DECLARADO,xlsx_votos_por_localidad
2023,BALOTAJE,2023-11-19,PRESIDENTE Y VICE,21,Santa Fe,Las Colonias,Santa Clara de Buena Vista,0460,UNION POR LA PATRIA,agrupacion,553,NO DECLARADO,xlsx_votos_por_localidad
2023,BALOTAJE,2023-11-19,PRESIDENTE Y VICE,21,Santa Fe,San Martín,Carlos Pellegrini,1600,EN BLANCO,blancos,51,NO DECLARADO,xlsx_votos_por_localidad
2023,BALOTAJE,2023-11-19,PRESIDENTE Y VICE,21,Santa Fe,San Martín,Carlos Pellegrini,1600,IMPUGNADO,impugnados,0,NO DECLARADO,xlsx_votos_por_localidad
2023,BALOTAJE,2023-11-19,PRESIDENTE Y VICE,21,Santa Fe,San Martín,Carlos Pellegrini,1600,LA LIBERTAD AVANZA,agrupacion,2887,NO DECLARADO,xlsx_votos_por_localidad
2023,BALOTAJE,2023-11-19,PRESIDENTE Y VICE,21,Santa Fe,San Martín,Carlos Pellegrini,1600,NULO,nulos,78,NO DECLARADO,xlsx_votos_por_localidad
2023,BALOTAJE,2023-11-19,PRESIDENTE Y VICE,21,Santa Fe,San Martín,Carlos Pellegrini,1600,POSITIVO,positivo,3628,NO DECLARADO,xlsx_votos_por_localidad
2023,BALOTAJE,2023-11-19,PRESIDENTE Y VICE,21,Santa Fe,San Martín,Carlos Pellegrini,1600,RECURRIDO,recurridos,0,NO DECLARADO,xlsx_votos_por_localidad
2023,BALOTAJE,2023-11-19,PRESIDENTE Y VICE,21,Santa Fe,San Martín,Carlos Pellegrini,1600,UNION POR LA PATRIA,agrupacion,741,NO DECLARADO,xlsx_votos_por_localidad
2023,BALOTAJE,2023-11-19,PRESIDENTE Y VICE,21,Santa Fe,San Martín,Cañada Rosquín,1610,EN BLANCO,blancos,41,NO DECLARADO,xlsx_votos_por_localidad
2023,BALOTAJE,2023-11-19,PRESIDENTE Y VICE,21,Santa Fe,San Martín,Cañada Rosquín,1610,IMPUGNADO,impugnados,0,NO DECLARADO,xlsx_votos_por_localidad
2023,BALOTAJE,2023-11-19,PRESIDENTE Y VICE,21,Santa Fe,San Martín,Cañada Rosquín,1610,LA LIBERTAD AVANZA,agrupacion,2471,NO DECLARADO,xlsx_votos_por_localidad
2023,BALOTAJE,2023-11-19,PRESIDENTE Y VICE,21,Santa Fe,San Martín,Cañada Rosquín,1610,NULO,nulos,79,NO DECLARADO,xlsx_votos_por_localidad
2023,BALOTAJE,2023-11-19,PRESIDENTE Y VICE,21,Santa Fe,San Martín,Cañada Rosquín,1610,POSITIVO,positivo,3314,NO DECLARADO,xlsx_votos_por_localidad
2023,BALOTAJE,2023-11-19,PRESIDENTE Y VICE,21,Santa Fe,San Martín,Cañada Rosquín,1610,RECURRIDO,recurridos,0,NO DECLARADO,xlsx_votos_por_localidad
2023,BALOTAJE,2023-11-19,PRESIDENTE Y VICE,21,Santa Fe,San Martín,Cañada Rosquín,1610,UNION POR LA PATRIA,agrupacion,843,NO DECLARADO,xlsx_votos_por_localidad
2023,BALOTAJE,2023-11-19,PRESIDENTE Y VICE,21,Santa Fe,San Martín,El Trébol,1650,EN BLANCO,blancos,144,NO DECLARADO,xlsx_votos_por_localidad
2023,BALOTAJE,2023-11-19,PRESIDENTE Y VICE,21,Santa Fe,San Martín,El Trébol,1650,IMPUGNADO,impugnados,0,NO DECLARADO,xlsx_votos_por_localidad
2023,BALOTAJE,2023-11-19,PRESIDENTE Y VICE,21,Santa Fe,San Martín,El Trébol,1650,LA LIBERTAD AVANZA,agrupacion,5702,NO DECLARADO,xlsx_votos_por_localidad
2023,BALOTAJE,2023-11-19,PRESIDENTE Y VICE,21,Santa Fe,San Martín,El Trébol,1650,NULO,nulos,208,NO DECLARADO,xlsx_votos_por_localidad
2023,BALOTAJE,2023-11-19,PRESIDENTE Y VICE,21,Santa Fe,San Martín,El Trébol,1650,POSITIVO,positivo,7780,NO DECLARADO,xlsx_votos_por_localidad
2023,BALOTAJE,2023-11-19,PRESIDENTE Y VICE,21,Santa Fe,San Martín,El Trébol,1650,RECURRIDO,recurridos,0,NO DECLARADO,xlsx_votos_por_localidad
2023,BALOTAJE,2023-11-19,PRESIDENTE Y VICE,21,Santa Fe,San Martín,El Trébol,1650,UNION POR LA PATRIA,agrupacion,2078,NO DECLARADO,xlsx_votos_por_localidad
2023,BALOTAJE,2023-11-19,PRESIDENTE Y VICE,21,Santa Fe,San Martín,María Susana,1660,EN BLANCO,blancos,22,NO DECLARADO,xlsx_votos_por_localidad
2023,BALOTAJE,2023-11-19,PRESIDENTE Y VICE,21,Santa Fe,San Martín,María Susana,1660,IMPUGNADO,impugnados,0,NO DECLARADO,xlsx_votos_por_localidad
2023,BALOTAJE,2023-11-19,PRESIDENTE Y VICE,21,Santa Fe,San Martín,María Susana,1660,LA LIBERTAD AVANZA,agrupacion,1762,NO DECLARADO,xlsx_votos_por_localidad
2023,BALOTAJE,2023-11-19,PRESIDENTE Y VICE,21,Santa Fe,San Martín,María Susana,1660,NULO,nulos,48,NO DECLARADO,xlsx_votos_por_localidad
2023,BALOTAJE,2023-11-19,PRESIDENTE Y VICE,21,Santa Fe,San Martín,María Susana,1660,POSITIVO,positivo,2101,NO DECLARADO,xlsx_votos_por_localidad
2023,BALOTAJE,2023-11-19,PRESIDENTE Y VICE,21,Santa Fe,San Martín,María Susana,1660,RECURRIDO,recurridos,0,NO DECLARADO,xlsx_votos_por_localidad
2023,BALOTAJE,2023-11-19,PRESIDENTE Y VICE,21,Santa Fe,San Martín,María Susana,1660,UNION POR LA PATRIA,agrupacion,339,NO DECLARADO,xlsx_votos_por_localidad
2023,BALOTAJE,2023-11-19,PRESIDENTE Y VICE,21,Santa Fe,San Martín,Piamonte,1640,EN BLANCO,blancos,44,NO DECLARADO,xlsx_votos_por_localidad
2023,BALOTAJE,2023-11-19,PRESIDENTE Y VICE,21,Santa Fe,San Martín,Piamonte,1640,IMPUGNADO,impugnados,0,NO DECLARADO,xlsx_votos_por_localidad
2023,BALOTAJE,2023-11-19,PRESIDENTE Y VICE,21,Santa Fe,San Martín,Piamonte,1640,LA LIBERTAD AVANZA,agrupacion,1587,NO DECLARADO,xlsx_votos_por_localidad
2023,BALOTAJE,2023-11-19,PRESIDENTE Y VICE,21,Santa Fe,San Martín,Piamonte,1640,NULO,nulos,57,NO DECLARADO,xlsx_votos_por_localidad
2023,BALOTAJE,2023-11-19,PRESIDENTE Y VICE,21,Santa Fe,San Martín,Piamonte,1640,POSITIVO,positivo,2036,NO DECLARADO,xlsx_votos_por_localidad
2023,BALOTAJE,2023-11-19,PRESIDENTE Y VICE,21,Santa Fe,San Martín,Piamonte,1640,RECURRIDO,recurridos,0,NO DECLARADO,xlsx_votos_por_localidad
2023,BALOTAJE,2023-11-19,PRESIDENTE Y VICE,21,Santa Fe,San Martín,Piamonte,1640,UNION POR LA PATRIA,agrupacion,449,NO DECLARADO,xlsx_votos_por_localidad
2023,BALOTAJE,2023-11-19,PRESIDENTE Y VICE,21,Santa Fe,San Martín,San Jorge,1580,EN BLANCO,blancos,179,NO DECLARADO,xlsx_votos_por_localidad
2023,BALOTAJE,2023-11-19,PRESIDENTE Y VICE,21,Santa Fe,San Martín,San Jorge,1580,IMPUGNADO,impugnados,0,NO DECLARADO,xlsx_votos_por_localidad
2023,BALOTAJE,2023-11-19,PRESIDENTE Y VICE,21,Santa Fe,San Martín,San Jorge,1580,LA LIBERTAD AVANZA,agrupacion,8755,NO DECLARADO,xlsx_votos_por_localidad
2023,BALOTAJE,2023-11-19,PRESIDENTE Y VICE,21,Santa Fe,San Martín,San Jorge,1580,NULO,nulos,297,NO DECLARADO,xlsx_votos_por_localidad
2023,BALOTAJE,2023-11-19,PRESIDENTE Y VICE,21,Santa Fe,San Martín,San Jorge,1580,POSITIVO,positivo,12147,NO DECLARADO,xlsx_votos_por_localidad
2023,BALOTAJE,2023-11-19,PRESIDENTE Y VICE,21,Santa Fe,San Martín,San Jorge,1580,RECURRIDO,recurridos,5,NO DECLARADO,xlsx_votos_por_localidad
2023,BALOTAJE,2023-11-19,PRESIDENTE Y VICE,21,Santa Fe,San Martín,San Jorge,1580,UNION POR LA PATRIA,agrupacion,3392,NO DECLARADO,xlsx_votos_por_localidad
2023,BALOTAJE,2023-11-19,PRESIDENTE Y VICE,21,Santa Fe,San Martín,San Martín de las Escobas,1560,EN BLANCO,blancos,43,NO DECLARADO,xlsx_votos_por_localidad
2023,BALOTAJE,2023-11-19,PRESIDENTE Y VICE,21,Santa Fe,San Martín,San Martín de las Escobas,1560,IMPUGNADO,impugnados,0,NO DECLARADO,xlsx_votos_por_localidad
2023,BALOTAJE,2023-11-19,PRESIDENTE Y VICE,21,Santa Fe,San Martín,San Martín de las Escobas,1560,LA LIBERTAD AVANZA,agrupacion,1489,NO DECLARADO,xlsx_votos_por_localidad
2023,BALOTAJE,2023-11-19,PRESIDENTE Y VICE,21,Santa Fe,San Martín,San Martín de las Escobas,1560,NULO,nulos,29,NO DECLARADO,xlsx_votos_por_localidad
2023,BALOTAJE,2023-11-19,PRESIDENTE Y VICE,21,Santa Fe,San Martín,San Martín de las Escobas,1560,POSITIVO,positivo,1829,NO DECLARADO,xlsx_votos_por_localidad
2023,BALOTAJE,2023-11-19,PRESIDENTE Y VICE,21,Santa Fe,San Martín,San Martín de las Escobas,1560,RECURRIDO,recurridos,0,NO DECLARADO,xlsx_votos_por_localidad
2023,BALOTAJE,2023-11-19,PRESIDENTE Y VICE,21,Santa Fe,San Martín,San Martín de las Escobas,1560,UNION POR LA PATRIA,agrupacion,340,NO DECLARADO,xlsx_votos_por_localidad
2023,BALOTAJE,2023-11-19,PRESIDENTE Y VICE,21,Santa Fe,San Martín,Sastre y Ortiz,1550,EN BLANCO,blancos,67,NO DECLARADO,xlsx_votos_por_localidad
2023,BALOTAJE,2023-11-19,PRESIDENTE Y VICE,21,Santa Fe,San Martín,Sastre y Ortiz,1550,IMPUGNADO,impugnados,0,NO DECLARADO,xlsx_votos_por_localidad
2023,BALOTAJE,2023-11-19,PRESIDENTE Y VICE,21,Santa Fe,San Martín,Sastre y Ortiz,1550,LA LIBERTAD AVANZA,agrupacion,2264,NO DECLARADO,xlsx_votos_por_localidad
2023,BALOTAJE,2023-11-19,PRESIDENTE Y VICE,21,Santa Fe,San Martín,Sastre y Ortiz,1550,NULO,nulos,120,NO DECLARADO,xlsx_votos_por_localidad
2023,BALOTAJE,2023-11-19,PRESIDENTE Y VICE,21,Santa Fe,San Martín,Sastre y Ortiz,1550,POSITIVO,positivo,3707,NO DECLARADO,xlsx_votos_por_localidad
2023,BALOTAJE,2023-11-19,PRESIDENTE Y VICE,21,Santa Fe,San Martín,Sastre y Ortiz,1550,RECURRIDO,recurridos,0,NO DECLARADO,xlsx_votos_por_localidad
2023,BALOTAJE,2023-11-19,PRESIDENTE Y VICE,21,Santa Fe,San Martín,Sastre y Ortiz,1550,UNION POR LA PATRIA,agrupacion,1443,NO DECLARADO,xlsx_votos_por_localidad
2023,GENERAL,2023-10-22,PRESIDENTE Y VICE,21,Santa Fe,Castellanos,Ataliva,1210,COMANDO,comando,0,NO DECLARADO,xlsx_votos_por_localidad
2023,GENERAL,2023-10-22,PRESIDENTE Y VICE,21,Santa Fe,Castellanos,Ataliva,1210,EN BLANCO,blancos,11,NO DECLARADO,xlsx_votos_por_localidad
2023,GENERAL,2023-10-22,PRESIDENTE Y VICE,21,Santa Fe,Castellanos,Ataliva,1210,FRENTE DE IZQUIERDA Y DE TRABAJADORES - UNIDAD,agrupacion,20,NO DECLARADO,xlsx_votos_por_localidad
2023,GENERAL,2023-10-22,PRESIDENTE Y VICE,21,Santa Fe,Castellanos,Ataliva,1210,HACEMOS POR NUESTRO PAIS,agrupacion,178,NO DECLARADO,xlsx_votos_por_localidad
2023,GENERAL,2023-10-22,PRESIDENTE Y VICE,21,Santa Fe,Castellanos,Ataliva,1210,IMPUGNADO,impugnados,0,NO DECLARADO,xlsx_votos_por_localidad
2023,GENERAL,2023-10-22,PRESIDENTE Y VICE,21,Santa Fe,Castellanos,Ataliva,1210,JUNTOS POR EL CAMBIO,agrupacion,371,NO DECLARADO,xlsx_votos_por_localidad
2023,GENERAL,2023-10-22,PRESIDENTE Y VICE,21,Santa Fe,Castellanos,Ataliva,1210,LA LIBERTAD AVANZA,agrupacion,551,NO DECLARADO,xlsx_votos_por_localidad
2023,GENERAL,2023-10-22,PRESIDENTE Y VICE,21,Santa Fe,Castellanos,Ataliva,1210,NULO,nulos,25,NO DECLARADO,xlsx_votos_por_localidad
2023,GENERAL,2023-10-22,PRESIDENTE Y VICE,21,Santa Fe,Castellanos,Ataliva,1210,POSITIVO,positivo,1281,NO DECLARADO,xlsx_votos_por_localidad
2023,GENERAL,2023-10-22,PRESIDENTE Y VICE,21,Santa Fe,Castellanos,Ataliva,1210,RECURRIDO,recurridos,0,NO DECLARADO,xlsx_votos_por_localidad
2023,GENERAL,2023-10-22,PRESIDENTE Y VICE,21,Santa Fe,Castellanos,Ataliva,1210,UNION POR LA PATRIA,agrupacion,161,NO DECLARADO,xlsx_votos_por_localidad
2023,GENERAL,2023-10-22,PRESIDENTE Y VICE,21,Santa Fe,Castellanos,Colonia Aldao,1200,COMANDO,comando,0,NO DECLARADO,xlsx_votos_por_localidad
2023,GENERAL,2023-10-22,PRESIDENTE Y VICE,21,Santa Fe,Castellanos,Colonia Aldao,1200,EN BLANCO,blancos,17,NO DECLARADO,xlsx_votos_por_localidad
2023,GENERAL,2023-10-22,PRESIDENTE Y VICE,21,Santa Fe,Castellanos,Colonia Aldao,1200,FRENTE DE IZQUIERDA Y DE TRABAJADORES - UNIDAD,agrupacion,9,NO DECLARADO,xlsx_votos_por_localidad
2023,GENERAL,2023-10-22,PRESIDENTE Y VICE,21,Santa Fe,Castellanos,Colonia Aldao,1200,HACEMOS POR NUESTRO PAIS,agrupacion,186,NO DECLARADO,xlsx_votos_por_localidad
2023,GENERAL,2023-10-22,PRESIDENTE Y VICE,21,Santa Fe,Castellanos,Colonia Aldao,1200,IMPUGNADO,impugnados,0,NO DECLARADO,xlsx_votos_por_localidad
2023,GENERAL,2023-10-22,PRESIDENTE Y VICE,21,Santa Fe,Castellanos,Colonia Aldao,1200,JUNTOS POR EL CAMBIO,agrupacion,311,NO DECLARADO,xlsx_votos_por_localidad
2023,GENERAL,2023-10-22,PRESIDENTE Y VICE,21,Santa Fe,Castellanos,Colonia Aldao,1200,LA LIBERTAD AVANZA,agrupacion,479,NO DECLARADO,xlsx_votos_por_localidad
2023,GENERAL,2023-10-22,PRESIDENTE Y VICE,21,Santa Fe,Castellanos,Colonia Aldao,1200,NULO,nulos,10,NO DECLARADO,xlsx_votos_por_localidad
2023,GENERAL,2023-10-22,PRESIDENTE Y VICE,21,Santa Fe,Castellanos,Colonia Aldao,1200,POSITIVO,positivo,1181,NO DECLARADO,xlsx_votos_por_localidad
2023,GENERAL,2023-10-22,PRESIDENTE Y VICE,21,Santa Fe,Castellanos,Colonia Aldao,1200,RECURRIDO,recurridos,0,NO DECLARADO,xlsx_votos_por_localidad
2023,GENERAL,2023-10-22,PRESIDENTE Y VICE,21,Santa Fe,Castellanos,Colonia Aldao,1200,UNION POR LA PATRIA,agrupacion,196,NO DECLARADO,xlsx_votos_por_localidad
2023,GENERAL,2023-10-22,PRESIDENTE Y VICE,21,Santa Fe,Castellanos,Frontera,1345,COMANDO,comando,2,NO DECLARADO,xlsx_votos_por_localidad
2023,GENERAL,2023-10-22,PRESIDENTE Y VICE,21,Santa Fe,Castellanos,Frontera,1345,EN BLANCO,blancos,34,NO DECLARADO,xlsx_votos_por_localidad
2023,GENERAL,2023-10-22,PRESIDENTE Y VICE,21,Santa Fe,Castellanos,Frontera,1345,FRENTE DE IZQUIERDA Y DE TRABAJADORES - UNIDAD,agrupacion,37,NO DECLARADO,xlsx_votos_por_localidad
2023,GENERAL,2023-10-22,PRESIDENTE Y VICE,21,Santa Fe,Castellanos,Frontera,1345,HACEMOS POR NUESTRO PAIS,agrupacion,1493,NO DECLARADO,xlsx_votos_por_localidad
2023,GENERAL,2023-10-22,PRESIDENTE Y VICE,21,Santa Fe,Castellanos,Frontera,1345,IMPUGNADO,impugnados,0,NO DECLARADO,xlsx_votos_por_localidad
2023,GENERAL,2023-10-22,PRESIDENTE Y VICE,21,Santa Fe,Castellanos,Frontera,1345,JUNTOS POR EL CAMBIO,agrupacion,640,NO DECLARADO,xlsx_votos_por_localidad
2023,GENERAL,2023-10-22,PRESIDENTE Y VICE,21,Santa Fe,Castellanos,Frontera,1345,LA LIBERTAD AVANZA,agrupacion,1653,NO DECLARADO,xlsx_votos_por_localidad
2023,GENERAL,2023-10-22,PRESIDENTE Y VICE,21,Santa Fe,Castellanos,Frontera,1345,NULO,nulos,80,NO DECLARADO,xlsx_votos_por_localidad
2023,GENERAL,2023-10-22,PRESIDENTE Y VICE,21,Santa Fe,Castellanos,Frontera,1345,POSITIVO,positivo,5057,NO DECLARADO,xlsx_votos_por_localidad
2023,GENERAL,2023-10-22,PRESIDENTE Y VICE,21,Santa Fe,Castellanos,Frontera,1345,RECURRIDO,recurridos,0,NO DECLARADO,xlsx_votos_por_localidad
2023,GENERAL,2023-10-22,PRESIDENTE Y VICE,21,Santa Fe,Castellanos,Frontera,1345,UNION POR LA PATRIA,agrupacion,1234,NO DECLARADO,xlsx_votos_por_localidad
2023,GENERAL,2023-10-22,PRESIDENTE Y VICE,21,Santa Fe,Castellanos,Humberto Primo,1170,COMANDO,comando,1,NO DECLARADO,xlsx_votos_por_localidad
2023,GENERAL,2023-10-22,PRESIDENTE Y VICE,21,Santa Fe,Castellanos,Humberto Primo,1170,EN BLANCO,blancos,21,NO DECLARADO,xlsx_votos_por_localidad
2023,GENERAL,2023-10-22,PRESIDENTE Y VICE,21,Santa Fe,Castellanos,Humberto Primo,1170,FRENTE DE IZQUIERDA Y DE TRABAJADORES - UNIDAD,agrupacion,24,NO DECLARADO,xlsx_votos_por_localidad
2023,GENERAL,2023-10-22,PRESIDENTE Y VICE,21,Santa Fe,Castellanos,Humberto Primo,1170,HACEMOS POR NUESTRO PAIS,agrupacion,324,NO DECLARADO,xlsx_votos_por_localidad
2023,GENERAL,2023-10-22,PRESIDENTE Y VICE,21,Santa Fe,Castellanos,Humberto Primo,1170,IMPUGNADO,impugnados,0,NO DECLARADO,xlsx_votos_por_localidad
2023,GENERAL,2023-10-22,PRESIDENTE Y VICE,21,Santa Fe,Castellanos,Humberto Primo,1170,JUNTOS POR EL CAMBIO,agrupacion,1054,NO DECLARADO,xlsx_votos_por_localidad
2023,GENERAL,2023-10-22,PRESIDENTE Y VICE,21,Santa Fe,Castellanos,Humberto Primo,1170,LA LIBERTAD AVANZA,agrupacion,1438,NO DECLARADO,xlsx_votos_por_localidad
2023,GENERAL,2023-10-22,PRESIDENTE Y VICE,21,Santa Fe,Castellanos,Humberto Primo,1170,NULO,nulos,18,NO DECLARADO,xlsx_votos_por_localidad
2023,GENERAL,2023-10-22,PRESIDENTE Y VICE,21,Santa Fe,Castellanos,Humberto Primo,1170,POSITIVO,positivo,3290,NO DECLARADO,xlsx_votos_por_localidad
2023,GENERAL,2023-10-22,PRESIDENTE Y VICE,21,Santa Fe,Castellanos,Humberto Primo,1170,RECURRIDO,recurridos,0,NO DECLARADO,xlsx_votos_por_localidad
2023,GENERAL,2023-10-22,PRESIDENTE Y VICE,21,Santa Fe,Castellanos,Humberto Primo,1170,UNION POR LA PATRIA,agrupacion,450,NO DECLARADO,xlsx_votos_por_localidad
2023,GENERAL,2023-10-22,PRESIDENTE Y VICE,21,Santa Fe,Castellanos,Josefina,1340,COMANDO,comando,0,NO DECLARADO,xlsx_votos_por_localidad
2023,GENERAL,2023-10-22,PRESIDENTE Y VICE,21,Santa Fe,Castellanos,Josefina,1340,EN BLANCO,blancos,1,NO DECLARADO,xlsx_votos_por_localidad
2023,GENERAL,2023-10-22,PRESIDENTE Y VICE,21,Santa Fe,Castellanos,Josefina,1340,FRENTE DE IZQUIERDA Y DE TRABAJADORES - UNIDAD,agrupacion,2,NO DECLARADO,xlsx_votos_por_localidad
2023,GENERAL,2023-10-22,PRESIDENTE Y VICE,21,Santa Fe,Castellanos,Josefina,1340,HACEMOS POR NUESTRO PAIS,agrupacion,118,NO DECLARADO,xlsx_votos_por_localidad
2023,GENERAL,2023-10-22,PRESIDENTE Y VICE,21,Santa Fe,Castellanos,Josefina,1340,IMPUGNADO,impugnados,0,NO DECLARADO,xlsx_votos_por_localidad
2023,GENERAL,2023-10-22,PRESIDENTE Y VICE,21,Santa Fe,Castellanos,Josefina,1340,JUNTOS POR EL CAMBIO,agrupacion,164,NO DECLARADO,xlsx_votos_por_localidad
2023,GENERAL,2023-10-22,PRESIDENTE Y VICE,21,Santa Fe,Castellanos,Josefina,1340,LA LIBERTAD AVANZA,agrupacion,244,NO DECLARADO,xlsx_votos_por_localidad
2023,GENERAL,2023-10-22,PRESIDENTE Y VICE,21,Santa Fe,Castellanos,Josefina,1340,NULO,nulos,0,NO DECLARADO,xlsx_votos_por_localidad
2023,GENERAL,2023-10-22,PRESIDENTE Y VICE,21,Santa Fe,Castellanos,Josefina,1340,POSITIVO,positivo,598,NO DECLARADO,xlsx_votos_por_localidad
2023,GENERAL,2023-10-22,PRESIDENTE Y VICE,21,Santa Fe,Castellanos,Josefina,1340,RECURRIDO,recurridos,0,NO DECLARADO,xlsx_votos_por_localidad
2023,GENERAL,2023-10-22,PRESIDENTE Y VICE,21,Santa Fe,Castellanos,Josefina,1340,UNION POR LA PATRIA,agrupacion,70,NO DECLARADO,xlsx_votos_por_localidad
2023,GENERAL,2023-10-22,PRESIDENTE Y VICE,21,Santa Fe,Castellanos,Lehmann,1230,COMANDO,comando,1,NO DECLARADO,xlsx_votos_por_localidad
2023,GENERAL,2023-10-22,PRESIDENTE Y VICE,21,Santa Fe,Castellanos,Lehmann,1230,EN BLANCO,blancos,15,NO DECLARADO,xlsx_votos_por_localidad
2023,GENERAL,2023-10-22,PRESIDENTE Y VICE,21,Santa Fe,Castellanos,Lehmann,1230,FRENTE DE IZQUIERDA Y DE TRABAJADORES - UNIDAD,agrupacion,17,NO DECLARADO,xlsx_votos_por_localidad
2023,GENERAL,2023-10-22,PRESIDENTE Y VICE,21,Santa Fe,Castellanos,Lehmann,1230,HACEMOS POR NUESTRO PAIS,agrupacion,277,NO DECLARADO,xlsx_votos_por_localidad
2023,GENERAL,2023-10-22,PRESIDENTE Y VICE,21,Santa Fe,Castellanos,Lehmann,1230,IMPUGNADO,impugnados,0,NO DECLARADO,xlsx_votos_por_localidad
2023,GENERAL,2023-10-22,PRESIDENTE Y VICE,21,Santa Fe,Castellanos,Lehmann,1230,JUNTOS POR EL CAMBIO,agrupacion,519,NO DECLARADO,xlsx_votos_por_localidad
2023,GENERAL,2023-10-22,PRESIDENTE Y VICE,21,Santa Fe,Castellanos,Lehmann,1230,LA LIBERTAD AVANZA,agrupacion,766,NO DECLARADO,xlsx_votos_por_localidad
2023,GENERAL,2023-10-22,PRESIDENTE Y VICE,21,Santa Fe,Castellanos,Lehmann,1230,NULO,nulos,18,NO DECLARADO,xlsx_votos_por_localidad
2023,GENERAL,2023-10-22,PRESIDENTE Y VICE,21,Santa Fe,Castellanos,Lehmann,1230,POSITIVO,positivo,1944,NO DECLARADO,xlsx_votos_por_localidad
2023,GENERAL,2023-10-22,PRESIDENTE Y VICE,21,Santa Fe,Castellanos,Lehmann,1230,RECURRIDO,recurridos,0,NO DECLARADO,xlsx_votos_por_localidad
2023,GENERAL,2023-10-22,PRESIDENTE Y VICE,21,Santa Fe,Castellanos,Lehmann,1230,UNION POR LA PATRIA,agrupacion,365,NO DECLARADO,xlsx_votos_por_localidad
2023,GENERAL,2023-10-22,PRESIDENTE Y VICE,21,Santa Fe,Castellanos,María Juana,1400,COMANDO,comando,1,NO DECLARADO,xlsx_votos_por_localidad
2023,GENERAL,2023-10-22,PRESIDENTE Y VICE,21,Santa Fe,Castellanos,María Juana,1400,EN BLANCO,blancos,26,NO DECLARADO,xlsx_votos_por_localidad
2023,GENERAL,2023-10-22,PRESIDENTE Y VICE,21,Santa Fe,Castellanos,María Juana,1400,FRENTE DE IZQUIERDA Y DE TRABAJADORES - UNIDAD,agrupacion,46,NO DECLARADO,xlsx_votos_por_localidad
2023,GENERAL,2023-10-22,PRESIDENTE Y VICE,21,Santa Fe,Castellanos,María Juana,1400,HACEMOS POR NUESTRO PAIS,agrupacion,653,NO DECLARADO,xlsx_votos_por_localidad
2023,GENERAL,2023-10-22,PRESIDENTE Y VICE,21,Santa Fe,Castellanos,María Juana,1400,IMPUGNADO,impugnados,0,NO DECLARADO,xlsx_votos_por_localidad
2023,GENERAL,2023-10-22,PRESIDENTE Y VICE,21,Santa Fe,Castellanos,María Juana,1400,JUNTOS POR EL CAMBIO,agrupacion,768,NO DECLARADO,xlsx_votos_por_localidad
2023,GENERAL,2023-10-22,PRESIDENTE Y VICE,21,Santa Fe,Castellanos,María Juana,1400,LA LIBERTAD AVANZA,agrupacion,1039,NO DECLARADO,xlsx_votos_por_localidad
2023,GENERAL,2023-10-22,PRESIDENTE Y VICE,21,Santa Fe,Castellanos,María Juana,1400,NULO,nulos,36,NO DECLARADO,xlsx_votos_por_localidad
2023,GENERAL,2023-10-22,PRESIDENTE Y VICE,21,Santa Fe,Castellanos,María Juana,1400,POSITIVO,positivo,3160,NO DECLARADO,xlsx_votos_por_localidad
2023,GENERAL,2023-10-22,PRESIDENTE Y VICE,21,Santa Fe,Castellanos,María Juana,1400,RECURRIDO,recurridos,0,NO DECLARADO,xlsx_votos_por_localidad
2023,GENERAL,2023-10-22,PRESIDENTE Y VICE,21,Santa Fe,Castellanos,María Juana,1400,UNION POR LA PATRIA,agrupacion,654,NO DECLARADO,xlsx_votos_por_localidad
2023,GENERAL,2023-10-22,PRESIDENTE Y VICE,21,Santa Fe,Castellanos,Ramona,1240,COMANDO,comando,1,NO DECLARADO,xlsx_votos_por_localidad
2023,GENERAL,2023-10-22,PRESIDENTE Y VICE,21,Santa Fe,Castellanos,Ramona,1240,EN BLANCO,blancos,16,NO DECLARADO,xlsx_votos_por_localidad
2023,GENERAL,2023-10-22,PRESIDENTE Y VICE,21,Santa Fe,Castellanos,Ramona,1240,FRENTE DE IZQUIERDA Y DE TRABAJADORES - UNIDAD,agrupacion,11,NO DECLARADO,xlsx_votos_por_localidad
2023,GENERAL,2023-10-22,PRESIDENTE Y VICE,21,Santa Fe,Castellanos,Ramona,1240,HACEMOS POR NUESTRO PAIS,agrupacion,202,NO DECLARADO,xlsx_votos_por_localidad
2023,GENERAL,2023-10-22,PRESIDENTE Y VICE,21,Santa Fe,Castellanos,Ramona,1240,IMPUGNADO,impugnados,0,NO DECLARADO,xlsx_votos_por_localidad
2023,GENERAL,2023-10-22,PRESIDENTE Y VICE,21,Santa Fe,Castellanos,Ramona,1240,JUNTOS POR EL CAMBIO,agrupacion,391,NO DECLARADO,xlsx_votos_por_localidad
2023,GENERAL,2023-10-22,PRESIDENTE Y VICE,21,Santa Fe,Castellanos,Ramona,1240,LA LIBERTAD AVANZA,agrupacion,432,NO DECLARADO,xlsx_votos_por_localidad
2023,GENERAL,2023-10-22,PRESIDENTE Y VICE,21,Santa Fe,Castellanos,Ramona,1240,NULO,nulos,18,NO DECLARADO,xlsx_votos_por_localidad
2023,GENERAL,2023-10-22,PRESIDENTE Y VICE,21,Santa Fe,Castellanos,Ramona,1240,POSITIVO,positivo,1261,NO DECLARADO,xlsx_votos_por_localidad
2023,GENERAL,2023-10-22,PRESIDENTE Y VICE,21,Santa Fe,Castellanos,Ramona,1240,RECURRIDO,recurridos,0,NO DECLARADO,xlsx_votos_por_localidad
2023,GENERAL,2023-10-22,PRESIDENTE Y VICE,21,Santa Fe,Castellanos,Ramona,1240,UNION POR LA PATRIA,agrupacion,225,NO DECLARADO,xlsx_votos_por_localidad
2023,GENERAL,2023-10-22,PRESIDENTE Y VICE,21,Santa Fe,Castellanos,San Vicente,1420,COMANDO,comando,0,NO DECLARADO,xlsx_votos_por_localidad
2023,GENERAL,2023-10-22,PRESIDENTE Y VICE,21,Santa Fe,Castellanos,San Vicente,1420,EN BLANCO,blancos,45,NO DECLARADO,xlsx_votos_por_localidad
2023,GENERAL,2023-10-22,PRESIDENTE Y VICE,21,Santa Fe,Castellanos,San Vicente,1420,FRENTE DE IZQUIERDA Y DE TRABAJADORES - UNIDAD,agrupacion,51,NO DECLARADO,xlsx_votos_por_localidad
2023,GENERAL,2023-10-22,PRESIDENTE Y VICE,21,Santa Fe,Castellanos,San Vicente,1420,HACEMOS POR NUESTRO PAIS,agrupacion,592,NO DECLARADO,xlsx_votos_por_localidad
2023,GENERAL,2023-10-22,PRESIDENTE Y VICE,21,Santa Fe,Castellanos,San Vicente,1420,IMPUGNADO,impugnados,0,NO DECLARADO,xlsx_votos_por_localidad
2023,GENERAL,2023-10-22,PRESIDENTE Y VICE,21,Santa Fe,Castellanos,San Vicente,1420,JUNTOS POR EL CAMBIO,agrupacion,962,NO DECLARADO,xlsx_votos_por_localidad
2023,GENERAL,2023-10-22,PRESIDENTE Y VICE,21,Santa Fe,Castellanos,San Vicente,1420,LA LIBERTAD AVANZA,agrupacion,1630,NO DECLARADO,xlsx_votos_por_localidad
2023,GENERAL,2023-10-22,PRESIDENTE Y VICE,21,Santa Fe,Castellanos,San Vicente,1420,NULO,nulos,43,NO DECLARADO,xlsx_votos_por_localidad
2023,GENERAL,2023-10-22,PRESIDENTE Y VICE,21,Santa Fe,Castellanos,San Vicente,1420,POSITIVO,positivo,3971,NO DECLARADO,xlsx_votos_por_localidad
2023,GENERAL,2023-10-22,PRESIDENTE Y VICE,21,Santa Fe,Castellanos,San Vicente,1420,RECURRIDO,recurridos,0,NO DECLARADO,xlsx_votos_por_localidad
2023,GENERAL,2023-10-22,PRESIDENTE Y VICE,21,Santa Fe,Castellanos,San Vicente,1420,UNION POR LA PATRIA,agrupacion,736,NO DECLARADO,xlsx_votos_por_localidad
2023,GENERAL,2023-10-22,PRESIDENTE Y VICE,21,Santa Fe,Castellanos,Santa Clara de Saguier,1300,COMANDO,comando,3,NO DECLARADO,xlsx_votos_por_localidad
2023,GENERAL,2023-10-22,PRESIDENTE Y VICE,21,Santa Fe,Castellanos,Santa Clara de Saguier,1300,EN BLANCO,blancos,15,NO DECLARADO,xlsx_votos_por_localidad
2023,GENERAL,2023-10-22,PRESIDENTE Y VICE,21,Santa Fe,Castellanos,Santa Clara de Saguier,1300,FRENTE DE IZQUIERDA Y DE TRABAJADORES - UNIDAD,agrupacion,18,NO DECLARADO,xlsx_votos_por_localidad
2023,GENERAL,2023-10-22,PRESIDENTE Y VICE,21,Santa Fe,Castellanos,Santa Clara de Saguier,1300,HACEMOS POR NUESTRO PAIS,agrupacion,210,NO DECLARADO,xlsx_votos_por_localidad
2023,GENERAL,2023-10-22,PRESIDENTE Y VICE,21,Santa Fe,Castellanos,Santa Clara de Saguier,1300,IMPUGNADO,impugnados,0,NO DECLARADO,xlsx_votos_por_localidad
2023,GENERAL,2023-10-22,PRESIDENTE Y VICE,21,Santa Fe,Castellanos,Santa Clara de Saguier,1300,JUNTOS POR EL CAMBIO,agrupacion,384,NO DECLARADO,xlsx_votos_por_localidad
2023,GENERAL,2023-10-22,PRESIDENTE Y VICE,21,Santa Fe,Castellanos,Santa Clara de Saguier,1300,LA LIBERTAD AVANZA,agrupacion,400,NO DECLARADO,xlsx_votos_por_localidad
2023,GENERAL,2023-10-22,PRESIDENTE Y VICE,21,Santa Fe,Castellanos,Santa Clara de Saguier,1300,NULO,nulos,1,NO DECLARADO,xlsx_votos_por_localidad
2023,GENERAL,2023-10-22,PRESIDENTE Y VICE,21,Santa Fe,Castellanos,Santa Clara de Saguier,1300,POSITIVO,positivo,1214,NO DECLARADO,xlsx_votos_por_localidad
2023,GENERAL,2023-10-22,PRESIDENTE Y VICE,21,Santa Fe,Castellanos,Santa Clara de Saguier,1300,RECURRIDO,recurridos,0,NO DECLARADO,xlsx_votos_por_localidad
2023,GENERAL,2023-10-22,PRESIDENTE Y VICE,21,Santa Fe,Castellanos,Santa Clara de Saguier,1300,UNION POR LA PATRIA,agrupacion,202,NO DECLARADO,xlsx_votos_por_localidad
2023,GENERAL,2023-10-22,PRESIDENTE Y VICE,21,Santa Fe,Castellanos,Sunchales,1180,COMANDO,comando,2,NO DECLARADO,xlsx_votos_por_localidad
2023,GENERAL,2023-10-22,PRESIDENTE Y VICE,21,Santa Fe,Castellanos,Sunchales,1180,EN BLANCO,blancos,132,NO DECLARADO,xlsx_votos_por_localidad
2023,GENERAL,2023-10-22,PRESIDENTE Y VICE,21,Santa Fe,Castellanos,Sunchales,1180,FRENTE DE IZQUIERDA Y DE TRABAJADORES - UNIDAD,agrupacion,171,NO DECLARADO,xlsx_votos_por_localidad
2023,GENERAL,2023-10-22,PRESIDENTE Y VICE,21,Santa Fe,Castellanos,Sunchales,1180,HACEMOS POR NUESTRO PAIS,agrupacion,2331,NO DECLARADO,xlsx_votos_por_localidad
2023,GENERAL,2023-10-22,PRESIDENTE Y VICE,21,Santa Fe,Castellanos,Sunchales,1180,IMPUGNADO,impugnados,0,NO DECLARADO,xlsx_votos_por_localidad
2023,GENERAL,2023-10-22,PRESIDENTE Y VICE,21,Santa Fe,Castellanos,Sunchales,1180,JUNTOS POR EL CAMBIO,agrupacion,4123,NO DECLARADO,xlsx_votos_por_localidad
2023,GENERAL,2023-10-22,PRESIDENTE Y VICE,21,Santa Fe,Castellanos,Sunchales,1180,LA LIBERTAD AVANZA,agrupacion,4958,NO DECLARADO,xlsx_votos_por_localidad
2023,GENERAL,2023-10-22,PRESIDENTE Y VICE,21,Santa Fe,Castellanos,Sunchales,1180,NULO,nulos,154,NO DECLARADO,xlsx_votos_por_localidad
2023,GENERAL,2023-10-22,PRESIDENTE Y VICE,21,Santa Fe,Castellanos,Sunchales,1180,POSITIVO,positivo,14628,NO DECLARADO,xlsx_votos_por_localidad
2023,GENERAL,2023-10-22,PRESIDENTE Y VICE,21,Santa Fe,Castellanos,Sunchales,1180,RECURRIDO,recurridos,0,NO DECLARADO,xlsx_votos_por_localidad
2023,GENERAL,2023-10-22,PRESIDENTE Y VICE,21,Santa Fe,Castellanos,Sunchales,1180,UNION POR LA PATRIA,agrupacion,3045,NO DECLARADO,xlsx_votos_por_localidad
2023,GENERAL,2023-10-22,PRESIDENTE Y VICE,21,Santa Fe,Castellanos,Zenón Pereyra,1380,COMANDO,comando,0,NO DECLARADO,xlsx_votos_por_localidad
2023,GENERAL,2023-10-22,PRESIDENTE Y VICE,21,Santa Fe,Castellanos,Zenón Pereyra,1380,EN BLANCO,blancos,11,NO DECLARADO,xlsx_votos_por_localidad
2023,GENERAL,2023-10-22,PRESIDENTE Y VICE,21,Santa Fe,Castellanos,Zenón Pereyra,1380,FRENTE DE IZQUIERDA Y DE TRABAJADORES - UNIDAD,agrupacion,14,NO DECLARADO,xlsx_votos_por_localidad
2023,GENERAL,2023-10-22,PRESIDENTE Y VICE,21,Santa Fe,Castellanos,Zenón Pereyra,1380,HACEMOS POR NUESTRO PAIS,agrupacion,165,NO DECLARADO,xlsx_votos_por_localidad
2023,GENERAL,2023-10-22,PRESIDENTE Y VICE,21,Santa Fe,Castellanos,Zenón Pereyra,1380,IMPUGNADO,impugnados,0,NO DECLARADO,xlsx_votos_por_localidad
2023,GENERAL,2023-10-22,PRESIDENTE Y VICE,21,Santa Fe,Castellanos,Zenón Pereyra,1380,JUNTOS POR EL CAMBIO,agrupacion,354,NO DECLARADO,xlsx_votos_por_localidad
2023,GENERAL,2023-10-22,PRESIDENTE Y VICE,21,Santa Fe,Castellanos,Zenón Pereyra,1380,LA LIBERTAD AVANZA,agrupacion,454,NO DECLARADO,xlsx_votos_por_localidad
2023,GENERAL,2023-10-22,PRESIDENTE Y VICE,21,Santa Fe,Castellanos,Zenón Pereyra,1380,NULO,nulos,8,NO DECLARADO,xlsx_votos_por_localidad
2023,GENERAL,2023-10-22,PRESIDENTE Y VICE,21,Santa Fe,Castellanos,Zenón Pereyra,1380,POSITIVO,positivo,1115,NO DECLARADO,xlsx_votos_por_localidad
2023,GENERAL,2023-10-22,PRESIDENTE Y VICE,21,Santa Fe,Castellanos,Zenón Pereyra,1380,RECURRIDO,recurridos,0,NO DECLARADO,xlsx_votos_por_localidad
2023,GENERAL,2023-10-22,PRESIDENTE Y VICE,21,Santa Fe,Castellanos,Zenón Pereyra,1380,UNION POR LA PATRIA,agrupacion,128,NO DECLARADO,xlsx_votos_por_localidad
2023,GENERAL,2023-10-22,PRESIDENTE Y VICE,21,Santa Fe,Las Colonias,Esperanza,0550,COMANDO,comando,17,NO DECLARADO,xlsx_votos_por_localidad
2023,GENERAL,2023-10-22,PRESIDENTE Y VICE,21,Santa Fe,Las Colonias,Esperanza,0550,EN BLANCO,blancos,223,NO DECLARADO,xlsx_votos_por_localidad
2023,GENERAL,2023-10-22,PRESIDENTE Y VICE,21,Santa Fe,Las Colonias,Esperanza,0550,FRENTE DE IZQUIERDA Y DE TRABAJADORES - UNIDAD,agrupacion,310,NO DECLARADO,xlsx_votos_por_localidad
2023,GENERAL,2023-10-22,PRESIDENTE Y VICE,21,Santa Fe,Las Colonias,Esperanza,0550,HACEMOS POR NUESTRO PAIS,agrupacion,2342,NO DECLARADO,xlsx_votos_por_localidad
2023,GENERAL,2023-10-22,PRESIDENTE Y VICE,21,Santa Fe,Las Colonias,Esperanza,0550,IMPUGNADO,impugnados,0,NO DECLARADO,xlsx_votos_por_localidad
2023,GENERAL,2023-10-22,PRESIDENTE Y VICE,21,Santa Fe,Las Colonias,Esperanza,0550,JUNTOS POR EL CAMBIO,agrupacion,7850,NO DECLARADO,xlsx_votos_por_localidad
2023,GENERAL,2023-10-22,PRESIDENTE Y VICE,21,Santa Fe,Las Colonias,Esperanza,0550,LA LIBERTAD AVANZA,agrupacion,11247,NO DECLARADO,xlsx_votos_por_localidad
2023,GENERAL,2023-10-22,PRESIDENTE Y VICE,21,Santa Fe,Las Colonias,Esperanza,0550,NULO,nulos,339,NO DECLARADO,xlsx_votos_por_localidad
2023,GENERAL,2023-10-22,PRESIDENTE Y VICE,21,Santa Fe,Las Colonias,Esperanza,0550,POSITIVO,positivo,25902,NO DECLARADO,xlsx_votos_por_localidad
2023,GENERAL,2023-10-22,PRESIDENTE Y VICE,21,Santa Fe,Las Colonias,Esperanza,0550,RECURRIDO,recurridos,5,NO DECLARADO,xlsx_votos_por_localidad
2023,GENERAL,2023-10-22,PRESIDENTE Y VICE,21,Santa Fe,Las Colonias,Esperanza,0550,UNION POR LA PATRIA,agrupacion,4153,NO DECLARADO,xlsx_votos_por_localidad
2023,GENERAL,2023-10-22,PRESIDENTE Y VICE,21,Santa Fe,Las Colonias,Felicia,0600,COMANDO,comando,1,NO DECLARADO,xlsx_votos_por_localidad
2023,GENERAL,2023-10-22,PRESIDENTE Y VICE,21,Santa Fe,Las Colonias,Felicia,0600,EN BLANCO,blancos,23,NO DECLARADO,xlsx_votos_por_localidad
2023,GENERAL,2023-10-22,PRESIDENTE Y VICE,21,Santa Fe,Las Colonias,Felicia,0600,FRENTE DE IZQUIERDA Y DE TRABAJADORES - UNIDAD,agrupacion,12,NO DECLARADO,xlsx_votos_por_localidad
2023,GENERAL,2023-10-22,PRESIDENTE Y VICE,21,Santa Fe,Las Colonias,Felicia,0600,HACEMOS POR NUESTRO PAIS,agrupacion,132,NO DECLARADO,xlsx_votos_por_localidad
2023,GENERAL,2023-10-22,PRESIDENTE Y VICE,21,Santa Fe,Las Colonias,Felicia,0600,IMPUGNADO,impugnados,0,NO DECLARADO,xlsx_votos_por_localidad
2023,GENERAL,2023-10-22,PRESIDENTE Y VICE,21,Santa Fe,Las Colonias,Felicia,0600,JUNTOS POR EL CAMBIO,agrupacion,538,NO DECLARADO,xlsx_votos_por_localidad
2023,GENERAL,2023-10-22,PRESIDENTE Y VICE,21,Santa Fe,Las Colonias,Felicia,0600,LA LIBERTAD AVANZA,agrupacion,646,NO DECLARADO,xlsx_votos_por_localidad
2023,GENERAL,2023-10-22,PRESIDENTE Y VICE,21,Santa Fe,Las Colonias,Felicia,0600,NULO,nulos,13,NO DECLARADO,xlsx_votos_por_localidad
2023,GENERAL,2023-10-22,PRESIDENTE Y VICE,21,Santa Fe,Las Colonias,Felicia,0600,POSITIVO,positivo,1480,NO DECLARADO,xlsx_votos_por_localidad
2023,GENERAL,2023-10-22,PRESIDENTE Y VICE,21,Santa Fe,Las Colonias,Felicia,0600,RECURRIDO,recurridos,0,NO DECLARADO,xlsx_votos_por_localidad
2023,GENERAL,2023-10-22,PRESIDENTE Y VICE,21,Santa Fe,Las Colonias,Felicia,0600,UNION POR LA PATRIA,agrupacion,152,NO DECLARADO,xlsx_votos_por_localidad
2023,GENERAL,2023-10-22,PRESIDENTE Y VICE,21,Santa Fe,Las Colonias,Franck,0530,COMANDO,comando,0,NO DECLARADO,xlsx_votos_por_localidad
2023,GENERAL,2023-10-22,PRESIDENTE Y VICE,21,Santa Fe,Las Colonias,Franck,0530,EN BLANCO,blancos,51,NO DECLARADO,xlsx_votos_por_localidad
2023,GENERAL,2023-10-22,PRESIDENTE Y VICE,21,Santa Fe,Las Colonias,Franck,0530,FRENTE DE IZQUIERDA Y DE TRABAJADORES - UNIDAD,agrupacion,26,NO DECLARADO,xlsx_votos_por_localidad
2023,GENERAL,2023-10-22,PRESIDENTE Y VICE,21,Santa Fe,Las Colonias,Franck,0530,HACEMOS POR NUESTRO PAIS,agrupacion,372,NO DECLARADO,xlsx_votos_por_localidad
2023,GENERAL,2023-10-22,PRESIDENTE Y VICE,21,Santa Fe,Las Colonias,Franck,0530,IMPUGNADO,impugnados,0,NO DECLARADO,xlsx_votos_por_localidad
2023,GENERAL,2023-10-22,PRESIDENTE Y VICE,21,Santa Fe,Las Colonias,Franck,0530,JUNTOS POR EL CAMBIO,agrupacion,1410,NO DECLARADO,xlsx_votos_por_localidad
2023,GENERAL,2023-10-22,PRESIDENTE Y VICE,21,Santa Fe,Las Colonias,Franck,0530,LA LIBERTAD AVANZA,agrupacion,1903,NO DECLARADO,xlsx_votos_por_localidad
2023,GENERAL,2023-10-22,PRESIDENTE Y VICE,21,Santa Fe,Las Colonias,Franck,0530,NULO,nulos,39,NO DECLARADO,xlsx_votos_por_localidad
2023,GENERAL,2023-10-22,PRESIDENTE Y VICE,21,Santa Fe,Las Colonias,Franck,0530,POSITIVO,positivo,4190,NO DECLARADO,xlsx_votos_por_localidad
2023,GENERAL,2023-10-22,PRESIDENTE Y VICE,21,Santa Fe,Las Colonias,Franck,0530,RECURRIDO,recurridos,0,NO DECLARADO,xlsx_votos_por_localidad
2023,GENERAL,2023-10-22,PRESIDENTE Y VICE,21,Santa Fe,Las Colonias,Franck,0530,UNION POR LA PATRIA,agrupacion,479,NO DECLARADO,xlsx_votos_por_localidad
2023,GENERAL,2023-10-22,PRESIDENTE Y VICE,21,Santa Fe,Las Colonias,Humboldt,0560,COMANDO,comando,1,NO DECLARADO,xlsx_votos_por_localidad
2023,GENERAL,2023-10-22,PRESIDENTE Y VICE,21,Santa Fe,Las Colonias,Humboldt,0560,EN BLANCO,blancos,18,NO DECLARADO,xlsx_votos_por_localidad
2023,GENERAL,2023-10-22,PRESIDENTE Y VICE,21,Santa Fe,Las Colonias,Humboldt,0560,FRENTE DE IZQUIERDA Y DE TRABAJADORES - UNIDAD,agrupacion,39,NO DECLARADO,xlsx_votos_por_localidad
2023,GENERAL,2023-10-22,PRESIDENTE Y VICE,21,Santa Fe,Las Colonias,Humboldt,0560,HACEMOS POR NUESTRO PAIS,agrupacion,400,NO DECLARADO,xlsx_votos_por_localidad
2023,GENERAL,2023-10-22,PRESIDENTE Y VICE,21,Santa Fe,Las Colonias,Humboldt,0560,IMPUGNADO,impugnados,0,NO DECLARADO,xlsx_votos_por_localidad
2023,GENERAL,2023-10-22,PRESIDENTE Y VICE,21,Santa Fe,Las Colonias,Humboldt,0560,JUNTOS POR EL CAMBIO,agrupacion,936,NO DECLARADO,xlsx_votos_por_localidad
2023,GENERAL,2023-10-22,PRESIDENTE Y VICE,21,Santa Fe,Las Colonias,Humboldt,0560,LA LIBERTAD AVANZA,agrupacion,1574,NO DECLARADO,xlsx_votos_por_localidad
2023,GENERAL,2023-10-22,PRESIDENTE Y VICE,21,Santa Fe,Las Colonias,Humboldt,0560,NULO,nulos,27,NO DECLARADO,xlsx_votos_por_localidad
2023,GENERAL,2023-10-22,PRESIDENTE Y VICE,21,Santa Fe,Las Colonias,Humboldt,0560,POSITIVO,positivo,3459,NO DECLARADO,xlsx_votos_por_localidad
2023,GENERAL,2023-10-22,PRESIDENTE Y VICE,21,Santa Fe,Las Colonias,Humboldt,0560,RECURRIDO,recurridos,0,NO DECLARADO,xlsx_votos_por_localidad
2023,GENERAL,2023-10-22,PRESIDENTE Y VICE,21,Santa Fe,Las Colonias,Humboldt,0560,UNION POR LA PATRIA,agrupacion,510,NO DECLARADO,xlsx_votos_por_localidad
2023,GENERAL,2023-10-22,PRESIDENTE Y VICE,21,Santa Fe,Las Colonias,Pilar,0570,COMANDO,comando,0,NO DECLARADO,xlsx_votos_por_localidad
2023,GENERAL,2023-10-22,PRESIDENTE Y VICE,21,Santa Fe,Las Colonias,Pilar,0570,EN BLANCO,blancos,43,NO DECLARADO,xlsx_votos_por_localidad
2023,GENERAL,2023-10-22,PRESIDENTE Y VICE,21,Santa Fe,Las Colonias,Pilar,0570,FRENTE DE IZQUIERDA Y DE TRABAJADORES - UNIDAD,agrupacion,32,NO DECLARADO,xlsx_votos_por_localidad
2023,GENERAL,2023-10-22,PRESIDENTE Y VICE,21,Santa Fe,Las Colonias,Pilar,0570,HACEMOS POR NUESTRO PAIS,agrupacion,449,NO DECLARADO,xlsx_votos_por_localidad
2023,GENERAL,2023-10-22,PRESIDENTE Y VICE,21,Santa Fe,Las Colonias,Pilar,0570,IMPUGNADO,impugnados,0,NO DECLARADO,xlsx_votos_por_localidad
2023,GENERAL,2023-10-22,PRESIDENTE Y VICE,21,Santa Fe,Las Colonias,Pilar,0570,JUNTOS POR EL CAMBIO,agrupacion,827,NO DECLARADO,xlsx_votos_por_localidad
2023,GENERAL,2023-10-22,PRESIDENTE Y VICE,21,Santa Fe,Las Colonias,Pilar,0570,LA LIBERTAD AVANZA,agrupacion,1151,NO DECLARADO,xlsx_votos_por_localidad
2023,GENERAL,2023-10-22,PRESIDENTE Y VICE,21,Santa Fe,Las Colonias,Pilar,0570,NULO,nulos,27,NO DECLARADO,xlsx_votos_por_localidad
2023,GENERAL,2023-10-22,PRESIDENTE Y VICE,21,Santa Fe,Las Colonias,Pilar,0570,POSITIVO,positivo,3115,NO DECLARADO,xlsx_votos_por_localidad
2023,GENERAL,2023-10-22,PRESIDENTE Y VICE,21,Santa Fe,Las Colonias,Pilar,0570,RECURRIDO,recurridos,0,NO DECLARADO,xlsx_votos_por_localidad
2023,GENERAL,2023-10-22,PRESIDENTE Y VICE,21,Santa Fe,Las Colonias,Pilar,0570,UNION POR LA PATRIA,agrupacion,656,NO DECLARADO,xlsx_votos_por_localidad
2023,GENERAL,2023-10-22,PRESIDENTE Y VICE,21,Santa Fe,Las Colonias,Progreso,0630,COMANDO,comando,1,NO DECLARADO,xlsx_votos_por_localidad
2023,GENERAL,2023-10-22,PRESIDENTE Y VICE,21,Santa Fe,Las Colonias,Progreso,0630,EN BLANCO,blancos,10,NO DECLARADO,xlsx_votos_por_localidad
2023,GENERAL,2023-10-22,PRESIDENTE Y VICE,21,Santa Fe,Las Colonias,Progreso,0630,FRENTE DE IZQUIERDA Y DE TRABAJADORES - UNIDAD,agrupacion,6,NO DECLARADO,xlsx_votos_por_localidad
2023,GENERAL,2023-10-22,PRESIDENTE Y VICE,21,Santa Fe,Las Colonias,Progreso,0630,HACEMOS POR NUESTRO PAIS,agrupacion,134,NO DECLARADO,xlsx_votos_por_localidad
2023,GENERAL,2023-10-22,PRESIDENTE Y VICE,21,Santa Fe,Las Colonias,Progreso,0630,IMPUGNADO,impugnados,0,NO DECLARADO,xlsx_votos_por_localidad
2023,GENERAL,2023-10-22,PRESIDENTE Y VICE,21,Santa Fe,Las Colonias,Progreso,0630,JUNTOS POR EL CAMBIO,agrupacion,648,NO DECLARADO,xlsx_votos_por_localidad
2023,GENERAL,2023-10-22,PRESIDENTE Y VICE,21,Santa Fe,Las Colonias,Progreso,0630,LA LIBERTAD AVANZA,agrupacion,695,NO DECLARADO,xlsx_votos_por_localidad
2023,GENERAL,2023-10-22,PRESIDENTE Y VICE,21,Santa Fe,Las Colonias,Progreso,0630,NULO,nulos,12,NO DECLARADO,xlsx_votos_por_localidad
2023,GENERAL,2023-10-22,PRESIDENTE Y VICE,21,Santa Fe,Las Colonias,Progreso,0630,POSITIVO,positivo,1679,NO DECLARADO,xlsx_votos_por_localidad
2023,GENERAL,2023-10-22,PRESIDENTE Y VICE,21,Santa Fe,Las Colonias,Progreso,0630,RECURRIDO,recurridos,0,NO DECLARADO,xlsx_votos_por_localidad
2023,GENERAL,2023-10-22,PRESIDENTE Y VICE,21,Santa Fe,Las Colonias,Progreso,0630,UNION POR LA PATRIA,agrupacion,196,NO DECLARADO,xlsx_votos_por_localidad
2023,GENERAL,2023-10-22,PRESIDENTE Y VICE,21,Santa Fe,Las Colonias,San Carlos Centro,0440,COMANDO,comando,3,NO DECLARADO,xlsx_votos_por_localidad
2023,GENERAL,2023-10-22,PRESIDENTE Y VICE,21,Santa Fe,Las Colonias,San Carlos Centro,0440,EN BLANCO,blancos,78,NO DECLARADO,xlsx_votos_por_localidad
2023,GENERAL,2023-10-22,PRESIDENTE Y VICE,21,Santa Fe,Las Colonias,San Carlos Centro,0440,FRENTE DE IZQUIERDA Y DE TRABAJADORES - UNIDAD,agrupacion,112,NO DECLARADO,xlsx_votos_por_localidad
2023,GENERAL,2023-10-22,PRESIDENTE Y VICE,21,Santa Fe,Las Colonias,San Carlos Centro,0440,HACEMOS POR NUESTRO PAIS,agrupacion,835,NO DECLARADO,xlsx_votos_por_localidad
2023,GENERAL,2023-10-22,PRESIDENTE Y VICE,21,Santa Fe,Las Colonias,San Carlos Centro,0440,IMPUGNADO,impugnados,0,NO DECLARADO,xlsx_votos_por_localidad
2023,GENERAL,2023-10-22,PRESIDENTE Y VICE,21,Santa Fe,Las Colonias,San Carlos Centro,0440,JUNTOS POR EL CAMBIO,agrupacion,2036,NO DECLARADO,xlsx_votos_por_localidad
2023,GENERAL,2023-10-22,PRESIDENTE Y VICE,21,Santa Fe,Las Colonias,San Carlos Centro,0440,LA LIBERTAD AVANZA,agrupacion,3008,NO DECLARADO,xlsx_votos_por_localidad
2023,GENERAL,2023-10-22,PRESIDENTE Y VICE,21,Santa Fe,Las Colonias,San Carlos Centro,0440,NULO,nulos,80,NO DECLARADO,xlsx_votos_por_localidad
2023,GENERAL,2023-10-22,PRESIDENTE Y VICE,21,Santa Fe,Las Colonias,San Carlos Centro,0440,POSITIVO,positivo,7736,NO DECLARADO,xlsx_votos_por_localidad
2023,GENERAL,2023-10-22,PRESIDENTE Y VICE,21,Santa Fe,Las Colonias,San Carlos Centro,0440,RECURRIDO,recurridos,3,NO DECLARADO,xlsx_votos_por_localidad
2023,GENERAL,2023-10-22,PRESIDENTE Y VICE,21,Santa Fe,Las Colonias,San Carlos Centro,0440,UNION POR LA PATRIA,agrupacion,1745,NO DECLARADO,xlsx_votos_por_localidad
2023,GENERAL,2023-10-22,PRESIDENTE Y VICE,21,Santa Fe,Las Colonias,San Carlos Sud,0430,COMANDO,comando,1,NO DECLARADO,xlsx_votos_por_localidad
2023,GENERAL,2023-10-22,PRESIDENTE Y VICE,21,Santa Fe,Las Colonias,San Carlos Sud,0430,EN BLANCO,blancos,19,NO DECLARADO,xlsx_votos_por_localidad
2023,GENERAL,2023-10-22,PRESIDENTE Y VICE,21,Santa Fe,Las Colonias,San Carlos Sud,0430,FRENTE DE IZQUIERDA Y DE TRABAJADORES - UNIDAD,agrupacion,16,NO DECLARADO,xlsx_votos_por_localidad
2023,GENERAL,2023-10-22,PRESIDENTE Y VICE,21,Santa Fe,Las Colonias,San Carlos Sud,0430,HACEMOS POR NUESTRO PAIS,agrupacion,185,NO DECLARADO,xlsx_votos_por_localidad
2023,GENERAL,2023-10-22,PRESIDENTE Y VICE,21,Santa Fe,Las Colonias,San Carlos Sud,0430,IMPUGNADO,impugnados,0,NO DECLARADO,xlsx_votos_por_localidad
2023,GENERAL,2023-10-22,PRESIDENTE Y VICE,21,Santa Fe,Las Colonias,San Carlos Sud,0430,JUNTOS POR EL CAMBIO,agrupacion,384,NO DECLARADO,xlsx_votos_por_localidad
2023,GENERAL,2023-10-22,PRESIDENTE Y VICE,21,Santa Fe,Las Colonias,San Carlos Sud,0430,LA LIBERTAD AVANZA,agrupacion,601,NO DECLARADO,xlsx_votos_por_localidad
2023,GENERAL,2023-10-22,PRESIDENTE Y VICE,21,Santa Fe,Las Colonias,San Carlos Sud,0430,NULO,nulos,4,NO DECLARADO,xlsx_votos_por_localidad
2023,GENERAL,2023-10-22,PRESIDENTE Y VICE,21,Santa Fe,Las Colonias,San Carlos Sud,0430,POSITIVO,positivo,1530,NO DECLARADO,xlsx_votos_por_localidad
2023,GENERAL,2023-10-22,PRESIDENTE Y VICE,21,Santa Fe,Las Colonias,San Carlos Sud,0430,RECURRIDO,recurridos,0,NO DECLARADO,xlsx_votos_por_localidad
2023,GENERAL,2023-10-22,PRESIDENTE Y VICE,21,Santa Fe,Las Colonias,San Carlos Sud,0430,UNION POR LA PATRIA,agrupacion,344,NO DECLARADO,xlsx_votos_por_localidad
2023,GENERAL,2023-10-22,PRESIDENTE Y VICE,21,Santa Fe,Las Colonias,San Jerónimo Norte,0520,COMANDO,comando,2,NO DECLARADO,xlsx_votos_por_localidad
2023,GENERAL,2023-10-22,PRESIDENTE Y VICE,21,Santa Fe,Las Colonias,San Jerónimo Norte,0520,EN BLANCO,blancos,36,NO DECLARADO,xlsx_votos_por_localidad
2023,GENERAL,2023-10-22,PRESIDENTE Y VICE,21,Santa Fe,Las Colonias,San Jerónimo Norte,0520,FRENTE DE IZQUIERDA Y DE TRABAJADORES - UNIDAD,agrupacion,59,NO DECLARADO,xlsx_votos_por_localidad
2023,GENERAL,2023-10-22,PRESIDENTE Y VICE,21,Santa Fe,Las Colonias,San Jerónimo Norte,0520,HACEMOS POR NUESTRO PAIS,agrupacion,573,NO DECLARADO,xlsx_votos_por_localidad
2023,GENERAL,2023-10-22,PRESIDENTE Y VICE,21,Santa Fe,Las Colonias,San Jerónimo Norte,0520,IMPUGNADO,impugnados,0,NO DECLARADO,xlsx_votos_por_localidad
2023,GENERAL,2023-10-22,PRESIDENTE Y VICE,21,Santa Fe,Las Colonias,San Jerónimo Norte,0520,JUNTOS POR EL CAMBIO,agrupacion,1589,NO DECLARADO,xlsx_votos_por_localidad
2023,GENERAL,2023-10-22,PRESIDENTE Y VICE,21,Santa Fe,Las Colonias,San Jerónimo Norte,0520,LA LIBERTAD AVANZA,agrupacion,1795,NO DECLARADO,xlsx_votos_por_localidad
2023,GENERAL,2023-10-22,PRESIDENTE Y VICE,21,Santa Fe,Las Colonias,San Jerónimo Norte,0520,NULO,nulos,51,NO DECLARADO,xlsx_votos_por_localidad
2023,GENERAL,2023-10-22,PRESIDENTE Y VICE,21,Santa Fe,Las Colonias,San Jerónimo Norte,0520,POSITIVO,positivo,4625,NO DECLARADO,xlsx_votos_por_localidad
2023,GENERAL,2023-10-22,PRESIDENTE Y VICE,21,Santa Fe,Las Colonias,San Jerónimo Norte,0520,RECURRIDO,recurridos,0,NO DECLARADO,xlsx_votos_por_localidad
2023,GENERAL,2023-10-22,PRESIDENTE Y VICE,21,Santa Fe,Las Colonias,San Jerónimo Norte,0520,UNION POR LA PATRIA,agrupacion,609,NO DECLARADO,xlsx_votos_por_localidad
2023,GENERAL,2023-10-22,PRESIDENTE Y VICE,21,Santa Fe,Las Colonias,Santa Clara de Buena Vista,0460,COMANDO,comando,0,NO DECLARADO,xlsx_votos_por_localidad
2023,GENERAL,2023-10-22,PRESIDENTE Y VICE,21,Santa Fe,Las Colonias,Santa Clara de Buena Vista,0460,EN BLANCO,blancos,26,NO DECLARADO,xlsx_votos_por_localidad
2023,GENERAL,2023-10-22,PRESIDENTE Y VICE,21,Santa Fe,Las Colonias,Santa Clara de Buena Vista,0460,FRENTE DE IZQUIERDA Y DE TRABAJADORES - UNIDAD,agrupacion,14,NO DECLARADO,xlsx_votos_por_localidad
2023,GENERAL,2023-10-22,PRESIDENTE Y VICE,21,Santa Fe,Las Colonias,Santa Clara de Buena Vista,0460,HACEMOS POR NUESTRO PAIS,agrupacion,271,NO DECLARADO,xlsx_votos_por_localidad
2023,GENERAL,2023-10-22,PRESIDENTE Y VICE,21,Santa Fe,Las Colonias,Santa Clara de Buena Vista,0460,IMPUGNADO,impugnados,0,NO DECLARADO,xlsx_votos_por_localidad
2023,GENERAL,2023-10-22,PRESIDENTE Y VICE,21,Santa Fe,Las Colonias,Santa Clara de Buena Vista,0460,JUNTOS POR EL CAMBIO,agrupacion,435,NO DECLARADO,xlsx_votos_por_localidad
2023,GENERAL,2023-10-22,PRESIDENTE Y VICE,21,Santa Fe,Las Colonias,Santa Clara de Buena Vista,0460,LA LIBERTAD AVANZA,agrupacion,687,NO DECLARADO,xlsx_votos_por_localidad
2023,GENERAL,2023-10-22,PRESIDENTE Y VICE,21,Santa Fe,Las Colonias,Santa Clara de Buena Vista,0460,NULO,nulos,20,NO DECLARADO,xlsx_votos_por_localidad
2023,GENERAL,2023-10-22,PRESIDENTE Y VICE,21,Santa Fe,Las Colonias,Santa Clara de Buena Vista,0460,POSITIVO,positivo,1813,NO DECLARADO,xlsx_votos_por_localidad
2023,GENERAL,2023-10-22,PRESIDENTE Y VICE,21,Santa Fe,Las Colonias,Santa Clara de Buena Vista,0460,RECURRIDO,recurridos,0,NO DECLARADO,xlsx_votos_por_localidad
2023,GENERAL,2023-10-22,PRESIDENTE Y VICE,21,Santa Fe,Las Colonias,Santa Clara de Buena Vista,0460,UNION POR LA PATRIA,agrupacion,406,NO DECLARADO,xlsx_votos_por_localidad
2023,GENERAL,2023-10-22,PRESIDENTE Y VICE,21,Santa Fe,San Martín,Carlos Pellegrini,1600,COMANDO,comando,0,NO DECLARADO,xlsx_votos_por_localidad
2023,GENERAL,2023-10-22,PRESIDENTE Y VICE,21,Santa Fe,San Martín,Carlos Pellegrini,1600,EN BLANCO,blancos,30,NO DECLARADO,xlsx_votos_por_localidad
2023,GENERAL,2023-10-22,PRESIDENTE Y VICE,21,Santa Fe,San Martín,Carlos Pellegrini,1600,FRENTE DE IZQUIERDA Y DE TRABAJADORES - UNIDAD,agrupacion,41,NO DECLARADO,xlsx_votos_por_localidad
2023,GENERAL,2023-10-22,PRESIDENTE Y VICE,21,Santa Fe,San Martín,Carlos Pellegrini,1600,HACEMOS POR NUESTRO PAIS,agrupacion,458,NO DECLARADO,xlsx_votos_por_localidad
2023,GENERAL,2023-10-22,PRESIDENTE Y VICE,21,Santa Fe,San Martín,Carlos Pellegrini,1600,IMPUGNADO,impugnados,0,NO DECLARADO,xlsx_votos_por_localidad
2023,GENERAL,2023-10-22,PRESIDENTE Y VICE,21,Santa Fe,San Martín,Carlos Pellegrini,1600,JUNTOS POR EL CAMBIO,agrupacion,1138,NO DECLARADO,xlsx_votos_por_localidad
2023,GENERAL,2023-10-22,PRESIDENTE Y VICE,21,Santa Fe,San Martín,Carlos Pellegrini,1600,LA LIBERTAD AVANZA,agrupacion,1455,NO DECLARADO,xlsx_votos_por_localidad
2023,GENERAL,2023-10-22,PRESIDENTE Y VICE,21,Santa Fe,San Martín,Carlos Pellegrini,1600,NULO,nulos,36,NO DECLARADO,xlsx_votos_por_localidad
2023,GENERAL,2023-10-22,PRESIDENTE Y VICE,21,Santa Fe,San Martín,Carlos Pellegrini,1600,POSITIVO,positivo,3616,NO DECLARADO,xlsx_votos_por_localidad
2023,GENERAL,2023-10-22,PRESIDENTE Y VICE,21,Santa Fe,San Martín,Carlos Pellegrini,1600,RECURRIDO,recurridos,0,NO DECLARADO,xlsx_votos_por_localidad
2023,GENERAL,2023-10-22,PRESIDENTE Y VICE,21,Santa Fe,San Martín,Carlos Pellegrini,1600,UNION POR LA PATRIA,agrupacion,524,NO DECLARADO,xlsx_votos_por_localidad
2023,GENERAL,2023-10-22,PRESIDENTE Y VICE,21,Santa Fe,San Martín,Cañada Rosquín,1610,COMANDO,comando,0,NO DECLARADO,xlsx_votos_por_localidad
2023,GENERAL,2023-10-22,PRESIDENTE Y VICE,21,Santa Fe,San Martín,Cañada Rosquín,1610,EN BLANCO,blancos,19,NO DECLARADO,xlsx_votos_por_localidad
2023,GENERAL,2023-10-22,PRESIDENTE Y VICE,21,Santa Fe,San Martín,Cañada Rosquín,1610,FRENTE DE IZQUIERDA Y DE TRABAJADORES - UNIDAD,agrupacion,48,NO DECLARADO,xlsx_votos_por_localidad
2023,GENERAL,2023-10-22,PRESIDENTE Y VICE,21,Santa Fe,San Martín,Cañada Rosquín,1610,HACEMOS POR NUESTRO PAIS,agrupacion,483,NO DECLARADO,xlsx_votos_por_localidad
2023,GENERAL,2023-10-22,PRESIDENTE Y VICE,21,Santa Fe,San Martín,Cañada Rosquín,1610,IMPUGNADO,impugnados,0,NO DECLARADO,xlsx_votos_por_localidad
2023,GENERAL,2023-10-22,PRESIDENTE Y VICE,21,Santa Fe,San Martín,Cañada Rosquín,1610,JUNTOS POR EL CAMBIO,agrupacion,947,NO DECLARADO,xlsx_votos_por_localidad
2023,GENERAL,2023-10-22,PRESIDENTE Y VICE,21,Santa Fe,San Martín,Cañada Rosquín,1610,LA LIBERTAD AVANZA,agrupacion,1268,NO DECLARADO,xlsx_votos_por_localidad
2023,GENERAL,2023-10-22,PRESIDENTE Y VICE,21,Santa Fe,San Martín,Cañada Rosquín,1610,NULO,nulos,36,NO DECLARADO,xlsx_votos_por_localidad
2023,GENERAL,2023-10-22,PRESIDENTE Y VICE,21,Santa Fe,San Martín,Cañada Rosquín,1610,POSITIVO,positivo,3347,NO DECLARADO,xlsx_votos_por_localidad
2023,GENERAL,2023-10-22,PRESIDENTE Y VICE,21,Santa Fe,San Martín,Cañada Rosquín,1610,RECURRIDO,recurridos,0,NO DECLARADO,xlsx_votos_por_localidad
2023,GENERAL,2023-10-22,PRESIDENTE Y VICE,21,Santa Fe,San Martín,Cañada Rosquín,1610,UNION POR LA PATRIA,agrupacion,601,NO DECLARADO,xlsx_votos_por_localidad
2023,GENERAL,2023-10-22,PRESIDENTE Y VICE,21,Santa Fe,San Martín,El Trébol,1650,COMANDO,comando,0,NO DECLARADO,xlsx_votos_por_localidad
2023,GENERAL,2023-10-22,PRESIDENTE Y VICE,21,Santa Fe,San Martín,El Trébol,1650,EN BLANCO,blancos,76,NO DECLARADO,xlsx_votos_por_localidad
2023,GENERAL,2023-10-22,PRESIDENTE Y VICE,21,Santa Fe,San Martín,El Trébol,1650,FRENTE DE IZQUIERDA Y DE TRABAJADORES - UNIDAD,agrupacion,69,NO DECLARADO,xlsx_votos_por_localidad
2023,GENERAL,2023-10-22,PRESIDENTE Y VICE,21,Santa Fe,San Martín,El Trébol,1650,HACEMOS POR NUESTRO PAIS,agrupacion,1064,NO DECLARADO,xlsx_votos_por_localidad
2023,GENERAL,2023-10-22,PRESIDENTE Y VICE,21,Santa Fe,San Martín,El Trébol,1650,IMPUGNADO,impugnados,0,NO DECLARADO,xlsx_votos_por_localidad
2023,GENERAL,2023-10-22,PRESIDENTE Y VICE,21,Santa Fe,San Martín,El Trébol,1650,JUNTOS POR EL CAMBIO,agrupacion,1989,NO DECLARADO,xlsx_votos_por_localidad
2023,GENERAL,2023-10-22,PRESIDENTE Y VICE,21,Santa Fe,San Martín,El Trébol,1650,LA LIBERTAD AVANZA,agrupacion,3127,NO DECLARADO,xlsx_votos_por_localidad
2023,GENERAL,2023-10-22,PRESIDENTE Y VICE,21,Santa Fe,San Martín,El Trébol,1650,NULO,nulos,130,NO DECLARADO,xlsx_votos_por_localidad
2023,GENERAL,2023-10-22,PRESIDENTE Y VICE,21,Santa Fe,San Martín,El Trébol,1650,POSITIVO,positivo,7796,NO DECLARADO,xlsx_votos_por_localidad
2023,GENERAL,2023-10-22,PRESIDENTE Y VICE,21,Santa Fe,San Martín,El Trébol,1650,RECURRIDO,recurridos,0,NO DECLARADO,xlsx_votos_por_localidad
2023,GENERAL,2023-10-22,PRESIDENTE Y VICE,21,Santa Fe,San Martín,El Trébol,1650,UNION POR LA PATRIA,agrupacion,1547,NO DECLARADO,xlsx_votos_por_localidad
2023,GENERAL,2023-10-22,PRESIDENTE Y VICE,21,Santa Fe,San Martín,María Susana,1660,COMANDO,comando,0,NO DECLARADO,xlsx_votos_por_localidad
2023,GENERAL,2023-10-22,PRESIDENTE Y VICE,21,Santa Fe,San Martín,María Susana,1660,EN BLANCO,blancos,12,NO DECLARADO,xlsx_votos_por_localidad
2023,GENERAL,2023-10-22,PRESIDENTE Y VICE,21,Santa Fe,San Martín,María Susana,1660,FRENTE DE IZQUIERDA Y DE TRABAJADORES - UNIDAD,agrupacion,17,NO DECLARADO,xlsx_votos_por_localidad
2023,GENERAL,2023-10-22,PRESIDENTE Y VICE,21,Santa Fe,San Martín,María Susana,1660,HACEMOS POR NUESTRO PAIS,agrupacion,225,NO DECLARADO,xlsx_votos_por_localidad
2023,GENERAL,2023-10-22,PRESIDENTE Y VICE,21,Santa Fe,San Martín,María Susana,1660,IMPUGNADO,impugnados,0,NO DECLARADO,xlsx_votos_por_localidad
2023,GENERAL,2023-10-22,PRESIDENTE Y VICE,21,Santa Fe,San Martín,María Susana,1660,JUNTOS POR EL CAMBIO,agrupacion,694,NO DECLARADO,xlsx_votos_por_localidad
2023,GENERAL,2023-10-22,PRESIDENTE Y VICE,21,Santa Fe,San Martín,María Susana,1660,LA LIBERTAD AVANZA,agrupacion,919,NO DECLARADO,xlsx_votos_por_localidad
2023,GENERAL,2023-10-22,PRESIDENTE Y VICE,21,Santa Fe,San Martín,María Susana,1660,NULO,nulos,45,NO DECLARADO,xlsx_votos_por_localidad
2023,GENERAL,2023-10-22,PRESIDENTE Y VICE,21,Santa Fe,San Martín,María Susana,1660,POSITIVO,positivo,2079,NO DECLARADO,xlsx_votos_por_localidad
2023,GENERAL,2023-10-22,PRESIDENTE Y VICE,21,Santa Fe,San Martín,María Susana,1660,RECURRIDO,recurridos,0,NO DECLARADO,xlsx_votos_por_localidad
2023,GENERAL,2023-10-22,PRESIDENTE Y VICE,21,Santa Fe,San Martín,María Susana,1660,UNION POR LA PATRIA,agrupacion,224,NO DECLARADO,xlsx_votos_por_localidad
2023,GENERAL,2023-10-22,PRESIDENTE Y VICE,21,Santa Fe,San Martín,Piamonte,1640,COMANDO,comando,0,NO DECLARADO,xlsx_votos_por_localidad
2023,GENERAL,2023-10-22,PRESIDENTE Y VICE,21,Santa Fe,San Martín,Piamonte,1640,EN BLANCO,blancos,13,NO DECLARADO,xlsx_votos_por_localidad
2023,GENERAL,2023-10-22,PRESIDENTE Y VICE,21,Santa Fe,San Martín,Piamonte,1640,FRENTE DE IZQUIERDA Y DE TRABAJADORES - UNIDAD,agrupacion,27,NO DECLARADO,xlsx_votos_por_localidad
2023,GENERAL,2023-10-22,PRESIDENTE Y VICE,21,Santa Fe,San Martín,Piamonte,1640,HACEMOS POR NUESTRO PAIS,agrupacion,302,NO DECLARADO,xlsx_votos_por_localidad
2023,GENERAL,2023-10-22,PRESIDENTE Y VICE,21,Santa Fe,San Martín,Piamonte,1640,IMPUGNADO,impugnados,0,NO DECLARADO,xlsx_votos_por_localidad
2023,GENERAL,2023-10-22,PRESIDENTE Y VICE,21,Santa Fe,San Martín,Piamonte,1640,JUNTOS POR EL CAMBIO,agrupacion,693,NO DECLARADO,xlsx_votos_por_localidad
2023,GENERAL,2023-10-22,PRESIDENTE Y VICE,21,Santa Fe,San Martín,Piamonte,1640,LA LIBERTAD AVANZA,agrupacion,748,NO DECLARADO,xlsx_votos_por_localidad
2023,GENERAL,2023-10-22,PRESIDENTE Y VICE,21,Santa Fe,San Martín,Piamonte,1640,NULO,nulos,32,NO DECLARADO,xlsx_votos_por_localidad
2023,GENERAL,2023-10-22,PRESIDENTE Y VICE,21,Santa Fe,San Martín,Piamonte,1640,POSITIVO,positivo,2081,NO DECLARADO,xlsx_votos_por_localidad
2023,GENERAL,2023-10-22,PRESIDENTE Y VICE,21,Santa Fe,San Martín,Piamonte,1640,RECURRIDO,recurridos,0,NO DECLARADO,xlsx_votos_por_localidad
2023,GENERAL,2023-10-22,PRESIDENTE Y VICE,21,Santa Fe,San Martín,Piamonte,1640,UNION POR LA PATRIA,agrupacion,311,NO DECLARADO,xlsx_votos_por_localidad
2023,GENERAL,2023-10-22,PRESIDENTE Y VICE,21,Santa Fe,San Martín,San Jorge,1580,COMANDO,comando,0,NO DECLARADO,xlsx_votos_por_localidad
2023,GENERAL,2023-10-22,PRESIDENTE Y VICE,21,Santa Fe,San Martín,San Jorge,1580,EN BLANCO,blancos,105,NO DECLARADO,xlsx_votos_por_localidad
2023,GENERAL,2023-10-22,PRESIDENTE Y VICE,21,Santa Fe,San Martín,San Jorge,1580,FRENTE DE IZQUIERDA Y DE TRABAJADORES - UNIDAD,agrupacion,122,NO DECLARADO,xlsx_votos_por_localidad
2023,GENERAL,2023-10-22,PRESIDENTE Y VICE,21,Santa Fe,San Martín,San Jorge,1580,HACEMOS POR NUESTRO PAIS,agrupacion,2005,NO DECLARADO,xlsx_votos_por_localidad
2023,GENERAL,2023-10-22,PRESIDENTE Y VICE,21,Santa Fe,San Martín,San Jorge,1580,IMPUGNADO,impugnados,0,NO DECLARADO,xlsx_votos_por_localidad
2023,GENERAL,2023-10-22,PRESIDENTE Y VICE,21,Santa Fe,San Martín,San Jorge,1580,JUNTOS POR EL CAMBIO,agrupacion,3004,NO DECLARADO,xlsx_votos_por_localidad
2023,GENERAL,2023-10-22,PRESIDENTE Y VICE,21,Santa Fe,San Martín,San Jorge,1580,LA LIBERTAD AVANZA,agrupacion,4641,NO DECLARADO,xlsx_votos_por_localidad
2023,GENERAL,2023-10-22,PRESIDENTE Y VICE,21,Santa Fe,San Martín,San Jorge,1580,NULO,nulos,148,NO DECLARADO,xlsx_votos_por_localidad
2023,GENERAL,2023-10-22,PRESIDENTE Y VICE,21,Santa Fe,San Martín,San Jorge,1580,POSITIVO,positivo,12166,NO DECLARADO,xlsx_votos_por_localidad
2023,GENERAL,2023-10-22,PRESIDENTE Y VICE,21,Santa Fe,San Martín,San Jorge,1580,RECURRIDO,recurridos,0,NO DECLARADO,xlsx_votos_por_localidad
2023,GENERAL,2023-10-22,PRESIDENTE Y VICE,21,Santa Fe,San Martín,San Jorge,1580,UNION POR LA PATRIA,agrupacion,2394,NO DECLARADO,xlsx_votos_por_localidad
2023,GENERAL,2023-10-22,PRESIDENTE Y VICE,21,Santa Fe,San Martín,San Martín de las Escobas,1560,COMANDO,comando,0,NO DECLARADO,xlsx_votos_por_localidad
2023,GENERAL,2023-10-22,PRESIDENTE Y VICE,21,Santa Fe,San Martín,San Martín de las Escobas,1560,EN BLANCO,blancos,16,NO DECLARADO,xlsx_votos_por_localidad
2023,GENERAL,2023-10-22,PRESIDENTE Y VICE,21,Santa Fe,San Martín,San Martín de las Escobas,1560,FRENTE DE IZQUIERDA Y DE TRABAJADORES - UNIDAD,agrupacion,12,NO DECLARADO,xlsx_votos_por_localidad
2023,GENERAL,2023-10-22,PRESIDENTE Y VICE,21,Santa Fe,San Martín,San Martín de las Escobas,1560,HACEMOS POR NUESTRO PAIS,agrupacion,266,NO DECLARADO,xlsx_votos_por_localidad
2023,GENERAL,2023-10-22,PRESIDENTE Y VICE,21,Santa Fe,San Martín,San Martín de las Escobas,1560,IMPUGNADO,impugnados,0,NO DECLARADO,xlsx_votos_por_localidad
2023,GENERAL,2023-10-22,PRESIDENTE Y VICE,21,Santa Fe,San Martín,San Martín de las Escobas,1560,JUNTOS POR EL CAMBIO,agrupacion,557,NO DECLARADO,xlsx_votos_por_localidad
2023,GENERAL,2023-10-22,PRESIDENTE Y VICE,21,Santa Fe,San Martín,San Martín de las Escobas,1560,LA LIBERTAD AVANZA,agrupacion,742,NO DECLARADO,xlsx_votos_por_localidad
2023,GENERAL,2023-10-22,PRESIDENTE Y VICE,21,Santa Fe,San Martín,San Martín de las Escobas,1560,NULO,nulos,17,NO DECLARADO,xlsx_votos_por_localidad
2023,GENERAL,2023-10-22,PRESIDENTE Y VICE,21,Santa Fe,San Martín,San Martín de las Escobas,1560,POSITIVO,positivo,1781,NO DECLARADO,xlsx_votos_por_localidad
2023,GENERAL,2023-10-22,PRESIDENTE Y VICE,21,Santa Fe,San Martín,San Martín de las Escobas,1560,RECURRIDO,recurridos,0,NO DECLARADO,xlsx_votos_por_localidad
2023,GENERAL,2023-10-22,PRESIDENTE Y VICE,21,Santa Fe,San Martín,San Martín de las Escobas,1560,UNION POR LA PATRIA,agrupacion,204,NO DECLARADO,xlsx_votos_por_localidad
2023,GENERAL,2023-10-22,PRESIDENTE Y VICE,21,Santa Fe,San Martín,Sastre y Ortiz,1550,COMANDO,comando,0,NO DECLARADO,xlsx_votos_por_localidad
2023,GENERAL,2023-10-22,PRESIDENTE Y VICE,21,Santa Fe,San Martín,Sastre y Ortiz,1550,EN BLANCO,blancos,28,NO DECLARADO,xlsx_votos_por_localidad
2023,GENERAL,2023-10-22,PRESIDENTE Y VICE,21,Santa Fe,San Martín,Sastre y Ortiz,1550,FRENTE DE IZQUIERDA Y DE TRABAJADORES - UNIDAD,agrupacion,46,NO DECLARADO,xlsx_votos_por_localidad
2023,GENERAL,2023-10-22,PRESIDENTE Y VICE,21,Santa Fe,San Martín,Sastre y Ortiz,1550,HACEMOS POR NUESTRO PAIS,agrupacion,602,NO DECLARADO,xlsx_votos_por_localidad
2023,GENERAL,2023-10-22,PRESIDENTE Y VICE,21,Santa Fe,San Martín,Sastre y Ortiz,1550,IMPUGNADO,impugnados,0,NO DECLARADO,xlsx_votos_por_localidad
2023,GENERAL,2023-10-22,PRESIDENTE Y VICE,21,Santa Fe,San Martín,Sastre y Ortiz,1550,JUNTOS POR EL CAMBIO,agrupacion,1106,NO DECLARADO,xlsx_votos_por_localidad
2023,GENERAL,2023-10-22,PRESIDENTE Y VICE,21,Santa Fe,San Martín,Sastre y Ortiz,1550,LA LIBERTAD AVANZA,agrupacion,915,NO DECLARADO,xlsx_votos_por_localidad
2023,GENERAL,2023-10-22,PRESIDENTE Y VICE,21,Santa Fe,San Martín,Sastre y Ortiz,1550,NULO,nulos,45,NO DECLARADO,xlsx_votos_por_localidad
2023,GENERAL,2023-10-22,PRESIDENTE Y VICE,21,Santa Fe,San Martín,Sastre y Ortiz,1550,POSITIVO,positivo,3733,NO DECLARADO,xlsx_votos_por_localidad
2023,GENERAL,2023-10-22,PRESIDENTE Y VICE,21,Santa Fe,San Martín,Sastre y Ortiz,1550,RECURRIDO,recurridos,1,NO DECLARADO,xlsx_votos_por_localidad
2023,GENERAL,2023-10-22,PRESIDENTE Y VICE,21,Santa Fe,San Martín,Sastre y Ortiz,1550,UNION POR LA PATRIA,agrupacion,1064,NO DECLARADO,xlsx_votos_por_localidad
2023,PASO,2023-08-13,PRESIDENTE Y VICE,21,Santa Fe,Castellanos,Ataliva,1210,COMANDO,comando,2,PROVISORIO,csv_por_mesa
2023,PASO,2023-08-13,PRESIDENTE Y VICE,21,Santa Fe,Castellanos,Ataliva,1210,EN BLANCO,blancos,39,PROVISORIO,csv_por_mesa
2023,PASO,2023-08-13,PRESIDENTE Y VICE,21,Santa Fe,Castellanos,Ataliva,1210,FRENTE DE IZQUIERDA Y DE TRABAJADORES - UNIDAD,agrupacion,6,PROVISORIO,csv_por_mesa
2023,PASO,2023-08-13,PRESIDENTE Y VICE,21,Santa Fe,Castellanos,Ataliva,1210,FRENTE LIBER.AR,agrupacion,1,PROVISORIO,csv_por_mesa
2023,PASO,2023-08-13,PRESIDENTE Y VICE,21,Santa Fe,Castellanos,Ataliva,1210,FRENTE PATRIOTA FEDERAL,agrupacion,0,PROVISORIO,csv_por_mesa
2023,PASO,2023-08-13,PRESIDENTE Y VICE,21,Santa Fe,Castellanos,Ataliva,1210,HACEMOS POR NUESTRO PAIS,agrupacion,78,PROVISORIO,csv_por_mesa
2023,PASO,2023-08-13,PRESIDENTE Y VICE,21,Santa Fe,Castellanos,Ataliva,1210,IMPUGNADO,impugnados,0,PROVISORIO,csv_por_mesa
2023,PASO,2023-08-13,PRESIDENTE Y VICE,21,Santa Fe,Castellanos,Ataliva,1210,JUNTOS POR EL CAMBIO,agrupacion,406,PROVISORIO,csv_por_mesa
2023,PASO,2023-08-13,PRESIDENTE Y VICE,21,Santa Fe,Castellanos,Ataliva,1210,LA LIBERTAD AVANZA,agrupacion,514,PROVISORIO,csv_por_mesa
2023,PASO,2023-08-13,PRESIDENTE Y VICE,21,Santa Fe,Castellanos,Ataliva,1210,MOVIMIENTO AL SOCIALISMO,agrupacion,2,PROVISORIO,csv_por_mesa
2023,PASO,2023-08-13,PRESIDENTE Y VICE,21,Santa Fe,Castellanos,Ataliva,1210,MOVIMIENTO DE ACCION VECINAL,agrupacion,3,PROVISORIO,csv_por_mesa
2023,PASO,2023-08-13,PRESIDENTE Y VICE,21,Santa Fe,Castellanos,Ataliva,1210,MOVIMIENTO IZQUIERDA JUVENTUD Y DIGNIDAD,agrupacion,3,PROVISORIO,csv_por_mesa
2023,PASO,2023-08-13,PRESIDENTE Y VICE,21,Santa Fe,Castellanos,Ataliva,1210,MOVIMIENTO LIBRES DEL SUR,agrupacion,3,PROVISORIO,csv_por_mesa
2023,PASO,2023-08-13,PRESIDENTE Y VICE,21,Santa Fe,Castellanos,Ataliva,1210,NULO,nulos,49,PROVISORIO,csv_por_mesa
2023,PASO,2023-08-13,PRESIDENTE Y VICE,21,Santa Fe,Castellanos,Ataliva,1210,POLITICA OBRERA,agrupacion,2,PROVISORIO,csv_por_mesa
2023,PASO,2023-08-13,PRESIDENTE Y VICE,21,Santa Fe,Castellanos,Ataliva,1210,POSITIVO,positivo,1138,PROVISORIO,csv_por_mesa
2023,PASO,2023-08-13,PRESIDENTE Y VICE,21,Santa Fe,Castellanos,Ataliva,1210,PRINCIPIOS Y VALORES,agrupacion,15,PROVISORIO,csv_por_mesa
2023,PASO,2023-08-13,PRESIDENTE Y VICE,21,Santa Fe,Castellanos,Ataliva,1210,PROYECTO JOVEN,agrupacion,0,PROVISORIO,csv_por_mesa
2023,PASO,2023-08-13,PRESIDENTE Y VICE,21,Santa Fe,Castellanos,Ataliva,1210,RECURRIDO,recurridos,0,PROVISORIO,csv_por_mesa
2023,PASO,2023-08-13,PRESIDENTE Y VICE,21,Santa Fe,Castellanos,Ataliva,1210,UNION DEL CENTRO DEMOCRATICO,agrupacion,0,PROVISORIO,csv_por_mesa
2023,PASO,2023-08-13,PRESIDENTE Y VICE,21,Santa Fe,Castellanos,Ataliva,1210,UNION POR LA PATRIA,agrupacion,105,PROVISORIO,csv_por_mesa
2023,PASO,2023-08-13,PRESIDENTE Y VICE,21,Santa Fe,Castellanos,Colonia Aldao,1200,COMANDO,comando,0,PROVISORIO,csv_por_mesa
2023,PASO,2023-08-13,PRESIDENTE Y VICE,21,Santa Fe,Castellanos,Colonia Aldao,1200,EN BLANCO,blancos,67,PROVISORIO,csv_por_mesa
2023,PASO,2023-08-13,PRESIDENTE Y VICE,21,Santa Fe,Castellanos,Colonia Aldao,1200,FRENTE DE IZQUIERDA Y DE TRABAJADORES - UNIDAD,agrupacion,6,PROVISORIO,csv_por_mesa
2023,PASO,2023-08-13,PRESIDENTE Y VICE,21,Santa Fe,Castellanos,Colonia Aldao,1200,FRENTE LIBER.AR,agrupacion,0,PROVISORIO,csv_por_mesa
2023,PASO,2023-08-13,PRESIDENTE Y VICE,21,Santa Fe,Castellanos,Colonia Aldao,1200,FRENTE PATRIOTA FEDERAL,agrupacion,0,PROVISORIO,csv_por_mesa
2023,PASO,2023-08-13,PRESIDENTE Y VICE,21,Santa Fe,Castellanos,Colonia Aldao,1200,HACEMOS POR NUESTRO PAIS,agrupacion,91,PROVISORIO,csv_por_mesa
2023,PASO,2023-08-13,PRESIDENTE Y VICE,21,Santa Fe,Castellanos,Colonia Aldao,1200,IMPUGNADO,impugnados,0,PROVISORIO,csv_por_mesa
2023,PASO,2023-08-13,PRESIDENTE Y VICE,21,Santa Fe,Castellanos,Colonia Aldao,1200,JUNTOS POR EL CAMBIO,agrupacion,322,PROVISORIO,csv_por_mesa
2023,PASO,2023-08-13,PRESIDENTE Y VICE,21,Santa Fe,Castellanos,Colonia Aldao,1200,LA LIBERTAD AVANZA,agrupacion,428,PROVISORIO,csv_por_mesa
2023,PASO,2023-08-13,PRESIDENTE Y VICE,21,Santa Fe,Castellanos,Colonia Aldao,1200,MOVIMIENTO AL SOCIALISMO,agrupacion,1,PROVISORIO,csv_por_mesa
2023,PASO,2023-08-13,PRESIDENTE Y VICE,21,Santa Fe,Castellanos,Colonia Aldao,1200,MOVIMIENTO DE ACCION VECINAL,agrupacion,3,PROVISORIO,csv_por_mesa
2023,PASO,2023-08-13,PRESIDENTE Y VICE,21,Santa Fe,Castellanos,Colonia Aldao,1200,MOVIMIENTO IZQUIERDA JUVENTUD Y DIGNIDAD,agrupacion,4,PROVISORIO,csv_por_mesa
2023,PASO,2023-08-13,PRESIDENTE Y VICE,21,Santa Fe,Castellanos,Colonia Aldao,1200,MOVIMIENTO LIBRES DEL SUR,agrupacion,3,PROVISORIO,csv_por_mesa
2023,PASO,2023-08-13,PRESIDENTE Y VICE,21,Santa Fe,Castellanos,Colonia Aldao,1200,NULO,nulos,16,PROVISORIO,csv_por_mesa
2023,PASO,2023-08-13,PRESIDENTE Y VICE,21,Santa Fe,Castellanos,Colonia Aldao,1200,POLITICA OBRERA,agrupacion,5,PROVISORIO,csv_por_mesa
2023,PASO,2023-08-13,PRESIDENTE Y VICE,21,Santa Fe,Castellanos,Colonia Aldao,1200,POSITIVO,positivo,1017,PROVISORIO,csv_por_mesa
2023,PASO,2023-08-13,PRESIDENTE Y VICE,21,Santa Fe,Castellanos,Colonia Aldao,1200,PRINCIPIOS Y VALORES,agrupacion,8,PROVISORIO,csv_por_mesa
2023,PASO,2023-08-13,PRESIDENTE Y VICE,21,Santa Fe,Castellanos,Colonia Aldao,1200,PROYECTO JOVEN,agrupacion,0,PROVISORIO,csv_por_mesa
2023,PASO,2023-08-13,PRESIDENTE Y VICE,21,Santa Fe,Castellanos,Colonia Aldao,1200,RECURRIDO,recurridos,0,PROVISORIO,csv_por_mesa
2023,PASO,2023-08-13,PRESIDENTE Y VICE,21,Santa Fe,Castellanos,Colonia Aldao,1200,UNION DEL CENTRO DEMOCRATICO,agrupacion,0,PROVISORIO,csv_por_mesa
2023,PASO,2023-08-13,PRESIDENTE Y VICE,21,Santa Fe,Castellanos,Colonia Aldao,1200,UNION POR LA PATRIA,agrupacion,146,PROVISORIO,csv_por_mesa
2023,PASO,2023-08-13,PRESIDENTE Y VICE,21,Santa Fe,Castellanos,Frontera,1345,COMANDO,comando,0,PROVISORIO,csv_por_mesa
2023,PASO,2023-08-13,PRESIDENTE Y VICE,21,Santa Fe,Castellanos,Frontera,1345,EN BLANCO,blancos,140,PROVISORIO,csv_por_mesa
2023,PASO,2023-08-13,PRESIDENTE Y VICE,21,Santa Fe,Castellanos,Frontera,1345,FRENTE DE IZQUIERDA Y DE TRABAJADORES - UNIDAD,agrupacion,39,PROVISORIO,csv_por_mesa
2023,PASO,2023-08-13,PRESIDENTE Y VICE,21,Santa Fe,Castellanos,Frontera,1345,FRENTE LIBER.AR,agrupacion,12,PROVISORIO,csv_por_mesa
2023,PASO,2023-08-13,PRESIDENTE Y VICE,21,Santa Fe,Castellanos,Frontera,1345,FRENTE PATRIOTA FEDERAL,agrupacion,0,PROVISORIO,csv_por_mesa
2023,PASO,2023-08-13,PRESIDENTE Y VICE,21,Santa Fe,Castellanos,Frontera,1345,HACEMOS POR NUESTRO PAIS,agrupacion,972,PROVISORIO,csv_por_mesa
2023,PASO,2023-08-13,PRESIDENTE Y VICE,21,Santa Fe,Castellanos,Frontera,1345,IMPUGNADO,impugnados,0,PROVISORIO,csv_por_mesa
2023,PASO,2023-08-13,PRESIDENTE Y VICE,21,Santa Fe,Castellanos,Frontera,1345,JUNTOS POR EL CAMBIO,agrupacion,770,PROVISORIO,csv_por_mesa
2023,PASO,2023-08-13,PRESIDENTE Y VICE,21,Santa Fe,Castellanos,Frontera,1345,LA LIBERTAD AVANZA,agrupacion,1482,PROVISORIO,csv_por_mesa
2023,PASO,2023-08-13,PRESIDENTE Y VICE,21,Santa Fe,Castellanos,Frontera,1345,MOVIMIENTO AL SOCIALISMO,agrupacion,17,PROVISORIO,csv_por_mesa
2023,PASO,2023-08-13,PRESIDENTE Y VICE,21,Santa Fe,Castellanos,Frontera,1345,MOVIMIENTO DE ACCION VECINAL,agrupacion,11,PROVISORIO,csv_por_mesa
2023,PASO,2023-08-13,PRESIDENTE Y VICE,21,Santa Fe,Castellanos,Frontera,1345,MOVIMIENTO IZQUIERDA JUVENTUD Y DIGNIDAD,agrupacion,13,PROVISORIO,csv_por_mesa
2023,PASO,2023-08-13,PRESIDENTE Y VICE,21,Santa Fe,Castellanos,Frontera,1345,MOVIMIENTO LIBRES DEL SUR,agrupacion,9,PROVISORIO,csv_por_mesa
2023,PASO,2023-08-13,PRESIDENTE Y VICE,21,Santa Fe,Castellanos,Frontera,1345,NULO,nulos,101,PROVISORIO,csv_por_mesa
2023,PASO,2023-08-13,PRESIDENTE Y VICE,21,Santa Fe,Castellanos,Frontera,1345,POLITICA OBRERA,agrupacion,2,PROVISORIO,csv_por_mesa
2023,PASO,2023-08-13,PRESIDENTE Y VICE,21,Santa Fe,Castellanos,Frontera,1345,POSITIVO,positivo,3990,PROVISORIO,csv_por_mesa
2023,PASO,2023-08-13,PRESIDENTE Y VICE,21,Santa Fe,Castellanos,Frontera,1345,PRINCIPIOS Y VALORES,agrupacion,31,PROVISORIO,csv_por_mesa
2023,PASO,2023-08-13,PRESIDENTE Y VICE,21,Santa Fe,Castellanos,Frontera,1345,PROYECTO JOVEN,agrupacion,0,PROVISORIO,csv_por_mesa
2023,PASO,2023-08-13,PRESIDENTE Y VICE,21,Santa Fe,Castellanos,Frontera,1345,RECURRIDO,recurridos,0,PROVISORIO,csv_por_mesa
2023,PASO,2023-08-13,PRESIDENTE Y VICE,21,Santa Fe,Castellanos,Frontera,1345,UNION DEL CENTRO DEMOCRATICO,agrupacion,0,PROVISORIO,csv_por_mesa
2023,PASO,2023-08-13,PRESIDENTE Y VICE,21,Santa Fe,Castellanos,Frontera,1345,UNION POR LA PATRIA,agrupacion,632,PROVISORIO,csv_por_mesa
2023,PASO,2023-08-13,PRESIDENTE Y VICE,21,Santa Fe,Castellanos,Humberto Primo,1170,COMANDO,comando,2,PROVISORIO,csv_por_mesa
2023,PASO,2023-08-13,PRESIDENTE Y VICE,21,Santa Fe,Castellanos,Humberto Primo,1170,EN BLANCO,blancos,134,PROVISORIO,csv_por_mesa
2023,PASO,2023-08-13,PRESIDENTE Y VICE,21,Santa Fe,Castellanos,Humberto Primo,1170,FRENTE DE IZQUIERDA Y DE TRABAJADORES - UNIDAD,agrupacion,11,PROVISORIO,csv_por_mesa
2023,PASO,2023-08-13,PRESIDENTE Y VICE,21,Santa Fe,Castellanos,Humberto Primo,1170,FRENTE LIBER.AR,agrupacion,13,PROVISORIO,csv_por_mesa
2023,PASO,2023-08-13,PRESIDENTE Y VICE,21,Santa Fe,Castellanos,Humberto Primo,1170,FRENTE PATRIOTA FEDERAL,agrupacion,0,PROVISORIO,csv_por_mesa
2023,PASO,2023-08-13,PRESIDENTE Y VICE,21,Santa Fe,Castellanos,Humberto Primo,1170,HACEMOS POR NUESTRO PAIS,agrupacion,148,PROVISORIO,csv_por_mesa
2023,PASO,2023-08-13,PRESIDENTE Y VICE,21,Santa Fe,Castellanos,Humberto Primo,1170,IMPUGNADO,impugnados,0,PROVISORIO,csv_por_mesa
2023,PASO,2023-08-13,PRESIDENTE Y VICE,21,Santa Fe,Castellanos,Humberto Primo,1170,JUNTOS POR EL CAMBIO,agrupacion,1146,PROVISORIO,csv_por_mesa
2023,PASO,2023-08-13,PRESIDENTE Y VICE,21,Santa Fe,Castellanos,Humberto Primo,1170,LA LIBERTAD AVANZA,agrupacion,1209,PROVISORIO,csv_por_mesa
2023,PASO,2023-08-13,PRESIDENTE Y VICE,21,Santa Fe,Castellanos,Humberto Primo,1170,MOVIMIENTO AL SOCIALISMO,agrupacion,11,PROVISORIO,csv_por_mesa
2023,PASO,2023-08-13,PRESIDENTE Y VICE,21,Santa Fe,Castellanos,Humberto Primo,1170,MOVIMIENTO DE ACCION VECINAL,agrupacion,2,PROVISORIO,csv_por_mesa
2023,PASO,2023-08-13,PRESIDENTE Y VICE,21,Santa Fe,Castellanos,Humberto Primo,1170,MOVIMIENTO IZQUIERDA JUVENTUD Y DIGNIDAD,agrupacion,7,PROVISORIO,csv_por_mesa
2023,PASO,2023-08-13,PRESIDENTE Y VICE,21,Santa Fe,Castellanos,Humberto Primo,1170,MOVIMIENTO LIBRES DEL SUR,agrupacion,5,PROVISORIO,csv_por_mesa
2023,PASO,2023-08-13,PRESIDENTE Y VICE,21,Santa Fe,Castellanos,Humberto Primo,1170,NULO,nulos,59,PROVISORIO,csv_por_mesa
2023,PASO,2023-08-13,PRESIDENTE Y VICE,21,Santa Fe,Castellanos,Humberto Primo,1170,POLITICA OBRERA,agrupacion,1,PROVISORIO,csv_por_mesa
2023,PASO,2023-08-13,PRESIDENTE Y VICE,21,Santa Fe,Castellanos,Humberto Primo,1170,POSITIVO,positivo,2826,PROVISORIO,csv_por_mesa
2023,PASO,2023-08-13,PRESIDENTE Y VICE,21,Santa Fe,Castellanos,Humberto Primo,1170,PRINCIPIOS Y VALORES,agrupacion,12,PROVISORIO,csv_por_mesa
2023,PASO,2023-08-13,PRESIDENTE Y VICE,21,Santa Fe,Castellanos,Humberto Primo,1170,PROYECTO JOVEN,agrupacion,0,PROVISORIO,csv_por_mesa
2023,PASO,2023-08-13,PRESIDENTE Y VICE,21,Santa Fe,Castellanos,Humberto Primo,1170,RECURRIDO,recurridos,0,PROVISORIO,csv_por_mesa
2023,PASO,2023-08-13,PRESIDENTE Y VICE,21,Santa Fe,Castellanos,Humberto Primo,1170,UNION DEL CENTRO DEMOCRATICO,agrupacion,0,PROVISORIO,csv_por_mesa
2023,PASO,2023-08-13,PRESIDENTE Y VICE,21,Santa Fe,Castellanos,Humberto Primo,1170,UNION POR LA PATRIA,agrupacion,261,PROVISORIO,csv_por_mesa
2023,PASO,2023-08-13,PRESIDENTE Y VICE,21,Santa Fe,Castellanos,Josefina,1340,COMANDO,comando,0,PROVISORIO,csv_por_mesa
2023,PASO,2023-08-13,PRESIDENTE Y VICE,21,Santa Fe,Castellanos,Josefina,1340,EN BLANCO,blancos,8,PROVISORIO,csv_por_mesa
2023,PASO,2023-08-13,PRESIDENTE Y VICE,21,Santa Fe,Castellanos,Josefina,1340,FRENTE DE IZQUIERDA Y DE TRABAJADORES - UNIDAD,agrupacion,2,PROVISORIO,csv_por_mesa
2023,PASO,2023-08-13,PRESIDENTE Y VICE,21,Santa Fe,Castellanos,Josefina,1340,FRENTE LIBER.AR,agrupacion,0,PROVISORIO,csv_por_mesa
2023,PASO,2023-08-13,PRESIDENTE Y VICE,21,Santa Fe,Castellanos,Josefina,1340,FRENTE PATRIOTA FEDERAL,agrupacion,0,PROVISORIO,csv_por_mesa
2023,PASO,2023-08-13,PRESIDENTE Y VICE,21,Santa Fe,Castellanos,Josefina,1340,HACEMOS POR NUESTRO PAIS,agrupacion,86,PROVISORIO,csv_por_mesa
2023,PASO,2023-08-13,PRESIDENTE Y VICE,21,Santa Fe,Castellanos,Josefina,1340,IMPUGNADO,impugnados,0,PROVISORIO,csv_por_mesa
2023,PASO,2023-08-13,PRESIDENTE Y VICE,21,Santa Fe,Castellanos,Josefina,1340,JUNTOS POR EL CAMBIO,agrupacion,199,PROVISORIO,csv_por_mesa
2023,PASO,2023-08-13,PRESIDENTE Y VICE,21,Santa Fe,Castellanos,Josefina,1340,LA LIBERTAD AVANZA,agrupacion,191,PROVISORIO,csv_por_mesa
2023,PASO,2023-08-13,PRESIDENTE Y VICE,21,Santa Fe,Castellanos,Josefina,1340,MOVIMIENTO AL SOCIALISMO,agrupacion,0,PROVISORIO,csv_por_mesa
2023,PASO,2023-08-13,PRESIDENTE Y VICE,21,Santa Fe,Castellanos,Josefina,1340,MOVIMIENTO DE ACCION VECINAL,agrupacion,2,PROVISORIO,csv_por_mesa
2023,PASO,2023-08-13,PRESIDENTE Y VICE,21,Santa Fe,Castellanos,Josefina,1340,MOVIMIENTO IZQUIERDA JUVENTUD Y DIGNIDAD,agrupacion,0,PROVISORIO,csv_por_mesa
2023,PASO,2023-08-13,PRESIDENTE Y VICE,21,Santa Fe,Castellanos,Josefina,1340,MOVIMIENTO LIBRES DEL SUR,agrupacion,1,PROVISORIO,csv_por_mesa
2023,PASO,2023-08-13,PRESIDENTE Y VICE,21,Santa Fe,Castellanos,Josefina,1340,NULO,nulos,7,PROVISORIO,csv_por_mesa
2023,PASO,2023-08-13,PRESIDENTE Y VICE,21,Santa Fe,Castellanos,Josefina,1340,POLITICA OBRERA,agrupacion,0,PROVISORIO,csv_por_mesa
2023,PASO,2023-08-13,PRESIDENTE Y VICE,21,Santa Fe,Castellanos,Josefina,1340,POSITIVO,positivo,524,PROVISORIO,csv_por_mesa
2023,PASO,2023-08-13,PRESIDENTE Y VICE,21,Santa Fe,Castellanos,Josefina,1340,PRINCIPIOS Y VALORES,agrupacion,1,PROVISORIO,csv_por_mesa
2023,PASO,2023-08-13,PRESIDENTE Y VICE,21,Santa Fe,Castellanos,Josefina,1340,PROYECTO JOVEN,agrupacion,0,PROVISORIO,csv_por_mesa
2023,PASO,2023-08-13,PRESIDENTE Y VICE,21,Santa Fe,Castellanos,Josefina,1340,RECURRIDO,recurridos,0,PROVISORIO,csv_por_mesa
2023,PASO,2023-08-13,PRESIDENTE Y VICE,21,Santa Fe,Castellanos,Josefina,1340,UNION DEL CENTRO DEMOCRATICO,agrupacion,0,PROVISORIO,csv_por_mesa
2023,PASO,2023-08-13,PRESIDENTE Y VICE,21,Santa Fe,Castellanos,Josefina,1340,UNION POR LA PATRIA,agrupacion,42,PROVISORIO,csv_por_mesa
2023,PASO,2023-08-13,PRESIDENTE Y VICE,21,Santa Fe,Castellanos,Lehmann,1230,COMANDO,comando,2,PROVISORIO,csv_por_mesa
2023,PASO,2023-08-13,PRESIDENTE Y VICE,21,Santa Fe,Castellanos,Lehmann,1230,EN BLANCO,blancos,62,PROVISORIO,csv_por_mesa
2023,PASO,2023-08-13,PRESIDENTE Y VICE,21,Santa Fe,Castellanos,Lehmann,1230,FRENTE DE IZQUIERDA Y DE TRABAJADORES - UNIDAD,agrupacion,9,PROVISORIO,csv_por_mesa
2023,PASO,2023-08-13,PRESIDENTE Y VICE,21,Santa Fe,Castellanos,Lehmann,1230,FRENTE LIBER.AR,agrupacion,10,PROVISORIO,csv_por_mesa
2023,PASO,2023-08-13,PRESIDENTE Y VICE,21,Santa Fe,Castellanos,Lehmann,1230,FRENTE PATRIOTA FEDERAL,agrupacion,0,PROVISORIO,csv_por_mesa
2023,PASO,2023-08-13,PRESIDENTE Y VICE,21,Santa Fe,Castellanos,Lehmann,1230,HACEMOS POR NUESTRO PAIS,agrupacion,122,PROVISORIO,csv_por_mesa
2023,PASO,2023-08-13,PRESIDENTE Y VICE,21,Santa Fe,Castellanos,Lehmann,1230,IMPUGNADO,impugnados,0,PROVISORIO,csv_por_mesa
2023,PASO,2023-08-13,PRESIDENTE Y VICE,21,Santa Fe,Castellanos,Lehmann,1230,JUNTOS POR EL CAMBIO,agrupacion,606,PROVISORIO,csv_por_mesa
2023,PASO,2023-08-13,PRESIDENTE Y VICE,21,Santa Fe,Castellanos,Lehmann,1230,LA LIBERTAD AVANZA,agrupacion,682,PROVISORIO,csv_por_mesa
2023,PASO,2023-08-13,PRESIDENTE Y VICE,21,Santa Fe,Castellanos,Lehmann,1230,MOVIMIENTO AL SOCIALISMO,agrupacion,9,PROVISORIO,csv_por_mesa
2023,PASO,2023-08-13,PRESIDENTE Y VICE,21,Santa Fe,Castellanos,Lehmann,1230,MOVIMIENTO DE ACCION VECINAL,agrupacion,0,PROVISORIO,csv_por_mesa
2023,PASO,2023-08-13,PRESIDENTE Y VICE,21,Santa Fe,Castellanos,Lehmann,1230,MOVIMIENTO IZQUIERDA JUVENTUD Y DIGNIDAD,agrupacion,6,PROVISORIO,csv_por_mesa
2023,PASO,2023-08-13,PRESIDENTE Y VICE,21,Santa Fe,Castellanos,Lehmann,1230,MOVIMIENTO LIBRES DEL SUR,agrupacion,1,PROVISORIO,csv_por_mesa
2023,PASO,2023-08-13,PRESIDENTE Y VICE,21,Santa Fe,Castellanos,Lehmann,1230,NULO,nulos,60,PROVISORIO,csv_por_mesa
2023,PASO,2023-08-13,PRESIDENTE Y VICE,21,Santa Fe,Castellanos,Lehmann,1230,POLITICA OBRERA,agrupacion,5,PROVISORIO,csv_por_mesa
2023,PASO,2023-08-13,PRESIDENTE Y VICE,21,Santa Fe,Castellanos,Lehmann,1230,POSITIVO,positivo,1692,PROVISORIO,csv_por_mesa
2023,PASO,2023-08-13,PRESIDENTE Y VICE,21,Santa Fe,Castellanos,Lehmann,1230,PRINCIPIOS Y VALORES,agrupacion,23,PROVISORIO,csv_por_mesa
2023,PASO,2023-08-13,PRESIDENTE Y VICE,21,Santa Fe,Castellanos,Lehmann,1230,PROYECTO JOVEN,agrupacion,0,PROVISORIO,csv_por_mesa
2023,PASO,2023-08-13,PRESIDENTE Y VICE,21,Santa Fe,Castellanos,Lehmann,1230,RECURRIDO,recurridos,0,PROVISORIO,csv_por_mesa
2023,PASO,2023-08-13,PRESIDENTE Y VICE,21,Santa Fe,Castellanos,Lehmann,1230,UNION DEL CENTRO DEMOCRATICO,agrupacion,0,PROVISORIO,csv_por_mesa
2023,PASO,2023-08-13,PRESIDENTE Y VICE,21,Santa Fe,Castellanos,Lehmann,1230,UNION POR LA PATRIA,agrupacion,219,PROVISORIO,csv_por_mesa
2023,PASO,2023-08-13,PRESIDENTE Y VICE,21,Santa Fe,Castellanos,María Juana,1400,COMANDO,comando,3,PROVISORIO,csv_por_mesa
2023,PASO,2023-08-13,PRESIDENTE Y VICE,21,Santa Fe,Castellanos,María Juana,1400,EN BLANCO,blancos,116,PROVISORIO,csv_por_mesa
2023,PASO,2023-08-13,PRESIDENTE Y VICE,21,Santa Fe,Castellanos,María Juana,1400,FRENTE DE IZQUIERDA Y DE TRABAJADORES - UNIDAD,agrupacion,28,PROVISORIO,csv_por_mesa
2023,PASO,2023-08-13,PRESIDENTE Y VICE,21,Santa Fe,Castellanos,María Juana,1400,FRENTE LIBER.AR,agrupacion,4,PROVISORIO,csv_por_mesa
2023,PASO,2023-08-13,PRESIDENTE Y VICE,21,Santa Fe,Castellanos,María Juana,1400,FRENTE PATRIOTA FEDERAL,agrupacion,0,PROVISORIO,csv_por_mesa
2023,PASO,2023-08-13,PRESIDENTE Y VICE,21,Santa Fe,Castellanos,María Juana,1400,HACEMOS POR NUESTRO PAIS,agrupacion,513,PROVISORIO,csv_por_mesa
2023,PASO,2023-08-13,PRESIDENTE Y VICE,21,Santa Fe,Castellanos,María Juana,1400,IMPUGNADO,impugnados,0,PROVISORIO,csv_por_mesa
2023,PASO,2023-08-13,PRESIDENTE Y VICE,21,Santa Fe,Castellanos,María Juana,1400,JUNTOS POR EL CAMBIO,agrupacion,805,PROVISORIO,csv_por_mesa
2023,PASO,2023-08-13,PRESIDENTE Y VICE,21,Santa Fe,Castellanos,María Juana,1400,LA LIBERTAD AVANZA,agrupacion,900,PROVISORIO,csv_por_mesa
2023,PASO,2023-08-13,PRESIDENTE Y VICE,21,Santa Fe,Castellanos,María Juana,1400,MOVIMIENTO AL SOCIALISMO,agrupacion,4,PROVISORIO,csv_por_mesa
2023,PASO,2023-08-13,PRESIDENTE Y VICE,21,Santa Fe,Castellanos,María Juana,1400,MOVIMIENTO DE ACCION VECINAL,agrupacion,4,PROVISORIO,csv_por_mesa
2023,PASO,2023-08-13,PRESIDENTE Y VICE,21,Santa Fe,Castellanos,María Juana,1400,MOVIMIENTO IZQUIERDA JUVENTUD Y DIGNIDAD,agrupacion,9,PROVISORIO,csv_por_mesa
2023,PASO,2023-08-13,PRESIDENTE Y VICE,21,Santa Fe,Castellanos,María Juana,1400,MOVIMIENTO LIBRES DEL SUR,agrupacion,4,PROVISORIO,csv_por_mesa
2023,PASO,2023-08-13,PRESIDENTE Y VICE,21,Santa Fe,Castellanos,María Juana,1400,NULO,nulos,74,PROVISORIO,csv_por_mesa
2023,PASO,2023-08-13,PRESIDENTE Y VICE,21,Santa Fe,Castellanos,María Juana,1400,POLITICA OBRERA,agrupacion,8,PROVISORIO,csv_por_mesa
2023,PASO,2023-08-13,PRESIDENTE Y VICE,21,Santa Fe,Castellanos,María Juana,1400,POSITIVO,positivo,2774,PROVISORIO,csv_por_mesa
2023,PASO,2023-08-13,PRESIDENTE Y VICE,21,Santa Fe,Castellanos,María Juana,1400,PRINCIPIOS Y VALORES,agrupacion,14,PROVISORIO,csv_por_mesa
2023,PASO,2023-08-13,PRESIDENTE Y VICE,21,Santa Fe,Castellanos,María Juana,1400,PROYECTO JOVEN,agrupacion,0,PROVISORIO,csv_por_mesa
2023,PASO,2023-08-13,PRESIDENTE Y VICE,21,Santa Fe,Castellanos,María Juana,1400,RECURRIDO,recurridos,0,PROVISORIO,csv_por_mesa
2023,PASO,2023-08-13,PRESIDENTE Y VICE,21,Santa Fe,Castellanos,María Juana,1400,UNION DEL CENTRO DEMOCRATICO,agrupacion,0,PROVISORIO,csv_por_mesa
2023,PASO,2023-08-13,PRESIDENTE Y VICE,21,Santa Fe,Castellanos,María Juana,1400,UNION POR LA PATRIA,agrupacion,481,PROVISORIO,csv_por_mesa
2023,PASO,2023-08-13,PRESIDENTE Y VICE,21,Santa Fe,Castellanos,Ramona,1240,COMANDO,comando,0,PROVISORIO,csv_por_mesa
2023,PASO,2023-08-13,PRESIDENTE Y VICE,21,Santa Fe,Castellanos,Ramona,1240,EN BLANCO,blancos,61,PROVISORIO,csv_por_mesa
2023,PASO,2023-08-13,PRESIDENTE Y VICE,21,Santa Fe,Castellanos,Ramona,1240,FRENTE DE IZQUIERDA Y DE TRABAJADORES - UNIDAD,agrupacion,7,PROVISORIO,csv_por_mesa
2023,PASO,2023-08-13,PRESIDENTE Y VICE,21,Santa Fe,Castellanos,Ramona,1240,FRENTE LIBER.AR,agrupacion,2,PROVISORIO,csv_por_mesa
2023,PASO,2023-08-13,PRESIDENTE Y VICE,21,Santa Fe,Castellanos,Ramona,1240,FRENTE PATRIOTA FEDERAL,agrupacion,0,PROVISORIO,csv_por_mesa
2023,PASO,2023-08-13,PRESIDENTE Y VICE,21,Santa Fe,Castellanos,Ramona,1240,HACEMOS POR NUESTRO PAIS,agrupacion,146,PROVISORIO,csv_por_mesa
2023,PASO,2023-08-13,PRESIDENTE Y VICE,21,Santa Fe,Castellanos,Ramona,1240,IMPUGNADO,impugnados,0,PROVISORIO,csv_por_mesa
2023,PASO,2023-08-13,PRESIDENTE Y VICE,21,Santa Fe,Castellanos,Ramona,1240,JUNTOS POR EL CAMBIO,agrupacion,390,PROVISORIO,csv_por_mesa
2023,PASO,2023-08-13,PRESIDENTE Y VICE,21,Santa Fe,Castellanos,Ramona,1240,LA LIBERTAD AVANZA,agrupacion,312,PROVISORIO,csv_por_mesa
2023,PASO,2023-08-13,PRESIDENTE Y VICE,21,Santa Fe,Castellanos,Ramona,1240,MOVIMIENTO AL SOCIALISMO,agrupacion,3,PROVISORIO,csv_por_mesa
2023,PASO,2023-08-13,PRESIDENTE Y VICE,21,Santa Fe,Castellanos,Ramona,1240,MOVIMIENTO DE ACCION VECINAL,agrupacion,2,PROVISORIO,csv_por_mesa
2023,PASO,2023-08-13,PRESIDENTE Y VICE,21,Santa Fe,Castellanos,Ramona,1240,MOVIMIENTO IZQUIERDA JUVENTUD Y DIGNIDAD,agrupacion,4,PROVISORIO,csv_por_mesa
2023,PASO,2023-08-13,PRESIDENTE Y VICE,21,Santa Fe,Castellanos,Ramona,1240,MOVIMIENTO LIBRES DEL SUR,agrupacion,0,PROVISORIO,csv_por_mesa
2023,PASO,2023-08-13,PRESIDENTE Y VICE,21,Santa Fe,Castellanos,Ramona,1240,NULO,nulos,22,PROVISORIO,csv_por_mesa
2023,PASO,2023-08-13,PRESIDENTE Y VICE,21,Santa Fe,Castellanos,Ramona,1240,POLITICA OBRERA,agrupacion,1,PROVISORIO,csv_por_mesa
2023,PASO,2023-08-13,PRESIDENTE Y VICE,21,Santa Fe,Castellanos,Ramona,1240,POSITIVO,positivo,1033,PROVISORIO,csv_por_mesa
2023,PASO,2023-08-13,PRESIDENTE Y VICE,21,Santa Fe,Castellanos,Ramona,1240,PRINCIPIOS Y VALORES,agrupacion,4,PROVISORIO,csv_por_mesa
2023,PASO,2023-08-13,PRESIDENTE Y VICE,21,Santa Fe,Castellanos,Ramona,1240,PROYECTO JOVEN,agrupacion,0,PROVISORIO,csv_por_mesa
2023,PASO,2023-08-13,PRESIDENTE Y VICE,21,Santa Fe,Castellanos,Ramona,1240,RECURRIDO,recurridos,0,PROVISORIO,csv_por_mesa
2023,PASO,2023-08-13,PRESIDENTE Y VICE,21,Santa Fe,Castellanos,Ramona,1240,UNION DEL CENTRO DEMOCRATICO,agrupacion,0,PROVISORIO,csv_por_mesa
2023,PASO,2023-08-13,PRESIDENTE Y VICE,21,Santa Fe,Castellanos,Ramona,1240,UNION POR LA PATRIA,agrupacion,162,PROVISORIO,csv_por_mesa
2023,PASO,2023-08-13,PRESIDENTE Y VICE,21,Santa Fe,Castellanos,San Vicente,1420,COMANDO,comando,2,PROVISORIO,csv_por_mesa
2023,PASO,2023-08-13,PRESIDENTE Y VICE,21,Santa Fe,Castellanos,San Vicente,1420,EN BLANCO,blancos,150,PROVISORIO,csv_por_mesa
2023,PASO,2023-08-13,PRESIDENTE Y VICE,21,Santa Fe,Castellanos,San Vicente,1420,FRENTE DE IZQUIERDA Y DE TRABAJADORES - UNIDAD,agrupacion,18,PROVISORIO,csv_por_mesa
2023,PASO,2023-08-13,PRESIDENTE Y VICE,21,Santa Fe,Castellanos,San Vicente,1420,FRENTE LIBER.AR,agrupacion,12,PROVISORIO,csv_por_mesa
2023,PASO,2023-08-13,PRESIDENTE Y VICE,21,Santa Fe,Castellanos,San Vicente,1420,FRENTE PATRIOTA FEDERAL,agrupacion,0,PROVISORIO,csv_por_mesa
2023,PASO,2023-08-13,PRESIDENTE Y VICE,21,Santa Fe,Castellanos,San Vicente,1420,HACEMOS POR NUESTRO PAIS,agrupacion,306,PROVISORIO,csv_por_mesa
2023,PASO,2023-08-13,PRESIDENTE Y VICE,21,Santa Fe,Castellanos,San Vicente,1420,IMPUGNADO,impugnados,1,PROVISORIO,csv_por_mesa
2023,PASO,2023-08-13,PRESIDENTE Y VICE,21,Santa Fe,Castellanos,San Vicente,1420,JUNTOS POR EL CAMBIO,agrupacion,1098,PROVISORIO,csv_por_mesa
2023,PASO,2023-08-13,PRESIDENTE Y VICE,21,Santa Fe,Castellanos,San Vicente,1420,LA LIBERTAD AVANZA,agrupacion,1380,PROVISORIO,csv_por_mesa
2023,PASO,2023-08-13,PRESIDENTE Y VICE,21,Santa Fe,Castellanos,San Vicente,1420,MOVIMIENTO AL SOCIALISMO,agrupacion,10,PROVISORIO,csv_por_mesa
2023,PASO,2023-08-13,PRESIDENTE Y VICE,21,Santa Fe,Castellanos,San Vicente,1420,MOVIMIENTO DE ACCION VECINAL,agrupacion,6,PROVISORIO,csv_por_mesa
2023,PASO,2023-08-13,PRESIDENTE Y VICE,21,Santa Fe,Castellanos,San Vicente,1420,MOVIMIENTO IZQUIERDA JUVENTUD Y DIGNIDAD,agrupacion,10,PROVISORIO,csv_por_mesa
2023,PASO,2023-08-13,PRESIDENTE Y VICE,21,Santa Fe,Castellanos,San Vicente,1420,MOVIMIENTO LIBRES DEL SUR,agrupacion,4,PROVISORIO,csv_por_mesa
2023,PASO,2023-08-13,PRESIDENTE Y VICE,21,Santa Fe,Castellanos,San Vicente,1420,NULO,nulos,74,PROVISORIO,csv_por_mesa
2023,PASO,2023-08-13,PRESIDENTE Y VICE,21,Santa Fe,Castellanos,San Vicente,1420,POLITICA OBRERA,agrupacion,5,PROVISORIO,csv_por_mesa
2023,PASO,2023-08-13,PRESIDENTE Y VICE,21,Santa Fe,Castellanos,San Vicente,1420,POSITIVO,positivo,3353,PROVISORIO,csv_por_mesa
2023,PASO,2023-08-13,PRESIDENTE Y VICE,21,Santa Fe,Castellanos,San Vicente,1420,PRINCIPIOS Y VALORES,agrupacion,29,PROVISORIO,csv_por_mesa
2023,PASO,2023-08-13,PRESIDENTE Y VICE,21,Santa Fe,Castellanos,San Vicente,1420,PROYECTO JOVEN,agrupacion,0,PROVISORIO,csv_por_mesa
2023,PASO,2023-08-13,PRESIDENTE Y VICE,21,Santa Fe,Castellanos,San Vicente,1420,RECURRIDO,recurridos,0,PROVISORIO,csv_por_mesa
2023,PASO,2023-08-13,PRESIDENTE Y VICE,21,Santa Fe,Castellanos,San Vicente,1420,UNION DEL CENTRO DEMOCRATICO,agrupacion,0,PROVISORIO,csv_por_mesa
2023,PASO,2023-08-13,PRESIDENTE Y VICE,21,Santa Fe,Castellanos,San Vicente,1420,UNION POR LA PATRIA,agrupacion,475,PROVISORIO,csv_por_mesa
2023,PASO,2023-08-13,PRESIDENTE Y VICE,21,Santa Fe,Castellanos,Santa Clara de Saguier,1300,COMANDO,comando,5,PROVISORIO,csv_por_mesa
2023,PASO,2023-08-13,PRESIDENTE Y VICE,21,Santa Fe,Castellanos,Santa Clara de Saguier,1300,EN BLANCO,blancos,57,PROVISORIO,csv_por_mesa
2023,PASO,2023-08-13,PRESIDENTE Y VICE,21,Santa Fe,Castellanos,Santa Clara de Saguier,1300,FRENTE DE IZQUIERDA Y DE TRABAJADORES - UNIDAD,agrupacion,17,PROVISORIO,csv_por_mesa
2023,PASO,2023-08-13,PRESIDENTE Y VICE,21,Santa Fe,Castellanos,Santa Clara de Saguier,1300,FRENTE LIBER.AR,agrupacion,2,PROVISORIO,csv_por_mesa
2023,PASO,2023-08-13,PRESIDENTE Y VICE,21,Santa Fe,Castellanos,Santa Clara de Saguier,1300,FRENTE PATRIOTA FEDERAL,agrupacion,0,PROVISORIO,csv_por_mesa
2023,PASO,2023-08-13,PRESIDENTE Y VICE,21,Santa Fe,Castellanos,Santa Clara de Saguier,1300,HACEMOS POR NUESTRO PAIS,agrupacion,141,PROVISORIO,csv_por_mesa
2023,PASO,2023-08-13,PRESIDENTE Y VICE,21,Santa Fe,Castellanos,Santa Clara de Saguier,1300,IMPUGNADO,impugnados,0,PROVISORIO,csv_por_mesa
2023,PASO,2023-08-13,PRESIDENTE Y VICE,21,Santa Fe,Castellanos,Santa Clara de Saguier,1300,JUNTOS POR EL CAMBIO,agrupacion,392,PROVISORIO,csv_por_mesa
2023,PASO,2023-08-13,PRESIDENTE Y VICE,21,Santa Fe,Castellanos,Santa Clara de Saguier,1300,LA LIBERTAD AVANZA,agrupacion,392,PROVISORIO,csv_por_mesa
2023,PASO,2023-08-13,PRESIDENTE Y VICE,21,Santa Fe,Castellanos,Santa Clara de Saguier,1300,MOVIMIENTO AL SOCIALISMO,agrupacion,1,PROVISORIO,csv_por_mesa
2023,PASO,2023-08-13,PRESIDENTE Y VICE,21,Santa Fe,Castellanos,Santa Clara de Saguier,1300,MOVIMIENTO DE ACCION VECINAL,agrupacion,1,PROVISORIO,csv_por_mesa
2023,PASO,2023-08-13,PRESIDENTE Y VICE,21,Santa Fe,Castellanos,Santa Clara de Saguier,1300,MOVIMIENTO IZQUIERDA JUVENTUD Y DIGNIDAD,agrupacion,3,PROVISORIO,csv_por_mesa
2023,PASO,2023-08-13,PRESIDENTE Y VICE,21,Santa Fe,Castellanos,Santa Clara de Saguier,1300,MOVIMIENTO LIBRES DEL SUR,agrupacion,0,PROVISORIO,csv_por_mesa
2023,PASO,2023-08-13,PRESIDENTE Y VICE,21,Santa Fe,Castellanos,Santa Clara de Saguier,1300,NULO,nulos,17,PROVISORIO,csv_por_mesa
2023,PASO,2023-08-13,PRESIDENTE Y VICE,21,Santa Fe,Castellanos,Santa Clara de Saguier,1300,POLITICA OBRERA,agrupacion,5,PROVISORIO,csv_por_mesa
2023,PASO,2023-08-13,PRESIDENTE Y VICE,21,Santa Fe,Castellanos,Santa Clara de Saguier,1300,POSITIVO,positivo,1088,PROVISORIO,csv_por_mesa
2023,PASO,2023-08-13,PRESIDENTE Y VICE,21,Santa Fe,Castellanos,Santa Clara de Saguier,1300,PRINCIPIOS Y VALORES,agrupacion,8,PROVISORIO,csv_por_mesa
2023,PASO,2023-08-13,PRESIDENTE Y VICE,21,Santa Fe,Castellanos,Santa Clara de Saguier,1300,PROYECTO JOVEN,agrupacion,0,PROVISORIO,csv_por_mesa
2023,PASO,2023-08-13,PRESIDENTE Y VICE,21,Santa Fe,Castellanos,Santa Clara de Saguier,1300,RECURRIDO,recurridos,0,PROVISORIO,csv_por_mesa
2023,PASO,2023-08-13,PRESIDENTE Y VICE,21,Santa Fe,Castellanos,Santa Clara de Saguier,1300,UNION DEL CENTRO DEMOCRATICO,agrupacion,0,PROVISORIO,csv_por_mesa
2023,PASO,2023-08-13,PRESIDENTE Y VICE,21,Santa Fe,Castellanos,Santa Clara de Saguier,1300,UNION POR LA PATRIA,agrupacion,126,PROVISORIO,csv_por_mesa
2023,PASO,2023-08-13,PRESIDENTE Y VICE,21,Santa Fe,Castellanos,Sunchales,1180,COMANDO,comando,3,PROVISORIO,csv_por_mesa
2023,PASO,2023-08-13,PRESIDENTE Y VICE,21,Santa Fe,Castellanos,Sunchales,1180,EN BLANCO,blancos,380,PROVISORIO,csv_por_mesa
2023,PASO,2023-08-13,PRESIDENTE Y VICE,21,Santa Fe,Castellanos,Sunchales,1180,FRENTE DE IZQUIERDA Y DE TRABAJADORES - UNIDAD,agrupacion,102,PROVISORIO,csv_por_mesa
2023,PASO,2023-08-13,PRESIDENTE Y VICE,21,Santa Fe,Castellanos,Sunchales,1180,FRENTE LIBER.AR,agrupacion,16,PROVISORIO,csv_por_mesa
2023,PASO,2023-08-13,PRESIDENTE Y VICE,21,Santa Fe,Castellanos,Sunchales,1180,FRENTE PATRIOTA FEDERAL,agrupacion,0,PROVISORIO,csv_por_mesa
2023,PASO,2023-08-13,PRESIDENTE Y VICE,21,Santa Fe,Castellanos,Sunchales,1180,HACEMOS POR NUESTRO PAIS,agrupacion,1159,PROVISORIO,csv_por_mesa
2023,PASO,2023-08-13,PRESIDENTE Y VICE,21,Santa Fe,Castellanos,Sunchales,1180,IMPUGNADO,impugnados,0,PROVISORIO,csv_por_mesa
2023,PASO,2023-08-13,PRESIDENTE Y VICE,21,Santa Fe,Castellanos,Sunchales,1180,JUNTOS POR EL CAMBIO,agrupacion,4646,PROVISORIO,csv_por_mesa
2023,PASO,2023-08-13,PRESIDENTE Y VICE,21,Santa Fe,Castellanos,Sunchales,1180,LA LIBERTAD AVANZA,agrupacion,4529,PROVISORIO,csv_por_mesa
2023,PASO,2023-08-13,PRESIDENTE Y VICE,21,Santa Fe,Castellanos,Sunchales,1180,MOVIMIENTO AL SOCIALISMO,agrupacion,34,PROVISORIO,csv_por_mesa
2023,PASO,2023-08-13,PRESIDENTE Y VICE,21,Santa Fe,Castellanos,Sunchales,1180,MOVIMIENTO DE ACCION VECINAL,agrupacion,16,PROVISORIO,csv_por_mesa
2023,PASO,2023-08-13,PRESIDENTE Y VICE,21,Santa Fe,Castellanos,Sunchales,1180,MOVIMIENTO IZQUIERDA JUVENTUD Y DIGNIDAD,agrupacion,45,PROVISORIO,csv_por_mesa
2023,PASO,2023-08-13,PRESIDENTE Y VICE,21,Santa Fe,Castellanos,Sunchales,1180,MOVIMIENTO LIBRES DEL SUR,agrupacion,26,PROVISORIO,csv_por_mesa
2023,PASO,2023-08-13,PRESIDENTE Y VICE,21,Santa Fe,Castellanos,Sunchales,1180,NULO,nulos,352,PROVISORIO,csv_por_mesa
2023,PASO,2023-08-13,PRESIDENTE Y VICE,21,Santa Fe,Castellanos,Sunchales,1180,POLITICA OBRERA,agrupacion,20,PROVISORIO,csv_por_mesa
2023,PASO,2023-08-13,PRESIDENTE Y VICE,21,Santa Fe,Castellanos,Sunchales,1180,POSITIVO,positivo,12868,PROVISORIO,csv_por_mesa
2023,PASO,2023-08-13,PRESIDENTE Y VICE,21,Santa Fe,Castellanos,Sunchales,1180,PRINCIPIOS Y VALORES,agrupacion,99,PROVISORIO,csv_por_mesa
2023,PASO,2023-08-13,PRESIDENTE Y VICE,21,Santa Fe,Castellanos,Sunchales,1180,PROYECTO JOVEN,agrupacion,0,PROVISORIO,csv_por_mesa
2023,PASO,2023-08-13,PRESIDENTE Y VICE,21,Santa Fe,Castellanos,Sunchales,1180,RECURRIDO,recurridos,0,PROVISORIO,csv_por_mesa
2023,PASO,2023-08-13,PRESIDENTE Y VICE,21,Santa Fe,Castellanos,Sunchales,1180,UNION DEL CENTRO DEMOCRATICO,agrupacion,0,PROVISORIO,csv_por_mesa
2023,PASO,2023-08-13,PRESIDENTE Y VICE,21,Santa Fe,Castellanos,Sunchales,1180,UNION POR LA PATRIA,agrupacion,2176,PROVISORIO,csv_por_mesa
2023,PASO,2023-08-13,PRESIDENTE Y VICE,21,Santa Fe,Castellanos,Zenón Pereyra,1380,COMANDO,comando,2,PROVISORIO,csv_por_mesa
2023,PASO,2023-08-13,PRESIDENTE Y VICE,21,Santa Fe,Castellanos,Zenón Pereyra,1380,EN BLANCO,blancos,53,PROVISORIO,csv_por_mesa
2023,PASO,2023-08-13,PRESIDENTE Y VICE,21,Santa Fe,Castellanos,Zenón Pereyra,1380,FRENTE DE IZQUIERDA Y DE TRABAJADORES - UNIDAD,agrupacion,2,PROVISORIO,csv_por_mesa
2023,PASO,2023-08-13,PRESIDENTE Y VICE,21,Santa Fe,Castellanos,Zenón Pereyra,1380,FRENTE LIBER.AR,agrupacion,2,PROVISORIO,csv_por_mesa
2023,PASO,2023-08-13,PRESIDENTE Y VICE,21,Santa Fe,Castellanos,Zenón Pereyra,1380,FRENTE PATRIOTA FEDERAL,agrupacion,0,PROVISORIO,csv_por_mesa
2023,PASO,2023-08-13,PRESIDENTE Y VICE,21,Santa Fe,Castellanos,Zenón Pereyra,1380,HACEMOS POR NUESTRO PAIS,agrupacion,142,PROVISORIO,csv_por_mesa
2023,PASO,2023-08-13,PRESIDENTE Y VICE,21,Santa Fe,Castellanos,Zenón Pereyra,1380,IMPUGNADO,impugnados,0,PROVISORIO,csv_por_mesa
2023,PASO,2023-08-13,PRESIDENTE Y VICE,21,Santa Fe,Castellanos,Zenón Pereyra,1380,JUNTOS POR EL CAMBIO,agrupacion,389,PROVISORIO,csv_por_mesa
2023,PASO,2023-08-13,PRESIDENTE Y VICE,21,Santa Fe,Castellanos,Zenón Pereyra,1380,LA LIBERTAD AVANZA,agrupacion,408,PROVISORIO,csv_por_mesa
2023,PASO,2023-08-13,PRESIDENTE Y VICE,21,Santa Fe,Castellanos,Zenón Pereyra,1380,MOVIMIENTO AL SOCIALISMO,agrupacion,2,PROVISORIO,csv_por_mesa
2023,PASO,2023-08-13,PRESIDENTE Y VICE,21,Santa Fe,Castellanos,Zenón Pereyra,1380,MOVIMIENTO DE ACCION VECINAL,agrupacion,0,PROVISORIO,csv_por_mesa
2023,PASO,2023-08-13,PRESIDENTE Y VICE,21,Santa Fe,Castellanos,Zenón Pereyra,1380,MOVIMIENTO IZQUIERDA JUVENTUD Y DIGNIDAD,agrupacion,5,PROVISORIO,csv_por_mesa
2023,PASO,2023-08-13,PRESIDENTE Y VICE,21,Santa Fe,Castellanos,Zenón Pereyra,1380,MOVIMIENTO LIBRES DEL SUR,agrupacion,1,PROVISORIO,csv_por_mesa
2023,PASO,2023-08-13,PRESIDENTE Y VICE,21,Santa Fe,Castellanos,Zenón Pereyra,1380,NULO,nulos,9,PROVISORIO,csv_por_mesa
2023,PASO,2023-08-13,PRESIDENTE Y VICE,21,Santa Fe,Castellanos,Zenón Pereyra,1380,POLITICA OBRERA,agrupacion,2,PROVISORIO,csv_por_mesa
2023,PASO,2023-08-13,PRESIDENTE Y VICE,21,Santa Fe,Castellanos,Zenón Pereyra,1380,POSITIVO,positivo,1032,PROVISORIO,csv_por_mesa
2023,PASO,2023-08-13,PRESIDENTE Y VICE,21,Santa Fe,Castellanos,Zenón Pereyra,1380,PRINCIPIOS Y VALORES,agrupacion,3,PROVISORIO,csv_por_mesa
2023,PASO,2023-08-13,PRESIDENTE Y VICE,21,Santa Fe,Castellanos,Zenón Pereyra,1380,PROYECTO JOVEN,agrupacion,0,PROVISORIO,csv_por_mesa
2023,PASO,2023-08-13,PRESIDENTE Y VICE,21,Santa Fe,Castellanos,Zenón Pereyra,1380,RECURRIDO,recurridos,0,PROVISORIO,csv_por_mesa
2023,PASO,2023-08-13,PRESIDENTE Y VICE,21,Santa Fe,Castellanos,Zenón Pereyra,1380,UNION DEL CENTRO DEMOCRATICO,agrupacion,0,PROVISORIO,csv_por_mesa
2023,PASO,2023-08-13,PRESIDENTE Y VICE,21,Santa Fe,Castellanos,Zenón Pereyra,1380,UNION POR LA PATRIA,agrupacion,76,PROVISORIO,csv_por_mesa
2023,PASO,2023-08-13,PRESIDENTE Y VICE,21,Santa Fe,Las Colonias,Esperanza,550,COMANDO,comando,22,PROVISORIO,csv_por_mesa
2023,PASO,2023-08-13,PRESIDENTE Y VICE,21,Santa Fe,Las Colonias,Esperanza,550,EN BLANCO,blancos,734,PROVISORIO,csv_por_mesa
2023,PASO,2023-08-13,PRESIDENTE Y VICE,21,Santa Fe,Las Colonias,Esperanza,550,FRENTE DE IZQUIERDA Y DE TRABAJADORES - UNIDAD,agrupacion,170,PROVISORIO,csv_por_mesa
2023,PASO,2023-08-13,PRESIDENTE Y VICE,21,Santa Fe,Las Colonias,Esperanza,550,FRENTE LIBER.AR,agrupacion,50,PROVISORIO,csv_por_mesa
2023,PASO,2023-08-13,PRESIDENTE Y VICE,21,Santa Fe,Las Colonias,Esperanza,550,FRENTE PATRIOTA FEDERAL,agrupacion,0,PROVISORIO,csv_por_mesa
2023,PASO,2023-08-13,PRESIDENTE Y VICE,21,Santa Fe,Las Colonias,Esperanza,550,HACEMOS POR NUESTRO PAIS,agrupacion,711,PROVISORIO,csv_por_mesa
2023,PASO,2023-08-13,PRESIDENTE Y VICE,21,Santa Fe,Las Colonias,Esperanza,550,IMPUGNADO,impugnados,0,PROVISORIO,csv_por_mesa
2023,PASO,2023-08-13,PRESIDENTE Y VICE,21,Santa Fe,Las Colonias,Esperanza,550,JUNTOS POR EL CAMBIO,agrupacion,8646,PROVISORIO,csv_por_mesa
2023,PASO,2023-08-13,PRESIDENTE Y VICE,21,Santa Fe,Las Colonias,Esperanza,550,LA LIBERTAD AVANZA,agrupacion,10867,PROVISORIO,csv_por_mesa
2023,PASO,2023-08-13,PRESIDENTE Y VICE,21,Santa Fe,Las Colonias,Esperanza,550,MOVIMIENTO AL SOCIALISMO,agrupacion,55,PROVISORIO,csv_por_mesa
2023,PASO,2023-08-13,PRESIDENTE Y VICE,21,Santa Fe,Las Colonias,Esperanza,550,MOVIMIENTO DE ACCION VECINAL,agrupacion,19,PROVISORIO,csv_por_mesa
2023,PASO,2023-08-13,PRESIDENTE Y VICE,21,Santa Fe,Las Colonias,Esperanza,550,MOVIMIENTO IZQUIERDA JUVENTUD Y DIGNIDAD,agrupacion,89,PROVISORIO,csv_por_mesa
2023,PASO,2023-08-13,PRESIDENTE Y VICE,21,Santa Fe,Las Colonias,Esperanza,550,MOVIMIENTO LIBRES DEL SUR,agrupacion,44,PROVISORIO,csv_por_mesa
2023,PASO,2023-08-13,PRESIDENTE Y VICE,21,Santa Fe,Las Colonias,Esperanza,550,NULO,nulos,571,PROVISORIO,csv_por_mesa
2023,PASO,2023-08-13,PRESIDENTE Y VICE,21,Santa Fe,Las Colonias,Esperanza,550,POLITICA OBRERA,agrupacion,35,PROVISORIO,csv_por_mesa
2023,PASO,2023-08-13,PRESIDENTE Y VICE,21,Santa Fe,Las Colonias,Esperanza,550,POSITIVO,positivo,23736,PROVISORIO,csv_por_mesa
2023,PASO,2023-08-13,PRESIDENTE Y VICE,21,Santa Fe,Las Colonias,Esperanza,550,PRINCIPIOS Y VALORES,agrupacion,283,PROVISORIO,csv_por_mesa
2023,PASO,2023-08-13,PRESIDENTE Y VICE,21,Santa Fe,Las Colonias,Esperanza,550,PROYECTO JOVEN,agrupacion,24,PROVISORIO,csv_por_mesa
2023,PASO,2023-08-13,PRESIDENTE Y VICE,21,Santa Fe,Las Colonias,Esperanza,550,RECURRIDO,recurridos,0,PROVISORIO,csv_por_mesa
2023,PASO,2023-08-13,PRESIDENTE Y VICE,21,Santa Fe,Las Colonias,Esperanza,550,UNION DEL CENTRO DEMOCRATICO,agrupacion,0,PROVISORIO,csv_por_mesa
2023,PASO,2023-08-13,PRESIDENTE Y VICE,21,Santa Fe,Las Colonias,Esperanza,550,UNION POR LA PATRIA,agrupacion,2743,PROVISORIO,csv_por_mesa
2023,PASO,2023-08-13,PRESIDENTE Y VICE,21,Santa Fe,Las Colonias,Felicia,600,COMANDO,comando,2,PROVISORIO,csv_por_mesa
2023,PASO,2023-08-13,PRESIDENTE Y VICE,21,Santa Fe,Las Colonias,Felicia,600,EN BLANCO,blancos,72,PROVISORIO,csv_por_mesa
2023,PASO,2023-08-13,PRESIDENTE Y VICE,21,Santa Fe,Las Colonias,Felicia,600,FRENTE DE IZQUIERDA Y DE TRABAJADORES - UNIDAD,agrupacion,8,PROVISORIO,csv_por_mesa
2023,PASO,2023-08-13,PRESIDENTE Y VICE,21,Santa Fe,Las Colonias,Felicia,600,FRENTE LIBER.AR,agrupacion,4,PROVISORIO,csv_por_mesa
2023,PASO,2023-08-13,PRESIDENTE Y VICE,21,Santa Fe,Las Colonias,Felicia,600,FRENTE PATRIOTA FEDERAL,agrupacion,0,PROVISORIO,csv_por_mesa
2023,PASO,2023-08-13,PRESIDENTE Y VICE,21,Santa Fe,Las Colonias,Felicia,600,HACEMOS POR NUESTRO PAIS,agrupacion,59,PROVISORIO,csv_por_mesa
2023,PASO,2023-08-13,PRESIDENTE Y VICE,21,Santa Fe,Las Colonias,Felicia,600,IMPUGNADO,impugnados,0,PROVISORIO,csv_por_mesa
2023,PASO,2023-08-13,PRESIDENTE Y VICE,21,Santa Fe,Las Colonias,Felicia,600,JUNTOS POR EL CAMBIO,agrupacion,563,PROVISORIO,csv_por_mesa
2023,PASO,2023-08-13,PRESIDENTE Y VICE,21,Santa Fe,Las Colonias,Felicia,600,LA LIBERTAD AVANZA,agrupacion,629,PROVISORIO,csv_por_mesa
2023,PASO,2023-08-13,PRESIDENTE Y VICE,21,Santa Fe,Las Colonias,Felicia,600,MOVIMIENTO AL SOCIALISMO,agrupacion,2,PROVISORIO,csv_por_mesa
2023,PASO,2023-08-13,PRESIDENTE Y VICE,21,Santa Fe,Las Colonias,Felicia,600,MOVIMIENTO DE ACCION VECINAL,agrupacion,2,PROVISORIO,csv_por_mesa
2023,PASO,2023-08-13,PRESIDENTE Y VICE,21,Santa Fe,Las Colonias,Felicia,600,MOVIMIENTO IZQUIERDA JUVENTUD Y DIGNIDAD,agrupacion,5,PROVISORIO,csv_por_mesa
2023,PASO,2023-08-13,PRESIDENTE Y VICE,21,Santa Fe,Las Colonias,Felicia,600,MOVIMIENTO LIBRES DEL SUR,agrupacion,2,PROVISORIO,csv_por_mesa
2023,PASO,2023-08-13,PRESIDENTE Y VICE,21,Santa Fe,Las Colonias,Felicia,600,NULO,nulos,11,PROVISORIO,csv_por_mesa
2023,PASO,2023-08-13,PRESIDENTE Y VICE,21,Santa Fe,Las Colonias,Felicia,600,POLITICA OBRERA,agrupacion,5,PROVISORIO,csv_por_mesa
2023,PASO,2023-08-13,PRESIDENTE Y VICE,21,Santa Fe,Las Colonias,Felicia,600,POSITIVO,positivo,1404,PROVISORIO,csv_por_mesa
2023,PASO,2023-08-13,PRESIDENTE Y VICE,21,Santa Fe,Las Colonias,Felicia,600,PRINCIPIOS Y VALORES,agrupacion,15,PROVISORIO,csv_por_mesa
2023,PASO,2023-08-13,PRESIDENTE Y VICE,21,Santa Fe,Las Colonias,Felicia,600,PROYECTO JOVEN,agrupacion,2,PROVISORIO,csv_por_mesa
2023,PASO,2023-08-13,PRESIDENTE Y VICE,21,Santa Fe,Las Colonias,Felicia,600,RECURRIDO,recurridos,0,PROVISORIO,csv_por_mesa
2023,PASO,2023-08-13,PRESIDENTE Y VICE,21,Santa Fe,Las Colonias,Felicia,600,UNION DEL CENTRO DEMOCRATICO,agrupacion,0,PROVISORIO,csv_por_mesa
2023,PASO,2023-08-13,PRESIDENTE Y VICE,21,Santa Fe,Las Colonias,Felicia,600,UNION POR LA PATRIA,agrupacion,108,PROVISORIO,csv_por_mesa
2023,PASO,2023-08-13,PRESIDENTE Y VICE,21,Santa Fe,Las Colonias,Franck,530,COMANDO,comando,3,PROVISORIO,csv_por_mesa
2023,PASO,2023-08-13,PRESIDENTE Y VICE,21,Santa Fe,Las Colonias,Franck,530,EN BLANCO,blancos,178,PROVISORIO,csv_por_mesa
2023,PASO,2023-08-13,PRESIDENTE Y VICE,21,Santa Fe,Las Colonias,Franck,530,FRENTE DE IZQUIERDA Y DE TRABAJADORES - UNIDAD,agrupacion,31,PROVISORIO,csv_por_mesa
2023,PASO,2023-08-13,PRESIDENTE Y VICE,21,Santa Fe,Las Colonias,Franck,530,FRENTE LIBER.AR,agrupacion,10,PROVISORIO,csv_por_mesa
2023,PASO,2023-08-13,PRESIDENTE Y VICE,21,Santa Fe,Las Colonias,Franck,530,FRENTE PATRIOTA FEDERAL,agrupacion,0,PROVISORIO,csv_por_mesa
2023,PASO,2023-08-13,PRESIDENTE Y VICE,21,Santa Fe,Las Colonias,Franck,530,HACEMOS POR NUESTRO PAIS,agrupacion,183,PROVISORIO,csv_por_mesa
2023,PASO,2023-08-13,PRESIDENTE Y VICE,21,Santa Fe,Las Colonias,Franck,530,IMPUGNADO,impugnados,0,PROVISORIO,csv_por_mesa
2023,PASO,2023-08-13,PRESIDENTE Y VICE,21,Santa Fe,Las Colonias,Franck,530,JUNTOS POR EL CAMBIO,agrupacion,1607,PROVISORIO,csv_por_mesa
2023,PASO,2023-08-13,PRESIDENTE Y VICE,21,Santa Fe,Las Colonias,Franck,530,LA LIBERTAD AVANZA,agrupacion,1670,PROVISORIO,csv_por_mesa
2023,PASO,2023-08-13,PRESIDENTE Y VICE,21,Santa Fe,Las Colonias,Franck,530,MOVIMIENTO AL SOCIALISMO,agrupacion,9,PROVISORIO,csv_por_mesa
2023,PASO,2023-08-13,PRESIDENTE Y VICE,21,Santa Fe,Las Colonias,Franck,530,MOVIMIENTO DE ACCION VECINAL,agrupacion,5,PROVISORIO,csv_por_mesa
2023,PASO,2023-08-13,PRESIDENTE Y VICE,21,Santa Fe,Las Colonias,Franck,530,MOVIMIENTO IZQUIERDA JUVENTUD Y DIGNIDAD,agrupacion,10,PROVISORIO,csv_por_mesa
2023,PASO,2023-08-13,PRESIDENTE Y VICE,21,Santa Fe,Las Colonias,Franck,530,MOVIMIENTO LIBRES DEL SUR,agrupacion,7,PROVISORIO,csv_por_mesa
2023,PASO,2023-08-13,PRESIDENTE Y VICE,21,Santa Fe,Las Colonias,Franck,530,NULO,nulos,75,PROVISORIO,csv_por_mesa
2023,PASO,2023-08-13,PRESIDENTE Y VICE,21,Santa Fe,Las Colonias,Franck,530,POLITICA OBRERA,agrupacion,9,PROVISORIO,csv_por_mesa
2023,PASO,2023-08-13,PRESIDENTE Y VICE,21,Santa Fe,Las Colonias,Franck,530,POSITIVO,positivo,3904,PROVISORIO,csv_por_mesa
2023,PASO,2023-08-13,PRESIDENTE Y VICE,21,Santa Fe,Las Colonias,Franck,530,PRINCIPIOS Y VALORES,agrupacion,27,PROVISORIO,csv_por_mesa
2023,PASO,2023-08-13,PRESIDENTE Y VICE,21,Santa Fe,Las Colonias,Franck,530,PROYECTO JOVEN,agrupacion,3,PROVISORIO,csv_por_mesa
2023,PASO,2023-08-13,PRESIDENTE Y VICE,21,Santa Fe,Las Colonias,Franck,530,RECURRIDO,recurridos,0,PROVISORIO,csv_por_mesa
2023,PASO,2023-08-13,PRESIDENTE Y VICE,21,Santa Fe,Las Colonias,Franck,530,UNION DEL CENTRO DEMOCRATICO,agrupacion,0,PROVISORIO,csv_por_mesa
2023,PASO,2023-08-13,PRESIDENTE Y VICE,21,Santa Fe,Las Colonias,Franck,530,UNION POR LA PATRIA,agrupacion,333,PROVISORIO,csv_por_mesa
2023,PASO,2023-08-13,PRESIDENTE Y VICE,21,Santa Fe,Las Colonias,Humboldt,560,COMANDO,comando,3,PROVISORIO,csv_por_mesa
2023,PASO,2023-08-13,PRESIDENTE Y VICE,21,Santa Fe,Las Colonias,Humboldt,560,EN BLANCO,blancos,113,PROVISORIO,csv_por_mesa
2023,PASO,2023-08-13,PRESIDENTE Y VICE,21,Santa Fe,Las Colonias,Humboldt,560,FRENTE DE IZQUIERDA Y DE TRABAJADORES - UNIDAD,agrupacion,18,PROVISORIO,csv_por_mesa
2023,PASO,2023-08-13,PRESIDENTE Y VICE,21,Santa Fe,Las Colonias,Humboldt,560,FRENTE LIBER.AR,agrupacion,9,PROVISORIO,csv_por_mesa
2023,PASO,2023-08-13,PRESIDENTE Y VICE,21,Santa Fe,Las Colonias,Humboldt,560,FRENTE PATRIOTA FEDERAL,agrupacion,0,PROVISORIO,csv_por_mesa
2023,PASO,2023-08-13,PRESIDENTE Y VICE,21,Santa Fe,Las Colonias,Humboldt,560,HACEMOS POR NUESTRO PAIS,agrupacion,112,PROVISORIO,csv_por_mesa
2023,PASO,2023-08-13,PRESIDENTE Y VICE,21,Santa Fe,Las Colonias,Humboldt,560,IMPUGNADO,impugnados,0,PROVISORIO,csv_por_mesa
2023,PASO,2023-08-13,PRESIDENTE Y VICE,21,Santa Fe,Las Colonias,Humboldt,560,JUNTOS POR EL CAMBIO,agrupacion,993,PROVISORIO,csv_por_mesa
2023,PASO,2023-08-13,PRESIDENTE Y VICE,21,Santa Fe,Las Colonias,Humboldt,560,LA LIBERTAD AVANZA,agrupacion,1375,PROVISORIO,csv_por_mesa
2023,PASO,2023-08-13,PRESIDENTE Y VICE,21,Santa Fe,Las Colonias,Humboldt,560,MOVIMIENTO AL SOCIALISMO,agrupacion,7,PROVISORIO,csv_por_mesa
2023,PASO,2023-08-13,PRESIDENTE Y VICE,21,Santa Fe,Las Colonias,Humboldt,560,MOVIMIENTO DE ACCION VECINAL,agrupacion,3,PROVISORIO,csv_por_mesa
2023,PASO,2023-08-13,PRESIDENTE Y VICE,21,Santa Fe,Las Colonias,Humboldt,560,MOVIMIENTO IZQUIERDA JUVENTUD Y DIGNIDAD,agrupacion,12,PROVISORIO,csv_por_mesa
2023,PASO,2023-08-13,PRESIDENTE Y VICE,21,Santa Fe,Las Colonias,Humboldt,560,MOVIMIENTO LIBRES DEL SUR,agrupacion,2,PROVISORIO,csv_por_mesa
2023,PASO,2023-08-13,PRESIDENTE Y VICE,21,Santa Fe,Las Colonias,Humboldt,560,NULO,nulos,34,PROVISORIO,csv_por_mesa
2023,PASO,2023-08-13,PRESIDENTE Y VICE,21,Santa Fe,Las Colonias,Humboldt,560,POLITICA OBRERA,agrupacion,6,PROVISORIO,csv_por_mesa
2023,PASO,2023-08-13,PRESIDENTE Y VICE,21,Santa Fe,Las Colonias,Humboldt,560,POSITIVO,positivo,2891,PROVISORIO,csv_por_mesa
2023,PASO,2023-08-13,PRESIDENTE Y VICE,21,Santa Fe,Las Colonias,Humboldt,560,PRINCIPIOS Y VALORES,agrupacion,23,PROVISORIO,csv_por_mesa
2023,PASO,2023-08-13,PRESIDENTE Y VICE,21,Santa Fe,Las Colonias,Humboldt,560,PROYECTO JOVEN,agrupacion,1,PROVISORIO,csv_por_mesa
2023,PASO,2023-08-13,PRESIDENTE Y VICE,21,Santa Fe,Las Colonias,Humboldt,560,RECURRIDO,recurridos,0,PROVISORIO,csv_por_mesa
2023,PASO,2023-08-13,PRESIDENTE Y VICE,21,Santa Fe,Las Colonias,Humboldt,560,UNION DEL CENTRO DEMOCRATICO,agrupacion,0,PROVISORIO,csv_por_mesa
2023,PASO,2023-08-13,PRESIDENTE Y VICE,21,Santa Fe,Las Colonias,Humboldt,560,UNION POR LA PATRIA,agrupacion,330,PROVISORIO,csv_por_mesa
2023,PASO,2023-08-13,PRESIDENTE Y VICE,21,Santa Fe,Las Colonias,Pilar,570,COMANDO,comando,2,PROVISORIO,csv_por_mesa
2023,PASO,2023-08-13,PRESIDENTE Y VICE,21,Santa Fe,Las Colonias,Pilar,570,EN BLANCO,blancos,193,PROVISORIO,csv_por_mesa
2023,PASO,2023-08-13,PRESIDENTE Y VICE,21,Santa Fe,Las Colonias,Pilar,570,FRENTE DE IZQUIERDA Y DE TRABAJADORES - UNIDAD,agrupacion,18,PROVISORIO,csv_por_mesa
2023,PASO,2023-08-13,PRESIDENTE Y VICE,21,Santa Fe,Las Colonias,Pilar,570,FRENTE LIBER.AR,agrupacion,16,PROVISORIO,csv_por_mesa
2023,PASO,2023-08-13,PRESIDENTE Y VICE,21,Santa Fe,Las Colonias,Pilar,570,FRENTE PATRIOTA FEDERAL,agrupacion,0,PROVISORIO,csv_por_mesa
2023,PASO,2023-08-13,PRESIDENTE Y VICE,21,Santa Fe,Las Colonias,Pilar,570,HACEMOS POR NUESTRO PAIS,agrupacion,153,PROVISORIO,csv_por_mesa
2023,PASO,2023-08-13,PRESIDENTE Y VICE,21,Santa Fe,Las Colonias,Pilar,570,IMPUGNADO,impugnados,0,PROVISORIO,csv_por_mesa
2023,PASO,2023-08-13,PRESIDENTE Y VICE,21,Santa Fe,Las Colonias,Pilar,570,JUNTOS POR EL CAMBIO,agrupacion,962,PROVISORIO,csv_por_mesa
2023,PASO,2023-08-13,PRESIDENTE Y VICE,21,Santa Fe,Las Colonias,Pilar,570,LA LIBERTAD AVANZA,agrupacion,1020,PROVISORIO,csv_por_mesa
2023,PASO,2023-08-13,PRESIDENTE Y VICE,21,Santa Fe,Las Colonias,Pilar,570,MOVIMIENTO AL SOCIALISMO,agrupacion,3,PROVISORIO,csv_por_mesa
2023,PASO,2023-08-13,PRESIDENTE Y VICE,21,Santa Fe,Las Colonias,Pilar,570,MOVIMIENTO DE ACCION VECINAL,agrupacion,3,PROVISORIO,csv_por_mesa
2023,PASO,2023-08-13,PRESIDENTE Y VICE,21,Santa Fe,Las Colonias,Pilar,570,MOVIMIENTO IZQUIERDA JUVENTUD Y DIGNIDAD,agrupacion,12,PROVISORIO,csv_por_mesa
2023,PASO,2023-08-13,PRESIDENTE Y VICE,21,Santa Fe,Las Colonias,Pilar,570,MOVIMIENTO LIBRES DEL SUR,agrupacion,6,PROVISORIO,csv_por_mesa
2023,PASO,2023-08-13,PRESIDENTE Y VICE,21,Santa Fe,Las Colonias,Pilar,570,NULO,nulos,43,PROVISORIO,csv_por_mesa
2023,PASO,2023-08-13,PRESIDENTE Y VICE,21,Santa Fe,Las Colonias,Pilar,570,POLITICA OBRERA,agrupacion,10,PROVISORIO,csv_por_mesa
2023,PASO,2023-08-13,PRESIDENTE Y VICE,21,Santa Fe,Las Colonias,Pilar,570,POSITIVO,positivo,2714,PROVISORIO,csv_por_mesa
2023,PASO,2023-08-13,PRESIDENTE Y VICE,21,Santa Fe,Las Colonias,Pilar,570,PRINCIPIOS Y VALORES,agrupacion,56,PROVISORIO,csv_por_mesa
2023,PASO,2023-08-13,PRESIDENTE Y VICE,21,Santa Fe,Las Colonias,Pilar,570,PROYECTO JOVEN,agrupacion,0,PROVISORIO,csv_por_mesa
2023,PASO,2023-08-13,PRESIDENTE Y VICE,21,Santa Fe,Las Colonias,Pilar,570,RECURRIDO,recurridos,0,PROVISORIO,csv_por_mesa
2023,PASO,2023-08-13,PRESIDENTE Y VICE,21,Santa Fe,Las Colonias,Pilar,570,UNION DEL CENTRO DEMOCRATICO,agrupacion,0,PROVISORIO,csv_por_mesa
2023,PASO,2023-08-13,PRESIDENTE Y VICE,21,Santa Fe,Las Colonias,Pilar,570,UNION POR LA PATRIA,agrupacion,455,PROVISORIO,csv_por_mesa
2023,PASO,2023-08-13,PRESIDENTE Y VICE,21,Santa Fe,Las Colonias,Progreso,630,COMANDO,comando,2,PROVISORIO,csv_por_mesa
2023,PASO,2023-08-13,PRESIDENTE Y VICE,21,Santa Fe,Las Colonias,Progreso,630,EN BLANCO,blancos,47,PROVISORIO,csv_por_mesa
2023,PASO,2023-08-13,PRESIDENTE Y VICE,21,Santa Fe,Las Colonias,Progreso,630,FRENTE DE IZQUIERDA Y DE TRABAJADORES - UNIDAD,agrupacion,3,PROVISORIO,csv_por_mesa
2023,PASO,2023-08-13,PRESIDENTE Y VICE,21,Santa Fe,Las Colonias,Progreso,630,FRENTE LIBER.AR,agrupacion,10,PROVISORIO,csv_por_mesa
2023,PASO,2023-08-13,PRESIDENTE Y VICE,21,Santa Fe,Las Colonias,Progreso,630,FRENTE PATRIOTA FEDERAL,agrupacion,0,PROVISORIO,csv_por_mesa
2023,PASO,2023-08-13,PRESIDENTE Y VICE,21,Santa Fe,Las Colonias,Progreso,630,HACEMOS POR NUESTRO PAIS,agrupacion,45,PROVISORIO,csv_por_mesa
2023,PASO,2023-08-13,PRESIDENTE Y VICE,21,Santa Fe,Las Colonias,Progreso,630,IMPUGNADO,impugnados,0,PROVISORIO,csv_por_mesa
2023,PASO,2023-08-13,PRESIDENTE Y VICE,21,Santa Fe,Las Colonias,Progreso,630,JUNTOS POR EL CAMBIO,agrupacion,595,PROVISORIO,csv_por_mesa
2023,PASO,2023-08-13,PRESIDENTE Y VICE,21,Santa Fe,Las Colonias,Progreso,630,LA LIBERTAD AVANZA,agrupacion,551,PROVISORIO,csv_por_mesa
2023,PASO,2023-08-13,PRESIDENTE Y VICE,21,Santa Fe,Las Colonias,Progreso,630,MOVIMIENTO AL SOCIALISMO,agrupacion,3,PROVISORIO,csv_por_mesa
2023,PASO,2023-08-13,PRESIDENTE Y VICE,21,Santa Fe,Las Colonias,Progreso,630,MOVIMIENTO DE ACCION VECINAL,agrupacion,2,PROVISORIO,csv_por_mesa
2023,PASO,2023-08-13,PRESIDENTE Y VICE,21,Santa Fe,Las Colonias,Progreso,630,MOVIMIENTO IZQUIERDA JUVENTUD Y DIGNIDAD,agrupacion,2,PROVISORIO,csv_por_mesa
2023,PASO,2023-08-13,PRESIDENTE Y VICE,21,Santa Fe,Las Colonias,Progreso,630,MOVIMIENTO LIBRES DEL SUR,agrupacion,3,PROVISORIO,csv_por_mesa
2023,PASO,2023-08-13,PRESIDENTE Y VICE,21,Santa Fe,Las Colonias,Progreso,630,NULO,nulos,20,PROVISORIO,csv_por_mesa
2023,PASO,2023-08-13,PRESIDENTE Y VICE,21,Santa Fe,Las Colonias,Progreso,630,POLITICA OBRERA,agrupacion,3,PROVISORIO,csv_por_mesa
2023,PASO,2023-08-13,PRESIDENTE Y VICE,21,Santa Fe,Las Colonias,Progreso,630,POSITIVO,positivo,1330,PROVISORIO,csv_por_mesa
2023,PASO,2023-08-13,PRESIDENTE Y VICE,21,Santa Fe,Las Colonias,Progreso,630,PRINCIPIOS Y VALORES,agrupacion,17,PROVISORIO,csv_por_mesa
2023,PASO,2023-08-13,PRESIDENTE Y VICE,21,Santa Fe,Las Colonias,Progreso,630,PROYECTO JOVEN,agrupacion,0,PROVISORIO,csv_por_mesa
2023,PASO,2023-08-13,PRESIDENTE Y VICE,21,Santa Fe,Las Colonias,Progreso,630,RECURRIDO,recurridos,0,PROVISORIO,csv_por_mesa
2023,PASO,2023-08-13,PRESIDENTE Y VICE,21,Santa Fe,Las Colonias,Progreso,630,UNION DEL CENTRO DEMOCRATICO,agrupacion,0,PROVISORIO,csv_por_mesa
2023,PASO,2023-08-13,PRESIDENTE Y VICE,21,Santa Fe,Las Colonias,Progreso,630,UNION POR LA PATRIA,agrupacion,96,PROVISORIO,csv_por_mesa
2023,PASO,2023-08-13,PRESIDENTE Y VICE,21,Santa Fe,Las Colonias,San Carlos Centro,440,COMANDO,comando,10,PROVISORIO,csv_por_mesa
2023,PASO,2023-08-13,PRESIDENTE Y VICE,21,Santa Fe,Las Colonias,San Carlos Centro,440,EN BLANCO,blancos,220,PROVISORIO,csv_por_mesa
2023,PASO,2023-08-13,PRESIDENTE Y VICE,21,Santa Fe,Las Colonias,San Carlos Centro,440,FRENTE DE IZQUIERDA Y DE TRABAJADORES - UNIDAD,agrupacion,72,PROVISORIO,csv_por_mesa
2023,PASO,2023-08-13,PRESIDENTE Y VICE,21,Santa Fe,Las Colonias,San Carlos Centro,440,FRENTE LIBER.AR,agrupacion,12,PROVISORIO,csv_por_mesa
2023,PASO,2023-08-13,PRESIDENTE Y VICE,21,Santa Fe,Las Colonias,San Carlos Centro,440,FRENTE PATRIOTA FEDERAL,agrupacion,0,PROVISORIO,csv_por_mesa
2023,PASO,2023-08-13,PRESIDENTE Y VICE,21,Santa Fe,Las Colonias,San Carlos Centro,440,HACEMOS POR NUESTRO PAIS,agrupacion,253,PROVISORIO,csv_por_mesa
2023,PASO,2023-08-13,PRESIDENTE Y VICE,21,Santa Fe,Las Colonias,San Carlos Centro,440,IMPUGNADO,impugnados,0,PROVISORIO,csv_por_mesa
2023,PASO,2023-08-13,PRESIDENTE Y VICE,21,Santa Fe,Las Colonias,San Carlos Centro,440,JUNTOS POR EL CAMBIO,agrupacion,2314,PROVISORIO,csv_por_mesa
2023,PASO,2023-08-13,PRESIDENTE Y VICE,21,Santa Fe,Las Colonias,San Carlos Centro,440,LA LIBERTAD AVANZA,agrupacion,2754,PROVISORIO,csv_por_mesa
2023,PASO,2023-08-13,PRESIDENTE Y VICE,21,Santa Fe,Las Colonias,San Carlos Centro,440,MOVIMIENTO AL SOCIALISMO,agrupacion,20,PROVISORIO,csv_por_mesa
2023,PASO,2023-08-13,PRESIDENTE Y VICE,21,Santa Fe,Las Colonias,San Carlos Centro,440,MOVIMIENTO DE ACCION VECINAL,agrupacion,6,PROVISORIO,csv_por_mesa
2023,PASO,2023-08-13,PRESIDENTE Y VICE,21,Santa Fe,Las Colonias,San Carlos Centro,440,MOVIMIENTO IZQUIERDA JUVENTUD Y DIGNIDAD,agrupacion,24,PROVISORIO,csv_por_mesa
2023,PASO,2023-08-13,PRESIDENTE Y VICE,21,Santa Fe,Las Colonias,San Carlos Centro,440,MOVIMIENTO LIBRES DEL SUR,agrupacion,24,PROVISORIO,csv_por_mesa
2023,PASO,2023-08-13,PRESIDENTE Y VICE,21,Santa Fe,Las Colonias,San Carlos Centro,440,NULO,nulos,157,PROVISORIO,csv_por_mesa
2023,PASO,2023-08-13,PRESIDENTE Y VICE,21,Santa Fe,Las Colonias,San Carlos Centro,440,POLITICA OBRERA,agrupacion,15,PROVISORIO,csv_por_mesa
2023,PASO,2023-08-13,PRESIDENTE Y VICE,21,Santa Fe,Las Colonias,San Carlos Centro,440,POSITIVO,positivo,6799,PROVISORIO,csv_por_mesa
2023,PASO,2023-08-13,PRESIDENTE Y VICE,21,Santa Fe,Las Colonias,San Carlos Centro,440,PRINCIPIOS Y VALORES,agrupacion,105,PROVISORIO,csv_por_mesa
2023,PASO,2023-08-13,PRESIDENTE Y VICE,21,Santa Fe,Las Colonias,San Carlos Centro,440,PROYECTO JOVEN,agrupacion,14,PROVISORIO,csv_por_mesa
2023,PASO,2023-08-13,PRESIDENTE Y VICE,21,Santa Fe,Las Colonias,San Carlos Centro,440,RECURRIDO,recurridos,0,PROVISORIO,csv_por_mesa
2023,PASO,2023-08-13,PRESIDENTE Y VICE,21,Santa Fe,Las Colonias,San Carlos Centro,440,UNION DEL CENTRO DEMOCRATICO,agrupacion,0,PROVISORIO,csv_por_mesa
2023,PASO,2023-08-13,PRESIDENTE Y VICE,21,Santa Fe,Las Colonias,San Carlos Centro,440,UNION POR LA PATRIA,agrupacion,1186,PROVISORIO,csv_por_mesa
2023,PASO,2023-08-13,PRESIDENTE Y VICE,21,Santa Fe,Las Colonias,San Carlos Sud,430,COMANDO,comando,0,PROVISORIO,csv_por_mesa
2023,PASO,2023-08-13,PRESIDENTE Y VICE,21,Santa Fe,Las Colonias,San Carlos Sud,430,EN BLANCO,blancos,65,PROVISORIO,csv_por_mesa
2023,PASO,2023-08-13,PRESIDENTE Y VICE,21,Santa Fe,Las Colonias,San Carlos Sud,430,FRENTE DE IZQUIERDA Y DE TRABAJADORES - UNIDAD,agrupacion,9,PROVISORIO,csv_por_mesa
2023,PASO,2023-08-13,PRESIDENTE Y VICE,21,Santa Fe,Las Colonias,San Carlos Sud,430,FRENTE LIBER.AR,agrupacion,0,PROVISORIO,csv_por_mesa
2023,PASO,2023-08-13,PRESIDENTE Y VICE,21,Santa Fe,Las Colonias,San Carlos Sud,430,FRENTE PATRIOTA FEDERAL,agrupacion,0,PROVISORIO,csv_por_mesa
2023,PASO,2023-08-13,PRESIDENTE Y VICE,21,Santa Fe,Las Colonias,San Carlos Sud,430,HACEMOS POR NUESTRO PAIS,agrupacion,38,PROVISORIO,csv_por_mesa
2023,PASO,2023-08-13,PRESIDENTE Y VICE,21,Santa Fe,Las Colonias,San Carlos Sud,430,IMPUGNADO,impugnados,0,PROVISORIO,csv_por_mesa
2023,PASO,2023-08-13,PRESIDENTE Y VICE,21,Santa Fe,Las Colonias,San Carlos Sud,430,JUNTOS POR EL CAMBIO,agrupacion,442,PROVISORIO,csv_por_mesa
2023,PASO,2023-08-13,PRESIDENTE Y VICE,21,Santa Fe,Las Colonias,San Carlos Sud,430,LA LIBERTAD AVANZA,agrupacion,638,PROVISORIO,csv_por_mesa
2023,PASO,2023-08-13,PRESIDENTE Y VICE,21,Santa Fe,Las Colonias,San Carlos Sud,430,MOVIMIENTO AL SOCIALISMO,agrupacion,5,PROVISORIO,csv_por_mesa
2023,PASO,2023-08-13,PRESIDENTE Y VICE,21,Santa Fe,Las Colonias,San Carlos Sud,430,MOVIMIENTO DE ACCION VECINAL,agrupacion,1,PROVISORIO,csv_por_mesa
2023,PASO,2023-08-13,PRESIDENTE Y VICE,21,Santa Fe,Las Colonias,San Carlos Sud,430,MOVIMIENTO IZQUIERDA JUVENTUD Y DIGNIDAD,agrupacion,1,PROVISORIO,csv_por_mesa
2023,PASO,2023-08-13,PRESIDENTE Y VICE,21,Santa Fe,Las Colonias,San Carlos Sud,430,MOVIMIENTO LIBRES DEL SUR,agrupacion,4,PROVISORIO,csv_por_mesa
2023,PASO,2023-08-13,PRESIDENTE Y VICE,21,Santa Fe,Las Colonias,San Carlos Sud,430,NULO,nulos,36,PROVISORIO,csv_por_mesa
2023,PASO,2023-08-13,PRESIDENTE Y VICE,21,Santa Fe,Las Colonias,San Carlos Sud,430,POLITICA OBRERA,agrupacion,3,PROVISORIO,csv_por_mesa
2023,PASO,2023-08-13,PRESIDENTE Y VICE,21,Santa Fe,Las Colonias,San Carlos Sud,430,POSITIVO,positivo,1410,PROVISORIO,csv_por_mesa
2023,PASO,2023-08-13,PRESIDENTE Y VICE,21,Santa Fe,Las Colonias,San Carlos Sud,430,PRINCIPIOS Y VALORES,agrupacion,34,PROVISORIO,csv_por_mesa
2023,PASO,2023-08-13,PRESIDENTE Y VICE,21,Santa Fe,Las Colonias,San Carlos Sud,430,PROYECTO JOVEN,agrupacion,3,PROVISORIO,csv_por_mesa
2023,PASO,2023-08-13,PRESIDENTE Y VICE,21,Santa Fe,Las Colonias,San Carlos Sud,430,RECURRIDO,recurridos,0,PROVISORIO,csv_por_mesa
2023,PASO,2023-08-13,PRESIDENTE Y VICE,21,Santa Fe,Las Colonias,San Carlos Sud,430,UNION DEL CENTRO DEMOCRATICO,agrupacion,0,PROVISORIO,csv_por_mesa
2023,PASO,2023-08-13,PRESIDENTE Y VICE,21,Santa Fe,Las Colonias,San Carlos Sud,430,UNION POR LA PATRIA,agrupacion,232,PROVISORIO,csv_por_mesa
2023,PASO,2023-08-13,PRESIDENTE Y VICE,21,Santa Fe,Las Colonias,San Jerónimo Norte,520,COMANDO,comando,5,PROVISORIO,csv_por_mesa
2023,PASO,2023-08-13,PRESIDENTE Y VICE,21,Santa Fe,Las Colonias,San Jerónimo Norte,520,EN BLANCO,blancos,139,PROVISORIO,csv_por_mesa
2023,PASO,2023-08-13,PRESIDENTE Y VICE,21,Santa Fe,Las Colonias,San Jerónimo Norte,520,FRENTE DE IZQUIERDA Y DE TRABAJADORES - UNIDAD,agrupacion,34,PROVISORIO,csv_por_mesa
2023,PASO,2023-08-13,PRESIDENTE Y VICE,21,Santa Fe,Las Colonias,San Jerónimo Norte,520,FRENTE LIBER.AR,agrupacion,7,PROVISORIO,csv_por_mesa
2023,PASO,2023-08-13,PRESIDENTE Y VICE,21,Santa Fe,Las Colonias,San Jerónimo Norte,520,FRENTE PATRIOTA FEDERAL,agrupacion,0,PROVISORIO,csv_por_mesa
2023,PASO,2023-08-13,PRESIDENTE Y VICE,21,Santa Fe,Las Colonias,San Jerónimo Norte,520,HACEMOS POR NUESTRO PAIS,agrupacion,253,PROVISORIO,csv_por_mesa
2023,PASO,2023-08-13,PRESIDENTE Y VICE,21,Santa Fe,Las Colonias,San Jerónimo Norte,520,IMPUGNADO,impugnados,0,PROVISORIO,csv_por_mesa
2023,PASO,2023-08-13,PRESIDENTE Y VICE,21,Santa Fe,Las Colonias,San Jerónimo Norte,520,JUNTOS POR EL CAMBIO,agrupacion,1694,PROVISORIO,csv_por_mesa
2023,PASO,2023-08-13,PRESIDENTE Y VICE,21,Santa Fe,Las Colonias,San Jerónimo Norte,520,LA LIBERTAD AVANZA,agrupacion,1640,PROVISORIO,csv_por_mesa
2023,PASO,2023-08-13,PRESIDENTE Y VICE,21,Santa Fe,Las Colonias,San Jerónimo Norte,520,MOVIMIENTO AL SOCIALISMO,agrupacion,8,PROVISORIO,csv_por_mesa
2023,PASO,2023-08-13,PRESIDENTE Y VICE,21,Santa Fe,Las Colonias,San Jerónimo Norte,520,MOVIMIENTO DE ACCION VECINAL,agrupacion,7,PROVISORIO,csv_por_mesa
2023,PASO,2023-08-13,PRESIDENTE Y VICE,21,Santa Fe,Las Colonias,San Jerónimo Norte,520,MOVIMIENTO IZQUIERDA JUVENTUD Y DIGNIDAD,agrupacion,15,PROVISORIO,csv_por_mesa
2023,PASO,2023-08-13,PRESIDENTE Y VICE,21,Santa Fe,Las Colonias,San Jerónimo Norte,520,MOVIMIENTO LIBRES DEL SUR,agrupacion,12,PROVISORIO,csv_por_mesa
2023,PASO,2023-08-13,PRESIDENTE Y VICE,21,Santa Fe,Las Colonias,San Jerónimo Norte,520,NULO,nulos,91,PROVISORIO,csv_por_mesa
2023,PASO,2023-08-13,PRESIDENTE Y VICE,21,Santa Fe,Las Colonias,San Jerónimo Norte,520,POLITICA OBRERA,agrupacion,2,PROVISORIO,csv_por_mesa
2023,PASO,2023-08-13,PRESIDENTE Y VICE,21,Santa Fe,Las Colonias,San Jerónimo Norte,520,POSITIVO,positivo,4207,PROVISORIO,csv_por_mesa
2023,PASO,2023-08-13,PRESIDENTE Y VICE,21,Santa Fe,Las Colonias,San Jerónimo Norte,520,PRINCIPIOS Y VALORES,agrupacion,108,PROVISORIO,csv_por_mesa
2023,PASO,2023-08-13,PRESIDENTE Y VICE,21,Santa Fe,Las Colonias,San Jerónimo Norte,520,PROYECTO JOVEN,agrupacion,7,PROVISORIO,csv_por_mesa
2023,PASO,2023-08-13,PRESIDENTE Y VICE,21,Santa Fe,Las Colonias,San Jerónimo Norte,520,RECURRIDO,recurridos,0,PROVISORIO,csv_por_mesa
2023,PASO,2023-08-13,PRESIDENTE Y VICE,21,Santa Fe,Las Colonias,San Jerónimo Norte,520,UNION DEL CENTRO DEMOCRATICO,agrupacion,0,PROVISORIO,csv_por_mesa
2023,PASO,2023-08-13,PRESIDENTE Y VICE,21,Santa Fe,Las Colonias,San Jerónimo Norte,520,UNION POR LA PATRIA,agrupacion,420,PROVISORIO,csv_por_mesa
2023,PASO,2023-08-13,PRESIDENTE Y VICE,21,Santa Fe,Las Colonias,Santa Clara de Buena Vista,460,COMANDO,comando,0,PROVISORIO,csv_por_mesa
2023,PASO,2023-08-13,PRESIDENTE Y VICE,21,Santa Fe,Las Colonias,Santa Clara de Buena Vista,460,EN BLANCO,blancos,55,PROVISORIO,csv_por_mesa
2023,PASO,2023-08-13,PRESIDENTE Y VICE,21,Santa Fe,Las Colonias,Santa Clara de Buena Vista,460,FRENTE DE IZQUIERDA Y DE TRABAJADORES - UNIDAD,agrupacion,10,PROVISORIO,csv_por_mesa
2023,PASO,2023-08-13,PRESIDENTE Y VICE,21,Santa Fe,Las Colonias,Santa Clara de Buena Vista,460,FRENTE LIBER.AR,agrupacion,11,PROVISORIO,csv_por_mesa
2023,PASO,2023-08-13,PRESIDENTE Y VICE,21,Santa Fe,Las Colonias,Santa Clara de Buena Vista,460,FRENTE PATRIOTA FEDERAL,agrupacion,0,PROVISORIO,csv_por_mesa
2023,PASO,2023-08-13,PRESIDENTE Y VICE,21,Santa Fe,Las Colonias,Santa Clara de Buena Vista,460,HACEMOS POR NUESTRO PAIS,agrupacion,103,PROVISORIO,csv_por_mesa
2023,PASO,2023-08-13,PRESIDENTE Y VICE,21,Santa Fe,Las Colonias,Santa Clara de Buena Vista,460,IMPUGNADO,impugnados,0,PROVISORIO,csv_por_mesa
2023,PASO,2023-08-13,PRESIDENTE Y VICE,21,Santa Fe,Las Colonias,Santa Clara de Buena Vista,460,JUNTOS POR EL CAMBIO,agrupacion,534,PROVISORIO,csv_por_mesa
2023,PASO,2023-08-13,PRESIDENTE Y VICE,21,Santa Fe,Las Colonias,Santa Clara de Buena Vista,460,LA LIBERTAD AVANZA,agrupacion,714,PROVISORIO,csv_por_mesa
2023,PASO,2023-08-13,PRESIDENTE Y VICE,21,Santa Fe,Las Colonias,Santa Clara de Buena Vista,460,MOVIMIENTO AL SOCIALISMO,agrupacion,9,PROVISORIO,csv_por_mesa
2023,PASO,2023-08-13,PRESIDENTE Y VICE,21,Santa Fe,Las Colonias,Santa Clara de Buena Vista,460,MOVIMIENTO DE ACCION VECINAL,agrupacion,4,PROVISORIO,csv_por_mesa
2023,PASO,2023-08-13,PRESIDENTE Y VICE,21,Santa Fe,Las Colonias,Santa Clara de Buena Vista,460,MOVIMIENTO IZQUIERDA JUVENTUD Y DIGNIDAD,agrupacion,3,PROVISORIO,csv_por_mesa
2023,PASO,2023-08-13,PRESIDENTE Y VICE,21,Santa Fe,Las Colonias,Santa Clara de Buena Vista,460,MOVIMIENTO LIBRES DEL SUR,agrupacion,7,PROVISORIO,csv_por_mesa
2023,PASO,2023-08-13,PRESIDENTE Y VICE,21,Santa Fe,Las Colonias,Santa Clara de Buena Vista,460,NULO,nulos,62,PROVISORIO,csv_por_mesa
2023,PASO,2023-08-13,PRESIDENTE Y VICE,21,Santa Fe,Las Colonias,Santa Clara de Buena Vista,460,POLITICA OBRERA,agrupacion,2,PROVISORIO,csv_por_mesa
2023,PASO,2023-08-13,PRESIDENTE Y VICE,21,Santa Fe,Las Colonias,Santa Clara de Buena Vista,460,POSITIVO,positivo,1663,PROVISORIO,csv_por_mesa
2023,PASO,2023-08-13,PRESIDENTE Y VICE,21,Santa Fe,Las Colonias,Santa Clara de Buena Vista,460,PRINCIPIOS Y VALORES,agrupacion,40,PROVISORIO,csv_por_mesa
2023,PASO,2023-08-13,PRESIDENTE Y VICE,21,Santa Fe,Las Colonias,Santa Clara de Buena Vista,460,PROYECTO JOVEN,agrupacion,5,PROVISORIO,csv_por_mesa
2023,PASO,2023-08-13,PRESIDENTE Y VICE,21,Santa Fe,Las Colonias,Santa Clara de Buena Vista,460,RECURRIDO,recurridos,0,PROVISORIO,csv_por_mesa
2023,PASO,2023-08-13,PRESIDENTE Y VICE,21,Santa Fe,Las Colonias,Santa Clara de Buena Vista,460,UNION DEL CENTRO DEMOCRATICO,agrupacion,0,PROVISORIO,csv_por_mesa
2023,PASO,2023-08-13,PRESIDENTE Y VICE,21,Santa Fe,Las Colonias,Santa Clara de Buena Vista,460,UNION POR LA PATRIA,agrupacion,221,PROVISORIO,csv_por_mesa
2023,PASO,2023-08-13,PRESIDENTE Y VICE,21,Santa Fe,San Martín,Carlos Pellegrini,1600,COMANDO,comando,0,PROVISORIO,csv_por_mesa
2023,PASO,2023-08-13,PRESIDENTE Y VICE,21,Santa Fe,San Martín,Carlos Pellegrini,1600,EN BLANCO,blancos,114,PROVISORIO,csv_por_mesa
2023,PASO,2023-08-13,PRESIDENTE Y VICE,21,Santa Fe,San Martín,Carlos Pellegrini,1600,FRENTE DE IZQUIERDA Y DE TRABAJADORES - UNIDAD,agrupacion,25,PROVISORIO,csv_por_mesa
2023,PASO,2023-08-13,PRESIDENTE Y VICE,21,Santa Fe,San Martín,Carlos Pellegrini,1600,FRENTE LIBER.AR,agrupacion,5,PROVISORIO,csv_por_mesa
2023,PASO,2023-08-13,PRESIDENTE Y VICE,21,Santa Fe,San Martín,Carlos Pellegrini,1600,FRENTE PATRIOTA FEDERAL,agrupacion,2,PROVISORIO,csv_por_mesa
2023,PASO,2023-08-13,PRESIDENTE Y VICE,21,Santa Fe,San Martín,Carlos Pellegrini,1600,HACEMOS POR NUESTRO PAIS,agrupacion,239,PROVISORIO,csv_por_mesa
2023,PASO,2023-08-13,PRESIDENTE Y VICE,21,Santa Fe,San Martín,Carlos Pellegrini,1600,IMPUGNADO,impugnados,0,PROVISORIO,csv_por_mesa
2023,PASO,2023-08-13,PRESIDENTE Y VICE,21,Santa Fe,San Martín,Carlos Pellegrini,1600,JUNTOS POR EL CAMBIO,agrupacion,1252,PROVISORIO,csv_por_mesa
2023,PASO,2023-08-13,PRESIDENTE Y VICE,21,Santa Fe,San Martín,Carlos Pellegrini,1600,LA LIBERTAD AVANZA,agrupacion,1380,PROVISORIO,csv_por_mesa
2023,PASO,2023-08-13,PRESIDENTE Y VICE,21,Santa Fe,San Martín,Carlos Pellegrini,1600,MOVIMIENTO AL SOCIALISMO,agrupacion,2,PROVISORIO,csv_por_mesa
2023,PASO,2023-08-13,PRESIDENTE Y VICE,21,Santa Fe,San Martín,Carlos Pellegrini,1600,MOVIMIENTO DE ACCION VECINAL,agrupacion,2,PROVISORIO,csv_por_mesa
2023,PASO,2023-08-13,PRESIDENTE Y VICE,21,Santa Fe,San Martín,Carlos Pellegrini,1600,MOVIMIENTO IZQUIERDA JUVENTUD Y DIGNIDAD,agrupacion,6,PROVISORIO,csv_por_mesa
2023,PASO,2023-08-13,PRESIDENTE Y VICE,21,Santa Fe,San Martín,Carlos Pellegrini,1600,MOVIMIENTO LIBRES DEL SUR,agrupacion,7,PROVISORIO,csv_por_mesa
2023,PASO,2023-08-13,PRESIDENTE Y VICE,21,Santa Fe,San Martín,Carlos Pellegrini,1600,NULO,nulos,56,PROVISORIO,csv_por_mesa
2023,PASO,2023-08-13,PRESIDENTE Y VICE,21,Santa Fe,San Martín,Carlos Pellegrini,1600,POLITICA OBRERA,agrupacion,2,PROVISORIO,csv_por_mesa
2023,PASO,2023-08-13,PRESIDENTE Y VICE,21,Santa Fe,San Martín,Carlos Pellegrini,1600,POSITIVO,positivo,3294,PROVISORIO,csv_por_mesa
2023,PASO,2023-08-13,PRESIDENTE Y VICE,21,Santa Fe,San Martín,Carlos Pellegrini,1600,PRINCIPIOS Y VALORES,agrupacion,33,PROVISORIO,csv_por_mesa
2023,PASO,2023-08-13,PRESIDENTE Y VICE,21,Santa Fe,San Martín,Carlos Pellegrini,1600,PROYECTO JOVEN,agrupacion,2,PROVISORIO,csv_por_mesa
2023,PASO,2023-08-13,PRESIDENTE Y VICE,21,Santa Fe,San Martín,Carlos Pellegrini,1600,RECURRIDO,recurridos,0,PROVISORIO,csv_por_mesa
2023,PASO,2023-08-13,PRESIDENTE Y VICE,21,Santa Fe,San Martín,Carlos Pellegrini,1600,UNION DEL CENTRO DEMOCRATICO,agrupacion,3,PROVISORIO,csv_por_mesa
2023,PASO,2023-08-13,PRESIDENTE Y VICE,21,Santa Fe,San Martín,Carlos Pellegrini,1600,UNION POR LA PATRIA,agrupacion,334,PROVISORIO,csv_por_mesa
2023,PASO,2023-08-13,PRESIDENTE Y VICE,21,Santa Fe,San Martín,Cañada Rosquín,1610,COMANDO,comando,4,PROVISORIO,csv_por_mesa
2023,PASO,2023-08-13,PRESIDENTE Y VICE,21,Santa Fe,San Martín,Cañada Rosquín,1610,EN BLANCO,blancos,119,PROVISORIO,csv_por_mesa
2023,PASO,2023-08-13,PRESIDENTE Y VICE,21,Santa Fe,San Martín,Cañada Rosquín,1610,FRENTE DE IZQUIERDA Y DE TRABAJADORES - UNIDAD,agrupacion,27,PROVISORIO,csv_por_mesa
2023,PASO,2023-08-13,PRESIDENTE Y VICE,21,Santa Fe,San Martín,Cañada Rosquín,1610,FRENTE LIBER.AR,agrupacion,12,PROVISORIO,csv_por_mesa
2023,PASO,2023-08-13,PRESIDENTE Y VICE,21,Santa Fe,San Martín,Cañada Rosquín,1610,FRENTE PATRIOTA FEDERAL,agrupacion,5,PROVISORIO,csv_por_mesa
2023,PASO,2023-08-13,PRESIDENTE Y VICE,21,Santa Fe,San Martín,Cañada Rosquín,1610,HACEMOS POR NUESTRO PAIS,agrupacion,225,PROVISORIO,csv_por_mesa
2023,PASO,2023-08-13,PRESIDENTE Y VICE,21,Santa Fe,San Martín,Cañada Rosquín,1610,IMPUGNADO,impugnados,0,PROVISORIO,csv_por_mesa
2023,PASO,2023-08-13,PRESIDENTE Y VICE,21,Santa Fe,San Martín,Cañada Rosquín,1610,JUNTOS POR EL CAMBIO,agrupacion,1089,PROVISORIO,csv_por_mesa
2023,PASO,2023-08-13,PRESIDENTE Y VICE,21,Santa Fe,San Martín,Cañada Rosquín,1610,LA LIBERTAD AVANZA,agrupacion,1260,PROVISORIO,csv_por_mesa
2023,PASO,2023-08-13,PRESIDENTE Y VICE,21,Santa Fe,San Martín,Cañada Rosquín,1610,MOVIMIENTO AL SOCIALISMO,agrupacion,14,PROVISORIO,csv_por_mesa
2023,PASO,2023-08-13,PRESIDENTE Y VICE,21,Santa Fe,San Martín,Cañada Rosquín,1610,MOVIMIENTO DE ACCION VECINAL,agrupacion,8,PROVISORIO,csv_por_mesa
2023,PASO,2023-08-13,PRESIDENTE Y VICE,21,Santa Fe,San Martín,Cañada Rosquín,1610,MOVIMIENTO IZQUIERDA JUVENTUD Y DIGNIDAD,agrupacion,7,PROVISORIO,csv_por_mesa
2023,PASO,2023-08-13,PRESIDENTE Y VICE,21,Santa Fe,San Martín,Cañada Rosquín,1610,MOVIMIENTO LIBRES DEL SUR,agrupacion,66,PROVISORIO,csv_por_mesa
2023,PASO,2023-08-13,PRESIDENTE Y VICE,21,Santa Fe,San Martín,Cañada Rosquín,1610,NULO,nulos,70,PROVISORIO,csv_por_mesa
2023,PASO,2023-08-13,PRESIDENTE Y VICE,21,Santa Fe,San Martín,Cañada Rosquín,1610,POLITICA OBRERA,agrupacion,11,PROVISORIO,csv_por_mesa
2023,PASO,2023-08-13,PRESIDENTE Y VICE,21,Santa Fe,San Martín,Cañada Rosquín,1610,POSITIVO,positivo,3078,PROVISORIO,csv_por_mesa
2023,PASO,2023-08-13,PRESIDENTE Y VICE,21,Santa Fe,San Martín,Cañada Rosquín,1610,PRINCIPIOS Y VALORES,agrupacion,26,PROVISORIO,csv_por_mesa
2023,PASO,2023-08-13,PRESIDENTE Y VICE,21,Santa Fe,San Martín,Cañada Rosquín,1610,PROYECTO JOVEN,agrupacion,0,PROVISORIO,csv_por_mesa
2023,PASO,2023-08-13,PRESIDENTE Y VICE,21,Santa Fe,San Martín,Cañada Rosquín,1610,RECURRIDO,recurridos,0,PROVISORIO,csv_por_mesa
2023,PASO,2023-08-13,PRESIDENTE Y VICE,21,Santa Fe,San Martín,Cañada Rosquín,1610,UNION DEL CENTRO DEMOCRATICO,agrupacion,7,PROVISORIO,csv_por_mesa
2023,PASO,2023-08-13,PRESIDENTE Y VICE,21,Santa Fe,San Martín,Cañada Rosquín,1610,UNION POR LA PATRIA,agrupacion,321,PROVISORIO,csv_por_mesa
2023,PASO,2023-08-13,PRESIDENTE Y VICE,21,Santa Fe,San Martín,El Trébol,1650,COMANDO,comando,3,PROVISORIO,csv_por_mesa
2023,PASO,2023-08-13,PRESIDENTE Y VICE,21,Santa Fe,San Martín,El Trébol,1650,EN BLANCO,blancos,245,PROVISORIO,csv_por_mesa
2023,PASO,2023-08-13,PRESIDENTE Y VICE,21,Santa Fe,San Martín,El Trébol,1650,FRENTE DE IZQUIERDA Y DE TRABAJADORES - UNIDAD,agrupacion,61,PROVISORIO,csv_por_mesa
2023,PASO,2023-08-13,PRESIDENTE Y VICE,21,Santa Fe,San Martín,El Trébol,1650,FRENTE LIBER.AR,agrupacion,27,PROVISORIO,csv_por_mesa
2023,PASO,2023-08-13,PRESIDENTE Y VICE,21,Santa Fe,San Martín,El Trébol,1650,FRENTE PATRIOTA FEDERAL,agrupacion,6,PROVISORIO,csv_por_mesa
2023,PASO,2023-08-13,PRESIDENTE Y VICE,21,Santa Fe,San Martín,El Trébol,1650,HACEMOS POR NUESTRO PAIS,agrupacion,552,PROVISORIO,csv_por_mesa
2023,PASO,2023-08-13,PRESIDENTE Y VICE,21,Santa Fe,San Martín,El Trébol,1650,IMPUGNADO,impugnados,0,PROVISORIO,csv_por_mesa
2023,PASO,2023-08-13,PRESIDENTE Y VICE,21,Santa Fe,San Martín,El Trébol,1650,JUNTOS POR EL CAMBIO,agrupacion,2122,PROVISORIO,csv_por_mesa
2023,PASO,2023-08-13,PRESIDENTE Y VICE,21,Santa Fe,San Martín,El Trébol,1650,LA LIBERTAD AVANZA,agrupacion,3041,PROVISORIO,csv_por_mesa
2023,PASO,2023-08-13,PRESIDENTE Y VICE,21,Santa Fe,San Martín,El Trébol,1650,MOVIMIENTO AL SOCIALISMO,agrupacion,21,PROVISORIO,csv_por_mesa
2023,PASO,2023-08-13,PRESIDENTE Y VICE,21,Santa Fe,San Martín,El Trébol,1650,MOVIMIENTO DE ACCION VECINAL,agrupacion,8,PROVISORIO,csv_por_mesa
2023,PASO,2023-08-13,PRESIDENTE Y VICE,21,Santa Fe,San Martín,El Trébol,1650,MOVIMIENTO IZQUIERDA JUVENTUD Y DIGNIDAD,agrupacion,18,PROVISORIO,csv_por_mesa
2023,PASO,2023-08-13,PRESIDENTE Y VICE,21,Santa Fe,San Martín,El Trébol,1650,MOVIMIENTO LIBRES DEL SUR,agrupacion,12,PROVISORIO,csv_por_mesa
2023,PASO,2023-08-13,PRESIDENTE Y VICE,21,Santa Fe,San Martín,El Trébol,1650,NULO,nulos,186,PROVISORIO,csv_por_mesa
2023,PASO,2023-08-13,PRESIDENTE Y VICE,21,Santa Fe,San Martín,El Trébol,1650,POLITICA OBRERA,agrupacion,11,PROVISORIO,csv_por_mesa
2023,PASO,2023-08-13,PRESIDENTE Y VICE,21,Santa Fe,San Martín,El Trébol,1650,POSITIVO,positivo,7055,PROVISORIO,csv_por_mesa
2023,PASO,2023-08-13,PRESIDENTE Y VICE,21,Santa Fe,San Martín,El Trébol,1650,PRINCIPIOS Y VALORES,agrupacion,102,PROVISORIO,csv_por_mesa
2023,PASO,2023-08-13,PRESIDENTE Y VICE,21,Santa Fe,San Martín,El Trébol,1650,PROYECTO JOVEN,agrupacion,2,PROVISORIO,csv_por_mesa
2023,PASO,2023-08-13,PRESIDENTE Y VICE,21,Santa Fe,San Martín,El Trébol,1650,RECURRIDO,recurridos,0,PROVISORIO,csv_por_mesa
2023,PASO,2023-08-13,PRESIDENTE Y VICE,21,Santa Fe,San Martín,El Trébol,1650,UNION DEL CENTRO DEMOCRATICO,agrupacion,7,PROVISORIO,csv_por_mesa
2023,PASO,2023-08-13,PRESIDENTE Y VICE,21,Santa Fe,San Martín,El Trébol,1650,UNION POR LA PATRIA,agrupacion,1065,PROVISORIO,csv_por_mesa
2023,PASO,2023-08-13,PRESIDENTE Y VICE,21,Santa Fe,San Martín,María Susana,1660,COMANDO,comando,0,PROVISORIO,csv_por_mesa
2023,PASO,2023-08-13,PRESIDENTE Y VICE,21,Santa Fe,San Martín,María Susana,1660,EN BLANCO,blancos,54,PROVISORIO,csv_por_mesa
2023,PASO,2023-08-13,PRESIDENTE Y VICE,21,Santa Fe,San Martín,María Susana,1660,FRENTE DE IZQUIERDA Y DE TRABAJADORES - UNIDAD,agrupacion,8,PROVISORIO,csv_por_mesa
2023,PASO,2023-08-13,PRESIDENTE Y VICE,21,Santa Fe,San Martín,María Susana,1660,FRENTE LIBER.AR,agrupacion,5,PROVISORIO,csv_por_mesa
2023,PASO,2023-08-13,PRESIDENTE Y VICE,21,Santa Fe,San Martín,María Susana,1660,FRENTE PATRIOTA FEDERAL,agrupacion,6,PROVISORIO,csv_por_mesa
2023,PASO,2023-08-13,PRESIDENTE Y VICE,21,Santa Fe,San Martín,María Susana,1660,HACEMOS POR NUESTRO PAIS,agrupacion,127,PROVISORIO,csv_por_mesa
2023,PASO,2023-08-13,PRESIDENTE Y VICE,21,Santa Fe,San Martín,María Susana,1660,IMPUGNADO,impugnados,0,PROVISORIO,csv_por_mesa
2023,PASO,2023-08-13,PRESIDENTE Y VICE,21,Santa Fe,San Martín,María Susana,1660,JUNTOS POR EL CAMBIO,agrupacion,787,PROVISORIO,csv_por_mesa
2023,PASO,2023-08-13,PRESIDENTE Y VICE,21,Santa Fe,San Martín,María Susana,1660,LA LIBERTAD AVANZA,agrupacion,797,PROVISORIO,csv_por_mesa
2023,PASO,2023-08-13,PRESIDENTE Y VICE,21,Santa Fe,San Martín,María Susana,1660,MOVIMIENTO AL SOCIALISMO,agrupacion,3,PROVISORIO,csv_por_mesa
2023,PASO,2023-08-13,PRESIDENTE Y VICE,21,Santa Fe,San Martín,María Susana,1660,MOVIMIENTO DE ACCION VECINAL,agrupacion,2,PROVISORIO,csv_por_mesa
2023,PASO,2023-08-13,PRESIDENTE Y VICE,21,Santa Fe,San Martín,María Susana,1660,MOVIMIENTO IZQUIERDA JUVENTUD Y DIGNIDAD,agrupacion,8,PROVISORIO,csv_por_mesa
2023,PASO,2023-08-13,PRESIDENTE Y VICE,21,Santa Fe,San Martín,María Susana,1660,MOVIMIENTO LIBRES DEL SUR,agrupacion,6,PROVISORIO,csv_por_mesa
2023,PASO,2023-08-13,PRESIDENTE Y VICE,21,Santa Fe,San Martín,María Susana,1660,NULO,nulos,60,PROVISORIO,csv_por_mesa
2023,PASO,2023-08-13,PRESIDENTE Y VICE,21,Santa Fe,San Martín,María Susana,1660,POLITICA OBRERA,agrupacion,3,PROVISORIO,csv_por_mesa
2023,PASO,2023-08-13,PRESIDENTE Y VICE,21,Santa Fe,San Martín,María Susana,1660,POSITIVO,positivo,1914,PROVISORIO,csv_por_mesa
2023,PASO,2023-08-13,PRESIDENTE Y VICE,21,Santa Fe,San Martín,María Susana,1660,PRINCIPIOS Y VALORES,agrupacion,18,PROVISORIO,csv_por_mesa
2023,PASO,2023-08-13,PRESIDENTE Y VICE,21,Santa Fe,San Martín,María Susana,1660,PROYECTO JOVEN,agrupacion,5,PROVISORIO,csv_por_mesa
2023,PASO,2023-08-13,PRESIDENTE Y VICE,21,Santa Fe,San Martín,María Susana,1660,RECURRIDO,recurridos,0,PROVISORIO,csv_por_mesa
2023,PASO,2023-08-13,PRESIDENTE Y VICE,21,Santa Fe,San Martín,María Susana,1660,UNION DEL CENTRO DEMOCRATICO,agrupacion,5,PROVISORIO,csv_por_mesa
2023,PASO,2023-08-13,PRESIDENTE Y VICE,21,Santa Fe,San Martín,María Susana,1660,UNION POR LA PATRIA,agrupacion,134,PROVISORIO,csv_por_mesa
2023,PASO,2023-08-13,PRESIDENTE Y VICE,21,Santa Fe,San Martín,Piamonte,1640,COMANDO,comando,4,PROVISORIO,csv_por_mesa
2023,PASO,2023-08-13,PRESIDENTE Y VICE,21,Santa Fe,San Martín,Piamonte,1640,EN BLANCO,blancos,99,PROVISORIO,csv_por_mesa
2023,PASO,2023-08-13,PRESIDENTE Y VICE,21,Santa Fe,San Martín,Piamonte,1640,FRENTE DE IZQUIERDA Y DE TRABAJADORES - UNIDAD,agrupacion,30,PROVISORIO,csv_por_mesa
2023,PASO,2023-08-13,PRESIDENTE Y VICE,21,Santa Fe,San Martín,Piamonte,1640,FRENTE LIBER.AR,agrupacion,5,PROVISORIO,csv_por_mesa
2023,PASO,2023-08-13,PRESIDENTE Y VICE,21,Santa Fe,San Martín,Piamonte,1640,FRENTE PATRIOTA FEDERAL,agrupacion,3,PROVISORIO,csv_por_mesa
2023,PASO,2023-08-13,PRESIDENTE Y VICE,21,Santa Fe,San Martín,Piamonte,1640,HACEMOS POR NUESTRO PAIS,agrupacion,97,PROVISORIO,csv_por_mesa
2023,PASO,2023-08-13,PRESIDENTE Y VICE,21,Santa Fe,San Martín,Piamonte,1640,IMPUGNADO,impugnados,0,PROVISORIO,csv_por_mesa
2023,PASO,2023-08-13,PRESIDENTE Y VICE,21,Santa Fe,San Martín,Piamonte,1640,JUNTOS POR EL CAMBIO,agrupacion,774,PROVISORIO,csv_por_mesa
2023,PASO,2023-08-13,PRESIDENTE Y VICE,21,Santa Fe,San Martín,Piamonte,1640,LA LIBERTAD AVANZA,agrupacion,690,PROVISORIO,csv_por_mesa
2023,PASO,2023-08-13,PRESIDENTE Y VICE,21,Santa Fe,San Martín,Piamonte,1640,MOVIMIENTO AL SOCIALISMO,agrupacion,6,PROVISORIO,csv_por_mesa
2023,PASO,2023-08-13,PRESIDENTE Y VICE,21,Santa Fe,San Martín,Piamonte,1640,MOVIMIENTO DE ACCION VECINAL,agrupacion,2,PROVISORIO,csv_por_mesa
2023,PASO,2023-08-13,PRESIDENTE Y VICE,21,Santa Fe,San Martín,Piamonte,1640,MOVIMIENTO IZQUIERDA JUVENTUD Y DIGNIDAD,agrupacion,3,PROVISORIO,csv_por_mesa
2023,PASO,2023-08-13,PRESIDENTE Y VICE,21,Santa Fe,San Martín,Piamonte,1640,MOVIMIENTO LIBRES DEL SUR,agrupacion,5,PROVISORIO,csv_por_mesa
2023,PASO,2023-08-13,PRESIDENTE Y VICE,21,Santa Fe,San Martín,Piamonte,1640,NULO,nulos,46,PROVISORIO,csv_por_mesa
2023,PASO,2023-08-13,PRESIDENTE Y VICE,21,Santa Fe,San Martín,Piamonte,1640,POLITICA OBRERA,agrupacion,3,PROVISORIO,csv_por_mesa
2023,PASO,2023-08-13,PRESIDENTE Y VICE,21,Santa Fe,San Martín,Piamonte,1640,POSITIVO,positivo,1849,PROVISORIO,csv_por_mesa
2023,PASO,2023-08-13,PRESIDENTE Y VICE,21,Santa Fe,San Martín,Piamonte,1640,PRINCIPIOS Y VALORES,agrupacion,19,PROVISORIO,csv_por_mesa
2023,PASO,2023-08-13,PRESIDENTE Y VICE,21,Santa Fe,San Martín,Piamonte,1640,PROYECTO JOVEN,agrupacion,1,PROVISORIO,csv_por_mesa
2023,PASO,2023-08-13,PRESIDENTE Y VICE,21,Santa Fe,San Martín,Piamonte,1640,RECURRIDO,recurridos,0,PROVISORIO,csv_por_mesa
2023,PASO,2023-08-13,PRESIDENTE Y VICE,21,Santa Fe,San Martín,Piamonte,1640,UNION DEL CENTRO DEMOCRATICO,agrupacion,6,PROVISORIO,csv_por_mesa
2023,PASO,2023-08-13,PRESIDENTE Y VICE,21,Santa Fe,San Martín,Piamonte,1640,UNION POR LA PATRIA,agrupacion,205,PROVISORIO,csv_por_mesa
2023,PASO,2023-08-13,PRESIDENTE Y VICE,21,Santa Fe,San Martín,San Jorge,1580,COMANDO,comando,6,PROVISORIO,csv_por_mesa
2023,PASO,2023-08-13,PRESIDENTE Y VICE,21,Santa Fe,San Martín,San Jorge,1580,EN BLANCO,blancos,391,PROVISORIO,csv_por_mesa
2023,PASO,2023-08-13,PRESIDENTE Y VICE,21,Santa Fe,San Martín,San Jorge,1580,FRENTE DE IZQUIERDA Y DE TRABAJADORES - UNIDAD,agrupacion,66,PROVISORIO,csv_por_mesa
2023,PASO,2023-08-13,PRESIDENTE Y VICE,21,Santa Fe,San Martín,San Jorge,1580,FRENTE LIBER.AR,agrupacion,29,PROVISORIO,csv_por_mesa
2023,PASO,2023-08-13,PRESIDENTE Y VICE,21,Santa Fe,San Martín,San Jorge,1580,FRENTE PATRIOTA FEDERAL,agrupacion,17,PROVISORIO,csv_por_mesa
2023,PASO,2023-08-13,PRESIDENTE Y VICE,21,Santa Fe,San Martín,San Jorge,1580,HACEMOS POR NUESTRO PAIS,agrupacion,943,PROVISORIO,csv_por_mesa
2023,PASO,2023-08-13,PRESIDENTE Y VICE,21,Santa Fe,San Martín,San Jorge,1580,IMPUGNADO,impugnados,0,PROVISORIO,csv_por_mesa
2023,PASO,2023-08-13,PRESIDENTE Y VICE,21,Santa Fe,San Martín,San Jorge,1580,JUNTOS POR EL CAMBIO,agrupacion,3143,PROVISORIO,csv_por_mesa
2023,PASO,2023-08-13,PRESIDENTE Y VICE,21,Santa Fe,San Martín,San Jorge,1580,LA LIBERTAD AVANZA,agrupacion,4537,PROVISORIO,csv_por_mesa
2023,PASO,2023-08-13,PRESIDENTE Y VICE,21,Santa Fe,San Martín,San Jorge,1580,MOVIMIENTO AL SOCIALISMO,agrupacion,30,PROVISORIO,csv_por_mesa
2023,PASO,2023-08-13,PRESIDENTE Y VICE,21,Santa Fe,San Martín,San Jorge,1580,MOVIMIENTO DE ACCION VECINAL,agrupacion,12,PROVISORIO,csv_por_mesa
2023,PASO,2023-08-13,PRESIDENTE Y VICE,21,Santa Fe,San Martín,San Jorge,1580,MOVIMIENTO IZQUIERDA JUVENTUD Y DIGNIDAD,agrupacion,24,PROVISORIO,csv_por_mesa
2023,PASO,2023-08-13,PRESIDENTE Y VICE,21,Santa Fe,San Martín,San Jorge,1580,MOVIMIENTO LIBRES DEL SUR,agrupacion,35,PROVISORIO,csv_por_mesa
2023,PASO,2023-08-13,PRESIDENTE Y VICE,21,Santa Fe,San Martín,San Jorge,1580,NULO,nulos,351,PROVISORIO,csv_por_mesa
2023,PASO,2023-08-13,PRESIDENTE Y VICE,21,Santa Fe,San Martín,San Jorge,1580,POLITICA OBRERA,agrupacion,18,PROVISORIO,csv_por_mesa
2023,PASO,2023-08-13,PRESIDENTE Y VICE,21,Santa Fe,San Martín,San Jorge,1580,POSITIVO,positivo,10505,PROVISORIO,csv_por_mesa
2023,PASO,2023-08-13,PRESIDENTE Y VICE,21,Santa Fe,San Martín,San Jorge,1580,PRINCIPIOS Y VALORES,agrupacion,95,PROVISORIO,csv_por_mesa
2023,PASO,2023-08-13,PRESIDENTE Y VICE,21,Santa Fe,San Martín,San Jorge,1580,PROYECTO JOVEN,agrupacion,9,PROVISORIO,csv_por_mesa
2023,PASO,2023-08-13,PRESIDENTE Y VICE,21,Santa Fe,San Martín,San Jorge,1580,RECURRIDO,recurridos,0,PROVISORIO,csv_por_mesa
2023,PASO,2023-08-13,PRESIDENTE Y VICE,21,Santa Fe,San Martín,San Jorge,1580,UNION DEL CENTRO DEMOCRATICO,agrupacion,18,PROVISORIO,csv_por_mesa
2023,PASO,2023-08-13,PRESIDENTE Y VICE,21,Santa Fe,San Martín,San Jorge,1580,UNION POR LA PATRIA,agrupacion,1529,PROVISORIO,csv_por_mesa
2023,PASO,2023-08-13,PRESIDENTE Y VICE,21,Santa Fe,San Martín,San Martín de las Escobas,1560,COMANDO,comando,4,PROVISORIO,csv_por_mesa
2023,PASO,2023-08-13,PRESIDENTE Y VICE,21,Santa Fe,San Martín,San Martín de las Escobas,1560,EN BLANCO,blancos,79,PROVISORIO,csv_por_mesa
2023,PASO,2023-08-13,PRESIDENTE Y VICE,21,Santa Fe,San Martín,San Martín de las Escobas,1560,FRENTE DE IZQUIERDA Y DE TRABAJADORES - UNIDAD,agrupacion,7,PROVISORIO,csv_por_mesa
2023,PASO,2023-08-13,PRESIDENTE Y VICE,21,Santa Fe,San Martín,San Martín de las Escobas,1560,FRENTE LIBER.AR,agrupacion,5,PROVISORIO,csv_por_mesa
2023,PASO,2023-08-13,PRESIDENTE Y VICE,21,Santa Fe,San Martín,San Martín de las Escobas,1560,FRENTE PATRIOTA FEDERAL,agrupacion,2,PROVISORIO,csv_por_mesa
2023,PASO,2023-08-13,PRESIDENTE Y VICE,21,Santa Fe,San Martín,San Martín de las Escobas,1560,HACEMOS POR NUESTRO PAIS,agrupacion,168,PROVISORIO,csv_por_mesa
2023,PASO,2023-08-13,PRESIDENTE Y VICE,21,Santa Fe,San Martín,San Martín de las Escobas,1560,IMPUGNADO,impugnados,0,PROVISORIO,csv_por_mesa
2023,PASO,2023-08-13,PRESIDENTE Y VICE,21,Santa Fe,San Martín,San Martín de las Escobas,1560,JUNTOS POR EL CAMBIO,agrupacion,559,PROVISORIO,csv_por_mesa
2023,PASO,2023-08-13,PRESIDENTE Y VICE,21,Santa Fe,San Martín,San Martín de las Escobas,1560,LA LIBERTAD AVANZA,agrupacion,727,PROVISORIO,csv_por_mesa
2023,PASO,2023-08-13,PRESIDENTE Y VICE,21,Santa Fe,San Martín,San Martín de las Escobas,1560,MOVIMIENTO AL SOCIALISMO,agrupacion,4,PROVISORIO,csv_por_mesa
2023,PASO,2023-08-13,PRESIDENTE Y VICE,21,Santa Fe,San Martín,San Martín de las Escobas,1560,MOVIMIENTO DE ACCION VECINAL,agrupacion,1,PROVISORIO,csv_por_mesa
2023,PASO,2023-08-13,PRESIDENTE Y VICE,21,Santa Fe,San Martín,San Martín de las Escobas,1560,MOVIMIENTO IZQUIERDA JUVENTUD Y DIGNIDAD,agrupacion,3,PROVISORIO,csv_por_mesa
2023,PASO,2023-08-13,PRESIDENTE Y VICE,21,Santa Fe,San Martín,San Martín de las Escobas,1560,MOVIMIENTO LIBRES DEL SUR,agrupacion,4,PROVISORIO,csv_por_mesa
2023,PASO,2023-08-13,PRESIDENTE Y VICE,21,Santa Fe,San Martín,San Martín de las Escobas,1560,NULO,nulos,12,PROVISORIO,csv_por_mesa
2023,PASO,2023-08-13,PRESIDENTE Y VICE,21,Santa Fe,San Martín,San Martín de las Escobas,1560,POLITICA OBRERA,agrupacion,6,PROVISORIO,csv_por_mesa
2023,PASO,2023-08-13,PRESIDENTE Y VICE,21,Santa Fe,San Martín,San Martín de las Escobas,1560,POSITIVO,positivo,1646,PROVISORIO,csv_por_mesa
2023,PASO,2023-08-13,PRESIDENTE Y VICE,21,Santa Fe,San Martín,San Martín de las Escobas,1560,PRINCIPIOS Y VALORES,agrupacion,9,PROVISORIO,csv_por_mesa
2023,PASO,2023-08-13,PRESIDENTE Y VICE,21,Santa Fe,San Martín,San Martín de las Escobas,1560,PROYECTO JOVEN,agrupacion,4,PROVISORIO,csv_por_mesa
2023,PASO,2023-08-13,PRESIDENTE Y VICE,21,Santa Fe,San Martín,San Martín de las Escobas,1560,RECURRIDO,recurridos,0,PROVISORIO,csv_por_mesa
2023,PASO,2023-08-13,PRESIDENTE Y VICE,21,Santa Fe,San Martín,San Martín de las Escobas,1560,UNION DEL CENTRO DEMOCRATICO,agrupacion,12,PROVISORIO,csv_por_mesa
2023,PASO,2023-08-13,PRESIDENTE Y VICE,21,Santa Fe,San Martín,San Martín de las Escobas,1560,UNION POR LA PATRIA,agrupacion,135,PROVISORIO,csv_por_mesa
2023,PASO,2023-08-13,PRESIDENTE Y VICE,21,Santa Fe,San Martín,Sastre y Ortiz,1550,COMANDO,comando,3,PROVISORIO,csv_por_mesa
2023,PASO,2023-08-13,PRESIDENTE Y VICE,21,Santa Fe,San Martín,Sastre y Ortiz,1550,EN BLANCO,blancos,162,PROVISORIO,csv_por_mesa
2023,PASO,2023-08-13,PRESIDENTE Y VICE,21,Santa Fe,San Martín,Sastre y Ortiz,1550,FRENTE DE IZQUIERDA Y DE TRABAJADORES - UNIDAD,agrupacion,30,PROVISORIO,csv_por_mesa
2023,PASO,2023-08-13,PRESIDENTE Y VICE,21,Santa Fe,San Martín,Sastre y Ortiz,1550,FRENTE LIBER.AR,agrupacion,14,PROVISORIO,csv_por_mesa
2023,PASO,2023-08-13,PRESIDENTE Y VICE,21,Santa Fe,San Martín,Sastre y Ortiz,1550,FRENTE PATRIOTA FEDERAL,agrupacion,5,PROVISORIO,csv_por_mesa
2023,PASO,2023-08-13,PRESIDENTE Y VICE,21,Santa Fe,San Martín,Sastre y Ortiz,1550,HACEMOS POR NUESTRO PAIS,agrupacion,342,PROVISORIO,csv_por_mesa
2023,PASO,2023-08-13,PRESIDENTE Y VICE,21,Santa Fe,San Martín,Sastre y Ortiz,1550,IMPUGNADO,impugnados,0,PROVISORIO,csv_por_mesa
2023,PASO,2023-08-13,PRESIDENTE Y VICE,21,Santa Fe,San Martín,Sastre y Ortiz,1550,JUNTOS POR EL CAMBIO,agrupacion,1179,PROVISORIO,csv_por_mesa
2023,PASO,2023-08-13,PRESIDENTE Y VICE,21,Santa Fe,San Martín,Sastre y Ortiz,1550,LA LIBERTAD AVANZA,agrupacion,983,PROVISORIO,csv_por_mesa
2023,PASO,2023-08-13,PRESIDENTE Y VICE,21,Santa Fe,San Martín,Sastre y Ortiz,1550,MOVIMIENTO AL SOCIALISMO,agrupacion,6,PROVISORIO,csv_por_mesa
2023,PASO,2023-08-13,PRESIDENTE Y VICE,21,Santa Fe,San Martín,Sastre y Ortiz,1550,MOVIMIENTO DE ACCION VECINAL,agrupacion,2,PROVISORIO,csv_por_mesa
2023,PASO,2023-08-13,PRESIDENTE Y VICE,21,Santa Fe,San Martín,Sastre y Ortiz,1550,MOVIMIENTO IZQUIERDA JUVENTUD Y DIGNIDAD,agrupacion,6,PROVISORIO,csv_por_mesa
2023,PASO,2023-08-13,PRESIDENTE Y VICE,21,Santa Fe,San Martín,Sastre y Ortiz,1550,MOVIMIENTO LIBRES DEL SUR,agrupacion,25,PROVISORIO,csv_por_mesa
2023,PASO,2023-08-13,PRESIDENTE Y VICE,21,Santa Fe,San Martín,Sastre y Ortiz,1550,NULO,nulos,97,PROVISORIO,csv_por_mesa
2023,PASO,2023-08-13,PRESIDENTE Y VICE,21,Santa Fe,San Martín,Sastre y Ortiz,1550,POLITICA OBRERA,agrupacion,9,PROVISORIO,csv_por_mesa
2023,PASO,2023-08-13,PRESIDENTE Y VICE,21,Santa Fe,San Martín,Sastre y Ortiz,1550,POSITIVO,positivo,3329,PROVISORIO,csv_por_mesa
2023,PASO,2023-08-13,PRESIDENTE Y VICE,21,Santa Fe,San Martín,Sastre y Ortiz,1550,PRINCIPIOS Y VALORES,agrupacion,40,PROVISORIO,csv_por_mesa
2023,PASO,2023-08-13,PRESIDENTE Y VICE,21,Santa Fe,San Martín,Sastre y Ortiz,1550,PROYECTO JOVEN,agrupacion,7,PROVISORIO,csv_por_mesa
2023,PASO,2023-08-13,PRESIDENTE Y VICE,21,Santa Fe,San Martín,Sastre y Ortiz,1550,RECURRIDO,recurridos,0,PROVISORIO,csv_por_mesa
2023,PASO,2023-08-13,PRESIDENTE Y VICE,21,Santa Fe,San Martín,Sastre y Ortiz,1550,UNION DEL CENTRO DEMOCRATICO,agrupacion,8,PROVISORIO,csv_por_mesa
2023,PASO,2023-08-13,PRESIDENTE Y VICE,21,Santa Fe,San Martín,Sastre y Ortiz,1550,UNION POR LA PATRIA,agrupacion,673,PROVISORIO,csv_por_mesa
