clave,departamento,localidad,poblacion_2022,categoria,familia,votos
2007-GENERAL,Castellanos,Ataliva,2292,Pueblo,Centro progresista no peronista,228
2007-GENERAL,Castellanos,Ataliva,2292,Pueblo,Centroderecha liberal,27
2007-GENERAL,Castellanos,Ataliva,2292,Pueblo,Centroizquierda no peronista,12
2007-GENERAL,Castellanos,Ataliva,2292,Pueblo,Derecha nacionalista,0
2007-GENERAL,Castellanos,Ataliva,2292,Pueblo,Izquierda,15
2007-GENERAL,Castellanos,Ataliva,2292,Pueblo,Kirchnerismo,368
2007-GENERAL,Castellanos,Ataliva,2292,Pueblo,Otros,1
2007-GENERAL,Castellanos,Ataliva,2292,Pueblo,Peronismo Federal,385
2007-GENERAL,Castellanos,Colonia Aldao,2015,Pueblo,Centro progresista no peronista,137
2007-GENERAL,Castellanos,Colonia Aldao,2015,Pueblo,Centroderecha liberal,40
2007-GENERAL,Castellanos,Colonia Aldao,2015,Pueblo,Centroizquierda no peronista,5
2007-GENERAL,Castellanos,Colonia Aldao,2015,Pueblo,Derecha nacionalista,0
2007-GENERAL,Castellanos,Colonia Aldao,2015,Pueblo,Izquierda,15
2007-GENERAL,Castellanos,Colonia Aldao,2015,Pueblo,Kirchnerismo,313
2007-GENERAL,Castellanos,Colonia Aldao,2015,Pueblo,Otros,4
2007-GENERAL,Castellanos,Colonia Aldao,2015,Pueblo,Peronismo Federal,375
2007-GENERAL,Castellanos,Frontera,9967,Ciudad pequeña,Centro progresista no peronista,718
2007-GENERAL,Castellanos,Frontera,9967,Ciudad pequeña,Centroderecha liberal,115
2007-GENERAL,Castellanos,Frontera,9967,Ciudad pequeña,Centroizquierda no peronista,20
2007-GENERAL,Castellanos,Frontera,9967,Ciudad pequeña,Derecha nacionalista,0
2007-GENERAL,Castellanos,Frontera,9967,Ciudad pequeña,Izquierda,65
2007-GENERAL,Castellanos,Frontera,9967,Ciudad pequeña,Kirchnerismo,1511
2007-GENERAL,Castellanos,Frontera,9967,Ciudad pequeña,Otros,23
2007-GENERAL,Castellanos,Frontera,9967,Ciudad pequeña,Peronismo Federal,1523
2007-GENERAL,Castellanos,Humberto Primo,5848,Ciudad pequeña,Centro progresista no peronista,667
2007-GENERAL,Castellanos,Humberto Primo,5848,Ciudad pequeña,Centroderecha liberal,61
2007-GENERAL,Castellanos,Humberto Primo,5848,Ciudad pequeña,Centroizquierda no peronista,11
2007-GENERAL,Castellanos,Humberto Primo,5848,Ciudad pequeña,Derecha nacionalista,0
2007-GENERAL,Castellanos,Humberto Primo,5848,Ciudad pequeña,Izquierda,56
2007-GENERAL,Castellanos,Humberto Primo,5848,Ciudad pequeña,Kirchnerismo,815
2007-GENERAL,Castellanos,Humberto Primo,5848,Ciudad pequeña,Otros,7
2007-GENERAL,Castellanos,Humberto Primo,5848,Ciudad pequeña,Peronismo Federal,1291
2007-GENERAL,Castellanos,Josefina,2738,Pueblo,Centro progresista no peronista,111
2007-GENERAL,Castellanos,Josefina,2738,Pueblo,Centroderecha liberal,10
2007-GENERAL,Castellanos,Josefina,2738,Pueblo,Centroizquierda no peronista,3
2007-GENERAL,Castellanos,Josefina,2738,Pueblo,Derecha nacionalista,0
2007-GENERAL,Castellanos,Josefina,2738,Pueblo,Izquierda,5
2007-GENERAL,Castellanos,Josefina,2738,Pueblo,Kirchnerismo,243
2007-GENERAL,Castellanos,Josefina,2738,Pueblo,Otros,1
2007-GENERAL,Castellanos,Josefina,2738,Pueblo,Peronismo Federal,301
2007-GENERAL,Castellanos,Lehmann,3574,Pueblo,Centro progresista no peronista,252
2007-GENERAL,Castellanos,Lehmann,3574,Pueblo,Centroderecha liberal,38
2007-GENERAL,Castellanos,Lehmann,3574,Pueblo,Centroizquierda no peronista,13
2007-GENERAL,Castellanos,Lehmann,3574,Pueblo,Derecha nacionalista,0
2007-GENERAL,Castellanos,Lehmann,3574,Pueblo,Izquierda,30
2007-GENERAL,Castellanos,Lehmann,3574,Pueblo,Kirchnerismo,784
2007-GENERAL,Castellanos,Lehmann,3574,Pueblo,Otros,2
2007-GENERAL,Castellanos,Lehmann,3574,Pueblo,Peronismo Federal,474
2007-GENERAL,Castellanos,María Juana,4910,Pueblo,Centro progresista no peronista,511
2007-GENERAL,Castellanos,María Juana,4910,Pueblo,Centroderecha liberal,63
2007-GENERAL,Castellanos,María Juana,4910,Pueblo,Centroizquierda no peronista,83
2007-GENERAL,Castellanos,María Juana,4910,Pueblo,Derecha nacionalista,0
2007-GENERAL,Castellanos,María Juana,4910,Pueblo,Izquierda,42
2007-GENERAL,Castellanos,María Juana,4910,Pueblo,Kirchnerismo,1108
2007-GENERAL,Castellanos,María Juana,4910,Pueblo,Otros,12
2007-GENERAL,Castellanos,María Juana,4910,Pueblo,Peronismo Federal,1091
2007-GENERAL,Castellanos,Ramona,2062,Pueblo,Centro progresista no peronista,285
2007-GENERAL,Castellanos,Ramona,2062,Pueblo,Centroderecha liberal,33
2007-GENERAL,Castellanos,Ramona,2062,Pueblo,Centroizquierda no peronista,10
2007-GENERAL,Castellanos,Ramona,2062,Pueblo,Derecha nacionalista,0
2007-GENERAL,Castellanos,Ramona,2062,Pueblo,Izquierda,12
2007-GENERAL,Castellanos,Ramona,2062,Pueblo,Kirchnerismo,376
2007-GENERAL,Castellanos,Ramona,2062,Pueblo,Otros,2
2007-GENERAL,Castellanos,Ramona,2062,Pueblo,Peronismo Federal,401
2007-GENERAL,Castellanos,San Vicente,6240,Ciudad pequeña,Centro progresista no peronista,869
2007-GENERAL,Castellanos,San Vicente,6240,Ciudad pequeña,Centroderecha liberal,112
2007-GENERAL,Castellanos,San Vicente,6240,Ciudad pequeña,Centroizquierda no peronista,28
2007-GENERAL,Castellanos,San Vicente,6240,Ciudad pequeña,Derecha nacionalista,0
2007-GENERAL,Castellanos,San Vicente,6240,Ciudad pequeña,Izquierda,37
2007-GENERAL,Castellanos,San Vicente,6240,Ciudad pequeña,Kirchnerismo,1196
2007-GENERAL,Castellanos,San Vicente,6240,Ciudad pequeña,Otros,9
2007-GENERAL,Castellanos,San Vicente,6240,Ciudad pequeña,Peronismo Federal,1501
2007-GENERAL,Castellanos,Santa Clara de Saguier,2057,Pueblo,Centro progresista no peronista,371
2007-GENERAL,Castellanos,Santa Clara de Saguier,2057,Pueblo,Centroderecha liberal,37
2007-GENERAL,Castellanos,Santa Clara de Saguier,2057,Pueblo,Centroizquierda no peronista,11
2007-GENERAL,Castellanos,Santa Clara de Saguier,2057,Pueblo,Derecha nacionalista,0
2007-GENERAL,Castellanos,Santa Clara de Saguier,2057,Pueblo,Izquierda,21
2007-GENERAL,Castellanos,Santa Clara de Saguier,2057,Pueblo,Kirchnerismo,430
2007-GENERAL,Castellanos,Santa Clara de Saguier,2057,Pueblo,Otros,6
2007-GENERAL,Castellanos,Santa Clara de Saguier,2057,Pueblo,Peronismo Federal,507
2007-GENERAL,Castellanos,Sunchales,23397,Ciudad intermedia,Centro progresista no peronista,2351
2007-GENERAL,Castellanos,Sunchales,23397,Ciudad intermedia,Centroderecha liberal,267
2007-GENERAL,Castellanos,Sunchales,23397,Ciudad intermedia,Centroizquierda no peronista,112
2007-GENERAL,Castellanos,Sunchales,23397,Ciudad intermedia,Derecha nacionalista,0
2007-GENERAL,Castellanos,Sunchales,23397,Ciudad intermedia,Izquierda,122
2007-GENERAL,Castellanos,Sunchales,23397,Ciudad intermedia,Kirchnerismo,4284
2007-GENERAL,Castellanos,Sunchales,23397,Ciudad intermedia,Otros,33
2007-GENERAL,Castellanos,Sunchales,23397,Ciudad intermedia,Peronismo Federal,4124
2007-GENERAL,Castellanos,Zenón Pereyra,2123,Pueblo,Centro progresista no peronista,323
2007-GENERAL,Castellanos,Zenón Pereyra,2123,Pueblo,Centroderecha liberal,20
2007-GENERAL,Castellanos,Zenón Pereyra,2123,Pueblo,Centroizquierda no peronista,5
2007-GENERAL,Castellanos,Zenón Pereyra,2123,Pueblo,Derecha nacionalista,0
2007-GENERAL,Castellanos,Zenón Pereyra,2123,Pueblo,Izquierda,11
2007-GENERAL,Castellanos,Zenón Pereyra,2123,Pueblo,Kirchnerismo,459
2007-GENERAL,Castellanos,Zenón Pereyra,2123,Pueblo,Otros,2
2007-GENERAL,Castellanos,Zenón Pereyra,2123,Pueblo,Peronismo Federal,338
2007-GENERAL,Las Colonias,Esperanza,46757,Ciudad intermedia,Centro progresista no peronista,4683
2007-GENERAL,Las Colonias,Esperanza,46757,Ciudad intermedia,Centroderecha liberal,338
2007-GENERAL,Las Colonias,Esperanza,46757,Ciudad intermedia,Centroizquierda no peronista,156
2007-GENERAL,Las Colonias,Esperanza,46757,Ciudad intermedia,Derecha nacionalista,11
2007-GENERAL,Las Colonias,Esperanza,46757,Ciudad intermedia,Izquierda,155
2007-GENERAL,Las Colonias,Esperanza,46757,Ciudad intermedia,Kirchnerismo,7758
2007-GENERAL,Las Colonias,Esperanza,46757,Ciudad intermedia,Otros,52
2007-GENERAL,Las Colonias,Esperanza,46757,Ciudad intermedia,Peronismo Federal,8361
2007-GENERAL,Las Colonias,Felicia,3158,Pueblo,Centro progresista no peronista,214
2007-GENERAL,Las Colonias,Felicia,3158,Pueblo,Centroderecha liberal,41
2007-GENERAL,Las Colonias,Felicia,3158,Pueblo,Centroizquierda no peronista,7
2007-GENERAL,Las Colonias,Felicia,3158,Pueblo,Derecha nacionalista,0
2007-GENERAL,Las Colonias,Felicia,3158,Pueblo,Izquierda,29
2007-GENERAL,Las Colonias,Felicia,3158,Pueblo,Kirchnerismo,467
2007-GENERAL,Las Colonias,Felicia,3158,Pueblo,Otros,2
2007-GENERAL,Las Colonias,Felicia,3158,Pueblo,Peronismo Federal,649
2007-GENERAL,Las Colonias,Franck,6406,Ciudad pequeña,Centro progresista no peronista,536
2007-GENERAL,Las Colonias,Franck,6406,Ciudad pequeña,Centroderecha liberal,40
2007-GENERAL,Las Colonias,Franck,6406,Ciudad pequeña,Centroizquierda no peronista,15
2007-GENERAL,Las Colonias,Franck,6406,Ciudad pequeña,Derecha nacionalista,0
2007-GENERAL,Las Colonias,Franck,6406,Ciudad pequeña,Izquierda,27
2007-GENERAL,Las Colonias,Franck,6406,Ciudad pequeña,Kirchnerismo,1002
2007-GENERAL,Las Colonias,Franck,6406,Ciudad pequeña,Otros,6
2007-GENERAL,Las Colonias,Franck,6406,Ciudad pequeña,Peronismo Federal,1428
2007-GENERAL,Las Colonias,Humboldt,5320,Ciudad pequeña,Centro progresista no peronista,672
2007-GENERAL,Las Colonias,Humboldt,5320,Ciudad pequeña,Centroderecha liberal,53
2007-GENERAL,Las Colonias,Humboldt,5320,Ciudad pequeña,Centroizquierda no peronista,17
2007-GENERAL,Las Colonias,Humboldt,5320,Ciudad pequeña,Derecha nacionalista,0
2007-GENERAL,Las Colonias,Humboldt,5320,Ciudad pequeña,Izquierda,28
2007-GENERAL,Las Colonias,Humboldt,5320,Ciudad pequeña,Kirchnerismo,830
2007-GENERAL,Las Colonias,Humboldt,5320,Ciudad pequeña,Otros,38
2007-GENERAL,Las Colonias,Humboldt,5320,Ciudad pequeña,Peronismo Federal,1162
2007-GENERAL,Las Colonias,Pilar,5310,Ciudad pequeña,Centro progresista no peronista,568
2007-GENERAL,Las Colonias,Pilar,5310,Ciudad pequeña,Centroderecha liberal,70
2007-GENERAL,Las Colonias,Pilar,5310,Ciudad pequeña,Centroizquierda no peronista,14
2007-GENERAL,Las Colonias,Pilar,5310,Ciudad pequeña,Derecha nacionalista,0
2007-GENERAL,Las Colonias,Pilar,5310,Ciudad pequeña,Izquierda,38
2007-GENERAL,Las Colonias,Pilar,5310,Ciudad pequeña,Kirchnerismo,1242
2007-GENERAL,Las Colonias,Pilar,5310,Ciudad pequeña,Otros,5
2007-GENERAL,Las Colonias,Pilar,5310,Ciudad pequeña,Peronismo Federal,592
2007-GENERAL,Las Colonias,Progreso,2773,Pueblo,Centro progresista no peronista,370
2007-GENERAL,Las Colonias,Progreso,2773,Pueblo,Centroderecha liberal,34
2007-GENERAL,Las Colonias,Progreso,2773,Pueblo,Centroizquierda no peronista,5
2007-GENERAL,Las Colonias,Progreso,2773,Pueblo,Derecha nacionalista,0
2007-GENERAL,Las Colonias,Progreso,2773,Pueblo,Izquierda,16
2007-GENERAL,Las Colonias,Progreso,2773,Pueblo,Kirchnerismo,335
2007-GENERAL,Las Colonias,Progreso,2773,Pueblo,Otros,5
2007-GENERAL,Las Colonias,Progreso,2773,Pueblo,Peronismo Federal,572
2007-GENERAL,Las Colonias,San Carlos Centro,12322,Ciudad intermedia,Centro progresista no peronista,1899
2007-GENERAL,Las Colonias,San Carlos Centro,12322,Ciudad intermedia,Centroderecha liberal,137
2007-GENERAL,Las Colonias,San Carlos Centro,12322,Ciudad intermedia,Centroizquierda no peronista,43
2007-GENERAL,Las Colonias,San Carlos Centro,12322,Ciudad intermedia,Derecha nacionalista,0
2007-GENERAL,Las Colonias,San Carlos Centro,12322,Ciudad intermedia,Izquierda,70
2007-GENERAL,Las Colonias,San Carlos Centro,12322,Ciudad intermedia,Kirchnerismo,2450
2007-GENERAL,Las Colonias,San Carlos Centro,12322,Ciudad intermedia,Otros,13
2007-GENERAL,Las Colonias,San Carlos Centro,12322,Ciudad intermedia,Peronismo Federal,2115
2007-GENERAL,Las Colonias,San Carlos Sud,2607,Pueblo,Centro progresista no peronista,300
2007-GENERAL,Las Colonias,San Carlos Sud,2607,Pueblo,Centroderecha liberal,20
2007-GENERAL,Las Colonias,San Carlos Sud,2607,Pueblo,Centroizquierda no peronista,5
2007-GENERAL,Las Colonias,San Carlos Sud,2607,Pueblo,Derecha nacionalista,0
2007-GENERAL,Las Colonias,San Carlos Sud,2607,Pueblo,Izquierda,14
2007-GENERAL,Las Colonias,San Carlos Sud,2607,Pueblo,Kirchnerismo,497
2007-GENERAL,Las Colonias,San Carlos Sud,2607,Pueblo,Otros,3
2007-GENERAL,Las Colonias,San Carlos Sud,2607,Pueblo,Peronismo Federal,361
2007-GENERAL,Las Colonias,San Jerónimo Norte,7312,Ciudad pequeña,Centro progresista no peronista,1021
2007-GENERAL,Las Colonias,San Jerónimo Norte,7312,Ciudad pequeña,Centroderecha liberal,57
2007-GENERAL,Las Colonias,San Jerónimo Norte,7312,Ciudad pequeña,Centroizquierda no peronista,31
2007-GENERAL,Las Colonias,San Jerónimo Norte,7312,Ciudad pequeña,Derecha nacionalista,0
2007-GENERAL,Las Colonias,San Jerónimo Norte,7312,Ciudad pequeña,Izquierda,36
2007-GENERAL,Las Colonias,San Jerónimo Norte,7312,Ciudad pequeña,Kirchnerismo,1164
2007-GENERAL,Las Colonias,San Jerónimo Norte,7312,Ciudad pequeña,Otros,4
2007-GENERAL,Las Colonias,San Jerónimo Norte,7312,Ciudad pequeña,Peronismo Federal,1756
2007-GENERAL,Las Colonias,Santa Clara de Buena Vista,3115,Pueblo,Centro progresista no peronista,388
2007-GENERAL,Las Colonias,Santa Clara de Buena Vista,3115,Pueblo,Centroderecha liberal,46
2007-GENERAL,Las Colonias,Santa Clara de Buena Vista,3115,Pueblo,Centroizquierda no peronista,6
2007-GENERAL,Las Colonias,Santa Clara de Buena Vista,3115,Pueblo,Derecha nacionalista,0
2007-GENERAL,Las Colonias,Santa Clara de Buena Vista,3115,Pueblo,Izquierda,30
2007-GENERAL,Las Colonias,Santa Clara de Buena Vista,3115,Pueblo,Kirchnerismo,576
2007-GENERAL,Las Colonias,Santa Clara de Buena Vista,3115,Pueblo,Otros,10
2007-GENERAL,Las Colonias,Santa Clara de Buena Vista,3115,Pueblo,Peronismo Federal,607
2007-GENERAL,San Martín,Carlos Pellegrini,5961,Ciudad pequeña,Centro progresista no peronista,994
2007-GENERAL,San Martín,Carlos Pellegrini,5961,Ciudad pequeña,Centroderecha liberal,73
2007-GENERAL,San Martín,Carlos Pellegrini,5961,Ciudad pequeña,Centroizquierda no peronista,57
2007-GENERAL,San Martín,Carlos Pellegrini,5961,Ciudad pequeña,Derecha nacionalista,1
2007-GENERAL,San Martín,Carlos Pellegrini,5961,Ciudad pequeña,Izquierda,19
2007-GENERAL,San Martín,Carlos Pellegrini,5961,Ciudad pequeña,Kirchnerismo,738
2007-GENERAL,San Martín,Carlos Pellegrini,5961,Ciudad pequeña,Otros,11
2007-GENERAL,San Martín,Carlos Pellegrini,5961,Ciudad pequeña,Peronismo Federal,1129
2007-GENERAL,San Martín,Cañada Rosquín,5616,Ciudad pequeña,Centro progresista no peronista,996
2007-GENERAL,San Martín,Cañada Rosquín,5616,Ciudad pequeña,Centroderecha liberal,62
2007-GENERAL,San Martín,Cañada Rosquín,5616,Ciudad pequeña,Centroizquierda no peronista,62
2007-GENERAL,San Martín,Cañada Rosquín,5616,Ciudad pequeña,Derecha nacionalista,0
2007-GENERAL,San Martín,Cañada Rosquín,5616,Ciudad pequeña,Izquierda,35
2007-GENERAL,San Martín,Cañada Rosquín,5616,Ciudad pequeña,Kirchnerismo,956
2007-GENERAL,San Martín,Cañada Rosquín,5616,Ciudad pequeña,Otros,9
2007-GENERAL,San Martín,Cañada Rosquín,5616,Ciudad pequeña,Peronismo Federal,928
2007-GENERAL,San Martín,El Trébol,12424,Ciudad intermedia,Centro progresista no peronista,2156
2007-GENERAL,San Martín,El Trébol,12424,Ciudad intermedia,Centroderecha liberal,155
2007-GENERAL,San Martín,El Trébol,12424,Ciudad intermedia,Centroizquierda no peronista,64
2007-GENERAL,San Martín,El Trébol,12424,Ciudad intermedia,Derecha nacionalista,0
2007-GENERAL,San Martín,El Trébol,12424,Ciudad intermedia,Izquierda,70
2007-GENERAL,San Martín,El Trébol,12424,Ciudad intermedia,Kirchnerismo,2067
2007-GENERAL,San Martín,El Trébol,12424,Ciudad intermedia,Otros,16
2007-GENERAL,San Martín,El Trébol,12424,Ciudad intermedia,Peronismo Federal,1826
2007-GENERAL,San Martín,María Susana,3569,Pueblo,Centro progresista no peronista,789
2007-GENERAL,San Martín,María Susana,3569,Pueblo,Centroderecha liberal,63
2007-GENERAL,San Martín,María Susana,3569,Pueblo,Centroizquierda no peronista,22
2007-GENERAL,San Martín,María Susana,3569,Pueblo,Derecha nacionalista,0
2007-GENERAL,San Martín,María Susana,3569,Pueblo,Izquierda,28
2007-GENERAL,San Martín,María Susana,3569,Pueblo,Kirchnerismo,460
2007-GENERAL,San Martín,María Susana,3569,Pueblo,Otros,6
2007-GENERAL,San Martín,María Susana,3569,Pueblo,Peronismo Federal,790
2007-GENERAL,San Martín,Piamonte,3622,Pueblo,Centro progresista no peronista,579
2007-GENERAL,San Martín,Piamonte,3622,Pueblo,Centroderecha liberal,32
2007-GENERAL,San Martín,Piamonte,3622,Pueblo,Centroizquierda no peronista,32
2007-GENERAL,San Martín,Piamonte,3622,Pueblo,Derecha nacionalista,0
2007-GENERAL,San Martín,Piamonte,3622,Pueblo,Izquierda,24
2007-GENERAL,San Martín,Piamonte,3622,Pueblo,Kirchnerismo,519
2007-GENERAL,San Martín,Piamonte,3622,Pueblo,Otros,3
2007-GENERAL,San Martín,Piamonte,3622,Pueblo,Peronismo Federal,806
2007-GENERAL,San Martín,San Jorge,19524,Ciudad intermedia,Centro progresista no peronista,2634
2007-GENERAL,San Martín,San Jorge,19524,Ciudad intermedia,Centroderecha liberal,281
2007-GENERAL,San Martín,San Jorge,19524,Ciudad intermedia,Centroizquierda no peronista,190
2007-GENERAL,San Martín,San Jorge,19524,Ciudad intermedia,Derecha nacionalista,0
2007-GENERAL,San Martín,San Jorge,19524,Ciudad intermedia,Izquierda,141
2007-GENERAL,San Martín,San Jorge,19524,Ciudad intermedia,Kirchnerismo,3559
2007-GENERAL,San Martín,San Jorge,19524,Ciudad intermedia,Otros,38
2007-GENERAL,San Martín,San Jorge,19524,Ciudad intermedia,Peronismo Federal,3158
2007-GENERAL,San Martín,San Martín de las Escobas,3047,Pueblo,Centro progresista no peronista,526
2007-GENERAL,San Martín,San Martín de las Escobas,3047,Pueblo,Centroderecha liberal,24
2007-GENERAL,San Martín,San Martín de las Escobas,3047,Pueblo,Centroizquierda no peronista,6
2007-GENERAL,San Martín,San Martín de las Escobas,3047,Pueblo,Derecha nacionalista,0
2007-GENERAL,San Martín,San Martín de las Escobas,3047,Pueblo,Izquierda,12
2007-GENERAL,San Martín,San Martín de las Escobas,3047,Pueblo,Kirchnerismo,457
2007-GENERAL,San Martín,San Martín de las Escobas,3047,Pueblo,Otros,5
2007-GENERAL,San Martín,San Martín de las Escobas,3047,Pueblo,Peronismo Federal,524
2007-GENERAL,San Martín,Sastre y Ortiz,5855,Ciudad pequeña,Centro progresista no peronista,791
2007-GENERAL,San Martín,Sastre y Ortiz,5855,Ciudad pequeña,Centroderecha liberal,61
2007-GENERAL,San Martín,Sastre y Ortiz,5855,Ciudad pequeña,Centroizquierda no peronista,60
2007-GENERAL,San Martín,Sastre y Ortiz,5855,Ciudad pequeña,Derecha nacionalista,1
2007-GENERAL,San Martín,Sastre y Ortiz,5855,Ciudad pequeña,Izquierda,31
2007-GENERAL,San Martín,Sastre y Ortiz,5855,Ciudad pequeña,Kirchnerismo,1034
2007-GENERAL,San Martín,Sastre y Ortiz,5855,Ciudad pequeña,Otros,8
2007-GENERAL,San Martín,Sastre y Ortiz,5855,Ciudad pequeña,Peronismo Federal,1432
2011-GENERAL,Castellanos,Ataliva,2292,Pueblo,Centro progresista no peronista,17
2011-GENERAL,Castellanos,Ataliva,2292,Pueblo,Izquierda,13
2011-GENERAL,Castellanos,Ataliva,2292,Pueblo,Kirchnerismo,398
2011-GENERAL,Castellanos,Ataliva,2292,Pueblo,Peronismo Federal,86
2011-GENERAL,Castellanos,Ataliva,2292,Pueblo,Socialismo,427
2011-GENERAL,Castellanos,Ataliva,2292,Pueblo,Union Civica Radical,56
2011-GENERAL,Castellanos,Colonia Aldao,2015,Pueblo,Centro progresista no peronista,13
2011-GENERAL,Castellanos,Colonia Aldao,2015,Pueblo,Izquierda,9
2011-GENERAL,Castellanos,Colonia Aldao,2015,Pueblo,Kirchnerismo,371
2011-GENERAL,Castellanos,Colonia Aldao,2015,Pueblo,Peronismo Federal,122
2011-GENERAL,Castellanos,Colonia Aldao,2015,Pueblo,Socialismo,332
2011-GENERAL,Castellanos,Colonia Aldao,2015,Pueblo,Union Civica Radical,59
2011-GENERAL,Castellanos,Frontera,9967,Ciudad pequeña,Centro progresista no peronista,43
2011-GENERAL,Castellanos,Frontera,9967,Ciudad pequeña,Izquierda,68
2011-GENERAL,Castellanos,Frontera,9967,Ciudad pequeña,Kirchnerismo,2808
2011-GENERAL,Castellanos,Frontera,9967,Ciudad pequeña,Peronismo Federal,499
2011-GENERAL,Castellanos,Frontera,9967,Ciudad pequeña,Socialismo,916
2011-GENERAL,Castellanos,Frontera,9967,Ciudad pequeña,Union Civica Radical,265
2011-GENERAL,Castellanos,Humberto Primo,5848,Ciudad pequeña,Centro progresista no peronista,46
2011-GENERAL,Castellanos,Humberto Primo,5848,Ciudad pequeña,Izquierda,34
2011-GENERAL,Castellanos,Humberto Primo,5848,Ciudad pequeña,Kirchnerismo,900
2011-GENERAL,Castellanos,Humberto Primo,5848,Ciudad pequeña,Peronismo Federal,358
2011-GENERAL,Castellanos,Humberto Primo,5848,Ciudad pequeña,Socialismo,1362
2011-GENERAL,Castellanos,Humberto Primo,5848,Ciudad pequeña,Union Civica Radical,135
2011-GENERAL,Castellanos,Josefina,2738,Pueblo,Centro progresista no peronista,13
2011-GENERAL,Castellanos,Josefina,2738,Pueblo,Izquierda,10
2011-GENERAL,Castellanos,Josefina,2738,Pueblo,Kirchnerismo,372
2011-GENERAL,Castellanos,Josefina,2738,Pueblo,Peronismo Federal,77
2011-GENERAL,Castellanos,Josefina,2738,Pueblo,Socialismo,227
2011-GENERAL,Castellanos,Josefina,2738,Pueblo,Union Civica Radical,83
2011-GENERAL,Castellanos,Lehmann,3574,Pueblo,Centro progresista no peronista,25
2011-GENERAL,Castellanos,Lehmann,3574,Pueblo,Izquierda,22
2011-GENERAL,Castellanos,Lehmann,3574,Pueblo,Kirchnerismo,682
2011-GENERAL,Castellanos,Lehmann,3574,Pueblo,Peronismo Federal,262
2011-GENERAL,Castellanos,Lehmann,3574,Pueblo,Socialismo,605
2011-GENERAL,Castellanos,Lehmann,3574,Pueblo,Union Civica Radical,82
2011-GENERAL,Castellanos,María Juana,4910,Pueblo,Centro progresista no peronista,39
2011-GENERAL,Castellanos,María Juana,4910,Pueblo,Izquierda,61
2011-GENERAL,Castellanos,María Juana,4910,Pueblo,Kirchnerismo,1202
2011-GENERAL,Castellanos,María Juana,4910,Pueblo,Peronismo Federal,244
2011-GENERAL,Castellanos,María Juana,4910,Pueblo,Socialismo,1339
2011-GENERAL,Castellanos,María Juana,4910,Pueblo,Union Civica Radical,171
2011-GENERAL,Castellanos,Ramona,2062,Pueblo,Centro progresista no peronista,23
2011-GENERAL,Castellanos,Ramona,2062,Pueblo,Izquierda,20
2011-GENERAL,Castellanos,Ramona,2062,Pueblo,Kirchnerismo,385
2011-GENERAL,Castellanos,Ramona,2062,Pueblo,Peronismo Federal,156
2011-GENERAL,Castellanos,Ramona,2062,Pueblo,Socialismo,473
2011-GENERAL,Castellanos,Ramona,2062,Pueblo,Union Civica Radical,109
2011-GENERAL,Castellanos,San Vicente,6240,Ciudad pequeña,Centro progresista no peronista,46
2011-GENERAL,Castellanos,San Vicente,6240,Ciudad pequeña,Izquierda,64
2011-GENERAL,Castellanos,San Vicente,6240,Ciudad pequeña,Kirchnerismo,1283
2011-GENERAL,Castellanos,San Vicente,6240,Ciudad pequeña,Peronismo Federal,609
2011-GENERAL,Castellanos,San Vicente,6240,Ciudad pequeña,Socialismo,1540
2011-GENERAL,Castellanos,San Vicente,6240,Ciudad pequeña,Union Civica Radical,315
2011-GENERAL,Castellanos,Santa Clara de Saguier,2057,Pueblo,Centro progresista no peronista,15
2011-GENERAL,Castellanos,Santa Clara de Saguier,2057,Pueblo,Izquierda,22
2011-GENERAL,Castellanos,Santa Clara de Saguier,2057,Pueblo,Kirchnerismo,543
2011-GENERAL,Castellanos,Santa Clara de Saguier,2057,Pueblo,Peronismo Federal,171
2011-GENERAL,Castellanos,Santa Clara de Saguier,2057,Pueblo,Socialismo,445
2011-GENERAL,Castellanos,Santa Clara de Saguier,2057,Pueblo,Union Civica Radical,115
2011-GENERAL,Castellanos,Sunchales,23397,Ciudad intermedia,Centro progresista no peronista,255
2011-GENERAL,Castellanos,Sunchales,23397,Ciudad intermedia,Izquierda,149
2011-GENERAL,Castellanos,Sunchales,23397,Ciudad intermedia,Kirchnerismo,5089
2011-GENERAL,Castellanos,Sunchales,23397,Ciudad intermedia,Peronismo Federal,1113
2011-GENERAL,Castellanos,Sunchales,23397,Ciudad intermedia,Socialismo,5070
2011-GENERAL,Castellanos,Sunchales,23397,Ciudad intermedia,Union Civica Radical,616
2011-GENERAL,Castellanos,Zenón Pereyra,2123,Pueblo,Centro progresista no peronista,23
2011-GENERAL,Castellanos,Zenón Pereyra,2123,Pueblo,Izquierda,11
2011-GENERAL,Castellanos,Zenón Pereyra,2123,Pueblo,Kirchnerismo,361
2011-GENERAL,Castellanos,Zenón Pereyra,2123,Pueblo,Peronismo Federal,110
2011-GENERAL,Castellanos,Zenón Pereyra,2123,Pueblo,Socialismo,557
2011-GENERAL,Castellanos,Zenón Pereyra,2123,Pueblo,Union Civica Radical,52
2011-GENERAL,Las Colonias,Esperanza,46757,Ciudad intermedia,Centro progresista no peronista,425
2011-GENERAL,Las Colonias,Esperanza,46757,Ciudad intermedia,Izquierda,231
2011-GENERAL,Las Colonias,Esperanza,46757,Ciudad intermedia,Kirchnerismo,7141
2011-GENERAL,Las Colonias,Esperanza,46757,Ciudad intermedia,Peronismo Federal,2131
2011-GENERAL,Las Colonias,Esperanza,46757,Ciudad intermedia,Socialismo,11070
2011-GENERAL,Las Colonias,Esperanza,46757,Ciudad intermedia,Union Civica Radical,1194
2011-GENERAL,Las Colonias,Felicia,3158,Pueblo,Centro progresista no peronista,17
2011-GENERAL,Las Colonias,Felicia,3158,Pueblo,Izquierda,20
2011-GENERAL,Las Colonias,Felicia,3158,Pueblo,Kirchnerismo,371
2011-GENERAL,Las Colonias,Felicia,3158,Pueblo,Peronismo Federal,214
2011-GENERAL,Las Colonias,Felicia,3158,Pueblo,Socialismo,589
2011-GENERAL,Las Colonias,Felicia,3158,Pueblo,Union Civica Radical,100
2011-GENERAL,Las Colonias,Franck,6406,Ciudad pequeña,Centro progresista no peronista,55
2011-GENERAL,Las Colonias,Franck,6406,Ciudad pequeña,Izquierda,56
2011-GENERAL,Las Colonias,Franck,6406,Ciudad pequeña,Kirchnerismo,814
2011-GENERAL,Las Colonias,Franck,6406,Ciudad pequeña,Peronismo Federal,430
2011-GENERAL,Las Colonias,Franck,6406,Ciudad pequeña,Socialismo,1597
2011-GENERAL,Las Colonias,Franck,6406,Ciudad pequeña,Union Civica Radical,290
2011-GENERAL,Las Colonias,Humboldt,5320,Ciudad pequeña,Centro progresista no peronista,50
2011-GENERAL,Las Colonias,Humboldt,5320,Ciudad pequeña,Izquierda,36
2011-GENERAL,Las Colonias,Humboldt,5320,Ciudad pequeña,Kirchnerismo,825
2011-GENERAL,Las Colonias,Humboldt,5320,Ciudad pequeña,Peronismo Federal,433
2011-GENERAL,Las Colonias,Humboldt,5320,Ciudad pequeña,Socialismo,1198
2011-GENERAL,Las Colonias,Humboldt,5320,Ciudad pequeña,Union Civica Radical,315
2011-GENERAL,Las Colonias,Pilar,5310,Ciudad pequeña,Centro progresista no peronista,25
2011-GENERAL,Las Colonias,Pilar,5310,Ciudad pequeña,Izquierda,35
2011-GENERAL,Las Colonias,Pilar,5310,Ciudad pequeña,Kirchnerismo,1043
2011-GENERAL,Las Colonias,Pilar,5310,Ciudad pequeña,Peronismo Federal,250
2011-GENERAL,Las Colonias,Pilar,5310,Ciudad pequeña,Socialismo,1149
2011-GENERAL,Las Colonias,Pilar,5310,Ciudad pequeña,Union Civica Radical,130
2011-GENERAL,Las Colonias,Progreso,2773,Pueblo,Centro progresista no peronista,18
2011-GENERAL,Las Colonias,Progreso,2773,Pueblo,Izquierda,16
2011-GENERAL,Las Colonias,Progreso,2773,Pueblo,Kirchnerismo,321
2011-GENERAL,Las Colonias,Progreso,2773,Pueblo,Peronismo Federal,291
2011-GENERAL,Las Colonias,Progreso,2773,Pueblo,Socialismo,542
2011-GENERAL,Las Colonias,Progreso,2773,Pueblo,Union Civica Radical,142
2011-GENERAL,Las Colonias,San Carlos Centro,12322,Ciudad intermedia,Centro progresista no peronista,121
2011-GENERAL,Las Colonias,San Carlos Centro,12322,Ciudad intermedia,Izquierda,112
2011-GENERAL,Las Colonias,San Carlos Centro,12322,Ciudad intermedia,Kirchnerismo,2536
2011-GENERAL,Las Colonias,San Carlos Centro,12322,Ciudad intermedia,Peronismo Federal,633
2011-GENERAL,Las Colonias,San Carlos Centro,12322,Ciudad intermedia,Socialismo,3289
2011-GENERAL,Las Colonias,San Carlos Centro,12322,Ciudad intermedia,Union Civica Radical,411
2011-GENERAL,Las Colonias,San Carlos Sud,2607,Pueblo,Centro progresista no peronista,8
2011-GENERAL,Las Colonias,San Carlos Sud,2607,Pueblo,Izquierda,28
2011-GENERAL,Las Colonias,San Carlos Sud,2607,Pueblo,Kirchnerismo,402
2011-GENERAL,Las Colonias,San Carlos Sud,2607,Pueblo,Peronismo Federal,83
2011-GENERAL,Las Colonias,San Carlos Sud,2607,Pueblo,Socialismo,441
2011-GENERAL,Las Colonias,San Carlos Sud,2607,Pueblo,Union Civica Radical,65
2011-GENERAL,Las Colonias,San Jerónimo Norte,7312,Ciudad pequeña,Centro progresista no peronista,88
2011-GENERAL,Las Colonias,San Jerónimo Norte,7312,Ciudad pequeña,Izquierda,61
2011-GENERAL,Las Colonias,San Jerónimo Norte,7312,Ciudad pequeña,Kirchnerismo,1027
2011-GENERAL,Las Colonias,San Jerónimo Norte,7312,Ciudad pequeña,Peronismo Federal,520
2011-GENERAL,Las Colonias,San Jerónimo Norte,7312,Ciudad pequeña,Socialismo,2023
2011-GENERAL,Las Colonias,San Jerónimo Norte,7312,Ciudad pequeña,Union Civica Radical,388
2011-GENERAL,Las Colonias,Santa Clara de Buena Vista,3115,Pueblo,Centro progresista no peronista,34
2011-GENERAL,Las Colonias,Santa Clara de Buena Vista,3115,Pueblo,Izquierda,36
2011-GENERAL,Las Colonias,Santa Clara de Buena Vista,3115,Pueblo,Kirchnerismo,563
2011-GENERAL,Las Colonias,Santa Clara de Buena Vista,3115,Pueblo,Peronismo Federal,202
2011-GENERAL,Las Colonias,Santa Clara de Buena Vista,3115,Pueblo,Socialismo,753
2011-GENERAL,Las Colonias,Santa Clara de Buena Vista,3115,Pueblo,Union Civica Radical,75
2011-GENERAL,San Martín,Carlos Pellegrini,5961,Ciudad pequeña,Centro progresista no peronista,71
2011-GENERAL,San Martín,Carlos Pellegrini,5961,Ciudad pequeña,Izquierda,60
2011-GENERAL,San Martín,Carlos Pellegrini,5961,Ciudad pequeña,Kirchnerismo,904
2011-GENERAL,San Martín,Carlos Pellegrini,5961,Ciudad pequeña,Peronismo Federal,457
2011-GENERAL,San Martín,Carlos Pellegrini,5961,Ciudad pequeña,Socialismo,1471
2011-GENERAL,San Martín,Carlos Pellegrini,5961,Ciudad pequeña,Union Civica Radical,201
2011-GENERAL,San Martín,Cañada Rosquín,5616,Ciudad pequeña,Centro progresista no peronista,57
2011-GENERAL,San Martín,Cañada Rosquín,5616,Ciudad pequeña,Izquierda,70
2011-GENERAL,San Martín,Cañada Rosquín,5616,Ciudad pequeña,Kirchnerismo,1153
2011-GENERAL,San Martín,Cañada Rosquín,5616,Ciudad pequeña,Peronismo Federal,462
2011-GENERAL,San Martín,Cañada Rosquín,5616,Ciudad pequeña,Socialismo,1166
2011-GENERAL,San Martín,Cañada Rosquín,5616,Ciudad pequeña,Union Civica Radical,232
2011-GENERAL,San Martín,El Trébol,12424,Ciudad intermedia,Centro progresista no peronista,114
2011-GENERAL,San Martín,El Trébol,12424,Ciudad intermedia,Izquierda,104
2011-GENERAL,San Martín,El Trébol,12424,Ciudad intermedia,Kirchnerismo,2803
2011-GENERAL,San Martín,El Trébol,12424,Ciudad intermedia,Peronismo Federal,760
2011-GENERAL,San Martín,El Trébol,12424,Ciudad intermedia,Socialismo,2528
2011-GENERAL,San Martín,El Trébol,12424,Ciudad intermedia,Union Civica Radical,534
2011-GENERAL,San Martín,María Susana,3569,Pueblo,Centro progresista no peronista,36
2011-GENERAL,San Martín,María Susana,3569,Pueblo,Izquierda,27
2011-GENERAL,San Martín,María Susana,3569,Pueblo,Kirchnerismo,561
2011-GENERAL,San Martín,María Susana,3569,Pueblo,Peronismo Federal,339
2011-GENERAL,San Martín,María Susana,3569,Pueblo,Socialismo,1040
2011-GENERAL,San Martín,María Susana,3569,Pueblo,Union Civica Radical,162
2011-GENERAL,San Martín,Piamonte,3622,Pueblo,Centro progresista no peronista,34
2011-GENERAL,San Martín,Piamonte,3622,Pueblo,Izquierda,22
2011-GENERAL,San Martín,Piamonte,3622,Pueblo,Kirchnerismo,651
2011-GENERAL,San Martín,Piamonte,3622,Pueblo,Peronismo Federal,275
2011-GENERAL,San Martín,Piamonte,3622,Pueblo,Socialismo,892
2011-GENERAL,San Martín,Piamonte,3622,Pueblo,Union Civica Radical,177
2011-GENERAL,San Martín,San Jorge,19524,Ciudad intermedia,Centro progresista no peronista,145
2011-GENERAL,San Martín,San Jorge,19524,Ciudad intermedia,Izquierda,192
2011-GENERAL,San Martín,San Jorge,19524,Ciudad intermedia,Kirchnerismo,4360
2011-GENERAL,San Martín,San Jorge,19524,Ciudad intermedia,Peronismo Federal,1115
2011-GENERAL,San Martín,San Jorge,19524,Ciudad intermedia,Socialismo,4280
2011-GENERAL,San Martín,San Jorge,19524,Ciudad intermedia,Union Civica Radical,733
2011-GENERAL,San Martín,San Martín de las Escobas,3047,Pueblo,Centro progresista no peronista,32
2011-GENERAL,San Martín,San Martín de las Escobas,3047,Pueblo,Izquierda,19
2011-GENERAL,San Martín,San Martín de las Escobas,3047,Pueblo,Kirchnerismo,444
2011-GENERAL,San Martín,San Martín de las Escobas,3047,Pueblo,Peronismo Federal,269
2011-GENERAL,San Martín,San Martín de las Escobas,3047,Pueblo,Socialismo,671
2011-GENERAL,San Martín,San Martín de las Escobas,3047,Pueblo,Union Civica Radical,117
2011-GENERAL,San Martín,Sastre y Ortiz,5855,Ciudad pequeña,Centro progresista no peronista,57
2011-GENERAL,San Martín,Sastre y Ortiz,5855,Ciudad pequeña,Izquierda,104
2011-GENERAL,San Martín,Sastre y Ortiz,5855,Ciudad pequeña,Kirchnerismo,1432
2011-GENERAL,San Martín,Sastre y Ortiz,5855,Ciudad pequeña,Peronismo Federal,386
2011-GENERAL,San Martín,Sastre y Ortiz,5855,Ciudad pequeña,Socialismo,1205
2011-GENERAL,San Martín,Sastre y Ortiz,5855,Ciudad pequeña,Union Civica Radical,306
2011-PASO,Castellanos,Ataliva,2292,Pueblo,Centro progresista no peronista,25
2011-PASO,Castellanos,Ataliva,2292,Pueblo,Centroizquierda no peronista,2
2011-PASO,Castellanos,Ataliva,2292,Pueblo,Izquierda,5
2011-PASO,Castellanos,Ataliva,2292,Pueblo,Kirchnerismo,439
2011-PASO,Castellanos,Ataliva,2292,Pueblo,Otros,1
2011-PASO,Castellanos,Ataliva,2292,Pueblo,Peronismo Federal,200
2011-PASO,Castellanos,Ataliva,2292,Pueblo,Socialismo,369
2011-PASO,Castellanos,Ataliva,2292,Pueblo,Union Civica Radical,54
2011-PASO,Castellanos,Colonia Aldao,2015,Pueblo,Centro progresista no peronista,27
2011-PASO,Castellanos,Colonia Aldao,2015,Pueblo,Centroizquierda no peronista,5
2011-PASO,Castellanos,Colonia Aldao,2015,Pueblo,Izquierda,7
2011-PASO,Castellanos,Colonia Aldao,2015,Pueblo,Kirchnerismo,398
2011-PASO,Castellanos,Colonia Aldao,2015,Pueblo,Otros,2
2011-PASO,Castellanos,Colonia Aldao,2015,Pueblo,Peronismo Federal,224
2011-PASO,Castellanos,Colonia Aldao,2015,Pueblo,Socialismo,250
2011-PASO,Castellanos,Colonia Aldao,2015,Pueblo,Union Civica Radical,90
2011-PASO,Castellanos,Frontera,9967,Ciudad pequeña,Centro progresista no peronista,81
2011-PASO,Castellanos,Frontera,9967,Ciudad pequeña,Centroizquierda no peronista,11
2011-PASO,Castellanos,Frontera,9967,Ciudad pequeña,Izquierda,42
2011-PASO,Castellanos,Frontera,9967,Ciudad pequeña,Kirchnerismo,2428
2011-PASO,Castellanos,Frontera,9967,Ciudad pequeña,Otros,11
2011-PASO,Castellanos,Frontera,9967,Ciudad pequeña,Peronismo Federal,626
2011-PASO,Castellanos,Frontera,9967,Ciudad pequeña,Socialismo,775
2011-PASO,Castellanos,Frontera,9967,Ciudad pequeña,Union Civica Radical,213
2011-PASO,Castellanos,Humberto Primo,5848,Ciudad pequeña,Centro progresista no peronista,102
2011-PASO,Castellanos,Humberto Primo,5848,Ciudad pequeña,Centroizquierda no peronista,5
2011-PASO,Castellanos,Humberto Primo,5848,Ciudad pequeña,Izquierda,26
2011-PASO,Castellanos,Humberto Primo,5848,Ciudad pequeña,Kirchnerismo,847
2011-PASO,Castellanos,Humberto Primo,5848,Ciudad pequeña,Otros,9
2011-PASO,Castellanos,Humberto Primo,5848,Ciudad pequeña,Peronismo Federal,740
2011-PASO,Castellanos,Humberto Primo,5848,Ciudad pequeña,Socialismo,1079
2011-PASO,Castellanos,Humberto Primo,5848,Ciudad pequeña,Union Civica Radical,194
2011-PASO,Castellanos,Josefina,2738,Pueblo,Centro progresista no peronista,19
2011-PASO,Castellanos,Josefina,2738,Pueblo,Centroizquierda no peronista,0
2011-PASO,Castellanos,Josefina,2738,Pueblo,Izquierda,8
2011-PASO,Castellanos,Josefina,2738,Pueblo,Kirchnerismo,306
2011-PASO,Castellanos,Josefina,2738,Pueblo,Otros,1
2011-PASO,Castellanos,Josefina,2738,Pueblo,Peronismo Federal,150
2011-PASO,Castellanos,Josefina,2738,Pueblo,Socialismo,203
2011-PASO,Castellanos,Josefina,2738,Pueblo,Union Civica Radical,99
2011-PASO,Castellanos,Lehmann,3574,Pueblo,Centro progresista no peronista,63
2011-PASO,Castellanos,Lehmann,3574,Pueblo,Centroizquierda no peronista,4
2011-PASO,Castellanos,Lehmann,3574,Pueblo,Izquierda,17
2011-PASO,Castellanos,Lehmann,3574,Pueblo,Kirchnerismo,738
2011-PASO,Castellanos,Lehmann,3574,Pueblo,Otros,3
2011-PASO,Castellanos,Lehmann,3574,Pueblo,Peronismo Federal,339
2011-PASO,Castellanos,Lehmann,3574,Pueblo,Socialismo,462
2011-PASO,Castellanos,Lehmann,3574,Pueblo,Union Civica Radical,100
2011-PASO,Castellanos,María Juana,4910,Pueblo,Centro progresista no peronista,67
2011-PASO,Castellanos,María Juana,4910,Pueblo,Centroizquierda no peronista,7
2011-PASO,Castellanos,María Juana,4910,Pueblo,Izquierda,37
2011-PASO,Castellanos,María Juana,4910,Pueblo,Kirchnerismo,1146
2011-PASO,Castellanos,María Juana,4910,Pueblo,Otros,3
2011-PASO,Castellanos,María Juana,4910,Pueblo,Peronismo Federal,491
2011-PASO,Castellanos,María Juana,4910,Pueblo,Socialismo,993
2011-PASO,Castellanos,María Juana,4910,Pueblo,Union Civica Radical,253
2011-PASO,Castellanos,Ramona,2062,Pueblo,Centro progresista no peronista,34
2011-PASO,Castellanos,Ramona,2062,Pueblo,Centroizquierda no peronista,1
2011-PASO,Castellanos,Ramona,2062,Pueblo,Izquierda,7
2011-PASO,Castellanos,Ramona,2062,Pueblo,Kirchnerismo,356
2011-PASO,Castellanos,Ramona,2062,Pueblo,Otros,6
2011-PASO,Castellanos,Ramona,2062,Pueblo,Peronismo Federal,333
2011-PASO,Castellanos,Ramona,2062,Pueblo,Socialismo,346
2011-PASO,Castellanos,Ramona,2062,Pueblo,Union Civica Radical,125
2011-PASO,Castellanos,San Vicente,6240,Ciudad pequeña,Centro progresista no peronista,104
2011-PASO,Castellanos,San Vicente,6240,Ciudad pequeña,Centroizquierda no peronista,15
2011-PASO,Castellanos,San Vicente,6240,Ciudad pequeña,Izquierda,50
2011-PASO,Castellanos,San Vicente,6240,Ciudad pequeña,Kirchnerismo,1118
2011-PASO,Castellanos,San Vicente,6240,Ciudad pequeña,Otros,8
2011-PASO,Castellanos,San Vicente,6240,Ciudad pequeña,Peronismo Federal,1057
2011-PASO,Castellanos,San Vicente,6240,Ciudad pequeña,Socialismo,1087
2011-PASO,Castellanos,San Vicente,6240,Ciudad pequeña,Union Civica Radical,382
2011-PASO,Castellanos,Santa Clara de Saguier,2057,Pueblo,Centro progresista no peronista,31
2011-PASO,Castellanos,Santa Clara de Saguier,2057,Pueblo,Centroizquierda no peronista,2
2011-PASO,Castellanos,Santa Clara de Saguier,2057,Pueblo,Izquierda,16
2011-PASO,Castellanos,Santa Clara de Saguier,2057,Pueblo,Kirchnerismo,517
2011-PASO,Castellanos,Santa Clara de Saguier,2057,Pueblo,Otros,5
2011-PASO,Castellanos,Santa Clara de Saguier,2057,Pueblo,Peronismo Federal,253
2011-PASO,Castellanos,Santa Clara de Saguier,2057,Pueblo,Socialismo,368
2011-PASO,Castellanos,Santa Clara de Saguier,2057,Pueblo,Union Civica Radical,146
2011-PASO,Castellanos,Sunchales,23397,Ciudad intermedia,Centro progresista no peronista,456
2011-PASO,Castellanos,Sunchales,23397,Ciudad intermedia,Centroizquierda no peronista,33
2011-PASO,Castellanos,Sunchales,23397,Ciudad intermedia,Izquierda,119
2011-PASO,Castellanos,Sunchales,23397,Ciudad intermedia,Kirchnerismo,4504
2011-PASO,Castellanos,Sunchales,23397,Ciudad intermedia,Otros,34
2011-PASO,Castellanos,Sunchales,23397,Ciudad intermedia,Peronismo Federal,2380
2011-PASO,Castellanos,Sunchales,23397,Ciudad intermedia,Socialismo,3758
2011-PASO,Castellanos,Sunchales,23397,Ciudad intermedia,Union Civica Radical,716
2011-PASO,Castellanos,Zenón Pereyra,2123,Pueblo,Centro progresista no peronista,47
2011-PASO,Castellanos,Zenón Pereyra,2123,Pueblo,Centroizquierda no peronista,1
2011-PASO,Castellanos,Zenón Pereyra,2123,Pueblo,Izquierda,6
2011-PASO,Castellanos,Zenón Pereyra,2123,Pueblo,Kirchnerismo,337
2011-PASO,Castellanos,Zenón Pereyra,2123,Pueblo,Otros,4
2011-PASO,Castellanos,Zenón Pereyra,2123,Pueblo,Peronismo Federal,229
2011-PASO,Castellanos,Zenón Pereyra,2123,Pueblo,Socialismo,466
2011-PASO,Castellanos,Zenón Pereyra,2123,Pueblo,Union Civica Radical,67
2011-PASO,Las Colonias,Esperanza,46757,Ciudad intermedia,Centro progresista no peronista,949
2011-PASO,Las Colonias,Esperanza,46757,Ciudad intermedia,Centroizquierda no peronista,81
2011-PASO,Las Colonias,Esperanza,46757,Ciudad intermedia,Izquierda,156
2011-PASO,Las Colonias,Esperanza,46757,Ciudad intermedia,Kirchnerismo,6706
2011-PASO,Las Colonias,Esperanza,46757,Ciudad intermedia,Otros,73
2011-PASO,Las Colonias,Esperanza,46757,Ciudad intermedia,Peronismo Federal,3695
2011-PASO,Las Colonias,Esperanza,46757,Ciudad intermedia,Socialismo,9037
2011-PASO,Las Colonias,Esperanza,46757,Ciudad intermedia,Union Civica Radical,1350
2011-PASO,Las Colonias,Felicia,3158,Pueblo,Centro progresista no peronista,39
2011-PASO,Las Colonias,Felicia,3158,Pueblo,Centroizquierda no peronista,5
2011-PASO,Las Colonias,Felicia,3158,Pueblo,Izquierda,12
2011-PASO,Las Colonias,Felicia,3158,Pueblo,Kirchnerismo,360
2011-PASO,Las Colonias,Felicia,3158,Pueblo,Otros,5
2011-PASO,Las Colonias,Felicia,3158,Pueblo,Peronismo Federal,426
2011-PASO,Las Colonias,Felicia,3158,Pueblo,Socialismo,429
2011-PASO,Las Colonias,Felicia,3158,Pueblo,Union Civica Radical,127
2011-PASO,Las Colonias,Franck,6406,Ciudad pequeña,Centro progresista no peronista,106
2011-PASO,Las Colonias,Franck,6406,Ciudad pequeña,Centroizquierda no peronista,12
2011-PASO,Las Colonias,Franck,6406,Ciudad pequeña,Izquierda,26
2011-PASO,Las Colonias,Franck,6406,Ciudad pequeña,Kirchnerismo,704
2011-PASO,Las Colonias,Franck,6406,Ciudad pequeña,Otros,20
2011-PASO,Las Colonias,Franck,6406,Ciudad pequeña,Peronismo Federal,943
2011-PASO,Las Colonias,Franck,6406,Ciudad pequeña,Socialismo,1185
2011-PASO,Las Colonias,Franck,6406,Ciudad pequeña,Union Civica Radical,318
2011-PASO,Las Colonias,Humboldt,5320,Ciudad pequeña,Centro progresista no peronista,84
2011-PASO,Las Colonias,Humboldt,5320,Ciudad pequeña,Centroizquierda no peronista,16
2011-PASO,Las Colonias,Humboldt,5320,Ciudad pequeña,Izquierda,34
2011-PASO,Las Colonias,Humboldt,5320,Ciudad pequeña,Kirchnerismo,730
2011-PASO,Las Colonias,Humboldt,5320,Ciudad pequeña,Otros,10
2011-PASO,Las Colonias,Humboldt,5320,Ciudad pequeña,Peronismo Federal,780
2011-PASO,Las Colonias,Humboldt,5320,Ciudad pequeña,Socialismo,891
2011-PASO,Las Colonias,Humboldt,5320,Ciudad pequeña,Union Civica Radical,368
2011-PASO,Las Colonias,Pilar,5310,Ciudad pequeña,Centro progresista no peronista,63
2011-PASO,Las Colonias,Pilar,5310,Ciudad pequeña,Centroizquierda no peronista,9
2011-PASO,Las Colonias,Pilar,5310,Ciudad pequeña,Izquierda,23
2011-PASO,Las Colonias,Pilar,5310,Ciudad pequeña,Kirchnerismo,1000
2011-PASO,Las Colonias,Pilar,5310,Ciudad pequeña,Otros,11
2011-PASO,Las Colonias,Pilar,5310,Ciudad pequeña,Peronismo Federal,514
2011-PASO,Las Colonias,Pilar,5310,Ciudad pequeña,Socialismo,933
2011-PASO,Las Colonias,Pilar,5310,Ciudad pequeña,Union Civica Radical,177
2011-PASO,Las Colonias,Progreso,2773,Pueblo,Centro progresista no peronista,43
2011-PASO,Las Colonias,Progreso,2773,Pueblo,Centroizquierda no peronista,1
2011-PASO,Las Colonias,Progreso,2773,Pueblo,Izquierda,18
2011-PASO,Las Colonias,Progreso,2773,Pueblo,Kirchnerismo,294
2011-PASO,Las Colonias,Progreso,2773,Pueblo,Otros,4
2011-PASO,Las Colonias,Progreso,2773,Pueblo,Peronismo Federal,505
2011-PASO,Las Colonias,Progreso,2773,Pueblo,Socialismo,362
2011-PASO,Las Colonias,Progreso,2773,Pueblo,Union Civica Radical,166
2011-PASO,Las Colonias,San Carlos Centro,12322,Ciudad intermedia,Centro progresista no peronista,283
2011-PASO,Las Colonias,San Carlos Centro,12322,Ciudad intermedia,Centroizquierda no peronista,28
2011-PASO,Las Colonias,San Carlos Centro,12322,Ciudad intermedia,Izquierda,91
2011-PASO,Las Colonias,San Carlos Centro,12322,Ciudad intermedia,Kirchnerismo,2277
2011-PASO,Las Colonias,San Carlos Centro,12322,Ciudad intermedia,Otros,31
2011-PASO,Las Colonias,San Carlos Centro,12322,Ciudad intermedia,Peronismo Federal,1288
2011-PASO,Las Colonias,San Carlos Centro,12322,Ciudad intermedia,Socialismo,2627
2011-PASO,Las Colonias,San Carlos Centro,12322,Ciudad intermedia,Union Civica Radical,491
2011-PASO,Las Colonias,San Carlos Sud,2607,Pueblo,Centro progresista no peronista,32
2011-PASO,Las Colonias,San Carlos Sud,2607,Pueblo,Centroizquierda no peronista,5
2011-PASO,Las Colonias,San Carlos Sud,2607,Pueblo,Izquierda,26
2011-PASO,Las Colonias,San Carlos Sud,2607,Pueblo,Kirchnerismo,447
2011-PASO,Las Colonias,San Carlos Sud,2607,Pueblo,Otros,6
2011-PASO,Las Colonias,San Carlos Sud,2607,Pueblo,Peronismo Federal,199
2011-PASO,Las Colonias,San Carlos Sud,2607,Pueblo,Socialismo,481
2011-PASO,Las Colonias,San Carlos Sud,2607,Pueblo,Union Civica Radical,90
2011-PASO,Las Colonias,San Jerónimo Norte,7312,Ciudad pequeña,Centro progresista no peronista,188
2011-PASO,Las Colonias,San Jerónimo Norte,7312,Ciudad pequeña,Centroizquierda no peronista,20
2011-PASO,Las Colonias,San Jerónimo Norte,7312,Ciudad pequeña,Izquierda,45
2011-PASO,Las Colonias,San Jerónimo Norte,7312,Ciudad pequeña,Kirchnerismo,828
2011-PASO,Las Colonias,San Jerónimo Norte,7312,Ciudad pequeña,Otros,16
2011-PASO,Las Colonias,San Jerónimo Norte,7312,Ciudad pequeña,Peronismo Federal,969
2011-PASO,Las Colonias,San Jerónimo Norte,7312,Ciudad pequeña,Socialismo,1505
2011-PASO,Las Colonias,San Jerónimo Norte,7312,Ciudad pequeña,Union Civica Radical,479
2011-PASO,Las Colonias,Santa Clara de Buena Vista,3115,Pueblo,Centro progresista no peronista,53
2011-PASO,Las Colonias,Santa Clara de Buena Vista,3115,Pueblo,Centroizquierda no peronista,13
2011-PASO,Las Colonias,Santa Clara de Buena Vista,3115,Pueblo,Izquierda,12
2011-PASO,Las Colonias,Santa Clara de Buena Vista,3115,Pueblo,Kirchnerismo,514
2011-PASO,Las Colonias,Santa Clara de Buena Vista,3115,Pueblo,Otros,4
2011-PASO,Las Colonias,Santa Clara de Buena Vista,3115,Pueblo,Peronismo Federal,383
2011-PASO,Las Colonias,Santa Clara de Buena Vista,3115,Pueblo,Socialismo,607
2011-PASO,Las Colonias,Santa Clara de Buena Vista,3115,Pueblo,Union Civica Radical,112
2011-PASO,San Martín,Carlos Pellegrini,5961,Ciudad pequeña,Centro progresista no peronista,171
2011-PASO,San Martín,Carlos Pellegrini,5961,Ciudad pequeña,Centroizquierda no peronista,18
2011-PASO,San Martín,Carlos Pellegrini,5961,Ciudad pequeña,Izquierda,29
2011-PASO,San Martín,Carlos Pellegrini,5961,Ciudad pequeña,Kirchnerismo,743
2011-PASO,San Martín,Carlos Pellegrini,5961,Ciudad pequeña,Otros,12
2011-PASO,San Martín,Carlos Pellegrini,5961,Ciudad pequeña,Peronismo Federal,881
2011-PASO,San Martín,Carlos Pellegrini,5961,Ciudad pequeña,Socialismo,1008
2011-PASO,San Martín,Carlos Pellegrini,5961,Ciudad pequeña,Union Civica Radical,240
2011-PASO,San Martín,Cañada Rosquín,5616,Ciudad pequeña,Centro progresista no peronista,127
2011-PASO,San Martín,Cañada Rosquín,5616,Ciudad pequeña,Centroizquierda no peronista,21
2011-PASO,San Martín,Cañada Rosquín,5616,Ciudad pequeña,Izquierda,41
2011-PASO,San Martín,Cañada Rosquín,5616,Ciudad pequeña,Kirchnerismo,1056
2011-PASO,San Martín,Cañada Rosquín,5616,Ciudad pequeña,Otros,15
2011-PASO,San Martín,Cañada Rosquín,5616,Ciudad pequeña,Peronismo Federal,748
2011-PASO,San Martín,Cañada Rosquín,5616,Ciudad pequeña,Socialismo,947
2011-PASO,San Martín,Cañada Rosquín,5616,Ciudad pequeña,Union Civica Radical,248
2011-PASO,San Martín,El Trébol,12424,Ciudad intermedia,Centro progresista no peronista,241
2011-PASO,San Martín,El Trébol,12424,Ciudad intermedia,Centroizquierda no peronista,29
2011-PASO,San Martín,El Trébol,12424,Ciudad intermedia,Izquierda,64
2011-PASO,San Martín,El Trébol,12424,Ciudad intermedia,Kirchnerismo,2504
2011-PASO,San Martín,El Trébol,12424,Ciudad intermedia,Otros,29
2011-PASO,San Martín,El Trébol,12424,Ciudad intermedia,Peronismo Federal,1332
2011-PASO,San Martín,El Trébol,12424,Ciudad intermedia,Socialismo,1926
2011-PASO,San Martín,El Trébol,12424,Ciudad intermedia,Union Civica Radical,672
2011-PASO,San Martín,María Susana,3569,Pueblo,Centro progresista no peronista,73
2011-PASO,San Martín,María Susana,3569,Pueblo,Centroizquierda no peronista,5
2011-PASO,San Martín,María Susana,3569,Pueblo,Izquierda,20
2011-PASO,San Martín,María Susana,3569,Pueblo,Kirchnerismo,490
2011-PASO,San Martín,María Susana,3569,Pueblo,Otros,11
2011-PASO,San Martín,María Susana,3569,Pueblo,Peronismo Federal,802
2011-PASO,San Martín,María Susana,3569,Pueblo,Socialismo,634
2011-PASO,San Martín,María Susana,3569,Pueblo,Union Civica Radical,165
2011-PASO,San Martín,Piamonte,3622,Pueblo,Centro progresista no peronista,66
2011-PASO,San Martín,Piamonte,3622,Pueblo,Centroizquierda no peronista,8
2011-PASO,San Martín,Piamonte,3622,Pueblo,Izquierda,16
2011-PASO,San Martín,Piamonte,3622,Pueblo,Kirchnerismo,555
2011-PASO,San Martín,Piamonte,3622,Pueblo,Otros,5
2011-PASO,San Martín,Piamonte,3622,Pueblo,Peronismo Federal,505
2011-PASO,San Martín,Piamonte,3622,Pueblo,Socialismo,660
2011-PASO,San Martín,Piamonte,3622,Pueblo,Union Civica Radical,242
2011-PASO,San Martín,San Jorge,19524,Ciudad intermedia,Centro progresista no peronista,356
2011-PASO,San Martín,San Jorge,19524,Ciudad intermedia,Centroizquierda no peronista,54
2011-PASO,San Martín,San Jorge,19524,Ciudad intermedia,Izquierda,168
2011-PASO,San Martín,San Jorge,19524,Ciudad intermedia,Kirchnerismo,3759
2011-PASO,San Martín,San Jorge,19524,Ciudad intermedia,Otros,134
2011-PASO,San Martín,San Jorge,19524,Ciudad intermedia,Peronismo Federal,1997
2011-PASO,San Martín,San Jorge,19524,Ciudad intermedia,Socialismo,3306
2011-PASO,San Martín,San Jorge,19524,Ciudad intermedia,Union Civica Radical,828
2011-PASO,San Martín,San Martín de las Escobas,3047,Pueblo,Centro progresista no peronista,72
2011-PASO,San Martín,San Martín de las Escobas,3047,Pueblo,Centroizquierda no peronista,6
2011-PASO,San Martín,San Martín de las Escobas,3047,Pueblo,Izquierda,16
2011-PASO,San Martín,San Martín de las Escobas,3047,Pueblo,Kirchnerismo,394
2011-PASO,San Martín,San Martín de las Escobas,3047,Pueblo,Otros,7
2011-PASO,San Martín,San Martín de las Escobas,3047,Pueblo,Peronismo Federal,514
2011-PASO,San Martín,San Martín de las Escobas,3047,Pueblo,Socialismo,479
2011-PASO,San Martín,San Martín de las Escobas,3047,Pueblo,Union Civica Radical,140
2011-PASO,San Martín,Sastre y Ortiz,5855,Ciudad pequeña,Centro progresista no peronista,102
2011-PASO,San Martín,Sastre y Ortiz,5855,Ciudad pequeña,Centroizquierda no peronista,6
2011-PASO,San Martín,Sastre y Ortiz,5855,Ciudad pequeña,Izquierda,62
2011-PASO,San Martín,Sastre y Ortiz,5855,Ciudad pequeña,Kirchnerismo,1285
2011-PASO,San Martín,Sastre y Ortiz,5855,Ciudad pequeña,Otros,14
2011-PASO,San Martín,Sastre y Ortiz,5855,Ciudad pequeña,Peronismo Federal,752
2011-PASO,San Martín,Sastre y Ortiz,5855,Ciudad pequeña,Socialismo,845
2011-PASO,San Martín,Sastre y Ortiz,5855,Ciudad pequeña,Union Civica Radical,389
2015-BALOTAJE,Castellanos,Ataliva,2292,Pueblo,Cambiemos,935
2015-BALOTAJE,Castellanos,Ataliva,2292,Pueblo,Kirchnerismo,359
2015-BALOTAJE,Castellanos,Colonia Aldao,2015,Pueblo,Cambiemos,796
2015-BALOTAJE,Castellanos,Colonia Aldao,2015,Pueblo,Kirchnerismo,415
2015-BALOTAJE,Castellanos,Frontera,9967,Ciudad pequeña,Cambiemos,2695
2015-BALOTAJE,Castellanos,Frontera,9967,Ciudad pequeña,Kirchnerismo,2739
2015-BALOTAJE,Castellanos,Humberto Primo,5848,Ciudad pequeña,Cambiemos,2524
2015-BALOTAJE,Castellanos,Humberto Primo,5848,Ciudad pequeña,Kirchnerismo,931
2015-BALOTAJE,Castellanos,Josefina,2738,Pueblo,Cambiemos,619
2015-BALOTAJE,Castellanos,Josefina,2738,Pueblo,Kirchnerismo,428
2015-BALOTAJE,Castellanos,Lehmann,3574,Pueblo,Cambiemos,1278
2015-BALOTAJE,Castellanos,Lehmann,3574,Pueblo,Kirchnerismo,643
2015-BALOTAJE,Castellanos,María Juana,4910,Pueblo,Cambiemos,1998
2015-BALOTAJE,Castellanos,María Juana,4910,Pueblo,Kirchnerismo,1322
2015-BALOTAJE,Castellanos,Ramona,2062,Pueblo,Cambiemos,925
2015-BALOTAJE,Castellanos,Ramona,2062,Pueblo,Kirchnerismo,354
2015-BALOTAJE,Castellanos,San Vicente,6240,Ciudad pequeña,Cambiemos,2643
2015-BALOTAJE,Castellanos,San Vicente,6240,Ciudad pequeña,Kirchnerismo,1299
2015-BALOTAJE,Castellanos,Santa Clara de Saguier,2057,Pueblo,Cambiemos,970
2015-BALOTAJE,Castellanos,Santa Clara de Saguier,2057,Pueblo,Kirchnerismo,435
2015-BALOTAJE,Castellanos,Sunchales,23397,Ciudad intermedia,Cambiemos,9074
2015-BALOTAJE,Castellanos,Sunchales,23397,Ciudad intermedia,Kirchnerismo,4944
2015-BALOTAJE,Castellanos,Zenón Pereyra,2123,Pueblo,Cambiemos,890
2015-BALOTAJE,Castellanos,Zenón Pereyra,2123,Pueblo,Kirchnerismo,322
2015-BALOTAJE,Las Colonias,Esperanza,46757,Ciudad intermedia,Cambiemos,17598
2015-BALOTAJE,Las Colonias,Esperanza,46757,Ciudad intermedia,Kirchnerismo,8182
2015-BALOTAJE,Las Colonias,Felicia,3158,Pueblo,Cambiemos,1256
2015-BALOTAJE,Las Colonias,Felicia,3158,Pueblo,Kirchnerismo,289
2015-BALOTAJE,Las Colonias,Franck,6406,Ciudad pequeña,Cambiemos,3121
2015-BALOTAJE,Las Colonias,Franck,6406,Ciudad pequeña,Kirchnerismo,749
2015-BALOTAJE,Las Colonias,Humboldt,5320,Ciudad pequeña,Cambiemos,2455
2015-BALOTAJE,Las Colonias,Humboldt,5320,Ciudad pequeña,Kirchnerismo,800
2015-BALOTAJE,Las Colonias,Pilar,5310,Ciudad pequeña,Cambiemos,1948
2015-BALOTAJE,Las Colonias,Pilar,5310,Ciudad pequeña,Kirchnerismo,1183
2015-BALOTAJE,Las Colonias,Progreso,2773,Pueblo,Cambiemos,1324
2015-BALOTAJE,Las Colonias,Progreso,2773,Pueblo,Kirchnerismo,295
2015-BALOTAJE,Las Colonias,San Carlos Centro,12322,Ciudad intermedia,Cambiemos,4811
2015-BALOTAJE,Las Colonias,San Carlos Centro,12322,Ciudad intermedia,Kirchnerismo,2871
2015-BALOTAJE,Las Colonias,San Carlos Sud,2607,Pueblo,Cambiemos,861
2015-BALOTAJE,Las Colonias,San Carlos Sud,2607,Pueblo,Kirchnerismo,585
2015-BALOTAJE,Las Colonias,San Jerónimo Norte,7312,Ciudad pequeña,Cambiemos,3554
2015-BALOTAJE,Las Colonias,San Jerónimo Norte,7312,Ciudad pequeña,Kirchnerismo,968
2015-BALOTAJE,Las Colonias,Santa Clara de Buena Vista,3115,Pueblo,Cambiemos,1335
2015-BALOTAJE,Las Colonias,Santa Clara de Buena Vista,3115,Pueblo,Kirchnerismo,637
2015-BALOTAJE,San Martín,Carlos Pellegrini,5961,Ciudad pequeña,Cambiemos,2570
2015-BALOTAJE,San Martín,Carlos Pellegrini,5961,Ciudad pequeña,Kirchnerismo,986
2015-BALOTAJE,San Martín,Cañada Rosquín,5616,Ciudad pequeña,Cambiemos,2352
2015-BALOTAJE,San Martín,Cañada Rosquín,5616,Ciudad pequeña,Kirchnerismo,1105
2015-BALOTAJE,San Martín,El Trébol,12424,Ciudad intermedia,Cambiemos,4753
2015-BALOTAJE,San Martín,El Trébol,12424,Ciudad intermedia,Kirchnerismo,2876
2015-BALOTAJE,San Martín,María Susana,3569,Pueblo,Cambiemos,1811
2015-BALOTAJE,San Martín,María Susana,3569,Pueblo,Kirchnerismo,479
2015-BALOTAJE,San Martín,Piamonte,3622,Pueblo,Cambiemos,1525
2015-BALOTAJE,San Martín,Piamonte,3622,Pueblo,Kirchnerismo,596
2015-BALOTAJE,San Martín,San Jorge,19524,Ciudad intermedia,Cambiemos,7420
2015-BALOTAJE,San Martín,San Jorge,19524,Ciudad intermedia,Kirchnerismo,4072
2015-BALOTAJE,San Martín,San Martín de las Escobas,3047,Pueblo,Cambiemos,1439
2015-BALOTAJE,San Martín,San Martín de las Escobas,3047,Pueblo,Kirchnerismo,396
2015-BALOTAJE,San Martín,Sastre y Ortiz,5855,Ciudad pequeña,Cambiemos,1999
2015-BALOTAJE,San Martín,Sastre y Ortiz,5855,Ciudad pequeña,Kirchnerismo,1551
2015-GENERAL,Castellanos,Ataliva,2292,Pueblo,Cambiemos,616
2015-GENERAL,Castellanos,Ataliva,2292,Pueblo,Izquierda,12
2015-GENERAL,Castellanos,Ataliva,2292,Pueblo,Kirchnerismo,305
2015-GENERAL,Castellanos,Ataliva,2292,Pueblo,Peronismo Federal,328
2015-GENERAL,Castellanos,Ataliva,2292,Pueblo,Socialismo,28
2015-GENERAL,Castellanos,Colonia Aldao,2015,Pueblo,Cambiemos,563
2015-GENERAL,Castellanos,Colonia Aldao,2015,Pueblo,Izquierda,10
2015-GENERAL,Castellanos,Colonia Aldao,2015,Pueblo,Kirchnerismo,375
2015-GENERAL,Castellanos,Colonia Aldao,2015,Pueblo,Peronismo Federal,220
2015-GENERAL,Castellanos,Colonia Aldao,2015,Pueblo,Socialismo,22
2015-GENERAL,Castellanos,Frontera,9967,Ciudad pequeña,Cambiemos,1576
2015-GENERAL,Castellanos,Frontera,9967,Ciudad pequeña,Izquierda,128
2015-GENERAL,Castellanos,Frontera,9967,Ciudad pequeña,Kirchnerismo,1761
2015-GENERAL,Castellanos,Frontera,9967,Ciudad pequeña,Peronismo Federal,1704
2015-GENERAL,Castellanos,Frontera,9967,Ciudad pequeña,Socialismo,131
2015-GENERAL,Castellanos,Humberto Primo,5848,Ciudad pequeña,Cambiemos,1583
2015-GENERAL,Castellanos,Humberto Primo,5848,Ciudad pequeña,Izquierda,38
2015-GENERAL,Castellanos,Humberto Primo,5848,Ciudad pequeña,Kirchnerismo,711
2015-GENERAL,Castellanos,Humberto Primo,5848,Ciudad pequeña,Peronismo Federal,967
2015-GENERAL,Castellanos,Humberto Primo,5848,Ciudad pequeña,Socialismo,100
2015-GENERAL,Castellanos,Josefina,2738,Pueblo,Cambiemos,405
2015-GENERAL,Castellanos,Josefina,2738,Pueblo,Izquierda,17
2015-GENERAL,Castellanos,Josefina,2738,Pueblo,Kirchnerismo,276
2015-GENERAL,Castellanos,Josefina,2738,Pueblo,Peronismo Federal,302
2015-GENERAL,Castellanos,Josefina,2738,Pueblo,Socialismo,22
2015-GENERAL,Castellanos,Lehmann,3574,Pueblo,Cambiemos,858
2015-GENERAL,Castellanos,Lehmann,3574,Pueblo,Izquierda,28
2015-GENERAL,Castellanos,Lehmann,3574,Pueblo,Kirchnerismo,467
2015-GENERAL,Castellanos,Lehmann,3574,Pueblo,Peronismo Federal,516
2015-GENERAL,Castellanos,Lehmann,3574,Pueblo,Socialismo,36
2015-GENERAL,Castellanos,María Juana,4910,Pueblo,Cambiemos,1213
2015-GENERAL,Castellanos,María Juana,4910,Pueblo,Izquierda,96
2015-GENERAL,Castellanos,María Juana,4910,Pueblo,Kirchnerismo,908
2015-GENERAL,Castellanos,María Juana,4910,Pueblo,Peronismo Federal,852
2015-GENERAL,Castellanos,María Juana,4910,Pueblo,Socialismo,235
2015-GENERAL,Castellanos,Ramona,2062,Pueblo,Cambiemos,618
2015-GENERAL,Castellanos,Ramona,2062,Pueblo,Izquierda,21
2015-GENERAL,Castellanos,Ramona,2062,Pueblo,Kirchnerismo,247
2015-GENERAL,Castellanos,Ramona,2062,Pueblo,Peronismo Federal,311
2015-GENERAL,Castellanos,Ramona,2062,Pueblo,Socialismo,86
2015-GENERAL,Castellanos,San Vicente,6240,Ciudad pequeña,Cambiemos,1740
2015-GENERAL,Castellanos,San Vicente,6240,Ciudad pequeña,Izquierda,54
2015-GENERAL,Castellanos,San Vicente,6240,Ciudad pequeña,Kirchnerismo,1003
2015-GENERAL,Castellanos,San Vicente,6240,Ciudad pequeña,Peronismo Federal,1020
2015-GENERAL,Castellanos,San Vicente,6240,Ciudad pequeña,Socialismo,105
2015-GENERAL,Castellanos,Santa Clara de Saguier,2057,Pueblo,Cambiemos,532
2015-GENERAL,Castellanos,Santa Clara de Saguier,2057,Pueblo,Izquierda,13
2015-GENERAL,Castellanos,Santa Clara de Saguier,2057,Pueblo,Kirchnerismo,297
2015-GENERAL,Castellanos,Santa Clara de Saguier,2057,Pueblo,Peronismo Federal,261
2015-GENERAL,Castellanos,Santa Clara de Saguier,2057,Pueblo,Socialismo,38
2015-GENERAL,Castellanos,Sunchales,23397,Ciudad intermedia,Cambiemos,6166
2015-GENERAL,Castellanos,Sunchales,23397,Ciudad intermedia,Izquierda,242
2015-GENERAL,Castellanos,Sunchales,23397,Ciudad intermedia,Kirchnerismo,3661
2015-GENERAL,Castellanos,Sunchales,23397,Ciudad intermedia,Peronismo Federal,3042
2015-GENERAL,Castellanos,Sunchales,23397,Ciudad intermedia,Socialismo,702
2015-GENERAL,Castellanos,Zenón Pereyra,2123,Pueblo,Cambiemos,631
2015-GENERAL,Castellanos,Zenón Pereyra,2123,Pueblo,Izquierda,21
2015-GENERAL,Castellanos,Zenón Pereyra,2123,Pueblo,Kirchnerismo,244
2015-GENERAL,Castellanos,Zenón Pereyra,2123,Pueblo,Peronismo Federal,250
2015-GENERAL,Castellanos,Zenón Pereyra,2123,Pueblo,Socialismo,19
2015-GENERAL,Las Colonias,Esperanza,46757,Ciudad intermedia,Cambiemos,11702
2015-GENERAL,Las Colonias,Esperanza,46757,Ciudad intermedia,Izquierda,343
2015-GENERAL,Las Colonias,Esperanza,46757,Ciudad intermedia,Kirchnerismo,5600
2015-GENERAL,Las Colonias,Esperanza,46757,Ciudad intermedia,Peronismo Federal,6532
2015-GENERAL,Las Colonias,Esperanza,46757,Ciudad intermedia,Socialismo,960
2015-GENERAL,Las Colonias,Felicia,3158,Pueblo,Cambiemos,980
2015-GENERAL,Las Colonias,Felicia,3158,Pueblo,Izquierda,12
2015-GENERAL,Las Colonias,Felicia,3158,Pueblo,Kirchnerismo,230
2015-GENERAL,Las Colonias,Felicia,3158,Pueblo,Peronismo Federal,276
2015-GENERAL,Las Colonias,Felicia,3158,Pueblo,Socialismo,42
2015-GENERAL,Las Colonias,Franck,6406,Ciudad pequeña,Cambiemos,2144
2015-GENERAL,Las Colonias,Franck,6406,Ciudad pequeña,Izquierda,54
2015-GENERAL,Las Colonias,Franck,6406,Ciudad pequeña,Kirchnerismo,554
2015-GENERAL,Las Colonias,Franck,6406,Ciudad pequeña,Peronismo Federal,910
2015-GENERAL,Las Colonias,Franck,6406,Ciudad pequeña,Socialismo,93
2015-GENERAL,Las Colonias,Humboldt,5320,Ciudad pequeña,Cambiemos,1732
2015-GENERAL,Las Colonias,Humboldt,5320,Ciudad pequeña,Izquierda,67
2015-GENERAL,Las Colonias,Humboldt,5320,Ciudad pequeña,Kirchnerismo,593
2015-GENERAL,Las Colonias,Humboldt,5320,Ciudad pequeña,Peronismo Federal,724
2015-GENERAL,Las Colonias,Humboldt,5320,Ciudad pequeña,Socialismo,68
2015-GENERAL,Las Colonias,Pilar,5310,Ciudad pequeña,Cambiemos,1281
2015-GENERAL,Las Colonias,Pilar,5310,Ciudad pequeña,Izquierda,26
2015-GENERAL,Las Colonias,Pilar,5310,Ciudad pequeña,Kirchnerismo,938
2015-GENERAL,Las Colonias,Pilar,5310,Ciudad pequeña,Peronismo Federal,786
2015-GENERAL,Las Colonias,Pilar,5310,Ciudad pequeña,Socialismo,64
2015-GENERAL,Las Colonias,Progreso,2773,Pueblo,Cambiemos,988
2015-GENERAL,Las Colonias,Progreso,2773,Pueblo,Izquierda,11
2015-GENERAL,Las Colonias,Progreso,2773,Pueblo,Kirchnerismo,233
2015-GENERAL,Las Colonias,Progreso,2773,Pueblo,Peronismo Federal,287
2015-GENERAL,Las Colonias,Progreso,2773,Pueblo,Socialismo,61
2015-GENERAL,Las Colonias,San Carlos Centro,12322,Ciudad intermedia,Cambiemos,3004
2015-GENERAL,Las Colonias,San Carlos Centro,12322,Ciudad intermedia,Izquierda,126
2015-GENERAL,Las Colonias,San Carlos Centro,12322,Ciudad intermedia,Kirchnerismo,1986
2015-GENERAL,Las Colonias,San Carlos Centro,12322,Ciudad intermedia,Peronismo Federal,2183
2015-GENERAL,Las Colonias,San Carlos Centro,12322,Ciudad intermedia,Socialismo,314
2015-GENERAL,Las Colonias,San Carlos Sud,2607,Pueblo,Cambiemos,547
2015-GENERAL,Las Colonias,San Carlos Sud,2607,Pueblo,Izquierda,28
2015-GENERAL,Las Colonias,San Carlos Sud,2607,Pueblo,Kirchnerismo,418
2015-GENERAL,Las Colonias,San Carlos Sud,2607,Pueblo,Peronismo Federal,408
2015-GENERAL,Las Colonias,San Carlos Sud,2607,Pueblo,Socialismo,47
2015-GENERAL,Las Colonias,San Jerónimo Norte,7312,Ciudad pequeña,Cambiemos,2467
2015-GENERAL,Las Colonias,San Jerónimo Norte,7312,Ciudad pequeña,Izquierda,73
2015-GENERAL,Las Colonias,San Jerónimo Norte,7312,Ciudad pequeña,Kirchnerismo,756
2015-GENERAL,Las Colonias,San Jerónimo Norte,7312,Ciudad pequeña,Peronismo Federal,1024
2015-GENERAL,Las Colonias,San Jerónimo Norte,7312,Ciudad pequeña,Socialismo,158
2015-GENERAL,Las Colonias,Santa Clara de Buena Vista,3115,Pueblo,Cambiemos,865
2015-GENERAL,Las Colonias,Santa Clara de Buena Vista,3115,Pueblo,Izquierda,13
2015-GENERAL,Las Colonias,Santa Clara de Buena Vista,3115,Pueblo,Kirchnerismo,425
2015-GENERAL,Las Colonias,Santa Clara de Buena Vista,3115,Pueblo,Peronismo Federal,531
2015-GENERAL,Las Colonias,Santa Clara de Buena Vista,3115,Pueblo,Socialismo,63
2015-GENERAL,San Martín,Carlos Pellegrini,5961,Ciudad pequeña,Cambiemos,1777
2015-GENERAL,San Martín,Carlos Pellegrini,5961,Ciudad pequeña,Izquierda,52
2015-GENERAL,San Martín,Carlos Pellegrini,5961,Ciudad pequeña,Kirchnerismo,683
2015-GENERAL,San Martín,Carlos Pellegrini,5961,Ciudad pequeña,Peronismo Federal,850
2015-GENERAL,San Martín,Carlos Pellegrini,5961,Ciudad pequeña,Socialismo,109
2015-GENERAL,San Martín,Cañada Rosquín,5616,Ciudad pequeña,Cambiemos,1433
2015-GENERAL,San Martín,Cañada Rosquín,5616,Ciudad pequeña,Izquierda,55
2015-GENERAL,San Martín,Cañada Rosquín,5616,Ciudad pequeña,Kirchnerismo,717
2015-GENERAL,San Martín,Cañada Rosquín,5616,Ciudad pequeña,Peronismo Federal,806
2015-GENERAL,San Martín,Cañada Rosquín,5616,Ciudad pequeña,Socialismo,148
2015-GENERAL,San Martín,El Trébol,12424,Ciudad intermedia,Cambiemos,3079
2015-GENERAL,San Martín,El Trébol,12424,Ciudad intermedia,Izquierda,141
2015-GENERAL,San Martín,El Trébol,12424,Ciudad intermedia,Kirchnerismo,2096
2015-GENERAL,San Martín,El Trébol,12424,Ciudad intermedia,Peronismo Federal,1987
2015-GENERAL,San Martín,El Trébol,12424,Ciudad intermedia,Socialismo,262
2015-GENERAL,San Martín,María Susana,3569,Pueblo,Cambiemos,1256
2015-GENERAL,San Martín,María Susana,3569,Pueblo,Izquierda,17
2015-GENERAL,San Martín,María Susana,3569,Pueblo,Kirchnerismo,356
2015-GENERAL,San Martín,María Susana,3569,Pueblo,Peronismo Federal,574
2015-GENERAL,San Martín,María Susana,3569,Pueblo,Socialismo,60
2015-GENERAL,San Martín,Piamonte,3622,Pueblo,Cambiemos,1018
2015-GENERAL,San Martín,Piamonte,3622,Pueblo,Izquierda,42
2015-GENERAL,San Martín,Piamonte,3622,Pueblo,Kirchnerismo,384
2015-GENERAL,San Martín,Piamonte,3622,Pueblo,Peronismo Federal,597
2015-GENERAL,San Martín,Piamonte,3622,Pueblo,Socialismo,70
2015-GENERAL,San Martín,San Jorge,19524,Ciudad intermedia,Cambiemos,4734
2015-GENERAL,San Martín,San Jorge,19524,Ciudad intermedia,Izquierda,250
2015-GENERAL,San Martín,San Jorge,19524,Ciudad intermedia,Kirchnerismo,2996
2015-GENERAL,San Martín,San Jorge,19524,Ciudad intermedia,Peronismo Federal,3332
2015-GENERAL,San Martín,San Jorge,19524,Ciudad intermedia,Socialismo,448
2015-GENERAL,San Martín,San Martín de las Escobas,3047,Pueblo,Cambiemos,1000
2015-GENERAL,San Martín,San Martín de las Escobas,3047,Pueblo,Izquierda,22
2015-GENERAL,San Martín,San Martín de las Escobas,3047,Pueblo,Kirchnerismo,316
2015-GENERAL,San Martín,San Martín de las Escobas,3047,Pueblo,Peronismo Federal,437
2015-GENERAL,San Martín,San Martín de las Escobas,3047,Pueblo,Socialismo,53
2015-GENERAL,San Martín,Sastre y Ortiz,5855,Ciudad pequeña,Cambiemos,1324
2015-GENERAL,San Martín,Sastre y Ortiz,5855,Ciudad pequeña,Izquierda,99
2015-GENERAL,San Martín,Sastre y Ortiz,5855,Ciudad pequeña,Kirchnerismo,1174
2015-GENERAL,San Martín,Sastre y Ortiz,5855,Ciudad pequeña,Peronismo Federal,997
2015-GENERAL,San Martín,Sastre y Ortiz,5855,Ciudad pequeña,Socialismo,147
2015-PASO,Castellanos,Ataliva,2292,Pueblo,Cambiemos,417
2015-PASO,Castellanos,Ataliva,2292,Pueblo,Izquierda,24
2015-PASO,Castellanos,Ataliva,2292,Pueblo,Kirchnerismo,292
2015-PASO,Castellanos,Ataliva,2292,Pueblo,Otros,11
2015-PASO,Castellanos,Ataliva,2292,Pueblo,Peronismo Federal,313
2015-PASO,Castellanos,Ataliva,2292,Pueblo,Socialismo,47
2015-PASO,Castellanos,Colonia Aldao,2015,Pueblo,Cambiemos,388
2015-PASO,Castellanos,Colonia Aldao,2015,Pueblo,Izquierda,10
2015-PASO,Castellanos,Colonia Aldao,2015,Pueblo,Kirchnerismo,303
2015-PASO,Castellanos,Colonia Aldao,2015,Pueblo,Otros,2
2015-PASO,Castellanos,Colonia Aldao,2015,Pueblo,Peronismo Federal,195
2015-PASO,Castellanos,Colonia Aldao,2015,Pueblo,Socialismo,40
2015-PASO,Castellanos,Frontera,9967,Ciudad pequeña,Cambiemos,620
2015-PASO,Castellanos,Frontera,9967,Ciudad pequeña,Izquierda,47
2015-PASO,Castellanos,Frontera,9967,Ciudad pequeña,Kirchnerismo,614
2015-PASO,Castellanos,Frontera,9967,Ciudad pequeña,Otros,17
2015-PASO,Castellanos,Frontera,9967,Ciudad pequeña,Peronismo Federal,915
2015-PASO,Castellanos,Frontera,9967,Ciudad pequeña,Socialismo,47
2015-PASO,Castellanos,Humberto Primo,5848,Ciudad pequeña,Cambiemos,1199
2015-PASO,Castellanos,Humberto Primo,5848,Ciudad pequeña,Izquierda,55
2015-PASO,Castellanos,Humberto Primo,5848,Ciudad pequeña,Kirchnerismo,610
2015-PASO,Castellanos,Humberto Primo,5848,Ciudad pequeña,Otros,16
2015-PASO,Castellanos,Humberto Primo,5848,Ciudad pequeña,Peronismo Federal,710
2015-PASO,Castellanos,Humberto Primo,5848,Ciudad pequeña,Socialismo,162
2015-PASO,Castellanos,Josefina,2738,Pueblo,Cambiemos,255
2015-PASO,Castellanos,Josefina,2738,Pueblo,Izquierda,9
2015-PASO,Castellanos,Josefina,2738,Pueblo,Kirchnerismo,93
2015-PASO,Castellanos,Josefina,2738,Pueblo,Otros,3
2015-PASO,Castellanos,Josefina,2738,Pueblo,Peronismo Federal,146
2015-PASO,Castellanos,Josefina,2738,Pueblo,Socialismo,12
2015-PASO,Castellanos,Lehmann,3574,Pueblo,Cambiemos,639
2015-PASO,Castellanos,Lehmann,3574,Pueblo,Izquierda,27
2015-PASO,Castellanos,Lehmann,3574,Pueblo,Kirchnerismo,432
2015-PASO,Castellanos,Lehmann,3574,Pueblo,Otros,10
2015-PASO,Castellanos,Lehmann,3574,Pueblo,Peronismo Federal,414
2015-PASO,Castellanos,Lehmann,3574,Pueblo,Socialismo,36
2015-PASO,Castellanos,María Juana,4910,Pueblo,Cambiemos,832
2015-PASO,Castellanos,María Juana,4910,Pueblo,Izquierda,63
2015-PASO,Castellanos,María Juana,4910,Pueblo,Kirchnerismo,804
2015-PASO,Castellanos,María Juana,4910,Pueblo,Otros,5
2015-PASO,Castellanos,María Juana,4910,Pueblo,Peronismo Federal,817
2015-PASO,Castellanos,María Juana,4910,Pueblo,Socialismo,268
2015-PASO,Castellanos,Ramona,2062,Pueblo,Cambiemos,465
2015-PASO,Castellanos,Ramona,2062,Pueblo,Izquierda,11
2015-PASO,Castellanos,Ramona,2062,Pueblo,Kirchnerismo,203
2015-PASO,Castellanos,Ramona,2062,Pueblo,Otros,5
2015-PASO,Castellanos,Ramona,2062,Pueblo,Peronismo Federal,316
2015-PASO,Castellanos,Ramona,2062,Pueblo,Socialismo,104
2015-PASO,Castellanos,San Vicente,6240,Ciudad pequeña,Cambiemos,1353
2015-PASO,Castellanos,San Vicente,6240,Ciudad pequeña,Izquierda,42
2015-PASO,Castellanos,San Vicente,6240,Ciudad pequeña,Kirchnerismo,864
2015-PASO,Castellanos,San Vicente,6240,Ciudad pequeña,Otros,13
2015-PASO,Castellanos,San Vicente,6240,Ciudad pequeña,Peronismo Federal,895
2015-PASO,Castellanos,San Vicente,6240,Ciudad pequeña,Socialismo,128
2015-PASO,Castellanos,Santa Clara de Saguier,2057,Pueblo,Cambiemos,452
2015-PASO,Castellanos,Santa Clara de Saguier,2057,Pueblo,Izquierda,19
2015-PASO,Castellanos,Santa Clara de Saguier,2057,Pueblo,Kirchnerismo,286
2015-PASO,Castellanos,Santa Clara de Saguier,2057,Pueblo,Otros,5
2015-PASO,Castellanos,Santa Clara de Saguier,2057,Pueblo,Peronismo Federal,278
2015-PASO,Castellanos,Santa Clara de Saguier,2057,Pueblo,Socialismo,90
2015-PASO,Castellanos,Sunchales,23397,Ciudad intermedia,Cambiemos,4711
2015-PASO,Castellanos,Sunchales,23397,Ciudad intermedia,Izquierda,183
2015-PASO,Castellanos,Sunchales,23397,Ciudad intermedia,Kirchnerismo,3469
2015-PASO,Castellanos,Sunchales,23397,Ciudad intermedia,Otros,51
2015-PASO,Castellanos,Sunchales,23397,Ciudad intermedia,Peronismo Federal,2794
2015-PASO,Castellanos,Sunchales,23397,Ciudad intermedia,Socialismo,1054
2015-PASO,Castellanos,Zenón Pereyra,2123,Pueblo,Cambiemos,404
2015-PASO,Castellanos,Zenón Pereyra,2123,Pueblo,Izquierda,19
2015-PASO,Castellanos,Zenón Pereyra,2123,Pueblo,Kirchnerismo,174
2015-PASO,Castellanos,Zenón Pereyra,2123,Pueblo,Otros,2
2015-PASO,Castellanos,Zenón Pereyra,2123,Pueblo,Peronismo Federal,277
2015-PASO,Castellanos,Zenón Pereyra,2123,Pueblo,Socialismo,68
2015-PASO,Las Colonias,Esperanza,46757,Ciudad intermedia,Cambiemos,8800
2015-PASO,Las Colonias,Esperanza,46757,Ciudad intermedia,Izquierda,448
2015-PASO,Las Colonias,Esperanza,46757,Ciudad intermedia,Kirchnerismo,5410
2015-PASO,Las Colonias,Esperanza,46757,Ciudad intermedia,Otros,148
2015-PASO,Las Colonias,Esperanza,46757,Ciudad intermedia,Peronismo Federal,6406
2015-PASO,Las Colonias,Esperanza,46757,Ciudad intermedia,Socialismo,1106
2015-PASO,Las Colonias,Felicia,3158,Pueblo,Cambiemos,708
2015-PASO,Las Colonias,Felicia,3158,Pueblo,Izquierda,20
2015-PASO,Las Colonias,Felicia,3158,Pueblo,Kirchnerismo,223
2015-PASO,Las Colonias,Felicia,3158,Pueblo,Otros,7
2015-PASO,Las Colonias,Felicia,3158,Pueblo,Peronismo Federal,302
2015-PASO,Las Colonias,Felicia,3158,Pueblo,Socialismo,48
2015-PASO,Las Colonias,Franck,6406,Ciudad pequeña,Cambiemos,1584
2015-PASO,Las Colonias,Franck,6406,Ciudad pequeña,Izquierda,66
2015-PASO,Las Colonias,Franck,6406,Ciudad pequeña,Kirchnerismo,516
2015-PASO,Las Colonias,Franck,6406,Ciudad pequeña,Otros,16
2015-PASO,Las Colonias,Franck,6406,Ciudad pequeña,Peronismo Federal,1040
2015-PASO,Las Colonias,Franck,6406,Ciudad pequeña,Socialismo,136
2015-PASO,Las Colonias,Humboldt,5320,Ciudad pequeña,Cambiemos,1311
2015-PASO,Las Colonias,Humboldt,5320,Ciudad pequeña,Izquierda,51
2015-PASO,Las Colonias,Humboldt,5320,Ciudad pequeña,Kirchnerismo,581
2015-PASO,Las Colonias,Humboldt,5320,Ciudad pequeña,Otros,16
2015-PASO,Las Colonias,Humboldt,5320,Ciudad pequeña,Peronismo Federal,759
2015-PASO,Las Colonias,Humboldt,5320,Ciudad pequeña,Socialismo,114
2015-PASO,Las Colonias,Pilar,5310,Ciudad pequeña,Cambiemos,955
2015-PASO,Las Colonias,Pilar,5310,Ciudad pequeña,Izquierda,58
2015-PASO,Las Colonias,Pilar,5310,Ciudad pequeña,Kirchnerismo,820
2015-PASO,Las Colonias,Pilar,5310,Ciudad pequeña,Otros,12
2015-PASO,Las Colonias,Pilar,5310,Ciudad pequeña,Peronismo Federal,682
2015-PASO,Las Colonias,Pilar,5310,Ciudad pequeña,Socialismo,73
2015-PASO,Las Colonias,Progreso,2773,Pueblo,Cambiemos,813
2015-PASO,Las Colonias,Progreso,2773,Pueblo,Izquierda,25
2015-PASO,Las Colonias,Progreso,2773,Pueblo,Kirchnerismo,236
2015-PASO,Las Colonias,Progreso,2773,Pueblo,Otros,7
2015-PASO,Las Colonias,Progreso,2773,Pueblo,Peronismo Federal,324
2015-PASO,Las Colonias,Progreso,2773,Pueblo,Socialismo,46
2015-PASO,Las Colonias,San Carlos Centro,12322,Ciudad intermedia,Cambiemos,2498
2015-PASO,Las Colonias,San Carlos Centro,12322,Ciudad intermedia,Izquierda,141
2015-PASO,Las Colonias,San Carlos Centro,12322,Ciudad intermedia,Kirchnerismo,1785
2015-PASO,Las Colonias,San Carlos Centro,12322,Ciudad intermedia,Otros,17
2015-PASO,Las Colonias,San Carlos Centro,12322,Ciudad intermedia,Peronismo Federal,1693
2015-PASO,Las Colonias,San Carlos Centro,12322,Ciudad intermedia,Socialismo,322
2015-PASO,Las Colonias,San Carlos Sud,2607,Pueblo,Cambiemos,425
2015-PASO,Las Colonias,San Carlos Sud,2607,Pueblo,Izquierda,27
2015-PASO,Las Colonias,San Carlos Sud,2607,Pueblo,Kirchnerismo,356
2015-PASO,Las Colonias,San Carlos Sud,2607,Pueblo,Otros,2
2015-PASO,Las Colonias,San Carlos Sud,2607,Pueblo,Peronismo Federal,369
2015-PASO,Las Colonias,San Carlos Sud,2607,Pueblo,Socialismo,54
2015-PASO,Las Colonias,San Jerónimo Norte,7312,Ciudad pequeña,Cambiemos,1850
2015-PASO,Las Colonias,San Jerónimo Norte,7312,Ciudad pequeña,Izquierda,92
2015-PASO,Las Colonias,San Jerónimo Norte,7312,Ciudad pequeña,Kirchnerismo,711
2015-PASO,Las Colonias,San Jerónimo Norte,7312,Ciudad pequeña,Otros,15
2015-PASO,Las Colonias,San Jerónimo Norte,7312,Ciudad pequeña,Peronismo Federal,1080
2015-PASO,Las Colonias,San Jerónimo Norte,7312,Ciudad pequeña,Socialismo,215
2015-PASO,Las Colonias,Santa Clara de Buena Vista,3115,Pueblo,Cambiemos,592
2015-PASO,Las Colonias,Santa Clara de Buena Vista,3115,Pueblo,Izquierda,32
2015-PASO,Las Colonias,Santa Clara de Buena Vista,3115,Pueblo,Kirchnerismo,357
2015-PASO,Las Colonias,Santa Clara de Buena Vista,3115,Pueblo,Otros,8
2015-PASO,Las Colonias,Santa Clara de Buena Vista,3115,Pueblo,Peronismo Federal,463
2015-PASO,Las Colonias,Santa Clara de Buena Vista,3115,Pueblo,Socialismo,74
2015-PASO,San Martín,Carlos Pellegrini,5961,Ciudad pequeña,Cambiemos,1305
2015-PASO,San Martín,Carlos Pellegrini,5961,Ciudad pequeña,Izquierda,53
2015-PASO,San Martín,Carlos Pellegrini,5961,Ciudad pequeña,Kirchnerismo,621
2015-PASO,San Martín,Carlos Pellegrini,5961,Ciudad pequeña,Otros,16
2015-PASO,San Martín,Carlos Pellegrini,5961,Ciudad pequeña,Peronismo Federal,853
2015-PASO,San Martín,Carlos Pellegrini,5961,Ciudad pequeña,Socialismo,120
2015-PASO,San Martín,Cañada Rosquín,5616,Ciudad pequeña,Cambiemos,1125
2015-PASO,San Martín,Cañada Rosquín,5616,Ciudad pequeña,Izquierda,64
2015-PASO,San Martín,Cañada Rosquín,5616,Ciudad pequeña,Kirchnerismo,675
2015-PASO,San Martín,Cañada Rosquín,5616,Ciudad pequeña,Otros,10
2015-PASO,San Martín,Cañada Rosquín,5616,Ciudad pequeña,Peronismo Federal,836
2015-PASO,San Martín,Cañada Rosquín,5616,Ciudad pequeña,Socialismo,143
2015-PASO,San Martín,El Trébol,12424,Ciudad intermedia,Cambiemos,2162
2015-PASO,San Martín,El Trébol,12424,Ciudad intermedia,Izquierda,108
2015-PASO,San Martín,El Trébol,12424,Ciudad intermedia,Kirchnerismo,1607
2015-PASO,San Martín,El Trébol,12424,Ciudad intermedia,Otros,20
2015-PASO,San Martín,El Trébol,12424,Ciudad intermedia,Peronismo Federal,1943
2015-PASO,San Martín,El Trébol,12424,Ciudad intermedia,Socialismo,349
2015-PASO,San Martín,María Susana,3569,Pueblo,Cambiemos,1011
2015-PASO,San Martín,María Susana,3569,Pueblo,Izquierda,18
2015-PASO,San Martín,María Susana,3569,Pueblo,Kirchnerismo,314
2015-PASO,San Martín,María Susana,3569,Pueblo,Otros,9
2015-PASO,San Martín,María Susana,3569,Pueblo,Peronismo Federal,537
2015-PASO,San Martín,María Susana,3569,Pueblo,Socialismo,62
2015-PASO,San Martín,Piamonte,3622,Pueblo,Cambiemos,763
2015-PASO,San Martín,Piamonte,3622,Pueblo,Izquierda,41
2015-PASO,San Martín,Piamonte,3622,Pueblo,Kirchnerismo,324
2015-PASO,San Martín,Piamonte,3622,Pueblo,Otros,9
2015-PASO,San Martín,Piamonte,3622,Pueblo,Peronismo Federal,517
2015-PASO,San Martín,Piamonte,3622,Pueblo,Socialismo,77
2015-PASO,San Martín,San Jorge,19524,Ciudad intermedia,Cambiemos,3518
2015-PASO,San Martín,San Jorge,19524,Ciudad intermedia,Izquierda,214
2015-PASO,San Martín,San Jorge,19524,Ciudad intermedia,Kirchnerismo,2478
2015-PASO,San Martín,San Jorge,19524,Ciudad intermedia,Otros,78
2015-PASO,San Martín,San Jorge,19524,Ciudad intermedia,Peronismo Federal,3143
2015-PASO,San Martín,San Jorge,19524,Ciudad intermedia,Socialismo,428
2015-PASO,San Martín,San Martín de las Escobas,3047,Pueblo,Cambiemos,709
2015-PASO,San Martín,San Martín de las Escobas,3047,Pueblo,Izquierda,22
2015-PASO,San Martín,San Martín de las Escobas,3047,Pueblo,Kirchnerismo,234
2015-PASO,San Martín,San Martín de las Escobas,3047,Pueblo,Otros,6
2015-PASO,San Martín,San Martín de las Escobas,3047,Pueblo,Peronismo Federal,409
2015-PASO,San Martín,San Martín de las Escobas,3047,Pueblo,Socialismo,71
2015-PASO,San Martín,Sastre y Ortiz,5855,Ciudad pequeña,Cambiemos,995
2015-PASO,San Martín,Sastre y Ortiz,5855,Ciudad pequeña,Izquierda,85
2015-PASO,San Martín,Sastre y Ortiz,5855,Ciudad pequeña,Kirchnerismo,997
2015-PASO,San Martín,Sastre y Ortiz,5855,Ciudad pequeña,Otros,9
2015-PASO,San Martín,Sastre y Ortiz,5855,Ciudad pequeña,Peronismo Federal,854
2015-PASO,San Martín,Sastre y Ortiz,5855,Ciudad pequeña,Socialismo,138
2019-GENERAL,Castellanos,Ataliva,2292,Pueblo,Cambiemos,871
2019-GENERAL,Castellanos,Ataliva,2292,Pueblo,Derecha libertaria,17
2019-GENERAL,Castellanos,Ataliva,2292,Pueblo,Derecha nacionalista,19
2019-GENERAL,Castellanos,Ataliva,2292,Pueblo,Izquierda,12
2019-GENERAL,Castellanos,Ataliva,2292,Pueblo,Kirchnerismo,351
2019-GENERAL,Castellanos,Ataliva,2292,Pueblo,Peronismo Federal,77
2019-GENERAL,Castellanos,Colonia Aldao,2015,Pueblo,Cambiemos,742
2019-GENERAL,Castellanos,Colonia Aldao,2015,Pueblo,Derecha libertaria,16
2019-GENERAL,Castellanos,Colonia Aldao,2015,Pueblo,Derecha nacionalista,5
2019-GENERAL,Castellanos,Colonia Aldao,2015,Pueblo,Izquierda,9
2019-GENERAL,Castellanos,Colonia Aldao,2015,Pueblo,Kirchnerismo,453
2019-GENERAL,Castellanos,Colonia Aldao,2015,Pueblo,Peronismo Federal,59
2019-GENERAL,Castellanos,Frontera,9967,Ciudad pequeña,Cambiemos,1938
2019-GENERAL,Castellanos,Frontera,9967,Ciudad pequeña,Derecha libertaria,75
2019-GENERAL,Castellanos,Frontera,9967,Ciudad pequeña,Derecha nacionalista,100
2019-GENERAL,Castellanos,Frontera,9967,Ciudad pequeña,Izquierda,57
2019-GENERAL,Castellanos,Frontera,9967,Ciudad pequeña,Kirchnerismo,2625
2019-GENERAL,Castellanos,Frontera,9967,Ciudad pequeña,Peronismo Federal,413
2019-GENERAL,Castellanos,Humberto Primo,5848,Ciudad pequeña,Cambiemos,2427
2019-GENERAL,Castellanos,Humberto Primo,5848,Ciudad pequeña,Derecha libertaria,44
2019-GENERAL,Castellanos,Humberto Primo,5848,Ciudad pequeña,Derecha nacionalista,25
2019-GENERAL,Castellanos,Humberto Primo,5848,Ciudad pequeña,Izquierda,20
2019-GENERAL,Castellanos,Humberto Primo,5848,Ciudad pequeña,Kirchnerismo,902
2019-GENERAL,Castellanos,Humberto Primo,5848,Ciudad pequeña,Peronismo Federal,165
2019-GENERAL,Castellanos,Josefina,2738,Pueblo,Cambiemos,355
2019-GENERAL,Castellanos,Josefina,2738,Pueblo,Derecha libertaria,8
2019-GENERAL,Castellanos,Josefina,2738,Pueblo,Derecha nacionalista,4
2019-GENERAL,Castellanos,Josefina,2738,Pueblo,Izquierda,5
2019-GENERAL,Castellanos,Josefina,2738,Pueblo,Kirchnerismo,160
2019-GENERAL,Castellanos,Josefina,2738,Pueblo,Peronismo Federal,62
2019-GENERAL,Castellanos,Lehmann,3574,Pueblo,Cambiemos,1181
2019-GENERAL,Castellanos,Lehmann,3574,Pueblo,Derecha libertaria,31
2019-GENERAL,Castellanos,Lehmann,3574,Pueblo,Derecha nacionalista,25
2019-GENERAL,Castellanos,Lehmann,3574,Pueblo,Izquierda,18
2019-GENERAL,Castellanos,Lehmann,3574,Pueblo,Kirchnerismo,633
2019-GENERAL,Castellanos,Lehmann,3574,Pueblo,Peronismo Federal,151
2019-GENERAL,Castellanos,María Juana,4910,Pueblo,Cambiemos,1587
2019-GENERAL,Castellanos,María Juana,4910,Pueblo,Derecha libertaria,55
2019-GENERAL,Castellanos,María Juana,4910,Pueblo,Derecha nacionalista,41
2019-GENERAL,Castellanos,María Juana,4910,Pueblo,Izquierda,177
2019-GENERAL,Castellanos,María Juana,4910,Pueblo,Kirchnerismo,1193
2019-GENERAL,Castellanos,María Juana,4910,Pueblo,Peronismo Federal,347
2019-GENERAL,Castellanos,Ramona,2062,Pueblo,Cambiemos,798
2019-GENERAL,Castellanos,Ramona,2062,Pueblo,Derecha libertaria,23
2019-GENERAL,Castellanos,Ramona,2062,Pueblo,Derecha nacionalista,10
2019-GENERAL,Castellanos,Ramona,2062,Pueblo,Izquierda,9
2019-GENERAL,Castellanos,Ramona,2062,Pueblo,Kirchnerismo,367
2019-GENERAL,Castellanos,Ramona,2062,Pueblo,Peronismo Federal,99
2019-GENERAL,Castellanos,San Vicente,6240,Ciudad pequeña,Cambiemos,2208
2019-GENERAL,Castellanos,San Vicente,6240,Ciudad pequeña,Derecha libertaria,104
2019-GENERAL,Castellanos,San Vicente,6240,Ciudad pequeña,Derecha nacionalista,50
2019-GENERAL,Castellanos,San Vicente,6240,Ciudad pequeña,Izquierda,46
2019-GENERAL,Castellanos,San Vicente,6240,Ciudad pequeña,Kirchnerismo,1311
2019-GENERAL,Castellanos,San Vicente,6240,Ciudad pequeña,Peronismo Federal,330
2019-GENERAL,Castellanos,Santa Clara de Saguier,2057,Pueblo,Cambiemos,764
2019-GENERAL,Castellanos,Santa Clara de Saguier,2057,Pueblo,Derecha libertaria,32
2019-GENERAL,Castellanos,Santa Clara de Saguier,2057,Pueblo,Derecha nacionalista,16
2019-GENERAL,Castellanos,Santa Clara de Saguier,2057,Pueblo,Izquierda,20
2019-GENERAL,Castellanos,Santa Clara de Saguier,2057,Pueblo,Kirchnerismo,442
2019-GENERAL,Castellanos,Santa Clara de Saguier,2057,Pueblo,Peronismo Federal,89
2019-GENERAL,Castellanos,Sunchales,23397,Ciudad intermedia,Cambiemos,8303
2019-GENERAL,Castellanos,Sunchales,23397,Ciudad intermedia,Derecha libertaria,257
2019-GENERAL,Castellanos,Sunchales,23397,Ciudad intermedia,Derecha nacionalista,169
2019-GENERAL,Castellanos,Sunchales,23397,Ciudad intermedia,Izquierda,147
2019-GENERAL,Castellanos,Sunchales,23397,Ciudad intermedia,Kirchnerismo,5168
2019-GENERAL,Castellanos,Sunchales,23397,Ciudad intermedia,Peronismo Federal,1052
2019-GENERAL,Castellanos,Zenón Pereyra,2123,Pueblo,Cambiemos,782
2019-GENERAL,Castellanos,Zenón Pereyra,2123,Pueblo,Derecha libertaria,12
2019-GENERAL,Castellanos,Zenón Pereyra,2123,Pueblo,Derecha nacionalista,6
2019-GENERAL,Castellanos,Zenón Pereyra,2123,Pueblo,Izquierda,12
2019-GENERAL,Castellanos,Zenón Pereyra,2123,Pueblo,Kirchnerismo,328
2019-GENERAL,Castellanos,Zenón Pereyra,2123,Pueblo,Peronismo Federal,69
2019-GENERAL,Las Colonias,Esperanza,46757,Ciudad intermedia,Cambiemos,17380
2019-GENERAL,Las Colonias,Esperanza,46757,Ciudad intermedia,Derecha libertaria,464
2019-GENERAL,Las Colonias,Esperanza,46757,Ciudad intermedia,Derecha nacionalista,406
2019-GENERAL,Las Colonias,Esperanza,46757,Ciudad intermedia,Izquierda,216
2019-GENERAL,Las Colonias,Esperanza,46757,Ciudad intermedia,Kirchnerismo,7263
2019-GENERAL,Las Colonias,Esperanza,46757,Ciudad intermedia,Peronismo Federal,2087
2019-GENERAL,Las Colonias,Felicia,3158,Pueblo,Cambiemos,1218
2019-GENERAL,Las Colonias,Felicia,3158,Pueblo,Derecha libertaria,12
2019-GENERAL,Las Colonias,Felicia,3158,Pueblo,Derecha nacionalista,11
2019-GENERAL,Las Colonias,Felicia,3158,Pueblo,Izquierda,13
2019-GENERAL,Las Colonias,Felicia,3158,Pueblo,Kirchnerismo,261
2019-GENERAL,Las Colonias,Felicia,3158,Pueblo,Peronismo Federal,75
2019-GENERAL,Las Colonias,Franck,6406,Ciudad pequeña,Cambiemos,3003
2019-GENERAL,Las Colonias,Franck,6406,Ciudad pequeña,Derecha libertaria,60
2019-GENERAL,Las Colonias,Franck,6406,Ciudad pequeña,Derecha nacionalista,54
2019-GENERAL,Las Colonias,Franck,6406,Ciudad pequeña,Izquierda,32
2019-GENERAL,Las Colonias,Franck,6406,Ciudad pequeña,Kirchnerismo,761
2019-GENERAL,Las Colonias,Franck,6406,Ciudad pequeña,Peronismo Federal,303
2019-GENERAL,Las Colonias,Humboldt,5320,Ciudad pequeña,Cambiemos,2276
2019-GENERAL,Las Colonias,Humboldt,5320,Ciudad pequeña,Derecha libertaria,69
2019-GENERAL,Las Colonias,Humboldt,5320,Ciudad pequeña,Derecha nacionalista,50
2019-GENERAL,Las Colonias,Humboldt,5320,Ciudad pequeña,Izquierda,35
2019-GENERAL,Las Colonias,Humboldt,5320,Ciudad pequeña,Kirchnerismo,798
2019-GENERAL,Las Colonias,Humboldt,5320,Ciudad pequeña,Peronismo Federal,273
2019-GENERAL,Las Colonias,Pilar,5310,Ciudad pequeña,Cambiemos,1859
2019-GENERAL,Las Colonias,Pilar,5310,Ciudad pequeña,Derecha libertaria,47
2019-GENERAL,Las Colonias,Pilar,5310,Ciudad pequeña,Derecha nacionalista,16
2019-GENERAL,Las Colonias,Pilar,5310,Ciudad pequeña,Izquierda,30
2019-GENERAL,Las Colonias,Pilar,5310,Ciudad pequeña,Kirchnerismo,1157
2019-GENERAL,Las Colonias,Pilar,5310,Ciudad pequeña,Peronismo Federal,208
2019-GENERAL,Las Colonias,Progreso,2773,Pueblo,Cambiemos,1235
2019-GENERAL,Las Colonias,Progreso,2773,Pueblo,Derecha libertaria,9
2019-GENERAL,Las Colonias,Progreso,2773,Pueblo,Derecha nacionalista,11
2019-GENERAL,Las Colonias,Progreso,2773,Pueblo,Izquierda,9
2019-GENERAL,Las Colonias,Progreso,2773,Pueblo,Kirchnerismo,317
2019-GENERAL,Las Colonias,Progreso,2773,Pueblo,Peronismo Federal,100
2019-GENERAL,Las Colonias,San Carlos Centro,12322,Ciudad intermedia,Cambiemos,4062
2019-GENERAL,Las Colonias,San Carlos Centro,12322,Ciudad intermedia,Derecha libertaria,223
2019-GENERAL,Las Colonias,San Carlos Centro,12322,Ciudad intermedia,Derecha nacionalista,111
2019-GENERAL,Las Colonias,San Carlos Centro,12322,Ciudad intermedia,Izquierda,74
2019-GENERAL,Las Colonias,San Carlos Centro,12322,Ciudad intermedia,Kirchnerismo,2764
2019-GENERAL,Las Colonias,San Carlos Centro,12322,Ciudad intermedia,Peronismo Federal,802
2019-GENERAL,Las Colonias,San Carlos Sud,2607,Pueblo,Cambiemos,753
2019-GENERAL,Las Colonias,San Carlos Sud,2607,Pueblo,Derecha libertaria,54
2019-GENERAL,Las Colonias,San Carlos Sud,2607,Pueblo,Derecha nacionalista,32
2019-GENERAL,Las Colonias,San Carlos Sud,2607,Pueblo,Izquierda,20
2019-GENERAL,Las Colonias,San Carlos Sud,2607,Pueblo,Kirchnerismo,650
2019-GENERAL,Las Colonias,San Carlos Sud,2607,Pueblo,Peronismo Federal,144
2019-GENERAL,Las Colonias,San Jerónimo Norte,7312,Ciudad pequeña,Cambiemos,3351
2019-GENERAL,Las Colonias,San Jerónimo Norte,7312,Ciudad pequeña,Derecha libertaria,107
2019-GENERAL,Las Colonias,San Jerónimo Norte,7312,Ciudad pequeña,Derecha nacionalista,24
2019-GENERAL,Las Colonias,San Jerónimo Norte,7312,Ciudad pequeña,Izquierda,33
2019-GENERAL,Las Colonias,San Jerónimo Norte,7312,Ciudad pequeña,Kirchnerismo,932
2019-GENERAL,Las Colonias,San Jerónimo Norte,7312,Ciudad pequeña,Peronismo Federal,328
2019-GENERAL,Las Colonias,Santa Clara de Buena Vista,3115,Pueblo,Cambiemos,1010
2019-GENERAL,Las Colonias,Santa Clara de Buena Vista,3115,Pueblo,Derecha libertaria,52
2019-GENERAL,Las Colonias,Santa Clara de Buena Vista,3115,Pueblo,Derecha nacionalista,11
2019-GENERAL,Las Colonias,Santa Clara de Buena Vista,3115,Pueblo,Izquierda,20
2019-GENERAL,Las Colonias,Santa Clara de Buena Vista,3115,Pueblo,Kirchnerismo,730
2019-GENERAL,Las Colonias,Santa Clara de Buena Vista,3115,Pueblo,Peronismo Federal,202
2019-GENERAL,San Martín,Carlos Pellegrini,5961,Ciudad pequeña,Cambiemos,2209
2019-GENERAL,San Martín,Carlos Pellegrini,5961,Ciudad pequeña,Derecha libertaria,48
2019-GENERAL,San Martín,Carlos Pellegrini,5961,Ciudad pequeña,Derecha nacionalista,65
2019-GENERAL,San Martín,Carlos Pellegrini,5961,Ciudad pequeña,Izquierda,37
2019-GENERAL,San Martín,Carlos Pellegrini,5961,Ciudad pequeña,Kirchnerismo,954
2019-GENERAL,San Martín,Carlos Pellegrini,5961,Ciudad pequeña,Peronismo Federal,287
2019-GENERAL,San Martín,Cañada Rosquín,5616,Ciudad pequeña,Cambiemos,2032
2019-GENERAL,San Martín,Cañada Rosquín,5616,Ciudad pequeña,Derecha libertaria,49
2019-GENERAL,San Martín,Cañada Rosquín,5616,Ciudad pequeña,Derecha nacionalista,53
2019-GENERAL,San Martín,Cañada Rosquín,5616,Ciudad pequeña,Izquierda,40
2019-GENERAL,San Martín,Cañada Rosquín,5616,Ciudad pequeña,Kirchnerismo,1078
2019-GENERAL,San Martín,Cañada Rosquín,5616,Ciudad pequeña,Peronismo Federal,318
2019-GENERAL,San Martín,El Trébol,12424,Ciudad intermedia,Cambiemos,4015
2019-GENERAL,San Martín,El Trébol,12424,Ciudad intermedia,Derecha libertaria,181
2019-GENERAL,San Martín,El Trébol,12424,Ciudad intermedia,Derecha nacionalista,147
2019-GENERAL,San Martín,El Trébol,12424,Ciudad intermedia,Izquierda,96
2019-GENERAL,San Martín,El Trébol,12424,Ciudad intermedia,Kirchnerismo,2834
2019-GENERAL,San Martín,El Trébol,12424,Ciudad intermedia,Peronismo Federal,713
2019-GENERAL,San Martín,María Susana,3569,Pueblo,Cambiemos,1347
2019-GENERAL,San Martín,María Susana,3569,Pueblo,Derecha libertaria,31
2019-GENERAL,San Martín,María Susana,3569,Pueblo,Derecha nacionalista,32
2019-GENERAL,San Martín,María Susana,3569,Pueblo,Izquierda,12
2019-GENERAL,San Martín,María Susana,3569,Pueblo,Kirchnerismo,664
2019-GENERAL,San Martín,María Susana,3569,Pueblo,Peronismo Federal,174
2019-GENERAL,San Martín,Piamonte,3622,Pueblo,Cambiemos,1265
2019-GENERAL,San Martín,Piamonte,3622,Pueblo,Derecha libertaria,17
2019-GENERAL,San Martín,Piamonte,3622,Pueblo,Derecha nacionalista,47
2019-GENERAL,San Martín,Piamonte,3622,Pueblo,Izquierda,33
2019-GENERAL,San Martín,Piamonte,3622,Pueblo,Kirchnerismo,572
2019-GENERAL,San Martín,Piamonte,3622,Pueblo,Peronismo Federal,160
2019-GENERAL,San Martín,San Jorge,19524,Ciudad intermedia,Cambiemos,6289
2019-GENERAL,San Martín,San Jorge,19524,Ciudad intermedia,Derecha libertaria,229
2019-GENERAL,San Martín,San Jorge,19524,Ciudad intermedia,Derecha nacionalista,212
2019-GENERAL,San Martín,San Jorge,19524,Ciudad intermedia,Izquierda,149
2019-GENERAL,San Martín,San Jorge,19524,Ciudad intermedia,Kirchnerismo,4463
2019-GENERAL,San Martín,San Jorge,19524,Ciudad intermedia,Peronismo Federal,1127
2019-GENERAL,San Martín,San Martín de las Escobas,3047,Pueblo,Cambiemos,1298
2019-GENERAL,San Martín,San Martín de las Escobas,3047,Pueblo,Derecha libertaria,22
2019-GENERAL,San Martín,San Martín de las Escobas,3047,Pueblo,Derecha nacionalista,49
2019-GENERAL,San Martín,San Martín de las Escobas,3047,Pueblo,Izquierda,18
2019-GENERAL,San Martín,San Martín de las Escobas,3047,Pueblo,Kirchnerismo,417
2019-GENERAL,San Martín,San Martín de las Escobas,3047,Pueblo,Peronismo Federal,118
2019-GENERAL,San Martín,Sastre y Ortiz,5855,Ciudad pequeña,Cambiemos,1645
2019-GENERAL,San Martín,Sastre y Ortiz,5855,Ciudad pequeña,Derecha libertaria,66
2019-GENERAL,San Martín,Sastre y Ortiz,5855,Ciudad pequeña,Derecha nacionalista,29
2019-GENERAL,San Martín,Sastre y Ortiz,5855,Ciudad pequeña,Izquierda,49
2019-GENERAL,San Martín,Sastre y Ortiz,5855,Ciudad pequeña,Kirchnerismo,1658
2019-GENERAL,San Martín,Sastre y Ortiz,5855,Ciudad pequeña,Peronismo Federal,365
2019-PASO,Castellanos,Ataliva,2292,Pueblo,Cambiemos,717
2019-PASO,Castellanos,Ataliva,2292,Pueblo,Derecha libertaria,20
2019-PASO,Castellanos,Ataliva,2292,Pueblo,Derecha nacionalista,21
2019-PASO,Castellanos,Ataliva,2292,Pueblo,Izquierda,18
2019-PASO,Castellanos,Ataliva,2292,Pueblo,Kirchnerismo,320
2019-PASO,Castellanos,Ataliva,2292,Pueblo,Otros,3
2019-PASO,Castellanos,Ataliva,2292,Pueblo,Peronismo Federal,95
2019-PASO,Castellanos,Colonia Aldao,2015,Pueblo,Cambiemos,554
2019-PASO,Castellanos,Colonia Aldao,2015,Pueblo,Derecha libertaria,23
2019-PASO,Castellanos,Colonia Aldao,2015,Pueblo,Derecha nacionalista,30
2019-PASO,Castellanos,Colonia Aldao,2015,Pueblo,Izquierda,12
2019-PASO,Castellanos,Colonia Aldao,2015,Pueblo,Kirchnerismo,441
2019-PASO,Castellanos,Colonia Aldao,2015,Pueblo,Otros,3
2019-PASO,Castellanos,Colonia Aldao,2015,Pueblo,Peronismo Federal,86
2019-PASO,Castellanos,Frontera,9967,Ciudad pequeña,Cambiemos,1299
2019-PASO,Castellanos,Frontera,9967,Ciudad pequeña,Derecha libertaria,85
2019-PASO,Castellanos,Frontera,9967,Ciudad pequeña,Derecha nacionalista,189
2019-PASO,Castellanos,Frontera,9967,Ciudad pequeña,Izquierda,98
2019-PASO,Castellanos,Frontera,9967,Ciudad pequeña,Kirchnerismo,2380
2019-PASO,Castellanos,Frontera,9967,Ciudad pequeña,Otros,12
2019-PASO,Castellanos,Frontera,9967,Ciudad pequeña,Peronismo Federal,395
2019-PASO,Castellanos,Humberto Primo,5848,Ciudad pequeña,Cambiemos,2029
2019-PASO,Castellanos,Humberto Primo,5848,Ciudad pequeña,Derecha libertaria,72
2019-PASO,Castellanos,Humberto Primo,5848,Ciudad pequeña,Derecha nacionalista,41
2019-PASO,Castellanos,Humberto Primo,5848,Ciudad pequeña,Izquierda,35
2019-PASO,Castellanos,Humberto Primo,5848,Ciudad pequeña,Kirchnerismo,829
2019-PASO,Castellanos,Humberto Primo,5848,Ciudad pequeña,Otros,9
2019-PASO,Castellanos,Humberto Primo,5848,Ciudad pequeña,Peronismo Federal,217
2019-PASO,Castellanos,Josefina,2738,Pueblo,Cambiemos,263
2019-PASO,Castellanos,Josefina,2738,Pueblo,Derecha libertaria,21
2019-PASO,Castellanos,Josefina,2738,Pueblo,Derecha nacionalista,10
2019-PASO,Castellanos,Josefina,2738,Pueblo,Izquierda,10
2019-PASO,Castellanos,Josefina,2738,Pueblo,Kirchnerismo,125
2019-PASO,Castellanos,Josefina,2738,Pueblo,Otros,0
2019-PASO,Castellanos,Josefina,2738,Pueblo,Peronismo Federal,89
2019-PASO,Castellanos,Lehmann,3574,Pueblo,Cambiemos,924
2019-PASO,Castellanos,Lehmann,3574,Pueblo,Derecha libertaria,46
2019-PASO,Castellanos,Lehmann,3574,Pueblo,Derecha nacionalista,50
2019-PASO,Castellanos,Lehmann,3574,Pueblo,Izquierda,27
2019-PASO,Castellanos,Lehmann,3574,Pueblo,Kirchnerismo,614
2019-PASO,Castellanos,Lehmann,3574,Pueblo,Otros,3
2019-PASO,Castellanos,Lehmann,3574,Pueblo,Peronismo Federal,189
2019-PASO,Castellanos,María Juana,4910,Pueblo,Cambiemos,1201
2019-PASO,Castellanos,María Juana,4910,Pueblo,Derecha libertaria,78
2019-PASO,Castellanos,María Juana,4910,Pueblo,Derecha nacionalista,57
2019-PASO,Castellanos,María Juana,4910,Pueblo,Izquierda,72
2019-PASO,Castellanos,María Juana,4910,Pueblo,Kirchnerismo,1113
2019-PASO,Castellanos,María Juana,4910,Pueblo,Otros,12
2019-PASO,Castellanos,María Juana,4910,Pueblo,Peronismo Federal,421
2019-PASO,Castellanos,Ramona,2062,Pueblo,Cambiemos,600
2019-PASO,Castellanos,Ramona,2062,Pueblo,Derecha libertaria,33
2019-PASO,Castellanos,Ramona,2062,Pueblo,Derecha nacionalista,22
2019-PASO,Castellanos,Ramona,2062,Pueblo,Izquierda,22
2019-PASO,Castellanos,Ramona,2062,Pueblo,Kirchnerismo,381
2019-PASO,Castellanos,Ramona,2062,Pueblo,Otros,9
2019-PASO,Castellanos,Ramona,2062,Pueblo,Peronismo Federal,129
2019-PASO,Castellanos,San Vicente,6240,Ciudad pequeña,Cambiemos,1701
2019-PASO,Castellanos,San Vicente,6240,Ciudad pequeña,Derecha libertaria,128
2019-PASO,Castellanos,San Vicente,6240,Ciudad pequeña,Derecha nacionalista,107
2019-PASO,Castellanos,San Vicente,6240,Ciudad pequeña,Izquierda,72
2019-PASO,Castellanos,San Vicente,6240,Ciudad pequeña,Kirchnerismo,1170
2019-PASO,Castellanos,San Vicente,6240,Ciudad pequeña,Otros,13
2019-PASO,Castellanos,San Vicente,6240,Ciudad pequeña,Peronismo Federal,477
2019-PASO,Castellanos,Santa Clara de Saguier,2057,Pueblo,Cambiemos,589
2019-PASO,Castellanos,Santa Clara de Saguier,2057,Pueblo,Derecha libertaria,29
2019-PASO,Castellanos,Santa Clara de Saguier,2057,Pueblo,Derecha nacionalista,42
2019-PASO,Castellanos,Santa Clara de Saguier,2057,Pueblo,Izquierda,18
2019-PASO,Castellanos,Santa Clara de Saguier,2057,Pueblo,Kirchnerismo,381
2019-PASO,Castellanos,Santa Clara de Saguier,2057,Pueblo,Otros,4
2019-PASO,Castellanos,Santa Clara de Saguier,2057,Pueblo,Peronismo Federal,126
2019-PASO,Castellanos,Sunchales,23397,Ciudad intermedia,Cambiemos,6439
2019-PASO,Castellanos,Sunchales,23397,Ciudad intermedia,Derecha libertaria,358
2019-PASO,Castellanos,Sunchales,23397,Ciudad intermedia,Derecha nacionalista,340
2019-PASO,Castellanos,Sunchales,23397,Ciudad intermedia,Izquierda,246
2019-PASO,Castellanos,Sunchales,23397,Ciudad intermedia,Kirchnerismo,4982
2019-PASO,Castellanos,Sunchales,23397,Ciudad intermedia,Otros,23
2019-PASO,Castellanos,Sunchales,23397,Ciudad intermedia,Peronismo Federal,1452
2019-PASO,Castellanos,Zenón Pereyra,2123,Pueblo,Cambiemos,571
2019-PASO,Castellanos,Zenón Pereyra,2123,Pueblo,Derecha libertaria,11
2019-PASO,Castellanos,Zenón Pereyra,2123,Pueblo,Derecha nacionalista,8
2019-PASO,Castellanos,Zenón Pereyra,2123,Pueblo,Izquierda,21
2019-PASO,Castellanos,Zenón Pereyra,2123,Pueblo,Kirchnerismo,318
2019-PASO,Castellanos,Zenón Pereyra,2123,Pueblo,Otros,0
2019-PASO,Castellanos,Zenón Pereyra,2123,Pueblo,Peronismo Federal,127
2019-PASO,Las Colonias,Esperanza,46757,Ciudad intermedia,Cambiemos,12033
2019-PASO,Las Colonias,Esperanza,46757,Ciudad intermedia,Derecha libertaria,988
2019-PASO,Las Colonias,Esperanza,46757,Ciudad intermedia,Derecha nacionalista,990
2019-PASO,Las Colonias,Esperanza,46757,Ciudad intermedia,Izquierda,425
2019-PASO,Las Colonias,Esperanza,46757,Ciudad intermedia,Kirchnerismo,7056
2019-PASO,Las Colonias,Esperanza,46757,Ciudad intermedia,Otros,81
2019-PASO,Las Colonias,Esperanza,46757,Ciudad intermedia,Peronismo Federal,3459
2019-PASO,Las Colonias,Felicia,3158,Pueblo,Cambiemos,966
2019-PASO,Las Colonias,Felicia,3158,Pueblo,Derecha libertaria,32
2019-PASO,Las Colonias,Felicia,3158,Pueblo,Derecha nacionalista,47
2019-PASO,Las Colonias,Felicia,3158,Pueblo,Izquierda,18
2019-PASO,Las Colonias,Felicia,3158,Pueblo,Kirchnerismo,253
2019-PASO,Las Colonias,Felicia,3158,Pueblo,Otros,5
2019-PASO,Las Colonias,Felicia,3158,Pueblo,Peronismo Federal,106
2019-PASO,Las Colonias,Franck,6406,Ciudad pequeña,Cambiemos,2310
2019-PASO,Las Colonias,Franck,6406,Ciudad pequeña,Derecha libertaria,143
2019-PASO,Las Colonias,Franck,6406,Ciudad pequeña,Derecha nacionalista,134
2019-PASO,Las Colonias,Franck,6406,Ciudad pequeña,Izquierda,61
2019-PASO,Las Colonias,Franck,6406,Ciudad pequeña,Kirchnerismo,790
2019-PASO,Las Colonias,Franck,6406,Ciudad pequeña,Otros,9
2019-PASO,Las Colonias,Franck,6406,Ciudad pequeña,Peronismo Federal,459
2019-PASO,Las Colonias,Humboldt,5320,Ciudad pequeña,Cambiemos,1703
2019-PASO,Las Colonias,Humboldt,5320,Ciudad pequeña,Derecha libertaria,123
2019-PASO,Las Colonias,Humboldt,5320,Ciudad pequeña,Derecha nacionalista,102
2019-PASO,Las Colonias,Humboldt,5320,Ciudad pequeña,Izquierda,62
2019-PASO,Las Colonias,Humboldt,5320,Ciudad pequeña,Kirchnerismo,783
2019-PASO,Las Colonias,Humboldt,5320,Ciudad pequeña,Otros,11
2019-PASO,Las Colonias,Humboldt,5320,Ciudad pequeña,Peronismo Federal,396
2019-PASO,Las Colonias,Pilar,5310,Ciudad pequeña,Cambiemos,1331
2019-PASO,Las Colonias,Pilar,5310,Ciudad pequeña,Derecha libertaria,60
2019-PASO,Las Colonias,Pilar,5310,Ciudad pequeña,Derecha nacionalista,43
2019-PASO,Las Colonias,Pilar,5310,Ciudad pequeña,Izquierda,47
2019-PASO,Las Colonias,Pilar,5310,Ciudad pequeña,Kirchnerismo,1179
2019-PASO,Las Colonias,Pilar,5310,Ciudad pequeña,Otros,7
2019-PASO,Las Colonias,Pilar,5310,Ciudad pequeña,Peronismo Federal,273
2019-PASO,Las Colonias,Progreso,2773,Pueblo,Cambiemos,1008
2019-PASO,Las Colonias,Progreso,2773,Pueblo,Derecha libertaria,28
2019-PASO,Las Colonias,Progreso,2773,Pueblo,Derecha nacionalista,35
2019-PASO,Las Colonias,Progreso,2773,Pueblo,Izquierda,23
2019-PASO,Las Colonias,Progreso,2773,Pueblo,Kirchnerismo,302
2019-PASO,Las Colonias,Progreso,2773,Pueblo,Otros,7
2019-PASO,Las Colonias,Progreso,2773,Pueblo,Peronismo Federal,171
2019-PASO,Las Colonias,San Carlos Centro,12322,Ciudad intermedia,Cambiemos,2952
2019-PASO,Las Colonias,San Carlos Centro,12322,Ciudad intermedia,Derecha libertaria,326
2019-PASO,Las Colonias,San Carlos Centro,12322,Ciudad intermedia,Derecha nacionalista,270
2019-PASO,Las Colonias,San Carlos Centro,12322,Ciudad intermedia,Izquierda,154
2019-PASO,Las Colonias,San Carlos Centro,12322,Ciudad intermedia,Kirchnerismo,2571
2019-PASO,Las Colonias,San Carlos Centro,12322,Ciudad intermedia,Otros,30
2019-PASO,Las Colonias,San Carlos Centro,12322,Ciudad intermedia,Peronismo Federal,1113
2019-PASO,Las Colonias,San Carlos Sud,2607,Pueblo,Cambiemos,563
2019-PASO,Las Colonias,San Carlos Sud,2607,Pueblo,Derecha libertaria,46
2019-PASO,Las Colonias,San Carlos Sud,2607,Pueblo,Derecha nacionalista,64
2019-PASO,Las Colonias,San Carlos Sud,2607,Pueblo,Izquierda,24
2019-PASO,Las Colonias,San Carlos Sud,2607,Pueblo,Kirchnerismo,603
2019-PASO,Las Colonias,San Carlos Sud,2607,Pueblo,Otros,6
2019-PASO,Las Colonias,San Carlos Sud,2607,Pueblo,Peronismo Federal,211
2019-PASO,Las Colonias,San Jerónimo Norte,7312,Ciudad pequeña,Cambiemos,2490
2019-PASO,Las Colonias,San Jerónimo Norte,7312,Ciudad pequeña,Derecha libertaria,209
2019-PASO,Las Colonias,San Jerónimo Norte,7312,Ciudad pequeña,Derecha nacionalista,107
2019-PASO,Las Colonias,San Jerónimo Norte,7312,Ciudad pequeña,Izquierda,66
2019-PASO,Las Colonias,San Jerónimo Norte,7312,Ciudad pequeña,Kirchnerismo,773
2019-PASO,Las Colonias,San Jerónimo Norte,7312,Ciudad pequeña,Otros,10
2019-PASO,Las Colonias,San Jerónimo Norte,7312,Ciudad pequeña,Peronismo Federal,547
2019-PASO,Las Colonias,Santa Clara de Buena Vista,3115,Pueblo,Cambiemos,790
2019-PASO,Las Colonias,Santa Clara de Buena Vista,3115,Pueblo,Derecha libertaria,56
2019-PASO,Las Colonias,Santa Clara de Buena Vista,3115,Pueblo,Derecha nacionalista,47
2019-PASO,Las Colonias,Santa Clara de Buena Vista,3115,Pueblo,Izquierda,35
2019-PASO,Las Colonias,Santa Clara de Buena Vista,3115,Pueblo,Kirchnerismo,730
2019-PASO,Las Colonias,Santa Clara de Buena Vista,3115,Pueblo,Otros,3
2019-PASO,Las Colonias,Santa Clara de Buena Vista,3115,Pueblo,Peronismo Federal,191
2019-PASO,San Martín,Carlos Pellegrini,5961,Ciudad pequeña,Cambiemos,1744
2019-PASO,San Martín,Carlos Pellegrini,5961,Ciudad pequeña,Derecha libertaria,90
2019-PASO,San Martín,Carlos Pellegrini,5961,Ciudad pequeña,Derecha nacionalista,120
2019-PASO,San Martín,Carlos Pellegrini,5961,Ciudad pequeña,Izquierda,58
2019-PASO,San Martín,Carlos Pellegrini,5961,Ciudad pequeña,Kirchnerismo,912
2019-PASO,San Martín,Carlos Pellegrini,5961,Ciudad pequeña,Otros,16
2019-PASO,San Martín,Carlos Pellegrini,5961,Ciudad pequeña,Peronismo Federal,371
2019-PASO,San Martín,Cañada Rosquín,5616,Ciudad pequeña,Cambiemos,1517
2019-PASO,San Martín,Cañada Rosquín,5616,Ciudad pequeña,Derecha libertaria,101
2019-PASO,San Martín,Cañada Rosquín,5616,Ciudad pequeña,Derecha nacionalista,78
2019-PASO,San Martín,Cañada Rosquín,5616,Ciudad pequeña,Izquierda,62
2019-PASO,San Martín,Cañada Rosquín,5616,Ciudad pequeña,Kirchnerismo,1046
2019-PASO,San Martín,Cañada Rosquín,5616,Ciudad pequeña,Otros,13
2019-PASO,San Martín,Cañada Rosquín,5616,Ciudad pequeña,Peronismo Federal,391
2019-PASO,San Martín,El Trébol,12424,Ciudad intermedia,Cambiemos,2891
2019-PASO,San Martín,El Trébol,12424,Ciudad intermedia,Derecha libertaria,227
2019-PASO,San Martín,El Trébol,12424,Ciudad intermedia,Derecha nacionalista,258
2019-PASO,San Martín,El Trébol,12424,Ciudad intermedia,Izquierda,160
2019-PASO,San Martín,El Trébol,12424,Ciudad intermedia,Kirchnerismo,2693
2019-PASO,San Martín,El Trébol,12424,Ciudad intermedia,Otros,33
2019-PASO,San Martín,El Trébol,12424,Ciudad intermedia,Peronismo Federal,894
2019-PASO,San Martín,María Susana,3569,Pueblo,Cambiemos,1218
2019-PASO,San Martín,María Susana,3569,Pueblo,Derecha libertaria,35
2019-PASO,San Martín,María Susana,3569,Pueblo,Derecha nacionalista,49
2019-PASO,San Martín,María Susana,3569,Pueblo,Izquierda,34
2019-PASO,San Martín,María Susana,3569,Pueblo,Kirchnerismo,473
2019-PASO,San Martín,María Susana,3569,Pueblo,Otros,7
2019-PASO,San Martín,María Susana,3569,Pueblo,Peronismo Federal,229
2019-PASO,San Martín,Piamonte,3622,Pueblo,Cambiemos,1051
2019-PASO,San Martín,Piamonte,3622,Pueblo,Derecha libertaria,25
2019-PASO,San Martín,Piamonte,3622,Pueblo,Derecha nacionalista,54
2019-PASO,San Martín,Piamonte,3622,Pueblo,Izquierda,52
2019-PASO,San Martín,Piamonte,3622,Pueblo,Kirchnerismo,569
2019-PASO,San Martín,Piamonte,3622,Pueblo,Otros,6
2019-PASO,San Martín,Piamonte,3622,Pueblo,Peronismo Federal,194
2019-PASO,San Martín,San Jorge,19524,Ciudad intermedia,Cambiemos,4809
2019-PASO,San Martín,San Jorge,19524,Ciudad intermedia,Derecha libertaria,343
2019-PASO,San Martín,San Jorge,19524,Ciudad intermedia,Derecha nacionalista,364
2019-PASO,San Martín,San Jorge,19524,Ciudad intermedia,Izquierda,251
2019-PASO,San Martín,San Jorge,19524,Ciudad intermedia,Kirchnerismo,4126
2019-PASO,San Martín,San Jorge,19524,Ciudad intermedia,Otros,33
2019-PASO,San Martín,San Jorge,19524,Ciudad intermedia,Peronismo Federal,1381
2019-PASO,San Martín,San Martín de las Escobas,3047,Pueblo,Cambiemos,1008
2019-PASO,San Martín,San Martín de las Escobas,3047,Pueblo,Derecha libertaria,46
2019-PASO,San Martín,San Martín de las Escobas,3047,Pueblo,Derecha nacionalista,77
2019-PASO,San Martín,San Martín de las Escobas,3047,Pueblo,Izquierda,39
2019-PASO,San Martín,San Martín de las Escobas,3047,Pueblo,Kirchnerismo,366
2019-PASO,San Martín,San Martín de las Escobas,3047,Pueblo,Otros,5
2019-PASO,San Martín,San Martín de las Escobas,3047,Pueblo,Peronismo Federal,157
2019-PASO,San Martín,Sastre y Ortiz,5855,Ciudad pequeña,Cambiemos,1297
2019-PASO,San Martín,Sastre y Ortiz,5855,Ciudad pequeña,Derecha libertaria,96
2019-PASO,San Martín,Sastre y Ortiz,5855,Ciudad pequeña,Derecha nacionalista,56
2019-PASO,San Martín,Sastre y Ortiz,5855,Ciudad pequeña,Izquierda,67
2019-PASO,San Martín,Sastre y Ortiz,5855,Ciudad pequeña,Kirchnerismo,1556
2019-PASO,San Martín,Sastre y Ortiz,5855,Ciudad pequeña,Otros,14
2019-PASO,San Martín,Sastre y Ortiz,5855,Ciudad pequeña,Peronismo Federal,427
2023-BALOTAJE,Castellanos,Ataliva,2292,Pueblo,Kirchnerismo,240
2023-BALOTAJE,Castellanos,Ataliva,2292,Pueblo,La Libertad Avanza,1062
2023-BALOTAJE,Castellanos,Colonia Aldao,2015,Pueblo,Kirchnerismo,293
2023-BALOTAJE,Castellanos,Colonia Aldao,2015,Pueblo,La Libertad Avanza,876
2023-BALOTAJE,Castellanos,Frontera,9967,Ciudad pequeña,Kirchnerismo,1893
2023-BALOTAJE,Castellanos,Frontera,9967,Ciudad pequeña,La Libertad Avanza,3023
2023-BALOTAJE,Castellanos,Humberto Primo,5848,Ciudad pequeña,Kirchnerismo,643
2023-BALOTAJE,Castellanos,Humberto Primo,5848,Ciudad pequeña,La Libertad Avanza,2667
2023-BALOTAJE,Castellanos,Josefina,2738,Pueblo,Kirchnerismo,127
2023-BALOTAJE,Castellanos,Josefina,2738,Pueblo,La Libertad Avanza,465
2023-BALOTAJE,Castellanos,Lehmann,3574,Pueblo,Kirchnerismo,515
2023-BALOTAJE,Castellanos,Lehmann,3574,Pueblo,La Libertad Avanza,1479
2023-BALOTAJE,Castellanos,María Juana,4910,Pueblo,Kirchnerismo,876
2023-BALOTAJE,Castellanos,María Juana,4910,Pueblo,La Libertad Avanza,1999
2023-BALOTAJE,Castellanos,Ramona,2062,Pueblo,Kirchnerismo,289
2023-BALOTAJE,Castellanos,Ramona,2062,Pueblo,La Libertad Avanza,971
2023-BALOTAJE,Castellanos,San Vicente,6240,Ciudad pequeña,Kirchnerismo,1022
2023-BALOTAJE,Castellanos,San Vicente,6240,Ciudad pequeña,La Libertad Avanza,2906
2023-BALOTAJE,Castellanos,Santa Clara de Saguier,2057,Pueblo,Kirchnerismo,291
2023-BALOTAJE,Castellanos,Santa Clara de Saguier,2057,Pueblo,La Libertad Avanza,987
2023-BALOTAJE,Castellanos,Sunchales,23397,Ciudad intermedia,Kirchnerismo,4091
2023-BALOTAJE,Castellanos,Sunchales,23397,Ciudad intermedia,La Libertad Avanza,10234
2023-BALOTAJE,Castellanos,Zenón Pereyra,2123,Pueblo,Kirchnerismo,199
2023-BALOTAJE,Castellanos,Zenón Pereyra,2123,Pueblo,La Libertad Avanza,926
2023-BALOTAJE,Las Colonias,Esperanza,46757,Ciudad intermedia,Kirchnerismo,5613
2023-BALOTAJE,Las Colonias,Esperanza,46757,Ciudad intermedia,La Libertad Avanza,20930
2023-BALOTAJE,Las Colonias,Felicia,3158,Pueblo,Kirchnerismo,251
2023-BALOTAJE,Las Colonias,Felicia,3158,Pueblo,La Libertad Avanza,1246
2023-BALOTAJE,Las Colonias,Franck,6406,Ciudad pequeña,Kirchnerismo,685
2023-BALOTAJE,Las Colonias,Franck,6406,Ciudad pequeña,La Libertad Avanza,3557
2023-BALOTAJE,Las Colonias,Humboldt,5320,Ciudad pequeña,Kirchnerismo,692
2023-BALOTAJE,Las Colonias,Humboldt,5320,Ciudad pequeña,La Libertad Avanza,2776
2023-BALOTAJE,Las Colonias,Pilar,5310,Ciudad pequeña,Kirchnerismo,927
2023-BALOTAJE,Las Colonias,Pilar,5310,Ciudad pequeña,La Libertad Avanza,2310
2023-BALOTAJE,Las Colonias,Progreso,2773,Pueblo,Kirchnerismo,267
2023-BALOTAJE,Las Colonias,Progreso,2773,Pueblo,La Libertad Avanza,1458
2023-BALOTAJE,Las Colonias,San Carlos Centro,12322,Ciudad intermedia,Kirchnerismo,2294
2023-BALOTAJE,Las Colonias,San Carlos Centro,12322,Ciudad intermedia,La Libertad Avanza,5374
2023-BALOTAJE,Las Colonias,San Carlos Sud,2607,Pueblo,Kirchnerismo,479
2023-BALOTAJE,Las Colonias,San Carlos Sud,2607,Pueblo,La Libertad Avanza,1096
2023-BALOTAJE,Las Colonias,San Jerónimo Norte,7312,Ciudad pequeña,Kirchnerismo,852
2023-BALOTAJE,Las Colonias,San Jerónimo Norte,7312,Ciudad pequeña,La Libertad Avanza,3696
2023-BALOTAJE,Las Colonias,Santa Clara de Buena Vista,3115,Pueblo,Kirchnerismo,553
2023-BALOTAJE,Las Colonias,Santa Clara de Buena Vista,3115,Pueblo,La Libertad Avanza,1380
2023-BALOTAJE,San Martín,Carlos Pellegrini,5961,Ciudad pequeña,Kirchnerismo,741
2023-BALOTAJE,San Martín,Carlos Pellegrini,5961,Ciudad pequeña,La Libertad Avanza,2887
2023-BALOTAJE,San Martín,Cañada Rosquín,5616,Ciudad pequeña,Kirchnerismo,843
2023-BALOTAJE,San Martín,Cañada Rosquín,5616,Ciudad pequeña,La Libertad Avanza,2471
2023-BALOTAJE,San Martín,El Trébol,12424,Ciudad intermedia,Kirchnerismo,2078
2023-BALOTAJE,San Martín,El Trébol,12424,Ciudad intermedia,La Libertad Avanza,5702
2023-BALOTAJE,San Martín,María Susana,3569,Pueblo,Kirchnerismo,339
2023-BALOTAJE,San Martín,María Susana,3569,Pueblo,La Libertad Avanza,1762
2023-BALOTAJE,San Martín,Piamonte,3622,Pueblo,Kirchnerismo,449
2023-BALOTAJE,San Martín,Piamonte,3622,Pueblo,La Libertad Avanza,1587
2023-BALOTAJE,San Martín,San Jorge,19524,Ciudad intermedia,Kirchnerismo,3392
2023-BALOTAJE,San Martín,San Jorge,19524,Ciudad intermedia,La Libertad Avanza,8755
2023-BALOTAJE,San Martín,San Martín de las Escobas,3047,Pueblo,Kirchnerismo,340
2023-BALOTAJE,San Martín,San Martín de las Escobas,3047,Pueblo,La Libertad Avanza,1489
2023-BALOTAJE,San Martín,Sastre y Ortiz,5855,Ciudad pequeña,Kirchnerismo,1443
2023-BALOTAJE,San Martín,Sastre y Ortiz,5855,Ciudad pequeña,La Libertad Avanza,2264
2023-GENERAL,Castellanos,Ataliva,2292,Pueblo,Cambiemos,371
2023-GENERAL,Castellanos,Ataliva,2292,Pueblo,Izquierda,20
2023-GENERAL,Castellanos,Ataliva,2292,Pueblo,Kirchnerismo,161
2023-GENERAL,Castellanos,Ataliva,2292,Pueblo,La Libertad Avanza,551
2023-GENERAL,Castellanos,Ataliva,2292,Pueblo,Peronismo Federal,178
2023-GENERAL,Castellanos,Colonia Aldao,2015,Pueblo,Cambiemos,311
2023-GENERAL,Castellanos,Colonia Aldao,2015,Pueblo,Izquierda,9
2023-GENERAL,Castellanos,Colonia Aldao,2015,Pueblo,Kirchnerismo,196
2023-GENERAL,Castellanos,Colonia Aldao,2015,Pueblo,La Libertad Avanza,479
2023-GENERAL,Castellanos,Colonia Aldao,2015,Pueblo,Peronismo Federal,186
2023-GENERAL,Castellanos,Frontera,9967,Ciudad pequeña,Cambiemos,640
2023-GENERAL,Castellanos,Frontera,9967,Ciudad pequeña,Izquierda,37
2023-GENERAL,Castellanos,Frontera,9967,Ciudad pequeña,Kirchnerismo,1234
2023-GENERAL,Castellanos,Frontera,9967,Ciudad pequeña,La Libertad Avanza,1653
2023-GENERAL,Castellanos,Frontera,9967,Ciudad pequeña,Peronismo Federal,1493
2023-GENERAL,Castellanos,Humberto Primo,5848,Ciudad pequeña,Cambiemos,1054
2023-GENERAL,Castellanos,Humberto Primo,5848,Ciudad pequeña,Izquierda,24
2023-GENERAL,Castellanos,Humberto Primo,5848,Ciudad pequeña,Kirchnerismo,450
2023-GENERAL,Castellanos,Humberto Primo,5848,Ciudad pequeña,La Libertad Avanza,1438
2023-GENERAL,Castellanos,Humberto Primo,5848,Ciudad pequeña,Peronismo Federal,324
2023-GENERAL,Castellanos,Josefina,2738,Pueblo,Cambiemos,164
2023-GENERAL,Castellanos,Josefina,2738,Pueblo,Izquierda,2
2023-GENERAL,Castellanos,Josefina,2738,Pueblo,Kirchnerismo,70
2023-GENERAL,Castellanos,Josefina,2738,Pueblo,La Libertad Avanza,244
2023-GENERAL,Castellanos,Josefina,2738,Pueblo,Peronismo Federal,118
2023-GENERAL,Castellanos,Lehmann,3574,Pueblo,Cambiemos,519
2023-GENERAL,Castellanos,Lehmann,3574,Pueblo,Izquierda,17
2023-GENERAL,Castellanos,Lehmann,3574,Pueblo,Kirchnerismo,365
2023-GENERAL,Castellanos,Lehmann,3574,Pueblo,La Libertad Avanza,766
2023-GENERAL,Castellanos,Lehmann,3574,Pueblo,Peronismo Federal,277
2023-GENERAL,Castellanos,María Juana,4910,Pueblo,Cambiemos,768
2023-GENERAL,Castellanos,María Juana,4910,Pueblo,Izquierda,46
2023-GENERAL,Castellanos,María Juana,4910,Pueblo,Kirchnerismo,654
2023-GENERAL,Castellanos,María Juana,4910,Pueblo,La Libertad Avanza,1039
2023-GENERAL,Castellanos,María Juana,4910,Pueblo,Peronismo Federal,653
2023-GENERAL,Castellanos,Ramona,2062,Pueblo,Cambiemos,391
2023-GENERAL,Castellanos,Ramona,2062,Pueblo,Izquierda,11
2023-GENERAL,Castellanos,Ramona,2062,Pueblo,Kirchnerismo,225
2023-GENERAL,Castellanos,Ramona,2062,Pueblo,La Libertad Avanza,432
2023-GENERAL,Castellanos,Ramona,2062,Pueblo,Peronismo Federal,202
2023-GENERAL,Castellanos,San Vicente,6240,Ciudad pequeña,Cambiemos,962
2023-GENERAL,Castellanos,San Vicente,6240,Ciudad pequeña,Izquierda,51
2023-GENERAL,Castellanos,San Vicente,6240,Ciudad pequeña,Kirchnerismo,736
2023-GENERAL,Castellanos,San Vicente,6240,Ciudad pequeña,La Libertad Avanza,1630
2023-GENERAL,Castellanos,San Vicente,6240,Ciudad pequeña,Peronismo Federal,592
2023-GENERAL,Castellanos,Santa Clara de Saguier,2057,Pueblo,Cambiemos,384
2023-GENERAL,Castellanos,Santa Clara de Saguier,2057,Pueblo,Izquierda,18
2023-GENERAL,Castellanos,Santa Clara de Saguier,2057,Pueblo,Kirchnerismo,202
2023-GENERAL,Castellanos,Santa Clara de Saguier,2057,Pueblo,La Libertad Avanza,400
2023-GENERAL,Castellanos,Santa Clara de Saguier,2057,Pueblo,Peronismo Federal,210
2023-GENERAL,Castellanos,Sunchales,23397,Ciudad intermedia,Cambiemos,4123
2023-GENERAL,Castellanos,Sunchales,23397,Ciudad intermedia,Izquierda,171
2023-GENERAL,Castellanos,Sunchales,23397,Ciudad intermedia,Kirchnerismo,3045
2023-GENERAL,Castellanos,Sunchales,23397,Ciudad intermedia,La Libertad Avanza,4958
2023-GENERAL,Castellanos,Sunchales,23397,Ciudad intermedia,Peronismo Federal,2331
2023-GENERAL,Castellanos,Zenón Pereyra,2123,Pueblo,Cambiemos,354
2023-GENERAL,Castellanos,Zenón Pereyra,2123,Pueblo,Izquierda,14
2023-GENERAL,Castellanos,Zenón Pereyra,2123,Pueblo,Kirchnerismo,128
2023-GENERAL,Castellanos,Zenón Pereyra,2123,Pueblo,La Libertad Avanza,454
2023-GENERAL,Castellanos,Zenón Pereyra,2123,Pueblo,Peronismo Federal,165
2023-GENERAL,Las Colonias,Esperanza,46757,Ciudad intermedia,Cambiemos,7850
2023-GENERAL,Las Colonias,Esperanza,46757,Ciudad intermedia,Izquierda,310
2023-GENERAL,Las Colonias,Esperanza,46757,Ciudad intermedia,Kirchnerismo,4153
2023-GENERAL,Las Colonias,Esperanza,46757,Ciudad intermedia,La Libertad Avanza,11247
2023-GENERAL,Las Colonias,Esperanza,46757,Ciudad intermedia,Peronismo Federal,2342
2023-GENERAL,Las Colonias,Felicia,3158,Pueblo,Cambiemos,538
2023-GENERAL,Las Colonias,Felicia,3158,Pueblo,Izquierda,12
2023-GENERAL,Las Colonias,Felicia,3158,Pueblo,Kirchnerismo,152
2023-GENERAL,Las Colonias,Felicia,3158,Pueblo,La Libertad Avanza,646
2023-GENERAL,Las Colonias,Felicia,3158,Pueblo,Peronismo Federal,132
2023-GENERAL,Las Colonias,Franck,6406,Ciudad pequeña,Cambiemos,1410
2023-GENERAL,Las Colonias,Franck,6406,Ciudad pequeña,Izquierda,26
2023-GENERAL,Las Colonias,Franck,6406,Ciudad pequeña,Kirchnerismo,479
2023-GENERAL,Las Colonias,Franck,6406,Ciudad pequeña,La Libertad Avanza,1903
2023-GENERAL,Las Colonias,Franck,6406,Ciudad pequeña,Peronismo Federal,372
2023-GENERAL,Las Colonias,Humboldt,5320,Ciudad pequeña,Cambiemos,936
2023-GENERAL,Las Colonias,Humboldt,5320,Ciudad pequeña,Izquierda,39
2023-GENERAL,Las Colonias,Humboldt,5320,Ciudad pequeña,Kirchnerismo,510
2023-GENERAL,Las Colonias,Humboldt,5320,Ciudad pequeña,La Libertad Avanza,1574
2023-GENERAL,Las Colonias,Humboldt,5320,Ciudad pequeña,Peronismo Federal,400
2023-GENERAL,Las Colonias,Pilar,5310,Ciudad pequeña,Cambiemos,827
2023-GENERAL,Las Colonias,Pilar,5310,Ciudad pequeña,Izquierda,32
2023-GENERAL,Las Colonias,Pilar,5310,Ciudad pequeña,Kirchnerismo,656
2023-GENERAL,Las Colonias,Pilar,5310,Ciudad pequeña,La Libertad Avanza,1151
2023-GENERAL,Las Colonias,Pilar,5310,Ciudad pequeña,Peronismo Federal,449
2023-GENERAL,Las Colonias,Progreso,2773,Pueblo,Cambiemos,648
2023-GENERAL,Las Colonias,Progreso,2773,Pueblo,Izquierda,6
2023-GENERAL,Las Colonias,Progreso,2773,Pueblo,Kirchnerismo,196
2023-GENERAL,Las Colonias,Progreso,2773,Pueblo,La Libertad Avanza,695
2023-GENERAL,Las Colonias,Progreso,2773,Pueblo,Peronismo Federal,134
2023-GENERAL,Las Colonias,San Carlos Centro,12322,Ciudad intermedia,Cambiemos,2036
2023-GENERAL,Las Colonias,San Carlos Centro,12322,Ciudad intermedia,Izquierda,112
2023-GENERAL,Las Colonias,San Carlos Centro,12322,Ciudad intermedia,Kirchnerismo,1745
2023-GENERAL,Las Colonias,San Carlos Centro,12322,Ciudad intermedia,La Libertad Avanza,3008
2023-GENERAL,Las Colonias,San Carlos Centro,12322,Ciudad intermedia,Peronismo Federal,835
2023-GENERAL,Las Colonias,San Carlos Sud,2607,Pueblo,Cambiemos,384
2023-GENERAL,Las Colonias,San Carlos Sud,2607,Pueblo,Izquierda,16
2023-GENERAL,Las Colonias,San Carlos Sud,2607,Pueblo,Kirchnerismo,344
2023-GENERAL,Las Colonias,San Carlos Sud,2607,Pueblo,La Libertad Avanza,601
2023-GENERAL,Las Colonias,San Carlos Sud,2607,Pueblo,Peronismo Federal,185
2023-GENERAL,Las Colonias,San Jerónimo Norte,7312,Ciudad pequeña,Cambiemos,1589
2023-GENERAL,Las Colonias,San Jerónimo Norte,7312,Ciudad pequeña,Izquierda,59
2023-GENERAL,Las Colonias,San Jerónimo Norte,7312,Ciudad pequeña,Kirchnerismo,609
2023-GENERAL,Las Colonias,San Jerónimo Norte,7312,Ciudad pequeña,La Libertad Avanza,1795
2023-GENERAL,Las Colonias,San Jerónimo Norte,7312,Ciudad pequeña,Peronismo Federal,573
2023-GENERAL,Las Colonias,Santa Clara de Buena Vista,3115,Pueblo,Cambiemos,435
2023-GENERAL,Las Colonias,Santa Clara de Buena Vista,3115,Pueblo,Izquierda,14
2023-GENERAL,Las Colonias,Santa Clara de Buena Vista,3115,Pueblo,Kirchnerismo,406
2023-GENERAL,Las Colonias,Santa Clara de Buena Vista,3115,Pueblo,La Libertad Avanza,687
2023-GENERAL,Las Colonias,Santa Clara de Buena Vista,3115,Pueblo,Peronismo Federal,271
2023-GENERAL,San Martín,Carlos Pellegrini,5961,Ciudad pequeña,Cambiemos,1138
2023-GENERAL,San Martín,Carlos Pellegrini,5961,Ciudad pequeña,Izquierda,41
2023-GENERAL,San Martín,Carlos Pellegrini,5961,Ciudad pequeña,Kirchnerismo,524
2023-GENERAL,San Martín,Carlos Pellegrini,5961,Ciudad pequeña,La Libertad Avanza,1455
2023-GENERAL,San Martín,Carlos Pellegrini,5961,Ciudad pequeña,Peronismo Federal,458
2023-GENERAL,San Martín,Cañada Rosquín,5616,Ciudad pequeña,Cambiemos,947
2023-GENERAL,San Martín,Cañada Rosquín,5616,Ciudad pequeña,Izquierda,48
2023-GENERAL,San Martín,Cañada Rosquín,5616,Ciudad pequeña,Kirchnerismo,601
2023-GENERAL,San Martín,Cañada Rosquín,5616,Ciudad pequeña,La Libertad Avanza,1268
2023-GENERAL,San Martín,Cañada Rosquín,5616,Ciudad pequeña,Peronismo Federal,483
2023-GENERAL,San Martín,El Trébol,12424,Ciudad intermedia,Cambiemos,1989
2023-GENERAL,San Martín,El Trébol,12424,Ciudad intermedia,Izquierda,69
2023-GENERAL,San Martín,El Trébol,12424,Ciudad intermedia,Kirchnerismo,1547
2023-GENERAL,San Martín,El Trébol,12424,Ciudad intermedia,La Libertad Avanza,3127
2023-GENERAL,San Martín,El Trébol,12424,Ciudad intermedia,Peronismo Federal,1064
2023-GENERAL,San Martín,María Susana,3569,Pueblo,Cambiemos,694
2023-GENERAL,San Martín,María Susana,3569,Pueblo,Izquierda,17
2023-GENERAL,San Martín,María Susana,3569,Pueblo,Kirchnerismo,224
2023-GENERAL,San Martín,María Susana,3569,Pueblo,La Libertad Avanza,919
2023-GENERAL,San Martín,María Susana,3569,Pueblo,Peronismo Federal,225
2023-GENERAL,San Martín,Piamonte,3622,Pueblo,Cambiemos,693
2023-GENERAL,San Martín,Piamonte,3622,Pueblo,Izquierda,27
2023-GENERAL,San Martín,Piamonte,3622,Pueblo,Kirchnerismo,311
2023-GENERAL,San Martín,Piamonte,3622,Pueblo,La Libertad Avanza,748
2023-GENERAL,San Martín,Piamonte,3622,Pueblo,Peronismo Federal,302
2023-GENERAL,San Martín,San Jorge,19524,Ciudad intermedia,Cambiemos,3004
2023-GENERAL,San Martín,San Jorge,19524,Ciudad intermedia,Izquierda,122
2023-GENERAL,San Martín,San Jorge,19524,Ciudad intermedia,Kirchnerismo,2394
2023-GENERAL,San Martín,San Jorge,19524,Ciudad intermedia,La Libertad Avanza,4641
2023-GENERAL,San Martín,San Jorge,19524,Ciudad intermedia,Peronismo Federal,2005
2023-GENERAL,San Martín,San Martín de las Escobas,3047,Pueblo,Cambiemos,557
2023-GENERAL,San Martín,San Martín de las Escobas,3047,Pueblo,Izquierda,12
2023-GENERAL,San Martín,San Martín de las Escobas,3047,Pueblo,Kirchnerismo,204
2023-GENERAL,San Martín,San Martín de las Escobas,3047,Pueblo,La Libertad Avanza,742
2023-GENERAL,San Martín,San Martín de las Escobas,3047,Pueblo,Peronismo Federal,266
2023-GENERAL,San Martín,Sastre y Ortiz,5855,Ciudad pequeña,Cambiemos,1106
2023-GENERAL,San Martín,Sastre y Ortiz,5855,Ciudad pequeña,Izquierda,46
2023-GENERAL,San Martín,Sastre y Ortiz,5855,Ciudad pequeña,Kirchnerismo,1064
2023-GENERAL,San Martín,Sastre y Ortiz,5855,Ciudad pequeña,La Libertad Avanza,915
2023-GENERAL,San Martín,Sastre y Ortiz,5855,Ciudad pequeña,Peronismo Federal,602
2023-PASO,Castellanos,Ataliva,2292,Pueblo,Cambiemos,406
2023-PASO,Castellanos,Ataliva,2292,Pueblo,Centroderecha liberal,0
2023-PASO,Castellanos,Ataliva,2292,Pueblo,Centroizquierda no peronista,3
2023-PASO,Castellanos,Ataliva,2292,Pueblo,Derecha nacionalista,0
2023-PASO,Castellanos,Ataliva,2292,Pueblo,Izquierda,13
2023-PASO,Castellanos,Ataliva,2292,Pueblo,Kirchnerismo,105
2023-PASO,Castellanos,Ataliva,2292,Pueblo,La Libertad Avanza,514
2023-PASO,Castellanos,Ataliva,2292,Pueblo,Otros,4
2023-PASO,Castellanos,Ataliva,2292,Pueblo,Peronismo Federal,93
2023-PASO,Castellanos,Colonia Aldao,2015,Pueblo,Cambiemos,322
2023-PASO,Castellanos,Colonia Aldao,2015,Pueblo,Centroderecha liberal,0
2023-PASO,Castellanos,Colonia Aldao,2015,Pueblo,Centroizquierda no peronista,3
2023-PASO,Castellanos,Colonia Aldao,2015,Pueblo,Derecha nacionalista,0
2023-PASO,Castellanos,Colonia Aldao,2015,Pueblo,Izquierda,16
2023-PASO,Castellanos,Colonia Aldao,2015,Pueblo,Kirchnerismo,146
2023-PASO,Castellanos,Colonia Aldao,2015,Pueblo,La Libertad Avanza,428
2023-PASO,Castellanos,Colonia Aldao,2015,Pueblo,Otros,3
2023-PASO,Castellanos,Colonia Aldao,2015,Pueblo,Peronismo Federal,99
2023-PASO,Castellanos,Frontera,9967,Ciudad pequeña,Cambiemos,770
2023-PASO,Castellanos,Frontera,9967,Ciudad pequeña,Centroderecha liberal,0
2023-PASO,Castellanos,Frontera,9967,Ciudad pequeña,Centroizquierda no peronista,9
2023-PASO,Castellanos,Frontera,9967,Ciudad pequeña,Derecha nacionalista,0
2023-PASO,Castellanos,Frontera,9967,Ciudad pequeña,Izquierda,71
2023-PASO,Castellanos,Frontera,9967,Ciudad pequeña,Kirchnerismo,632
2023-PASO,Castellanos,Frontera,9967,Ciudad pequeña,La Libertad Avanza,1482
2023-PASO,Castellanos,Frontera,9967,Ciudad pequeña,Otros,23
2023-PASO,Castellanos,Frontera,9967,Ciudad pequeña,Peronismo Federal,1003
2023-PASO,Castellanos,Humberto Primo,5848,Ciudad pequeña,Cambiemos,1146
2023-PASO,Castellanos,Humberto Primo,5848,Ciudad pequeña,Centroderecha liberal,0
2023-PASO,Castellanos,Humberto Primo,5848,Ciudad pequeña,Centroizquierda no peronista,5
2023-PASO,Castellanos,Humberto Primo,5848,Ciudad pequeña,Derecha nacionalista,0
2023-PASO,Castellanos,Humberto Primo,5848,Ciudad pequeña,Izquierda,30
2023-PASO,Castellanos,Humberto Primo,5848,Ciudad pequeña,Kirchnerismo,261
2023-PASO,Castellanos,Humberto Primo,5848,Ciudad pequeña,La Libertad Avanza,1209
2023-PASO,Castellanos,Humberto Primo,5848,Ciudad pequeña,Otros,15
2023-PASO,Castellanos,Humberto Primo,5848,Ciudad pequeña,Peronismo Federal,160
2023-PASO,Castellanos,Josefina,2738,Pueblo,Cambiemos,199
2023-PASO,Castellanos,Josefina,2738,Pueblo,Centroderecha liberal,0
2023-PASO,Castellanos,Josefina,2738,Pueblo,Centroizquierda no peronista,1
2023-PASO,Castellanos,Josefina,2738,Pueblo,Derecha nacionalista,0
2023-PASO,Castellanos,Josefina,2738,Pueblo,Izquierda,2
2023-PASO,Castellanos,Josefina,2738,Pueblo,Kirchnerismo,42
2023-PASO,Castellanos,Josefina,2738,Pueblo,La Libertad Avanza,191
2023-PASO,Castellanos,Josefina,2738,Pueblo,Otros,2
2023-PASO,Castellanos,Josefina,2738,Pueblo,Peronismo Federal,87
2023-PASO,Castellanos,Lehmann,3574,Pueblo,Cambiemos,606
2023-PASO,Castellanos,Lehmann,3574,Pueblo,Centroderecha liberal,0
2023-PASO,Castellanos,Lehmann,3574,Pueblo,Centroizquierda no peronista,1
2023-PASO,Castellanos,Lehmann,3574,Pueblo,Derecha nacionalista,0
2023-PASO,Castellanos,Lehmann,3574,Pueblo,Izquierda,29
2023-PASO,Castellanos,Lehmann,3574,Pueblo,Kirchnerismo,219
2023-PASO,Castellanos,Lehmann,3574,Pueblo,La Libertad Avanza,682
2023-PASO,Castellanos,Lehmann,3574,Pueblo,Otros,10
2023-PASO,Castellanos,Lehmann,3574,Pueblo,Peronismo Federal,145
2023-PASO,Castellanos,María Juana,4910,Pueblo,Cambiemos,805
2023-PASO,Castellanos,María Juana,4910,Pueblo,Centroderecha liberal,0
2023-PASO,Castellanos,María Juana,4910,Pueblo,Centroizquierda no peronista,4
2023-PASO,Castellanos,María Juana,4910,Pueblo,Derecha nacionalista,0
2023-PASO,Castellanos,María Juana,4910,Pueblo,Izquierda,49
2023-PASO,Castellanos,María Juana,4910,Pueblo,Kirchnerismo,481
2023-PASO,Castellanos,María Juana,4910,Pueblo,La Libertad Avanza,900
2023-PASO,Castellanos,María Juana,4910,Pueblo,Otros,8
2023-PASO,Castellanos,María Juana,4910,Pueblo,Peronismo Federal,527
2023-PASO,Castellanos,Ramona,2062,Pueblo,Cambiemos,390
2023-PASO,Castellanos,Ramona,2062,Pueblo,Centroderecha liberal,0
2023-PASO,Castellanos,Ramona,2062,Pueblo,Centroizquierda no peronista,0
2023-PASO,Castellanos,Ramona,2062,Pueblo,Derecha nacionalista,0
2023-PASO,Castellanos,Ramona,2062,Pueblo,Izquierda,15
2023-PASO,Castellanos,Ramona,2062,Pueblo,Kirchnerismo,162
2023-PASO,Castellanos,Ramona,2062,Pueblo,La Libertad Avanza,312
2023-PASO,Castellanos,Ramona,2062,Pueblo,Otros,4
2023-PASO,Castellanos,Ramona,2062,Pueblo,Peronismo Federal,150
2023-PASO,Castellanos,San Vicente,6240,Ciudad pequeña,Cambiemos,1098
2023-PASO,Castellanos,San Vicente,6240,Ciudad pequeña,Centroderecha liberal,0
2023-PASO,Castellanos,San Vicente,6240,Ciudad pequeña,Centroizquierda no peronista,4
2023-PASO,Castellanos,San Vicente,6240,Ciudad pequeña,Derecha nacionalista,0
2023-PASO,Castellanos,San Vicente,6240,Ciudad pequeña,Izquierda,43
2023-PASO,Castellanos,San Vicente,6240,Ciudad pequeña,Kirchnerismo,475
2023-PASO,Castellanos,San Vicente,6240,Ciudad pequeña,La Libertad Avanza,1380
2023-PASO,Castellanos,San Vicente,6240,Ciudad pequeña,Otros,18
2023-PASO,Castellanos,San Vicente,6240,Ciudad pequeña,Peronismo Federal,335
2023-PASO,Castellanos,Santa Clara de Saguier,2057,Pueblo,Cambiemos,392
2023-PASO,Castellanos,Santa Clara de Saguier,2057,Pueblo,Centroderecha liberal,0
2023-PASO,Castellanos,Santa Clara de Saguier,2057,Pueblo,Centroizquierda no peronista,0
2023-PASO,Castellanos,Santa Clara de Saguier,2057,Pueblo,Derecha nacionalista,0
2023-PASO,Castellanos,Santa Clara de Saguier,2057,Pueblo,Izquierda,26
2023-PASO,Castellanos,Santa Clara de Saguier,2057,Pueblo,Kirchnerismo,126
2023-PASO,Castellanos,Santa Clara de Saguier,2057,Pueblo,La Libertad Avanza,392
2023-PASO,Castellanos,Santa Clara de Saguier,2057,Pueblo,Otros,3
2023-PASO,Castellanos,Santa Clara de Saguier,2057,Pueblo,Peronismo Federal,149
2023-PASO,Castellanos,Sunchales,23397,Ciudad intermedia,Cambiemos,4646
2023-PASO,Castellanos,Sunchales,23397,Ciudad intermedia,Centroderecha liberal,0
2023-PASO,Castellanos,Sunchales,23397,Ciudad intermedia,Centroizquierda no peronista,26
2023-PASO,Castellanos,Sunchales,23397,Ciudad intermedia,Derecha nacionalista,0
2023-PASO,Castellanos,Sunchales,23397,Ciudad intermedia,Izquierda,201
2023-PASO,Castellanos,Sunchales,23397,Ciudad intermedia,Kirchnerismo,2176
2023-PASO,Castellanos,Sunchales,23397,Ciudad intermedia,La Libertad Avanza,4529
2023-PASO,Castellanos,Sunchales,23397,Ciudad intermedia,Otros,32
2023-PASO,Castellanos,Sunchales,23397,Ciudad intermedia,Peronismo Federal,1258
2023-PASO,Castellanos,Zenón Pereyra,2123,Pueblo,Cambiemos,389
2023-PASO,Castellanos,Zenón Pereyra,2123,Pueblo,Centroderecha liberal,0
2023-PASO,Castellanos,Zenón Pereyra,2123,Pueblo,Centroizquierda no peronista,1
2023-PASO,Castellanos,Zenón Pereyra,2123,Pueblo,Derecha nacionalista,0
2023-PASO,Castellanos,Zenón Pereyra,2123,Pueblo,Izquierda,11
2023-PASO,Castellanos,Zenón Pereyra,2123,Pueblo,Kirchnerismo,76
2023-PASO,Castellanos,Zenón Pereyra,2123,Pueblo,La Libertad Avanza,408
2023-PASO,Castellanos,Zenón Pereyra,2123,Pueblo,Otros,2
2023-PASO,Castellanos,Zenón Pereyra,2123,Pueblo,Peronismo Federal,145
2023-PASO,Las Colonias,Esperanza,46757,Ciudad intermedia,Cambiemos,8646
2023-PASO,Las Colonias,Esperanza,46757,Ciudad intermedia,Centroderecha liberal,0
2023-PASO,Las Colonias,Esperanza,46757,Ciudad intermedia,Centroizquierda no peronista,44
2023-PASO,Las Colonias,Esperanza,46757,Ciudad intermedia,Derecha nacionalista,0
2023-PASO,Las Colonias,Esperanza,46757,Ciudad intermedia,Izquierda,349
2023-PASO,Las Colonias,Esperanza,46757,Ciudad intermedia,Kirchnerismo,2743
2023-PASO,Las Colonias,Esperanza,46757,Ciudad intermedia,La Libertad Avanza,10867
2023-PASO,Las Colonias,Esperanza,46757,Ciudad intermedia,Otros,93
2023-PASO,Las Colonias,Esperanza,46757,Ciudad intermedia,Peronismo Federal,994
2023-PASO,Las Colonias,Felicia,3158,Pueblo,Cambiemos,563
2023-PASO,Las Colonias,Felicia,3158,Pueblo,Centroderecha liberal,0
2023-PASO,Las Colonias,Felicia,3158,Pueblo,Centroizquierda no peronista,2
2023-PASO,Las Colonias,Felicia,3158,Pueblo,Derecha nacionalista,0
2023-PASO,Las Colonias,Felicia,3158,Pueblo,Izquierda,20
2023-PASO,Las Colonias,Felicia,3158,Pueblo,Kirchnerismo,108
2023-PASO,Las Colonias,Felicia,3158,Pueblo,La Libertad Avanza,629
2023-PASO,Las Colonias,Felicia,3158,Pueblo,Otros,8
2023-PASO,Las Colonias,Felicia,3158,Pueblo,Peronismo Federal,74
2023-PASO,Las Colonias,Franck,6406,Ciudad pequeña,Cambiemos,1607
2023-PASO,Las Colonias,Franck,6406,Ciudad pequeña,Centroderecha liberal,0
2023-PASO,Las Colonias,Franck,6406,Ciudad pequeña,Centroizquierda no peronista,7
2023-PASO,Las Colonias,Franck,6406,Ciudad pequeña,Derecha nacionalista,0
2023-PASO,Las Colonias,Franck,6406,Ciudad pequeña,Izquierda,59
2023-PASO,Las Colonias,Franck,6406,Ciudad pequeña,Kirchnerismo,333
2023-PASO,Las Colonias,Franck,6406,Ciudad pequeña,La Libertad Avanza,1670
2023-PASO,Las Colonias,Franck,6406,Ciudad pequeña,Otros,18
2023-PASO,Las Colonias,Franck,6406,Ciudad pequeña,Peronismo Federal,210
2023-PASO,Las Colonias,Humboldt,5320,Ciudad pequeña,Cambiemos,993
2023-PASO,Las Colonias,Humboldt,5320,Ciudad pequeña,Centroderecha liberal,0
2023-PASO,Las Colonias,Humboldt,5320,Ciudad pequeña,Centroizquierda no peronista,2
2023-PASO,Las Colonias,Humboldt,5320,Ciudad pequeña,Derecha nacionalista,0
2023-PASO,Las Colonias,Humboldt,5320,Ciudad pequeña,Izquierda,43
2023-PASO,Las Colonias,Humboldt,5320,Ciudad pequeña,Kirchnerismo,330
2023-PASO,Las Colonias,Humboldt,5320,Ciudad pequeña,La Libertad Avanza,1375
2023-PASO,Las Colonias,Humboldt,5320,Ciudad pequeña,Otros,13
2023-PASO,Las Colonias,Humboldt,5320,Ciudad pequeña,Peronismo Federal,135
2023-PASO,Las Colonias,Pilar,5310,Ciudad pequeña,Cambiemos,962
2023-PASO,Las Colonias,Pilar,5310,Ciudad pequeña,Centroderecha liberal,0
2023-PASO,Las Colonias,Pilar,5310,Ciudad pequeña,Centroizquierda no peronista,6
2023-PASO,Las Colonias,Pilar,5310,Ciudad pequeña,Derecha nacionalista,0
2023-PASO,Las Colonias,Pilar,5310,Ciudad pequeña,Izquierda,43
2023-PASO,Las Colonias,Pilar,5310,Ciudad pequeña,Kirchnerismo,455
2023-PASO,Las Colonias,Pilar,5310,Ciudad pequeña,La Libertad Avanza,1020
2023-PASO,Las Colonias,Pilar,5310,Ciudad pequeña,Otros,19
2023-PASO,Las Colonias,Pilar,5310,Ciudad pequeña,Peronismo Federal,209
2023-PASO,Las Colonias,Progreso,2773,Pueblo,Cambiemos,595
2023-PASO,Las Colonias,Progreso,2773,Pueblo,Centroderecha liberal,0
2023-PASO,Las Colonias,Progreso,2773,Pueblo,Centroizquierda no peronista,3
2023-PASO,Las Colonias,Progreso,2773,Pueblo,Derecha nacionalista,0
2023-PASO,Las Colonias,Progreso,2773,Pueblo,Izquierda,11
2023-PASO,Las Colonias,Progreso,2773,Pueblo,Kirchnerismo,96
2023-PASO,Las Colonias,Progreso,2773,Pueblo,La Libertad Avanza,551
2023-PASO,Las Colonias,Progreso,2773,Pueblo,Otros,12
2023-PASO,Las Colonias,Progreso,2773,Pueblo,Peronismo Federal,62
2023-PASO,Las Colonias,San Carlos Centro,12322,Ciudad intermedia,Cambiemos,2314
2023-PASO,Las Colonias,San Carlos Centro,12322,Ciudad intermedia,Centroderecha liberal,0
2023-PASO,Las Colonias,San Carlos Centro,12322,Ciudad intermedia,Centroizquierda no peronista,24
2023-PASO,Las Colonias,San Carlos Centro,12322,Ciudad intermedia,Derecha nacionalista,0
2023-PASO,Las Colonias,San Carlos Centro,12322,Ciudad intermedia,Izquierda,131
2023-PASO,Las Colonias,San Carlos Centro,12322,Ciudad intermedia,Kirchnerismo,1186
2023-PASO,Las Colonias,San Carlos Centro,12322,Ciudad intermedia,La Libertad Avanza,2754
2023-PASO,Las Colonias,San Carlos Centro,12322,Ciudad intermedia,Otros,32
2023-PASO,Las Colonias,San Carlos Centro,12322,Ciudad intermedia,Peronismo Federal,358
2023-PASO,Las Colonias,San Carlos Sud,2607,Pueblo,Cambiemos,442
2023-PASO,Las Colonias,San Carlos Sud,2607,Pueblo,Centroderecha liberal,0
2023-PASO,Las Colonias,San Carlos Sud,2607,Pueblo,Centroizquierda no peronista,4
2023-PASO,Las Colonias,San Carlos Sud,2607,Pueblo,Derecha nacionalista,0
2023-PASO,Las Colonias,San Carlos Sud,2607,Pueblo,Izquierda,18
2023-PASO,Las Colonias,San Carlos Sud,2607,Pueblo,Kirchnerismo,232
2023-PASO,Las Colonias,San Carlos Sud,2607,Pueblo,La Libertad Avanza,638
2023-PASO,Las Colonias,San Carlos Sud,2607,Pueblo,Otros,4
2023-PASO,Las Colonias,San Carlos Sud,2607,Pueblo,Peronismo Federal,72
2023-PASO,Las Colonias,San Jerónimo Norte,7312,Ciudad pequeña,Cambiemos,1694
2023-PASO,Las Colonias,San Jerónimo Norte,7312,Ciudad pequeña,Centroderecha liberal,0
2023-PASO,Las Colonias,San Jerónimo Norte,7312,Ciudad pequeña,Centroizquierda no peronista,12
2023-PASO,Las Colonias,San Jerónimo Norte,7312,Ciudad pequeña,Derecha nacionalista,0
2023-PASO,Las Colonias,San Jerónimo Norte,7312,Ciudad pequeña,Izquierda,59
2023-PASO,Las Colonias,San Jerónimo Norte,7312,Ciudad pequeña,Kirchnerismo,420
2023-PASO,Las Colonias,San Jerónimo Norte,7312,Ciudad pequeña,La Libertad Avanza,1640
2023-PASO,Las Colonias,San Jerónimo Norte,7312,Ciudad pequeña,Otros,21
2023-PASO,Las Colonias,San Jerónimo Norte,7312,Ciudad pequeña,Peronismo Federal,361
2023-PASO,Las Colonias,Santa Clara de Buena Vista,3115,Pueblo,Cambiemos,534
2023-PASO,Las Colonias,Santa Clara de Buena Vista,3115,Pueblo,Centroderecha liberal,0
2023-PASO,Las Colonias,Santa Clara de Buena Vista,3115,Pueblo,Centroizquierda no peronista,7
2023-PASO,Las Colonias,Santa Clara de Buena Vista,3115,Pueblo,Derecha nacionalista,0
2023-PASO,Las Colonias,Santa Clara de Buena Vista,3115,Pueblo,Izquierda,24
2023-PASO,Las Colonias,Santa Clara de Buena Vista,3115,Pueblo,Kirchnerismo,221
2023-PASO,Las Colonias,Santa Clara de Buena Vista,3115,Pueblo,La Libertad Avanza,714
2023-PASO,Las Colonias,Santa Clara de Buena Vista,3115,Pueblo,Otros,20
2023-PASO,Las Colonias,Santa Clara de Buena Vista,3115,Pueblo,Peronismo Federal,143
2023-PASO,San Martín,Carlos Pellegrini,5961,Ciudad pequeña,Cambiemos,1252
2023-PASO,San Martín,Carlos Pellegrini,5961,Ciudad pequeña,Centroderecha liberal,3
2023-PASO,San Martín,Carlos Pellegrini,5961,Ciudad pequeña,Centroizquierda no peronista,7
2023-PASO,San Martín,Carlos Pellegrini,5961,Ciudad pequeña,Derecha nacionalista,2
2023-PASO,San Martín,Carlos Pellegrini,5961,Ciudad pequeña,Izquierda,35
2023-PASO,San Martín,Carlos Pellegrini,5961,Ciudad pequeña,Kirchnerismo,334
2023-PASO,San Martín,Carlos Pellegrini,5961,Ciudad pequeña,La Libertad Avanza,1380
2023-PASO,San Martín,Carlos Pellegrini,5961,Ciudad pequeña,Otros,9
2023-PASO,San Martín,Carlos Pellegrini,5961,Ciudad pequeña,Peronismo Federal,272
2023-PASO,San Martín,Cañada Rosquín,5616,Ciudad pequeña,Cambiemos,1089
2023-PASO,San Martín,Cañada Rosquín,5616,Ciudad pequeña,Centroderecha liberal,7
2023-PASO,San Martín,Cañada Rosquín,5616,Ciudad pequeña,Centroizquierda no peronista,66
2023-PASO,San Martín,Cañada Rosquín,5616,Ciudad pequeña,Derecha nacionalista,5
2023-PASO,San Martín,Cañada Rosquín,5616,Ciudad pequeña,Izquierda,59
2023-PASO,San Martín,Cañada Rosquín,5616,Ciudad pequeña,Kirchnerismo,321
2023-PASO,San Martín,Cañada Rosquín,5616,Ciudad pequeña,La Libertad Avanza,1260
2023-PASO,San Martín,Cañada Rosquín,5616,Ciudad pequeña,Otros,20
2023-PASO,San Martín,Cañada Rosquín,5616,Ciudad pequeña,Peronismo Federal,251
2023-PASO,San Martín,El Trébol,12424,Ciudad intermedia,Cambiemos,2122
2023-PASO,San Martín,El Trébol,12424,Ciudad intermedia,Centroderecha liberal,7
2023-PASO,San Martín,El Trébol,12424,Ciudad intermedia,Centroizquierda no peronista,12
2023-PASO,San Martín,El Trébol,12424,Ciudad intermedia,Derecha nacionalista,6
2023-PASO,San Martín,El Trébol,12424,Ciudad intermedia,Izquierda,111
2023-PASO,San Martín,El Trébol,12424,Ciudad intermedia,Kirchnerismo,1065
2023-PASO,San Martín,El Trébol,12424,Ciudad intermedia,La Libertad Avanza,3041
2023-PASO,San Martín,El Trébol,12424,Ciudad intermedia,Otros,37
2023-PASO,San Martín,El Trébol,12424,Ciudad intermedia,Peronismo Federal,654
2023-PASO,San Martín,María Susana,3569,Pueblo,Cambiemos,787
2023-PASO,San Martín,María Susana,3569,Pueblo,Centroderecha liberal,5
2023-PASO,San Martín,María Susana,3569,Pueblo,Centroizquierda no peronista,6
2023-PASO,San Martín,María Susana,3569,Pueblo,Derecha nacionalista,6
2023-PASO,San Martín,María Susana,3569,Pueblo,Izquierda,22
2023-PASO,San Martín,María Susana,3569,Pueblo,Kirchnerismo,134
2023-PASO,San Martín,María Susana,3569,Pueblo,La Libertad Avanza,797
2023-PASO,San Martín,María Susana,3569,Pueblo,Otros,12
2023-PASO,San Martín,María Susana,3569,Pueblo,Peronismo Federal,145
2023-PASO,San Martín,Piamonte,3622,Pueblo,Cambiemos,774
2023-PASO,San Martín,Piamonte,3622,Pueblo,Centroderecha liberal,6
2023-PASO,San Martín,Piamonte,3622,Pueblo,Centroizquierda no peronista,5
2023-PASO,San Martín,Piamonte,3622,Pueblo,Derecha nacionalista,3
2023-PASO,San Martín,Piamonte,3622,Pueblo,Izquierda,42
2023-PASO,San Martín,Piamonte,3622,Pueblo,Kirchnerismo,205
2023-PASO,San Martín,Piamonte,3622,Pueblo,La Libertad Avanza,690
2023-PASO,San Martín,Piamonte,3622,Pueblo,Otros,8
2023-PASO,San Martín,Piamonte,3622,Pueblo,Peronismo Federal,116
2023-PASO,San Martín,San Jorge,19524,Ciudad intermedia,Cambiemos,3143
2023-PASO,San Martín,San Jorge,19524,Ciudad intermedia,Centroderecha liberal,18
2023-PASO,San Martín,San Jorge,19524,Ciudad intermedia,Centroizquierda no peronista,35
2023-PASO,San Martín,San Jorge,19524,Ciudad intermedia,Derecha nacionalista,17
2023-PASO,San Martín,San Jorge,19524,Ciudad intermedia,Izquierda,138
2023-PASO,San Martín,San Jorge,19524,Ciudad intermedia,Kirchnerismo,1529
2023-PASO,San Martín,San Jorge,19524,Ciudad intermedia,La Libertad Avanza,4537
2023-PASO,San Martín,San Jorge,19524,Ciudad intermedia,Otros,50
2023-PASO,San Martín,San Jorge,19524,Ciudad intermedia,Peronismo Federal,1038
2023-PASO,San Martín,San Martín de las Escobas,3047,Pueblo,Cambiemos,559
2023-PASO,San Martín,San Martín de las Escobas,3047,Pueblo,Centroderecha liberal,12
2023-PASO,San Martín,San Martín de las Escobas,3047,Pueblo,Centroizquierda no peronista,4
2023-PASO,San Martín,San Martín de las Escobas,3047,Pueblo,Derecha nacionalista,2
2023-PASO,San Martín,San Martín de las Escobas,3047,Pueblo,Izquierda,20
2023-PASO,San Martín,San Martín de las Escobas,3047,Pueblo,Kirchnerismo,135
2023-PASO,San Martín,San Martín de las Escobas,3047,Pueblo,La Libertad Avanza,727
2023-PASO,San Martín,San Martín de las Escobas,3047,Pueblo,Otros,10
2023-PASO,San Martín,San Martín de las Escobas,3047,Pueblo,Peronismo Federal,177
2023-PASO,San Martín,Sastre y Ortiz,5855,Ciudad pequeña,Cambiemos,1179
2023-PASO,San Martín,Sastre y Ortiz,5855,Ciudad pequeña,Centroderecha liberal,8
2023-PASO,San Martín,Sastre y Ortiz,5855,Ciudad pequeña,Centroizquierda no peronista,25
2023-PASO,San Martín,Sastre y Ortiz,5855,Ciudad pequeña,Derecha nacionalista,5
2023-PASO,San Martín,Sastre y Ortiz,5855,Ciudad pequeña,Izquierda,51
2023-PASO,San Martín,Sastre y Ortiz,5855,Ciudad pequeña,Kirchnerismo,673
2023-PASO,San Martín,Sastre y Ortiz,5855,Ciudad pequeña,La Libertad Avanza,983
2023-PASO,San Martín,Sastre y Ortiz,5855,Ciudad pequeña,Otros,23
2023-PASO,San Martín,Sastre y Ortiz,5855,Ciudad pequeña,Peronismo Federal,382
